Date,open,high,low,close,volume
2016-10-03,25.7751593583521,25.852913386481216,25.676824459229802,25.731708526611328,86807200
2016-10-04,25.855200836770816,26.141057919239035,25.75686593061242,25.841480255126953,118947200
2016-10-05,25.932952529752114,25.992411286064037,25.770585930933372,25.85291290283203,85812400
2016-10-06,26.001556875263983,26.147915547003027,25.87120612872349,26.045007705688477,115117200
2016-10-07,26.141054694964502,26.198226104406544,25.958107231589743,26.08388328552246,97433600
2016-10-10,26.303419476318798,26.699046370084726,26.234814836554424,26.53896713256836,144944000
2016-10-11,26.916298399358585,27.142698433019806,26.57326994867143,26.596139907836914,256164000
2016-10-12,26.836256460876704,26.980329514362847,26.699045441387863,26.833969116210938,150347200
2016-10-13,26.708195213406025,26.856841223390578,26.4635016565636,26.751646041870117,140769600
2016-10-14,26.957462853376438,27.023781898930597,26.785948621860403,26.900291442871094,142608800
2016-10-17,26.831685037682202,26.948313451257732,26.70590724492482,26.881996154785156,94499600
2016-10-18,27.026071290157308,27.032931580780097,26.85912999115921,26.863704681396484,98214000
2016-10-19,26.813391301128977,26.930021466102616,26.024426540694705,26.783662796020508,80138400
2016-10-20,26.724199186093283,26.843114929656746,26.602996098019183,26.769935607910156,96503200
2016-10-21,26.712774838294436,26.73564480303635,26.591571701989032,26.664751052856445,92770800
2016-10-24,26.779081772648983,26.92544040811582,26.756213562994642,26.90485954284668,94154800
2016-10-25,26.97347162553453,27.06723357917939,26.82711294962361,27.042078018188477,192516000
2016-10-26,26.141051919961637,26.458924783136965,25.91236630646959,26.43376922607422,264536800
2016-10-27,26.388038501290872,26.495521042006445,26.093033786794877,26.179935455322266,138248000
2016-10-28,26.040433412078734,26.34687131993518,25.944384121128103,26.00613021850586,151446800
2016-10-31,25.990125196790462,26.122763296228115,25.887215604578586,25.964969635009766,105677600
2016-11-01,25.946675361452602,26.017567359342415,25.276626292698843,25.496164321899414,175303200
2016-11-02,25.47558243642123,25.69283311180538,25.436706293623324,25.519031524658203,113326800
2016-11-03,25.50983774029462,25.62016944650457,25.18113820298895,25.245498657226562,107730400
2016-11-04,24.94668073850706,25.34203982636608,24.85014005529243,25.01793670654297,123348000
2016-11-07,25.302966267236577,25.40180604772153,25.160452565188898,25.378820419311523,130240000
2016-11-08,25.35582443787792,25.67992747572107,25.215609872331793,25.52821922302246,97016800
2016-11-09,25.256996638313893,25.58799534354575,24.83635449638822,25.48685646057129,236705600
2016-11-10,25.535122773847835,25.535122773847835,24.326061562671892,24.776586532592773,228538000
2016-11-11,24.622580761255733,25.02483538436414,24.49156075416235,24.923696517944336,136575600
2016-11-14,24.758196733598787,24.781182360897954,23.92380636217132,24.298477172851562,204702000
2016-11-15,24.4961586253534,24.751303141664508,24.40191702000566,24.620283126831055,129058000
2016-11-16,24.526035433304067,25.337441850694617,24.50304980828329,25.28227424621582,235362000
2016-11-17,25.240900598535497,25.365025083873647,25.01563900764434,25.273080825805664,110528000
2016-11-18,25.220211261151423,25.40869618010387,25.20642023776414,25.298362731933594,113715600
2016-11-21,25.31215378733923,25.741990354786033,25.286869077055236,25.682228088378906,117058400
2016-11-22,25.73279985776237,25.84083422734658,25.60637803987788,25.698322296142578,103862000
2016-11-23,25.597183842295777,25.631663158149788,25.360428562424204,25.567302703857422,109705600
2016-11-25,25.54431375473098,25.714411234842505,25.50293892898638,25.696022033691406,45903600
2016-11-28,25.6132722743561,25.85232662724157,25.604077673819265,25.64545249938965,108776000
2016-11-29,25.46386018725582,25.751184844999162,25.300659992100464,25.62016487121582,114115200
2016-11-30,25.652351310791705,25.79026682920152,25.346637379961116,25.404102325439453,144649200
2016-12-01,25.369620838821145,25.500640824107702,25.06160786675847,25.167343139648438,148347600
2016-12-02,25.093792541403914,25.305263124688693,25.02023747966612,25.2615909576416,106112000
2016-12-05,25.284573058077516,25.291468570139198,24.88231848669901,25.079998016357422,137298000
2016-12-06,25.16964463153597,25.367324172590333,25.09838866453644,25.273080825805664,104782000
2016-12-07,25.114476983180275,25.558106374487007,25.09149135872883,25.52132797241211,119994800
2016-12-08,25.48225161015469,25.84313134162784,25.422487585094927,25.771875381469727,108273200
2016-12-09,25.81555025835451,26.364914969441042,25.81555025835451,26.192520141601562,137610400
2016-12-12,26.040808898127786,26.433868824113034,25.8569204135273,26.043107986450195,105497600
2016-12-13,26.16723837852127,26.645347175884723,26.14655183861847,26.477550506591797,174935200
2016-12-14,26.443071186396065,26.709707638281518,26.4292801597942,26.477550506591797,136127200
2016-12-15,26.521217562702347,26.83152963095171,26.486740002844183,26.622356414794922,186098000
2016-12-16,26.771759684606923,26.77865519505382,26.583274799733555,26.656829833984375,177404400
2016-12-19,26.617761155624148,26.980938246977622,26.60626746604154,26.810842514038086,111117600
2016-12-20,26.83382881080029,27.00852272541942,26.82003778590881,26.882099151611328,85700000
2016-12-21,26.8476225932117,26.985538108355716,26.843024415615375,26.907384872436523,95132800
2016-12-22,26.744189205861346,26.780967618145002,26.580988947157877,26.730398178100586,104343600
2016-12-23,26.56947933073999,26.783248901367188,26.56947933073999,26.783248901367188,56998000
2016-12-27,26.78325640982173,27.077478353160902,26.776360898141007,26.953353881835938,73187600
2016-12-28,27.013122587829063,27.128052486397195,26.709707725756846,26.838430404663086,83623600
2016-12-29,26.767175024755506,26.918883345954633,26.75568308610454,26.8315372467041,60158000
2016-12-30,26.813140429900198,26.939562241325184,26.532711251782224,26.622356414794922,122345200
2017-01-03,26.61776110407188,26.739586497171988,26.37870674148132,26.698211669921875,115127600
2017-01-04,26.629251595063298,26.780959871312433,26.606265970880596,26.66832733154297,84472400
2017-01-05,26.64534744116296,26.861416213095715,26.620062723013763,26.803951263427734,88774400
2017-01-06,26.843025266330446,27.160232890274713,26.771769294547475,27.102767944335938,127007600
2017-01-09,27.111960706154942,27.45215395665387,27.109663370982208,27.351015090942383,134247600
2017-01-10,27.300445927950253,27.440660537275928,27.19241330196169,27.378599166870117,97848400
2017-01-11,27.29355406171765,27.567087803947974,27.261373827771873,27.525712966918945,110354400
2017-01-12,27.330323672002628,27.422267919532228,27.17171988885633,27.41077423095703,108344800
2017-01-13,27.378596979992935,27.49582595216352,27.309638348435918,27.362506866455078,104447600
2017-01-17,27.201609435086237,27.63834343062784,27.174027379882077,27.58317756652832,137759200
2017-01-18,27.583166855605295,27.698096717503653,27.516507325261387,27.580867767333984,94852000
2017-01-19,27.445252428407365,27.603854451421988,27.438356917018545,27.5325984954834,102389200
2017-01-20,27.686613780926322,27.686613780926322,27.52111618862776,27.58317756652832,130391600
2017-01-23,27.58316948476046,27.769355317601576,27.530300971624104,27.601558685302734,88200800
2017-01-24,27.47973609703981,27.60615791782872,27.468242407108608,27.576276779174805,92844000
2017-01-25,27.679703900946087,28.065868256600073,27.64752368411578,28.01529884338379,129510400
2017-01-26,27.967035396098858,28.144028385883903,27.950945283726647,28.029098510742188,105350400
2017-01-27,28.075070781169206,28.12334112004273,27.950946301055517,28.031396865844727,82251600
2017-01-30,27.79694074324554,27.957841873168945,27.73487937990102,27.957841873168945,121510000
2017-01-31,27.847512860807765,27.90267871729734,27.72568745728493,27.893484115600586,196804000
2017-02-01,29.199085204775255,29.994401522323454,29.19448878117204,29.594444274902344,447940000
2017-02-02,29.417458622082982,29.74156003528585,29.37148560885805,29.543880462646484,134841600
2017-02-03,29.493306525077063,29.695584245022474,29.458828962532614,29.670299530029297,98029200
2017-02-06,29.68179064850104,29.996697383730634,29.628920380671016,29.94842529296875,107383600
2017-02-07,30.00588754108574,30.362170823232386,29.98520100720538,30.233449935913086,152735200
2017-02-08,30.19207911863059,30.39205597580901,30.162196229210775,30.350679397583008,92016400
2017-02-09,30.392231720882286,30.57691747290408,30.26987815871774,30.569992065429688,113399600
2017-02-10,30.579241537022657,30.69005162720227,30.484589563753552,30.500747680664062,80262000
2017-02-13,30.722359928568,30.89319487594774,30.646176919165736,30.770837783813477,92141600
2017-02-14,30.812398984391912,31.18638516441006,30.761610302835308,31.17022705078125,132904800
2017-02-15,31.285655086869752,31.45879735793977,31.077882248032616,31.283344268798828,142492400
2017-02-16,31.320278751111992,31.373374722183783,31.128667569101108,31.24640655517578,90338400
2017-02-17,31.188687846768914,31.35721196110719,31.188687846768914,31.331817626953125,88792800
2017-02-21,31.44956263755282,31.56960893757079,31.391848544431117,31.55806541442871,98028800
2017-02-22,31.4957296284369,31.655021070965507,31.421857429381895,31.652713775634766,83347600
2017-02-23,31.715045293392897,31.738128813968785,31.465720022091123,31.518815994262695,83152800
2017-02-24,31.375682077032856,31.548824310302734,31.23024147385808,31.548824310302734,87106400
2017-02-27,31.659637844223028,31.728895449685226,31.461101253945078,31.611156463623047,81029600
2017-02-28,31.645781943570295,31.728890352255455,31.558055422572743,31.6250057220459,93931600
2017-03-01,31.83277865592797,32.35451268463319,31.765831871316816,32.27140426635742,145658400
2017-03-02,32.31988870396161,32.38452819956247,32.03362556445187,32.07979965209961,104844000
2017-03-03,32.038243840153214,32.280643711179444,31.994380570218482,32.269100189208984,84432400
2017-03-06,32.17443639244245,32.26678101161187,31.99667960539202,32.167510986328125,87000000
2017-03-07,32.10288426884158,32.315271693433274,32.0405520664607,32.20907974243164,69785200
2017-03-08,32.07748769797936,32.27371699576687,32.047478769177225,32.08903121948242,74828800
2017-03-09,32.02901013171941,32.040550130739646,31.63886235043582,32.01515579223633,88623600
2017-03-10,32.1467436716985,32.1721380086802,32.00592117072506,32.1213493347168,78451200
2017-03-13,32.05440670347357,32.18830029117781,32.047481294543644,32.13520431518555,69686800
2017-03-14,32.15828440479625,32.23908199903327,32.052088953191266,32.08671951293945,61236400
2017-03-15,32.18368653915024,32.49303322137834,32.09595999363327,32.42608642578125,102767200
2017-03-16,32.486100975279875,32.55535857439694,32.379905520288666,32.47917556762695,76928000
2017-03-17,32.55075250275632,32.55075250275632,32.29450175704382,32.317588806152344,175540000
2017-03-20,32.412233559046285,32.66617697993997,32.37298839810612,32.656944274902344,86168000
2017-03-21,32.806996259318026,32.96628770549994,32.25755701540671,32.28295135498047,158119600
2017-03-22,32.28526243499958,32.689261053486796,32.26448268602448,32.647705078125,103440800
2017-03-23,32.610774114304036,32.68464985386819,32.460718861874426,32.532283782958984,81385200
2017-03-24,32.666168867296385,32.72157565152801,32.40068551168565,32.46763229370117,89582400
2017-03-27,32.17906734733827,32.60153490186237,32.001306966753184,32.52304458618164,94300400
2017-03-28,32.52996884971488,33.25254682376394,32.46301853612975,33.1971435546875,133499200
2017-03-29,33.16944161532169,33.35643823436015,33.05632424825825,33.271018981933594,116760000
2017-03-30,33.287174863774936,33.35873976262738,33.127883432090165,33.227149963378906,84829200
2017-03-31,33.17865717595197,33.30562880512679,33.01474770509238,33.1648063659668,78646800
2017-04-03,33.17636782480755,33.27101625175768,33.02400178739265,33.17405700683594,79942800
2017-04-04,33.070175058947704,33.4487793654904,33.051706126605545,33.421077728271484,79565600
2017-04-05,33.29408771947576,33.58035072954783,33.19943581421967,33.24791717529297,110871600
2017-04-06,33.31024339339753,33.3633428617893,33.11632500843224,33.1648063659668,84596000
2017-04-07,33.18098767736538,33.284872347499096,33.07479571148253,33.0909538269043,66688800
2017-04-10,33.15097447258824,33.21561397112792,32.98937220365056,33.05170440673828,75733600
2017-04-11,32.998607321373136,33.093259270548934,32.33373990435652,32.69618606567383,121517600
2017-04-12,32.68926110490339,32.81622928141407,32.55305317900341,32.73543167114258,81400000
2017-04-13,32.760830639555884,32.86933342297136,32.562294006347656,32.562294006347656,71291600
2017-04-17,32.661558023380536,32.75390268431767,32.52073549771646,32.74235916137695,66328400
2017-04-18,32.64539758259062,32.7908346889943,32.57613997247114,32.59691619873047,58790000
2017-04-19,32.75389809720652,32.78159973031379,32.423771704796266,32.47686767578125,69313600
2017-04-20,32.601526121051094,32.993981116340386,32.58767530702486,32.88317108154297,93278400
2017-04-21,32.88318208056322,32.9385853551999,32.74697766696316,32.843936920166016,69283600
2017-04-24,33.12788228211742,33.23176692273539,33.054006568067706,33.16020202636719,68537200
2017-04-25,33.2225470319488,33.451092624928684,33.2133108028367,33.36567687988281,75486000
2017-04-26,33.35181972629284,33.381832181324775,33.10018713089948,33.16944122314453,80164800
2017-04-27,33.224844299816404,33.280251089997954,33.08402179036965,33.19483184814453,56985200
2017-04-28,33.264083439183395,33.31256481214759,33.074783104828754,33.162506103515625,83441600
2017-05-01,33.49725799424165,33.98205421858617,33.46493824595202,33.838924407958984,134411600
2017-05-02,34.06055242449911,34.187524151695136,33.89895364560833,34.053627014160156,181408800
2017-05-03,33.61036707002252,34.04899614311443,33.305638593035376,33.94972610473633,182788000
2017-05-04,33.82507383863429,33.968203650311494,33.66116427801331,33.8273811340332,93487600
2017-05-05,33.880468588027576,34.39296984476421,33.880468588027576,34.38835525512695,109310800
2017-05-08,34.40452632623706,35.48262520742203,34.40452632623706,35.323333740234375,195009600
2017-05-09,35.52187064425062,35.75503784632037,35.42491138577573,35.54957580566406,156521600
2017-05-10,35.466461724236616,35.53802662820742,35.11555909039869,35.38104248046875,103222800
2017-05-11,35.3393131644345,35.71484648783434,35.30686001669652,35.68702697753906,109020400
2017-05-12,35.86088217624112,36.25959427924951,35.85392818328043,36.18541717529297,130108000
2017-05-15,36.16455744038748,36.312915209144016,35.942022555816784,36.09269714355469,104038800
2017-05-16,36.14833738689896,36.176153366846144,35.865529800340305,36.03938674926758,80194000
2017-05-17,35.60589263781273,35.830747832802935,34.70415503934131,34.82933044433594,203070800
2017-05-18,35.065784713156496,35.54562800048504,35.03333156105277,35.36017990112305,134272800
2017-05-19,35.554908817501946,35.69399226447333,35.38105185594102,35.48072814941406,107843200
2017-05-22,35.69862877009448,35.833078575632115,35.445957506282014,35.696311950683594,91865600
2017-05-23,35.907244012150436,35.907244012150436,35.53866822949923,35.65225601196289,79675600
2017-05-24,35.661528385492936,35.73802585003768,35.3903120314495,35.545623779296875,76712000
2017-05-25,35.63602296219512,35.77974705384383,35.47375724948908,35.66847610473633,76942400
2017-05-26,35.69861696426487,35.75425244588684,35.538668049588445,35.608211517333984,87710400
2017-05-30,35.56416760264687,35.79829362498792,35.5433056232272,35.62211990356445,80507600
2017-05-31,35.69166932845386,35.73803046949931,35.323093482019345,35.41117858886719,97804800
2017-06-01,35.50620903012718,35.543299345073684,35.28599103296389,35.50852584838867,65616400
2017-06-02,35.60126213247194,36.03474426269531,35.44131319709185,36.03474426269531,111082800
2017-06-05,35.77744622560042,35.80294538988069,35.57345644848744,35.682403564453125,101326800
2017-06-06,35.675429360679935,36.118185718240646,35.64761339254073,35.80292510986328,106499600
2017-06-07,35.935062294156516,36.15759713991396,35.809883348431306,36.01619338989258,84278400
2017-06-08,35.98838115344194,36.05560427043574,35.79134190296804,35.9281120300293,85003200
2017-06-09,35.97446776937545,35.97446776937545,33.84877798018618,34.53493118286133,259530800
2017-06-12,33.78387455154509,33.8650056503976,33.035128278392655,33.709693908691406,289229200
2017-06-13,34.113044202442644,34.180267317025965,33.64710542644517,33.98091125488281,136661600
2017-06-14,34.191850452413206,34.191850452413206,33.34342809397165,33.649417877197266,126124800
2017-06-15,33.22289082894984,33.49178676892267,32.965582517386935,33.4477424621582,128661600
2017-06-16,33.3295304773726,33.49643340429505,32.96327147313324,32.97949981689453,201444400
2017-06-19,33.30171139945538,34.015684178746284,33.30171139945538,33.92295837402344,130165600
2017-06-20,34.045827569501164,34.045827569501164,33.598437360237384,33.614662170410156,99600400
2017-06-21,33.7328795134011,33.86037529495847,33.52193226910873,33.81401062011719,85063200
2017-06-22,33.79084931559686,34.006430309291524,33.640171118602716,33.75839614868164,76425200
2017-06-23,33.642474603462084,34.11304705629635,33.637837428477,33.909053802490234,141757600
2017-06-26,34.115369589126985,34.37267801840908,33.70043255523252,33.80242919921875,102769600
2017-06-27,33.61464374479824,33.881226390975435,33.292429166089896,33.317928314208984,99047600
2017-06-28,33.49411360250508,33.869643386073044,33.18580693265038,33.80473709106445,88329600
2017-06-29,33.545113643075645,33.642473090615525,32.98181540151095,33.30634689331055,125997600
2017-06-30,33.48482713456645,33.603052051144424,33.32951544649734,33.38515090942383,92096400
2017-07-03,33.58453113140493,33.681890608935916,33.171910877384974,33.26463317871094,57111200
2017-07-05,33.308660193167995,33.56364815781455,33.08380501536581,33.40138244628906,86278400
2017-07-06,33.15335488794052,33.26462232063813,33.011951125440845,33.08612823486328,96515200
2017-07-07,33.12552578491049,33.5543741229212,33.12552578491049,33.4222412109375,76806800
2017-07-10,33.406021758506526,33.832549809570395,33.23448168841178,33.62623977661133,84362400
2017-07-11,33.549743284648756,33.809371984292305,33.46861218992629,33.735191345214844,79127200
2017-07-12,33.81401112095547,33.88587141604451,33.570614260074045,33.783878326416016,99538000
2017-07-13,33.72824379624453,34.42135468439262,33.71433580804226,34.254451751708984,100797600
2017-07-14,34.300805579062285,34.61606621390877,34.15244784131849,34.5488395690918,80528400
2017-07-17,34.49784745539633,34.980007487299616,34.4398951543656,34.66938400268555,95174000
2017-07-18,34.58593518919041,34.801519604796255,34.46307658459224,34.7899284362793,71475200
2017-07-19,34.882656407161114,35.100557677206574,34.75979778249779,35.007835388183594,83692000
2017-07-20,35.11908869077476,35.174724164046715,34.81541924889388,34.850189208984375,68974800
2017-07-21,34.76906282384856,34.87337625535041,34.511754473009255,34.83396911621094,105010400
2017-07-24,34.90583254315868,35.33699783101642,34.74820043528581,35.255863189697266,85972800
2017-07-25,35.18864627665775,35.66153560939385,35.18864627665775,35.40654754638672,75415600
2017-07-26,35.547945210835245,35.68239144541838,35.480718556415695,35.57344436645508,63124000
2017-07-27,35.640655815791874,35.696291283601695,34.14548754753036,34.90118408203125,129905200
2017-07-28,34.745892537480536,34.82470684308858,34.58362675030843,34.655487060546875,68854800
2017-07-31,34.74820230717305,34.847882115795706,34.3379025150929,34.476985931396484,79383600
2017-08-01,34.56274861002519,34.82237374815517,34.40279971702467,34.78296661376953,141474400
2017-08-02,36.922577704697034,37.03152833707844,36.199333963891554,36.42650604248047,279747200
2017-08-03,36.40563768067518,36.442728003738814,35.93506526032993,36.06256103515625,108389200
2017-08-04,36.178470281390524,36.48677346215096,36.090381637099924,36.252647399902344,82239600
2017-08-07,36.407947842229994,36.83911304190429,36.317542406997994,36.81361389160156,87481200
2017-08-08,36.76494790280871,37.51369077846636,36.688450427022744,37.10802459716797,144823600
2017-08-09,36.91793631689721,37.383875128169116,36.88316634760592,37.3351936340332,104526000
2017-08-10,37.2118601090354,37.235133487872936,35.9854304565123,36.1460075378418,163217200
2017-08-11,36.44387563364396,36.90233333918181,36.32053458098837,36.64866638183594,105028400
2017-08-14,37.076884738262706,37.28400501989793,36.94423287479012,37.200225830078125,88490800
2017-08-15,37.388718367124,37.747104860028465,37.267703224278414,37.60747528076172,117862000
2017-08-16,37.68660088619419,37.81924917046181,37.270030943015655,37.456207275390625,110686400
2017-08-17,37.35614502406897,37.400362308938035,36.732454752422,36.73711013793945,111762400
2017-08-18,36.737103295814435,37.11876316373311,36.47180318702973,36.653324127197266,109712400
2017-08-21,36.65332923983164,36.74408972257525,36.09712965562986,36.58584213256836,105474000
2017-08-22,36.82320209730548,37.23511656863084,36.77433299537892,37.18391799926758,86418400
2017-08-23,37.01870047325585,37.34450642241073,36.974483190652286,37.230472564697266,77596400
2017-08-24,37.33519473960121,37.40734078109702,36.897684411571745,37.065242767333984,79275600
2017-08-25,37.15367631069479,37.36545196240876,37.065245292642,37.20254898071289,101920400
2017-08-28,37.26771109773419,37.70056963184427,37.21883842650392,37.57722854614258,103864000
2017-08-29,37.25840071577374,37.961211187597634,37.23512734077837,37.9123420715332,118067600
2017-08-30,38.11945925253769,38.14040315773417,37.842522447101416,38.01473617553711,109078400
2017-08-31,38.0822211989761,38.287015507998596,38.044985224423286,38.16600036621094,107140400
2017-09-01,38.352182484466454,38.38476307936987,38.07990103755538,38.177642822265625,66364400
2017-09-05,38.10782994965673,38.22418973576255,37.365453946138565,37.71918869018555,117874000
2017-09-06,37.86579133057755,37.93095250636385,37.356135058449354,37.67961502075195,86606800
2017-09-07,37.721508469706514,37.75641853046921,37.318904669575105,37.528350830078125,87714000
2017-09-08,37.43526143833459,37.5027485354411,36.89302454061996,36.916297912597656,114446000
2017-09-11,37.35149746118315,37.71221356742962,37.209538356828844,37.5842170715332,126323200
2017-09-12,37.842523774144745,38.15669656718192,36.94888161090867,37.435264587402344,286856000
2017-09-13,37.20486984494482,37.22581730126111,36.7487415581457,37.15367126464844,179629600
2017-09-14,37.00007892341132,37.09549123082952,36.79062921823258,36.83484649658203,95042800
2017-09-15,36.87906749256494,37.46086636945778,36.769689019627606,37.20720291137695,196458400
2017-09-18,37.26071475190585,37.35147520381836,36.76967652463116,36.92559814453125,113077600
2017-09-19,37.12108850326259,37.181597849722785,36.87208046911773,36.93956756591797,83242400
2017-09-20,36.74640344940207,36.83018260191224,35.79923703867889,36.32052993774414,211805600
2017-09-21,36.25770476231295,36.25770476231295,35.54790946058853,35.69684982299805,150046800
2017-09-22,35.266306014014894,35.436193779476454,35.03824193356741,35.34775924682617,186581600
2017-09-25,34.90560444698507,35.333807540538785,34.712446806182214,35.035926818847656,177549200
2017-09-26,35.3221731438044,35.820192840580866,35.30122923647242,35.638671875,146640000
2017-09-27,35.79226248169732,36.00636401155548,35.731753134529605,35.892330169677734,102016800
2017-09-28,35.81321610520499,35.90397659956962,35.536279236215236,35.67125701904297,88022000
2017-09-29,35.65496147322591,35.869063019024054,35.373369273795674,35.86673355102539,105199200
2017-10-02,35.899309247767675,35.94352652149234,35.54092277566186,35.794586181640625,74795200
2017-10-03,35.841137272488844,36.09247481720678,35.81786744767447,35.95051574707031,64921200
2017-10-04,35.752702571137206,35.80622706881335,35.480421146847824,35.71779251098633,80655200
2017-10-05,35.880681323946064,36.173910089110954,35.85043021163208,36.16227340698242,85135200
2017-10-06,36.0645404887791,36.185555620680645,35.969124643414084,36.14133834838867,69630400
2017-10-09,36.26003606140108,36.4741376422052,36.18556764465215,36.26701736450195,65051600
2017-10-10,36.31820368370527,36.7696800704547,36.09479495792304,36.280967712402344,62468000
2017-10-11,36.29726939341171,36.53231486634605,36.24607080706663,36.432247161865234,67622400
2017-10-12,36.3856944239882,36.623065751896675,36.241405922553476,36.30424118041992,64500400
2017-10-13,36.47412810542701,36.602124547174284,36.39965970814911,36.534637451171875,65576800
2017-10-16,36.74641564414448,37.23512812114188,36.68823575645519,37.20720291137695,96486000
2017-10-17,37.18391306421631,37.43757640992971,37.05591665779585,37.34449005126953,75989200
2017-10-18,37.33287127406661,37.40036193482916,37.142043081984205,37.17927551269531,65496800
2017-10-19,36.47877459511333,36.55557244143562,36.07617093198474,36.29957962036133,170336800
2017-10-20,36.446209754589574,36.71150990600586,36.29494346381537,36.362430572509766,95896400
2017-10-23,36.51135789533137,36.69753418351876,36.187877970624996,36.34379959106445,87937200
2017-10-24,36.37173209112569,36.6347062841316,36.350788186643285,36.560237884521484,71028800
2017-10-25,36.51602943493808,36.66496982118057,36.134369473253024,36.3996696472168,84828400
2017-10-26,36.59048626766541,36.73011938912939,36.48576320207633,36.63237762451172,68002000
2017-10-27,37.069899345498754,38.072923691360785,36.93259564921112,37.94492721557617,177816800
2017-10-30,38.140414349342386,39.113184104676954,38.10085244424537,38.79901123046875,178803200
2017-10-31,39.073601439893864,39.48086055249378,38.850192715266076,39.33890151977539,144187200
2017-11-01,39.532061330307975,39.548353400209294,38.54067751355543,38.838558197021484,134551200
2017-11-02,38.7710732897482,39.21323895548593,38.46388182014831,39.12247848510742,165573600
2017-11-03,40.4931985606318,40.553704360574216,39.822965172267914,40.14411926269531,237594400
2017-11-06,40.11385496195347,40.72358240407171,39.96258872288441,40.551368713378906,140105200
2017-11-07,40.47226308755724,40.78410647310993,40.40012058578211,40.68170928955078,97446000
2017-11-08,40.64679852481168,41.014495849609375,40.57000064516862,41.014495849609375,97638000
2017-11-09,40.75153000824788,40.98192369463007,40.29307210417645,40.93072509765625,117930400
2017-11-10,40.898011384934065,40.96107253375823,40.70182510390722,40.79524612426758,100582000
2017-11-13,40.52198797891258,40.755544105592186,40.49863094073115,40.63175964355469,67928400
2017-11-14,40.41456190356492,40.517327198270685,39.980147243808084,40.01751708984375,99130000
2017-11-15,39.69753844200202,39.77928451865942,39.32618502497111,39.48967361450195,116632400
2017-11-16,39.98013765358011,40.1412919576405,39.774610677253996,39.961456298828125,94550000
2017-11-17,39.94743157799027,40.02917763400583,39.620454481494164,39.739566802978516,87598000
2017-11-20,39.77226143034066,39.83532256684315,39.601766497793854,39.699859619140625,65049600
2017-11-21,39.88671932640713,40.56870286213054,39.88671932640713,40.43791198730469,100525200
2017-11-22,40.48929245518663,40.87232438112121,40.41689062220264,40.86298370361328,102355600
2017-11-24,40.895674102034114,40.98909511553058,40.79057100712156,40.86531066894531,56106800
2017-11-27,40.88400551521295,40.891011914737895,40.48462292337074,40.6597900390625,82867200
2017-11-28,40.708839086242456,40.84196424324617,40.13896149003983,40.421566009521484,105715200
2017-11-29,40.31880345148558,40.386533173869445,39.041250894810226,39.583099365234375,166665600
2017-11-30,39.80497053343879,40.20435309391894,39.34019610378886,40.13662338256836,166108800
2017-12-01,39.69286632422728,40.09458318069577,39.35421062507689,39.94977951049805,159037200
2017-12-04,40.28375021630636,40.31644792376654,39.618117550770556,39.65782165527344,130169600
2017-12-05,39.485001333095546,40.05955101829121,39.33085342197184,39.62046432495117,109400800
2017-12-06,39.12065153613966,39.75125237053263,38.87775473048756,39.47332000732422,114240000
2017-12-07,39.47798969259851,39.80730466888246,39.44996409930915,39.54572296142578,102693200
2017-12-08,39.81898887304468,39.93810122531584,39.42895053434626,39.557403564453125,93420800
2017-12-11,39.51771134195158,40.3795343559035,39.42195243733802,40.32815170288086,141095200
2017-12-12,40.20668875490006,40.26274351240947,40.045538009155386,40.10158920288086,77636800
2017-12-13,40.288431418755565,40.53132821982413,40.171653356672216,40.23471450805664,95273600
2017-12-14,40.26507611326917,40.43557465717094,40.08990901260741,40.22303771972656,81906000
2017-12-15,40.552351415791705,40.678470156133876,40.2790911752306,40.63175964355469,160677200
2017-12-18,40.84429321069244,41.386141526801474,40.83962109068416,41.2039680480957,117684400
2017-12-19,40.879336385045384,40.963416749280206,40.659793013777566,40.764892578125,109745600
2017-12-20,40.84194753269194,40.97040407989811,40.46358785163259,40.72050094604492,93902400
2017-12-21,40.67847418142717,41.11055448405394,40.6621271041095,40.87466049194336,83799600
2017-12-22,40.79758653485828,40.970419368665794,40.755548138512246,40.87466049194336,65397600
2017-12-26,39.89138628266804,40.04786845648848,39.629801003099054,39.837669372558594,132742000
2017-12-27,39.72789890711573,39.8867153639745,39.636812159497616,39.84467697143555,85992800
2017-12-28,39.93809456364171,40.136618681430484,39.81664438933152,39.95677947998047,65920800
2017-12-29,39.82598570372476,39.84233277695567,39.52236207214556,39.524696350097656,103999600
2018-01-02,39.74190661487655,40.24171652360329,39.531703987751335,40.23237228393555,102223600
2018-01-03,40.29543986802562,40.767224260711025,40.16231472364331,40.225372314453125,118071600
2018-01-04,40.29777620574446,40.51498527654076,40.19034237338912,40.4122200012207,89738400
2018-01-05,40.507963753798975,40.958725240509956,40.416877032641786,40.872310638427734,94640000
2018-01-08,40.72050094604492,41.01478030200412,40.62240426360916,40.72050094604492,82271200
2018-01-09,40.767214379171435,40.88632669672445,40.500960591160094,40.7158317565918,86336000
2018-01-10,40.44257360333201,40.70882740472124,40.40520377343591,40.70648956298828,95839600
2018-01-11,40.77657074012666,40.98677343075358,40.75321726146878,40.93772506713867,74670800
2018-01-12,41.14791003371474,41.42350807179687,41.024125591694585,41.36044692993164,101672400
2018-01-16,41.54963226482539,41.897632166104536,41.13857477715793,41.15025329589844,118263600
2018-01-17,41.14091674546278,41.864942277306454,40.88867922519407,41.82991027832031,137547200
2018-01-18,41.892962740708185,42.06346128496343,41.63138101025512,41.867271423339844,124773600
2018-01-19,41.715444272821294,41.94199391577821,41.43517773874766,41.68041229248047,129700400
2018-01-22,41.4094993089481,41.52160524468248,41.24601074354723,41.33943176269531,108434400
2018-01-23,41.40950082837842,41.909310783105305,41.297394888530555,41.34877395629883,130756400
2018-01-24,41.39782603750043,41.40950455731997,40.45192295265972,40.69015121459961,204420400
2018-01-25,40.75787255580819,40.8606378070579,39.82832030240219,39.963783264160156,166116000
2018-01-26,40.17166427388989,40.17166427388989,39.718564699664896,40.057220458984375,156572000
2018-01-29,39.74191114188095,39.74191114188095,39.0202235699117,39.22808837890625,202561600
2018-01-30,38.66054672904738,39.09028916200144,38.4666947094055,38.99686813354492,184192800
2018-01-31,38.97351439091905,39.34019926438187,38.88709975409863,39.104305267333984,129915600
2018-02-01,39.04356961903732,39.38222522360861,38.947810770553936,39.186038970947266,188923200
2018-02-02,38.77032242534317,38.95716806545105,37.39234251164283,37.48576354980469,346375200
2018-02-05,37.15877588220961,38.275173723461506,36.43475056721955,36.5491943359375,290954000
2018-02-06,36.161500373275416,38.23781447548652,35.96764833446802,38.07666015625,272975200
2018-02-07,38.09066824510716,38.163070074933216,37.151775171913954,37.26154327392578,206434400
2018-02-08,37.43671114354451,37.60253756671725,36.208207161904596,36.23623275756836,217562000
2018-02-09,36.83422735479435,37.026522336386975,35.232534933914586,36.67945098876953,282690400
2018-02-12,37.1695747743934,38.433574681948436,36.937410211584435,38.156856536865234,243278000
2018-02-13,37.97863712192877,38.63526140008167,37.90828388171339,38.53911209106445,130196800
2018-02-14,38.234238930394085,39.28952648112908,38.19672031477499,39.24966049194336,162579600
2018-02-15,39.81717816518889,40.59105657176893,39.63191811060933,40.56760787963867,204588800
2018-02-16,40.4198884494645,40.99678098025667,40.281529282147936,40.436302185058594,160704400
2018-02-20,40.34716340675717,40.86542487019202,40.19942199726563,40.300262451171875,135722000
2018-02-21,40.530077297539975,40.832591485159895,40.103270396242934,40.11734390258789,149886400
2018-02-22,40.28854259462568,40.792734207769016,40.2674376980712,40.45269775390625,123967600
2018-02-23,40.7270725051361,41.1913981250218,40.69658526874438,41.15622329711914,135249600
2018-02-26,41.35555980989889,42.06846380658239,41.32272877541309,41.969970703125,152648800
2018-02-27,42.00044873820776,42.32406784199246,41.7800103071155,41.833946228027344,155712400
2018-02-28,42.037969282526205,42.35690081010692,41.75421615757141,41.7706298828125,151128400
2018-03-01,41.869113560517185,42.15990516330248,40.490207082637184,41.03895568847656,195208000
2018-03-02,40.523048950701295,41.34382828416562,40.4409695860293,41.322723388671875,153816000
2018-03-05,41.08821211152215,41.68151798734125,40.92640076751445,41.46577072143555,113605600
2018-03-06,41.72137939673423,41.8011113730967,41.30395484011507,41.43058776855469,95154000
2018-03-07,41.024892726201514,41.23829619080357,40.86777255571941,41.045997619628906,126814000
2018-03-08,41.15153929665914,41.53613298809278,41.05539355753679,41.49392318725586,95096400
2018-03-09,41.733117043172626,42.21151261164634,41.599445535644904,42.20682144165039,128740800
2018-03-12,42.27950792605273,42.77197688165048,42.26075040737717,42.6148567199707,128828400
2018-03-13,42.81889011225261,43.03229362608752,42.033289078601506,42.2044792175293,126774000
2018-03-14,42.28655332708337,42.33345428800608,41.697934995814336,41.84567642211914,117473600
2018-03-15,41.8597493351985,42.26779523875993,41.75891244094542,41.89492416381836,90975200
2018-03-16,41.894907293655756,42.00512648336741,41.65336402555901,41.747169494628906,157618800
2018-03-19,41.58302954525192,41.61820437252176,40.72472797672701,41.10932159423828,133787200
2018-03-20,41.095237731933594,41.46107012477809,41.02488452292977,41.095237731933594,78597600
2018-03-21,41.04834729488846,41.06007343013233,40.16190586082606,40.16425323486328,148219600
2018-03-22,39.866420083077934,40.494900752679506,39.538109819601516,39.596736907958984,165963200
2018-03-23,39.48886269872853,39.847660204185324,38.6798095703125,38.6798095703125,164115200
2018-03-26,39.413821710118775,40.59339847247877,39.031571938963225,40.51601028442383,150164800
2018-03-27,40.729408432396,41.07413599250078,39.14413327762529,39.477134704589844,163690400
2018-03-28,39.22151554961201,39.871104581868025,38.738428994894235,39.04094314575195,166674000
2018-03-29,39.35284108524669,40.27680444981325,39.13943765265633,39.34580612182617,153594000
2018-04-02,39.078473717905176,39.61784367192837,38.569590996327946,39.087852478027344,150347200
2018-04-03,39.31299121384488,39.57329570203977,38.66574926566696,39.48887252807617,121112000
2018-04-04,38.665740123117175,40.337782321799516,38.63994405999684,40.243980407714844,138422000
2018-04-05,40.47145246165548,40.85838981728814,40.354198283789394,40.52304458618164,107732800
2018-04-06,40.09390240110896,40.44800880545494,39.44431311551647,39.48652648925781,140021200
2018-04-09,39.83828875541759,40.59105872724588,39.83125378957353,39.87815475463867,116070800
2018-04-10,40.56995489827826,40.804463308094896,40.22522724958265,40.62858200073242,113634400
2018-04-11,40.389377001781156,40.785696733727676,40.26508784751927,40.43862533569336,89726400
2018-04-12,40.66610159129438,41.03896908014141,40.57933105198561,40.8372917175293,91557200
2018-04-13,40.98738073853551,41.235959087428064,40.76928962884035,40.97565460205078,100497200
2018-04-16,41.046002393482574,41.318032979230495,40.999101432084586,41.231266021728516,86313600
2018-04-17,41.388385056399805,41.962929868710894,41.369623956700956,41.79877471923828,106421600
2018-04-18,41.697940162079504,41.93479594830305,41.479849056526675,41.70497512817383,83018000
2018-04-19,40.748170603828946,41.13042036873271,40.49021355951167,40.52304458618164,139235200
2018-04-20,40.00713405885561,40.15252812029606,38.794722494438965,38.86273193359375,261964400
2018-04-23,39.12303532985958,39.14414022627035,38.480481049834914,38.75016784667969,146062000
2018-04-24,38.85100323747827,39.005779628477015,37.8074416526787,38.21079635620117,134768000
2018-04-25,38.13573413978853,38.79235801863863,38.086489406404326,38.37727737426758,113528400
2018-04-26,38.48751498482302,38.86507362764552,38.31163369614759,38.51096725463867,111852000
2018-04-27,38.45937535604153,38.53676355292393,37.66908323921262,38.06540298461914,142623200
2018-04-30,38.02083978086763,39.223865178378034,37.95283035577987,38.75484848022461,169709600
2018-05-01,39.02453693116686,39.67881367917698,38.75719754468878,39.655364990234375,214277600
2018-05-02,41.09290250453425,41.68386462519915,40.75755723807973,41.40714645385742,266157600
2018-05-03,41.245314234036925,41.625216473126144,40.90762176448557,41.4821662902832,136272800
2018-05-04,41.80112285694862,43.20817327569584,41.782361755300954,43.10968017578125,224805200
2018-05-07,43.426261230253004,44.01018839996743,43.325424341797856,43.421573638916016,169805600
2018-05-08,43.381708846718794,43.67015316776499,43.07215605081431,43.630287170410156,113611200
2018-05-09,43.747525953215835,43.94685586976027,43.43562947146801,43.937477111816406,92844800
2018-05-10,44.026601189625815,44.643355748706455,44.00549271751808,44.56596755981445,111957200
2018-05-11,44.60835031424025,44.74253367480774,44.12810643235804,44.39647674560547,104848800
2018-05-14,44.49535132822085,44.6177669330448,44.22462817105187,44.29289627075195,83115200
2018-05-15,43.970378343631864,44.0386500297141,43.574886781090854,43.89033889770508,94780800
2018-05-16,43.80323241533357,44.365868491092186,43.786751806031575,44.299949645996094,76732400
2018-05-17,44.2575713547681,44.471797695241,43.87149481216628,44.019805908203125,69176000
2018-05-18,44.066886380624,44.21284104716232,43.81734959249926,43.85972213745117,73190800
2018-05-21,44.25758035606822,44.556555441924544,44.00098141717452,44.17047882080078,73603200
2018-05-22,44.34703725408873,44.46474358200202,43.970375567921366,44.05983352661133,60962800
2018-05-23,43.869148982230094,44.375284745399135,43.730252788035145,44.34232711791992,80233600
2018-05-24,44.438854581465634,44.45533160189837,43.83619866865941,44.29289627075195,92936000
2018-05-25,44.31173101118196,44.646016610326086,44.175191215681515,44.394126892089844,69844000
2018-05-29,44.163399336214894,44.434122353444565,43.99154557470039,44.2340202331543,90056400
2018-05-30,44.191656938573345,44.25757218424479,43.97036850291428,44.13986587524414,74762000
2018-05-31,44.073953934274336,44.31171940312337,43.819707856715965,43.99155807495117,109931200
2018-06-01,44.255218470622694,44.789602516532064,44.19871815026651,44.78489685058594,93770000
2018-06-04,45.11447741480749,45.5335116194763,45.04620933090354,45.15920639038086,105064800
2018-06-05,45.451121214441805,45.65592906665708,45.28397665552099,45.50761795043945,86264000
2018-06-06,45.58295958276537,45.68889457314305,45.18040230879515,45.66535186767578,83734400
2018-06-07,45.703013301022914,45.717137485771346,45.279269798009615,45.54293441772461,85388800
2018-06-08,45.003832665969014,45.19922558261393,44.674256416273806,45.12860107421875,106627200
2018-06-11,45.0462077379834,45.19216241765169,44.77783748614501,45.0179557800293,73234000
2018-06-12,45.05562343493012,45.342827132957446,44.99912311016498,45.265140533447266,67644400
2018-06-13,45.29809464432641,45.40638602703127,44.83197867553465,44.893184661865234,86553600
2018-06-14,45.093299928876135,45.09800918830484,44.78020063094766,44.91674041748047,86440400
2018-06-15,44.73546388316103,44.76606867596771,44.31878250278761,44.455322265625,246876800
2018-06-18,44.22933435480383,44.544786475958205,44.06925186853399,44.43178939819336,73939600
2018-06-19,43.58429795860175,43.86443958736214,43.18645000462183,43.713775634765625,134314000
2018-06-20,43.869135198457386,44.069233733812666,43.723176957956696,43.90444564819336,82514800
2018-06-21,44.08100916407657,44.339964459828835,43.53720663510799,43.65962219238281,102847600
2018-06-22,43.815007164385726,43.822069257467064,43.48072158745682,43.53251266479492,108801600
2018-06-25,43.1746807750187,43.532509027058914,42.546129398516676,42.88512420654297,126652400
2018-06-26,43.07816499818118,43.911524254395744,42.972226424905315,43.41715621948242,98276800
2018-06-27,43.60548157163157,44.08807819397724,43.32298712678173,43.35359191894531,101141200
2018-06-28,43.33947959489621,43.836200536589885,43.268855066330175,43.6690559387207,69460800
2018-06-29,43.85500986376897,44.06688335029261,43.059317751239284,43.57722473144531,90950800
2018-07-02,43.27355401169523,44.092789008299924,43.179386798681435,44.064537048339844,70925200
2018-07-03,44.208138207593315,44.24580509220455,43.20763448482043,43.29709243774414,55819200
2018-07-05,43.61254255857638,43.88326923845472,43.38183918687277,43.64550018310547,66416800
2018-07-06,43.65021954934719,44.35881043686303,43.598428471363974,44.25052261352539,69940800
2018-07-09,44.61069456513132,44.88847975166625,44.56361275630815,44.86494064331055,79026400
2018-07-10,44.89554351943175,45.029726848456654,44.77077152281335,44.810794830322266,63756400
2018-07-11,44.375282843511165,44.67661073672415,44.16576573663476,44.22932815551758,75326000
2018-07-12,44.617752053768506,45.06032891369283,44.56596099177262,44.97087097167969,72164400
2018-07-13,44.98266217138491,45.161574542253184,44.9402860146372,45.0415153503418,50055600
2018-07-16,45.086236457750054,45.3522503374858,44.827281078772934,44.94263458251953,60172400
2018-07-17,44.669554728283956,45.16862844586447,44.54007703963458,45.06975555419922,62138000
2018-07-18,45.147452960949956,45.152162221330066,44.711937974676225,44.82258224487305,65573600
2018-07-19,44.65543937405718,45.32871989607505,44.65543937405718,45.17099380493164,81147200
2018-07-20,45.14743750979245,45.30045429470257,44.76842300145352,45.06739807128906,82704800
2018-07-23,44.88849002002537,45.1898215680699,44.624828956613065,45.107425689697266,63957600
2018-07-24,45.30516130817569,45.59001217970089,45.21099769014568,45.43463897705078,74791600
2018-07-25,45.44875820521387,45.87014879141613,45.30044711048095,45.86308670043945,66839600
2018-07-26,45.81366513737899,46.131473715385816,45.578252440222144,45.71950149536133,76304000
2018-07-27,45.90311735619619,45.950199171301655,44.75194955512328,44.959110260009766,96096000
2018-07-30,45.17567934529309,45.24630384815853,44.5094648064374,44.707210540771484,84118000
2018-07-31,44.799040691255236,45.23219922772937,44.573042902770084,44.79668426513672,157492000
2018-08-01,46.87771549059434,47.49684822958433,46.449262804191136,47.43564224243164,271742800
2018-08-02,47.21906058852959,49.05527961998562,47.16491669534667,48.82221984863281,249616000
2018-08-03,48.73748036513408,49.140037574875436,48.37259004128553,48.963478088378906,133789600
2018-08-06,48.965830589860516,49.26009639869382,48.74689855230227,49.21772384643555,101701600
2018-08-07,49.27658456368668,49.31895712244186,48.67392507741745,48.75632095336914,102349600
2018-08-08,48.50677405071217,48.921098994216976,48.14659300734389,48.789268493652344,90102000
2018-08-09,49.32601330988609,49.384866473630254,48.77750139273708,49.172996520996094,93970400
2018-08-10,48.98636733184349,49.397423215315094,48.823362350385615,49.026527404785156,98444800
2018-08-13,49.447024012639176,49.83445457088549,49.06668031301187,49.34307861328125,103563600
2018-08-14,49.647830530631445,49.74232438693092,49.19897570143508,49.55097198486328,82992000
2018-08-15,49.42577255117373,49.78485574116098,49.21552062904969,49.6667366027832,115230400
2018-08-16,50.023456126869974,50.51010641019358,49.95730969640134,50.394351959228516,114001600
2018-08-17,50.42268873943836,51.48812186646989,50.35654232295401,51.40071487426758,141708000
2018-08-20,51.523571270388054,51.778705445399396,50.81721750232455,50.89990234375,121150800
2018-08-21,51.21645993387259,51.308592719080146,50.56207888756199,50.80067825317383,104639200
2018-08-22,50.578610122385655,51.11250726288701,50.5171858711542,50.803035736083984,76072400
2018-08-23,50.708547149487345,51.27552120432041,50.696738118838695,50.90699005126953,75532800
2018-08-24,51.16920724931565,51.240075841735475,50.81721095322185,51.06526184082031,73905600
2018-08-27,51.2991447207412,51.674766352324625,51.10543119176735,51.485774993896484,82100400
2018-08-28,51.738537694761895,52.09998192790679,51.71727711744975,51.90154266357422,91107200
2018-08-29,52.00785590995711,52.796894504886076,51.83304188973848,52.67641067504883,109019200
2018-08-30,52.740194102199645,53.92374654449071,52.5393901295794,53.16069793701172,195175200
2018-08-31,53.51032829361586,54.067850745143865,53.38984807574226,53.77491760253906,173360400
2018-09-04,53.959188886707125,54.141089775298994,53.53868501730448,53.9473762512207,109560400
2018-09-05,54.0962064940442,54.25684679851635,53.177239704245125,53.59537887573242,133332000
2018-09-06,53.444169394588656,53.70875864176116,52.279516746158,52.70474624633789,137160000
2018-09-07,52.4094536918725,53.24100968075021,52.14014224911029,52.27952194213867,150479200
2018-09-10,52.19685460431092,52.40947124911387,51.13850797001308,51.577911376953125,158066000
2018-09-11,51.502304678303155,52.9882454363978,51.159759902867926,52.88193893432617,142996000
2018-09-12,53.139433921586026,53.15360764020319,51.93461737319087,52.22519302368164,197114800
2018-09-13,52.80398487884961,53.94501627996278,52.57955921881434,53.48671340942383,166825600
2018-09-14,53.33079363291841,53.58829250227248,52.56774497032442,52.87957763671875,127997200
2018-09-17,52.48033058839213,52.66932192659372,51.327490274311316,51.471595764160156,148780400
2018-09-18,51.450330521211534,52.409460912019995,51.29205131507944,51.556640625,126286800
2018-09-19,51.61806106604274,51.88264677017388,50.86209933658958,51.58734893798828,108495200
2018-09-20,52.02911525185576,52.51103971221684,51.77161281099577,51.9795036315918,106435200
2018-09-21,52.156690470038114,52.293709113672655,51.33221752297712,51.41962814331055,384986800
2018-09-24,51.221187301371494,52.27008227145814,51.176301449926825,52.15904998779297,110773600
2018-09-25,51.91335848542905,52.63861168577063,51.901545851293584,52.48978042602539,98217600
2018-09-26,52.20867394531633,52.85832939033723,51.91573710150183,52.0716552734375,95938800
2018-09-27,52.87484932822745,53.49379241878552,52.808699298788234,53.14179611206055,120724800
2018-09-28,53.10400092790325,53.35205184075627,52.92210004922642,53.32843017578125,91717600
2018-10-01,53.85050495893871,54.19777545284046,53.47252594568271,53.6875,94403200
2018-10-02,53.685143811325815,54.33479901696342,53.53867724574372,54.16470718383789,99152800
2018-10-03,54.34661966348506,55.154554187596624,54.282834315481175,54.823822021484375,114619200
2018-10-04,54.51906562598968,54.88996142629786,53.56229994728196,53.859962463378906,128168000
2018-10-05,53.852871703900746,53.959178192789615,52.10943230916903,52.98587417602539,134322000
2018-10-08,52.4944984197217,53.10635456732336,52.01965727271119,52.86302947998047,118655600
2018-10-09,52.832330220069366,53.68987635310737,52.50395914620055,53.59537887573242,107564000
2018-10-10,53.26228826469698,53.47254020577413,51.03928501490466,51.112518310546875,167962400
2018-10-11,50.67783525382728,51.854300842204054,50.15811177498409,50.66129684448242,212497600
2018-10-12,52.07164673313409,52.65279454925669,51.22591316903266,52.470890045166016,161351600
2018-10-15,52.246453343402386,52.404732541694706,51.32748667559729,51.34874725341797,123164000
2018-10-16,51.71963636717618,52.67876665350511,51.206999816817834,52.480323791503906,116736000
2018-10-17,52.51575697781101,52.59607710740567,51.816490261193174,52.25353240966797,91541600
2018-10-18,51.46686978304842,51.9109988853349,50.31875164361143,51.03219223022461,130325200
2018-10-19,51.51411986825671,52.27008165957751,51.36528859514771,51.809417724609375,132314800
2018-10-22,51.92281149157799,52.76618390607024,51.72201111053948,52.1259765625,115168400
2018-10-23,50.98731622137371,52.74020409512803,50.7203657705427,52.61735916137695,155071200
2018-10-24,52.586644215954536,52.97171017320504,50.68256059159632,50.81249237060547,163702000
2018-10-25,51.431448907881126,52.29844315480246,51.20465852281456,51.92518615722656,119423200
2018-10-26,51.003841608951056,52.01730581697299,50.240792997824286,51.09833908081055,189033600
2018-10-29,51.78107281741949,51.89919196573982,48.68634968954274,50.139217376708984,183742000
2018-10-30,49.88169975873189,50.8337395169499,49.4375743470066,50.38961410522461,146640000
2018-10-31,51.23535517923457,52.07872389622704,51.17393092438422,51.70310592651367,153435600
2018-11-01,51.7480007781059,52.529948981033634,51.21882568388859,52.49687576293945,233292800
2018-11-02,49.50372821693035,50.47230292231517,48.53042413230621,49.014713287353516,365314800
2018-11-05,48.26347537336716,48.284735950815005,46.815333742036444,47.623268127441406,264654800
2018-11-06,47.701221548028215,48.362689293265134,47.64688776606542,48.13826370239258,127531600
2018-11-07,48.65799732372377,49.62421099408189,48.223319767020705,49.59822463989258,133697600
2018-11-08,49.77839177248752,49.81158038382015,49.01268077134279,49.4251708984375,101450400
2018-11-09,48.72820356356081,48.83725030122931,47.9458964943367,48.47217559814453,137463200
2018-11-12,47.17544617439907,47.376950783365466,45.940348730689024,46.030433654785156,204542000
2018-11-13,45.42829839038313,46.74399267153785,45.385625249664386,45.570533752441406,187531600
2018-11-14,45.96641717934507,46.103913863049335,44.077028770048315,44.28327560424805,243204000
2018-11-15,44.66020321846803,45.50888738331428,44.306978799247624,45.37613296508789,185915200
2018-11-16,45.16040876019914,46.22007848348282,44.913865338101395,45.87870788574219,147713200
2018-11-19,45.04188265017564,45.20782570490304,43.854200625676015,44.06044387817383,167701200
2018-11-20,42.28485054583868,43.019745978740524,41.60685143343039,41.9553337097168,271300800
2018-11-21,42.60725469548126,42.73527050896908,41.85339745914007,41.907920837402344,124496800
2018-11-23,41.47172379819083,41.8652485061949,40.79846701261189,40.843505859375,94496000
2018-11-26,41.305769848179885,41.474082191574425,40.36225852694691,41.395851135253906,179994000
2018-11-27,40.658587651286105,41.43141370833802,40.509240737589266,41.30577087402344,165549600
2018-11-28,41.89606894584748,42.977073736920254,41.46935557640088,42.89410400390625,184250000
2018-11-29,43.30184364075627,43.335032251064035,42.12601187203321,42.564579010009766,167080000
2018-11-30,42.74000782999921,42.74949235818661,41.96718517795777,42.334632873535156,158126000
2018-12-03,43.72856495008896,43.842353975262405,42.95811156770217,43.813907623291016,163210000
2018-12-04,42.89646264806565,43.2378332586359,41.78701178099935,41.88657760620117,165377200
2018-12-06,40.717871651240934,41.43380172975156,40.40020862932466,41.419578552246094,172393600
2018-12-07,41.12798947795305,41.36505206470577,39.89763407394036,39.94267654418945,169126400
2018-12-10,39.11531021944765,40.321957405947316,38.719416301603985,40.2057991027832,248104000
2018-12-11,40.69415597889754,40.724971648959276,39.589443688075356,39.97585678100586,189126800
2018-12-12,40.395451019026375,40.755787053863365,40.06830720881082,40.08727264404297,142510800
2018-12-13,40.41680162469782,40.90989223808346,40.19396221489692,40.525848388671875,127594400
2018-12-14,40.06356413527948,40.082529570127996,39.18169130990103,39.229103088378906,162814800
2018-12-17,39.22198817296759,39.90947156304112,38.57717791200247,38.8640251159668,177151600
2018-12-18,39.20539906762815,39.715082017295266,38.97070588046719,39.36897277832031,135366000
2018-12-19,39.35237697678329,39.696116895593,37.714274151347865,38.140987396240234,196189200
2018-12-20,38.024831626332364,38.43021017900651,36.81581479001181,37.17852020263672,259092000
2018-12-21,37.185627752379936,37.4938097578085,35.47166671241152,35.7324333190918,382978400
2018-12-24,35.1208086565069,35.92682334359603,34.7509917276026,34.80788803100586,148676800
2018-12-26,35.15637365867392,37.27334029939218,34.78181443000984,37.259117126464844,234330000
2018-12-27,36.943826100791895,37.16429614836959,35.575977822212685,37.01731491088867,212468400
2018-12-28,37.33735588609049,37.57916072752673,36.63802200723716,37.036285400390625,169165600
2018-12-31,37.5815344580242,37.778296854127106,37.09555539461711,37.394256591796875,140014000
2019-01-02,36.718628360025384,37.65739790875464,36.5621661656891,37.436927795410156,148158800
2019-01-03,34.132268116287044,34.54475829394252,33.66288523639479,33.70792770385742,365248800
2019-01-04,34.262646525522236,35.215638890994725,34.089591894725444,35.146888732910156,234428400
2019-01-07,35.25120374411971,35.28202303602157,34.58742781885169,35.06866455078125,219111200
2019-01-08,35.45506244028608,35.990825937637695,35.20851906305133,35.73716735839844,164101200
2019-01-09,35.86519915512934,36.63328328119753,35.47167798834808,36.34406661987305,180396400
2019-01-10,36.15202695596986,36.50050907896113,35.76324464683973,36.460208892822266,143122800
2019-01-11,36.24212260924212,36.43651201285764,35.917344466671175,36.10225296020508,108092800
2019-01-14,35.7608918481196,35.860457698224735,35.37447868293772,35.55938720703125,129756800
2019-01-15,35.623401960705934,36.36303619917637,35.57124789339957,36.28717803955078,114843600
2019-01-16,36.28953607113632,36.95331194342955,36.270570632809374,36.730472564697266,122278800
2019-01-17,36.555041764917604,37.37527971845507,36.33220240574262,36.94856643676758,119284800
2019-01-18,37.33735590651915,37.42744084338128,36.97701977635849,37.17615509033203,135004000
2019-01-22,37.078958639376545,37.15481678323688,36.18048944437783,36.34169387817383,121576000
2019-01-23,36.54319754779106,36.77789081890716,35.96239491388877,36.48867416381836,92522400
2019-01-24,36.53370666750917,36.62141864613615,35.97186962856401,36.19944763183594,101766000
2019-01-25,36.85847696932407,37.48669477291411,36.58348721486467,37.39897918701172,134142000
2019-01-28,36.93196370450961,37.05997947471733,36.427023060851354,37.0528678894043,104768400
2019-01-29,37.04102463814137,37.48670340411951,36.53371090938889,36.6688346862793,166348800
2019-01-30,38.70045083373469,39.38793059611769,37.98452111328113,39.17457580566406,244439200
2019-01-31,39.378464472826245,40.06357516979574,39.01101675816641,39.456695556640625,162958400
2019-02-01,39.5799665216834,40.058830287377425,39.33578875751876,39.47565841674805,130672400
2019-02-04,39.68665383227482,40.69416996092624,39.6558345343367,40.59697341918945,125982000
2019-02-05,40.9786252386463,41.504904295289336,40.85772466190439,41.29154586791992,144406400
2019-02-06,41.402963748878,41.621064429829325,40.976254147130874,41.30577087402344,112958400
2019-02-07,40.869588815238885,41.23466722725265,40.381240461638164,40.52347946166992,126966800
2019-02-08,40.23301477598845,40.630606697540095,40.09730785633489,40.57108688354492,95280000
2019-02-11,40.723455587227264,40.7615491383027,40.29491221963111,40.337764739990234,83973600
2019-02-12,40.49727895932219,40.71154881575849,40.40204508650543,40.685359954833984,89134000
2019-02-13,40.80440440861806,41.06390993130662,40.454427604228414,40.516326904296875,89960800
2019-02-14,40.40444247549523,40.77346251050303,40.325875864970385,40.66394805908203,87342800
2019-02-15,40.77107347735558,40.87820841832707,40.41395458558312,40.57346725463867,98507200
2019-02-19,40.40443569287842,40.81631182485076,40.35205796132108,40.694889068603516,75891200
2019-02-20,40.75678236242413,41.263892264881214,40.70916724485647,40.95676803588867,104457600
2019-02-21,40.9020100056452,41.037713269610336,40.544891181904646,40.725830078125,68998800
2019-02-22,40.84964246264774,41.18771459739539,40.80202733418214,41.180572509765625,75652800
2019-02-25,41.463889012500914,41.8710025541568,41.413890764380966,41.480552673339844,87493600
2019-02-26,41.356748410721536,41.73529354904754,41.22818358043654,41.504356384277344,68280800
2019-02-27,41.23770671972961,41.66386696049311,41.12342606902132,41.63291549682617,111341600
2019-02-28,41.5019750987165,41.64244097925039,41.16866198112314,41.223419189453125,112861600
2019-03-01,41.49245157272372,41.69957935859273,41.1615215591532,41.6567268371582,103544800
2019-03-04,41.8281478996669,42.318590618981844,41.41865126099976,41.866241455078125,109744800
2019-03-05,41.887667694676146,41.90195186974716,41.55435453421323,41.79005432128906,78949600
2019-03-06,41.58530531623897,41.780532059793444,41.41150846773898,41.54959487915039,83241600
2019-03-07,41.394854982505024,41.530561954309434,40.95441036936287,41.068687438964844,99185600
2019-03-08,40.549654530628665,41.20437238621775,40.35442782630872,41.16627883911133,95997600
2019-03-11,41.780536704959346,42.64476207379975,41.74720574903715,42.592384338378906,128044000
2019-03-12,42.85426983773272,43.48994107105625,42.70427873080419,43.0709228515625,129870400
2019-03-13,43.38994425600369,43.63992820049974,43.07329841068218,43.261383056640625,124130000
2019-03-14,43.7827826161151,43.83040138322581,43.46375722016386,43.7423095703125,94318000
2019-03-15,44.0089593533073,44.59939499066683,43.74469118922754,44.311317443847656,156171600
2019-03-18,44.23512044945754,44.85174476640295,44.23273733223031,44.76365661621094,104879200
2019-03-19,44.84222239614171,44.994592951140454,44.263688004342946,44.40891647338867,126585600
2019-03-20,44.337498406840204,45.11363909902574,43.98037952623001,44.796993255615234,124140800
2019-03-21,45.239831570241165,46.742111437312964,45.18983331663441,46.44689178466797,204136800
2019-03-22,46.50640488188507,47.065892633364044,45.420763965042106,45.48504638671875,169630800
2019-03-25,45.59455842593482,45.70645597035694,44.42559200356954,44.935081481933594,175381200
2019-03-26,45.63026979507093,45.92072676985604,43.9446682740036,44.470821380615234,199202000
2019-03-27,44.93746574322131,45.17792451700558,44.41369203462886,44.87080383300781,119393600
2019-03-28,44.9850703167183,45.1302987940568,44.64699824203542,44.93031311035156,83121600
2019-03-29,45.194591438126565,45.254111259812014,44.88746712386078,45.22315979003906,94256000
2019-04-01,45.62550367676558,45.63502524757183,44.849366691628894,45.5302734375,111448000
2019-04-02,45.494557042435,46.29688647998632,45.48503547211655,46.19213104248047,91062800
2019-04-03,46.008832439637764,46.78259029437941,45.985023052524745,46.5088005065918,93087200
2019-04-04,46.37545200589024,46.75161762841101,45.98262272618478,46.589725494384766,76457200
2019-04-05,46.770674624732635,46.92542833904499,46.64687237984307,46.90161895751953,74106400
2019-04-08,46.763526343275984,47.67060771411414,46.74447956713856,47.6396598815918,103526800
2019-04-09,47.69204530479587,48.29438562024931,47.43253611674226,47.49681854248047,143072800
2019-04-10,47.30158014519366,47.7920264154458,47.18254052900446,47.76345443725586,86781200
2019-04-11,47.81822423539419,47.853934673821236,47.24445230598995,47.36587142944336,83603200
2019-04-12,47.42538742230085,47.64918250585792,46.713532766545136,47.34682083129883,111042800
2019-04-15,47.277798396483426,47.580160192245536,47.14209142140816,47.43254852294922,70146400
2019-04-16,47.48728461347408,47.94201317992309,47.2730111276995,47.437286376953125,102785600
2019-04-17,47.50633845193266,48.420565658052794,47.28492646285772,48.361045837402344,115627200
2019-04-18,48.35865206262389,48.603873379039385,48.21580670422305,48.53483200073242,96783200
2019-04-22,48.289624743180624,48.79197221033013,48.17296457864195,48.694358825683594,77758000
2019-04-23,48.67054780323138,49.46097279452284,48.54436606939777,49.396690368652344,93292000
2019-04-24,49.36810690792531,49.634754470227186,49.294302931416794,49.320491790771484,70162400
2019-04-25,49.24193312050334,49.46334508558559,48.83481599293768,48.87290954589844,74172800
2019-04-26,48.782428934724166,48.80623830897068,48.120569018036306,48.639583587646484,74596400
2019-04-29,48.66339211468231,49.03717824150613,48.53483093167325,48.7133903503418,88818800
2019-04-30,48.34437319932044,48.42531927458395,47.403960863567825,47.77536392211914,186139600
2019-05-01,49.96807847828328,51.260847173955064,49.813324772705464,50.12044906616211,259309200
2019-05-02,49.958548639197176,50.627550746312075,49.55143515858325,49.794273376464844,127985200
2019-05-03,50.208528390389,50.43470293107204,50.05139522758998,50.41327667236328,83569600
2019-05-06,48.63721289375776,49.720474308259035,48.44913186725117,49.634765625,129772400
2019-05-07,49.01574935276211,49.38238974098722,47.81344860502053,48.296749114990234,155054800
2019-05-08,48.06821036715431,48.88720376000116,48.032499924420485,48.30628967285156,105358000
2019-05-09,47.71108629358228,48.01582748157981,46.8206721107276,47.78727340698242,139634400
2019-05-10,47.18260833059418,47.524374640553994,46.07127795478432,47.125247955322266,164834800
2019-05-13,44.861959909569315,45.28498038440615,43.70043870801492,44.386356353759766,229722400
2019-05-14,44.551263298573964,45.33755885279071,44.31226720167281,45.08900451660156,146118800
2019-05-15,44.51780844350511,45.827506164416576,44.458059413303786,45.6291389465332,106178800
2019-05-16,45.387746348226955,45.999575728464684,45.13201879261702,45.428375244140625,132125600
2019-05-17,44.675537722211125,45.62435249909056,44.63490882419049,45.17026138305664,131516400
2019-05-20,43.860575112945824,44.05894235797274,43.08622626273383,43.75780487060547,154449200
2019-05-21,44.26685628541341,44.93126512693006,44.14257729693959,44.59667205810547,113459200
2019-05-22,44.13301433164852,44.38396092978839,43.62873248755831,43.68370056152344,118994400
2019-05-23,42.97149717862801,43.148351949089296,42.495893652579475,42.93803787231445,146118800
2019-05-24,43.06709266530931,43.53074564161301,42.68947842323507,42.773128509521484,94858800
2019-05-28,42.76118705714658,43.16031015583973,42.51980227917044,42.59627914428711,111792800
2019-05-29,42.16370097349173,42.86396159975517,42.063323026611435,42.39313888549805,113924800
2019-05-30,42.52935649566115,42.83527122076542,42.22344177055687,42.613006591796875,84873600
2019-05-31,42.11829342013039,42.53892900730646,41.821940507484086,41.841060638427734,108174400
2019-06-03,41.96772547521384,42.522194647892746,40.69387555577689,41.418033599853516,161584400
2019-06-04,41.92947519408972,42.978667897856404,41.70959922585788,42.933258056640625,123872000
2019-06-05,44.04221266909963,44.211901549584574,43.29176486241516,43.62635803222656,119093600
2019-06-06,43.75539810692999,44.326598531462906,43.53312987985579,44.266849517822266,90105200
2019-06-07,44.575153373485605,45.868122919848474,44.398298624873526,45.445098876953125,122737600
2019-06-10,45.84183945170739,46.69266494884902,45.796429611108664,46.0258674621582,104883600
2019-06-11,46.57077698006724,46.84323236940541,46.26964322768004,46.5588264465332,107731600
2019-06-12,46.35328797515427,46.836061067320955,46.21945075676128,46.410648345947266,73012800
2019-06-13,46.53254111697809,47.03204210337555,46.269647588406826,46.401092529296875,86698400
2019-06-14,45.779696276386936,46.26724663690452,45.48095119972922,46.06410217285156,75046000
2019-06-17,46.102347467348565,46.59468250985322,45.927881330772394,46.33895492553711,58676400
2019-06-18,46.85517529467477,47.86851619029772,46.65441949234837,47.42876434326172,106204000
2019-06-19,47.722747376441426,47.77054952176629,47.156327692900156,47.290164947509766,84496800
2019-06-20,47.88765353768087,47.945013921889384,47.328403467116104,47.670169830322266,86056000
2019-06-21,47.5124294115218,48.002372187149874,47.357079745361425,47.50764846801758,191202400
2019-06-24,47.45029223813148,47.837468466439844,47.36186483291884,47.45985412597656,72881600
2019-06-25,47.4239923880106,47.622359580324556,46.67354481128587,46.7404670715332,84281200
2019-06-26,47.26626862875501,48.0358365075775,47.165890685446655,47.75143051147461,104270000
2019-06-27,47.86852837567722,48.17444674582689,47.69645453473033,47.737083435058594,83598800
2019-06-28,47.483740662644806,47.67971920381685,47.09417952190008,47.30210494995117,124442400
2019-07-01,48.556827282142194,48.872303820169,47.954556212048495,48.169654846191406,109012000
2019-07-02,48.13620626822179,48.54727985958251,48.12425573364212,48.45167922973633,67740800
2019-07-03,48.583136009304106,48.86037241242283,48.44212915914246,48.85320281982422,45448000
2019-07-05,48.59985894410412,49.013321180685026,48.49230778045325,48.81017303466797,69062000
2019-07-08,47.99280233879046,48.133809151047075,47.419213204341766,47.80399703979492,101354400
2019-07-09,47.608030698104976,48.16011120195485,47.51482234871203,48.095584869384766,82312000
2019-07-10,48.2413662841474,48.69067649133362,48.1720553700128,48.5711784362793,71588400
2019-07-11,48.59029394517684,48.848410157180396,48.20790239341633,48.21746063232422,80767200
2019-07-12,48.384757748332575,48.755202417628624,48.32500872576195,48.58790588378906,70380800
2019-07-15,48.776721106125294,49.20213394156513,48.75521232885727,49.04439926147461,67789600
2019-07-16,48.89620741100897,49.259482475783514,48.63570255755212,48.874698638916016,67467200
2019-07-17,48.76714621164611,49.01570050660049,48.580729578732715,48.599849700927734,56430000
2019-07-18,48.75520120218422,49.20451500768722,48.68350164752872,49.15193557739258,74162400
2019-07-19,49.1829995843911,49.35268839848465,48.36324481568932,48.418212890625,83717200
2019-07-22,48.67155855676903,49.52716510710405,48.66200031652238,49.524776458740234,89111600
2019-07-23,49.821133111328635,49.928680636686046,49.5415044398914,49.911949157714844,73420800
2019-07-24,49.63232270243721,49.98603593109381,49.51282464508648,49.87131881713867,59966400
2019-07-25,49.92389988411229,50.00754998570546,49.40766738427243,49.47697830200195,55638400
2019-07-26,49.58691034563834,50.12465157648066,49.50565254598537,49.649051666259766,70475600
2019-07-29,49.821129523719435,50.34213928080888,49.8163485805303,50.112701416015625,86693600
2019-07-30,49.89282876718518,50.2274255237216,49.54628512206538,49.89760971069336,135742800
2019-07-31,51.72353753914433,52.906567550868054,50.49987862645295,50.91572952270508,277125600
2019-08-01,51.121266221435036,52.10832131790344,49.41005685372621,49.81395721435547,216071600
2019-08-02,49.12087737281385,49.335972444521424,48.188793866358694,48.75999450683594,163448400
2019-08-05,47.318826586329074,47.47656119888143,46.025857153447284,46.20749282836914,209572000
2019-08-06,46.91732172907666,47.337957180388806,46.37479958500888,47.08222961425781,143299200
2019-08-07,46.702232636878804,47.694065075152395,46.322229681695646,47.569786071777344,133457600
2019-08-08,47.84702769205936,48.64288529572493,47.653441397317536,48.61898422241211,108038000
2019-08-09,48.29271153651943,48.64296958479051,47.810501798191915,48.21834182739258,98478800
2019-08-12,47.88967148501429,48.47264054893113,47.77691622698608,48.09598922729492,89927600
2019-08-13,48.22552226848346,50.89325463716106,48.095972007042796,50.13275909423828,188874000
2019-08-14,48.73892553994931,49.52581081950047,48.60217842422012,48.64056396484375,146189600
2019-08-15,48.81089743333585,49.213934627282455,47.90165870212019,48.39826202392578,108909600
2019-08-16,49.00761940403555,49.69854452652455,48.90206099247231,49.54020690917969,110481600
2019-08-19,50.52860433163702,51.034802168744775,50.38706178009625,50.46383285522461,97654400
2019-08-20,50.590991119074104,51.18355469517102,50.45664537335362,50.46623992919922,107537200
2019-08-21,51.09719730508161,51.255531296319546,50.76373061070618,51.01322937011719,86141600
2019-08-22,51.14516837923141,51.44504857878068,50.559801644007706,50.97003936767578,89014800
2019-08-23,50.2431213591193,50.87167268359999,48.22073125322143,48.614173889160156,187272000
2019-08-26,49.38667429026109,49.70574728667128,49.19475021549554,49.53781509399414,104174400
2019-08-27,49.866480753429116,50.03201521587099,48.827695261576054,48.97883605957031,103493200
2019-08-28,48.964437759537844,49.35308130541824,48.77731281814011,49.307498931884766,63755200
2019-08-29,50.02001851007021,50.21674168290386,49.5785957240762,50.14236831665039,83962000
2019-08-30,50.418262059397264,50.48783265913524,49.708144094052756,50.077598571777344,84573600
2019-09-03,49.52341468933475,49.65536271132292,48.99322853822822,49.34828567504883,80092000
2019-09-04,49.9936342340931,50.255128923822014,49.7369386531672,50.1855583190918,76752400
2019-09-05,50.859674872176875,51.33228629473703,50.74212053223393,51.166751861572266,95654800
2019-09-06,51.351479283319904,51.440242639191425,50.982024876577526,51.16195297241211,77449200
2019-09-09,51.5410149078116,51.92486307314199,50.63657875407816,51.380279541015625,109237600
2019-09-10,51.30590148845998,52.00642116476611,50.790109031997794,51.98722839355469,127111600
2019-09-11,52.3159027038598,53.66896203989214,52.23433250615887,53.64017105102539,177158400
2019-09-12,53.930455617643666,54.31909918340094,53.46504096397798,53.52021789550781,128906800
2019-09-13,52.778914620535716,52.96843729417026,52.064001256565966,52.479034423828125,159053200
2019-09-16,52.23432939484169,52.81010154946968,52.19354612874398,52.754920959472656,84632400
2019-09-17,52.76932307922049,52.97564081276649,52.567800793429946,52.94684982299805,73274800
2019-09-18,53.033220772901906,53.462651332010914,52.644577148321865,53.443458557128906,101360000
2019-09-19,53.26112037335412,53.68095264649306,52.86767770380978,53.00922393798828,88242400
2019-09-20,53.10997768332739,53.39306280074984,52.171951652718704,52.23432540893555,221652400
2019-09-23,52.5270053823044,52.740519898778054,52.2151292998725,52.47182846069336,76662000
2019-09-24,53.026012342649935,53.37627400150818,52.1047813136798,52.22233200073242,124763200
2019-09-25,52.43104739925435,53.13876383787783,52.092781703491944,53.02600860595703,87613600
2019-09-26,52.778922566693616,53.00443309427309,52.4982350995939,52.752532958984375,75334000
2019-09-27,52.90845463776227,53.009217592623266,52.12636850039442,52.49582290649414,101408000
2019-09-30,52.994830924787706,53.877680194515705,52.96844131904631,53.73133850097656,103909600
2019-10-01,53.995230177972914,54.75092680553321,53.78651107289727,53.88007354736328,139223200
2019-10-02,53.51301219262609,53.637763359473524,52.282302890882896,52.5294075012207,138449200
2019-10-03,52.402264876088374,53.009225779853956,51.61058406203605,52.97563934326172,114426000
2019-10-04,54.131972438434296,54.57579658165948,53.71214017454711,54.46063995361328,138478800
2019-10-07,54.28311450360741,55.161160934101474,54.17995381280001,54.47263717651367,122306000
2019-10-08,54.175170372854474,54.712553459582324,53.817711782691745,53.834503173828125,111820000
2019-10-09,54.4654426574707,54.64776850627761,54.13197601227896,54.4654426574707,74770400
2019-10-10,54.68135673321952,55.28351855399068,54.530219592534166,55.19955062866211,113013600
2019-10-11,55.88566157251954,57.01081243170996,55.73212308887466,56.66775131225586,166795600
2019-10-14,56.35348195750364,57.128374978236515,56.298305029368485,56.58618927001953,96427600
2019-10-15,56.7109382267624,57.013216118499486,56.34868430138051,56.45424270629883,87360000
2019-10-16,55.98643327019431,56.4350565436216,55.945650001818564,56.22633743286133,73903200
2019-10-17,56.39905493311874,56.653352697665795,56.022407393359266,56.444637298583984,67585200
2019-10-18,56.27911289972252,56.996427616238385,56.20714092357815,56.71574020385742,97433600
2019-10-21,56.98203358379018,57.81450126035305,56.93405348688718,57.699344635009766,87247200
2019-10-22,57.85529763738548,58.10479639421251,57.48584312014552,57.567413330078125,82293600
2019-10-23,58.080781074329074,58.35427158777718,57.869664305826724,58.339874267578125,75828800
2019-10-24,58.65896497767729,58.72853923419843,58.01122447632799,58.435855865478516,69275200
2019-10-25,58.335102919308554,59.19155896233175,58.267930039881136,59.155574798583984,73477200
2019-10-28,59.35708206282803,59.79610707966142,59.18914989643876,59.74812698364258,96572800
2019-10-29,59.728937090643406,59.91606203658459,58.19355198019087,58.36627960205078,142839600
2019-10-30,58.71893748749666,58.84848777636585,57.86728069727359,58.35908126831055,124522000
2019-10-31,59.3138952828637,59.77690847217196,56.9196495563918,59.67854690551758,139162000
2019-11-01,59.865671280600196,61.39865842989971,59.77451020608761,61.37227249145508,151125200
2019-11-04,61.73454265573505,61.859297521506406,61.26673387297728,61.77532958984375,103272000
2019-11-05,61.667361337070204,61.940855593414504,61.49223598607557,61.68655776977539,79897600
2019-11-06,61.600188782243734,61.772920071009715,61.26432442111376,61.71294403076172,75864400
2019-11-07,62.259150929671776,62.64656000743047,62.10755639243026,62.4251823425293,94940400
2019-11-08,62.24713806630478,62.668230843713935,61.804389970107614,62.596046447753906,69986400
2019-11-11,62.153279546974815,63.156686525438744,62.14846970255619,63.09172058105469,81821200
2019-11-12,62.93531679624955,63.233696083194374,62.7837295735389,63.033973693847656,87388800
2019-11-13,62.83426231969036,63.7125400727961,62.8198254404933,63.63794708251953,102734400
2019-11-14,63.46467174621912,63.73657843421654,63.06764304091619,63.19758224487305,89182800
2019-11-15,63.44783851732507,63.95315121393565,63.28662428540103,63.948341369628906,100206400
2019-11-18,63.95796632642828,64.35018529631039,63.580191577203664,64.27078247070312,86703200
2019-11-19,64.46329144370087,64.48735535838527,63.85932904179426,64.07588958740234,76167200
2019-11-20,63.89542888738664,64.02536082433262,62.65861548872396,63.329959869384766,106234400
2019-11-21,63.45023330757246,63.527234859371234,62.84626385951354,63.04598617553711,121395200
2019-11-22,63.18557447069228,63.32754201730535,62.764481676352055,62.99066925048828,65325200
2019-11-25,63.214459637773636,64.11199165639886,63.16874039581855,64.09514617919922,84020400
2019-11-26,64.23227289237668,64.28521054996122,63.16390005259661,63.59461975097656,105207600
2019-11-27,63.905016230980486,64.482520587069,63.84005029539335,64.4488296508789,65235600
2019-11-29,64.15048034055641,64.48735310453695,63.98204028692839,64.306884765625,46617600
2019-12-02,64.31169299395302,64.54750759444755,63.39251319176383,63.5633544921875,94487200
2019-12-03,62.15568877645392,62.449250841018284,61.66963012734118,62.43000411987305,114430400
2019-12-04,62.81980766127134,63.358803914149256,62.725960629775706,62.981021881103516,67181600
2019-12-05,63.474328245499024,63.97964107924649,63.21926690581925,63.9050407409668,74424400
2019-12-06,64.36222263596946,65.2092179525118,64.31890465939279,65.13943481445312,106075600
2019-12-09,64.96857491080652,65.16107145471474,63.74379784275475,64.22745513916016,128042400
2019-12-10,64.63172562536087,64.98544384355337,63.97240967069265,64.60285186767578,90420400
2019-12-11,64.68225540996873,65.23328743607989,64.60766242070665,65.15387725830078,78756800
2019-12-12,64.43441196912849,65.58459649359327,64.3237267833271,65.31990814208984,137310400
2019-12-13,65.31991978161426,66.24391691065055,65.19238909997512,66.20782470703125,133587600
2019-12-16,66.65295849103184,67.56492701892114,66.64814864663275,67.34114074707031,128186000
2019-12-17,67.27137184882572,67.80074117462817,67.08608634301142,67.47349548339844,114158400
2019-12-18,67.32672325758145,67.83203610940059,67.16310038160984,67.31228637695312,116028400
2019-12-19,67.25453186379887,67.6587791659251,67.12219135736983,67.37965393066406,98369200
2019-12-20,67.91142590788041,68.01248404193913,67.02833114376412,67.24008178710938,275978000
2019-12-23,67.50235913145113,68.39748214667952,67.46385834825841,68.33732604980469,98572000
2019-12-24,68.50337109692963,68.55149892131642,68.07746848987897,68.40230560302734,48478800
2019-12-26,68.53465245449213,69.7762754042592,68.50577869758881,69.75942993164062,93121200
2019-12-27,70.05056661001181,70.73634754482153,69.32869348774332,69.73294067382812,146266000
2019-12-30,69.6511344086115,70.4283538378636,68.6308893370176,70.14682006835938,144114400
2019-12-31,69.76422454918179,70.66656597182994,69.66556767244613,70.65934753417969,100805600
2020-01-02,71.28257523373918,72.33170151465225,71.02992253216576,72.27154541015625,135480400
2020-01-03,71.5015494021164,72.32688945190185,71.34514498799838,71.56892395019531,146322800
2020-01-06,70.693043053502,72.17769145821572,70.44279162661955,72.13919067382812,118387200
2020-01-07,72.14882777323544,72.40388908002937,71.5809576466451,71.7999267578125,108872000
2020-01-08,71.50393800505775,73.25568310862707,71.50393800505775,72.95490264892578,132079200
2020-01-09,73.92945874874111,74.69705138445374,73.67921459070213,74.50455474853516,170108400
2020-01-10,74.73796219850064,75.23605661610512,74.17249322271363,74.67298889160156,140644800
2020-01-13,74.98821677713917,76.29480594647003,74.87030578803139,76.2683334350586,121532000
2020-01-14,76.2057563300334,76.4150983993522,75.11572800719021,75.23844146728516,161954400
2020-01-15,75.03872116096186,75.91699875877144,74.48528063092401,74.91600036621094,121923600
2020-01-16,75.45740996278018,75.96513130059404,75.09647333767747,75.85443878173828,108829200
2020-01-17,76.10228015577917,76.69662274727602,75.7966897960532,76.69422149658203,137816400
2020-01-21,76.32364730468942,76.7639866868858,76.03730370643434,76.1744613647461,110843200
2020-01-22,76.65810863389025,76.99738987709428,76.35251832728817,76.44636535644531,101832400
2020-01-23,76.49931964228543,76.89393987673444,75.95309750344295,76.81453704833984,104472000
2020-01-24,77.05995917143782,77.80107904499712,76.40305195787334,76.59314727783203,146537600
2020-01-27,74.60801674004179,75.01948249541286,73.36158384540518,74.34092712402344,161940000
2020-01-28,75.21919986278621,76.61481864871986,75.120542963226,76.44397735595703,162234000
2020-01-29,78.07060092433913,78.8887225352215,77.33188214601793,78.04412841796875,216229200
2020-01-30,77.12976928219594,77.98398320909149,76.69904942694382,77.93104553222656,126743200
2020-01-31,77.2235730132215,77.64466563733676,74.18208496382785,74.47564697265625,199588400
2020-02-03,73.22200714636392,75.4333461257712,72.7215115901091,74.27113342285156,173788400
2020-02-04,75.87127869651542,76.91318645690339,75.46703146839315,76.72309112548828,136616400
2020-02-05,77.84678830859878,78.14516750077749,76.74714059246732,77.34870147705078,118826800
2020-02-06,77.61822667711162,78.25587996873817,77.06238481315839,78.25347137451172,105425600
2020-02-07,77.75419304088338,78.00262411427845,76.7001698716179,77.1897964477539,117684000
2020-02-10,75.77877968419138,77.55638885498047,75.69918842968313,77.55638885498047,109348800
2020-02-11,78.05086843646208,78.1232241451145,76.87141886050789,77.08849334716797,94323200
2020-02-12,77.5370987782025,78.92397256512416,77.5370987782025,78.91915130615234,113730400
2020-02-13,78.1931665675849,78.68279311833038,77.99056323907321,78.357177734375,94747600
2020-02-14,78.32580087480906,78.62488821058194,77.86994534379362,78.37645721435547,80113600
2020-02-18,76.0634053664393,77.12225708916644,75.88250875090567,76.94136047363281,152531200
2020-02-19,77.18254532561073,78.28481031761038,77.18254532561073,78.05567169189453,93984000
2020-02-20,77.8169106346844,78.30412292796458,76.75082321347557,77.25492095947266,100566000
2020-02-21,76.84969364795695,77.29108544658935,74.89118775773731,75.50623321533203,129554000
2020-02-24,71.69778197998241,73.3668508412422,69.76098226638659,71.919677734375,222195200
2020-02-25,72.58777314716063,72.96885871696044,69.0132548349646,69.48358154296875,230673600
2020-02-26,69.10974593206521,71.84731631381621,69.10251036153399,70.58586120605469,198054800
2020-02-27,67.8000523998572,68.98190880585912,65.8367176160919,65.97178649902344,320605600
2020-02-28,62.0499482580576,67.15123091808199,61.835280759075644,65.93318939208984,426510000
2020-03-02,68.08467075383604,72.70597777742344,66.98481977694166,72.0716323852539,341397200
2020-03-03,73.24383324028676,73.32342450844571,68.93366391267253,69.78267669677734,319475600
2020-03-04,71.4999874378904,73.17870588852956,70.70163100181635,73.01951599121094,219178400
2020-03-05,71.27808809920204,72.25010562325896,70.28677817477744,70.65098571777344,187572800
2020-03-06,68.01714133821001,70.14448773812289,67.83142342483487,69.7127456665039,226176800
2020-03-09,63.61531637779285,67.07405914136177,63.43441974354321,64.19901275634766,286744800
2020-03-10,66.84493210656007,69.08804757078283,64.9708381447339,68.8227310180664,285290000
2020-03-11,66.90523605779914,67.82901176054172,65.57141762175021,66.43248748779297,255598800
2020-03-12,61.731574731862445,65.12278275616039,59.816481938991764,59.87195587158203,418474000
2020-03-13,63.89027147674693,67.51543909047871,61.01039330045894,67.04510498046875,370732000
2020-03-16,58.35723540866195,62.488910753344506,57.88690504127168,58.41994857788086,322423600
2020-03-17,59.69829586216656,62.13436816241869,57.5010047474182,60.98869323730469,324056000
2020-03-18,57.831438322361606,60.29886692649559,57.19226812473029,59.49568557739258,300233600
2020-03-19,59.669353459047855,60.98386817289122,58.51643928547833,59.039833068847656,271857200
2020-03-20,59.61868823507124,60.74024926077328,54.99256137379153,55.29164505004883,401693200
2020-03-23,55.01185635438383,55.1131579974636,51.280562606035616,54.11701965332031,336752800
2020-03-24,57.00897443311412,59.74172017285772,56.5121122404974,59.54635238647461,287531200
2020-03-25,60.47976645109919,62.288732546346424,58.92405634525676,59.21831512451172,303602000
2020-03-26,59.45951799394508,62.39245259049927,59.420925829165725,62.33456802368164,252087200
2020-03-27,60.96215304640848,61.714681710456084,59.587339648494336,59.75376510620117,204216800
2020-03-30,60.47735127906783,61.63026528942081,60.154146563924634,61.459014892578125,167976400
2020-03-31,61.64957210604245,63.3114052959559,60.78126682215682,61.33360290527344,197002000
2020-04-01,59.454696896013616,59.990151255793265,57.67708705496906,58.106414794921875,176218400
2020-04-02,57.96892520332119,59.12907496179199,57.13921209995254,59.076011657714844,165934000
2020-04-03,58.56225508385467,59.26172040581901,57.638476083102184,58.226993560791016,129880000
2020-04-06,60.51594969304915,63.4609446975246,60.14933518159841,63.306583404541016,201820400
2020-04-07,65.31572482522255,65.53280661848255,62.46962146344631,62.573333740234375,202887200
2020-04-08,63.371688404036405,64.48842448399525,63.00748829000569,64.17487335205078,168895200
2020-04-09,64.80922404965942,65.13966065726305,63.84444219472263,64.63796997070312,161834800
2020-04-13,64.71515578008704,66.0152028927721,64.11698836636067,65.90666198730469,131022800
2020-04-14,67.53473560751405,69.5245983530926,67.06440146882377,69.23516082763672,194994800
2020-04-15,68.1136219235753,69.06151866956002,67.68670844945419,68.6032485961914,131154400
2020-04-16,69.31475615357093,69.51253820784274,68.10154321976958,69.14833068847656,157125200
2020-04-17,68.66593834588957,69.21104245877268,66.7773737102237,68.21007537841797,215250000
2020-04-20,67.04029751693926,67.93995209285313,66.77498097363504,66.79427337646484,130015200
2020-04-21,66.63750234716127,66.87146231135321,64.02052931116778,64.72964477539062,180991600
2020-04-22,65.99350383291697,67.02823469257027,65.65342462126695,66.59408569335938,116862400
2020-04-23,66.53856360980978,67.95679352189143,66.2973682468217,66.3359603881836,124814400
2020-04-24,66.85938066911224,68.26072562347866,66.81113863556433,68.2510757446289,126161200
2020-04-27,67.96888006089833,68.62976064968919,67.52267433285353,68.29932403564453,117087600
2020-04-28,68.76000857373481,68.94090519524222,67.10058974876348,67.1922378540039,112004800
2020-04-29,68.67559111709774,69.86709736755677,68.47298779881385,69.39917755126953,137280800
2020-04-30,69.93705315982548,71.03931848812404,69.54873189331651,70.86324310302734,183064000
2020-05-01,69.0422236579371,72.1174668077666,68.94574691361261,69.72239685058594,240616800
2020-05-04,69.74650229526233,70.83670324791197,69.05909368437592,70.70886993408203,133568000
2020-05-05,71.16713764358983,72.59983938170623,71.02241888364539,71.77012634277344,147751200
2020-05-06,72.46959075931778,73.14011388910748,72.08609083522563,72.5105972290039,142333600
2020-05-07,73.1352926720061,73.6056267954184,72.83379832640894,73.26071166992188,115215200
2020-05-08,73.9185584660756,75.05766251679151,73.59206160601275,75.00445556640625,133838400
2020-05-11,74.51349610684939,76.67803493373073,74.30550263769149,76.1846694946289,145946400
2020-05-12,76.86668877782286,77.31653072784458,75.19310165522488,75.31402587890625,162301200
2020-05-13,75.4929886898536,76.41201718560454,73.33086305668714,74.40467071533203,200622400
2020-05-14,73.64525071591287,74.92220983518885,72.92453990449086,74.86174774169922,158929200
2020-05-15,72.63917339112623,74.46512598393333,72.60531107010586,74.41917419433594,166348400
2020-05-18,75.73967354309555,76.54502554064396,75.05040406447124,76.17257690429688,135178400
2020-05-19,76.18950390013767,77.03355248472863,75.70097277157296,75.73241424560547,101729600
2020-05-20,76.58856613663914,77.27541485579722,76.54986949857867,77.20528411865234,111504800
2020-05-21,77.06741421541801,77.6067388197399,76.39265509370519,76.62966918945312,102688800
2020-05-22,76.3684509339888,77.20525154026136,76.26687875999099,77.1230239868164,81803200
2020-05-26,78.23797358104541,78.41693907225796,76.54503443091458,76.60066223144531,125522000
2020-05-27,76.45795296780663,77.07949771603786,75.7203109556176,76.93438720703125,112945200
2020-05-28,76.61030820274443,78.22344013486418,76.334604889172,76.96824645996094,133560800
2020-05-29,77.21010850014466,77.66961902448975,76.53777018415474,76.8932876586914,153532400
2020-06-01,76.84733299745191,77.95983717000007,76.71673278825261,77.83891296386719,80791200
2020-06-02,77.57286288939194,78.22343558014592,77.1326970947877,78.19924926757812,87642800
2020-06-03,78.51848967465142,78.8909382167243,77.94772370544388,78.6297378540039,104491200
2020-06-04,78.4531959492946,78.75066471951315,77.58011949942701,77.95256805419922,87560400
2020-06-05,78.20168176339025,80.23320685109042,78.172661136236,80.17274475097656,137250400
2020-06-08,79.87043535299438,80.68062898183005,79.16182130122834,80.64676666259766,95654400
2020-06-09,80.32753042867137,83.58522126328481,80.29608895604107,83.19342803955078,147712400
2020-06-10,84.13906188270568,85.80055930851739,83.70131684314876,85.33379364013672,166651600
2020-06-11,84.48004955731804,84.9032841848941,81.13529000514959,81.23686218261719,201662400
2020-06-12,83.36998591557237,84.11487578630992,80.83057755802524,81.93824005126953,200146000
2020-06-15,80.59596788300412,83.60214129780755,80.4339262304824,82.95156860351562,138808800
2020-06-16,85.00001858358407,85.42083972922715,83.36996307483841,85.14996337890625,165428800
2020-06-17,85.89245089695726,85.95291299210936,84.9105470621372,85.0314712524414,114406400
2020-06-18,84.98793725501275,85.48131000026396,84.45828873010188,85.0653305053711,96820400
2020-06-19,85.76912102080368,86.2334658205362,83.47397466183713,84.5792236328125,264476000
2020-06-22,84.97101145656654,86.93481917934642,84.92505967255737,86.79212951660156,135445200
2020-06-23,88.03283047977783,90.05952154919635,87.61443002953723,88.64470672607422,212155600
2020-06-24,88.27468030535546,89.19128795647202,86.7074997623601,87.07994842529297,192623200
2020-06-25,87.23471346059793,88.27465854046778,86.47772685166568,88.2359619140625,137522400
2020-06-26,88.13196647381191,88.35204937887517,85.37730996316603,85.52484130859375,205256800
2020-06-29,85.43295906251363,87.5902503350082,84.95651735369147,87.49592590332031,130646000
2020-06-30,87.08475563938902,88.51166689112543,87.06541101774955,88.22628021240234,140223200
2020-07-01,88.30369462192029,88.84543272516727,88.01106009800148,88.0594253540039,110737200
2020-07-02,88.96394347072363,89.59758515519175,87.94576368111557,88.0594253540039,114041600
2020-07-06,89.48391355913485,90.88179710275243,89.45247208428117,90.41503143310547,118655600
2020-07-07,90.79232666939723,91.56865812021744,90.02325037678547,90.1344985961914,112424400
2020-07-08,91.10914794918781,92.26518323950614,91.02207866967171,92.2337417602539,117092000
2020-07-09,93.1237365851939,93.17694353591374,91.58558408723032,92.63037109375,125642800
2020-07-10,92.22647214944136,92.85044518286722,91.6170168108506,92.79239654541016,90257200
2020-07-13,94.09352557539032,96.69581637996168,92.1514834732687,92.36431121826172,191649200
2020-07-14,91.74762040886819,94.08387721865836,90.8165098218761,93.892822265625,170989200
2020-07-15,95.7622883592816,96.01139191075474,93.34380441075506,94.53853607177734,153198000
2020-07-16,93.41395603386725,94.22898406159878,92.7778934824319,93.37525939941406,110577600
2020-07-17,93.82509836770011,93.97987752001936,92.71500761457771,93.18661499023438,92186800
2020-07-20,93.2736525256197,95.28824595013587,92.93022463537997,95.150390625,90318000
2020-07-21,95.93885992065711,96.0138323479092,93.58809274779549,93.83719635009766,103433200
2020-07-22,93.53970187859424,94.78038533647508,93.45263999834938,94.10079193115234,89001600
2020-07-23,93.83475574009108,93.9121489972856,89.00988472288186,89.81765747070312,197004400
2020-07-24,88.02071079474753,89.93856645763552,86.23828223810673,89.59513854980469,185438800
2020-07-27,90.65445824165903,91.81049336055369,90.4319618348545,91.71858978271484,121214000
2020-07-28,91.2904945734554,91.46704652134645,90.20701133687025,90.21185302734375,103625600
2020-07-29,90.69312464643609,92.124870021663,90.6568488727026,91.9410629272461,90329200
2020-07-30,91.11638837269675,93.15758954142316,90.71008481567014,93.05359649658203,158130000
2020-07-31,99.5302890268665,102.94518713128302,97.53745326363413,102.79524230957031,374336800
2020-08-03,104.67197372398552,107.99738887948055,104.37450494640413,105.38542938232422,308151200
2020-08-04,105.57407987592546,107.17753592025956,104.85336899973937,106.08921813964844,173071600
2020-08-05,105.8111002305475,106.7930041847868,105.34674803582895,106.47376251220703,121776800
2020-08-06,106.80506631063403,110.68189503558312,106.21737659608137,110.18852233886719,202428800
2020-08-07,109.71125415700284,110.16675013813993,106.88864159432606,107.68333435058594,198045600
2020-08-10,109.12489907394888,110.26363878240565,106.60514263588735,109.24846649169922,212403600
2020-08-11,108.5143723583924,109.01105257691337,105.74021214896973,105.99945831298828,187902400
2020-08-12,107.08731438450859,109.77909878796228,106.89348975910477,109.52227783203125,165598000
2020-08-13,110.89843907131024,112.46117673591529,110.41144495933911,111.46054077148438,210082000
2020-08-14,111.28609084035034,111.45084248513194,109.55617638834046,111.36119842529297,165565200
2020-08-17,112.48056244330753,112.50479236850128,110.44537442392807,111.07046508789062,119561600
2020-08-18,110.82334618754544,112.42000004225257,110.48899241818317,111.99600219726562,105633600
2020-08-19,112.4030347872071,113.54661780572758,112.04203328527555,112.13652038574219,145538000
2020-08-20,112.17770423893735,114.73865273876372,112.16074255230501,114.6247787475586,126907200
2020-08-21,115.5817781022112,121.01379798138913,115.569666838942,120.53165435791016,338054800
2020-08-24,124.72560677695705,124.81041520723647,120.11251616944286,121.97325897216797,345937600
2020-08-25,120.84906568793242,121.31667291273054,119.25482982936344,120.97262573242188,211495600
2020-08-26,122.28582351932762,123.07324808240537,121.22219109888121,122.61775207519531,163022400
2020-08-27,123.21861029302171,123.55053882206776,120.0107589966192,121.15192413330078,155552400
2020-08-28,122.12347098857094,122.54020052783069,120.73276064666275,120.9556655883789,187630000
2020-08-31,123.64260792240353,126.9570575746163,122.1113683542111,125.05754089355469,225702700
2020-09-01,128.66270574189053,130.63975477764288,126.50153297923832,130.03887939453125,151948100
2020-09-02,133.34364518172669,133.7216082722021,123.08048105831436,127.34468078613281,200119000
2020-09-03,122.99327511596653,124.86370387094604,116.78109860380435,117.14936828613281,257599600
2020-09-04,116.36438135713807,119.88234909092412,107.46769559812107,117.22691345214844,332607200
2020-09-08,110.4332579025972,115.31771368004287,109.202456054635,109.338134765625,231366600
2020-09-09,113.64110336417085,115.46307981230207,111.70282771529025,113.69924926757812,176940500
2020-09-10,116.64541298049808,116.7810916656073,109.0279901442392,109.98743438720703,182274400
2020-09-11,111.03412581023233,111.67376035548035,106.60516602652415,108.54344177246094,180860300
2020-09-14,111.17949601605923,112.35215193447013,109.31875310720565,111.79974365234375,140150100
2020-09-15,114.6780774740645,115.16264637332723,110.10374588199468,111.97418212890625,184642000
2020-09-16,111.67375141580924,112.41998426492623,108.58219948246469,108.66941833496094,154679000
2020-09-17,106.33380115819288,108.73725877422822,105.35496990474392,106.93466186523438,178011000
2020-09-18,106.99282230683487,107.45800434374442,102.81583306003789,103.54268646240234,287104900
2020-09-21,101.31368353801003,106.78931450767789,99.9181225052482,106.68270874023438,195713800
2020-09-22,109.20245897106359,109.37690408898602,105.791096813168,108.35930633544922,183055400
2020-09-23,108.17515317604892,108.65002858068,103.47482939677325,103.81403350830078,150718700
2020-09-24,101.92421570211286,106.84743726159023,101.75946405865736,104.88008880615234,167743300
2020-09-25,105.08362457756284,108.96986969287116,104.34707769075096,108.81480407714844,149981400
2020-09-28,111.46055396966348,111.76098435804984,109.29937316015781,111.41209411621094,137672400
2020-09-29,111.01474914862773,111.75128862730942,110.06499075546874,110.56893920898438,99382200
2020-09-30,110.27817735653495,113.64108628495799,110.11342572568512,112.23583221435547,142675200
2020-10-01,114.00939664059382,114.0869294571189,112.25525918184798,113.18563079833984,116120400
2020-10-02,109.40595903034216,111.80942388224,108.75663851817679,109.53194427490234,144712000
2020-10-05,110.39450778382883,113.04994370495149,110.04561752920706,112.90457153320312,106243800
2020-10-06,112.12922867288654,112.53627212533412,108.78570657319916,109.6676254272461,161498200
2020-10-07,111.08257884073628,111.98387730301256,110.6076959885073,111.52838134765625,96849000
2020-10-08,112.66226332419956,112.80763546534021,111.053491111729,111.42176818847656,83477200
2020-10-09,111.72221622412157,113.38913459955495,111.37332598768504,113.36006164550781,100506900
2020-10-12,116.35469065538149,121.31667922649164,115.59876429754219,120.56075286865234,240226800
2020-10-13,121.40388985664498,121.5201890553274,115.957340112208,117.36258697509766,262330500
2020-10-14,117.26567529237093,119.23302386837867,115.92826777316701,117.44981384277344,150712000
2020-10-15,115.05604455535725,117.45950223722147,114.50363628707971,116.98462677001953,112559200
2020-10-16,117.53701684155992,117.79868815619513,115.14324558497565,115.34676361083984,115393800
2020-10-19,116.257768515436,116.70357101200219,112.09048045069933,112.40060424804688,120639300
2020-10-20,112.613816705773,115.30802617540574,112.06140841970505,113.88339233398438,124423700
2020-10-21,113.0693210528945,115.04636332670981,112.8561095242572,113.26315307617188,89946000
2020-10-22,113.825219728469,114.39701481541562,111.05348531931205,112.17768859863281,101988000
2020-10-23,112.79795869932553,112.9530243111908,110.75307715494814,111.4896240234375,82572600
2020-10-26,110.491393975544,112.9530046815979,109.39626361538546,111.49929809570312,111850700
2020-10-27,111.92571374848922,113.66047116286873,111.00503586765389,113.00145721435547,92276800
2020-10-28,111.49929044963356,111.86756009765654,107.67119226626225,107.76810455322266,143937800
2020-10-29,108.90201751002611,113.32128352260756,108.7372584642391,111.76097106933594,146129200
2020-10-30,107.63243577844652,108.53373417860142,104.39551925367714,105.50033569335938,190272600
2020-11-02,105.74261950243951,107.26416545991421,104.00786205893465,105.4131088256836,122866900
2020-11-03,106.27565178371685,108.0491682897085,105.37435335866708,107.03157806396484,107624400
2020-11-04,110.61739025769825,112.02263714006965,108.88263267145909,111.40238952636719,138235500
2020-11-05,114.30980518907859,115.92827100011738,113.26314194201399,115.35647583007812,126387100
2020-11-06,114.86620058544844,115.72051043404942,112.74012502454565,115.22540283203125,114457900
2020-11-09,116.98256035318745,118.42906462725001,112.66246046464602,112.92457580566406,154515300
2020-11-10,112.1770700305599,114.15751541071181,110.79851455087879,112.58480834960938,138023400
2020-11-11,113.76917941200294,116.13794979982603,113.04107221188863,116.00203704833984,112295000
2020-11-12,116.12827545684921,117.011708557713,115.10892216454586,115.73023986816406,103162300
2020-11-13,115.95354705804297,116.17682920699832,114.42937567681565,115.77880096435547,81581900
2020-11-16,115.44869936969526,117.45827535475047,114.70117908437909,116.78842163085938,91183000
2020-11-17,116.06031664652185,117.14761890185565,115.48753500270898,115.90498352050781,74271000
2020-11-18,115.1477501072869,116.32242906767756,114.55555554119123,114.58467864990234,76322100
2020-11-19,114.15753414064645,115.58462589815453,113.40030359340344,115.17688751220703,74113000
2020-11-20,115.17688893429653,115.30309155816464,113.86629701660235,113.91483306884766,73604300
2020-11-23,113.75948583985478,114.18664449638574,110.42960812922888,110.52668762207031,127959300
2020-11-24,110.58492881138899,112.46829446219832,109.3034529858571,111.80814361572266,113874200
2020-11-25,112.17706662745255,113.34203533416394,111.80815419186463,112.64305114746094,76499200
2020-11-27,113.1673012347678,114.06044449798334,112.82751927666311,113.18671417236328,46691300
2020-11-30,113.5556343004744,117.43887387012144,113.40030116247651,115.57492065429688,169410200
2020-12-01,117.47770289816154,119.86589425816237,116.50689304092421,119.13778686523438,127728200
2020-12-02,118.45821072635326,119.76880990592802,117.36119829848747,119.48727416992188,89004200
2020-12-03,119.91442821402666,120.16684084637635,118.64266969338425,119.35136413574219,78967600
2020-12-04,119.02127760834182,119.27369022514605,117.97280126779268,118.6814956665039,78260400
2020-12-07,118.73973457388429,120.93376661663584,118.68148836078066,120.13770294189453,86712000
2020-12-08,120.73961821864586,121.33181279274314,119.49697544555106,120.74932098388672,82225500
2020-12-09,120.89493115150903,122.27347915241411,117.46797408436613,118.22520446777344,115089200
2020-12-10,116.98256924136862,120.25420060772244,116.64278732656992,119.64258575439453,81312200
2020-12-11,118.85625070668806,119.1766197360741,117.03113084780422,118.83683776855469,86939800
2020-12-14,119.02126812811062,119.74937540549305,117.99221221288433,118.22520446777344,79184500
2020-12-15,120.71048072938689,124.16656847506606,120.50661157074111,124.14714813232422,157243700
2020-12-16,123.69088274191743,124.62285187377786,122.86568846942772,124.0792007446289,98208600
2020-12-17,125.13736576654637,125.79752407268884,124.30246882292478,124.94320678710938,94359800
2020-12-18,125.1956339798523,125.33154675459895,122.43853039208297,122.9627685546875,192541500
2020-12-21,121.37061754282183,124.56458213693422,119.84644670920004,124.4869155883789,121251600
2020-12-22,127.76830318074434,130.48657411125797,125.86550908536934,128.03042602539062,168904800
2020-12-23,128.30219846013182,128.5643063827583,126.96247649097057,127.1372299194336,88223700
2020-12-24,127.48676208852152,129.56429466422506,127.27318272727676,128.11778259277344,54930100
2020-12-28,130.07879843395568,133.33100207588342,129.61279910731304,132.69998168945312,124486200
2020-12-29,134.02030377703682,134.73869359094937,130.41859268818658,130.93312072753906,121047300
2020-12-30,131.62238763508645,132.02042318765425,129.50601467789232,129.81668090820312,96452100
2020-12-31,130.16619767612093,130.80693578751612,127.87508564026446,128.8167724609375,99116600
2021-01-04,129.62254430627095,129.70991364361626,123.05986719141745,125.63251495361328,143301900
2021-01-05,125.12770893163514,127.89452354768616,124.68112978296618,127.18582153320312,97664900
2021-01-06,123.99183545726343,127.2246340413711,122.6909464043688,122.90452575683594,155088000
2021-01-07,124.61316339386353,127.78771601746288,124.12775842813694,127.09843444824219,109578200
2021-01-08,128.56433221406948,128.75850602101508,126.42855365810287,128.1954345703125,105158200
2021-01-11,125.41894161275994,126.37033122968266,124.74908036749336,125.2150650024414,100384500
2021-01-12,124.74906018656239,125.90432622691371,123.15693269578279,125.0403060913086,91951100
2021-01-13,125.00144560094915,127.61292593794164,124.73933766024427,127.06927490234375,88636800
2021-01-14,126.98190143012104,127.17606039170735,125.00144150715477,125.1470718383789,90221800
2021-01-15,125.02087645693894,126.41884484513,123.29283631414191,123.42874908447266,111598500
2021-01-19,124.05007410140924,124.95293491139884,123.23459743091543,124.09861755371094,90757300
2021-01-20,124.90443062194485,128.62263507066567,124.79764091875076,128.17605590820312,104319500
2021-01-21,129.89436203777117,135.59301116722563,129.69048544958548,132.87474060058594,120150900
2021-01-22,132.30193097010215,135.76772834904443,131.0787162081466,135.010498046875,114459400
2021-01-25,138.89375351472623,140.85477848015867,132.55435242559187,138.7481231689453,157611700
2021-01-26,139.40832944748692,140.08789352147755,137.24341236503608,138.98117065429688,98390600
2021-01-27,139.24322781199024,140.08784232197448,136.31139319096383,137.91322326660156,140843800
2021-01-28,135.44740902267984,137.8453107957744,132.70971784009862,133.0883331298828,142621100
2021-01-29,131.86509178375854,132.7485322226158,126.40914566020653,128.10806274414062,177523800
2021-02-01,129.84581103922318,131.42823575703017,127.1081202867018,130.22442626953125,106239800
2021-02-02,131.76801136085197,132.33108282824628,130.68070911395654,131.04962158203125,83305400
2021-02-03,131.79715512438477,131.806872704572,129.70991963118382,130.03028869628906,89880900
2021-02-04,132.3213832150557,133.38926514344305,130.66129188255576,133.3795623779297,84183100
2021-02-05,133.53998407473009,133.60803459447885,132.09131060559002,132.96633911132812,75693800
2021-02-08,132.25661898979965,133.16082913582426,131.1774090425887,133.11221313476562,71297200
2021-02-09,132.83023162868662,134.05528941674183,132.0816016865625,132.23715209960938,76774200
2021-02-10,132.6941140635208,133.18997643259982,130.6718103643523,131.6343536376953,73046600
2021-02-11,132.13019115518452,132.6066041234454,130.05928645451803,131.38156127929688,64280000
2021-02-12,130.62321880046613,131.7704791984505,129.98152323777,131.6149139404297,60145100
2021-02-16,131.731578673249,132.23714344471992,129.10646349095452,129.49537658691406,80576300
2021-02-17,127.6092169957538,128.5523110624879,125.87859413495782,127.21058654785156,97918500
2021-02-18,125.61607603838664,126.39388754422443,123.87573596059903,126.1119384765625,96856700
2021-02-19,126.62719484726894,127.08415840410441,125.22713755275306,126.26744842529297,87668800
2021-02-22,124.4590755242555,126.12164769737448,122.1159313080217,122.50483703613281,103916400
2021-02-23,120.32695270389084,123.19511800076138,115.10591153263685,122.36869812011719,158273000
2021-02-24,121.47424838833642,122.07704524597303,118.83942290821223,121.87287139892578,111039900
2021-02-25,121.22144033722896,122.9520628532438,117.19628243074794,117.63379669189453,148199500
2021-02-26,119.18942513713463,121.38673620225251,117.83798347678476,117.89632415771484,164560400
2021-03-01,120.31722988203185,124.38127883253527,119.38386074641136,124.24516296386719,116307900
2021-03-02,124.84797657824923,125.14937496490815,121.54228933610958,121.64923858642578,102260900
2021-03-03,121.34784230356715,122.22287832128721,118.46022715397075,118.67412567138672,112966300
2021-03-04,118.37270244109511,120.17138267841435,115.32953009185248,116.79763793945312,178155000
2021-03-05,117.62409786604603,118.55746720916116,114.30868545617739,118.05188751220703,153766600
2021-03-08,117.57545493676041,117.64351287063639,112.98638448752729,113.1322250366211,154376600
2021-03-09,115.72817134912674,118.67411961018901,115.4948308955723,117.73102569580078,129525800
2021-03-10,118.31440509060741,118.78108606530098,116.13653581616963,116.65184020996094,111943300
2021-03-11,119.14080957092585,119.79222236399583,117.89631724453561,118.57689666748047,103026500
2021-03-12,117.06016987865702,117.80880722667213,115.8545688924242,117.67269134521484,88105100
2021-03-15,118.04215631738552,120.56030756816384,117.07961303714333,120.55058288574219,92403800
2021-03-16,122.21312976850402,123.69096973595795,121.26031872689654,122.08673858642578,115227900
2021-03-17,120.60891318675553,122.36870224795845,118.9463412703685,121.2992172241211,111932600
2021-03-18,119.47137236768086,119.7630534964986,116.98238776140393,117.18656158447266,121229700
2021-03-19,116.57405253188959,118.06161012823361,116.3601540036749,116.66155242919922,185549500
2021-03-22,116.99213164518407,120.43393540842945,116.9240736929911,119.96724700927734,111912300
2021-03-23,119.90889482634996,120.79364806529563,118.75190240381558,119.14080810546875,95467100
2021-03-24,119.41303294328375,119.49081556265351,116.73931659895885,116.75875854492188,88530500
2021-03-25,116.22401924724316,118.28521414548541,115.6989976953015,117.24488830566406,98844700
2021-03-26,117.0115497729694,118.11020888610055,115.62121696029041,117.84769439697266,94071200
2021-03-29,118.27551018422949,119.17971289024223,117.3810321617412,118.02272033691406,80819200
2021-03-30,116.7782094597697,117.06016589541106,115.56288383257017,116.57403564453125,85671900
2021-03-31,118.27548932601961,120.09361168317854,117.78935908416811,118.7616195678711,118323800
2021-04-01,120.22973871260609,120.7353109160336,119.09218827381586,119.58804321289062,75089100
2021-04-05,120.4339277556789,122.6604055041721,119.65611627910346,122.4076156616211,88651200
2021-04-06,122.99095607539735,123.60347753407522,122.16453611496429,122.70899963378906,80171300
2021-04-07,122.33954050731289,124.37156139198876,121.66867838856395,124.35211944580078,83466700
2021-04-08,125.3730205275212,126.77307837877164,124.95495552679813,126.74391174316406,88844600
2021-04-09,126.19939309739704,129.34950705430177,125.8785454100243,129.3106231689453,106686700
2021-04-12,128.84397969384253,129.1648274741665,127.00640774145585,127.5994873046875,91420000
2021-04-13,128.76618458654,130.9246041100814,128.27032223067465,130.7009735107422,91266500
2021-04-14,131.19685094542675,131.2551842091699,128.0078372862974,128.36756896972656,87222800
2021-04-15,130.107867375951,131.25512729346974,129.93285282509277,130.7689971923828,89347100
2021-04-16,130.57459244358938,130.9343240931431,129.58288254678484,130.4384765625,84922400
2021-04-19,129.80651616783663,131.71215360069297,129.6412336348906,131.09962463378906,94264200
2021-04-20,131.27462375202614,131.7704712922572,128.15366085563892,129.4176025390625,94812300
2021-04-21,128.6883918850069,130.03983329744375,127.65779819666872,129.79676818847656,68847100
2021-04-22,129.3495375220918,130.42874732999832,127.7647629078915,128.28005981445312,84566500
2021-04-23,128.49395363729542,131.37183646308597,128.49395363729542,130.5940399169922,78657500
2021-04-26,131.08990519751984,131.31352099303626,129.85513001828372,130.9829559326172,66905100
2021-04-27,131.26487557787047,131.6537886519638,130.38984712331498,130.66207885742188,66015800
2021-04-28,130.58431883810096,131.2746303918658,129.38844245381026,129.87457275390625,107760100
2021-04-29,132.6843927517533,133.26775499092827,128.77590135452442,129.77732849121094,151101000
2021-04-30,128.12446244748273,129.85508461220547,127.43416593536529,127.81334686279297,109839500
2021-05-03,128.37728825955,130.35099100560777,128.17312183322954,128.86341857910156,75135100
2021-05-04,127.55085108162373,127.84253218435018,123.18539631101322,124.30349731445312,137564700
2021-05-05,125.61603972510449,126.83136521554766,124.42016359645294,124.54656219482422,84000900
2021-05-06,124.34240242288911,126.15080765787947,123.60348232032891,126.1410903930664,78128300
2021-05-07,127.43637521223602,127.83566778817108,126.10210583375782,126.81307220458984,78973300
2021-05-10,126.03393749535272,126.16053593199283,123.50176071253134,123.54071807861328,88071200
2021-05-11,120.2781354744355,122.97586852300613,119.56717642454035,122.6252670288086,126142800
2021-05-12,120.18073848547931,121.38838724678817,119.06073823482639,119.56716918945312,112172300
2021-05-13,121.32996797634482,122.85900963548862,121.01831640984287,121.70979309082031,105861300
2021-05-14,122.95637735686638,124.55359227820217,122.56681111085221,124.12506866455078,81918000
2021-05-17,123.51152281141687,123.61865372868071,121.90456648281831,122.97586822509766,74244600
2021-05-18,123.25829164809352,123.67707407576847,121.5247295992301,121.59290313720703,63342900
2021-05-19,119.94699632595916,121.66107596519278,119.65481977612977,121.43708038330078,92612000
2021-05-20,121.96300762442338,124.38804651528841,121.83639430422342,123.98873901367188,76857100
2021-05-21,124.48544038866837,124.66074485833978,121.94352929361253,122.15779113769531,79295400
2021-05-24,122.7226648496732,124.60231548530916,122.65449130041634,123.78422546386719,63092900
2021-05-25,124.48541363170318,124.97237699199731,123.02454584189425,123.58941650390625,72009500
2021-05-26,123.64784897774915,124.06663137518274,123.12193568117969,123.54071807861328,56575900
2021-05-27,123.14142966400581,124.31012103497811,121.816908814046,122.01168823242188,94625600
2021-05-28,122.29411590101695,122.51811890538758,121.30072904118603,121.35916137695312,71311100
2021-06-01,121.81690564628397,122.07985859728936,120.70664664362424,121.03777313232422,67637100
2021-06-02,121.03777419532105,121.97272876206887,120.81377861108228,121.79742431640625,59278900
2021-06-03,121.42734431379967,121.59290756486408,119.91777779316642,120.31708526611328,76229200
2021-06-04,120.83326200560104,122.86874195718396,120.61900017592295,122.60578155517578,75169300
2021-06-07,122.878461975424,123.02455024570587,121.57342360305104,122.61550903320312,71057600
2021-06-08,123.29726191856811,125.10874632513031,122.91743682004416,123.43360900878906,74403800
2021-06-09,123.89135316418162,124.41726657205889,123.21935146016743,123.81343841552734,56877900
2021-06-10,123.70630923030153,124.84579201187799,122.65448983014099,122.82005310058594,71186400
2021-06-11,123.22907197958327,124.11533537847384,122.81028956380078,124.02767944335938,53522400
2021-06-14,124.48544741810112,127.13448215442439,123.75501332495071,127.0760498046875,96906500
2021-06-15,126.5501187512876,127.19290419262148,126.01446421684268,126.25794219970703,62746300
2021-06-16,126.96889285474992,127.47533121654288,125.10873237290743,126.75463104248047,91815000
2021-06-17,126.41376207268152,129.09201968074376,126.26766637763058,128.35183715820312,96721700
2021-06-18,127.30002703971456,128.0791446469785,126.84228727205331,127.05654907226562,108953300
2021-06-21,126.90074760795298,128.955702701089,125.83918700220758,128.84857177734375,79663300
2021-06-22,128.68299766370282,130.58212309669915,128.18629303149916,130.48472595214844,74783600
2021-06-23,130.2802171084206,130.815871699919,129.75429628741554,130.2120361328125,60214200
2021-06-24,130.94247320751583,131.12751887622477,129.46212271856308,129.9296112060547,68711000
2021-06-25,129.97831108103458,130.3970861369589,129.34525932066123,129.63743591308594,70783700
2021-06-28,129.9296003283306,131.72159479819973,129.87116798746578,131.26385498046875,62111300
2021-06-29,131.28335318569188,132.92926700154416,130.84509571572818,132.7734375,64556100
2021-06-30,132.6176097807272,133.8252661428457,132.32543317658508,133.3870086669922,63261400
2021-07-01,133.03639973908412,133.7473514160783,132.218302275189,133.6889190673828,52485800
2021-07-02,134.30245986108,136.34768102067733,134.1563790042736,136.30873107910156,78852600
2021-07-06,136.4158466947496,139.41548226335163,136.4158466947496,138.31497192382812,108181800
2021-07-07,139.7953189039971,141.11010601971827,138.93828646790567,140.7984619140625,104911600
2021-07-08,137.88646110200742,140.30175867225685,137.00019762598444,139.50315856933594,105575500
2021-07-09,139.02592340594762,141.8502619651795,138.92852627188464,141.32435607910156,99890800
2021-07-12,142.39566628334748,142.5027971874123,140.24331443285035,140.7302703857422,76299700
2021-07-13,140.27253162136344,143.61305721006948,139.88297280050324,141.8405303955078,100827100
2021-07-14,144.2363309791151,145.66798238945225,143.82727498126442,145.25892639160156,127050800
2021-07-15,145.3466125845258,146.08678025462487,143.25269315111336,144.60643005371094,106820300
2021-07-16,144.58697348148013,145.85304711779946,142.0742788872529,142.5709686279297,93251400
2021-07-19,139.99983785193092,140.31149679803218,137.97409928442224,138.73374938964844,121434600
2021-07-20,139.71742366986297,143.26246279631377,139.23046766424767,142.3372344970703,96350000
2021-07-21,141.7334095777614,142.31776271135624,140.85689473808662,141.60679626464844,74993500
2021-07-22,142.13272618480354,144.33376205602218,142.00611286355945,142.9702911376953,77338200
2021-07-23,143.70069581628857,144.84017089255983,143.0871265980212,144.68434143066406,71447400
2021-07-26,144.40193160847764,145.92123190033908,143.84679465375743,145.1031494140625,72434100
2021-07-27,145.22972386851797,145.31738722526956,141.75286644595897,142.9410400390625,104818600
2021-07-28,141.03216017207177,143.13581314895694,138.82137630671426,141.19772338867188,118931200
2021-07-29,140.91531705042755,142.72679380278865,140.80818614558353,141.8405303955078,56699500
2021-07-30,140.61342392407167,142.51254941417247,140.35046351445212,142.0548095703125,70440600
2021-08-02,142.5417457565108,143.11635020883497,141.4607029570404,141.72366333007812,62880000
2021-08-03,142.00607403013316,144.1778931349551,141.3925048543154,143.51564025878906,64786600
2021-08-04,143.42802249439222,143.9344460279435,142.4638442773508,143.11636352539062,56368300
2021-08-05,143.1455654900914,143.9831303102646,142.35669923658142,143.22348022460938,46397700
2021-08-06,142.74557545925379,143.48685218422662,142.0433070322341,142.54074096679688,54126800
2021-08-09,142.59925003312128,143.08693557693016,141.93600483737242,142.49195861816406,48908700
2021-08-10,142.83333089104445,144.072056221946,141.72140855204836,142.01402282714844,69023100
2021-08-11,142.45294678468827,143.10644361120174,141.94574966449076,142.2676239013672,48493500
2021-08-12,142.58950812317931,145.37907015513477,142.24812227389452,145.22300720214844,72282600
2021-08-13,145.30105342277125,145.75947909182239,144.61829653790267,145.4278564453125,59375000
2021-08-16,144.88167213643467,147.4664154712031,142.86266092528632,147.39813232421875,103296000
2021-08-17,146.53002087530285,147.94430623200614,145.41809822926902,146.4910125732422,92229700
2021-08-18,146.11058891263426,147.0079285089272,142.55047558587256,142.75531005859375,86326000
2021-08-19,141.45806146213795,144.35491465635323,140.9411159989395,143.08692932128906,86960300
2021-08-20,143.8087395067066,144.84263065061194,143.16499090967656,144.54026794433594,60549600
2021-08-23,144.65729855503196,146.4910011515847,144.24764444190524,146.0228271484375,60131800
2021-08-24,145.76920152361467,147.1444782861979,145.47658722985506,145.9350128173828,48606400
2021-08-25,146.12032437546637,146.61777310120064,144.15983406027962,144.70603942871094,58991300
2021-08-26,144.6962977745989,145.44732274946605,143.8769748010463,143.90623474121094,48597200
2021-08-27,143.84772924961433,145.08645474475415,143.21374397198983,144.94015502929688,55802400
2021-08-30,145.33032150285524,149.70974393152048,144.94992729692555,149.34884643554688,90956700
2021-08-31,148.90016654739884,149.03671791602926,147.5638979226051,148.09060668945312,86453100
2021-09-01,149.06600170091482,151.163044100905,148.5880643927795,148.75387573242188,80313700
2021-09-02,150.08035127222993,150.90942268736845,148.64655451799135,149.8657684326172,71115500
2021-09-03,149.9730775691431,150.8216606743961,149.3195806196622,150.49978637695312,57808700
2021-09-07,151.15326259436534,153.38685589495006,150.58754556278473,152.83090209960938,82278300
2021-09-08,153.11374935418493,153.17226923823645,150.18763608775444,151.28981018066406,74420200
2021-09-09,151.6604770125975,152.2652024090621,150.15839699282031,150.27545166015625,57305700
2021-09-10,151.1825274626448,151.65070144497142,145.03768627305047,145.30104064941406,140893200
2021-09-13,146.92016289482572,147.6906995642944,145.08646034770857,145.86676025390625,102404300
2021-09-14,146.64704249063803,147.34931083330153,143.29176371635268,144.47195434570312,109296300
2021-09-15,144.90114769505237,145.7594791408811,142.76508231790012,145.3595733642578,83281300
2021-09-16,144.7840411436684,145.30098646707,143.59408759995748,145.1254119873047,68034100
2021-09-17,145.15475696069768,145.15475696069768,142.17010842593353,142.4627227783203,129868800
2021-09-20,140.25836010441694,141.272739448902,137.79067253613061,139.41954040527344,123478900
2021-09-21,140.38514645685206,141.03865814980705,139.2634757155347,139.8974609375,75834000
2021-09-22,140.89236024826914,142.82359096635926,140.16083188261564,142.2578887939453,76404300
2021-09-23,143.03815533417017,143.45757261545157,142.05303595354863,143.21372985839844,64838200
2021-09-24,142.07256662788618,143.83798604484667,141.97502355876833,143.30152893066406,53477900
2021-09-27,141.88726170941032,142.36519899589,140.27790504587242,141.7897186279297,74150700
2021-09-28,139.7219107001194,141.18496735666514,138.2003341585889,138.4149169921875,108972300
2021-09-29,138.961106448078,140.89233684538155,138.53194083023718,139.31224060058594,74602000
2021-09-30,140.12183534910463,140.82410382973063,137.80044704464729,138.01502990722656,89056700
2021-10-01,138.40517505038864,139.40005789714257,135.68389579904266,139.13670349121094,94639600
2021-10-04,138.26860229461653,138.7075311976416,134.86456666800945,135.713134765625,98322000
2021-10-05,136.0545317412187,138.73680249578317,135.92772872481194,137.63462829589844,80861100
2021-10-06,136.03499804431914,138.6489852474294,134.96208396365105,138.502685546875,83221100
2021-10-07,139.53657886179528,140.66801284222436,139.2049562794912,139.7609100341797,61732700
2021-10-08,140.48271316225515,140.62901288949595,139.04891630336158,139.3805389404297,58773200
2021-10-11,138.76606124094116,141.2434974770439,138.31738395190774,139.29275512695312,64452200
2021-10-12,139.7024354588627,139.7219470532615,137.56636980326286,138.02479553222656,73035900
2021-10-13,137.7614036307742,137.91745167770748,135.7716384818284,137.4395294189453,78762700
2021-10-14,138.61000380183043,140.33641501765865,138.02477512030043,140.2193603515625,69907100
2021-10-15,140.22911148485912,141.3312707409973,139.97550546602724,141.2727508544922,67940300
2021-10-18,139.9170017643,143.2235096811566,139.63415065247935,142.94065856933594,85589200
2021-10-19,143.38930715549284,145.49611240776287,142.94064476173952,145.09620666503906,76378900
2021-10-20,145.037656955219,146.0617994269622,144.47194001956103,145.5838623046875,58418800
2021-10-21,145.14498028007083,145.95454013073487,144.2281290062348,145.79847717285156,61421000
2021-10-22,146.0033099939033,146.481232332848,144.97916730862042,145.02793884277344,58883400
2021-10-25,145.01813426297446,145.69114254666354,143.98424351880567,144.9791259765625,50720600
2021-10-26,145.65214337099943,147.12494812357627,145.34001752826615,145.64239501953125,60893400
2021-10-27,145.68143968000115,146.04232225315448,144.83287151805337,145.1840057373047,56094900
2021-10-28,146.1300923838208,149.39757634919977,146.0325493292803,148.81236267089844,100077900
2021-10-29,143.59412144965486,146.24713179057537,142.80407331191392,146.11058044433594,124953200
2021-11-01,145.3205197027828,146.0130247261565,144.1598259189258,145.291259765625,74588300
2021-11-02,144.99864449006242,147.8369774382172,144.98888125575905,146.3251495361328,69122000
2021-11-03,146.686042864982,148.22713081802038,146.13008913879244,147.7589569091797,54511500
2021-11-04,147.84676026074618,148.6758168059769,146.92990900121129,147.24203491210938,60394600
2021-11-05,148.36533077411934,148.66813471450217,146.57779487265975,147.7694854736328,65463900
2021-11-08,147.8964511588677,148.0527418478978,146.67545809713351,146.94895935058594,55020900
2021-11-09,146.71456416967115,147.9160175036458,146.57781350486675,147.31040954589844,56787900
2021-11-10,146.53874739869644,146.64619541359409,144.41910465453822,144.4874725341797,65187100
2021-11-11,145.50333134171993,145.96241109507744,144.25302053135974,144.43861389160156,41000000
2021-11-12,144.9856178095641,146.90990439693277,144.05766590459464,146.50942993164062,63804000
2021-11-15,146.88062009926887,148.35558969382197,145.96243066007273,146.5192108154297,59222800
2021-11-16,146.4606021824879,147.97463697406297,145.87451939068316,147.49600219726562,59256200
2021-11-17,147.49599850722544,151.40317727562876,147.48623592599793,149.92822265625,88807000
2021-11-18,150.1431040324191,154.98799688592075,149.4984160214015,154.20655822753906,137827700
2021-11-19,153.99168810581827,157.2834965855034,152.897682743032,156.82440185546875,117305600
2021-11-22,157.9281202781403,161.85483815926344,157.2639072032153,157.283447265625,117467900
2021-11-23,157.3811499145866,158.04537802988585,155.36895531169498,157.6644287109375,96041900
2021-11-24,157.01975602804134,158.37750013405517,155.9355132595911,158.18214416503906,69463600
2021-11-26,155.86710492688786,156.72667394842426,152.73158803573577,153.171142578125,76959800
2021-11-29,155.6717241177042,157.44949714116228,155.10518155763626,156.52154541015625,88748200
2021-11-30,156.2773947152438,161.67906839694083,156.2090119296681,161.46417236328125,174048100
2021-12-01,163.59354652559932,166.3481143018466,160.7120055934647,160.94644165039062,152052500
2021-12-02,155.0563862894109,160.38967666927002,154.13819694441963,159.9598846435547,136739200
2021-12-03,160.21384675586103,161.1320360204304,156.01362719703414,158.0844268798828,118023100
2021-12-06,160.47759138079394,163.98429560873123,160.4678287996897,161.48370361328125,107497000
2021-12-07,165.15645786646198,167.5984447377344,164.43362438687151,167.2077178955078,120405400
2021-12-08,168.1356556285786,171.87678065417452,166.73883163036436,171.01719665527344,116998900
2021-12-09,170.85113086564078,172.64842918211983,169.88409893762693,170.50924682617188,108923700
2021-12-10,171.14419733842757,175.46162790674452,170.63625994665398,175.28579711914062,115402700
2021-12-13,176.91705651666257,177.90362873179458,171.45677755961725,171.6619110107422,153237000
2021-12-14,171.18327152968024,173.6154957034132,168.21382219359762,170.2846221923828,139380400
2021-12-15,171.04648048892548,175.33460762233094,168.31145298797125,175.13925170898438,131063300
2021-12-16,175.11973661793166,176.9365751900634,166.78767978084602,168.26263427734375,150185800
2021-12-17,165.98668171971096,169.44454258569772,165.75226057944147,167.16860961914062,195432700
2021-12-20,164.375008447403,166.62163920449956,163.5740445559153,165.81089782714844,107499100
2021-12-21,167.57889907243998,169.18084181030284,165.1955175809284,168.97572326660156,91185900
2021-12-22,169.02453697313442,171.77910499631244,168.15519034473417,171.564208984375,92135300
2021-12-23,171.76939268718658,172.74618760743286,171.20284984487884,172.1894073486328,68356600
2021-12-27,172.9805506410723,176.23327841950962,172.96102548062714,176.14537048339844,74919600
2021-12-28,175.97930746687297,177.12215528727302,174.38712760111903,175.12948608398438,79144300
2021-12-29,175.16859502828655,176.4384311169709,174.00620695259946,175.21743774414062,62348900
2021-12-30,175.30532209148024,176.3798020768136,173.95734081982604,174.06478881835938,59773000
2021-12-31,173.9574007677881,175.07094636146564,173.14665920940863,173.44947814941406,64062300
2022-01-03,173.70339765267045,178.6362137085352,173.58618706197944,177.78639221191406,104487900
2022-01-04,178.39199939810527,178.69480333397306,174.96344087400894,175.5299835205078,99310400
2022-01-05,175.44210103848545,175.9891036993743,170.58743006603996,170.86093139648438,94537600
2022-01-06,168.69246617678775,171.2321387270322,167.65706602936248,168.0087127685547,96904000
2022-01-07,168.8780217142409,170.09901499255682,167.06118311991872,168.1747283935547,86709100
2022-01-10,165.15642793014217,168.4970635759533,164.26754129298973,168.1942596435547,106765600
2022-01-11,168.3212489833143,171.1148671703379,166.85605711502512,171.01719665527344,76138300
2022-01-12,172.03304652412405,173.06844633316717,170.76322556870227,171.4567413330078,74805200
2022-01-13,171.70094857794888,172.52145244084235,167.80353287215138,168.1942596435547,84505800
2022-01-14,167.36401309283474,169.7473947274692,167.11981439919933,169.0538787841797,80440800
2022-01-18,167.53003637041928,168.53613361538314,165.47877665458643,165.85972595214844,90956700
2022-01-19,166.0550783276264,167.11001826086033,162.08929472408371,162.37255859375,94815000
2022-01-20,163.10515822088573,165.74250066133902,160.3701303584997,160.69247436523438,91420500
2022-01-21,160.60457194151562,162.470253269675,158.5337720868401,158.64122009277344,122848900
2022-01-24,156.30664473205084,158.53373478123166,151.11009134749582,157.8695068359375,162294600
2022-01-25,155.29079647095608,158.98307875093712,153.3762874615523,156.07223510742188,115798400
2022-01-26,159.70589857439398,160.57524507136318,154.15771304423117,155.98431396484375,108275300
2022-01-27,158.68026486629398,160.0380086364196,154.60703355591713,155.5252227783203,121954600
2022-01-28,161.86465470605705,166.39698147337538,159.0221785798324,166.37744140625,179935700
2022-01-31,166.2113655240236,170.9390476064095,165.57644011866424,170.72415161132812,115541600
2022-02-01,169.97200754131524,170.78274877423786,168.31145985308757,170.55809020996094,86213900
2022-02-02,170.69486467196293,171.79864739328102,169.30781806090394,171.7595672607422,84914300
2022-02-03,170.43115497753465,172.1503233892282,168.1259186202505,168.8878173828125,89418100
2022-02-04,167.90975737649003,170.27662529840396,166.93171820745542,168.6041717529297,82465400
2022-02-07,169.0638417050099,170.12990075671365,167.19578341710826,167.89019775390625,77251200
2022-02-08,167.95868798788894,171.4992004689829,167.6652732075989,170.99061584472656,74829200
2022-02-09,172.1838380772884,172.7706527587166,171.05908382141493,172.40878295898438,71285000
2022-02-10,170.31571564595043,171.62628436106874,167.78259814649985,168.34007263183594,90865900
2022-02-11,168.545490327705,169.27901969811438,164.34969397169522,164.9365234375,98670700
2022-02-14,163.69440078491326,165.85587378073802,162.90219149496014,165.17124938964844,86185500
2022-02-15,167.2153531108256,169.1518664311418,166.5111637354937,168.99537658691406,62527400
2022-02-16,168.07601104878276,169.5332796330186,166.31553783336227,168.76063537597656,61177400
2022-02-17,167.274027503072,168.13470669398032,164.77024977354867,165.17124938964844,69589300
2022-02-18,166.09065524599768,166.79482987221778,162.5403675088088,163.62599182128906,82772700
2022-02-22,161.35688974047144,163.02934320107533,158.58903724171788,160.71139526367188,91162800
2022-02-23,161.90460945584556,162.50121399005073,156.24176881453315,156.55474853515625,90009200
2022-02-24,149.2291965620497,159.27366155009665,148.66193213542687,159.16607666015625,141147500
2022-02-25,160.24193771015948,161.4938266826065,157.3371601146723,161.22976684570312,91974200
2022-02-28,159.4790920596061,161.78726549413435,158.86292250111,161.4938507080078,95056600
2022-03-01,161.08302534266187,162.94130845487337,158.4129829679633,159.615966796875,83474400
2022-03-02,160.77987821220702,163.68465609606667,159.37149924746353,162.9022216796875,79724800
2022-03-03,164.77025023720336,165.20058983386846,161.91437782369874,162.57943725585938,76678400
2022-03-04,160.87765818976635,161.91437725608384,158.54014531943216,159.58663940429688,83737200
2022-03-07,159.7724878532729,161.39603654297554,155.5473512521712,155.80165100097656,96418800
2022-03-08,155.33218168421902,159.30301816152476,152.37849933499598,153.98248291015625,131148300
2022-03-09,157.93374136581392,159.82136448965088,155.9092082958325,159.3714599609375,91454900
2022-03-10,156.68187121650197,156.86770104560523,152.55454474714313,155.0387725830078,105342000
2022-03-11,155.4397623739769,155.78208206231224,151.10705589580672,151.33200073242188,96970100
2022-03-14,148.12403016599976,150.7353929741164,146.8036862331013,147.312255859375,108732100
2022-03-15,147.58611061794517,152.15356685525754,147.07754097449947,151.68409729003906,92964300
2022-03-16,153.60105321090987,156.48626575095446,151.06793536575267,156.08526611328125,102300200
2022-03-17,155.1268130175759,157.46432633327734,154.16833868809496,157.09266662597656,75615400
2022-03-18,156.98503345512586,160.86784945274542,156.25150421008976,160.3788299560547,123511700
2022-03-21,159.9191797677464,162.69682236043158,159.4301601813594,161.7481231689453,95811400
2022-03-22,161.87527212646032,165.6994092047397,161.2884575262128,165.1125946044922,81532000
2022-03-23,164.3008129085659,168.8486892835288,163.9682682338466,166.47206115722656,98062700
2022-03-24,167.30337650948087,170.31573891650316,166.4720521767643,170.24728393554688,90131400
2022-03-25,170.06147670026667,171.4307257382337,168.95628752581777,170.88302612304688,80546200
2022-03-28,168.38898581373743,171.87080253422522,168.22272096176943,171.74366760253906,90371900
2022-03-29,172.80972386459516,175.0787667230212,172.467404224187,175.02987670898438,100589400
2022-03-30,174.62892784398144,175.66564716075908,172.81954908822692,173.86605834960938,92633200
2022-03-31,173.93445242077016,174.1202822188197,170.56999586828974,170.775390625,103049300
2022-04-01,170.208175340956,171.0395147015426,168.1640768197994,170.48202514648438,78751300
2022-04-04,170.7362946873885,174.5702062097959,170.60914482743888,174.52130126953125,76468400
2022-04-05,173.60194829792937,174.38438259894033,170.58958593943765,171.2155303955078,73401800
2022-04-06,168.57483234577828,169.81694627331598,166.3938091700385,168.0564727783203,89058800
2022-04-07,167.40120586506256,169.5528892849942,166.11997680279987,168.35968017578125,77594700
2022-04-08,168.00757925318007,168.00757925318007,165.48423622614246,166.3546905517578,76575500
2022-04-11,165.00500326610816,165.31796805598518,161.8654908055094,162.11000061035156,72246700
2022-04-12,164.33013728303388,166.13950070260202,162.9804385205217,163.97804260253906,79265200
2022-04-13,163.71395993382896,167.28379658301122,163.10758048377514,166.65785217285156,70618900
2022-04-14,166.87301451784703,167.50874884154206,161.41555493977322,161.66006469726562,75329400
2022-04-18,160.3201467390001,162.94129894819648,159.97784205250275,161.4449005126953,69023900
2022-04-19,161.39603175237912,164.1345444765827,160.31040765157212,163.7237548828125,67723800
2022-04-20,165.05387853639598,165.17125338034182,162.45230578739907,163.55747985839844,67929800
2022-04-21,165.2006123983915,167.76307044383682,162.26649466439048,162.76528930664062,87227800
2022-04-22,162.8043941791054,164.1834179598548,157.95331370568275,158.2369384765625,84882400
2022-04-25,157.5816658069576,159.58664908398902,154.98009296481885,159.3030242919922,96046400
2022-04-26,158.6868628689345,158.7748828167284,153.2783071958642,153.35655212402344,95623200
2022-04-27,152.48605200867664,156.2808328803658,151.96769257357874,153.13156127929688,88063200
2022-04-28,155.7527492675287,160.90702025080918,155.4397695467575,160.0463409423828,130216800
2022-04-29,158.28583697775457,162.55008785176082,153.7966412998766,154.18785095214844,131747600
2022-05-02,153.2685246478865,154.7551334388098,149.9040675207667,154.49107360839844,123055300
2022-05-03,154.67688255687574,157.18067526746918,152.88708408047324,155.97767639160156,88966500
2022-05-04,156.16352911233957,162.82397418149506,155.76252942825218,162.37408447265625,108256500
2022-05-05,160.25171284753384,160.47665766238154,151.5471558846843,153.3271942138672,130525300
2022-05-06,152.8080631040653,156.16767394547392,151.0156200226824,154.052001953125,116124600
2022-05-09,151.7502553954864,152.6317930294346,148.3808694909006,148.9391632080078,131577900
2022-05-10,152.328132388233,153.52309446613708,149.79127784510368,151.33885192871094,115366700
2022-05-11,150.3495886480442,152.25956414663153,142.81741468212965,143.49325561523438,142689800
2022-05-12,139.83979077150929,143.19938623116693,135.95126990961808,139.63409423828125,182602000
2022-05-13,141.62245981596948,145.0604308345469,140.17283922837782,144.0907440185547,113990900
2022-05-16,142.56275232444813,144.49232147743598,141.22085987637433,142.55294799804688,86643800
2022-05-17,145.80484195458106,146.69616897048812,143.6695758585412,146.1770477294922,78336300
2022-05-18,143.8360642275501,144.33559163369299,137.02869370903522,137.92982482910156,109742900
2022-05-19,137.0091561140078,138.7526228149115,133.79647489353653,134.5310821533203,136095600
2022-05-20,136.2353120090451,137.8122689524701,129.88831177177445,134.76609802246094,137426100
2022-05-23,134.96198648449013,140.31972120246527,134.8248604473741,140.1728057861328,117726300
2022-05-24,137.92002455292192,139.05622039365426,134.51145197634384,137.47926330566406,104132700
2022-05-25,135.5888849437953,138.87992561613757,135.50073567160547,137.63600158691406,92482700
2022-05-26,134.57020484609697,141.37755994588284,134.32533585009304,140.8290557861328,90601500
2022-05-27,142.4060433122878,146.6079896103765,142.27870662441157,146.56881713867188,90978500
2022-05-31,146.01055339324827,147.56791727452668,143.8263102712994,145.78526306152344,103718400
2022-06-01,146.8234773391278,148.62572491730577,144.6490389655957,145.6579132080078,74286600
2022-06-02,144.7959487531145,148.16534881431244,143.84585577263883,148.10658264160156,72348100
2022-06-03,143.88504856420633,144.93309527765794,141.49513917786348,142.39625549316406,88570300
2022-06-06,144.01237341190438,145.52077501341512,141.92608448379778,143.14064025878906,71598400
2022-06-07,141.3873963509184,145.94195473174813,141.14252729935507,145.6579132080078,67808200
2022-06-08,145.5305644824367,146.79408210793065,144.4335560047601,144.9232940673828,53950200
2022-06-09,144.0613709060868,144.91351047437155,139.60475090946733,139.71249389648438,69473000
2022-06-10,137.40091085996173,137.87105521943323,134.24699651333503,134.31556701660156,91437900
2022-06-13,130.14299644685158,132.4251777606438,128.7423526705115,129.17332458496094,122207100
2022-06-14,130.3976794412042,131.14207601932122,128.7815346427886,130.03526306152344,84784300
2022-06-15,131.53386454500733,134.5212702217429,129.4475902081577,132.6504669189453,91533000
2022-06-16,129.36921686332983,129.67285209068328,126.39160087860697,127.39067077636719,108123900
2022-06-17,127.40045357119396,130.3486710219844,127.14578023984714,128.85986328125,134520300
2022-06-21,130.68170729877417,134.24699991857628,130.58376865027734,133.0814208984375,81000500
2022-06-22,132.02356340545535,134.93260831981635,131.1616346888571,132.57208251953125,73409200
2022-06-23,134.0119372202921,135.74559928638683,132.84635818263115,135.4321746826172,72433800
2022-06-24,137.02869134817942,138.99744774415504,136.901369626622,138.75257873535156,89116800
2022-06-27,139.77122723590202,140.5450216732672,138.07673787975503,138.75257873535156,70207900
2022-06-28,139.21296287932694,140.47648065381134,134.50168455265504,134.6192169189453,67083400
2022-06-29,134.63880492913648,137.7829151592785,133.8650103621575,136.37246704101562,66242400
2022-06-30,134.4331227102609,135.53013138802967,131.0245493574635,133.91400146484375,98964500
2022-07-01,133.2479278277153,136.1863562547321,132.87573705664798,136.07861328125,71051600
2022-07-05,134.94243962271915,138.70362462604172,134.11966825992553,138.65464782714844,73353800
2022-07-06,138.44897021265854,141.16210859174285,138.1845074474581,139.9867401123047,74064300
2022-07-07,140.34911940865916,143.54222096010838,140.33933002838788,143.34632873535156,66253700
2022-07-08,142.2787196887486,144.52172874952925,142.0240612352335,144.02218627929688,64547800
2022-07-11,142.68029721118097,143.63039032716094,140.8290877786715,141.89671325683594,63141600
2022-07-12,142.76840995155382,145.4032026642234,142.0729903924104,142.86636352539062,77588800
2022-07-13,140.05530730128564,143.44428658574307,139.20315284375937,142.50399780273438,71185600
2022-07-14,141.12290665908233,145.89295009063997,140.30993976956114,145.4228057861328,78140700
2022-07-15,146.7059412883577,147.76377735798872,145.1583671279135,147.0879364013672,76259900
2022-07-18,147.64625063740658,148.4592176926782,143.68915834296686,144.05157470703125,81420900
2022-07-19,144.88410592104603,148.1261694879342,143.8948404199678,147.90089416503906,82982400
2022-07-20,148.01844006316782,150.56508418725386,147.28383290571463,149.89903259277344,64823400
2022-07-21,151.3290755894941,152.37712231601844,148.82161886422966,152.16163635253906,65086600
2022-07-22,152.20079694797485,153.07253011561605,150.2614383736218,150.92747497558594,66675400
2022-07-25,150.8490788607654,151.85793784801606,149.1545897286283,149.8108367919922,53623900
2022-07-26,149.1350139839463,149.9479808770686,147.70498735893062,148.4885711669922,55138700
2022-07-27,149.4484808165071,154.10099277980115,149.0371026048061,153.5720672607422,78620700
2022-07-28,153.7581586202447,154.40461645264705,151.24091273921562,154.12057495117188,81378700
2022-07-29,157.93074338059327,160.27169083424704,156.22644946059978,159.17466735839844,101786900
2022-08-01,157.7054523459462,160.2325026515257,157.58791998844677,158.1951904296875,67829400
2022-08-02,156.81414688340993,159.07673453265352,156.35379186998745,156.72598266601562,59907000
2022-08-03,157.53891577890045,163.1709027619496,157.450766526114,162.72035217285156,82507500
2022-08-04,162.60282888470158,163.75861850349844,161.05525478751719,162.4069366455078,55474100
2022-08-05,160.08237587686597,162.67178435198056,159.876393569881,162.18136596679688,56697000
2022-08-08,163.18181120847004,164.59421857415984,161.05339717997808,161.71055603027344,60276900
2022-08-09,160.8768810258266,162.64239053235443,160.1216323823483,161.75962829589844,63135500
2022-08-10,164.46669306704544,166.09488560468589,163.70164162721542,165.99681091308594,70170500
2022-08-11,166.80105976160058,167.713245527213,164.96690021924013,165.2611541748047,57149200
2022-08-12,166.56571053244468,168.87066800455992,166.15374591104305,168.80201721191406,68039400
2022-08-15,168.2331286414766,170.06728863023804,168.0663881848966,169.87112426757812,54091700
2022-08-16,169.46896318920653,170.38114909928223,168.3704308785935,169.71417236328125,56377100
2022-08-17,169.45912928634104,172.77434653771422,169.26296497615442,171.20501708984375,79542000
2022-08-18,170.42040013426683,171.54835650831478,169.80246813878225,170.81272888183594,62290100
2022-08-19,169.7141510996703,170.41055165199725,168.02711099609633,168.23309326171875,70346300
2022-08-22,166.43816395511286,166.6049043800519,163.9370276482697,164.35879516601562,69026800
2022-08-23,163.87822530534152,165.4769941855601,163.45645767060176,164.0253448486328,54147100
2022-08-24,164.11361274111158,164.88846719098774,163.06411023124903,164.319580078125,53841500
2022-08-25,165.54559127859812,166.87952958176348,165.12383874706296,166.77163696289062,51218200
2022-08-26,167.3013082441995,167.7721056277997,160.42563400937078,160.48448181152344,78961000
2022-08-29,158.06182659509352,159.7782908024648,156.7573269679059,158.2874298095703,73314000
2022-08-30,159.02305667853338,159.44480926961938,154.6975633016655,155.86476135253906,77906200
2022-08-31,157.23795081091825,157.50278094726974,154.1286998362425,154.20716857910156,87991100
2022-09-01,153.6382414104045,155.38412932683354,151.70599214901193,154.93295288085938,74229900
2022-09-02,156.6886721974106,157.2869832188541,152.00027368828214,152.8241729736328,76957800
2022-09-06,153.4715206737186,154.07963464254792,150.7447958267751,151.56869506835938,73714800
2022-09-07,151.85314497915547,153.6676838931478,150.66632598771957,152.97129821777344,87449600
2022-09-08,151.67660447799875,153.36364499716552,149.75415773532657,151.50006103515625,84923800
2022-09-09,152.4907097522004,154.79568238893683,151.7845060067485,154.3542938232422,68028800
2022-09-12,156.5317468843277,161.1122531071859,156.24731078742482,160.29815673828125,104956000
2022-09-13,156.8357744463717,157.46350930410847,150.43091231518306,150.89190673828125,122656600
2022-09-14,151.82371618505977,154.08946168271527,150.66633598686377,152.33375549316406,87965400
2022-09-15,151.6863795720259,152.26508456095567,148.47905455230304,149.4500732421875,90481100
2022-09-16,148.31232430924803,148.44964084888636,145.52673670084437,147.8120880126953,162278800
2022-09-19,146.44871449211215,151.59810678770754,146.2427471814607,151.51963806152344,81474200
2022-09-20,150.4603364872082,155.05065980282333,150.14647654096675,153.8932647705078,107689800
2022-09-21,154.32485530993193,155.6980357811973,150.65653533272163,150.77423095703125,101696800
2022-09-22,149.45988650515864,151.50983141556574,148.0180554999838,149.81298828125,86652500
2022-09-23,148.29273260627454,148.5673657396687,145.71312678219724,147.5472869873047,96029900
2022-09-26,146.79202323434507,150.82326264584486,146.77240230987616,147.88075256347656,93339400
2022-09-27,149.81300689014782,151.75505941669135,147.07646404392761,148.85177612304688,84442700
2022-09-28,144.81072915722658,147.75323924438212,142.06438341593866,146.96856689453125,146691400
2022-09-29,143.3002421615135,143.9083561021041,137.98409428837317,139.74960327148438,128138200
2022-09-30,138.5726147256006,140.35774479295515,135.35547138562947,135.5516357421875,124925300
2022-10-03,135.5614611189966,140.32832857992096,135.05142179088293,139.72019958496094,114311700
2022-10-04,142.2507447443845,143.41794280659562,141.49549629829846,143.3002471923828,87830100
2022-10-05,141.3091461524557,144.55571313373582,140.26944671107276,143.594482421875,79471000
2022-10-06,143.0158044200555,144.7126478104947,142.43711432828448,142.64308166503906,68402200
2022-10-07,139.80845770678545,140.3577388347644,136.7776758724346,137.40541076660156,85925600
2022-10-10,137.72906494140625,139.17089585032406,135.91452632499212,137.72906494140625,74899000
2022-10-11,137.21903351996755,138.64125855443186,135.57123522583825,136.31666564941406,77033700
2022-10-12,136.4638036366148,137.67022848780448,135.51239091855444,135.68893432617188,70433700
2022-10-13,132.40319689919323,140.83838643034153,131.79506775963168,140.24989318847656,113224000
2022-10-14,141.54453406151188,141.75051634248345,135.5418185741853,135.72817993164062,88598000
2022-10-17,138.36662131640782,140.1615390587515,137.58194907165392,139.68093872070312,85250900
2022-10-18,142.7019309504816,143.88873492707052,137.91544326382163,140.99526977539062,99136600
2022-10-19,138.974750883936,142.1722730567363,138.78838952105372,141.10316467285156,61758300
2022-10-20,140.2792461483292,143.09424222902763,139.9163264513743,140.64215087890625,64522000
2022-10-21,140.13212478208789,145.0167019837592,139.916339525803,144.44781494140625,86548600
2022-10-24,144.36937374781388,147.35111109163424,143.20217553886908,146.5860595703125,75981900
2022-10-25,147.2137868289863,149.5678040506047,146.49778017936205,149.42066955566406,74732300
2022-10-26,148.06713927955596,149.0774000501519,145.20308247196704,146.4879913330078,88194300
2022-10-27,145.23248644302674,146.1937021462339,141.36798774070627,142.025146484375,109180200
2022-10-28,145.36000606754794,154.48179100593666,144.98729827273644,152.75552368164062,164762400
2022-10-31,150.22493060269468,151.2842358798015,149.0086878845991,150.40147399902344,97943200
2022-11-01,152.10814502054632,152.4710497811702,146.27217011734126,147.76303100585938,80379300
2022-11-02,146.09561013902547,149.2539052221096,142.22130852087065,142.250732421875,93604600
2022-11-03,139.33763513663766,140.06345955714755,136.09106861510674,136.2185821533203,97918500
2022-11-04,139.59825507529519,140.16808578570755,132.02346880241154,135.9533233642578,140814800
2022-11-07,134.70561435237354,136.70983394000362,133.29086405936027,136.48387145996094,83374600
2022-11-08,137.94774130575934,138.9498435557623,135.0789489012502,137.05369567871094,89908500
2022-11-09,136.07123106652006,136.12035725287217,132.2297941583769,132.5048828125,74917800
2022-11-10,138.7631880310501,144.29444885253906,137.0536956773793,144.29444885253906,118854000
2022-11-11,143.26287971945007,147.3793904835366,141.83829520447486,147.0748291015625,93979700
2022-11-14,146.35765103704608,147.64467637079764,144.8446482085248,145.67974853515625,73374100
2022-11-15,149.55062261259357,150.89659305740093,145.95480194485347,147.40884399414062,89868300
2022-11-16,146.51480463978803,147.2418181251695,144.70706018330316,146.18075561523438,64218300
2022-11-17,143.8621718356149,148.8236171893066,143.5870831617381,148.0769500732422,80389400
2022-11-18,149.63903422199823,150.022194440957,147.3400729082456,148.6369171142578,74829600
2022-11-21,147.52676535819396,147.73307435769456,145.12955132737417,145.41445922851562,58724100
2022-11-22,145.53240839085743,147.78224452900818,144.35343950655982,147.54644775390625,51804100
2022-11-23,146.82920540527334,149.16747394284351,146.72113379241404,148.42080688476562,58301400
2022-11-25,145.70916976960694,146.26918120067512,144.5400357218998,145.51268005371094,35195900
2022-11-28,142.59476743015247,144.06846284178744,140.86563687733454,141.69090270996094,69246000
2022-11-29,141.75966328460675,142.27054854346483,137.88876937413374,138.6943817138672,83763800
2022-11-30,138.92037287256267,146.11201495746124,138.0852876520207,145.43411254882812,111380900
2022-12-01,145.61096061666942,146.51482547786148,144.03901260255705,145.70919799804688,71250400
2022-12-02,143.40043783526434,145.40465760065473,143.09586143280922,145.21798706054688,65447400
2022-12-05,145.17867816271277,148.27343309869434,143.21375058654476,144.0586700439453,68826400
2022-12-06,144.49096870660432,144.71693119940028,139.431270776129,140.40391540527344,64727200
2022-12-07,139.69653991914743,140.85584008868295,137.5449416476374,138.4684600830078,69721100
2022-12-08,139.86352962985669,141.00319109284194,138.62563079391435,140.1484375,62128300
2022-12-09,139.84388950557997,143.01725827820258,138.42913927736055,139.66705322265625,76097000
2022-12-12,140.19755844692216,141.96599599737974,138.58631867677312,141.9561767578125,70462700
2022-12-13,146.87831847453648,147.34007759813417,141.71056497387187,142.9189910888672,93886200
2022-12-14,142.80112620848055,144.08815144991274,138.68460028950005,140.6986541748047,82291200
2022-12-15,138.63545090272245,139.3133532425607,133.6445335943197,134.10629272460938,98931900
2022-12-16,134.2929316857695,135.23608820484992,131.38483327099934,132.15115356445312,160156900
2022-12-19,132.74066180080095,132.82907992971283,129.01713123497163,130.0487060546875,79592600
2022-12-20,129.08591954394805,130.91330283228723,127.6122238272619,129.97996520996094,77432800
2022-12-21,130.64803543949063,134.41087369361549,130.42207295695286,133.07472229003906,85928000
2022-12-22,131.99401195090732,132.20032094511618,128.0150307307424,129.9111785888672,77852100
2022-12-23,128.62416529925937,130.09786107261186,127.36661277196195,129.5476837158203,63814900
2022-12-27,129.07607245594536,129.10554516462403,126.46271568426795,127.74974060058594,69007800
2022-12-28,127.39606774936588,128.73221899747332,123.66271014073895,123.82972717285156,85438400
2022-12-29,125.74551863845643,128.19185099265815,125.49008349000029,127.33711242675781,75703700
2022-12-30,126.15819306959533,127.67118088033511,125.19537514897438,127.65152740478516,77034200
2023-01-03,127.99536673400503,128.60448941700523,121.9925130634904,122.8767318725586,112117500
2023-01-04,124.66483150899292,126.4037966398773,122.886574422074,124.14412689208984,89113600
2023-01-05,124.90060516942826,125.5293813261351,122.57217104073682,122.82760620117188,80962700
2023-01-06,123.80025205121024,128.0051879622661,122.69989001665523,127.34693908691406,87754700
2023-01-09,128.1820714377982,131.07051781969213,127.61224055371211,127.86767578125,70790800
2023-01-10,127.97572556898378,128.95818934117645,125.87325369613974,128.43748474121094,63896200
2023-01-11,128.94836939344688,131.1687321095965,128.17222961380043,131.1490936279297,69458900
2023-01-12,131.5322547782573,131.90558081812333,129.13504077259947,131.07049560546875,71379600
2023-01-13,129.71469801537842,132.55401787873402,129.35119119619432,132.39682006835938,57809700
2023-01-17,132.4656016206527,134.88245427698436,131.77787992946924,133.55613708496094,63646600
2023-01-18,134.42069543585905,136.1792989256054,132.6620769549058,132.83892822265625,69672800
2023-01-19,131.72873868777404,133.86068318245066,131.4241773301355,132.8978729248047,58280400
2023-01-20,132.90770800117681,135.59966433835268,131.86629872212012,135.45228576660156,80223600
2023-01-23,135.6979103035641,140.80673462294286,135.48176704430378,138.63548278808594,81760300
2023-01-24,137.84949253259393,140.64952034187644,137.83967329148908,140.0305633544922,66435100
2023-01-25,138.41933852785135,139.93232634052288,136.37581181311944,139.37232971191406,65799300
2023-01-26,140.65934626942868,141.72040901629467,139.41161299424252,141.4355010986328,54105100
2023-01-27,140.64949717713105,144.64811636457318,140.57089828761406,143.37091064453125,70555800
2023-01-30,142.41794502488958,142.9975950119405,140.34494601130174,140.4923095703125,64015300
2023-01-31,140.19756045993424,141.8088002532181,139.78492752410364,141.75967407226562,65874500
2023-02-01,141.44531098955775,144.03901475780756,138.84178798038548,142.87969970703125,77663600
2023-02-02,146.28887274258696,148.52888929698446,145.5716782733727,148.1752166748047,118339000
2023-02-03,145.43407851103754,154.62011872552648,145.23758879873273,151.79061889648438,154357300
2023-02-06,149.8944947732861,150.41519933800663,148.1358763450209,149.0692138671875,69858300
2023-02-07,147.9983592694092,152.5078649107581,147.9983592694092,151.9380340576172,83322600
2023-02-08,151.18149451181517,151.8692159923906,148.51901171912547,149.255859375,64120100
2023-02-09,151.08326181502397,151.62361983119905,147.78218328763404,148.2242889404297,56007100
2023-02-10,147.0632318137508,148.9130734935689,146.8270751036462,148.58836364746094,57450700
2023-02-13,148.52936881115792,151.7862873807752,148.49985109109068,151.38287353515625,62199000
2023-02-14,149.68057287811524,151.30412220458746,148.44078385852455,150.74325561523438,61707600
2023-02-15,150.65468023132328,153.00635283510616,150.42837278798947,152.83908081054688,65573800
2023-02-16,151.0482514150965,153.8230360580732,150.89082864502956,151.24505615234375,68167900
2023-02-17,149.90689371085574,150.54646418705764,148.43094798353164,150.1036834716797,59144100
2023-02-21,147.79137232815333,148.87373860585663,146.0300835825423,146.0989532470703,58867200
2023-02-22,146.4826514820273,147.54533393656627,144.80008218957667,146.5220184326172,51011300
2023-02-23,147.68314896878456,147.92913996180903,144.87886065676489,147.00421142578125,48394200
2023-02-24,144.75090982195374,144.82962872471046,143.38320079150859,144.35733032226562,55469600
2023-02-27,145.34131909727375,146.77789803104127,145.08547886576312,145.54794311523438,44998500
2023-02-28,144.69183881593347,146.68928356312725,144.47536564011122,145.0460662841797,50547000
2023-03-01,144.47538049709883,144.86895994047165,142.68455949733774,142.97975158691406,55479000
2023-03-02,142.0647116163666,144.35734928778834,141.59239813777418,143.57017517089844,52238100
2023-03-03,145.6660203114201,148.68679692265323,144.96741429678426,148.6080780029297,70732300
2023-03-06,151.32377696340643,153.79353555974586,150.99908214162087,151.36314392089844,87558000
2023-03-07,151.23521425072406,151.55992406603715,148.70643540651363,149.1688995361328,56182000
2023-03-08,150.35946739698042,151.00888694216934,149.39518732369797,150.4185028076172,47204800
2023-03-09,151.09751476502208,152.06179531507217,147.82091272780633,148.17514038085938,53833600
2023-03-10,147.80122193638456,148.5195113692859,145.24290982690115,146.11863708496094,68572400
2023-03-13,145.43967499711258,150.68420342446277,145.33143838738883,148.05702209472656,84457100
2023-03-14,148.85404568502526,150.94004418166887,147.6929755826584,150.14303588867188,73695900
2023-03-15,148.76549840164833,150.79246155107444,147.51586009545082,150.53663635253906,77167900
2023-03-16,149.71994010489203,153.9509875803486,149.20827470890512,153.35076904296875,76161100
2023-03-17,153.57707174404283,154.22649145558808,151.80593390078133,152.51438903808594,98944600
2023-03-20,152.5832927983786,155.28919358755078,151.6780327765039,154.87591552734375,73641400
2023-03-21,154.79720820376127,156.84383990664745,154.02970254755692,156.72576904296875,73938300
2023-03-22,156.7454392443716,159.53989288471735,155.27932775015748,155.29901123046875,75701800
2023-03-23,156.28296029217628,158.95934282613845,155.15139299961646,156.38134765625,67622100
2023-03-24,156.31251228008384,157.76877470893055,155.31871410467124,157.6802215576172,59196500
2023-03-27,157.37517430078694,158.19186606543823,155.33836200567538,155.74179077148438,52390300
2023-03-28,155.4367781198492,155.94844355059743,153.47868455836303,155.1219024658203,45992200
2023-03-29,156.81429056205513,158.46735739062942,156.79462209814082,158.1918487548828,51305700
2023-03-30,158.93967116064357,159.86459953343115,158.68384597812414,159.75636291503906,49501700
2023-03-31,159.8350878653574,162.35403288236776,159.31358823359025,162.25563049316406,68749800
2023-04-03,161.6357239671043,163.6233198649464,161.586522778444,163.5052490234375,56976200
2023-04-04,163.92836877990578,164.16451047380076,162.46225736922722,162.9739227294922,46278300
2023-04-05,162.09822184489292,162.40324825832465,159.20536551321473,161.13392639160156,51511700
2023-04-06,159.8252353547828,162.31467762112032,159.40213812085784,162.0194854736328,45390100
2023-04-10,158.8314221542027,159.431640625,157.5129143705151,159.431640625,47716900
2023-04-11,159.74655214369014,159.75638637804428,157.93604707794614,158.22140502929688,47644200
2023-04-12,158.6346580327857,159.46118408911326,157.2177476424543,157.53262329101562,50133100
2023-04-13,159.03807402297244,163.14120127307194,158.83143501847854,162.90504455566406,68445600
2023-04-14,161.95058596716467,163.6528540223282,161.19294470872245,162.56065368652344,49386500
2023-04-17,162.44259843625022,162.73779061232008,161.39959909302152,162.58035278320312,41516200
2023-04-18,163.4363837761115,164.72537387764507,162.99358808032773,163.80044555664062,49923000
2023-04-19,163.14122346923992,165.4633789570219,162.885383237049,164.94187927246094,47720200
2023-04-20,163.4265370188754,165.17799130758831,162.9050374280842,163.97755432128906,52456400
2023-04-21,162.4032359760057,163.78077935638615,161.85221862385353,162.37371826171875,58337300
2023-04-24,162.3540163618739,162.94440060882783,161.26181601487568,162.67872619628906,41949600
2023-04-25,162.54097982284455,163.64301445601814,161.1043860925183,161.1437530517578,48714100
2023-04-26,160.44515464932056,162.62955575633885,160.18932943478703,161.13392639160156,45498800
2023-04-27,162.54097091629146,165.85692388096987,162.54097091629146,165.70933532714844,64902300
2023-04-28,165.7880496631181,167.12624089927414,165.18783120394306,166.95895385742188,55275900
2023-05-01,166.56539597816914,167.71663185783257,165.9356597273935,166.87042236328125,52472900
2023-05-02,167.36241202489828,167.6182522416185,164.8533011388869,165.83726501464844,48425700
2023-05-03,166.78186884038578,168.17909567440717,164.47939708632646,164.76473999023438,65136000
2023-05-04,162.2457710884036,164.3612870012041,161.67507035057545,163.13133239746094,81235400
2023-05-05,168.23814318555767,171.50491053581004,168.02166992672903,170.78662109375,113453200
2023-05-08,169.71408033203093,171.06212101363838,169.35001851271124,170.7177276611328,55962800
2023-05-09,170.27492954930042,170.75706217667226,168.84818511789587,169.0154571533203,45326900
2023-05-10,170.24543004162442,171.23922812803062,169.14338031673282,170.77676391601562,53724500
2023-05-11,171.06213225532295,171.7902559418124,169.40906507439723,170.96372985839844,49514700
2023-05-12,171.07210045600348,171.50564580777203,168.49055408757272,170.0375213623047,45533100
2023-05-15,170.61883064941935,170.66809989196608,168.95362948142878,169.54483032226562,37266700
2023-05-16,169.46600254116325,170.5991199454283,169.27878844040285,169.54483032226562,42110300
2023-05-17,169.19011716888295,170.39219951568867,167.91903983890595,170.15573120117188,57951600
2023-05-18,170.46119076780954,172.6683237371227,170.04735615510018,172.48110961914062,65496700
2023-05-19,173.80145343851697,173.80145343851697,172.37273538217633,172.58950805664062,55809500
2023-05-22,171.42679729660153,172.1460951955022,170.9045763773169,171.64356994628906,43570900
2023-05-23,170.58931050155752,170.83564173486545,168.7664533611328,169.04234313964844,50747300
2023-05-24,168.57919800904358,169.88968165407772,168.0175707525213,169.3181915283203,45143500
2023-05-25,169.87986475065702,171.34798918728478,169.17042964019168,170.45135498046875,56058300
2023-05-26,170.77650880236848,173.19055165787438,170.56958397024448,172.85552978515625,54835000
2023-05-30,174.36309800636275,176.36330631715728,173.9788219031772,174.69810485839844,55964400
2023-05-31,174.72766202276017,176.71802248155805,174.16601962684186,174.64883422851562,99625300
2023-06-01,175.0922027756249,177.47668683522244,174.33349851829678,177.44712829589844,68901800
2023-06-02,178.37335293714096,179.11234656032465,176.62932377666553,178.29452514648438,61996900
2023-06-05,179.949884959394,182.2358308287415,175.4272324012079,176.94464111328125,121946500
2023-06-06,177.3288889732544,177.4766816655694,174.82615579439974,176.58004760742188,64848400
2023-06-07,175.8213457350109,178.55069942371495,174.71778685793004,175.21044921875,61944600
2023-06-08,175.28927455408018,178.18613184931536,174.85574427470908,177.92010498046875,50214900
2023-06-09,178.8364204919391,179.55570326266908,177.9791928742902,178.30435180664062,48900000
2023-06-12,178.60982685528654,181.19137296447727,178.31422641468646,181.09283447265625,54274900
2023-06-13,180.11737806569877,181.4475575367352,179.76266053311636,180.61988830566406,54929100
2023-06-14,180.67901332162722,181.684048880549,179.34883379218707,181.25050354003906,57462900
2023-06-15,181.26038457492544,183.7828140435399,181.08301826564116,183.28028869628906,65433200
2023-06-16,183.98968846409701,184.245882524342,181.56579797087073,182.2062530517578,101256200
2023-06-20,181.70378168910554,183.3689832973111,181.70378168910554,182.2949676513672,49799100
2023-06-21,182.18653808363035,182.68906332243637,179.91044034391143,181.26034545898438,49515700
2023-06-22,181.04359886716716,184.30502181445038,180.9746189088309,184.25575256347656,51245300
2023-06-23,182.82703803401998,184.80753566864925,182.29495416898448,183.94044494628906,53117000
2023-06-26,184.0882365039062,185.29033397781694,182.51171079012911,182.55113220214844,48088700
2023-06-27,183.16204815111053,185.6253604426876,182.94527546666254,185.30020141601562,50730800
2023-06-28,185.1720661878379,187.11315707618536,184.84692226306757,186.4727020263672,51216800
2023-06-29,186.3052137668684,187.2806907250245,186.16726889716722,186.80772399902344,46347300
2023-06-30,188.81778728912292,191.62595381515632,188.45320690668942,191.12344360351562,85213200
2023-07-03,190.93624105216273,191.0347795474039,188.9458807202263,189.6356201171875,31458200
2023-07-05,188.75868490984942,190.1479814937267,187.82261429340878,188.52220153808594,46920300
2023-07-06,187.05405664400223,189.20207252866174,186.42344937265386,188.99514770507812,45094300
2023-07-07,188.60102706839623,189.84253092683244,187.4481988352347,187.88172912597656,46815000
2023-07-10,186.48257243692333,187.20187038994513,184.29515010539157,185.8421173095703,59922200
2023-07-11,186.3840071209384,186.5219519651549,183.86157852105939,185.31985473632812,46638100
2023-07-12,186.89640150427806,188.88676181703667,185.70416691161034,186.98509216308594,60750200
2023-07-13,187.70438329432415,188.38425984411805,186.99494820191867,187.74378967285156,41342300
2023-07-14,187.43829984175193,188.37435523171476,186.84711408565676,187.8915557861328,41616200
2023-07-17,189.08381775872684,191.46831693797242,188.9951421376018,191.14315795898438,50520200
2023-07-18,190.51253447403246,191.47814845869007,189.59617469589472,190.88694763183594,48288200
2023-07-19,190.26621270882248,195.3209183853995,189.82280454932882,192.2368621826172,80507300
2023-07-20,192.22701989757815,193.58677299126168,189.67503216410122,190.29579162597656,59581200
2023-07-21,191.25153499324207,192.10876269219432,188.42364281090323,189.12322998046875,71951700
2023-07-24,190.57167418096722,192.04966138875844,189.4286937985748,189.92135620117188,45377800
2023-07-25,190.49285737606127,191.58656857428397,190.08887057427083,190.77859497070312,37283200
2023-07-26,190.82783906853456,192.76892999363082,190.4829844332044,191.64566040039062,47471900
2023-07-27,193.14338839624878,194.30606454519102,189.72430983845956,190.3844757080078,47460200
2023-07-28,191.8131659299023,193.7444090416655,191.29094501886246,192.95614624023438,48291400
2023-07-31,193.1827862905988,193.60648379116893,192.39452340931743,193.5670623779297,38824100
2023-08-01,193.3601546102926,193.842954166062,192.41423613585215,192.73939514160156,35175100
2023-08-02,192.17776662675897,192.31571151477112,189.03459274742033,189.75387573242188,50389300
2023-08-03,188.75871726757424,189.54696523884948,187.8916264573319,188.3645782470703,61235200
2023-08-04,182.79748597555601,184.63019095429203,179.25031019901363,179.3192901611328,115956800
2023-08-07,179.45720585194456,180.44253062568194,174.74735463626894,176.225341796875,97576100
2023-08-08,177.05300588853657,177.62449604499406,174.97397007455905,177.16139221191406,67823000
2023-08-09,178.21570618554995,178.2748232727554,174.41235154839882,175.57504272460938,60378500
2023-08-10,176.8461269648941,178.09749392589254,174.99372618677373,175.35829162597656,54686900
2023-08-11,174.9537053454994,176.2363450471093,174.1939766344996,175.41741943359375,52036700
2023-08-14,175.59506357405235,177.29211207450308,174.9438673937282,177.065185546875,43675600
2023-08-15,176.49291042563854,177.08489459113486,174.68732936330193,175.0819854736328,43622600
2023-08-16,174.76626971305478,176.15744233651847,174.14467201512105,174.2137451171875,46964900
2023-08-17,174.77612136953763,175.14117901733323,171.16495931429398,171.6780242919922,66062900
2023-08-18,170.0007364455324,172.76337470680727,169.6652772069575,172.16151428222656,61172200
2023-08-21,172.7337554755455,173.77960771425435,171.4215020828672,173.49346923828125,46311900
2023-08-22,174.69719959083847,175.30892111024494,173.89801113995804,174.86492919921875,42038900
2023-08-23,176.1377232252428,179.12728783194132,175.9502562936072,178.70301818847656,52722800
2023-08-24,178.25903609639087,178.68330576322634,173.66121814414575,174.0262908935547,54945800
2023-08-25,175.01294998434398,176.7593193055493,173.47376987845638,176.22653198242188,51449600
2023-08-28,177.6867593505913,178.1800870283186,176.1673167274641,177.78543090820312,43820700
2023-08-29,177.30196426395187,182.4325690983829,177.1046362040057,181.66297912597656,53003900
2023-08-30,182.47203136515444,185.34320186637345,182.27470331859433,185.14585876464844,60813900
2023-08-31,185.33336235534645,186.5962801694583,184.97816577917948,185.3629608154297,60794500
2023-09-01,186.96131537308187,187.3855699191495,185.76745585396847,186.9317169189453,45766500
2023-09-05,185.76746926717502,187.44478036173828,185.10641198511868,187.16851806640625,45280000
2023-09-06,185.88587535630464,186.32988234003622,179.04836051297525,180.46914672851562,81755800
2023-09-07,172.84229174782251,175.8318715643951,171.22417743783686,175.19053649902344,112488800
2023-09-08,175.9699602080161,177.83473792603073,175.41742065198358,175.80221557617188,65551300
2023-09-11,177.66706953016848,177.8939960879197,174.97348907813478,176.96653747558594,58953100
2023-09-12,177.09477490699047,177.72623373133553,172.487096210491,173.9473419189453,90370200
2023-09-13,174.15451849429098,174.93398459835862,171.6582818339781,171.88522338867188,84267900
2023-09-14,171.67802028548886,173.75000241444866,171.2636268707299,173.39480590820312,60895800
2023-09-15,174.12492983939754,174.14466716160445,171.50043808217407,172.67454528808594,109259500
2023-09-18,174.12494029407293,176.98624997924455,173.8190795297471,175.59506225585938,67257600
2023-09-19,175.1510553991506,177.23289871202428,174.7662604292434,176.6803741455078,51826900
2023-09-20,176.86782730089922,177.30195805066697,173.0593371622532,173.1481475830078,58436200
2023-09-21,172.22066895942882,173.9473155673331,171.5398744594861,171.6089324951172,63149100
2023-09-22,172.33907993619778,174.71692282922322,171.72735846610487,172.4574737548828,56725400
2023-09-25,171.87533847239564,174.60837768157924,171.82600269974301,173.73025512695312,46172700
2023-09-26,172.48711848209095,172.86203732750283,169.36928354767613,169.665283203125,64588900
2023-09-27,170.3164478696235,170.73084132501634,166.7940959712009,168.15567016601562,66921800
2023-09-28,167.08024048447163,169.7343462157436,165.38319180250966,168.4122314453125,56294400
2023-09-29,169.7244355134215,170.7604265076125,168.06684691168314,168.9252471923828,51861100
2023-10-02,168.93514418826848,171.97404472395215,168.64900568223578,171.43138122558594,52164500
2023-10-03,169.96126458937815,171.31299281082715,168.54049336939298,170.09939575195312,49594600
2023-10-04,168.80684851428336,171.8852232303615,168.68845469814508,171.34255981445312,53020300
2023-10-05,171.47080262455518,173.10865388928795,170.3756147373138,172.57586669921875,48527900
2023-10-06,171.48074420868846,175.61483353131405,170.8690075066016,175.1215057373047,57266700
2023-10-09,174.45052401213385,176.6606373398207,173.45400756283908,176.6014404296875,42390800
2023-10-10,175.72333700059065,177.32171396949087,175.57532965392068,176.00946044921875,43698000
2023-10-11,175.8219650621156,177.4499552810768,175.22998093671887,177.40061950683594,47551100
2023-10-12,177.6670640281674,179.90676118500224,176.6507950071692,178.29852294921875,56743100
2023-10-13,178.9990143278533,179.50220314362676,175.7627859383901,176.46331787109375,51427100
2023-10-16,174.39132507709223,176.6902337432856,174.15452238414363,176.3350372314453,52517000
2023-10-17,174.29265257502803,176.03903666999224,172.46734930467605,174.78598022460938,57549400
2023-10-18,173.23694427289632,175.21025492862336,172.77321506438722,173.49346923828125,54764400
2023-10-19,173.69082297603654,175.466805839834,172.85217485644313,173.1185760498047,59302900
2023-10-20,172.97056355030566,173.0790962513972,170.3361953203569,170.572998046875,64244000
2023-10-23,168.62925458750877,171.6878768692555,167.662321590194,170.6913604736328,55980100
2023-10-24,170.74070856198063,171.35243005141567,169.1620540054936,171.12550354003906,43816600
2023-10-25,169.58633193718455,170.75057806188605,168.3727349771656,168.81674194335938,57157000
2023-10-26,168.0964590692853,169.09299056011605,163.45918215856796,164.66290283203125,70625300
2023-10-27,164.68264263448572,166.70528904611524,164.60370840247674,165.97515869140625,58499100
2023-10-30,166.76450604315932,168.88580920893756,166.61649869462795,168.01754760742188,51131000
2023-10-31,167.09010101577766,168.61940486913602,165.65943861592592,168.49114990234375,44846000
2023-11-01,168.71806981976965,171.90496247869652,167.849808268541,171.6484375,56934900
2023-11-02,173.17776232760195,175.40759814141026,173.118565411641,175.20040893554688,77334800
2023-11-03,171.91483559510309,174.46040823420765,171.03671292563865,174.29266357421875,79829200
2023-11-06,174.02628274488598,177.0355696443862,173.85855313497558,176.83824157714844,63841300
2023-11-07,176.78889227095914,180.00539823599848,176.58170308551922,179.3936767578125,70530000
2023-11-08,179.91661457451394,181.00192645947115,179.16674685036813,180.44940185546875,49340300
2023-11-09,180.51849360423827,181.66300252138785,179.38383076688,179.975830078125,53763500
2023-11-10,181.75413731292954,184.3228271167955,181.31943456996746,184.1548614501953,66133400
2023-11-13,183.58186108306094,183.7893232540613,181.9912524470517,182.5741424560547,43627500
2023-11-14,185.43922075842696,185.84428607992842,184.05608926427885,185.18235778808594,60108400
2023-11-15,185.58736101326681,187.21748080558552,185.51819692419994,185.74542236328125,53790500
2023-11-16,187.2866746678448,188.6599317940755,186.37774261703024,187.42498779296875,54412900
2023-11-17,187.9584954748911,188.08693448765234,186.29873780998344,187.40524291992188,50922700
2023-11-20,187.6028350817968,189.59850904887813,187.592960955599,189.14404296875,46505100
2023-11-21,189.10452557023848,189.21320125507725,187.45464204586924,188.3437957763672,38134500
2023-11-22,189.18356183514956,190.60620477415247,188.53150773289747,189.00572204589844,39617700
2023-11-24,188.57102324664504,188.60066069963858,186.97054048498805,187.68186950683594,24048300
2023-11-27,187.6324520630897,188.37341847212542,186.62473352580105,187.50401306152344,40552600
2023-11-28,187.49414676130317,188.77849160556613,187.11871894105684,188.10667419433594,38415400
2023-11-29,188.60066651864972,189.77633577367203,186.6939199672285,187.08909606933594,43014200
2023-11-30,187.5533879373149,188.02761722761016,185.9232680925445,187.6620635986328,48794400
2023-12-01,188.0375263099119,189.25270705783993,186.95076949469112,188.9365692138672,45704800
2023-12-04,187.69173962433385,187.76090372984268,185.1922139752508,187.1483612060547,43389500
2023-12-05,187.91895861640964,192.0584780958342,187.88930609245244,191.0902862548828,66628400
2023-12-06,192.10788966712872,192.4141533735728,189.79607806848605,190.00355529785156,41089700
2023-12-07,191.29777821822415,192.6512720749557,191.2582515665674,191.93006896972656,47477700
2023-12-08,191.86090014217592,193.62934842275146,191.33728508312288,193.35272216796875,53406400
2023-12-11,190.78404615931,191.15947399253523,189.11439931154695,190.8531951904297,60943700
2023-12-12,190.75440470261375,192.3746507369947,189.4107849369075,192.36477661132812,52696900
2023-12-13,192.74018081786602,195.61513413450965,192.50308121236986,195.57562255859375,70404200
2023-12-14,195.63490356313392,197.21562292408947,193.79730618821,195.72381591796875,66831600
2023-12-15,195.1508114803035,196.01032777733312,194.62719637119332,195.19033813476562,128538400
2023-12-18,193.7281513997374,194.26165570440122,192.04863040265064,193.5305633544922,55751900
2023-12-19,193.79729775296602,194.57777573643529,193.5305456250714,194.56790161132812,40714100
2023-12-20,194.5283816611859,195.2989855460905,192.4833221435547,192.4833221435547,52242800
2023-12-21,193.73803856316968,194.70623052718972,191.16934877699248,192.3351287841797,46482500
2023-12-22,192.82909873139974,193.0563392932213,190.64572606781581,191.2681427001953,37149600
2023-12-26,191.2780297879531,191.55465607108982,190.50742584564344,190.7247772216797,28919300
2023-12-27,190.17149315937536,191.16932243864449,188.78834689776542,190.8235321044922,48087700
2023-12-28,191.80163510638113,192.31537606668746,190.84331729052167,191.24838256835938,34049900
2023-12-29,191.56449222902597,192.05846979029215,189.4206314221306,190.21099853515625,42672100
2024-01-02,184.89579853453512,186.1702691079172,181.6750702031571,183.40399169921875,82488700
2024-01-03,182.00113952243032,183.64114905512682,181.22064633789287,182.03077697753906,58414500
2024-01-04,179.95604798314233,180.88472835710988,178.70135563320858,179.7189483642578,71983600
2024-01-05,179.79796753554595,180.5586821654936,177.99988188294327,178.99771118164062,62379700
2024-01-08,179.89676064456035,183.36449308108033,179.3138706884217,183.32496643066406,59144500
2024-01-09,181.70474272826013,182.9199235647891,180.52907347198328,182.91004943847656,42841800
2024-01-10,182.129538572139,184.15483457675245,181.70471001714742,183.94737243652344,46792900
2024-01-11,184.29316874581366,184.7970355796361,181.4083411771675,183.3546142578125,49128400
2024-01-12,183.81894667336306,184.49076406507768,182.95943045197853,183.68063354492188,40477800
2024-01-16,179.96594785640553,182.04064501968628,178.75075193755313,181.41824340820312,65603000
2024-01-17,179.08663943068214,180.72663357001974,178.12832170152117,180.47964477539062,47317400
2024-01-18,183.8485869578717,186.86185345428623,183.59172402252184,186.35800170898438,78005800
2024-01-19,187.04954979006996,189.6379874512041,186.54569809210085,189.252685546875,68903000
2024-01-22,189.9838116367789,192.97731505960866,189.94428498185601,191.55465698242188,60133900
2024-01-23,192.67102493067515,193.39222799671276,191.49535584528522,192.82908630371094,42355600
2024-01-24,193.06623524024957,194.0146790217886,191.99924163914412,192.15731811523438,53631300
2024-01-25,192.86860899256396,193.9059649333701,190.78402298627717,191.8312530517578,54822100
2024-01-26,191.93007928184088,192.41416772814074,189.6281416366758,190.10235595703125,44594000
2024-01-29,189.69728055859,189.88499446653958,187.29655655692048,189.420654296875,47145600
2024-01-30,188.6401800108733,189.4898221386195,185.21197404804863,185.7751007080078,55859400
2024-01-31,184.7871410441138,184.846431021382,182.12955411744667,182.17893981933594,55467800
2024-02-01,181.77388729281213,184.6982263171025,181.6059367135455,184.60931396484375,64885400
2024-02-02,177.6936236133024,185.07365019396582,177.09097033579843,183.61148071289062,102551700
2024-02-05,185.88377376602236,186.97053056814926,183.60159955655655,185.41943359375,69668800
2024-02-06,184.60931480628852,187.02980210381148,184.5204024536245,187.01992797851562,43490800
2024-02-07,188.3437971267345,188.74886241631054,186.33824908078662,187.1286163330078,53439000
2024-02-08,187.10883150171134,187.25701874915856,185.09340956143063,186.05172729492188,40962000
2024-02-09,186.61560601384656,187.94116702243676,185.97262160450546,186.81346130371094,45155200
2024-02-12,186.38806813077576,186.63537211912902,184.7756412965565,185.1317596435547,41781900
2024-02-13,183.76663306878044,184.20189045877694,181.53099558275042,183.04449462890625,56529500
2024-02-14,183.32148884677065,183.52921572281525,180.4725423642709,182.16409301757812,54630500
2024-02-15,181.57057328309747,182.50043860227981,179.3943014199978,181.87722778320312,65434500
2024-02-16,181.4420093207192,182.8565961464917,179.71088120229672,180.34397888183594,49752500
2024-02-20,179.82953567385852,180.4626331892475,178.05884601330092,179.60202026367188,53665600
2024-02-21,179.9779444437335,180.91769653606136,178.71174929095213,180.35385131835938,41371400
2024-02-22,181.50135795637885,182.96540858894926,180.4923684458442,182.3817596435547,52292200
2024-02-23,183.01481932952075,183.04449459753943,180.26480046872615,180.5516815185547,45119700
2024-02-26,180.27471486922383,180.78909628027105,178.7018500832812,179.20635986328125,40867400
2024-02-27,179.1470231922399,181.93660445629962,177.6236221032545,180.6605224609375,54318900
2024-02-28,180.54178846123017,181.14521076395337,178.1874648834917,179.4635467529297,48953900
2024-02-29,179.3151930681472,180.60117691942332,177.59395175081718,178.80079650878906,136682600
2024-03-01,177.61375032460919,178.58317785739587,175.46715324060466,177.72256469726562,73563100
2024-03-04,174.2503496506797,174.99226146882492,171.9157998591467,173.21168518066406,81510100
2024-03-05,168.9184826327907,170.18467763470022,167.7907772375202,168.28538513183594,95132400
2024-03-06,169.21526961759642,169.39333632878757,166.86093094295472,167.2961883544922,68587700
2024-03-07,167.32586658446218,168.88882954707424,166.67299554984157,167.177490234375,71765100
2024-03-08,167.1774852017091,171.82679686006907,167.11813466346086,168.88882446289062,76267000
2024-03-11,171.07500788792643,172.49948126334272,170.1946063009313,170.88705444335938,60139500
2024-03-12,171.28272310113206,172.15323790323208,169.16580172767317,171.3618621826172,59825400
2024-03-13,170.90685960163916,171.32232852748163,168.9185256992457,169.2845458984375,52488700
2024-03-14,171.04531257693264,172.43020869953008,170.1945863604126,171.13433837890625,72913500
2024-03-15,169.32407812222547,170.75843811035156,168.4535633292171,170.75843811035156,121752700
2024-03-18,173.67664359575858,175.79356502758816,171.64874797271588,171.84658813476562,75604200
2024-03-19,172.45988088096897,174.70540499850514,171.1640105835326,174.18112182617188,55215200
2024-03-20,173.82502584048726,176.7432098388672,173.2018149693641,176.7432098388672,53423100
2024-03-21,175.1406653733646,175.57592275278003,168.9976284397713,169.52191162109375,106181300
2024-03-22,169.90772263085663,171.18381963278856,168.22605856941686,170.422119140625,71160100
2024-03-25,168.7305586050563,170.08577952012527,167.6226265638577,169.00753784179688,54288300
2024-03-26,168.16668772081567,169.5713723598813,167.7512188918725,167.87982177734375,57388400
2024-03-27,168.5722893771007,171.72789059246503,168.27552158079686,171.44100952148438,60273300
2024-03-28,169.8978451053126,170.37266455083602,168.67121185228598,169.63075256347656,65672700
2024-04-01,169.3438900607447,169.40324060587884,167.6523240532299,168.19639587402344,46240500
2024-04-02,167.2565975070715,167.51378816305078,166.41575809853916,167.01918029785156,49329500
2024-04-03,166.9697692049817,168.83938692190523,166.76204228878962,167.82049560546875,47691700
2024-04-04,168.45355351894443,170.06598011820813,166.99942016601562,166.99942016601562,53704400
2024-04-05,167.7611226870966,168.5524984345705,167.12802510796487,167.75123596191406,42104800
2024-04-08,167.20715459942008,167.37531948329715,166.425680716199,166.63340759277344,37425500
2024-04-09,166.88071513080217,168.2458378687617,166.53449863101693,167.8402557373047,42373800
2024-04-10,166.97963118021664,167.26649712267962,165.307854051912,165.9706268310547,49709300
2024-04-11,166.5246149420751,173.56784300454478,166.3465633103838,173.15235900878906,91070300
2024-04-12,172.38075949507746,176.43655077441642,172.33131077483722,174.6460723876953,101670900
2024-04-15,173.46888692512982,174.72519524382946,170.6397290741028,170.8276824951172,73531800
2024-04-16,169.89784277952464,171.88616144450353,166.45537543168857,167.55340576171875,73711200
2024-04-17,167.7808856580398,168.8096634069807,166.18824768066406,166.18824768066406,50901200
2024-04-18,166.21794611620325,166.8213684176903,164.75391081370103,165.23861694335938,43122900
2024-04-19,164.41758473594675,164.60552308162337,162.31054999578998,163.2206268310547,68149400
2024-04-22,163.7350029833429,165.45622881020677,162.9930911354229,164.05154418945312,48116400
2024-04-23,163.56685559955991,165.24851961582092,163.14148491226467,165.10012817382812,49537800
2024-04-24,164.7439994721628,167.4742448528629,164.41757152765254,167.197265625,48251800
2024-04-25,167.7017887376114,168.7701438382538,166.33666581552853,168.0579071044922,50558300
2024-04-26,168.04799015720317,169.49223681731962,167.35552700029277,167.4742431640625,44838400
2024-04-29,171.50034913417457,174.1316669492416,171.2332717193323,171.6289520263672,68169400
2024-04-30,171.46082760714557,173.10292994793707,168.16673619853609,168.49317932128906,65934800
2024-05-01,167.75122238913238,170.84747276952126,167.28628974114312,167.4742431640625,50383100
2024-05-02,170.64963546996492,171.54982559320527,169.04711048582428,171.16403198242188,94214900
2024-05-03,184.63712970012278,184.98336128032037,180.69016817589636,181.40240478515625,163224100
2024-05-06,180.383540128798,182.2135806366563,178.47434543693257,179.7504425048828,78569700
2024-05-07,181.47164781905605,182.9060078076493,179.36462828599997,180.43296813964844,77305800
2024-05-08,180.87813197889614,181.09576068278213,179.4932206728727,180.76931762695312,45057100
2024-05-09,180.5912561815798,182.66861565405213,180.14611203583203,182.57958984375,48983000
2024-05-10,183.15410154420678,183.34230991411323,180.4102677646858,181.3215789794922,50759500
2024-05-13,183.68902280376187,185.33335221774516,182.8767582325011,184.52108764648438,72044800
2024-05-14,185.7394637127145,186.52201273815805,184.53098214319476,185.66021728515625,52393600
2024-05-15,186.13568203158255,188.849800179078,185.6007724639543,187.9285888671875,70400000
2024-05-16,188.6715262803227,189.29558246787192,187.86917696187996,188.04747009277344,52845200
2024-05-17,187.72059282106466,189.00832091255782,187.39370695143634,188.0771942138672,41282900
2024-05-20,187.54226949481966,190.10781001398533,187.22528381236822,189.23611450195312,44361300
2024-05-21,189.28565540299905,190.91016932460286,189.11726241831752,190.5337677001953,42309400
2024-05-22,190.45453220558076,190.99934196064652,188.47341681604038,189.0974578857422,34648500
2024-05-23,189.1766947549615,189.19651013997458,184.86777806929078,185.11541748046875,51005900
2024-05-24,187.0370913918068,188.7804673088457,186.26444256610336,188.18612670898438,36327000
2024-05-28,189.70169698060212,191.17763337385156,187.31446444482384,188.19606018066406,52280100
2024-05-29,187.81962268312432,190.4346940804733,187.72056087959155,188.49319458007812,53068000
2024-05-30,188.9587703074631,190.36536034504638,188.83000809203267,189.4837646484375,49889100
2024-05-31,189.63235836586054,190.7516933437122,188.11680637508078,190.43470764160156,75158300
2024-06-03,191.07855630297723,193.14883318833753,190.7021546904014,192.19789123535156,50080500
2024-06-04,192.80214765697744,193.47573474401025,191.20734917579057,192.514892578125,47471400
2024-06-05,193.55494454203196,195.04078090785526,193.02995023528447,194.0205078125,54156800
2024-06-06,193.8422276391208,194.64457691185422,192.33657578915964,192.64364624023438,41181800
2024-06-07,192.8120142553044,195.08039942896673,192.3068353639325,195.03086853027344,53103900
2024-06-10,195.04081589339742,195.43704806418344,190.33566655763516,191.2965087890625,97010200
2024-06-11,191.82147267998263,205.20391549352811,191.8016724106265,205.19400024414062,172373300
2024-06-12,205.41193016487838,218.1207863262847,204.94636687125956,211.05812072753906,198134300
2024-06-13,212.71235034689784,214.70336573665497,209.60200000148347,212.21707153320312,97862700
2024-06-14,211.8307404302917,213.13826855094433,209.30481562722255,210.48358154296875,70122700
2024-06-17,211.35527186274084,216.88258512602053,210.71141546378874,214.62411499023438,93728300
2024-06-18,215.53544497511416,216.56563344094587,210.9887887879192,212.2666015625,79943300
2024-06-20,211.90995785887029,212.21704337897714,206.87793908026026,207.70008850097656,86172500
2024-06-21,208.40343403997312,209.8892705909824,205.15440599094305,205.53082275390625,241805100
2024-06-24,205.75865018980198,210.69162338847192,204.63931513285507,206.1746826171875,80727000
2024-06-25,207.1751328027417,209.3840873125504,206.64023830581658,207.0959014892578,55549700
2024-06-26,209.5029437835443,212.83121810497767,208.6510635966682,211.23641967773438,66213200
2024-06-27,212.66284034706985,213.70292898101007,210.34493889866226,212.0784149169922,49772700
2024-06-28,213.73259038682784,214.02976065195506,208.31423979513158,208.63121032714844,82542700
2024-07-01,210.0873668962765,215.4561875080808,209.91897391071575,214.703369140625,60402900
2024-07-02,214.10903193760322,218.29910171758146,213.068958487467,218.1901397705078,58046200
2024-07-03,217.92265588190668,219.45802307128906,216.96181387179615,219.45802307128906,37369800
2024-07-05,219.55710192478037,224.3117817727132,219.55710192478037,224.20281982421875,60412400
2024-07-08,224.945750993976,225.69858454124022,221.14201294311235,225.6688690185547,59085900
2024-07-09,225.77778797195694,227.23390886254342,224.23252052432466,226.5207061767578,48076100
2024-07-10,227.1348758928893,230.87918266211804,227.08534498663496,230.78012084960938,62627700
2024-07-11,229.2051413563895,230.19569903805672,223.63821202212716,225.4212188720703,64710600
2024-07-12,226.75843028372813,230.4433055423661,226.5206910327904,228.36312866210938,53046500
2024-07-15,234.2470836578572,234.99000194235262,230.88909361652622,232.1867218017578,62631300
2024-07-16,232.781045805997,234.03905824310993,230.1362587163494,232.60275268554688,43234300
2024-07-17,227.2834515580279,229.2744821236097,224.49998695797876,226.71884155273438,57345900
2024-07-18,228.10560948409145,228.26410233218343,220.17124832102243,222.06320190429688,66034600
2024-07-19,222.6971648700337,224.65846466815103,221.17169771561296,222.1919708251953,49151500
2024-07-22,224.86647978572938,225.62921338494564,220.98349573063444,221.8452911376953,48201800
2024-07-23,222.25140445670337,224.7971447504236,220.57735968997056,222.88536071777344,39960300
2024-07-24,221.88489130573666,222.67734036905603,215.07976577070053,216.4764404296875,61777600
2024-07-25,216.86279177043605,218.76467587085634,212.59349046705276,215.4364013671875,51391200
2024-07-26,216.6349499920164,217.41749898154802,213.9703475571551,215.90194702148438,41601300
2024-07-29,214.91139345300462,217.22929471632008,213.71281205128278,216.17930603027344,36311800
2024-07-30,217.1203409396055,218.24957609355639,214.07932159795172,216.73402404785156,41643800
2024-07-31,219.34909118598728,221.70662325926872,218.54674189777583,219.98304748535156,50036300
2024-08-01,222.2514024343897,222.36036437427163,214.97081319041698,216.29815673828125,62501000
2024-08-02,217.0807092384795,223.46981835778237,215.6543188775265,217.7840118408203,105568600
2024-08-05,197.21010696314244,211.484045462397,194.14928763761037,207.2939910888672,119548600
2024-08-06,203.3614702980554,208.00718767754023,199.1714160471065,205.2732391357422,69660500
2024-08-07,204.94637966039352,211.62274392073394,204.4412006806638,207.8388214111328,63516400
2024-08-08,211.0977289070064,212.1774330540979,206.85814362500793,211.29583740234375,47161100
2024-08-09,210.09727328743648,214.7330756065884,209.96849596255686,214.19818115234375,42201600
2024-08-12,214.27753840147545,217.68898821235913,213.81143620679725,215.7254180908203,38028100
2024-08-13,217.19312608520667,220.04923895369578,217.19312608520667,219.43438720703125,44155300
2024-08-14,218.74022238953546,221.1798064675701,217.87742936780526,219.88067626953125,41960600
2024-08-15,222.7367590108339,223.48053712623224,220.9120118672479,222.8557586669922,46414000
2024-08-16,222.06239369045758,224.94825642777528,221.79462933024135,224.1747283935547,44340200
2024-08-19,223.84747960195193,224.115243980586,221.18970440160442,224.0160675048828,40687800
2024-08-20,223.89708417115403,225.2854641390349,223.57973153152028,224.6309356689453,30299000
2024-08-21,224.64083485973637,226.08871448701353,223.1830285060583,224.52182006835938,34765500
2024-08-22,225.90030886909642,226.44574924370923,222.04257986640772,222.6673583984375,43695300
2024-08-23,223.78797197411373,226.32673228874265,222.46900358067504,224.9581756591797,38677300
2024-08-26,224.87885041051024,225.39454085782168,222.0326640536948,225.2953643798828,30602200
2024-08-27,224.1251624880706,226.95152567852384,223.02437015551794,226.13832092285156,35934600
2024-08-28,226.02921369079436,227.95312221094204,223.80779089178384,224.611083984375,38052200
2024-08-29,228.19113851748892,230.98773644426686,226.98125820388418,227.88369750976562,51906300
2024-08-30,228.28038060324323,228.4886300006117,225.59285569982603,227.10025024414062,52990800
2024-09-03,226.65400042223428,227.10026429068756,219.335218503661,220.9219512939453,50190600
2024-09-04,219.82114598403248,219.94014563997789,215.67581475954933,219.0178680419922,43840200
2024-09-05,219.79140861107143,223.60946073514918,219.6823205428289,220.53518676757812,36615400
2024-09-06,222.09216799264019,223.3714749735505,217.94685141211724,218.98814392089844,48423000
2024-09-09,218.98812757352732,219.4343914347755,214.91222272734436,219.07737731933594,67180000
2024-09-10,217.10388142289187,219.6426417511051,214.9320468059923,218.2840118408203,51591000
2024-09-11,219.62280899168329,221.23927647566495,216.0824178921796,220.81285095214844,44587100
2024-09-12,220.6541869199912,221.69547936785247,217.9964268983011,220.9219512939453,37455600
2024-09-13,221.72521710949164,222.18139254741286,220.06907298412548,220.6541748046875,36766600
2024-09-16,214.7436126542421,215.41797935337752,212.14535259122513,214.52545166015625,59357400
2024-09-17,213.96018092212807,215.1006346980314,212.72055067344832,214.99154663085938,45519300
2024-09-18,215.7452565018275,220.86245391858552,215.7353297749969,218.8592071533203,59894900
2024-09-19,223.12352684243388,227.91345980340301,222.7665127356472,226.97132873535156,66781300
2024-09-20,228.06222073119503,231.15633305592988,225.7317097608303,226.30690002441406,318679900
2024-09-23,225.4540253555904,227.54652178723228,223.9367191660146,224.59124755859375,54146000
2024-09-24,226.75314473243895,227.44734973367454,223.85737047004787,225.4837646484375,43556100
2024-09-25,223.06402418257602,225.40444676008957,222.1615848378298,224.49208068847656,42308700
2024-09-26,225.41436171300208,226.60440369502516,223.54004142995942,225.63253784179688,36636700
2024-09-27,226.5647695239617,227.61597365379234,225.41438891191032,225.9003143310547,34026000
2024-09-30,228.13162655878588,231.06707763671875,227.74486252768645,231.06707763671875,54541900
2024-10-01,227.615942887257,227.74485413807125,221.88389405688537,224.33340454101562,63285000
2024-10-02,224.01605029183685,225.48376819979168,221.16986421787885,224.89866638183594,32880600
2024-10-03,223.27226484855484,224.92840891217833,221.4673712198949,223.79786682128906,34044200
2024-10-04,226.00938361911108,226.10856009308668,222.27066963907552,224.91851806640625,37245100
2024-10-07,222.63759275105315,223.81772316941647,219.49389225502094,219.8509063720703,39505400
2024-10-08,222.4392426471427,224.10529834651464,221.39795026893304,223.8970489501953,31855700
2024-10-09,223.36153007501719,227.84403724277382,222.96485445261254,227.63577270507812,33591100
2024-10-10,225.89039642732237,227.59612897487835,225.28545621996582,227.1399383544922,28183500
2024-10-11,227.39775944467098,227.50684750397573,225.45401269675094,225.6622772216797,31759200
2024-10-14,226.80275797652766,229.80762063057296,226.70359663127624,229.38119506835938,39882100
2024-10-15,231.67203496624026,235.51985237359267,230.4423162246621,231.91004943847656,64751400
2024-10-16,229.67869350471682,230.19436878170097,227.93328446814013,229.85719299316406,34082200
2024-10-17,231.49351658619665,231.91004568892726,228.6076687095473,230.22413635253906,32993800
2024-10-18,234.2206797118992,234.2206797118992,232.0686835146529,233.05047607421875,46431500
2024-10-21,232.5050605584077,234.8851598599691,232.5050605584077,234.51821899414062,36254500
2024-10-22,231.9496772340994,234.26034966164363,230.67038557078126,233.90333557128906,38846600
2024-10-23,232.13813805749322,233.18934216580075,225.8705597881939,228.84567260742188,52287000
2024-10-24,228.07212485007065,228.90516786821388,226.51515714412935,228.65724182128906,31109500
2024-10-25,227.83413589840254,231.28526239164006,227.6655479946858,229.4902801513672,38802300
2024-10-28,231.38442210065006,232.78271346714027,230.62080565968694,231.4637451171875,36087100
2024-10-29,231.16627329542206,232.38606532055925,230.39274516902225,231.73153686523438,35417200
2024-10-30,230.68031899274527,231.53318522639518,227.64570650368097,228.19114685058594,47070900
2024-10-31,227.43742665071557,227.92336713292326,223.5003599556127,224.035888671875,64370100
2024-11-01,219.13685215826953,223.48052087870693,218.44266232747447,221.06076049804688,65276700
2024-11-04,219.15670083339904,220.94175615916865,217.88732075932978,220.16822814941406,44944500
2024-11-05,219.9600075033543,222.0921656056809,219.30547906118858,221.5963134765625,28111300
2024-11-06,220.76327216240406,224.19457534628128,219.35505401685137,220.8723602294922,54561100
2024-11-07,222.76650205936048,225.98954046008802,222.70700223311508,225.5928497314453,42137700
2024-11-08,225.53329235935942,227.01256271730918,224.77877343219782,225.32481384277344,38328800
2024-11-11,223.3789433198207,224.07389700260043,219.90415975706793,222.61448669433594,42005600
2024-11-12,222.93218846295187,223.96468891324545,221.75075962779928,222.61448669433594,40398300
2024-11-13,222.39605879884869,225.01703765642938,221.15506473467502,223.49806213378906,48566200
2024-11-14,223.398802697962,227.22105551450989,223.3789425502784,226.57574462890625,44923900
2024-11-15,224.76884409236825,225.28510187679902,222.65420045885568,223.37893676757812,47923700
2024-11-18,223.62713486361545,228.08479108540536,223.54770942404784,226.37718200683594,44633700
2024-11-19,225.34466282087314,228.50175961033486,225.02697621656037,226.6352996826172,36211800
2024-11-20,226.4168829534927,228.27340522879027,224.26251907255318,227.35011291503906,35169600
2024-11-21,227.230987838277,228.50176458087773,224.0838286281757,226.8735809326172,42108300
2024-11-22,226.41689485035167,229.05773399756174,226.41689485035167,228.21385192871094,38168300
2024-11-25,229.79240040372403,231.5694972757357,228.08479132337303,231.19223022460938,90152800
2024-11-26,231.64893863936055,233.87280565588551,231.64893863936055,233.36647033691406,45986200
2024-11-27,232.78068842055708,233.99189975911068,232.12543996222107,233.23736572265625,33498400
2024-11-29,233.11826871739834,236.09665470361549,232.28432427698263,235.6201171875,28481400
2024-12-02,235.5605381566453,239.0551666028684,235.45133007089746,237.8638153076172,48137100
2024-12-03,238.08224409194108,241.01098726633802,237.1787967118795,240.9017791748047,38861000
2024-12-04,241.12017980186528,242.35125137710352,239.51185632927692,241.25917053222656,44383900
2024-12-05,242.2321233137982,242.77814859306412,240.38552350615552,241.28895568847656,40033900
2024-12-06,241.1599112680226,242.86752040520184,240.33588934668637,241.0904083251953,36870600
2024-12-09,240.08769312504634,245.4587194212017,240.00826768189094,244.9722442626953,44649200
2024-12-10,245.11121388943334,246.4217108653419,243.57237825215392,245.98487854003906,36914800
2024-12-11,246.17352158557497,248.9930565140259,244.48575750906295,244.714111328125,45205800
2024-12-12,245.11122473397327,246.9479020514793,243.9099357862414,246.17352294921875,32777500
2024-12-13,246.03453629863122,247.4939314395242,244.46591792091505,246.34230041503906,33155300
2024-12-16,246.2033097230519,249.56888515433104,245.86574781090837,249.2313232421875,51694800
2024-12-17,248.27824960945253,252.00123197197036,247.98040799068028,251.65374755859375,51356400
2024-12-18,250.34326772719038,252.4479889260113,245.95511429725673,246.26287841796875,56774100
2024-12-19,245.71683140567848,250.184410158509,245.3097817058068,247.99032592773438,60882300
2024-12-20,246.2529371403228,253.16279902630112,243.919877297432,252.65647888183594,147495300
2024-12-23,252.93444954402884,253.80809906094288,251.62395254537785,253.43084716796875,40858800
2024-12-24,253.64924013847912,256.34962902881983,253.45066898797964,256.3397216796875,23234700
2024-12-26,256.329771467171,258.2260137599804,255.77380863027113,257.1537780761719,27237100
2024-12-27,255.97238682838486,256.836144148833,251.2367643772991,253.74853515625,42355300
2024-12-30,250.41273247360002,251.67358663649517,248.94339979921563,250.38294982910156,35557500
2024-12-31,250.62123433005314,251.45517870098834,247.63291094425557,248.61578369140625,39480700
2025-01-02,247.1365264348607,247.3053149666319,240.07776640397734,242.0931396484375,55740700
2025-01-03,241.60665893554688,242.42074318433572,240.14724866814672,241.60665893554688,40244100
2025-01-06,242.5498168429892,245.54806288478193,241.4478134561986,243.23484802246094,45045600
2025-01-07,241.22939201717418,243.78088314896328,239.61114601786818,240.46495056152344,40856000
2025-01-08,240.17702168463396,241.95413364050106,238.32049944087447,240.95140075683594,37628900
2025-01-10,238.28079154222544,238.4297199246896,231.32130202918376,235.14356994628906,61710900
2025-01-13,231.84748509521594,232.9792711307645,228.06493742769467,232.71121215820312,49630700
2025-01-14,233.05871461446375,234.41883943252472,230.79514236813586,231.59930419921875,39435300
2025-01-15,232.94950987088825,237.23839323021798,232.74101617334216,236.15623474121094,39832000
2025-01-16,235.6399687194268,236.29520209930612,226.3871093224655,226.61544799804688,71759100
2025-01-17,230.44764042021458,230.6164138035219,226.833866130533,228.32305908203125,68488300
2025-01-21,222.38612124582832,222.80309340530198,217.79941234276583,221.03591918945312,98070400
2025-01-22,218.2064601780486,222.5052654056773,218.2064601780486,222.2173614501953,64126500
2025-01-23,223.12083531174778,225.3943300272927,220.69841220245485,222.04861450195312,60234800
2025-01-24,223.16050188156166,224.00438385368136,219.81478693461753,221.17491149902344,54697900
2025-01-27,222.4059977899183,230.47741293083342,222.36627749626697,228.20391845703125,94863400
2025-01-28,229.18679454547646,238.4594987479956,229.147074251248,236.54339599609375,75707600
2025-01-29,232.43321505583046,238.1318651456976,232.3240069742682,237.63546752929688,45486100
2025-01-30,236.95044029141235,239.05516137192973,235.50096771104396,235.8782196044922,55658300
2025-01-31,245.40906406001392,245.40906406001392,231.75812916176676,234.2996826171875,100959800
2025-02-03,228.33297872450572,230.15971829856622,224.0738787357251,226.3672332763672,73063300
2025-02-04,225.61271003037928,231.45035067549782,225.0170268486458,231.1227264404297,45067300
2025-02-05,226.88348940722173,230.99366099381652,226.62536810475493,230.79510498046875,39620300
2025-02-06,229.62360070928509,232.11552641696264,228.76979621063217,231.53970336914062,29925300
2025-02-07,230.92416830424466,232.3140755170278,225.6226304523949,225.98997497558594,39707200
2025-02-10,228.16660736242451,229.1803610121675,225.81108525741098,226.25833129882812,33115600
2025-02-11,226.80497424991785,233.79199753404617,226.7354100570617,231.1979522705078,53718400
2025-02-12,229.78663009476247,235.51142789245534,229.26980470124647,235.42196655273438,45243300
2025-02-13,235.46174477414044,240.85854326211725,234.12993999243653,240.05349731445312,53614100
2025-02-14,239.77519417214083,244.04891051069433,239.51678905976664,243.10472106933594,40896200
2025-02-18,242.65748906255496,243.68119139214684,240.36161266967392,242.9755401611328,48822500
2025-02-19,243.16433914739287,244.50607717853558,241.67350900245088,243.373046875,32204200
2025-02-20,243.44265077076676,245.2713989598738,242.7966152101895,244.32720947265625,32316900
2025-02-21,244.44646835255205,247.16972378813352,243.72093519653038,244.04891967773438,53197400
2025-02-24,243.43269920852308,247.33868242018207,242.92582237394555,245.58944702148438,51326400
2025-02-25,246.48393846255715,248.47171215983582,243.41283173998391,245.52980041503906,48013300
2025-02-26,242.8363877176575,243.48240813544444,237.66817887883008,238.89065551757812,44433600
2025-02-27,237.94645181292123,240.9778097055873,235.61081167459415,235.84934997558594,41153600
2025-02-28,235.5014815283524,240.61005923211764,228.7927454203557,240.36158752441406,56833400
2025-03-03,240.31189930334125,242.53821134874983,234.66662916873,236.57489013671875,47184000
2025-03-04,236.25684921580154,238.60242278275774,233.24535811530478,234.4877166748047,53798100
2025-03-05,233.98083809185871,235.1039350742086,227.82867612475383,234.29888916015625,47227600
2025-03-06,233.00684447444675,236.4059358119138,231.73467047090975,233.8914031982422,45170400
2025-03-07,233.67273718007357,239.89446338205195,233.32487071745646,237.60853576660156,46273600
2025-03-10,234.10008031193473,234.71630041445476,222.84929009717774,226.08935546875,72071200
2025-03-11,222.4418047589131,224.4593937721428,216.1206840338927,219.48995971679688,76137400
2025-03-12,218.7942505386503,220.39440897367027,213.5962265598192,215.653564453125,62547500
2025-03-13,214.62986833256545,215.51442704761877,207.14590135231947,208.398193359375,61368300
2025-03-14,209.95857893569573,212.64207016591416,208.29878985935505,212.1848907470703,60107600
2025-03-17,212.00600336087763,213.9043309003415,208.68642489319868,212.69178771972656,48073400
2025-03-18,212.85081593904235,213.83475423543342,210.19713981325924,211.38980102539062,42432400
2025-03-19,212.91042558181826,217.42266485537363,212.44329758558237,213.9241943359375,54385400
2025-03-20,212.68187056105958,216.16047483161037,210.92268644075222,212.79119873046875,48862900
2025-03-21,210.26668206389348,217.50217651661012,209.98839498228966,216.9356689453125,94127800
2025-03-24,219.64898417718916,220.1260455978378,217.24377992596973,219.38063049316406,44299500
2025-03-25,219.42039321145907,222.7300380772677,218.73460889257407,222.38217163085938,34493600
2025-03-26,222.1436424317859,223.64442126802376,219.12223310716143,220.17575073242188,34466100
2025-03-27,220.03662935170198,223.61462840697533,219.21170137047196,222.48159790039062,37094800
2025-03-28,220.31490521146458,222.44182255065115,216.34929105853038,216.5679473876953,39818600
2025-03-31,215.683368745432,224.24073468961828,214.90813825561798,220.77207946777344,65299300
2025-04-01,218.46626491168394,222.31260214779184,217.5618242432653,221.8256072998047,36412700
2025-04-02,219.9670353213626,223.8133724100327,219.66886624627372,222.5213165283203,35905900
2025-04-03,204.2834701562562,206.22156139646,200.01970279192506,201.94784545898438,103419000
2025-04-04,192.70471987275084,198.65810753704542,186.19475800144227,187.22840881347656,125910900
2025-04-07,176.1167553732534,192.96313526897592,173.55252535537636,180.35072326660156,160466300
2025-04-08,185.55865310846366,189.17640027021665,168.17558356470508,171.36595153808594,120859500
2025-04-09,170.8988481608281,199.38365014436008,170.8392173737498,197.63441467285156,184395900
2025-04-10,187.9141823452429,193.58926741380884,181.88128226075605,189.25592041015625,121880000
2025-04-11,184.96235041538483,198.32017705332044,184.92258644836306,196.9386749267578,87435900
2025-04-14,210.14743595954587,211.63826622013798,199.9302804535287,201.28196716308594,101352900
2025-04-15,200.6259945192588,202.26590170954893,198.57859009217825,200.90428161621094,51343900
2025-04-16,197.1473753495745,199.4730666932086,191.19398828729797,193.08238220214844,59732400
2025-04-17,195.99447418061752,197.61451451967758,193.2314700862815,195.77581787109375,52164700
2025-04-21,192.08851517151226,192.6152739871965,188.64966000796989,191.97918701171875,46742500
2025-04-22,194.92108593270402,200.3576482646354,194.77200897005906,198.5189666748047,52976400
2025-04-23,204.7406939661261,206.72846769395255,201.56025903470575,203.34925842285156,52929200
2025-04-24,203.6374845300284,207.5534013078127,201.69940812530302,207.09620666503906,47311000
2025-04-25,205.10841141990002,208.46775361357263,204.9394524859384,208.00062561035156,38222300
2025-04-28,208.71624889674396,210.2070792460064,206.1917828448175,208.8553924560547,38743100
2025-04-29,207.41425458581946,210.94255602883885,207.096203506044,209.91885375976562,36827600
2025-04-30,208.02050829648644,212.2743425468257,205.40658118436113,211.20094299316406,52286500
2025-05-01,207.80185982414434,213.2483553954001,207.62295230903422,212.0159454345703,57365700
2025-05-02,204.8301167579532,205.72462393265195,200.92414910817757,204.0946502685547,101010600
2025-05-05,201.85843431656065,202.8523212109494,196.99832800962005,197.67416381835938,69018500
2025-05-06,196.9983091053983,199.42338015596502,195.81558138809015,197.2964630126953,51216500
2025-05-07,197.95242524507105,198.22077891807172,192.0686174137577,195.05027770996094,68536700
2025-05-08,196.51130456752412,198.82706269335065,193.48988012199126,196.28271484375,50478900
2025-05-09,197.78348851905432,199.3140676367793,196.33240700583877,197.3163604736328,36453900
2025-05-12,209.95528044040137,210.25384054136518,205.75557652693038,209.77613830566406,63775800
2025-05-13,209.4178625594749,212.3735786127325,207.99474788922345,211.9058380126953,51909300
2025-05-14,211.40824098508043,212.91098786371114,209.56714827780408,211.30873107910156,49325800
2025-05-15,209.9353730316401,211.93571508448807,208.53215118256114,210.43296813964844,45029500
2025-05-16,211.33859654598928,211.54759317457453,208.76105751069144,210.24388122558594,54737900
2025-05-19,206.90999202317107,208.47243269467637,203.2775387890809,207.7758026123047,46140500
2025-05-20,206.6711529249315,207.4673081447902,204.04385132917625,205.86505126953125,42496600
2025-05-21,204.1831685508297,206.04416933851562,199.74462882701684,201.11798095703125,59211800
2025-05-22,199.7446272097534,201.77480849030061,198.7394754118135,200.39149475097656,46742400
2025-05-23,192.7384848883374,196.74910019358438,192.5295034494263,194.33079528808594,78432900
2025-05-27,197.34620772495165,199.77447409530296,196.48038197740732,199.2470245361328,56288500
2025-05-28,199.62517414339177,201.75488030334262,198.9384905597645,199.45599365234375,45339700
2025-05-29,202.60082660426147,202.82971610271787,197.55520490499057,198.98828125,51396800
2025-05-30,198.4110493394953,200.98860329086406,195.83351057352263,199.88394165039062,70819900
2025-06-02,199.31667499872813,201.15778278546435,199.15744093584797,200.72984313964844,35423300
2025-06-03,200.38153417950807,202.78989241693247,199.99341064507593,202.29229736328125,46381600
2025-06-04,201.93404589483336,205.24803106286797,201.12794426741362,201.844482421875,43604000
2025-06-05,202.5212149488215,203.76520275563243,199.18732155240895,199.66502380371094,55126100
2025-06-06,202.0236053289331,204.7106157617459,201.07817770068002,202.93917846679688,46607700
2025-06-09,203.40692547634254,205.0091823144686,199.05794913802782,200.48106384277344,72862600
2025-06-10,199.63515466910712,203.36711781582227,199.60530017876516,201.6951904296875,54672600
2025-06-11,202.5211970741936,203.51638723180633,197.45568281643992,197.8238983154297,60989900
2025-06-12,198.12246436103902,198.71956936233477,196.4107360236097,198.24188232421875,43904600
2025-06-13,198.769334334526,199.40625545491926,194.7587190445596,195.50511169433594,51447300
2025-06-16,196.3510290449251,197.73434281232372,195.61458283187793,197.46563720703125,43020700
2025-06-17,196.2514839890114,197.43576263348734,194.27106541566712,194.69898986816406,38856200
2025-06-18,194.9975394291991,196.61970405840015,194.1317289512304,195.63446044921875,45394700
2025-06-20,197.28649906078425,200.72984844555882,195.9131318065836,200.03321838378906,96813500
2025-06-23,200.6602023375907,201.3269779408771,198.00304635957568,200.53082275390625,55814300
2025-06-24,201.61557243039425,202.46149014710028,199.23706853700068,199.3365936279297,54064000
2025-06-25,200.48107411867477,202.69039770275842,199.6550643835986,200.59054565429688,39525700
2025-06-26,200.4611428555203,201.66532960796235,198.50063224789568,200.03321838378906,50799100
2025-06-27,200.91892502298623,202.2425296541318,199.03801637565215,200.11282348632812,73188600
2025-06-30,201.03834688076608,206.39247448465787,198.30157410241034,204.1831512451172,91912800
2025-07-01,205.6759415551798,209.17901505124104,205.1484920031366,206.82041931152344,78788900
2025-07-02,207.90517762155153,212.3138626915596,207.13887695509675,211.41819763183594,67941800
2025-07-03,211.12959751601144,213.61757304735917,210.79123648824356,212.5228729248047,34955800
2025-07-07,211.65703516300363,215.18996325511674,207.79570768244494,208.94017028808594,50229000
2025-07-08,209.08945658408672,210.41304612040562,207.4473837253886,208.9998779296875,42848900
2025-07-09,208.52217876921287,210.3135239719546,206.22329208627588,210.1244354248047,48749400
2025-07-10,209.49746585002458,212.45318170934252,209.01977884626095,211.38833618164062,44443600
2025-07-11,209.55718962168862,211.1096837700706,208.85059795908091,210.14434814453125,39765800
2025-07-14,208.92025854176603,209.89555581124029,206.54175471753558,207.61656188964844,38840100
2025-07-15,208.21368905566166,210.87084499335577,207.9151289669034,208.10421752929688,42296300
2025-07-16,209.28851120731298,211.37840160704656,207.63649175890595,209.14918518066406,47490500
2025-07-17,209.55718424596662,210.7812638030366,208.58188702565155,209.00982666015625,48068100
2025-07-18,209.85573909301036,210.77131219576944,208.69136845628208,210.16424560546875,48974600
2025-07-21,211.07983063398711,214.74212298846783,210.61209006251647,211.45799255371094,51377400
2025-07-22,212.11484021935428,213.91613206526756,211.20921348603295,213.3687744140625,46404100
2025-07-23,213.96589762082587,214.11517007989065,211.38835859165647,213.11997985839844,46989300
2025-07-24,212.87115278650074,214.65255153978734,212.5029373149323,212.73182678222656,46022600
2025-07-25,213.6673206036272,214.2047317845148,212.37357038101962,212.8512725830078,40268800
2025-07-28,213.000569237894,213.8166325366559,212.03523347491873,213.02047729492188,37858000
2025-07-29,213.14980632007004,213.77678093648746,209.8059821935656,210.25381469726562,51411700
2025-07-30,210.88079278566187,211.36844143995228,206.72090512781878,208.0445098876953,45512500
2025-07-31,207.48719786288635,208.83069544134486,206.16359315375274,206.57162475585938,80698400
2025-08-01,209.8557561748323,212.5527283441607,200.530828701964,201.40660095214844,104434500
2025-08-04,203.52634207300898,206.88014336875773,200.70995198839026,202.37193298339844,75109300
2025-08-05,202.42168730403617,204.35235878558626,201.18766113385618,201.94400024414062,44155100
2025-08-06,204.64097466073486,214.34407953630614,204.60115854716602,212.2243194580078,108483100
2025-08-07,217.8272171299369,219.78774287041324,215.5382768294147,218.9716796875,90224800
2025-08-08,219.76784743364436,229.88892965735022,218.19544514014734,228.2468719482422,113854000
2025-08-11,227.08116933177635,228.71513292468896,223.9327956372812,226.34388732910156,61806100
2025-08-12,227.17083074525974,229.95057099439725,226.23430307406312,228.80479431152344,55626200
2025-08-13,230.2195756343437,234.1351043372746,229.58191650034667,232.47125244140625,69878500
2025-08-14,233.1985666998313,234.25466305951576,230.0003892485326,231.92327880859375,51916300
2025-08-15,233.13877413921495,233.41774239633352,228.49592139875156,230.73764038085938,56038700
2025-08-18,230.8472538899505,232.26202593201924,229.26310933608104,230.0402374267578,37476200
2025-08-19,230.4287923573085,232.01293684851592,228.50590285589897,229.71144104003906,39402600
2025-08-20,229.13358225147155,229.6217843388592,224.93908515924198,225.17819213867188,42263900
2025-08-21,225.43723377620466,225.6863136691638,222.95639256938466,224.072265625,30621200
2025-08-22,225.33759321802492,228.2468445109381,224.5803958248437,226.92173767089844,42477800
2025-08-25,225.64645413109014,228.45608264282492,225.3973742361901,226.32395935058594,30983100
2025-08-26,226.03502689374838,228.6453946309622,223.86305742355088,228.46604919433594,54575100
2025-08-27,227.76862267507164,230.05018785299507,227.41990473660533,229.64170837402344,31259500
2025-08-28,229.97051505486425,232.55097936868034,228.49595098757067,231.7041015625,38074700
2025-08-29,231.65426265633033,232.52107103838586,230.51845893056873,231.28562927246094,39418400
2025-09-02,228.4062860305561,230.00040359535532,226.13467838242784,228.8745574951172,44075600
2025-09-03,236.33698891571112,237.9709525201245,233.49747185558658,237.59234619140625,66427800
2025-09-04,237.5723846793371,239.01704493171877,235.86868682669095,238.89749145507812,47549400
2025-09-05,239.1167027112504,240.43185187342493,237.61226559630578,238.80784606933594,54870400
2025-09-08,238.41928864081726,239.2661511981365,235.47017586985078,237.0045166015625,48999500
2025-09-09,236.12775932745953,237.90120710535396,232.5011563745861,233.48751831054688,66313900
2025-09-10,231.33545739080094,231.56460664903227,225.118417424808,225.955322265625,83440800
2025-09-11,226.04499474029723,229.60184779162614,225.81583028738913,229.1833953857422,50208600
2025-09-12,228.3764005514914,233.6469250222829,228.17713965402348,233.20855712890625,55824200
2025-09-15,236.12775635652346,237.31337916896246,234.16500543557729,235.828857421875,42699500
2025-09-16,236.30708253667353,240.33222235518573,235.45026224943368,237.2735137939453,63421100
2025-09-17,238.09051246512186,239.21635855568803,236.85507060288438,238.11044311523438,46508000
2025-09-18,239.08682096339746,240.31228984200703,235.77903252032195,237.0045166015625,44249600
2025-09-19,240.34217704154452,245.3935247988757,239.32594197772087,244.59646606445312,163741300
2025-09-22,247.38616206443075,255.69547916115815,247.2068166293636,255.13751220703125,105517400
2025-09-23,254.93828225227924,256.3929004583055,252.64674396870498,253.4936065673828,60275200
2025-09-24,254.28068708944184,254.7987775332095,250.11606329601622,251.3813934326172,42303700
2025-09-25,252.27808820484515,256.22352044118514,250.7836088309123,255.9246063232422,55202100
2025-09-26,253.16481067495934,256.6519291955366,252.84598111295833,254.51980590820312,46076300
2025-09-29,253.6231329894407,254.06151607705354,252.07883445903423,253.4936065673828,40127700
2025-09-30,253.92202035086734,254.97811672142575,252.17846100632588,253.69287109375,37704300
2025-10-01,254.10134722927504,257.83756097799323,253.9917514638179,254.5098419189453,48713900
2025-10-02,255.63566078088252,257.229778167004,253.21461153357077,256.18365478515625,42630200
2025-10-03,253.73271197999827,258.2858846694617,253.01536064819075,257.07037353515625,49155600
2025-10-06,257.0404730386864,258.11651518827176,254.11130630837613,255.74526977539062,44664100
2025-10-07,255.86484387966763,256.45266881763376,254.48991791397023,255.53607177734375,31955800
2025-10-08,255.57591915435188,257.5685585594684,255.16742442767125,257.1102600097656,36496900
2025-10-09,256.86113993459566,257.0504430809132,252.20832947523735,253.10501098632812,38322000
2025-10-10,254.0017340209507,255.43643674947074,243.10199461677743,244.36732482910156,61999100
2025-10-13,248.46219085423505,248.7710475029622,244.6562426215344,246.74851989746094,38142900
2025-10-14,245.69241642712313,247.93413549962378,243.79940008876653,246.8581085205078,35478000
2025-10-15,248.57178982967116,250.89321639065437,246.559219921403,248.42233276367188,33893600
2025-10-16,247.33633482463924,248.1234206007849,244.2278226113223,246.53927612304688,39777000
2025-10-17,247.10719170360767,252.44746537322095,246.35995200283696,251.36146545410156,49147000
2025-10-20,254.94822099113512,263.4069798400544,254.68918336894043,261.27484130859375,90483000
2025-10-21,260.9161783410852,264.3136317818121,260.86634411857244,261.8028869628906,46695900
2025-10-22,261.6833338430701,261.882609922878,254.4899051977633,257.4988098144531,45015300
2025-10-23,258.98329410338334,259.66078406832133,257.06040475940137,258.6246032714844,32754900
2025-10-24,260.2287163700197,263.15789839957887,258.22610426270086,261.85272216796875,38253700
2025-10-27,263.9051197703755,268.1295048126629,263.6759553344934,267.8206481933594,44888200
2025-10-28,267.9999758056659,268.896687690681,267.16307106420925,268.00994873046875,41534800
2025-10-29,268.28892986747474,270.4110953948544,266.1269030442272,268.7073974609375,51086700
2025-10-30,270.98894793982623,273.1310593223432,267.49188695276854,270.401123046875,69886500
2025-10-31,275.97053891965146,276.29934139392066,268.1693703205502,269.3749084472656,86167100
2025-11-03,269.42476736726525,269.8531775103368,265.2701011373342,268.0597839355469,50194600
2025-11-04,267.3424445625432,270.49081837885313,266.6350661079627,269.0461730957031,49274800
2025-11-05,267.6213843438783,270.70003856307255,265.94757476828966,269.1457824707031,43683100
2025-11-06,266.90407480138714,272.3937751745226,266.90407480138714,268.7771301269531,51204000
2025-11-07,268.80702532983145,271.2878818962731,265.7881780523408,267.48193359375,48227400
2025-11-10,268.2298525605972,272.98692304032335,266.733924572705,268.6985778808594,41312400
2025-11-11,269.07757258136417,275.16101963639426,269.0675899882029,274.5028076171875,46208300
2025-11-12,274.2535373864602,274.9815668240292,270.96250711171905,272.7276916503906,48398000
2025-11-13,273.3658696206449,275.9488654308047,271.3513641926929,272.20904541015625,49602800
2025-11-14,270.31420819279356,275.21088338895913,268.8681625557137,271.6705322265625,47431300
2025-11-17,268.09027174019775,269.7557213346742,265.00866346949266,266.73394775390625,45018300
2025-11-18,269.25705465795,269.97510130800674,264.59974924229334,266.7139892578125,45677300
2025-11-19,264.80921977983166,271.47107967039307,264.77930243197466,267.83099365234375,40424500
2025-11-20,270.09480618650156,274.68232536305425,265.1981613886433,265.5272521972656,45823600
2025-11-21,265.2280517805383,272.5879921198442,264.9488130991126,270.75299072265625,59030800
2025-11-24,270.164627965921,276.24807542504453,270.164627965921,275.1710205078125,65585800
2025-11-25,274.52274228722064,279.6188865292943,274.5028075356392,276.2181396484375,46914200
2025-11-26,276.2082055022192,278.7712367451818,275.8791146523587,276.7966003417969,33431400
2025-11-28,276.50736791500816,278.242634823177,275.2407959413455,278.0930480957031,20135600
2025-12-01,277.2553332443013,282.65065109438723,275.3904143522869,282.3315124511719,46587700
2025-12-02,282.231773534172,286.619823290159,281.86278279875575,285.4131164550781,53669500
2025-12-03,285.4231155973949,287.8365294074879,282.5309633672564,283.378662109375,43538700
2025-12-04,283.3287830094401,283.95707766942763,277.83373081751637,279.9380187988281,43989100
2025-12-05,279.77845592816414,280.37683325787106,277.2951945750906,278.0232238769531,47265800
2025-12-08,277.374989388386,278.9108174051644,275.4003533668138,277.1356506347656,38211800
2025-12-09,277.40493251311347,279.2698514894354,276.16830825817004,276.4275817871094,32193300
2025-12-10,276.9960211276047,278.9905919368044,275.68957968235776,278.0232238769531,33038300
2025-12-11,278.34237127554803,278.8310314000742,273.0667227973629,277.2752685546875,33248000
2025-12-12,277.14559334691864,278.4620173164318,276.06853855760204,277.5245666503906,39532900
2025-12-15,279.3894873363706,279.3894873363706,272.0993337942639,273.3658752441406,50409100
2025-12-16,272.07941349564567,274.752131096348,271.0522107383373,273.8645324707031,37648600
2025-12-17,274.2634587890498,275.41033087528734,270.9026119684932,271.10205078125,50138700
2025-12-18,272.8672697170699,272.88723490520505,266.22537510199504,271.4511413574219,51630700
2025-12-19,271.4112306527045,273.8545921928022,269.1673383776201,272.9271240234375,144632000
2025-12-22,272.1192896847017,273.13654030849926,269.7756932559407,270.23443603515625,36571800
2025-12-23,270.1048034873943,271.7603010837797,268.8282792538215,271.62066650390625,29642000
2025-12-24,271.60070067851706,274.6823088952694,271.46109654935304,273.06671142578125,17910600
2025-12-26,273.4158142002898,274.6225212124231,272.1193247047194,272.6578674316406,21521800
2025-12-29,271.9497734782625,273.61522314661676,271.6107000753325,273.0168762207031,23715200
2025-12-30,272.06942798009953,273.3359694836473,271.54086793463244,272.33868408203125,22139600
2025-12-31,272.3187639976345,272.9370761103812,271.0123224859311,271.12200927734375,27293600
2026-01-02,271.52095990203577,277.0857995993762,268.26979943372277,270.27435302734375,37838100
2026-01-05,269.9053759278346,270.7730094869922,265.41759095171795,266.5345458984375,45647200
2026-01-06,266.27524679504927,266.8237416838396,261.4084883511094,261.6478271484375,52352100
2026-01-07,262.485556491205,262.96423405428067,259.10474402829175,259.6233215332031,48309800
2026-01-08,256.3222864925608,258.58614386359903,255.00587765735156,258.3368225097656,50419300
2026-01-09,258.3767027680543,259.5036402038468,255.52448097015204,258.6659240722656,39997000
2026-01-12,258.45648066308013,260.5906555331263,256.1028713590674,259.54351806640625,45263800
2026-01-13,258.01770778709204,261.0993163539261,257.68861696081353,260.34136962890625,45730800
2026-01-14,258.78557762508564,261.1092696408236,256.0131254420647,259.2543029785156,40019400
2026-01-15,259.94247342351326,260.3314293980394,256.35223934409396,257.50909423828125,39388600
2026-01-16,257.1998957308392,258.1971811198186,254.23795690818102,254.83633422851562,72142800
2026-01-20,252.04394930256512,254.09835490933511,242.75922413209136,246.0303192138672,80267500
2026-01-21,248.02489020045314,250.87712721718017,244.51444112970407,246.9777374267578,54641700
2026-01-22,248.52352576906395,250.31864258405668,247.47637302553753,247.67584228515625,39708300
2026-01-23,246.64863719927277,248.73296007338791,244.0157890837153,247.36666870117188,41689000
2026-01-26,250.7973501838168,255.86356228737432,249.121917868832,254.71669006347656,55969200
2026-01-27,258.4664899667647,261.2389423700868,257.5090739976807,257.56890869140625,49648300
2026-01-28,256.9505880888889,258.1572949521919,253.81911240916085,255.74388122558594,41288000
2026-01-29,257.29964922744847,258.94516415300217,253.7193980705993,257.5788879394531,67253000
2026-01-30,254.4773517832236,261.1890792690021,251.49546251262876,258.7756652832031,92443400
2026-02-02,259.3241194003358,269.7557160843994,258.50633807413067,269.27703857421875,73913400
2026-02-03,268.4692659190308,271.1419837262723,266.88355520832346,268.7485046386719,64394700
2026-02-04,271.55083028665655,278.19275421850585,271.55083028665655,275.7394104003906,90545700
2026-02-05,277.37501624935936,278.7412924914769,272.48832346973,275.1610412597656,52977400
2026-02-06,276.3677049075235,280.1474248180158,276.1782182606431,277.364990234375,50453400
2026-02-09,277.41494619870406,277.70443813431814,271.2160169672847,274.13079833984375,44623400
2026-02-10,274.40031021957236,274.87943562430115,272.4537718732244,273.19244384765625,34376900
2026-02-11,274.2106536370846,279.6808719096702,273.9610989943363,275.00921630859375,51931300
2026-02-12,275.09909064411113,275.22886395053104,259.7165366668213,261.2637939453125,81077200
2026-02-13,261.5432690161623,261.7628783299504,254.9949421084194,255.32435607910156,56290700
2026-02-17,257.5903108294174,265.8156532326085,255.08478749757862,263.4099426269531,58469100
2026-02-18,263.13045584681157,266.3447212846438,261.9825104325609,263.8791198730469,34203300
2026-02-19,262.13220471573277,264.00886051677537,259.5867290635135,260.11578369140625,30845300
2026-02-20,258.50868117461044,264.2783836675007,257.7001265171608,264.1086730957031,42070500
2026-02-23,263.0206001676805,268.95002088588865,262.91081074777924,265.705810546875,37308200
2026-02-24,267.38283777638213,274.4003442568012,267.233111068832,271.6552429199219,47014600
2026-02-25,271.29586819299504,274.45024283739696,270.567157599074,273.74151611328125,33714300
2026-02-26,274.4602128097023,275.61811956353745,270.31758130113775,272.4637756347656,32345100
2026-02-27,272.3240124520744,272.3240124520744,262.4217010495403,263.7093811035156,72366500
2026-03-02,261.94253069595567,266.05518620599753,259.73647625260065,264.2484130859375,41827900
2026-03-03,263.0106738027697,265.08695529305965,259.6666350681776,263.2801818847656,38568900
2026-03-04,264.17854815272653,265.67587606267574,260.95432154975975,262.0523376464844,39803100
2026-03-05,260.3254337562426,261.09405110124777,256.79173142961054,259.8263244628906,49658600
2026-03-06,258.16927189629365,258.3090066542827,253.916851068475,257.0013427734375,41120000
2026-03-09,255.2345148744848,260.68477987096253,253.22808575123491,259.41705322265625,38218500
2026-03-10,257.19102845716964,262.01244158439727,256.4922936817907,260.3653564453125,30590800
2026-03-11,260.62486739620806,261.6630231774062,259.08760235948154,260.3453674316406,26218900
2026-03-12,258.1992253881205,258.48871731031414,253.72719511663234,255.30438232421875,40794000
2026-03-13,255.024890934378,255.87336762960538,249.07551643845036,249.6744384765625,36930000
2026-03-16,251.66090222791988,253.43773019062647,249.4348789230203,252.36964416503906,32074200
2026-03-17,252.5093881906664,254.67552076289968,251.7307636559193,253.77711486816406,32361600
2026-03-18,252.1799767808244,254.48585937367065,248.55643828829037,249.49476623535156,35757900
2026-03-19,248.95572868612365,251.38140795985734,246.85947863088072,248.5165252685547,34864100
2026-03-20,247.53824109812177,248.75606899357115,245.56177255944445,247.54823303222656,88331100
2026-03-23,253.51758537106093,254.14646797882926,249.83415620831627,251.04200744628906,40546100
2026-03-24,249.90403139868116,254.37604644028636,249.10545347620703,251.1917266845703,45152300
2026-03-25,253.6473574345128,254.5457480998694,251.15181088451408,252.16998291015625,28476700
2026-03-26,251.67088153367666,256.5421934269488,250.32329549316128,252.43951416015625,41796700
2026-03-27,253.4477020992108,255.03488128462607,247.6281009352486,248.35679626464844,47900000
2026-03-30,249.62453299565456,250.4230956915925,245.07264337813007,246.19065856933594,39446200
2026-03-31,247.46837564153284,255.02488248828539,246.65982101631488,253.337890625,49598100
2026-04-01,253.62737973002484,255.7236296181179,252.8787157917901,255.17462158203125,40059400
2026-04-02,253.74717405681358,255.6737439434535,250.20349485503914,255.464111328125,31289400
2026-04-06,256.053045051996,261.6929736576745,256.003115847535,258.3988342285156,29329900
2026-04-07,255.70368128016966,255.7436185540334,245.2623079794448,253.0484161376953,62148000
2026-04-08,257.98960165960847,259.2872736156141,256.0730086009651,258.43878173828125,41032800
2026-04-09,258.5386040524215,260.65482250105316,255.6138310165902,260.02593994140625,28121600
2026-04-10,259.5168819122501,261.7229364827484,258.5585701252562,260.0159912109375,31291500
2026-04-13,259.2673359057164,259.71651601158027,256.2027973984465,258.73828125,36234700
2026-04-14,258.78816168339415,261.4633801130582,256.73183388682423,258.368896484375,48370700
2026-04-15,257.7001261657452,266.08515659729386,257.35074355126085,265.95538330078125,49913500
2026-04-16,266.3246925362851,266.6840670491935,260.804545264895,262.9307556152344,43323100
2026-04-17,266.4844323486072,271.8149160854778,266.24486962975914,269.7486267089844,61436200
2026-04-20,269.84841238867654,273.7913879220191,269.80850557942483,272.5635681152344,36590200
2026-04-21,271.0163536236942,272.3140256362382,264.9272139873882,265.69586181640625,50209800
2026-04-22,267.3429346055621,273.2523721409737,266.39461467279705,272.68341064453125,43249200
2026-04-23,274.56001085217736,275.2787294551341,271.1660737405759,272.9429016113281,33399600
2026-04-24,272.2741016414235,272.5735550213531,269.16962610782736,270.5771179199219,38157100
2026-04-27,265.6159889280984,267.88193422863776,264.59781690250213,267.1332702636719,41466800
2026-04-28,271.8548539018017,272.7432830913257,268.181416710472,270.2277526855469,40018900
2026-04-29,267.07336249706583,270.55716597281076,266.56429174844374,269.688720703125,30047900
2026-04-30,270.018146234023,275.50834883767226,267.6623648300734,270.86663818359375,91848200
2026-05-01,278.36321169794013,286.7083346607987,277.87409435408995,279.6409606933594,79915400
2026-05-04,279.16182884121525,280.13010214166496,274.3703610857382,276.33685302734375,46668400
2026-05-05,276.43668191704,284.0630869835518,276.00745521106614,283.67376708984375,49311700
2026-05-06,281.4177950537395,287.5168959460148,280.5693031693742,286.9978332519531,58336100
2026-05-07,288.75467457606095,291.60959552514373,285.2709015174152,286.9279479980469,45224300
2026-05-08,289.49338424193445,294.2349225642168,289.48339230776435,292.7974853515625,52692800
2026-05-11,291.72841688276577,293.6267735875138,289.979924827367,292.42779541015625,42247300
2026-05-12,292.3078994315659,295.0155556946294,292.3078994315659,294.54595947265625,45748100
2026-05-13,293.24708951115105,300.6607090744109,293.24708951115105,298.6124572753906,52684300
2026-05-14,299.5616620172475,300.1911240450107,295.12548538387824,297.9530334472656,35324900
2026-05-15,297.643304079477,302.93875555297063,296.26448829773227,299.9713134765625,54862800
2026-05-18,299.98126929450746,300.4009207908792,294.6558756451712,297.5833435058594,34483000
2026-05-19,296.7140952726279,300.2510533099592,296.09463441963413,298.7123718261719,42243600
2026-05-20,297.9230626302997,302.5390768782648,297.82314269813475,301.98956298828125,38229800
2026-05-21,300.80056674721834,305.27671719779084,300.1411318265125,304.7271728515625,42965100
2026-05-22,305.85620846339293,311.13165741506583,305.57645096183757,308.55389404296875,43670200
2026-05-26,309.29325163060713,311.5513139598484,307.4048960873393,308.0643005371094,48000500
2026-05-27,308.0643052358437,312.9900803339556,308.0343323058515,310.5821533203125,50430900
2026-05-28,310.412282475935,312.5304508120942,309.30325358892543,312.24072265625,48220400
2026-05-29,311.5113496628706,314.7285763294451,309.2632884033746,311.7911071777344,70026800
2026-06-01,309.363197507879,310.67206624496237,304.7571540774977,306.0460510253906,48849900
2026-06-02,307.1950545511415,315.1781903378333,306.42572903356995,314.92840576171875,44534700
2026-06-03,313.9092501546009,316.6668815001487,308.5838566628498,309.9926452636719,50836700
2026-06-04,312.96009909963743,313.26982953176514,309.38316692864953,310.9618225097656,44869100
2026-06-05,312.5903972939029,314.8984348439246,306.8853260765596,307.0751647949219,65310500
2026-06-08,308.4739595974908,317.1265012321255,300.9105055796523,301.2801818847656,77949100
2026-06-09,300.0212482417878,300.4908444635933,287.5320194610898,290.29962158203125,70108800
2026-06-10,290.4894628291428,294.4960172141002,287.1323727394638,291.3287353515625,52793300
2026-06-11,293.4668864344149,296.7440586571729,289.3404406054596,295.375244140625,42572500
2026-06-12,295.7749221682621,296.88398158337014,289.3704417369658,290.879150390625,38742100
2026-06-15,293.8665449684006,297.5233947188816,291.4486474146935,296.1645812988281,45732600
2026-06-16,294.99559499590845,300.2210994929347,293.71669913987887,298.9821472167969,39874400
2026-06-17,300.59074812548096,301.8096980081642,294.10632015937927,295.6949768066406,42745100
2026-06-18,297.8530937792582,300.31099586682666,295.3652492546472,297.7532043457031,85962200
2026-06-22,297.05381866220307,302.1594314563154,296.5043047694293,296.75408935546875,44879900
2026-06-23,297.2836155142734,301.3800886038737,293.9264950024863,294.04638671875,52010900
2026-06-24,295.1054570720635,299.4417438827621,292.68755959702736,292.8274230957031,53081900
2026-06-25,287.1523472601469,288.55113481081804,273.5141152813601,274.91290283203125,107013700
2026-06-26,274.7630284991681,285.70360492137456,273.9737007161028,283.53546142578125,261775500
2026-06-29,286.4829438934296,288.12151489662153,279.6088673150861,281.4972229003906,66427000
2026-06-30,280.9277417485351,289.69017405322865,280.45814550695326,289.11065673828125,65100200
2026-07-01,293.1871503157195,296.33442991747245,288.95081360688545,294.1263427734375,50164200
2026-07-02,293.866538367699,309.15337194761725,293.4269150966668,308.3640441894531,75352800
2026-07-06,307.0951430290638,313.9292760509671,306.7354678654279,312.3905944824219,53590000
2026-07-07,315.0183186077797,315.20815732134815,309.88273318392555,310.3923034667969,42490000
2026-07-08,311.6412289475945,314.5487250421545,306.7854009831778,313.1199645996094,41323500
2026-07-09,310.24243869469103,316.2572401947346,307.8944576262147,315.947509765625,48124500
2026-07-10,314.4488202226986,316.6369356310425,311.9010296470402,315.0483093261719,34132300
2026-07-13,316.7468014245228,323.171283634363,315.5078797345754,317.03656005859375,43257800
2026-07-14,313.48965629761443,315.91755515351207,311.64124426456783,314.58868408203125,36336800
2026-07-15,317.34631234952286,328.44675508114506,317.0465830462295,327.2178039550781,60957600
2026-07-16,327.72736328456057,334.3915986652446,326.50841333986017,332.97283935546875,62970600
2026-07-17,331.693929977533,334.7013154010385,328.71648699084636,333.452392578125,63407100
2026-07-20,333.2226134619852,333.4224228207836,323.4010672140761,326.3085632324219,53468000
2026-07-21,322.85156758462244,329.3159936819017,321.94234806189104,327.45758056640625,41338900
2026-07-22,327.58746619388995,328.7164973399543,323.0613709608057,325.60919189453125,38755900
2026-07-23,321.4527900194849,323.0214140443725,319.0748358849152,321.3828430175781,40840800
2026-07-24,321.5127284115298,334.0818750563203,321.3428614810286,332.7330322265625,47489400
2026-07-27,334.2517370375488,339.277401491225,333.73216560461384,336.61968994140625,49604300
2026-07-28,339.73698155301014,342.59453283396704,335.31080637618777,339.78692626953125,51859000
2026-07-29,339.43727163464206,344.2730974331505,337.0593175600121,337.8985900878906,56090800
2026-07-30,332.8129674612056,334.4615395264105,329.30598233808786,333.1426696777344,74817800
2026-07-31,304.54735603914753,310.4222943774597,299.7415030462749,308.6438293457031,132489100
2026-08-03,309.313234694189,311.5313230344714,302.29929450581176,303.1585693359375,75052000
2026-08-04,302.46913991298527,310.1525156602479,301.0603512911937,309.1134033203125,68001000
2026-08-05,309.09342362565195,311.4414048335362,305.40663118634393,310.7320251464844,49438800
2026-08-06,314.06913775686996,316.0174696892129,308.96355554648414,312.14080810546875,46139900
2026-08-07,311.1816431226555,314.53873325457766,310.47223295908327,313.05999755859375,34437200
2026-08-10,306.8299865722656,308.260009765625,304.6099853515625,308.260009765625,44812500
2026-08-11,307.75,309.9700012207031,302.7900085449219,304.9100036621094,37476700
2026-08-12,305.1000061035156,305.6600036621094,300.57000732421875,302.25,41657800
2026-08-13,304.2099914550781,306.0,302.04998779296875,305.260009765625,40349300
2026-08-14,306.0,307.489990234375,304.29998779296875,305.92999267578125,28229400
2026-08-17,306.2099914550781,307.6600036621094,302.94000244140625,305.5899963378906,38169300
2026-08-18,307.5799865722656,311.489990234375,305.739990234375,310.0299987792969,53424500
2026-08-19,310.1400146484375,319.2799987792969,309.6000061035156,316.8299865722656,50505600
2026-08-20,317.4599914550781,320.2799987792969,310.6499938964844,311.29998779296875,40959200
2026-08-21,312.04998779296875,312.3800048828125,307.010009765625,309.3500061035156,46876800
2026-08-24,311.4700012207031,313.3599853515625,309.9700012207031,310.3399963378906,34673600
2026-08-25,310.7900085449219,313.5899963378906,308.2099914550781,309.8999938964844,25869800
2026-08-26,310.29998779296875,315.42999267578125,308.79998779296875,313.45001220703125,34024500
2026-08-27,310.54998779296875,315.3999938964844,309.3999938964844,314.5799865722656,32419200
2026-08-28,316.8500061035156,322.3699951171875,315.45001220703125,319.70001220703125,38649400
2026-08-31,319.6000061035156,321.239990234375,312.79998779296875,316.8500061035156,41242700
2026-09-01,316.9800109863281,327.29998779296875,314.7300109863281,325.1300048828125,53167400
2026-09-02,326.8699951171875,328.3999938964844,323.5299987792969,324.9599914550781,33776400
2026-09-03,324.8699951171875,330.80999755859375,324.1099853515625,328.2099914550781,37225800
2026-09-04,328.30999755859375,328.92999267578125,317.8599853515625,319.9700012207031,39606900
2026-09-08,317.1000061035156,320.70001220703125,314.8999938964844,316.2200012207031,35477100
2026-09-09,315.489990234375,319.1499938964844,309.8999938964844,315.3399963378906,65640000
2026-09-10,316.6700134277344,326.739990234375,316.510009765625,326.57000732421875,70011900
2026-09-11,327.45001220703125,336.2200012207031,326.29998779296875,332.2699890136719,50716900
2026-09-14,334.7900085449219,335.5,331.3399963378906,333.0799865722656,39269100
2026-09-15,330.1400146484375,331.7799987792969,328.3500061035156,331.3399963378906,31748200
2026-09-16,332.5299987792969,335.4800109863281,330.70001220703125,332.4100036621094,35981000
2026-09-17,334.7699890136719,338.3399963378906,330.17999267578125,337.0,36700200
2026-09-18,337.9100036621094,338.489990234375,332.5299987792969,336.1300048828125,86588200
2026-09-21,335.2799987792969,339.6400146484375,333.04998779296875,338.9800109863281,34999200
2026-09-22,340.1400146484375,345.3399963378906,338.75,339.75,40711800
2026-09-23,341.0799865722656,341.79998779296875,335.5,337.0199890136719,31658800
2026-09-24,336.7200012207031,338.9100036621094,334.29998779296875,335.9200134277344,24733100
2026-09-25,336.0400085449219,341.6700134277344,334.5299987792969,341.07000732421875,30002500
2026-09-28,340.3699951171875,342.989990234375,338.0400085449219,338.3999938964844,32820800
2026-09-29,336.9700012207031,337.0899963378906,328.70001220703125,329.3999938964844,38478000
2026-09-30,330.79998779296875,339.5,330.1400146484375,333.0199890136719,49988600
2026-10-01,330.0,332.4800109863281,325.80999755859375,330.32000732421875,36306300
2026-10-02,333.260009765625,334.5400085449219,330.6099853515625,333.69000244140625,33245500
