Date,open,high,low,close,volume
2016-10-03,1075.1190865989104,1101.7673374633277,1070.8921451029014,1096.25390625,747111
2016-10-04,1104.5241865135622,1105.4430918268015,1083.7569488685674,1095.840576171875,503642
2016-10-05,1091.6594012571095,1124.7399891739917,1088.9026855973693,1110.7266845703125,1080751
2016-10-06,1111.9670921364764,1123.2696702742242,1104.2482664939441,1111.415771484375,746006
2016-10-07,1110.0374374384483,1111.8752477653331,1085.0432618612306,1088.5350341796875,873434
2016-10-10,1092.5781744748278,1120.1453277416445,1092.5781744748278,1114.310302734375,570180
2016-10-13,1127.496453930597,1127.7721703036343,1110.8183054663677,1117.9398193359375,1391322
2016-10-14,1117.4804941922605,1121.0642465950912,1104.7536807122528,1107.9698486328125,354200
2016-10-17,1110.1293170191257,1110.4050334394303,1082.929746333709,1086.421630859375,365921
2016-10-18,1090.189267940943,1096.575614893383,1071.0301149125655,1079.2542724609375,1339044
2016-10-19,1084.3081934408794,1088.1216726571063,1068.916530525511,1074.4759521484375,1201677
2016-10-20,1079.7134952434726,1081.5513054481423,1068.9163602910378,1071.213623046875,448785
2016-10-21,1077.7841849673166,1077.7841849673166,1051.5953806087239,1059.9573974609375,948987
2016-10-24,1066.986480917304,1067.7675276728799,1032.9410084238734,1036.0653076171875,1287073
2016-10-25,1040.1542748194772,1064.3675067655402,1026.5085605626882,1047.32177734375,3014876
2016-10-26,1059.7732160065134,1063.1731197492293,1023.5683353889727,1032.022216796875,1323248
2016-10-27,1041.1197761225083,1042.4062660647278,993.3366972536905,997.42578125,1764517
2016-10-28,993.3364209359424,1007.9929125281471,979.5988344509864,983.1365966796875,1732990
2016-11-01,992.2104772637206,1002.4356302888586,987.5124461386121,991.8419799804688,983171
2016-11-02,983.7354064838896,997.9676975680293,972.1744671608457,978.9912719726562,872573
2016-11-03,974.8920593347241,990.2758342922764,952.0004768335264,955.408935546875,1075107
2016-11-04,957.2973347890254,971.6679396874725,953.5204911732303,960.843994140625,976222
2016-11-07,965.4037402575274,976.0894843582527,946.8879085688355,955.5930786132812,829767
2016-11-08,962.4099195871921,976.4580184373522,958.034282240421,973.6944580078125,780312
2016-11-09,920.2655488512415,974.7076624345126,876.9697722786607,968.1211547851562,2005884
2016-11-10,972.7731247833699,976.4578714681554,928.556164565944,931.5960693359375,1719037
2016-11-11,921.1867599059083,925.7466456123981,882.4969159898601,886.4580078125,2665967
2016-11-15,894.4262130835873,894.4262130835873,800.5112203489076,820.5930786132812,5354021
2016-11-16,845.1887975474265,871.3505223265427,831.8315903927261,861.9544067382812,3032067
2016-11-17,871.4426480531981,872.5020352843994,844.7282328380367,846.06396484375,1310176
2016-11-18,852.9269052836643,855.7365138599855,828.929943469648,836.6218872070312,1335202
2016-11-21,845.6494775390624,845.6494775390624,821.4683241780599,829.068115234375,1639425
2016-11-22,836.4376331309385,840.9975191380073,824.4622044627642,836.2073364257812,1678288
2016-11-23,843.7149556201152,871.811151122322,840.1223048528733,867.803955078125,2371811
2016-11-24,864.3033887618111,889.6360220588532,858.5920201917054,862.3228149414062,2908165
2016-11-25,869.5082678555631,878.1673902881238,864.81018130645,870.9360961914062,1460489
2016-11-28,875.1273320796382,892.3074858782684,859.9277521014129,862.3228149414062,1335539
2016-11-29,866.2841541704873,890.7877023980376,861.4939712063269,883.003662109375,2507536
2016-11-30,891.6627200145725,898.0649791297162,877.4764216684171,893.4590454101562,4460941
2016-12-01,890.7875971418533,891.7087839020828,862.2308075747412,865.132568359375,1517103
2016-12-02,862.2308811929421,862.6914746123828,830.9105286709762,833.535888671875,2139914
2016-12-05,838.279956892315,867.3894362021808,824.692452096533,863.7507934570312,1881935
2016-12-06,866.744621791817,870.2451201412366,851.3147439745071,860.526611328125,889147
2016-12-07,862.2307839927088,873.7456181806456,855.0455387043914,858.7302856445312,809152
2016-12-08,867.7118291706632,872.8704522355961,856.5193882001576,862.3689575195312,1024529
2016-12-09,867.7580677231965,878.7662625236658,861.3558074647825,867.5277709960938,1600112
2016-12-12,857.9012240891731,863.2902004061345,837.3587704485375,838.51025390625,1531811
2016-12-13,842.8859239299007,842.8859239299007,824.4621878877172,835.2861328125,1572248
2016-12-14,836.4375352036052,850.4395844828056,836.4375352036052,842.2870483398438,944657
2016-12-15,837.9573951819261,844.4977974115416,830.6339506242683,831.8314819335938,958978
2016-12-16,840.0762408839083,840.0762408839083,827.2256748898295,828.9759521484375,1041676
2016-12-19,830.3577040045262,830.9103935280501,806.1304491025481,809.17041015625,1905631
2016-12-20,806.4989933464841,812.4867071748704,792.2666469248261,797.4713745117188,1811388
2016-12-21,798.8531715657781,807.4201972107945,793.6484438685184,797.3331909179688,1321988
2016-12-22,797.3332856984812,805.3936708273069,784.0221241550636,801.7089233398438,1472349
2016-12-23,806.0383742133866,815.250241347254,793.6023535826658,805.1171875,1325637
2016-12-26,805.1173145937537,815.2503700405858,792.2206985705128,799.4059448242188,1313467
2016-12-27,803.1826907839014,808.6176584745847,795.3526039843844,806.9595336914062,846898
2016-12-28,806.9595723120224,819.8561864813927,801.0179066818931,806.6832275390625,1093720
2016-12-29,809.7231947953285,817.092689173443,807.8808212007998,810.6904296875,1203203
2016-12-30,815.2043299592382,824.4622467362922,812.9474108880199,820.8235473632812,935476
2017-01-02,822.61971505998,835.9769220794309,812.7169581317663,833.3515625,1031421
2017-01-03,838.2799603591421,838.2799603591421,823.0343305667969,825.93603515625,2068282
2017-01-04,830.8182339847411,842.4251628917011,826.3043970627183,835.1477661132812,1408241
2017-01-05,841.8725761489031,847.3996965362037,830.449838191905,844.2676391601562,2569365
2017-01-06,845.6495154484938,859.0067245705017,842.517457716179,856.2431640625,1717545
2017-01-09,858.5461458923359,859.5133808417859,834.5952877451248,838.3721313476562,1356124
2017-01-10,842.885800549845,855.7824138915913,836.391445790563,850.8079833984375,1735052
2017-01-11,853.4795489295389,866.4682599959214,848.8736150443282,860.9872436523438,1236472
2017-01-12,861.3096701120207,865.3168102584584,853.2953335943645,859.9739379882812,955700
2017-01-13,861.8162891704428,864.2574566511097,854.0783538780119,859.6975708007812,770385
2017-01-16,856.7036865038592,867.3433823332258,853.8480300387574,861.5399169921875,889759
2017-01-17,865.9155425768755,887.5634311412974,863.1519823346089,884.4774780273438,1742445
2017-01-18,884.477479317365,895.8080650822286,884.3392788151393,887.4252319335938,1216887
2017-01-19,889.0374138446246,889.6362077920218,879.1807594474134,886.8265991210938,770727
2017-01-20,884.6156515358102,900.7824682423304,878.950386586827,890.9718627929688,2190366
2017-01-23,891.1561609961237,896.8214262604412,882.266685605048,888.6689453125,1206139
2017-01-24,887.563368279087,902.6247480427979,878.4435976356095,896.7291870117188,1748158
2017-01-25,901.841818626641,904.0065849761304,894.6105252062155,900.644287109375,1128224
2017-01-27,902.5786712567772,911.606289210146,888.1160295614482,893.1825561523438,1043635
2017-01-30,892.6299060094981,901.8417729445806,887.1027858484485,896.4989013671875,572175
2017-01-31,896.1304535597294,900.4600425026514,888.0240214553003,894.1959838867188,603928
2017-02-01,894.1959775971543,922.1539725985276,893.7353842282699,912.8960571289062,1241463
2017-02-02,911.4681951639377,916.5807701241982,904.5592948866197,911.0536499023438,1365514
2017-02-03,911.9750249272797,915.5676763032712,903.7303909822224,908.1981811523438,465754
2017-02-06,912.0670222708425,925.7466798969308,907.8295855082553,914.2778930664062,744278
2017-02-07,913.8173395426768,924.8255334565193,912.1592144860437,920.5419921875,577723
2017-02-08,920.541930545357,930.3065440690536,903.6842238529939,919.0680541992188,1192386
2017-02-09,920.2654655974969,925.7925855109954,912.895972379499,923.81201171875,493191
2017-02-10,926.6218300832254,929.4774866901809,912.4355307895186,914.7845458984375,479738
2017-02-13,916.5808979391779,921.1868320996763,904.1448757058323,907.1387329101562,643641
2017-02-14,910.1325561888424,910.1786042837745,893.5511938291266,903.5,604108
2017-02-15,903.8683861499001,909.1652095862061,899.0782041451556,904.3289794921875,600970
2017-02-16,907.3689427533167,911.5603311931609,891.4784714208347,893.4590454101562,932357
2017-02-17,896.3147845026349,896.6832817241008,880.2861111901673,885.0762939453125,1142332
2017-02-20,885.2604570127346,902.7169569781804,878.6739493327708,898.8479614257812,1092302
2017-02-21,900.6443833603298,915.6136694878483,899.3546992963536,913.3567504882812,885074
2017-02-22,916.6728041473347,944.9071971893799,915.5674251577362,939.88671875,2809160
2017-02-23,948.8224007613122,948.8224007613122,926.1151237289087,929.4774780273438,1580357
2017-02-27,930.3986354977102,938.2747711176114,920.2655810516956,922.9830932617188,738246
2017-02-28,924.0425924107681,945.8747902495165,919.4827620603642,943.4796142578125,1368244
2017-03-01,948.8223881976595,958.0342560442386,945.1837453780842,951.3556518554688,1124115
2017-03-02,956.0998415292033,962.4099488787923,945.506192893543,947.6709594726562,1037442
2017-03-03,946.1048835136263,946.1048835136263,926.7138577138484,933.8070068359375,596208
2017-03-06,939.610354512623,952.322774877021,935.9256080243381,948.26953125,559268
2017-03-07,949.3290115451676,951.2173768360598,940.0710401047377,943.2491455078125,429279
2017-03-08,943.2952046499771,953.1979619253552,935.0045241403582,941.95947265625,1164247
2017-03-09,947.4405083907212,958.7711496303415,944.2163549834605,949.8355712890625,827512
2017-03-10,943.3871701808266,955.4546920947732,943.3871701808266,949.052490234375,579487
2017-03-14,967.0620414412251,992.8552743436057,958.5870545892715,986.9596557617188,1640301
2017-03-15,983.8274243297175,990.7363247814711,977.4712134241938,980.1887817382812,619852
2017-03-16,986.8212812920561,1003.6329390596921,984.0577211110749,1001.836669921875,1382416
2017-03-17,1004.323800310963,1006.120069397281,990.2757031270673,994.3749389648438,782439
2017-03-20,996.5396843110349,997.6450632239905,983.0442784635737,994.6051025390625,423077
2017-03-21,996.6780151621094,999.4415755673276,979.6360593299307,984.4722900390625,1431610
2017-03-22,974.615373324454,980.280693116766,965.9102053761792,974.4771728515625,661176
2017-03-23,976.4578864886352,985.6697533423015,970.9307663764354,977.9317626953125,466635
2017-03-24,979.0371881456674,988.433246722769,977.4251115550198,980.3728637695312,435183
2017-03-27,983.8276410301849,983.8276410301849,957.9883026693649,960.7058715820312,833514
2017-03-28,962.6399481323766,978.254015229927,962.6399481323766,974.4771728515625,452398
2017-03-29,978.3003996057087,993.9605754939357,974.4774518254349,983.9196166992188,1345902
2017-03-30,983.9195893080055,989.9993996407378,978.3003723709281,985.761962890625,1171200
2017-03-31,985.6696457811772,994.4209183371784,981.0637128569662,988.893798828125,937954
2017-04-03,989.99950155614,1011.877690101994,984.2881878418929,1003.9555053710938,790370
2017-04-05,1007.7781940067093,1008.3769878184681,984.5643354317099,997.2306518554688,927397
2017-04-06,993.4078275547789,1003.1723847511507,987.0516164011552,1001.2379150390625,690411
2017-04-07,992.118105047542,1004.0014363165733,988.5254543220834,997.59912109375,837821
2017-04-10,993.4078000932802,995.2961654352018,973.7404857398749,975.720947265625,757492
2017-04-11,979.8661084281398,991.8876381329445,973.2797144196667,987.9725952148438,731062
2017-04-12,990.7365114835845,996.6321301366743,979.313771427518,986.08447265625,719256
2017-04-13,986.0842076081345,996.1712689270246,982.1231724704257,993.3156127929688,328677
2017-04-17,994.4672945000316,994.8817835967042,973.18778861345,975.8592529296875,506747
2017-04-18,978.6690345210781,984.7027415513348,955.5472646522003,958.4489135742188,722855
2017-04-19,961.7189505980094,972.7731914094809,952.2306822550089,966.2327880859375,398732
2017-04-20,972.7733539012808,978.9913653963885,960.3373309110656,975.3527221679688,493562
2017-04-21,981.8928118857549,987.0514343162125,971.1148612788431,981.4782104492188,701515
2017-04-24,982.0772325793802,989.6770237381097,979.8663617523829,985.623779296875,363436
2017-04-25,989.9993712641456,1015.1017106078211,985.6698384489121,1011.3709716796875,1060527
2017-04-26,1017.819041754726,1033.5713092724482,1006.6266026804525,1017.5887451171875,1870316
2017-04-27,1017.8190925545243,1022.1026327164384,1005.9357629745334,1018.2335815429688,666287
2017-04-28,1019.3852624178197,1036.289017244063,1018.2337789494169,1032.1436767578125,1012065
2017-05-02,1034.5848366747966,1047.8499486242144,1013.3054448234162,1024.4517822265625,1031522
2017-05-03,1028.0444781486071,1035.367868295379,1025.2809177234765,1030.7159423828125,476101
2017-05-04,1030.7158464499873,1045.5469301945548,1029.518258730737,1043.3360595703125,878814
2017-05-05,1045.5469437397242,1068.5766121040351,1044.6257570051516,1056.4169921875,1518367
2017-05-08,1059.3648432682405,1080.5521401336055,1053.2850327446138,1075.347412109375,672001
2017-05-09,1080.0457482561283,1084.0989939028882,1068.6691102944594,1073.4593505859375,734416
2017-05-10,1075.1169957634106,1088.8427003473782,1057.6605524423992,1067.0106201171875,1004939
2017-05-11,1067.6553924951322,1085.9870304385822,1061.483486543358,1074.5181884765625,1003768
2017-05-12,1077.9725264301626,1086.0790135808952,1038.1773098436547,1043.6583251953125,2500503
2017-05-15,1052.8242257234394,1059.2725321567534,1045.5468288302197,1057.568359375,729473
2017-05-16,1058.351790909974,1059.0886730570166,1040.572836424954,1052.778564453125,913600
2017-05-17,1052.916424188937,1067.6554117541366,1046.9748148065364,1063.924560546875,579709
2017-05-18,1056.7394588618934,1068.3924943580432,1050.15295075976,1060.6083984375,702003
2017-05-19,1050.0147560929245,1054.5746982426497,1012.2001052568968,1034.6309814453125,1732673
2017-05-22,1035.644172680302,1048.1722896152992,1016.990141551304,1024.8663330078125,1058940
2017-05-23,1031.6830895472344,1037.763012256449,1005.429266310464,1012.2921752929688,1374392
2017-05-24,1008.6994068760761,1019.7997512648956,995.3422001183563,1005.1988525390625,1551698
2017-05-25,1009.2062310346386,1036.3351369738184,1004.1397036983221,1025.465087890625,1226634
2017-05-26,1036.2887329210907,1058.2591214299246,1035.413650705021,1043.1976318359375,915210
2017-05-29,1036.3351471135916,1059.3648170494491,1036.3351471135916,1056.186767578125,460152
2017-05-30,1059.3648974428245,1074.1959835171103,1056.6013368407996,1068.070068359375,460978
2017-05-31,1067.6553940722943,1073.1825143177073,1054.344291127744,1060.4700927734375,1488564
2017-06-01,1059.364974523495,1070.4192177359141,1043.796892842756,1068.9913330078125,578030
2017-06-02,1069.6819509970921,1082.3022762560768,1068.7607642971466,1072.5377197265625,437401
2017-06-05,1073.1821986170235,1083.6837464839516,1068.1156732158272,1070.004150390625,425935
2017-06-06,1070.5567908315445,1073.4585504640497,1051.1197803979785,1062.26611328125,787798
2017-06-07,1063.0495949136355,1075.9462104498493,1055.6801003215132,1069.95849609375,531046
2017-06-08,1082.2101286940174,1082.2101286940174,1050.3369804295555,1053.1927490234375,1202971
2017-06-09,1054.7588632077384,1066.3657941470124,1042.9216355734409,1064.66162109375,559008
2017-06-12,1063.418224768717,1067.3332692590886,1052.5481739097368,1060.009765625,649908
2017-06-13,1060.4702812835421,1063.2799462208955,1052.2257037650575,1059.0885009765625,855507
2017-06-14,1060.2857774809788,1061.9899502024875,1037.486409112035,1058.99609375,931530
2017-06-15,1064.606796585243,1066.4615122587365,1051.0209816363313,1057.4661865234375,1003963
2017-06-16,1059.6918664364603,1066.2761983334876,1046.4770158702784,1062.19580078125,1184164
2017-06-19,1065.5343861957058,1073.8806085418862,1055.2870345895187,1070.310302734375,808994
2017-06-20,1071.1911330837474,1072.8140094775813,1061.3611615673854,1065.9515380859375,804319
2017-06-21,1073.880223606099,1076.1059047411884,1066.3686488276614,1071.4691162109375,553929
2017-06-22,1072.9528509672277,1085.9358586712392,1072.5818852494017,1078.0997314453125,651018
2017-06-23,1078.51733210055,1079.9083690723048,1062.8449595782035,1069.8465576171875,596082
2017-06-27,1072.952670322336,1083.478155726852,1047.9140168230247,1051.7625732421875,484244
2017-06-28,1043.277950182899,1046.848256527389,1019.1666375564499,1028.579345703125,930404
2017-06-29,1031.2217578345255,1045.0857101070087,1020.0934654837932,1024.31298828125,460382
2017-06-30,1020.0472720162372,1031.221979939717,1004.6068536163049,1022.829345703125,617697
2017-07-03,1026.585067943121,1041.8400582244583,1023.9884208641104,1038.87255859375,512386
2017-07-04,1042.1647901255174,1044.6221978492554,1026.3997067811906,1028.0225830078125,549148
2017-07-05,1028.0225848950813,1052.5511546270513,1028.0225848950813,1044.8077392578125,837353
2017-07-06,1052.551272710884,1060.897494256609,1045.9206407312051,1049.9083251953125,532283
2017-07-07,1052.5512800393444,1052.9222458623121,1031.2684602307122,1034.42138671875,364301
2017-07-10,1038.8726965486278,1076.6161181271355,1034.977838615757,1045.827880859375,70264
2017-07-11,1043.2774447067595,1052.5510219930418,1041.0517635174822,1049.537109375,532133
2017-07-12,1053.4783048193926,1054.776628187731,1042.4427259927763,1051.3453369140625,373345
2017-07-13,1057.0024728480576,1061.1291698047396,1039.7999402609257,1043.7412109375,764694
2017-07-14,1046.2914503201075,1046.9405555067012,1031.2682990621984,1036.1832275390625,872831
2017-07-17,1039.1972829292679,1046.708859588279,1034.2359406003632,1043.6949462890625,1260921
2017-07-18,1036.7861792470455,1066.4616333936517,1035.8588213049643,1063.30859375,648737
2017-07-19,1071.051951936429,1073.8804387877858,1062.7985572610623,1071.8865966796875,964588
2017-07-20,1072.860553308108,1073.7414981766065,1051.577618086851,1071.608642578125,1287749
2017-07-21,1072.025572997172,1087.3269760719588,1064.6067109003059,1072.1182861328125,2017663
2017-07-24,1067.9452655668283,1075.2714151410914,1057.187937266791,1071.7938232421875,2063340
2017-07-25,1075.781723642378,1080.3721005912041,1057.1881499347405,1066.554443359375,2963793
2017-07-26,1051.6239013671875,1061.6394123756434,1044.205037865479,1051.6239013671875,1973462
2017-07-27,1053.9883795601734,1069.2433675806,1053.5247007364176,1065.3485107421875,1033335
2017-07-28,1064.6068350483688,1072.8603427341775,1056.260614216108,1069.4754638671875,616845
2017-07-31,1070.3101611652182,1079.4446139953088,1062.8448846618514,1077.3116455078125,777721
2017-08-01,1077.5899434555658,1078.517301410347,1057.6517474277737,1064.7923583984375,1176561
2017-08-02,1066.4614296209454,1068.3161451507208,1052.5510631476286,1061.3609619140625,848781
2017-08-03,1059.9696966114384,1065.4411288845565,1045.2246886899263,1062.844482421875,997619
2017-08-04,1060.8974181175415,1075.6887310697643,1057.7907918501655,1073.2313232421875,529318
2017-08-07,1075.7352170587749,1076.4307355180802,1059.41373985432,1066.1370849609375,576280
2017-08-08,1062.751995911094,1067.852463605257,1056.3532047087551,1064.00390625,600256
2017-08-09,1064.421617673057,1074.7152694126416,1057.2808927488697,1071.608642578125,530763
2017-08-10,1070.170927710004,1076.013327275873,1062.7520651262257,1067.4815673828125,649594
2017-08-11,1053.1542274713354,1065.302595693508,1039.75383527733,1060.804931640625,843233
2017-08-14,1065.9513751772497,1079.1662237931373,1061.8246782590447,1070.1708984375,511994
2017-08-16,1070.4955066534135,1071.3765645286364,1046.9870079030711,1058.3935546875,857454
2017-08-17,1058.3934509779344,1059.7844876103231,1049.7689785759844,1052.504638671875,494638
2017-08-18,1049.7227120302225,1059.4599698170236,1041.422904245477,1057.18798828125,357491
2017-08-21,1058.8574317701227,1058.8574317701227,1046.5235248316712,1052.041259765625,456594
2017-08-22,1057.2808040136288,1059.5991989497181,1044.1586660347873,1047.4044189453125,568911
2017-08-23,1049.5836551524433,1061.3610545129006,1033.0766402161391,1058.3935546875,513036
2017-08-24,1057.559029459464,1061.8248533914661,1048.8418420836229,1053.107666015625,483362
2017-08-28,1049.3054287546706,1075.5032885534506,1044.2976736215876,1071.9329833984375,751938
2017-08-29,1071.0985348170154,1071.0985348170154,1056.5390588889686,1068.0382080078125,578071
2017-08-30,1066.3688977531217,1076.0597427623688,1061.1757160275508,1069.5682373046875,674280
2017-08-31,1063.07665027786,1088.7181175088235,1061.1756346042682,1083.6640625,1131097
2017-09-01,1088.9036894639505,1130.4493720441824,1081.299399346609,1127.5745849609375,1523879
2017-09-04,1127.5744226803838,1127.5744226803838,1105.4105476169548,1110.09375,682612
2017-09-05,1113.988637169705,1134.2050839412148,1113.2004056237272,1118.7181396484375,714964
2017-09-06,1111.2992182876828,1125.3022986954832,1110.974665692034,1118.43994140625,370400
2017-09-07,1129.5219905286922,1130.2639221747218,1107.218986403359,1111.57763671875,832839
2017-09-08,1108.1925030503637,1118.393438224886,1103.5557143346718,1116.4923095703125,477517
2017-09-11,1118.3937318343942,1150.851261365243,1112.458618079606,1148.1156005859375,843302
2017-09-12,1151.7784965224025,1168.4245253254562,1146.260762371739,1165.0860595703125,1461215
2017-09-13,1159.2437567022278,1170.325638025203,1158.2699856525187,1163.7877197265625,913364
2017-09-14,1166.6160596149434,1170.3254906471054,1150.850977728255,1155.5341796875,754072
2017-09-15,1141.1140437606634,1158.8729724865848,1137.1263589929836,1155.0244140625,912016
2017-09-18,1159.1972322758215,1169.3981679198487,1158.0844482139787,1164.7149658203125,419287
2017-09-19,1170.3255358850472,1170.3255358850472,1158.4553108421549,1162.257568359375,464997
2017-09-20,1165.225023485684,1165.595989229632,1145.2868316791244,1147.4197998046875,473176
2017-09-21,1148.0691825142392,1156.6472438537035,1135.9671155595734,1139.815673828125,772766
2017-09-22,1129.5684289997837,1140.8357378563733,1117.3736489634525,1125.1170654296875,896125
2017-09-25,1117.6052562441698,1125.3022579311448,1105.4104787416422,1110.0008544921875,917093
2017-09-26,1100.774038805466,1103.3242735204744,1079.4448030072135,1088.7183837890625,740276
2017-09-27,1087.8834726323598,1092.937640843258,1069.1044761450382,1075.735107421875,786410
2017-09-28,1071.098251477807,1080.3718294126797,1041.422802086214,1047.914306640625,2353175
2017-09-29,1047.914503532888,1061.778459869274,1045.1324296297032,1049.490966796875,791548
2017-10-03,1058.3933283858523,1075.7348711131797,1053.0146087491512,1065.3485107421875,834092
2017-10-04,1070.1706278563374,1082.3189892928237,1064.1892168552556,1070.217041015625,626750
2017-10-05,1066.1369981748562,1077.12616629676,1064.2358692596954,1069.4754638671875,327057
2017-10-06,1071.0983548302102,1084.7304704287208,1069.2436390642704,1073.2313232421875,344962
2017-10-09,1084.8229967761479,1084.8229967761479,1069.0579171254253,1074.4365234375,363972
2017-10-10,1072.0259494404288,1082.1804752201483,1070.1712332649265,1078.5174560546875,316767
2017-10-11,1085.0088134430907,1090.3411217142855,1071.098444039974,1076.2916259765625,602214
2017-10-12,1072.4892243036631,1077.5896918641215,1062.7983812199316,1074.6221923828125,658884
2017-10-13,1074.6223177256572,1091.5928983936315,1070.3100810991796,1088.949951171875,417081
2017-10-16,1095.2098331304474,1098.9192652494328,1081.2994626842521,1085.982666015625,689380
2017-10-17,1085.0086147184072,1112.8293484291355,1085.0086147184072,1110.1864013671875,979278
2017-10-18,1110.7892081612129,1110.7892081612129,1085.008616271233,1093.9576416015625,523048
2017-10-19,1089.6454828494577,1097.2961851758475,1086.0751777377152,1092.8912353515625,77085
2017-10-23,1098.408895101991,1105.2713654261581,1074.8076844983339,1088.857177734375,698954
2017-10-24,1089.6453377855873,1144.359444108438,1089.6453377855873,1134.0657958984375,2345084
2017-10-25,1134.0656896958844,1142.5510348105352,1108.1923886917195,1114.4056396484375,1015698
2017-10-26,1107.2652616582193,1116.2142874604347,1094.9313570972972,1104.622314453125,808543
2017-10-27,1107.1727276971546,1108.1927988463117,1092.9841051588073,1098.501953125,346755
2017-10-30,1098.9189539042782,1111.7165363701272,1093.8648993552265,1096.64697265625,280643
2017-10-31,1098.598786605459,1104.9654320090021,1093.1615817997208,1097.5299072265625,279632
2017-11-01,1101.3874374544682,1104.6869979453095,1091.163587824089,1092.9759521484375,260543
2017-11-02,1093.394048311064,1098.5523760564047,1083.7278424621738,1095.2529296875,245949
2017-11-03,1099.0170628484293,1099.6212219687495,1084.9361276174984,1089.72265625,258595
2017-11-06,1085.5864442351274,1090.3265678327507,1073.5037184003186,1080.3350830078125,314729
2017-11-07,1076.2925707199352,1082.4733754452907,1052.59182758232,1060.9102783203125,758497
2017-11-08,1066.161297825744,1096.182274821091,1064.2560126552505,1089.490234375,691775
2017-11-09,1094.741685690599,1113.8881410674105,1090.7915627881723,1111.2392578125,884722
2017-11-10,1110.5886485883711,1110.5886485883711,1078.1511474102108,1095.438720703125,1130647
2017-11-13,1100.4578710654023,1105.5697952975474,1086.3768207163414,1092.04638671875,363501
2017-11-14,1092.0460681196682,1093.0220260257424,1071.0872529567803,1073.55029296875,547558
2017-11-15,1073.5039690025826,1106.0343923056912,1069.8327237555054,1098.1806640625,829732
2017-11-16,1099.5281798148253,1105.1048231613079,1092.0926553528484,1096.3216552734375,429230
2017-11-17,1102.3164162834057,1109.6590188134737,1083.7276065653043,1088.6536865234375,454013
2017-11-20,1090.233903720447,1093.440428642662,1077.825893492289,1084.0531005859375,255840
2017-11-21,1086.1442202464818,1092.0926625466668,1074.433291833146,1078.429931640625,421268
2017-11-22,1080.4748150857818,1093.4869849018687,1073.5040098271638,1091.4422607421875,731572
2017-11-23,1092.5574251037667,1094.7881052347868,1075.4092914196883,1077.779296875,482632
2017-11-24,1081.8688582056864,1081.8688582056864,1067.1372473897532,1077.779296875,406704
2017-11-27,1076.292476668896,1078.1513583211738,1065.232108146416,1074.8983154296875,373156
2017-11-28,1075.827551238258,1091.999841222592,1068.9961851593982,1088.375,445227
2017-11-29,1083.72790840447,1093.3475974214386,1067.2303351847622,1072.4351806640625,516698
2017-11-30,1069.0888569417903,1076.292020290018,1060.816814405312,1065.8358154296875,1433116
2017-12-01,1066.2541032527747,1072.5743440773153,1050.50013205666,1053.753173828125,397188
2017-12-04,1064.6278570266732,1064.6278570266732,1038.1853131882108,1041.903076171875,455769
2017-12-05,1042.8321326285734,1044.8304521873258,1029.8664843838044,1036.3260498046875,702853
2017-12-06,1036.1403337820404,1036.2796590939213,1021.4551282299279,1026.4276123046875,723473
2017-12-07,1029.8203128025023,1069.7862635701085,1028.751433288224,1063.6519775390625,986078
2017-12-08,1064.1631748642442,1072.1099389100168,1050.3610019832258,1055.3800048828125,593327
2017-12-11,1061.4215039136554,1062.072067158417,1044.1339259283814,1046.4110107421875,551772
2017-12-12,1051.9872552204201,1051.9872552204201,1023.3140371788977,1038.556884765625,1060836
2017-12-13,1039.0218121346575,1057.2388277052314,1031.6792076947752,1037.76708984375,646677
2017-12-14,1042.832410150183,1049.8497324462483,1036.6981245466043,1044.1800537109375,543059
2017-12-15,1049.3387897066798,1054.636557522519,1037.2560578500043,1039.7655029296875,897594
2017-12-18,1040.9735223953369,1059.5158178801598,1031.6791159453785,1056.9134521484375,622558
2017-12-19,1067.9271617776665,1068.3918820395368,1051.150714941315,1057.4244384765625,459494
2017-12-20,1057.2388864413908,1061.3748525263768,1045.6208767002765,1055.3800048828125,458160
2017-12-21,1060.4453217651462,1063.280161284284,1050.6397904499502,1057.610595703125,460388
2017-12-22,1056.7740505332479,1061.8859742605414,1052.591567483644,1057.7034912109375,377780
2017-12-26,1061.4212272821394,1074.061597490049,1059.7481887214421,1069.5538330078125,820589
2017-12-27,1068.8565558888763,1075.3626392725478,1061.4210320218233,1067.9736328125,611258
2017-12-28,1065.1390599924798,1072.899867275696,1058.0288158272845,1063.6519775390625,536350
2017-12-29,1064.3024310114238,1089.769126684644,1061.4677051953781,1076.7569580078125,965848
2018-01-01,1080.9393639364607,1082.7982450438321,1057.7962714582673,1062.9547119140625,591349
2018-01-02,1065.1386009454986,1068.8563622053434,1054.0318345645408,1062.117919921875,516171
2018-01-03,1067.927621146952,1067.927621146952,1055.1943258773179,1061.32861328125,593809
2018-01-04,1067.9274195916985,1094.8812012872245,1065.046175963946,1089.35107421875,729965
2018-01-05,1094.8811835912782,1107.8933538546721,1085.0755384742297,1101.61962890625,1151320
2018-01-08,1106.0344023470548,1106.824404228737,1090.6986312220745,1098.598876953125,928875
2018-01-09,1099.6212597379626,1112.7263508004523,1092.1857342038277,1108.8692626953125,699621
2018-01-10,1102.3165305739265,1105.1977736875474,1088.4678432066614,1094.3233642578125,1102382
2018-01-11,1096.6471014433337,1105.987912376994,1087.4456158485764,1105.0584716796875,475476
2018-01-12,1103.246048798166,1108.4044897756435,1093.0222016736675,1105.7554931640625,390841
2018-01-15,1105.7089294238438,1122.949982872629,1099.0168896533125,1119.0928955078125,723833
2018-01-16,1119.0929220987543,1119.0929220987543,1100.457593980021,1104.8724365234375,557253
2018-01-17,1103.0600868995277,1111.9826934620348,1095.252763610922,1109.5196533203125,506648
2018-01-18,1110.6816839775536,1119.1395720176738,1097.6695136213311,1104.407958984375,500762
2018-01-19,1099.6210433366264,1110.6814080834367,1094.7879980734103,1105.9412841796875,722692
2018-01-22,1107.893391096673,1109.473395013206,1081.9619710800828,1093.0223388671875,942542
2018-01-23,1093.0221038143347,1094.7415461671803,1074.6191352550288,1087.3525390625,1841634
2018-01-24,1087.4456195631494,1088.9792194103668,1064.256119468987,1069.832763671875,1122469
2018-01-25,1066.997696426097,1079.452221845834,1062.7686967586442,1069.2747802734375,1563047
2018-01-29,1072.5744487419145,1082.101214859423,1066.6260062307813,1070.7620849609375,1538762
2018-01-30,1069.7861356634928,1070.715576267892,1044.1800016294526,1047.20068359375,1404578
2018-01-31,1048.4089886502636,1059.3764330278507,1044.6912262791634,1048.6878662109375,961596
2018-02-01,1046.5502423619769,1075.68818600985,1046.5502423619769,1071.6451416015625,1103162
2018-02-02,1066.9979240859773,1066.9979240859773,1044.6448298579496,1057.610595703125,872105
2018-02-05,1042.0889269456907,1059.5624584860288,1035.6758765152897,1054.0787353515625,1263378
2018-02-06,1031.6791388570282,1047.4796301728566,1013.1832469194302,1031.9114990234375,1055719
2018-02-07,1036.3262845556933,1045.806533435154,1028.4725567506475,1041.995849609375,854461
2018-02-08,1048.4094055983471,1051.4766061571593,1031.6794682749692,1044.7381591796875,1185917
2018-02-09,1023.3141077763997,1061.6535327952704,1023.3141077763997,1050.9649658203125,666922
2018-02-12,1057.703534268274,1068.8568228545828,1055.7517314570937,1063.6519775390625,646362
2018-02-14,1063.2801033271085,1063.2801033271085,1047.4796122811638,1058.7723388671875,691596
2018-02-15,1054.9151711005604,1059.4694531209636,1043.7618829479554,1055.3333740234375,471072
2018-02-16,1056.3095017415976,1066.068630442246,1050.268136355482,1063.140869140625,734476
2018-02-19,1064.2098127601425,1064.9534108506034,1033.1200605562499,1041.299072265625,443677
2018-02-20,1044.6447993465165,1055.8446048423461,1034.2351091886626,1046.9219970703125,662281
2018-02-21,1052.452047083808,1053.2885663202883,1036.3262752677003,1047.6654052734375,720563
2018-02-22,1043.4830462026418,1046.922044925231,1023.3142280534638,1039.2076416015625,1559398
2018-02-23,1038.2318327323412,1038.2318327323412,1021.3624604680298,1024.057861328125,1140118
2018-02-26,1031.6791153040674,1031.6791153040674,1018.1093045869856,1026.8460693359375,1170283
2018-02-27,1026.846188500688,1034.4675572865265,1021.4088693341572,1032.0045166015625,610498
2018-02-28,1026.1027559550437,1044.6915739977073,1021.6879116699109,1038.882568359375,1006756
2018-03-01,1040.9734117140586,1044.877016625147,1029.8201251599794,1039.9510498046875,736217
2018-03-05,1031.9113123737436,1036.1867159709261,1022.3845472741436,1027.9146728515625,529677
2018-03-06,1034.0954886758254,1034.0954886758254,1022.3845609419094,1023.8716430664062,702294
2018-03-07,1027.682490542043,1031.6326133399818,1017.9698810452504,1029.1231689453125,669686
2018-03-08,1036.1409421969656,1050.2684009687248,1029.4488984704788,1048.0377197265625,751329
2018-03-09,1053.05623764607,1059.5623220798939,1045.0630708902224,1049.431396484375,1158526
2018-03-12,1051.2899443371944,1053.9853440106467,1040.9731792697746,1051.6617431640625,527293
2018-03-13,1045.8066628210515,1062.3507531790415,1045.8066628210515,1059.84130859375,711550
2018-03-14,1059.5158524609442,1063.6983354999345,1051.290325175686,1056.7740478515625,1360578
2018-03-15,1052.2662774969945,1081.6365799849705,1052.2662774969945,1078.894775390625,1146702
2018-03-16,1078.058285549605,1078.058285549605,1039.4864966810692,1043.529541015625,1946844
2018-03-19,1042.0424570338623,1044.691340321011,1020.4329608928805,1024.7548828125,855444
2018-03-20,1024.2434211106954,1038.185028476086,1015.088454965507,1028.4259033203125,720303
2018-03-21,1028.426008447524,1037.2556940148547,1022.3846446382978,1025.6842041015625,612237
2018-03-22,1024.7084817312968,1031.679287729469,1022.3848797319062,1028.98388671875,478426
2018-03-23,1017.5980020438761,1040.9734554537447,1015.92507706473,1034.14208984375,828523
2018-03-26,1033.5379703046542,1040.0440546500972,1023.3141234761009,1038.6964111328125,479675
2018-03-27,1040.0439534075813,1057.7033234833134,1037.6274307202161,1051.2901611328125,672158
2018-03-28,1051.0579464166397,1051.0579464166397,1036.3263346646231,1041.3453369140625,699839
2018-04-02,1041.3454746317664,1072.5281447872285,1033.0734289822287,1068.996337890625,428944
2018-04-03,1064.2561049751137,1075.0839982225648,1058.5864260136982,1070.80859375,561118
2018-04-04,1075.2701858809532,1076.0136705169743,1046.5504397540026,1055.8448486328125,607619
2018-04-05,1070.5296114869163,1075.1768139791202,1057.2850843841352,1062.257568359375,549137
2018-04-06,1062.2579099708344,1071.459396555922,1054.915304980426,1062.8155517578125,395626
2018-04-09,1064.2095154627325,1088.8396920214768,1059.515794924355,1075.781005859375,837112
2018-04-10,1077.2216123601956,1085.3076998742786,1071.5520476181407,1075.13037109375,546269
2018-04-11,1075.3628247441602,1076.8499070826351,1060.677617191085,1074.2939453125,419140
2018-04-12,1068.3918385432523,1087.3524471470516,1064.1164349995256,1082.9840087890625,360744
2018-04-13,1087.4456056051094,1093.8122516302633,1076.1528785477872,1080.1959228515625,639579
2018-04-16,1078.1512081373169,1104.6402679924147,1073.5040046539664,1095.671142578125,550645
2018-04-17,1096.740101924559,1103.6179862721208,1086.5162535167876,1093.0223388671875,432543
2018-04-18,1095.8104585399337,1101.3871020948443,1085.5866120225976,1089.583251953125,465763
2018-04-19,1089.3041786815986,1103.2457850640424,1080.5674159905172,1082.798095703125,620949
2018-04-20,1082.7982367796642,1083.6811599160874,1061.6534643446967,1077.546875,727517
2018-04-23,1078.9876412069214,1098.0411739656151,1064.581311560104,1095.5316162109375,554353
2018-04-24,1094.41633546187,1099.0170211707775,1079.917084409593,1087.5384521484375,484112
2018-04-25,1084.6570845070157,1086.3301228222551,1074.479756217744,1080.98583984375,280574
2018-04-26,1081.8688210417668,1093.998065835771,1068.4384502183755,1074.1544189453125,1638937
2018-04-27,1083.0305984441407,1114.4921382992427,1082.1011578962375,1098.2269287109375,803227
2018-04-30,1105.7555253794394,1121.8348944356374,1098.9706765279577,1116.9088134765625,505974
2018-05-02,1115.5610871108415,1143.7695868054352,1112.912204075734,1136.0552978515625,2011978
2018-05-03,1134.1963822012094,1143.2119104208748,1116.2581336711144,1121.6024169921875,641515
2018-05-04,1126.482004920753,1126.482004920753,1094.9739459530833,1106.4525146484375,743905
2018-05-07,1107.8931916658096,1134.6611262432614,1096.7399045013885,1129.502685546875,728801
2018-05-08,1132.9881607235877,1137.6353640079337,1119.9759915274185,1124.5302734375,627060
2018-05-09,1113.0977485407109,1142.3751197780289,1113.0977485407109,1136.287353515625,729538
2018-05-10,1145.0707077552195,1150.6473508124689,1122.299415271451,1131.7796630859375,1904962
2018-05-11,1149.7179226306953,1200.7442298430724,1143.0724002247982,1195.6787109375,4723019
2018-05-14,1194.331365931397,1212.9201809653487,1179.0885149121318,1205.8099365234375,1553283
2018-05-15,1199.9077464529134,1230.0680468271594,1197.8630226318826,1221.8890380859375,1368261
2018-05-16,1213.0596015686576,1238.015062685879,1209.062961013475,1230.3006591796875,736281
2018-05-17,1220.4950287993663,1236.156081272943,1211.5724211297209,1217.0560302734375,751423
2018-05-18,1212.9199660608417,1223.5156114442882,1196.7476771552767,1216.0335693359375,939743
2018-05-21,1212.9199825648664,1221.9355109987903,1199.7683753881636,1209.852783203125,692442
2018-05-22,1206.413821829608,1210.1315839924112,1188.7544515562934,1196.050537109375,708573
2018-05-23,1190.613125890812,1200.976408811488,1180.0174828753097,1188.3824462890625,509522
2018-05-24,1186.9884503642677,1210.968060859341,1173.8833618896967,1202.32421875,774173
2018-05-25,1208.2728412983895,1217.5672477699156,1189.6840283553374,1201.16259765625,773652
2018-05-28,1203.1609960941378,1237.922101252862,1200.4191913893235,1228.5811767578125,657272
2018-05-29,1232.4380331828347,1236.1557949722248,1198.0487366309758,1207.807861328125,769331
2018-05-30,1198.9781954689304,1209.1555231406571,1192.7973937078475,1202.5565185546875,478025
2018-05-31,1208.4586477326875,1219.1472148537678,1196.1900769417684,1212.5947265625,1400776
2018-06-01,1214.7790070035248,1217.5673291313065,1199.7221128963513,1201.8133544921875,368820
2018-06-04,1203.6255901086977,1205.949191634004,1175.7423718050213,1193.8199462890625,939794
2018-06-05,1186.1986361306854,1202.0456446837773,1180.900869779195,1183.735595703125,524237
2018-06-06,1181.2260779838182,1181.2260779838182,1157.200061231295,1173.6976318359375,1211557
2018-06-07,1180.5289535151562,1205.4844099345635,1167.3773468603022,1199.721923828125,701247
2018-06-08,1185.0367886148015,1197.6307543786093,1182.2484667592373,1188.6151123046875,442333
2018-06-11,1188.7544589002696,1204.4620268265714,1185.222539440948,1192.7510986328125,373098
2018-06-12,1188.3362857251416,1200.8372160042652,1185.2225690510907,1196.840576171875,401090
2018-06-13,1198.9786546815587,1201.534616929911,1191.4966107171663,1195.6326904296875,566241
2018-06-14,1195.7258982456149,1204.3172264981342,1185.967393244949,1201.0020751953125,507824
2018-06-15,1199.8815238237066,1201.515730864561,1184.1930906342095,1197.360107421875,1048699
2018-06-18,1204.0834938286412,1204.316951923691,1186.9009552343173,1197.2198486328125,512049
2018-06-19,1188.7688240950572,1202.449493612472,1181.2981637708149,1185.22021484375,572488
2018-06-20,1190.6364089840213,1190.6364089840213,1176.6289218195034,1187.1812744140625,484907
2018-06-21,1187.8349812013669,1195.2122810059016,1163.5553353592004,1170.0921630859375,1179247
2018-06-22,1178.0297418930654,1189.2824695274649,1158.1390633173178,1183.8194580078125,646452
2018-06-25,1184.0997613812349,1187.9284523220688,1166.6371369960157,1170.512451171875,936253
2018-06-26,1171.9594837841184,1195.165192596663,1170.091819268128,1190.2625732421875,1262632
2018-06-27,1194.5116520632625,1199.9745484149933,1179.430237080262,1183.3056640625,857951
2018-06-28,1183.3057319771958,1189.1888076193268,1167.2904837416186,1184.4730224609375,729637
2018-06-29,1184.33327769397,1186.9946779912625,1169.2985945822127,1180.78466796875,622680
2018-07-02,1182.6987688934967,1212.0677531277938,1177.562690544571,1207.4920654296875,1437438
2018-07-03,1212.6748291668262,1222.0131539162908,1202.8695881798883,1206.3714599609375,1399979
2018-07-04,1210.2468689789423,1213.93546160115,1197.8735888755696,1204.4571533203125,619316
2018-07-05,1209.1263864838515,1241.9972454271901,1193.7181499804317,1233.96630859375,1733903
2018-07-06,1237.3281533907573,1247.0400349028107,1222.4335695189318,1235.6005859375,1662920
2018-07-09,1241.997032198497,1277.3893012530204,1237.5613285120737,1272.9068603515625,1391869
2018-07-10,1272.626902866272,1284.4865293318817,1265.342964190985,1279.7706298828125,796987
2018-07-11,1270.012038261743,1293.1243896933447,1267.537359653253,1269.8253173828125,784238
2018-07-12,1279.350620828976,1287.7551139585094,1256.9386391502203,1268.05126953125,953054
2018-07-13,1269.545165880144,1283.4592916369438,1268.798054352219,1277.2960205078125,655594
2018-07-16,1279.3504221888095,1302.6028723688405,1261.7009665585103,1269.5919189453125,1234066
2018-07-17,1275.0549516275512,1291.9572975207197,1263.5687659800215,1285.18701171875,1166581
2018-07-18,1294.2919075357254,1307.3188259428512,1286.4010681267573,1300.8287353515625,1085504
2018-07-19,1302.6960894692734,1315.302825818976,1301.715519933682,1310.166748046875,848175
2018-07-20,1310.1673091067455,1311.801516370421,1290.0899055815887,1304.0506591796875,575194
2018-07-23,1330.8046321244467,1367.5042938458512,1304.1904066909276,1338.36865234375,1975242
2018-07-24,1347.5200953807646,1378.5232841331983,1331.1780290819681,1370.6324462890625,2171087
2018-07-25,1356.8586655357672,1391.9707458507794,1327.302843174694,1354.197265625,4310816
2018-07-26,1352.2826978561038,1361.3875639056748,1328.1431527181917,1338.9755859375,1732715
2018-07-27,1341.9171863279546,1357.7923374536158,1331.0380158461378,1339.909423828125,630981
2018-07-30,1339.3493281480903,1355.784758147357,1332.5790421944048,1335.5672607421875,750392
2018-07-31,1335.380463821763,1360.2203853151873,1331.6451338530308,1355.364501953125,1221636
2018-08-01,1361.5275175473957,1363.3484449674106,1336.1273241341905,1342.103759765625,1121286
2018-08-02,1342.1040790349116,1348.360825440198,1321.2329445934172,1324.548095703125,836564
2018-08-03,1329.7773610729841,1331.8784840100727,1313.902209992759,1318.4312744140625,1002287
2018-08-06,1326.042338847579,1326.8828110159195,1302.416327635604,1304.937744140625,795996
2018-08-07,1306.4318347547228,1342.8513069172918,1306.4318347547228,1330.0111083984375,1915936
2018-08-08,1336.2675042565445,1351.8625746319717,1323.2405871224573,1331.41162109375,1063862
2018-08-09,1337.1545670552562,1339.0688549801127,1320.532305599486,1323.5672607421875,903734
2018-08-10,1326.0421294893604,1344.6254187505672,1316.0034302696347,1324.7347412109375,997053
2018-08-13,1320.4390675250136,1327.5361712562074,1304.563916076693,1306.6650390625,875198
2018-08-14,1314.7427742185619,1322.9604316643038,1299.4746359363658,1302.7896728515625,729379
2018-08-16,1308.2992369643036,1316.703728850584,1295.2255829189787,1302.509521484375,1050412
2018-08-17,1310.1668955149087,1312.1746580322667,1298.027073959888,1307.972412109375,537229
2018-08-20,1312.9684234563856,1336.314234684273,1305.4977638634616,1315.86328125,1259905
2018-08-21,1322.7271957015946,1331.5986057706684,1303.07008704975,1310.4473876953125,1520772
2018-08-23,1316.703959778018,1318.5716249691925,1298.6809450858896,1302.4630126953125,859955
2018-08-24,1302.6965253191436,1317.6378474733415,1293.4049362017981,1301.2957763671875,919355
2018-08-27,1305.0310944416763,1313.9025043860024,1304.0972618159576,1307.178955078125,785772
2018-08-28,1309.2330622779753,1325.7152274084347,1308.2992298512434,1314.369140625,1290318
2018-08-29,1320.2057660840333,1320.2057660840333,1298.9610755953247,1301.7625732421875,743529
2018-08-30,1301.8561440322587,1306.15175165282,1282.6659504467327,1287.47509765625,1062266
2018-08-31,1291.4901606406056,1299.894651924601,1273.934066583421,1281.63818359375,1006329
2018-09-03,1292.4243431660482,1295.6927573286791,1265.3431972471064,1271.5064697265625,817733
2018-09-04,1270.012267539985,1274.3078744697827,1216.3168959344341,1224.53466796875,1789240
2018-09-05,1227.522818223056,1241.9972219373637,1216.2700910285141,1233.8729248046875,1222703
2018-09-06,1240.082952055835,1243.8182824452415,1221.4530373359642,1227.52294921875,726455
2018-09-07,1235.2736906539253,1235.2736906539253,1223.3205889206165,1228.923583984375,912914
2018-09-10,1227.6163417980342,1230.7913955107463,1195.7726721938625,1207.5389404296875,1121083
2018-09-11,1209.3132092806359,1226.402391348846,1201.5623531528167,1211.974609375,1676544
2018-09-12,1217.2505417992954,1217.2505417992954,1195.3054802478698,1205.57763671875,1111171
2018-09-14,1212.8614253935316,1248.1135943859158,1211.6941350295454,1245.638916015625,1498792
2018-09-17,1241.95050058258,1241.95050058258,1215.8499275357653,1222.0599365234375,965321
2018-09-18,1219.5852753403133,1243.6314628135237,1199.9747923524521,1206.60498046875,1088372
2018-09-19,1217.9042654930975,1231.9117525858408,1201.8423925573738,1205.904541015625,929673
2018-09-21,1206.6048438001876,1237.1878554719713,1131.7115295172582,1218.4178466796875,1867297
2018-09-24,1213.982130583137,1229.5304629773254,1172.8935046249385,1187.7880859375,1691456
2018-09-25,1187.6483124004624,1218.511410554172,1173.9676424020465,1204.5506591796875,1262738
2018-09-26,1213.9824496788465,1217.2508639664434,1189.7028006852695,1197.1734619140625,1338324
2018-09-27,1209.126348919498,1227.0558870600728,1191.9904316004504,1202.309326171875,1901166
2018-09-28,1207.4456346815969,1227.9899532918018,1200.9088060328952,1207.725830078125,1549540
2018-10-01,1213.04855904958,1221.3596920680438,1185.0335807805366,1195.1190185546875,1143818
2018-10-03,1181.204847928231,1185.0335386903648,1163.6954871319786,1168.9249267578125,1236645
2018-10-04,1146.746243449697,1157.2051212454362,1133.6725892084137,1143.66455078125,1557441
2018-10-05,1140.6298355347808,1157.9524766497004,1112.9884121166301,1129.4705810546875,1344685
2018-10-08,1129.9372929583687,1171.0259217932185,1121.6261611454024,1165.2362060546875,1050759
2018-10-09,1171.0261928908014,1172.8004977998917,1112.1947334393496,1121.9066162109375,1088738
2018-10-10,1126.108515853793,1158.745912691434,1102.7627058145038,1144.831787109375,803576
2018-10-11,1121.5327073923506,1140.6762715068746,1111.6807300190546,1138.388427734375,781348
2018-10-12,1152.2558332566969,1182.18509359501,1152.2558332566969,1177.7493896484375,1000950
2018-10-15,1171.960012918774,1174.0143992166318,1159.3532717439507,1167.571044921875,728514
2018-10-16,1173.8274723500047,1198.0137573076518,1169.671963252023,1183.72607421875,908616
2018-10-17,1197.3600601762937,1197.406797401483,1171.9598601979808,1175.6951904296875,698043
2018-10-19,1180.364076231397,1201.842220023582,1139.6956322797814,1153.656494140625,1449043
2018-10-22,1162.6213134720615,1164.629075888346,1112.1943649359239,1120.972412109375,1949683
2018-10-23,1060.086504633023,1111.2605662209894,1044.0246328025767,1063.1214599609375,8272850
2018-10-24,1083.2458463543207,1119.6653187748539,1074.0476177852188,1108.365966796875,2370198
2018-10-25,1102.3892807408545,1128.9567701177928,1097.253201923341,1120.645751953125,1995349
2018-10-26,1120.5989003314348,1122.4665651653206,1091.0430815365503,1111.540771484375,1440249
2018-10-29,1118.4209722551122,1136.1126748756103,1110.6515143535821,1119.591064453125,1186190
2018-10-30,1118.4210845339255,1130.77721367865,1100.401662875553,1119.8251953125,1075337
2018-10-31,1128.5304434415311,1156.0041840136462,1108.170840221629,1151.7451171875,1561884
2018-11-01,1154.1788356068403,1165.2245506243173,1136.2062668418257,1139.9505615234375,1200280
2018-11-02,1162.603566919983,1208.986065719208,1161.901511625949,1167.283935546875,2235848
2018-11-05,1171.964692091987,1180.0617553499862,1153.711248405251,1164.52294921875,756887
2018-11-06,1162.7905750353586,1174.7723627687221,1156.0508908520892,1159.3271484375,815046
2018-11-07,1170.092342908934,1173.8366384062424,1159.9826993594686,1170.9815673828125,100134
2018-11-09,1179.265847391462,1225.2270492267148,1176.5043610547602,1212.7772216796875,2026920
2018-11-12,1212.215496380751,1230.843386707455,1193.6344554478915,1197.0511474609375,1100286
2018-11-13,1195.7876549281063,1212.7774204457846,1195.7876549281063,1202.761474609375,1632176
2018-11-14,1228.1288473800848,1252.419917214143,1218.768109214078,1236.13232421875,1631802
2018-11-15,1235.6172805554029,1246.709731016118,1229.4392170059875,1234.0260009765625,1065640
2018-11-16,1235.617408946156,1244.7909778405149,1229.2520614357659,1236.8343505859375,1113304
2018-11-19,1244.0423554160136,1244.8379954686666,1221.5765792459727,1228.26953125,784645
2018-11-20,1232.8092780351428,1245.961161521976,1221.2955238091765,1223.30810546875,867729
2018-11-21,1244.0421503955715,1256.6791474086192,1229.767024140092,1239.5489501953125,1374789
2018-11-22,1244.9780939330294,1245.633299854689,1225.086526642746,1230.3753662109375,691593
2018-11-26,1244.931519862434,1270.7672526231072,1238.9874730580225,1263.2318115234375,2149117
2018-11-27,1260.7042776629269,1260.7042776629269,1241.2807457256747,1253.9644775390625,1130756
2018-11-28,1266.4142397744984,1267.9587843648123,1234.8217497005178,1239.595703125,1205630
2018-11-29,1250.5946887889681,1268.3800922971946,1245.63345157731,1263.9805908203125,3556169
2018-11-30,1266.3207667065626,1274.6985820679479,1256.351557219069,1259.9085693359375,1030541
2018-12-03,1259.019381523768,1272.1244159782905,1249.7054920288938,1253.1220703125,710748
2018-12-04,1251.1094721713562,1268.099120079536,1241.6550354604603,1244.4632568359375,830261
2018-12-05,1243.5739360463579,1257.147004975731,1238.9871519685867,1244.510009765625,864628
2018-12-06,1239.3618856531705,1240.2511101816096,1204.3526977518961,1212.309326171875,896350
2018-12-07,1222.9804400529847,1239.361731825604,1215.3982650001653,1234.353759765625,1037026
2018-12-10,1198.1745132276055,1222.746451487156,1181.6060519936104,1192.7452392578125,1074399
2018-12-11,1186.941622334404,1251.0158306093692,1172.104874908589,1238.9873046875,1746513
2018-12-12,1238.4257939729423,1251.7179979067341,1227.9885469300073,1245.82080078125,986580
2018-12-13,1252.8879120084177,1257.3342624878132,1231.8731012388446,1235.8045654296875,1175211
2018-12-14,1247.5991178284849,1264.635614073002,1235.6173283318747,1255.22802734375,1869410
2018-12-17,1254.3388304953824,1258.9723498714563,1244.9780929543722,1250.4541015625,665295
2018-12-18,1252.8880043367863,1273.9965154538663,1242.6848907403682,1269.0352783203125,1581385
2018-12-19,1282.4208341004955,1316.8683883436363,1282.4208341004955,1310.737060546875,3334213
2018-12-20,1301.0489808893626,1340.0364770157673,1300.2533410228684,1334.654052734375,2578234
2018-12-21,1342.2362840775115,1342.2362840775115,1293.934897432888,1299.4576416015625,2098064
2018-12-24,1299.270387554001,1300.1596119252108,1264.729242726039,1270.2989501953125,1649577
2018-12-26,1280.5020496619813,1287.007830830582,1261.2658025235244,1275.8685302734375,1790087
2018-12-27,1273.1072788730346,1296.2282571427809,1267.724854263126,1284.7613525390625,2174090
2018-12-28,1294.5900117530655,1294.5900117530655,1272.124241484032,1278.6767578125,1705033
2018-12-31,1287.1012989301412,1289.9095199459887,1279.8935773628546,1285.2760009765625,698593
2019-01-01,1285.4163784569578,1291.5008575984257,1271.7497250848685,1283.8719482421875,664707
2019-01-02,1279.6128019481832,1298.1938428246458,1274.5579809013161,1294.870849609375,1233780
2019-01-03,1293.4666684856422,1304.7462878720667,1289.9095427625928,1299.5511474609375,1636293
2019-01-04,1299.2705162204172,1311.8139287836918,1293.0924516047232,1297.2579345703125,1202397
2019-01-07,1297.3982951429307,1315.558149833072,1295.292129079387,1306.759033203125,1074373
2019-01-08,1311.4394434552019,1322.391461623151,1306.291037360267,1311.6734619140625,1232440
2019-01-09,1312.8436473024726,1323.608497173402,1307.8356747811026,1312.3756103515625,973687
2019-01-10,1301.1426239535815,1310.5033622554058,1299.8789471362002,1307.086669921875,1004783
2019-01-11,1310.2694549149508,1316.3070859249174,1303.389334533008,1313.920166015625,473391
2019-01-14,1314.2477137749133,1320.4257784649337,1296.883497775785,1299.8321533203125,1360800
2019-01-15,1299.832018861787,1324.0295030502905,1299.832018861787,1316.0728759765625,1355920
2019-01-16,1319.8639400212494,1322.62531177769,1298.9894504404301,1300.908447265625,1189597
2019-01-17,1301.1427629723207,1309.099391378986,1295.339150311841,1300.768310546875,853829
2019-01-18,1302.07895097889,1314.9499686467257,1294.5903588812398,1310.9248046875,1092189
2019-01-21,1306.010143237448,1333.7180196227725,1306.010143237448,1331.1905517578125,2513582
2019-01-22,1332.8754296864547,1340.5044535691666,1287.3354190934824,1317.0089111328125,5483768
2019-01-23,1337.6493503190147,1338.0705377876877,1301.1424751178658,1307.2738037109375,2702265
2019-01-24,1310.5032717386998,1323.140267573323,1307.227013559353,1312.2349853515625,1562800
2019-01-25,1318.3661412274441,1323.3272629736557,1266.7885063682145,1284.4334716796875,1613548
2019-01-28,1287.1012672128431,1302.0784455949563,1279.4722441210938,1291.3135986328125,1590764
2019-01-29,1288.973640593402,1310.5033382939455,1285.4165143970179,1304.231689453125,1061762
2019-01-30,1304.886810427635,1326.2293376822452,1284.3867724032782,1301.5169677734375,1313152
2019-01-31,1310.5034652984928,1324.5445738552623,1302.1256495663538,1322.2979736328125,1256050
2019-02-01,1322.110831806285,1375.7010639024013,1318.179252769263,1364.046875,2077539
2019-02-04,1351.6905083082677,1359.9280030960972,1342.329770716105,1353.8902587890625,735159
2019-02-05,1352.5797004516598,1373.1265875370786,1350.847986891726,1357.634521484375,786962
2019-02-06,1364.6552204211996,1381.8321524768362,1359.4600791859293,1375.4669189453125,1088914
2019-02-07,1373.267070397686,1382.393789657927,1363.8594832996332,1378.32177734375,697412
2019-02-08,1374.1562863933902,1385.3891715682682,1352.6265898082079,1356.1837158203125,1018518
2019-02-11,1355.3410866327433,1364.1402019645395,1335.777124119883,1345.2314453125,728051
2019-02-12,1346.5423664525456,1363.7661498500404,1343.5001261390448,1359.27294921875,947583
2019-02-14,1327.025024428099,1332.1734302466443,1307.2270410179644,1309.75439453125,915441
2019-02-15,1311.2522512280811,1315.1368661630759,1284.3868640654293,1304.512451171875,1113223
2019-02-18,1312.094642366283,1312.094642366283,1259.0193018892792,1291.8287353515625,1460282
2019-02-19,1284.3403706387173,1307.6485217024149,1283.3574472371586,1289.76953125,697530
2019-02-20,1291.7818918407588,1309.3801256392328,1288.03759650209,1307.6015625,843469
2019-02-21,1309.5672125509725,1317.851442614747,1301.4234164069542,1308.4439697265625,677142
2019-02-22,1309.5672125509725,1317.7578580905158,1295.7132749602179,1308.4439697265625,801380
2019-02-25,1310.456514181188,1315.932637506748,1302.4063020868505,1308.865234375,711217
2019-02-26,1307.6016563056476,1317.0559798606623,1290.471458195609,1312.3756103515625,1147218
2019-02-27,1314.247465545117,1339.3810213597656,1305.822802304443,1315.8387451171875,1462017
2019-02-28,1324.3572494451448,1324.5444184972148,1311.8605728819089,1315.370849609375,1230935
2019-03-01,1318.927936212551,1327.3057507110068,1299.3639716509956,1303.34228515625,783876
2019-03-05,1304.4188367838549,1319.630035992852,1294.3091940643776,1314.107177734375,1214257
2019-03-06,1317.992104186757,1319.8642520620222,1297.913363931272,1304.606201171875,720335
2019-03-07,1309.1927959531538,1315.6517280370092,1303.014731716483,1306.244140625,746742
2019-03-08,1304.6528313319136,1305.4953205875725,1291.7818168524059,1293.9815673828125,524331
2019-03-11,1300.3934097152644,1332.0327433526363,1296.4619462708372,1329.037353515625,1342007
2019-03-12,1331.0971009048212,1352.9544038644835,1330.3481960695897,1336.80712890625,1333909
2019-03-13,1347.3845360686291,1347.3845360686291,1326.416461877194,1336.994140625,708227
2019-03-14,1345.6994031545466,1354.451668582471,1329.224530419607,1343.0316162109375,1113700
2019-03-15,1342.3297954488323,1363.8594923074957,1337.3218235981158,1340.9725341796875,1667627
2019-03-18,1353.5626847869364,1367.229339110536,1344.7635684086783,1353.188232421875,1148000
2019-03-19,1349.8182201042134,1366.527112111366,1347.9460727809067,1360.95751953125,886660
2019-03-20,1368.5400965949495,1372.2843923448675,1355.9030984389772,1363.0640869140625,764625
2019-03-22,1365.731704097414,1385.2956697990558,1359.7408087929023,1377.1986083984375,1380404
2019-03-25,1371.4416781579216,1381.270452890444,1358.7110975482087,1364.3743896484375,848078
2019-03-26,1367.135557267131,1396.8558954685905,1367.135557267131,1390.1162109375,1630147
2019-03-27,1398.4941604775308,1401.2555322898206,1369.9439115521193,1377.9473876953125,1387002
2019-03-28,1379.3046355976928,1412.4884034857682,1379.3046355976928,1401.3023681640625,1353947
2019-04-01,1401.0685140941634,1407.8550494054596,1394.7500157008876,1397.32421875,707570
2019-04-02,1397.5580947968785,1426.0614944930767,1389.6483173950753,1422.1768798828125,1326634
2019-04-03,1424.0024285276108,1432.0526412603328,1397.5583407012148,1401.8642578125,1606692
2019-04-04,1408.6040366907275,1427.5126835796063,1406.9190579804251,1421.896240234375,1409222
2019-04-05,1422.832340859626,1426.2490334788727,1406.919084415801,1417.6370849609375,1129222
2019-04-08,1417.2156947011115,1417.2156947011115,1391.005629013112,1400.6939697265625,925518
2019-04-09,1371.067124369916,1380.6151448210258,1345.3250972127455,1352.486083984375,2642226
2019-04-10,1357.11972440079,1358.2429671576,1315.5111790039316,1319.7235107421875,2608319
2019-04-11,1319.583079727242,1340.4107200343326,1317.9918001071328,1332.17333984375,1494450
2019-04-12,1341.1598803937509,1352.4396165969035,1334.6542124946657,1346.6827392578125,1510649
2019-04-15,1355.3880179864211,1358.6642762984663,1335.77731751105,1340.0364990234375,791389
2019-04-16,1350.5204900332394,1371.254547788171,1348.180305507103,1365.731689453125,1463057
2019-04-18,1370.4120622349283,1385.2956587150247,1366.9486348335502,1375.654052734375,1425676
2019-04-22,1366.6210796761015,1366.6210796761015,1343.266080978369,1351.082275390625,737603
2019-04-23,1356.3708112224842,1361.8936689869663,1334.7475312882416,1339.521484375,601653
2019-04-24,1344.2021199093176,1366.1062720146883,1339.521750411026,1357.35400390625,1154712
2019-04-25,1357.3070585888622,1366.667796923958,1346.1677571167334,1355.3880615234375,1161847
2019-04-26,1357.3071773552092,1366.0594456109948,1344.202142539366,1356.1370849609375,704193
2019-04-30,1362.9233828280617,1382.5809316188509,1362.2681769084281,1369.6163330078125,1525776
2019-05-02,1371.347943137292,1378.7429480731003,1338.6789488057796,1344.763427734375,774788
2019-05-03,1351.5032541137618,1362.9233075499708,1340.6447077775265,1346.5888671875,1020007
2019-05-06,1343.2190506325621,1355.9964808276673,1318.5067937806734,1322.485107421875,1161960
2019-05-07,1335.5901297767375,1335.5901297767375,1288.3651384935365,1299.083251953125,2863939
2019-05-08,1293.6537607647308,1305.8227179933426,1275.4939094317501,1297.1171875,1414591
2019-05-09,1296.4153730759465,1304.5592837555455,1260.4702303067588,1267.631103515625,2628463
2019-05-10,1230.09452063436,1263.699591894397,1230.09452063436,1255.32177734375,3476379
2019-05-13,1255.3219590592564,1259.2534237630819,1239.0342502192866,1247.3184814453125,862130
2019-05-14,1244.9780370520498,1249.4243871843787,1218.8615576319569,1235.851318359375,2167873
2019-05-15,1241.233778280784,1244.041999498614,1218.4871407096368,1222.4654541015625,996276
2019-05-16,1228.1285406730244,1230.0006878386844,1213.0109294569602,1221.014404296875,726485
2019-05-17,1221.5765658291903,1245.6804712468927,1217.8322698419745,1235.61767578125,860934
2019-05-20,1254.3388710021627,1290.2841271737975,1249.6585020805128,1286.1185302734375,976630
2019-05-21,1295.5261613020161,1295.5261613020161,1266.2270051554365,1270.9542236328125,1166297
2019-05-22,1273.5282307176712,1285.931206871298,1261.8741592083443,1280.969970703125,840075
2019-05-23,1300.2062617451677,1300.2062617451677,1270.9071116521097,1280.314697265625,1527569
2019-05-24,1303.0150621275732,1310.924842049409,1288.17831146462,1295.9945068359375,980933
2019-05-27,1298.240736940368,1301.7977487130559,1275.5876831031085,1279.472412109375,782730
2019-05-28,1282.3741923122695,1300.066009098666,1273.0603041759437,1277.1322021484375,1562891
2019-05-29,1273.809152812605,1279.5659147271263,1260.9848743999682,1271.422119140625,582768
2019-05-30,1277.7407649579873,1303.0147581110023,1267.3503684040013,1286.72705078125,1032259
2019-05-31,1292.7177641313317,1336.7132275014785,1292.7177641313317,1317.3365478515625,2559888
2019-06-03,1340.410837690839,1371.3012732173027,1338.5855394800947,1365.9656982421875,2867897
2019-06-04,1361.987378539395,1361.987378539395,1326.4634235481371,1330.62890625,1493226
2019-06-06,1343.2189297682992,1368.399335520214,1333.8114575056923,1337.2281494140625,1985857
2019-06-07,1337.649507023895,1347.805885256051,1322.7191750979932,1327.6802978515625,878470
2019-06-10,1337.6493419092033,1349.81830023308,1327.82056787838,1331.658447265625,800967
2019-06-11,1336.7133533875176,1341.7213252404727,1319.3959885152003,1334.3731689453125,743047
2019-06-12,1338.538748316127,1347.8527516295553,1330.1609331140814,1334.326416015625,874293
2019-06-13,1344.8667011270827,1354.1838552032323,1338.4670095700612,1345.2901611328125,1572720
2019-06-14,1345.8082527912647,1347.4552209327926,1327.9268843975349,1329.5738525390625,546091
2019-06-17,1333.5735166403797,1341.1025132057453,1316.5391848879142,1319.4095458984375,962166
2019-06-18,1322.2800854815014,1327.3621813845823,1295.0345738016208,1298.799072265625,1177437
2019-06-19,1300.6342835723844,1314.1865016890335,1291.2230369474034,1299.8343505859375,692212
2019-06-20,1285.152488210108,1322.185710887426,1280.5879429000763,1310.09228515625,991210
2019-06-21,1298.7049632103049,1312.5395650108785,1291.2230679173445,1301.575439453125,1242165
2019-06-24,1304.3984707037907,1315.6919639566374,1287.693511933955,1295.12841796875,757055
2019-06-25,1290.2817083933528,1291.6462929849895,1280.2587093449156,1282.8468017578125,1388994
2019-06-26,1279.9295484758152,1288.9173350085387,1272.4005511318398,1279.8824462890625,960174
2019-06-27,1280.9646869754267,1289.0113483648877,1278.1884153221656,1281.2470703125,2113899
2019-06-28,1284.6350348037226,1291.1288172969869,1270.6122557694841,1278.1883544921875,1131371
2019-07-01,1287.4585385157832,1293.5758488230585,1271.5065214370873,1274.1416015625,739182
2019-07-02,1276.1652057838332,1279.929704915939,1261.7659506501705,1266.5186767578125,1171118
2019-07-03,1276.2122358748986,1290.2820046328934,1270.0478229409844,1272.400634765625,1378288
2019-07-04,1276.1649795998837,1285.905596401128,1271.600548187872,1279.6470947265625,902077
2019-07-05,1283.5998494080832,1292.5875202994687,1271.8827793496257,1278.7059326171875,966162
2019-07-08,1278.0471236490976,1278.4235964412787,1254.2366268648805,1261.3421630859375,866416
2019-07-09,1265.718486661265,1265.718486661265,1215.2271293276283,1243.2255859375,2037332
2019-07-10,1240.213969452688,1261.4362589798768,1234.8025033272354,1245.0606689453125,1115080
2019-07-11,1239.4611352919674,1258.283627855247,1233.8614897077427,1254.00146484375,757323
2019-07-12,1254.001352327424,1288.9171648061592,1247.4134805213785,1281.7645263671875,1050985
2019-07-15,1282.611527897684,1286.5172176286794,1267.7418294257031,1273.482666015625,666533
2019-07-16,1272.4002546904512,1294.0461170113688,1265.8123835493025,1291.505126953125,782642
2019-07-17,1295.9286632439641,1322.1389621782132,1294.5169762469664,1313.7159423828125,1599926
2019-07-18,1312.8687480774333,1313.1981186934672,1296.1166851235282,1303.410400390625,802222
2019-07-19,1308.2571447780408,1317.0096485834242,1284.634942799211,1288.4935302734375,842552
2019-07-22,1287.2702565363813,1326.9856681693782,1279.0354163970323,1321.527099609375,1279369
2019-07-23,1326.0445486831547,1358.9368071843664,1319.315484881012,1345.1964111328125,2262423
2019-07-24,1346.2785785778867,1405.5694212555566,1313.0098509409772,1396.0640869140625,7400250
2019-07-25,1394.0877138443986,1415.310001567961,1373.147694529894,1407.781005859375,4194809
2019-07-26,1400.4872466515435,1440.673328895933,1398.1344355675635,1436.579345703125,2420636
2019-07-29,1435.1209853755508,1447.6849763329199,1417.8983585238457,1424.1568603515625,1634196
2019-07-30,1422.133372782762,1437.0972770330623,1414.2279030954926,1419.9217529296875,1436383
2019-07-31,1418.275085064415,1435.215331601349,1407.1227790709465,1431.544921875,1249734
2019-08-01,1425.8036136285866,1441.285065658206,1405.7106285848163,1416.1099853515625,2263295
2019-08-02,1420.1570429247959,1458.7431521096314,1415.9219821606066,1454.2257080078125,3044783
2019-08-05,1442.9321333217958,1459.6841964882258,1432.1092008526698,1435.5914306640625,1443728
2019-08-06,1439.920618629917,1477.4244104587342,1434.3209732885941,1473.659912109375,2056715
2019-08-07,1471.2598250054411,1482.27093456602,1460.5309838357218,1467.401123046875,1583322
2019-08-08,1473.5658395835999,1477.283235793019,1449.6142645135403,1473.70703125,1579565
2019-08-09,1476.812690299774,1488.765041762564,1469.0955144603151,1482.7418212890625,1154542
2019-08-13,1480.859575457392,1500.152629983529,1475.6833900967213,1480.7183837890625,1612748
2019-08-14,1481.800524606069,1482.7416491056601,1461.0957856150667,1477.2830810546875,1113095
2019-08-16,1478.5070750272612,1506.5996276009084,1469.0958269366995,1503.3997802734375,1682359
2019-08-19,1504.8581561315086,1514.7870660918522,1489.047217731001,1493.0469970703125,1322246
2019-08-20,1491.6826686177712,1505.3289769426658,1489.5180358266743,1501.235107421875,1024331
2019-08-21,1491.917847733313,1501.0938130481843,1485.6123585472149,1495.5882568359375,704009
2019-08-22,1491.8705297828822,1500.0583819635342,1474.0833684209538,1477.753662109375,985590
2019-08-23,1477.471463645011,1490.1295429716108,1464.06043872016,1487.353271484375,984637
2019-08-26,1496.3883586393656,1505.799606177978,1484.2949285289271,1503.493896484375,1153556
2019-08-27,1505.7992806670138,1512.8106126142725,1492.1529746859692,1505.2816162109375,1581449
2019-08-28,1505.0462831693494,1512.151819233298,1496.9526352915607,1508.7637939453125,565676
2019-08-29,1508.4816425347212,1524.527863986074,1495.4470889338434,1520.151611328125,861692
2019-08-30,1520.8572312047438,1526.9745406124362,1501.1877056710293,1521.04541015625,1181516
2019-09-03,1513.3283566374664,1514.8341330206297,1480.906660124298,1483.918212890625,1289263
2019-09-04,1486.0354957705379,1489.4235207892905,1437.8499702334102,1444.7672119140625,2381389
2019-09-05,1446.5085699423732,1454.8846022049872,1426.0391090469623,1430.274169921875,1506173
2019-09-06,1434.2738518846775,1448.8141806108688,1430.2740724420858,1442.1793212890625,801338
2019-09-09,1440.4381301363799,1454.0373330258994,1434.4618977347309,1449.8963623046875,812836
2019-09-11,1454.0375883855697,1472.8600814391045,1451.8259684284556,1469.51904296875,1541300
2019-09-12,1477.5658611436966,1477.5658611436966,1446.649936006636,1449.614501953125,753116
2019-09-13,1449.3317750090002,1461.7075855450034,1438.0382806582809,1457.0489501953125,547381
2019-09-16,1421.0982773105534,1437.0502948011824,1413.6633693068875,1431.7330322265625,1811073
2019-09-17,1437.473885824635,1452.4377914903803,1429.191942533935,1440.767822265625,1353034
2019-09-18,1451.3554571581626,1469.0485323208673,1444.6263926781314,1456.625732421875,1057300
2019-09-19,1462.41357421875,1471.448347620171,1454.0375420998812,1462.41357421875,879908
2019-09-20,1467.2133037354831,1623.67527406648,1451.3082744514759,1572.6192626953125,3962166
2019-09-23,1597.888430092664,1712.8468266255547,1597.888430092664,1696.6124267578125,4253004
2019-09-24,1696.659404033149,1696.8004808105627,1648.850230394837,1661.931884765625,2028042
2019-09-25,1678.9662753420625,1678.9662753420625,1626.498579237623,1648.662109375,1794074
2019-09-26,1658.073250659121,1675.2016712318532,1648.7560947918887,1666.6844482421875,1674004
2019-09-27,1665.79047380158,1676.5193167790096,1633.1804847699768,1671.7196044921875,1115289
2019-09-30,1663.9081433293802,1665.790392360296,1634.780385529307,1658.402587890625,1041807
2019-10-01,1664.802299295174,1693.9301743166313,1653.5559063860794,1662.1201171875,1317945
2019-10-03,1661.084954504649,1664.1436095200258,1630.2160210114953,1645.9798583984375,1010826
2019-10-04,1650.6382950135173,1657.9789972345843,1616.0048672191574,1622.8751220703125,1231811
2019-10-07,1623.3927608458232,1640.3330028948014,1616.7107994587334,1623.5810546875,562559
2019-10-09,1624.0986544687707,1673.3195163415014,1624.0986544687707,1669.037353515625,1777552
2019-10-10,1661.0847628231995,1687.4362491456072,1653.0852044753258,1673.884033203125,1599166
2019-10-11,1682.3542635067517,1695.7183013716951,1660.1908487454089,1684.8482666015625,1442236
2019-10-14,1684.6126786992832,1699.953052397203,1679.6246734179508,1692.8004150390625,881724
2019-10-15,1701.2710451004311,1717.5525480849462,1690.2599322523636,1696.94189453125,1204392
2019-10-16,1702.0239560143118,1707.200141669871,1653.1325756392469,1661.7437744140625,1403020
2019-10-17,1667.672970388301,1709.6942112700788,1652.614975170348,1705.600341796875,1722055
2019-10-18,1708.1409959647422,1717.0345766846015,1681.5071262175663,1709.7879638671875,1682488
2019-10-22,1715.3879362713647,1717.5525690240368,1670.4963342562548,1675.39013671875,2135313
2019-10-23,1658.6381266916846,1694.02439099354,1658.2616538503432,1663.34375,3369253
2019-10-24,1673.319560511423,1689.271576735052,1649.838547390105,1685.0836181640625,1497854
2019-10-25,1691.2008555047164,1701.9296985997844,1679.954462825187,1690.5421142578125,1202154
2019-10-27,1695.9067761690362,1701.1300644130354,1682.8251193473252,1687.0601806640625,124919
2019-10-29,1686.5892493221095,1712.8466467182548,1668.1903336678752,1707.4351806640625,1050123
2019-10-30,1725.4440958466068,1725.4440958466068,1700.929589566819,1717.2412109375,1133258
2019-10-31,1721.9555195623707,1729.9698772938245,1700.458137491405,1706.2095947265625,1297114
2019-11-01,1712.2439650920437,1716.958293189764,1661.3292216366635,1665.4306640625,1527660
2019-11-04,1673.586389710578,1687.729373285597,1665.2891266415422,1683.8636474609375,821893
2019-11-05,1678.300831038993,1695.0838853877442,1666.6092741406644,1691.3594970703125,1251974
2019-11-06,1686.7866421285598,1711.3011489454086,1678.866547676243,1694.895263671875,1136777
2019-11-07,1706.5867116510651,1726.2926254290883,1695.4608516914454,1722.5682373046875,1380635
2019-11-08,1721.6724074434158,1722.426745883717,1688.483587796114,1692.3021240234375,1077136
2019-11-11,1687.6821624307263,1691.4536246692671,1666.9863094350903,1672.5963134765625,860384
2019-11-13,1672.4077669974874,1684.900735517694,1656.3318633538834,1669.2962646484375,983760
2019-11-14,1676.4148567739776,1697.157897746434,1665.5247142250835,1670.6162109375,1116800
2019-11-15,1679.1020346910252,1682.0720840918673,1655.9547552819354,1660.103271484375,729613
2019-11-18,1660.1034484296574,1664.5820601174653,1635.4004152636887,1639.643310546875,1273055
2019-11-19,1648.08178745443,1648.1289767701544,1620.3144431232895,1623.0015869140625,1187377
2019-11-20,1631.0634163033108,1648.9306754864815,1617.4389377232735,1625.029052734375,1374382
2019-11-21,1629.1775193228696,1635.7303893093433,1613.2430674087693,1622.058837890625,913095
2019-11-22,1612.3000186868592,1616.0242914051203,1580.242591414723,1586.60693359375,1275334
2019-11-25,1587.7856183514064,1619.843047700544,1570.955490962288,1612.9600830078125,1320689
2019-11-26,1619.8431491812944,1630.0732182276654,1591.1800110660074,1612.5831298828125,2714721
2019-11-27,1616.0718808307372,1632.1005984352428,1607.208919842004,1617.3447265625,883771
2019-11-28,1620.0786892185627,1628.847384644221,1604.521408047542,1616.63720703125,691147
2019-11-29,1617.0145035541445,1622.1060008119202,1581.5155907047529,1608.670166015625,1890290
2019-12-02,1608.7172681914462,1642.943336095087,1601.3157961240572,1638.9361572265625,1476972
2019-12-03,1640.5862327713508,1650.9105656116362,1626.4432480060805,1637.239013671875,1374317
2019-12-04,1632.2886159055852,1635.3058543936934,1612.5356308281068,1622.011474609375,853421
2019-12-05,1619.2774056882186,1638.8418669030682,1609.4715804215962,1617.81591796875,971984
2019-12-06,1624.4631001936555,1647.7518335424995,1614.9872552548375,1618.5701904296875,1031777
2019-12-09,1626.442974916525,1633.8916353280733,1613.2428580186518,1627.7158203125,751290
2019-12-10,1627.3860638978206,1633.0432576309531,1611.3573483206114,1615.270263671875,686580
2019-12-11,1619.8433185147564,1642.0949266463003,1615.3647063128094,1638.88916015625,827804
2019-12-12,1640.9162451812813,1653.7863845913819,1629.3661407278921,1650.6278076171875,802332
2019-12-13,1650.9573056628951,1657.274457767288,1636.3900813571602,1644.31005859375,960033
2019-12-16,1644.3575450093972,1651.900469527789,1629.3188852892115,1632.5245361328125,707437
2019-12-17,1636.0605570102312,1649.0249607054352,1631.393417718323,1645.6778564453125,873024
2019-12-18,1649.3076046865613,1680.186452223211,1634.5989247569848,1676.8392333984375,1476506
2019-12-19,1677.169608549219,1704.512714751611,1674.152369152096,1700.0811767578125,2554245
2019-12-20,1701.8250931492776,1705.6437445859603,1692.4436271596455,1696.4508056640625,1419128
2019-12-23,1693.1979415031383,1710.9237441655841,1684.1463404630342,1704.276611328125,659899
2019-12-24,1708.4725580894149,1721.672677191651,1696.2624939582083,1700.4110107421875,896574
2019-12-26,1696.592411487178,1715.7325144235804,1694.376700310015,1706.2095947265625,1161570
2019-12-27,1707.5294259337495,1721.6724084787556,1697.7236016833679,1708.7080078125,930468
2019-12-30,1706.5868015872188,1714.5539701750522,1695.9323738593905,1699.3267822265625,562492
2019-12-31,1701.872396700658,1701.872396700658,1679.3378859910931,1682.9678955078125,928396
2020-01-01,1687.9178633080278,1699.5623449392203,1681.317804451238,1690.7464599609375,397285
2020-01-02,1688.6721429981108,1697.063669128781,1681.5063880793846,1688.3421630859375,411266
2020-01-03,1678.1123690411168,1678.1123690411168,1647.2335182835373,1651.3349609375,1318628
2020-01-06,1638.65322862295,1638.7004179414575,1597.214331411294,1609.613037109375,1871804
2020-01-07,1613.2428983982695,1641.0574311292742,1613.2428983982695,1625.8773193359375,1033650
2020-01-08,1599.099965048124,1636.8145868652969,1598.1570995026948,1630.0260009765625,1006057
2020-01-09,1662.2718337852161,1673.5862194944743,1641.5287933182422,1671.2762451171875,1781733
2020-01-10,1670.7580961512663,1694.6126454811829,1659.443707238278,1690.134033203125,1256612
2020-01-13,1696.2151463359191,1704.6537470789438,1691.8307984526705,1701.778076171875,823821
2020-01-14,1701.8724179208596,1717.5711532715532,1701.68389083812,1715.2139892578125,775629
2020-01-15,1713.6582171724453,1739.5870210086173,1706.6809887573506,1736.994140625,1252925
2020-01-16,1731.0537838523808,1742.4153586089353,1724.2651986234255,1730.299560546875,1031569
2020-01-17,1730.7241683204675,1733.8356710113794,1711.301158902518,1725.4913330078125,862204
2020-01-20,1732.9868760300458,1755.8513655532931,1728.8382446025255,1743.1226806640625,1091453
2020-01-21,1734.8254517247035,1737.2769942724556,1691.3593721612701,1707.2938232421875,2101561
2020-01-22,1711.301073313128,1714.7896300137538,1665.9020714068809,1677.5936279296875,3415306
2020-01-23,1677.357990629569,1686.7866471255193,1656.7092098842568,1674.6236572265625,1885275
2020-01-24,1681.7421087941336,1697.0636735034898,1678.5363430049983,1684.712158203125,1195596
2020-01-27,1684.9007385105544,1702.5794675799852,1678.300679657967,1686.173583984375,969054
2020-01-28,1691.5011149354002,1691.5011149354002,1671.7009346602365,1677.452392578125,873291
2020-01-29,1684.9008816480073,1700.7881445022285,1679.2436878651936,1694.2823486328125,873805
2020-01-30,1697.1578649800902,1705.549390776113,1683.9577482524671,1701.8721923828125,1005975
2020-01-31,1706.5869850812019,1719.7871054077968,1686.5038988316592,1693.056884765625,1169614
2020-02-03,1667.740634303986,1765.8929152414175,1664.1576991682696,1760.94287109375,2854532
2020-02-04,1763.1584958366493,1788.3801481166656,1749.0627025633687,1783.2415771484375,1830049
2020-02-05,1781.0731573540081,1782.0160229746295,1759.5287009419872,1766.458740234375,1344016
2020-02-06,1770.7017187536364,1774.850350698545,1739.5871518106812,1750.7130126953125,995386
2020-02-07,1750.7127979237248,1769.2872032059959,1744.8669624607128,1752.504150390625,632858
2020-02-10,1760.3300918370971,1765.7515690883363,1732.2326506531854,1762.687255859375,747711
2020-02-11,1772.5872439414131,1786.258794493089,1765.7514686655754,1770.7957763671875,1093021
2020-02-12,1772.587304094129,1807.190425109097,1770.8900999986588,1785.5045166015625,1616826
2020-02-13,1781.073212417906,1793.2832765440821,1761.3202230935601,1766.9774169921875,638878
2020-02-14,1769.2872860883745,1791.114647595668,1763.1586597310206,1769.805908203125,771464
2020-02-17,1772.4929282711664,1785.3158764267462,1763.7242328265424,1773.9072265625,676579
2020-02-18,1772.4931980138317,1772.4931980138317,1754.6730138119283,1757.171630859375,683421
2020-02-19,1763.252940503305,1784.6088694225884,1745.57421045355,1777.2073974609375,723351
2020-02-20,1775.4159135822365,1778.2445103643643,1733.9770167624226,1736.994140625,1401879
2020-02-24,1739.8229265528557,1747.1301357010927,1710.3583735357702,1715.0255126953125,1310832
2020-02-25,1733.3638928132477,1738.2196729741993,1716.2036723032318,1721.7666015625,897257
2020-02-26,1721.6726367835372,1739.587083716115,1716.0154430153548,1722.2855224609375,1909619
2020-02-27,1725.3026439270957,1746.187140576825,1707.0110277506851,1738.4556884765625,1643273
2020-02-28,1716.015329416383,1736.8526353972602,1681.2707563427082,1695.22509765625,2964119
2020-03-02,1711.3951833778858,1732.4682047435763,1668.164822278665,1684.712158203125,1219296
2020-03-03,1685.0910348677478,1721.0164980509294,1672.7371573465302,1704.4974365234375,1392463
2020-03-04,1707.8105283407917,1758.3617397632609,1707.8105283407917,1749.3685302734375,3050469
2020-03-05,1755.0958136547088,1781.6021150475524,1753.2971486628196,1774.454833984375,2062439
2020-03-06,1741.8429070868988,1783.8743568695727,1737.109638317641,1777.2950439453125,1393659
2020-03-09,1787.2820161858638,1813.6936750239995,1749.4158717751461,1767.5443115234375,3420741
2020-03-11,1774.9283947173255,1803.375386005997,1752.7294105984793,1782.406982421875,3194186
2020-03-12,1765.4617344642627,1774.7863656598174,1718.1764293669912,1745.0140380859375,6254349
2020-03-13,1689.776860596202,1745.3927656718472,1580.7696635362745,1701.79931640625,3878300
2020-03-16,1682.2034327760887,1682.2034327760887,1588.6267483301142,1593.5966796875,2867336
2020-03-17,1608.3645774873323,1684.854239873679,1580.9116211911978,1639.2254638671875,2643189
2020-03-18,1639.60410865963,1664.7378090890222,1522.2190570003954,1531.8748779296875,3676437
2020-03-19,1457.8467000532894,1565.7178430968943,1354.8507311249007,1515.7818603515625,4906644
2020-03-20,1524.1124112863722,1663.6491855928239,1486.766970164822,1649.969970703125,3128629
2020-03-23,1494.3875003887777,1561.978597349377,1411.2239963627778,1418.51318359375,2155326
2020-03-24,1473.513874676128,1512.7526246298405,1375.7245004651536,1443.5048828125,3910566
2020-03-25,1369.3820774069434,1519.7106289643887,1368.8613716024377,1508.1614990234375,2196415
2020-03-26,1519.3790637574027,1561.9784767599467,1490.0328014667614,1530.6915283203125,2622118
2020-03-27,1575.9891560738215,1576.4151040236288,1467.5025475358268,1518.5745849609375,2102479
2020-03-30,1506.267897961555,1533.1055043958172,1475.8803405291546,1509.8651123046875,1844011
2020-03-31,1538.3121411506386,1599.844626796664,1516.3498232664556,1577.5982666015625,2789174
2020-04-01,1562.0258637068791,1566.711752937964,1499.7360088169,1517.675048828125,1559455
2020-04-03,1528.9406159319074,1529.7926275118662,1436.3105594631056,1439.765869140625,2925847
2020-04-07,1457.8466460735353,1547.7787443702794,1455.9533387409724,1537.17626953125,2733586
2020-04-08,1537.1763079453601,1597.7621441014203,1514.6459039015006,1523.118408203125,2382213
2020-04-09,1552.5120952251202,1589.33694791255,1532.58498826735,1563.256591796875,1489539
2020-04-13,1558.1921222688686,1612.766735811153,1517.3439885400098,1591.1829833984375,2586159
2020-04-15,1612.766662730138,1644.1008783244126,1593.9756091556121,1626.5404052734375,2508270
2020-04-16,1600.791188471565,1658.8210985939418,1594.8746036531454,1650.11181640625,1821296
2020-04-17,1668.9503367576735,1688.546020523509,1634.965448592354,1662.5604248046875,1398686
2020-04-20,1664.453735741768,1664.8324203033346,1614.6597781908285,1638.13671875,1431055
2020-04-21,1618.7778569262384,1660.3832415870693,1609.3113197512312,1633.92431640625,1594930
2020-04-22,1625.4989721883958,1724.8029639722233,1620.907725061163,1716.2830810546875,3727805
2020-04-23,1710.6031803214335,1746.9547043320124,1704.9706372127634,1724.4716796875,2573552
2020-04-24,1718.2239568816615,1744.4935987762478,1717.229924208268,1730.05712890625,2744768
2020-04-27,1741.8427840379095,1760.586573263381,1721.1110451814482,1752.5872802734375,1770889
2020-04-28,1748.6584615735164,1764.5622880756296,1709.9404222699986,1727.0748291015625,1934910
2020-04-29,1748.3747776588255,1748.4694199191124,1662.2292891841967,1673.21044921875,2931120
2020-04-30,1699.2433351356642,1701.1366424728626,1648.1240370313044,1664.8797607421875,2926333
2020-05-04,1626.3510859438165,1657.5906586074639,1582.3316880995862,1587.3489990234375,2942397
2020-05-05,1591.3249243049477,1602.590126833166,1494.056253292257,1532.7744140625,5867890
2020-05-06,1528.8455812275545,1551.2812255770468,1492.8727440222003,1524.7276611328125,3937921
2020-05-07,1524.0650375643945,1541.8147939674006,1462.7692121193468,1509.25,5256213
2020-05-08,1525.8164992811276,1550.6187803131154,1486.2463278947441,1494.1982421875,5644426
2020-05-11,1498.5526126865868,1513.6990699215744,1472.0463125253584,1485.867431640625,3767646
2020-05-12,1456.9001151748862,1461.396720468636,1431.3404640314673,1442.0849609375,4504073
2020-05-13,1495.5233482763142,1495.5233482763142,1451.551220845146,1479.903564453125,2940514
2020-05-14,1470.4370433658444,1474.5075844008604,1436.0734723911742,1441.1854248046875,2592264
2020-05-15,1447.4337651706533,1476.7800350989005,1429.4473416662436,1470.1060791015625,2860493
2020-05-18,1474.8863427055567,1475.407048420847,1418.1817676503383,1421.021728515625,2871905
2020-05-19,1429.4470274321575,1436.0262241496644,1403.839999690927,1423.7197265625,3164137
2020-05-20,1423.7195663750572,1433.2334808164767,1413.022450549383,1420.0277099609375,2057402
2020-05-21,1422.8204427407827,1499.026061929494,1420.9271354317464,1490.31689453125,3845743
2020-05-22,1485.1103902844457,1538.3122826997194,1472.4252074262126,1531.591064453125,5203736
2020-05-26,1538.3123169572543,1568.557857519641,1533.5790482896937,1542.903564453125,3552636
2020-05-27,1543.9920006235238,1549.5299009966266,1510.8117461709862,1533.05810546875,2260057
2020-05-28,1535.4722260698254,1568.5577250383276,1529.082313908314,1555.919921875,3138915
2020-05-29,1551.5652221812445,1608.364437148221,1545.9799429311654,1593.3126220703125,3532977
2020-06-01,1615.4644252901571,1620.57637802184,1591.798084456724,1602.9212646484375,2529255
2020-06-02,1602.9212751666014,1640.5507573386801,1590.378114442575,1618.1151123046875,2440552
2020-06-03,1632.0310397299725,1650.9641144368168,1614.849251321848,1624.978515625,3088817
2020-06-04,1624.8836725670233,1627.8656547885864,1540.2055466060158,1546.595458984375,4388930
2020-06-05,1561.9785425048733,1570.8297311340727,1534.5255863032726,1551.139404296875,2884206
2020-06-08,1568.6050960966184,1577.1249789360086,1542.0987939296265,1547.0687255859375,2046505
2020-06-09,1552.5119505572318,1604.5779001186022,1549.435326264969,1554.45263671875,3671930
2020-06-10,1560.0853240879403,1585.7396166818498,1541.0576075065405,1548.6781005859375,2069280
2020-06-11,1548.6779440162074,1558.191859124218,1521.2723679299017,1524.6802978515625,1888420
2020-06-12,1495.7127334021163,1555.3045331076955,1493.3460993302776,1550.0032958984375,2391556
2020-06-15,1542.0987834910723,1562.5938579609788,1516.6337773984965,1531.8748779296875,1681166
2020-06-16,1551.5655107434975,1552.748827942051,1521.8879385154369,1535.1883544921875,1497691
2020-06-17,1521.7931247510144,1536.0875717869492,1505.5579915048315,1510.291259765625,1812788
2020-06-18,1510.2913624608566,1526.1950755635426,1502.6234904686407,1512.5633544921875,1417273
2020-06-19,1512.5632575640877,1543.045459059611,1506.1733453870004,1535.945556640625,2714342
2020-06-22,1545.8857160631937,1584.2251964677005,1537.365831528859,1564.01416015625,2034739
2020-06-23,1571.303122694397,1598.898101193743,1553.4587235399244,1594.0701904296875,2334863
2020-06-24,1594.1646862480327,1716.9929926854925,1594.1646862480327,1654.04052734375,11545923
2020-06-25,1647.1774091432617,1653.8039849271713,1593.3601703527431,1598.8980712890625,4054785
2020-06-26,1618.7776403227824,1619.1089459679138,1581.5741079797635,1596.7679443359375,2129986
2020-06-29,1597.0046625456857,1617.3103365426398,1584.745544346976,1601.6905517578125,2753482
2020-06-30,1617.7365779212316,1626.3511037292049,1591.9402638486931,1597.4307861328125,1960731
2020-07-01,1607.4179528403622,1607.4179528403622,1590.4255654632834,1597.951416015625,1661296
2020-07-02,1609.3113350769916,1613.097949983055,1571.539828277345,1596.484130859375,2038399
2020-07-03,1604.9569400561252,1628.2446013592485,1599.8449862192615,1605.193603515625,1988941
2020-07-06,1617.7837291685844,1620.6710690605025,1601.8800169847514,1617.6890869140625,1236670
2020-07-07,1617.7838245072373,1656.549363578858,1614.8492210942713,1652.6207275390625,2983260
2020-07-08,1656.6439731108692,1667.814532981456,1590.4255930947056,1596.2947998046875,2725937
2020-07-09,1603.6312937029134,1630.1375960781681,1601.8326286443596,1625.6409912109375,1904661
2020-07-10,1616.8370742874129,1619.7244141771537,1604.7672401081265,1612.62451171875,1156043
2020-07-13,1616.8844029619218,1640.4561015031798,1609.311173908236,1614.6597900390625,1289791
2020-07-14,1614.6597306005697,1626.3508794101642,1592.3659921711323,1598.3299560546875,1347120
2020-07-15,1609.3112412834175,1622.185708102023,1574.5690977684465,1582.4736328125,1611341
2020-07-16,1590.1888350034658,1606.5658736848509,1557.3398842714878,1602.8739013671875,1442725
2020-07-17,1604.57795570352,1649.544004609666,1599.6080239823145,1626.25634765625,2308792
2020-07-20,1634.870671115631,1663.6015830754022,1628.480759691178,1658.1583251953125,1848600
2020-07-21,1667.0569755617253,1677.233501676029,1627.2975246965393,1632.2674560546875,2088461
2020-07-22,1632.2673452681854,1643.7692087423252,1600.7911154696255,1605.2877197265625,1300409
2020-07-23,1601.2615370854799,1648.6361387743993,1598.4190609841446,1637.0767822265625,2375218
2020-07-24,1633.4759235468603,1636.3183990518721,1593.681266476693,1622.1534423828125,3971563
2020-07-27,1627.032897293979,1694.1153640124105,1627.032897293979,1684.7825927734375,6470525
2020-07-28,1685.5879721704805,1698.52125883275,1659.1056216825295,1667.2540283203125,2534092
2020-07-29,1677.060438325118,1686.4406300105852,1639.1607674025165,1648.77783203125,1530981
2020-07-30,1660.0058870472008,1684.6406776084036,1637.36080643766,1651.81005859375,2113975
2020-07-31,1661.9005520097094,1677.9131859337162,1620.5899342822981,1625.422119140625,1678643
2020-08-03,1638.2131991826764,1643.89814955578,1608.3672097238828,1615.9471435546875,1437425
2020-08-04,1628.7384933975409,1643.8983630277683,1618.8372498095493,1623.95361328125,1815396
2020-08-05,1627.790987721845,1650.4833711176286,1622.57978258071,1626.1802978515625,1416803
2020-08-06,1641.1031905666084,1660.1003314374136,1629.7805943526437,1636.8394775390625,1914507
2020-08-07,1636.8396610728596,1721.4980383246002,1635.0867085475988,1711.4072265625,5166075
2020-08-10,1714.9602578889915,1728.5094376824204,1683.693026667811,1688.7620849609375,1892614
2020-08-11,1705.4852273472964,1741.3004633858372,1686.535391487882,1695.583984375,3039662
2020-08-12,1695.9629022630702,1711.1701919273369,1678.9554707061136,1702.879638671875,1679096
2020-08-13,1711.5493097669316,1719.697716586677,1694.1154365052223,1707.9014892578125,1192375
2020-08-14,1723.2033901854404,1733.9100944097074,1701.2216254167374,1707.9014892578125,1868376
2020-08-17,1724.4351115886316,1745.753677528601,1707.2381119315985,1740.2581787109375,1634180
2020-08-18,1734.8574630257087,1785.0745277664857,1734.8574630257087,1775.6943359375,2586298
2020-08-19,1790.7596862280836,1802.5086088889022,1774.2259988813946,1786.6854248046875,1947114
2020-08-20,1769.8672551953807,1781.2845776086629,1759.5396871409325,1776.452392578125,1538879
2020-08-21,1788.7699297639228,1869.6383379740419,1781.9953397413806,1855.1890869140625,5688228
2020-08-24,1855.1888577611965,1891.1935444797487,1838.1340061576716,1859.1209716796875,3996329
2020-08-25,1861.1106994270212,1910.9487431345883,1860.873826485768,1895.552001953125,3544399
2020-08-26,1895.8836895448612,1903.5110448739356,1852.8202330766455,1867.8853759765625,2245810
2020-08-27,1876.886746038367,1903.5112455543624,1866.6064819558271,1878.4027099609375,3116305
2020-08-28,1889.298546234264,1892.1410214793505,1850.7356783401672,1855.2835693359375,1842536
2020-08-31,1873.1913506648625,1879.7290674336023,1782.4690078089393,1799.3817138671875,2738522
2020-09-01,1823.9216346603944,1883.6136154310982,1807.5774018303207,1875.3704833984375,3068285
2020-09-02,1874.0913072145138,1892.1410717647489,1823.9216640696752,1841.8765869140625,2569603
2020-09-03,1847.7982347413702,1883.471319754253,1842.8713242518288,1874.1385498046875,1931667
2020-09-04,1855.1889949963245,1889.0144069145924,1848.5565522154388,1853.6256103515625,1930422
2020-09-07,1861.821351163979,1898.4419316612364,1845.8087169200635,1878.0234375,2855392
2020-09-08,1883.1400766115994,1896.8312877596943,1849.5041154947633,1857.4156494140625,2401034
2020-09-09,1857.415380265208,1889.2037739082266,1855.188797843228,1875.133544921875,2776804
2020-09-10,1880.8185487113503,1961.0236329956078,1876.9811608512198,1948.564208984375,5081252
2020-09-11,1954.6754743921244,1961.2604957706446,1915.8283127585437,1929.0457763671875,2599475
2020-09-14,1942.3584264996914,1946.148394161154,1899.7212903082348,1924.5455322265625,2142458
2020-09-15,1937.6206632836734,1941.931797087255,1903.5583805283363,1911.612060546875,1997383
2020-09-16,1920.5658932472932,1920.5658932472932,1889.4408105120401,1906.4482421875,1717740
2020-09-17,1894.9837213235523,1937.6208550533322,1894.9837213235523,1902.5162353515625,2416918
2020-09-18,1919.9027463386872,1937.004904517866,1909.1960423678584,1921.8924560546875,3021436
2020-09-21,1929.4724292331964,1948.9907382390018,1859.2633061798524,1868.97509765625,2518361
2020-09-22,1885.6980275638796,1890.9092321694743,1825.2007026837794,1835.7652587890625,1974860
2020-09-23,1838.1342140648726,1885.5088072108745,1827.0486055329593,1844.34033203125,2732912
2020-09-24,1839.6029755954464,1842.8717764410753,1807.577702573502,1817.62109375,1906183
2020-09-25,1824.1587574166306,1852.3466410853202,1807.8145223482309,1824.4903564453125,1939316
2020-09-28,1836.2391487703717,1855.1889851869907,1828.659214203724,1843.4400634765625,1137313
2020-09-29,1857.0839198774781,1885.461252899113,1851.398969102343,1857.0364990234375,1965383
2020-09-30,1862.8635272469837,1898.7734881032145,1855.331014015012,1882.09765625,2518982
2020-10-01,1901.6158962358347,1941.742263405872,1887.4509411803356,1933.3094482421875,2014003
2020-10-05,1933.3095319123988,1935.4413883905763,1905.405945606721,1921.5133056640625,1554873
2020-10-06,1942.3583809154457,1987.7431500678429,1937.7156475069849,1980.258056640625,3152378
2020-10-07,1970.7830407511876,2007.5457706602197,1965.0506688155217,1994.4703369140625,2429595
2020-10-08,1993.9962291250492,1997.2650291380614,1963.2501705496104,1978.9783935546875,1427493
2020-10-09,1984.047808985032,1998.1653441326957,1937.7628581587417,1942.9267578125,1636939
2020-10-12,1959.3182430090742,1976.894262542931,1934.0676785222058,1968.7459716796875,2182836
2020-10-13,1967.9406308953994,2002.9978303865548,1946.1957385563535,1956.239013671875,2619233
2020-10-14,1961.3081957745235,1975.994319945782,1947.0958175442734,1962.58740234375,1530471
2020-10-15,1961.3084055174184,2012.4729726178728,1957.5658584474754,1980.6845703125,4001883
2020-10-16,1980.2103588206353,1980.2577796729117,1947.6167347841763,1952.969970703125,2017706
2020-10-19,1970.735487298748,1970.735487298748,1948.5168512571454,1961.40283203125,1338404
2020-10-20,1968.793452616933,2019.8634080916102,1958.7975974885367,2007.26171875,2377713
2020-10-21,2018.157680568275,2031.2805354798156,1971.9674519637194,2003.2821044921875,2895432
2020-10-22,2003.1871184652834,2005.6981105294938,1967.7510176530907,1989.637939453125,2755686
2020-10-23,2002.5241074833634,2017.5891359905745,1985.9429994251857,2008.919677734375,3070714
2020-10-26,2005.224322228983,2005.224322228983,1961.355406526726,1971.209228515625,1278139
2020-10-27,1975.5205744958253,2091.4462988178852,1975.5205744958253,2082.397705078125,4964874
2020-10-28,2087.474303656407,2105.2668949486965,2040.3593829098043,2049.279541015625,3166047
2020-10-29,2051.6043711753778,2119.2162173577303,2050.7504194722937,2111.814453125,4795796
2020-10-30,2097.248727425229,2128.326458201321,2083.3941349285697,2098.5771484375,3006197
2020-11-02,2085.766092876018,2112.24137508855,2055.4950579921915,2061.900390625,1772571
2020-11-03,2081.875588021058,2081.875588021058,2037.1332410424357,2044.6297607421875,1781465
2020-11-04,2049.70665199801,2100.8070702279906,2045.9108989387541,2058.674072265625,2189957
2020-11-05,2078.1747808182677,2131.0305953471257,2072.148930222399,2124.008544921875,2671841
2020-11-06,2119.880668258156,2133.213297703682,2090.036605067776,2096.252197265625,2395965
2020-11-09,2134.1621697444457,2134.1621697444457,2101.091578357221,2111.577392578125,1691773
2020-11-10,2111.577188116486,2124.2456054671243,2077.2256723953005,2087.4267578125,1879561
2020-11-11,2092.408645333391,2109.489532234072,2047.1443413814584,2070.29833984375,2387398
2020-11-12,2061.094282367883,2089.3252008303343,2051.6048980107566,2060.904541015625,1626054
2020-11-13,2069.159413433082,2093.8792959155894,2061.0934400259825,2068.637451171875,1560060
2020-11-14,2080.0728322658097,2081.4012532662928,2069.0177933224772,2073.05078125,146991
2020-11-17,2093.736925262294,2108.4454657707906,2070.582928357365,2075.9443359375,1699293
2020-11-18,2073.42977467124,2097.153227470682,2055.494937024599,2083.630859375,1817170
2020-11-19,2063.940503977549,2082.919267232515,2046.5748892643835,2051.319580078125,2669522
2020-11-20,2052.8855632124632,2078.222167009788,2050.2284898974344,2055.922119140625,2196113
2020-11-23,2050.228544695545,2084.769803691033,2029.5891381373333,2074.6162109375,4002609
2020-11-24,2080.926570950918,2117.081210514711,2079.123680967159,2095.16064453125,2954306
2020-11-25,2085.054456713742,2095.919752752005,2040.2171268333352,2044.297607421875,1682365
2020-11-26,2049.7064229723487,2066.2653475082498,2009.044330198734,2045.2464599609375,2247478
2020-11-27,2059.1959141133734,2129.9867971945755,2054.4512230670293,2102.182861328125,10036402
2020-12-01,2158.834662483161,2158.834662483161,2093.547660201539,2116.179931640625,2235498
2020-12-02,2126.5707518099307,2207.1830148754334,2121.826060261939,2197.598876953125,3305952
2020-12-03,2220.5156719172664,2298.186366188062,2197.9783867856277,2288.269775390625,4334658
2020-12-04,2277.451547283444,2320.1537637950087,2253.7280936659085,2314.222900390625,2789953
2020-12-07,2315.40913536472,2352.2279827045713,2312.5623208540255,2346.297119140625,1762501
2020-12-08,2344.3995140834677,2357.3524289362363,2303.9746506840825,2314.365478515625,2090950
2020-12-09,2324.898558667263,2402.8064765070417,2322.0517441056295,2393.5068359375,2022370
2020-12-10,2387.481547353772,2421.6908233841878,2373.294964452921,2397.06591796875,2372909
2020-12-11,2387.528875746418,2407.3615944848857,2367.6011705037017,2392.22607421875,2171653
2020-12-14,2400.813728978841,2423.493260072963,2392.2732848836595,2418.036865234375,1280339
2020-12-15,2405.5585734177516,2408.974843943248,2374.7180788867545,2398.39404296875,1283286
2020-12-16,2410.3030682902686,2455.757116160326,2408.025709241947,2450.58544921875,1920875
2020-12-17,2437.8221102726216,2470.418228433941,2426.4348524589695,2443.563232421875,1750663
2020-12-18,2445.4136129771887,2501.400963836969,2444.037698994319,2468.66259765625,4402604
2020-12-21,2462.921558144972,2469.421877361437,2409.449030593716,2424.204833984375,1383048
2020-12-22,2411.2517455143807,2480.144745198815,2368.739271710388,2467.998291015625,1993090
2020-12-23,2471.035806829064,2514.686976995783,2471.035806829064,2507.617431640625,1339307
2020-12-24,2522.2780274267207,2522.2780274267207,2479.5758034860874,2513.02587890625,1143202
2020-12-28,2518.7195401834615,2552.16961602088,2495.2808099741073,2546.85546875,1226254
2020-12-29,2547.8989191019846,2573.9472248450843,2536.511661362981,2559.096435546875,1562853
2020-12-30,2556.439358855839,2602.795079840393,2543.4864458654524,2594.7763671875,1614643
2020-12-31,2594.77646771075,2630.4566359620862,2585.904034728986,2623.339599609375,1526325
2021-01-01,2618.1207087594285,2649.435671930527,2609.58026425822,2633.82568359375,1246698
2021-01-04,2639.0926031725444,2648.5819869074076,2604.8358352199257,2613.091552734375,1360486
2021-01-05,2613.0913938662466,2661.3924931447823,2592.499478748402,2651.19140625,1299589
2021-01-06,2658.2605138828408,2678.3304632966456,2638.048084740426,2662.103759765625,1697884
2021-01-07,2657.9758164163927,2687.250651655377,2639.4715220857533,2649.672607421875,1142806
2021-01-08,2674.10821711257,2704.2845023772506,2646.636498761357,2699.44482421875,1660967
2021-01-11,2699.729333624546,2726.7265806259156,2680.371085905566,2703.809814453125,1517995
2021-01-12,2704.0943064414623,2704.473789040356,2573.662569416503,2581.6337890625,6674890
2021-01-13,2619.0693074224187,2621.9161218870086,2541.2563787236368,2565.64404296875,2862676
2021-01-14,2574.46917608791,2596.91147044894,2512.7881969335735,2527.876220703125,2124950
2021-01-15,2525.0299317282847,2525.931608489195,2448.782875250049,2458.604248046875,2570436
2021-01-18,2459.6482484593585,2486.076274662915,2424.9170115405173,2456.042236328125,2395168
2021-01-19,2481.4738573719615,2539.928554100659,2457.750397932459,2509.989501953125,2558693
2021-01-20,2518.4818623134674,2568.9178325608173,2509.988912164651,2559.5234375,2065439
2021-01-21,2587.7070436700424,2673.11148383229,2557.3885137473185,2577.6484375,5015712
2021-01-22,2609.579552341612,2627.4671266701184,2457.749469296282,2464.059814453125,4945564
2021-01-25,2479.4336370261094,2497.1312444165314,2373.2947909123104,2385.58349609375,3520087
2021-01-27,2396.06890374391,2396.06890374391,2306.4417390060644,2312.182861328125,2700415
2021-01-28,2296.4303054342563,2328.6467090454576,2278.4479739641765,2317.022216796875,3035457
2021-01-29,2330.5925144206594,2357.162787386367,2277.451968489244,2284.4267578125,2768673
2021-02-01,2302.693591106692,2341.742306423707,2255.531175950861,2322.81103515625,1797359
2021-02-02,2334.3877868737927,2391.3240743585197,2301.2699389899158,2337.851318359375,2679428
2021-02-03,2375.999191409573,2375.999191409573,2313.843734426344,2328.3623046875,2409356
2021-02-04,2330.592068753772,2330.592068753772,2275.553656706655,2279.15966796875,3478562
2021-02-05,2296.430494060298,2300.1312604512254,2249.7427799374173,2255.388916015625,3303319
2021-02-08,2271.75807547474,2310.5695556065457,2252.2098556726705,2293.44140625,3666313
2021-02-09,2308.2922956317543,2403.13862748738,2299.8940994403833,2378.845947265625,7178572
2021-02-10,2399.86466678686,2424.537059565215,2348.6220048625855,2382.404296875,4473123
2021-02-11,2396.021499209265,2410.303065677385,2367.695832501103,2377.564697265625,1446286
2021-02-12,2389.4265556169426,2394.1712469505746,2338.373630532189,2359.155517578125,1376085
2021-02-15,2367.6013376133674,2388.952451880422,2323.523194716932,2331.304443359375,1634576
2021-02-16,2345.775393614172,2348.717194908603,2298.3284803129145,2325.135986328125,1615849
2021-02-17,2311.6140730670704,2329.6913969437983,2260.3713965705097,2266.207275390625,3178784
2021-02-18,2300.2264889836083,2352.9875522752673,2272.944512268147,2344.58935546875,4253843
2021-02-19,2344.7316581401947,2344.7316581401947,2277.45202231733,2293.06201171875,2244567
2021-02-22,2304.7340128574624,2323.0010760576706,2258.473268389402,2265.163330078125,2002642
2021-02-23,2253.728606948303,2277.452065968811,2196.7923052990823,2251.071533203125,3267268
2021-02-24,2251.830428376907,2286.324425838692,2227.347775614673,2240.775390625,1708526
2021-02-25,2253.7284091750594,2264.4039647974673,2216.9095576713435,2252.542236328125,2839515
2021-02-26,2218.66485319285,2239.4939989242457,2144.6001854105066,2160.921875,3933813
2021-03-01,2182.5583369789583,2248.889038985205,2182.5583369789583,2241.67724609375,2545806
2021-03-02,2264.1665614348085,2279.871535092291,2238.545229851095,2268.341796875,2033586
2021-03-03,2283.145346448756,2294.247877235017,2254.4874586760848,2279.444580078125,1591567
2021-03-04,2258.4732499821725,2310.664858700248,2230.0050997723133,2293.678955078125,2149984
2021-03-05,2276.503211741332,2300.1316851292404,2255.721553541095,2265.2109375,1953642
2021-03-08,2261.3198840641962,2290.262501128383,2239.541797231102,2261.03515625,1593838
2021-03-09,2277.4518236177414,2319.2051070507337,2273.798318647603,2298.99267578125,1800442
2021-03-10,2321.1028920317062,2321.1028920317062,2292.2077694939862,2307.770263671875,1056102
2021-03-12,2318.066353435474,2338.800514746123,2274.6049361880373,2278.73291015625,1279203
2021-03-15,2279.871321417597,2303.594774364286,2223.4095034044767,2234.749267578125,1524449
2021-03-16,2257.7138531443843,2353.366875718126,2254.060579862111,2342.549072265625,4230564
2021-03-17,2334.3881904029895,2334.3881904029895,2287.985200751319,2299.22998046875,1623187
2021-03-18,2342.7865581536457,2342.7865581536457,2267.9626759448665,2281.769775390625,1851739
2021-03-19,2270.809559984934,2309.7160338501167,2235.082122385817,2288.127685546875,3738079
2021-03-22,2267.962307915513,2313.6063282048144,2267.962307915513,2301.83935546875,1489853
2021-03-23,2305.9198666124967,2309.6681262336388,2275.7435849861504,2287.225830078125,1745466
2021-03-24,2287.225879780526,2343.8774462144793,2286.9411519744513,2318.778076171875,4132092
2021-03-25,2325.800044071961,2342.928424983975,2269.860183297557,2279.539306640625,2272545
2021-03-26,2301.175118364572,2385.583124309505,2286.087093763391,2377.232421875,3084607
2021-03-30,2409.4490599455935,2451.5343298254948,2392.747655069139,2446.41015625,2332884
2021-03-31,2446.4104182033802,2451.0601231799683,2401.762825080654,2407.8359375,1616044
2021-04-01,2402.7118372348637,2433.5998260270867,2402.7118372348637,2421.453369140625,1219588
2021-04-05,2427.384475236449,2427.384475236449,2357.637501456199,2382.4521484375,1268939
2021-04-06,2397.018104696276,2486.218303366684,2376.6159315961295,2478.247314453125,3372846
2021-04-07,2471.9845991537277,2531.8152132339637,2467.3348935371796,2494.379638671875,1937977
2021-04-08,2495.707497111097,2522.657249657302,2493.8096206874384,2515.302978515625,897483
2021-04-09,2500.45229119402,2519.4310562125706,2476.87108298872,2496.466796875,1185017
2021-04-12,2446.5521459160736,2476.7284236191754,2424.5368284854376,2469.32666015625,1427691
2021-04-13,2467.239484321655,2491.911879164871,2433.3624346602683,2439.435546875,1200230
2021-04-15,2457.7499870509328,2461.1187640630387,2407.456261447188,2455.5673828125,1209829
2021-04-16,2455.4731801638054,2555.965667477658,2449.874304408412,2527.687255859375,2760777
2021-04-19,2514.6866410960856,2514.6866410960856,2435.782509536738,2440.574462890625,1552036
2021-04-20,2467.23923611941,2471.6991991729083,2399.674884911319,2423.255859375,1489287
2021-04-22,2425.154006924067,2426.435166263533,2360.9584253670982,2383.021240234375,1690758
2021-04-23,2398.0620748556685,2434.02674381974,2368.739742328996,2389.379150390625,1614593
2021-04-26,2400.8135364571194,2443.5157535087283,2400.8135364571194,2427.288818359375,1103980
2021-04-27,2415.0477408303714,2448.1655916399877,2404.609420536016,2442.899169921875,866331
2021-04-28,2455.852273144289,2486.4555327304183,2443.516075481663,2481.046630859375,1065561
2021-04-29,2495.7074146278487,2507.094672793451,2438.771123799837,2480.00244140625,1295346
2021-04-30,2462.494589037312,2472.7431677658656,2395.1674711748055,2406.88671875,1384907
2021-05-03,2381.834742654602,2462.589471419923,2377.659507488613,2450.300537109375,1034774
2021-05-04,2471.98404996298,2484.2727535117992,2440.2421130075422,2455.04541015625,1058140
2021-05-05,2483.3709584605785,2483.3709584605785,2416.0913411743118,2436.540771484375,1220186
2021-05-06,2448.118457967256,2450.0163344835632,2398.9159166122413,2418.89111328125,1518119
2021-05-07,2424.5371900533873,2457.7500282732967,2411.726523882851,2421.358154296875,1416102
2021-05-10,2456.8009664033198,2456.8009664033198,2412.3431196679144,2426.387451171875,1526814
2021-05-11,2403.66033255654,2431.1795388905866,2392.557802542847,2425.72314453125,1168363
2021-05-12,2445.413988278155,2456.7537545780947,2400.813888375527,2425.676025390625,2085630
2021-05-14,2486.2186070969997,2690.477597622812,2468.710739958241,2632.82958984375,10543708
2021-05-17,2639.9467434347207,2679.9918993187234,2607.255860470063,2640.658447265625,2134352
2021-05-18,2654.180153421503,2699.729187159162,2646.5886477985596,2677.7138671875,1328605
2021-05-19,2661.9140464520347,2703.5250814958085,2655.745947810503,2672.06787109375,1219067
2021-05-20,2670.3124912513586,2699.729579818804,2636.625180149929,2651.4287109375,1211975
2021-05-21,2663.669507719412,2708.2696027898833,2652.282249403547,2687.867431640625,1328308
2021-05-24,2700.6781726482654,2703.5249873067137,2664.8082616169386,2675.24658203125,813091
2021-05-25,2692.042974989468,2773.4144343471394,2678.615590692331,2765.585693359375,2730112
2021-05-26,2789.736330645108,2797.3750985568527,2761.789912603802,2791.39697265625,1250531
2021-05-27,2799.3679379179966,2813.602012178597,2754.056134855087,2798.751220703125,2415085
2021-05-28,2807.101651088107,2812.463291318919,2781.480317794845,2790.542724609375,711383
2021-05-31,2787.9803214866706,2837.277612694765,2786.1774316476235,2825.46337890625,2093635
2021-06-01,2813.6017897315332,2830.3031948799567,2766.2498657713973,2781.337890625,1194073
2021-06-02,2769.8086833308334,2783.9477715031376,2730.2377703997795,2755.43212890625,2067842
2021-06-03,2770.520772249589,2791.776900713737,2755.764733118613,2785.466552734375,1404434
2021-06-04,2802.214819634419,2837.3255369816843,2759.5125958336916,2775.549560546875,1509084
2021-06-07,2780.388765486336,2790.8270850837253,2755.668880468558,2783.33056640625,802415
2021-06-08,2778.4914526377615,2793.911700624566,2759.038216715947,2776.830810546875,762931
2021-06-09,2781.148351409009,2813.601994180702,2770.520289030623,2793.247314453125,1340352
2021-06-10,2808.4576416939813,2822.094681221297,2785.2365150934074,2813.798095703125,1344559
2021-06-11,2822.762414112051,2833.8246842688386,2802.3546978952922,2819.186279296875,878445
2021-06-14,2818.0897084656976,2832.2987910904685,2781.2792674125762,2813.130615234375,746823
2021-06-15,2832.298656809234,2908.5895297199204,2823.668205246959,2901.151123046875,2262031
2021-06-16,2888.5637092035768,2901.151658995039,2866.1532611460384,2878.7412109375,859505
2021-06-17,2878.0255342479823,2931.429146807993,2861.384633684162,2918.412109375,1533864
2021-06-18,2919.603712086779,2935.100293741412,2876.213283453807,2905.9189453125,2293860
2021-06-21,2883.9856949487857,2936.387942047696,2880.9818349373663,2926.279541015625,720491
2021-06-22,2941.967019041233,2949.453154665525,2864.913184749737,2871.207275390625,1199238
2021-06-23,2889.5167154209653,2889.5167154209653,2845.17264701599,2848.84423828125,1009007
2021-06-24,2848.8441920692935,2908.3032485098884,2837.4957855924686,2902.15234375,985596
2021-06-25,2889.7076253147648,2911.927389638502,2846.603326697537,2864.626953125,786964
2021-06-28,2883.794994059254,2897.9565804621593,2838.2588793217114,2844.648193359375,891695
2021-06-29,2850.417929218984,2883.6522360755944,2835.2074819822897,2862.33837890625,1242734
2021-06-30,2859.9539975162543,2889.516709727993,2847.222865419147,2853.946044921875,924522
2021-07-01,2868.536806201831,2886.560431702718,2858.046811232343,2881.50634765625,848235
2021-07-02,2892.329857176909,2897.908720129143,2860.669192946651,2865.67578125,805542
2021-07-05,2879.980099802237,2908.589173641332,2867.6782911799214,2875.021240234375,863343
2021-07-06,2863.7685659899303,2889.0399169718594,2857.0931147871565,2863.291748046875,762630
2021-07-07,2922.893877010179,2926.708420405951,2871.6359501294946,2899.1484375,1234865
2021-07-08,2908.5893593128685,2917.17208201248,2878.8359671851317,2887.8955078125,907391
2021-07-09,2881.8877136433134,2898.2424763351187,2867.583175024965,2871.016357421875,547082
2021-07-12,2894.1892769212723,2901.770867999481,2852.3724856190343,2860.335205078125,765566
2021-07-13,2879.980454724488,2881.0295473563715,2846.9370634966363,2855.04296875,703484
2021-07-14,2863.768942501322,2868.298713555894,2845.840538921071,2862.767578125,470744
2021-07-15,2870.444206471805,2871.397842420799,2833.3478611844507,2845.268310546875,635535
2021-07-16,2855.185655086709,2866.629284966816,2827.5302162097837,2850.70361328125,1062548
2021-07-19,2850.7041419487027,2860.6218632222203,2827.530740579694,2843.69482421875,837836
2021-07-20,2857.093118117907,3032.085303423193,2841.4058543373535,3012.58349609375,6755922
2021-07-22,2984.8805319943467,3018.2577903393317,2946.735093885793,2962.70849609375,1982572
2021-07-23,2961.992810726591,2984.498708856101,2935.3387365375206,2940.7744140625,815329
2021-07-26,2937.1504460954643,2974.3899695143227,2909.7334176813774,2919.269775390625,1136884
2021-07-27,2936.6262695134196,2938.628998012954,2881.2201639410296,2888.229248046875,904289
2021-07-28,2889.850568687054,2892.377610628833,2845.6494527254986,2864.817626953125,996594
2021-07-29,2864.8176483909324,2899.0053550934886,2851.657426645221,2858.475830078125,762683
2021-07-30,2868.53663850674,2869.1564086811077,2815.037574161408,2821.283935546875,1067423
2021-08-02,2847.1751847679384,2848.319501182644,2823.381784906842,2836.16064453125,832285
2021-08-03,2879.9803106675336,2922.893924568209,2855.3764588002286,2886.65576171875,2433031
2021-08-04,2899.624760486288,2911.7358871363595,2872.3506867334413,2878.644775390625,659295
2021-08-05,2893.33134958857,2899.0531650458975,2841.8827388323543,2849.845458984375,693694
2021-08-06,2856.1394366474224,2861.861251879437,2824.1449065774877,2828.9130859375,744159
2021-08-09,2855.805474086145,2875.2120565515684,2835.207079642406,2853.802978515625,825462
2021-08-10,2859.0003444202202,2868.822840466636,2823.2867275760204,2839.116943359375,724335
2021-08-11,2848.8919461265014,2862.290577798721,2815.6578729358116,2834.7783203125,987941
2021-08-12,2836.113247281182,2846.8416514613814,2820.85507244712,2837.543701171875,438552
2021-08-13,2842.692941646449,2862.814750710991,2835.254768457895,2850.13134765625,572250
2021-08-16,2841.8351514199417,2845.7926475123672,2822.762432282895,2833.6337890625,461742
2021-08-17,2836.112842146446,2902.8673475096775,2835.254663063128,2875.498046875,2036757
2021-08-18,2906.682328930145,2906.682328930145,2853.8032629159297,2862.385986328125,1375320
2021-08-20,2862.338409757061,2979.2065463148974,2862.338409757061,2968.62109375,3931334
2021-08-23,3012.5836307060813,3017.161129733538,2909.543221923272,2934.766845703125,1578949
2021-08-24,2949.404735279434,2949.404735279434,2893.855452067568,2904.726806640625,763704
2021-08-25,2885.7024874851863,2927.6624707797496,2872.923858428538,2897.19384765625,797870
2021-08-26,2921.9406114146,2941.490148795148,2885.8931251925524,2898.719482421875,1319516
2021-08-27,2899.4821426506787,2916.1707704232986,2880.457153554144,2896.00146484375,634375
2021-08-30,2914.979165565378,2969.860964888514,2906.730307149772,2964.615966796875,1051747
2021-08-31,2964.6153492636545,3061.1709758379834,2959.1796716652007,3052.922119140625,2283290
2021-09-01,3080.2915688655944,3178.468334493391,3065.9393025491304,3149.620849609375,2423168
2021-09-02,3159.3477969699798,3165.1173403432313,3115.1944111897337,3148.524169921875,847517
2021-09-03,3148.5245450899242,3189.864523822324,3134.124549118968,3183.999755859375,832039
2021-09-06,3187.051014274666,3192.4866920615123,3152.6246669225516,3161.827392578125,664394
2021-09-07,3178.945372286554,3237.2126207313095,3169.7428786916294,3181.56787109375,1285818
2021-09-08,3189.9123044500675,3205.6950262426194,3144.1377781081833,3181.90185546875,702598
2021-09-09,3151.7665268318665,3203.2628634276066,3151.7665268318665,3191.199462890625,591745
2021-09-13,3191.4381329788894,3217.5676646313213,3175.941548939097,3210.93994140625,610920
2021-09-14,3227.96218188456,3231.4908210995827,3201.2128801761683,3206.600830078125,569412
2021-09-15,3205.9810490057157,3227.056263396236,3191.771733935535,3196.873779296875,587855
2021-09-16,3194.680359219305,3214.706713709934,3180.3758202974277,3187.146728515625,516746
2021-09-17,3196.587411330363,3225.1964872074245,3132.741536895638,3149.906982421875,1545695
2021-09-20,3146.9505968258186,3161.3028630246154,3113.621070218814,3119.867431640625,689288
2021-09-21,3119.8674316611223,3180.375580167831,3119.3428853760042,3155.771728515625,922057
2021-09-22,3174.1767613817,3175.559486727923,3135.7929204186194,3163.686767578125,825945
2021-09-23,3185.144111091064,3185.144111091064,3161.3032120559515,3166.691162109375,694716
2021-09-24,3175.6076691558355,3342.4939580754362,3166.8819934636913,3288.708984375,2775975
2021-09-27,3301.1062832337643,3309.1167320502745,3259.1937971572593,3271.591064453125,902449
2021-09-28,3266.107469531451,3270.6849683719065,3194.680234433371,3223.003173828125,961271
2021-09-29,3208.98471466136,3224.9103871862153,3156.5347416134036,3168.979736328125,973387
2021-09-30,3175.5118087357946,3192.486572815039,3070.707325746425,3094.21435546875,2077896
2021-10-01,3097.409179167876,3102.129629967198,3023.0255843479576,3030.51171875,1512332
2021-10-04,3054.305205224391,3080.7208739389193,3030.654987580215,3053.160888671875,921241
2021-10-05,3059.7885036727635,3108.85302400578,3043.6719173218157,3103.846435546875,909337
2021-10-06,3110.760032243511,3127.9254769340027,3052.2543817949218,3063.316650390625,786378
2021-10-07,3070.7077492473286,3164.1640720505084,3070.7077492473286,3138.27294921875,1177283
2021-10-08,3153.674070004257,3174.65406079352,3112.7631810937037,3153.57861328125,882436
2021-10-11,3172.174663245944,3189.292615519364,3144.853085267518,3152.768310546875,460197
2021-10-12,3127.925658711352,3180.3756316470603,3127.925658711352,3169.17041015625,564524
2021-10-13,3188.004590152277,3203.1673067705387,3138.79688803429,3169.40869140625,770144
2021-10-14,3187.0512965519374,3197.493563481771,3137.4622279042114,3144.900634765625,648597
2021-10-18,3101.700687999805,3131.692489748418,3082.151152533549,3091.210693359375,1576121
2021-10-19,3109.711347467964,3117.5313484426665,3028.8432059128518,3036.138427734375,1042069
2021-10-20,3042.0986110574067,3070.659960543676,2991.222041157766,3022.64453125,1205540
2021-10-21,3045.913032262346,3047.2957577384127,2785.0458880226506,2862.81494140625,5103543
2021-10-22,2837.066966357807,2863.721044737989,2777.1308534526274,2844.123779296875,2855592
2021-10-25,2813.2259450937318,2813.2259450937318,2724.776214108158,2782.75732421875,2161537
2021-10-26,2782.7574927792093,2883.795177380106,2763.637044989268,2832.108154296875,1988263
2021-10-27,2888.7542454874683,2999.1853454716374,2888.7542454874683,2951.169677734375,4609951
2021-10-28,2962.6265695943353,3005.2090492343314,2923.4813264898016,2975.324951171875,1791065
2021-10-29,2983.6313918480137,3002.440157522983,2943.8178611744347,2959.85791015625,1118903
2021-11-01,2986.4954052559915,3000.1007631603707,2951.7897148368747,2980.575927734375,750393
2021-11-02,2978.8576325892777,2997.7619680307203,2940.6671501201845,2962.9609375,881916
2021-11-03,2961.767315345969,3038.9118990396364,2954.988411857351,3027.216064453125,879227
2021-11-04,3035.1883362255926,3045.69071801184,3002.7264288862816,3016.331787109375,263595
2021-11-08,3021.8215411388624,3037.097732184114,2955.1313263684647,2996.04296875,787824
2021-11-09,2997.9526978155072,3012.274127900613,2978.8574577020327,3002.86962890625,668840
2021-11-10,2990.314580331124,2994.754130387201,2941.144337391452,2967.686767578125,872975
2021-11-11,2950.214522585737,2966.1112163378943,2913.933567291803,2924.913330078125,958143
2021-11-12,2949.2596399549134,2986.495355707015,2936.656828934976,2981.6259765625,682344
2021-11-15,2984.585958003682,3036.1431050709243,2984.585958003682,3025.354248046875,696377
2021-11-16,3021.8216719910965,3063.831199184654,2978.95295225251,3009.123291015625,1400107
2021-11-17,3026.5954639915158,3093.3332328770184,3021.869438829441,3084.119873046875,1616452
2021-11-18,3102.8330588911954,3112.52379895315,3068.604751483259,3080.87353515625,1609821
2021-11-22,3094.383599065135,3158.686912111397,3069.607572128143,3113.717529296875,2146970
2021-11-23,3113.717325580531,3139.543682251725,3028.075227591234,3041.44189453125,1482618
2021-11-24,3041.919476098866,3063.7356476498285,3007.500259839246,3014.18359375,1056213
2021-11-25,3013.7065779485865,3029.7944126217108,2972.174426470442,3002.0107421875,728825
2021-11-26,2960.717023384401,3024.0655766362797,2951.1694031864504,3000.91259765625,1029110
2021-11-29,2989.3592384471126,3035.0922360810964,2932.9327220236573,3002.0576171875,876651
2021-11-30,2975.181544720609,3044.736050399219,2975.181544720609,3001.4375,2340489
2021-12-01,3013.1335503310515,3054.9999607121968,2982.772302711404,2996.1865234375,1741820
2021-12-02,3017.048116871862,3049.5100269901036,3009.648710889028,3036.71630859375,939320
2021-12-03,3040.917307717817,3043.256428258356,2965.491101341143,2969.73974609375,1216263
2021-12-06,2974.0837165365315,2974.0837165365315,2891.258110626565,2900.853515625,1107363
2021-12-07,2902.4760540218367,2930.164147958229,2879.9913656025346,2893.2626953125,2056459
2021-12-08,2894.742584773308,2981.7214893072924,2893.883392279988,2967.87744140625,1171484
2021-12-09,3009.7913266857954,3039.054918840374,2970.2642771806813,3034.901611328125,1287243
2021-12-10,3039.9623884444286,3143.076690565031,3034.9021029248247,3134.626953125,2554394
2021-12-13,3136.4885744550857,3189.8596742092195,3122.9785530080158,3131.47607421875,1265832
2021-12-14,3125.890730134098,3155.488351586192,3102.0216805759574,3148.32763671875,863179
2021-12-15,3129.852790862402,3164.033315266611,3118.7299073915174,3152.576171875,811946
2021-12-16,3174.5837985692615,3174.5837985692615,3122.644836577015,3149.378173828125,502930
2021-12-17,3126.8452762434995,3144.3174659330407,3081.6849909780613,3096.961181640625,1019403
2021-12-20,3081.017067950522,3126.8456453479885,3037.098014611283,3092.90380859375,948872
2021-12-21,3100.1122913253903,3146.8956304922963,3093.4289571586896,3123.36083984375,712026
2021-12-22,3127.513507394115,3137.013341674364,3094.3833161025927,3131.714599609375,619865
2021-12-23,3141.167475438387,3158.257624695442,3102.97698941482,3120.067138671875,1051596
2021-12-24,3131.619000603588,3150.714238412146,3113.478524685457,3136.201904296875,651404
2021-12-27,3131.7148908958475,3136.1544409027324,3080.2530798714834,3124.363037109375,640701
2021-12-28,3127.753025455878,3222.3222632376996,3124.9365237265156,3215.829833984375,1211648
2021-12-29,3219.6484007936842,3232.8241631398364,3194.8245885545716,3215.11328125,598421
2021-12-30,3211.1032625564644,3236.6431457864905,3198.7391414064,3213.4423828125,691223
2021-12-31,3236.6432281944662,3250.9646584077163,3209.336941349392,3229.912109375,570671
2022-01-03,3229.9598628207,3285.240489670109,3229.9598628207,3267.577392578125,696276
2022-01-04,3278.6528235389023,3315.3633771133345,3260.5601296205587,3302.808349609375,790886
2022-01-05,3313.024110928505,3379.857450342048,3295.886179798127,3367.254638671875,1024506
2022-01-06,3333.217389027087,3377.5184873589837,3295.9816696199127,3355.654296875,1312743
2022-01-07,3355.654163811295,3419.9574776300005,3338.3731115011974,3414.515380859375,964364
2022-01-10,3418.0477736518574,3427.5953931313315,3367.4453904106426,3392.74658203125,657511
2022-01-11,3389.977840597509,3402.771557367096,3336.9407681612865,3378.663818359375,734344
2022-01-12,3395.9930829904965,3420.3873002787614,3374.1291250226914,3383.48583984375,594543
2022-01-13,3398.952548598553,3398.952548598553,3293.9287338946656,3299.89599609375,1153984
2022-01-14,3305.3860360904932,3305.3860360904932,3194.633644355514,3212.201171875,1558978
2022-01-17,3212.201281692422,3245.2361411812312,3170.764702813436,3225.806640625,1103159
2022-01-18,3226.188391901978,3242.8011564809167,3199.407272766745,3221.080322265625,558543
2022-01-19,3217.5482412928704,3217.5482412928704,3119.9238176512695,3132.00146484375,1495218
2022-01-20,3133.5290941883395,3212.6787760590014,3076.2433703457737,3156.8251953125,3075678
2022-01-21,3150.7621020598085,3174.535580488579,3095.0994358341486,3126.7021484375,1441694
2022-01-24,3120.1622214549716,3122.07174545831,2993.178875232967,3012.417236328125,1575665
2022-01-25,2959.762063941243,3014.135710722476,2874.5495593584187,3004.7314453125,2699779
2022-01-27,2998.048438189895,3000.8171549257318,2932.3129771128392,2975.945556640625,1834684
2022-01-28,2988.4049361946854,3026.5954146125086,2962.6263632626546,2970.121337890625,892060
2022-01-31,2997.9526032992308,3048.9845842743707,2994.515366948694,3009.6484375,944530
2022-02-01,3049.509744543166,3067.0297200021682,2999.480310350813,3051.657958984375,1008915
2022-02-02,3059.820894718746,3097.390634533015,3047.7430171774317,3053.0419921875,667265
2022-02-03,3067.5070375491036,3094.9564437301988,3045.8815394304634,3058.1025390625,899753
2022-02-04,3043.7811481930207,3101.830722356214,3032.3717893163644,3090.230224609375,705765
2022-02-07,3087.700443516631,3104.122304018135,3000.9126671460635,3031.0830078125,860393
2022-02-08,3035.1884227241644,3077.675332070256,3022.9674224053756,3070.848876953125,799206
2022-02-09,3083.8811722198097,3111.5692694316904,3076.95914791684,3082.305908203125,472725
2022-02-10,3074.333564502123,3101.0668998456194,3032.324037533771,3092.2353515625,728666
2022-02-11,3083.8334332746285,3083.8334332746285,3038.530023610963,3070.801025390625,587840
2022-02-14,2997.9524558561325,3038.7207435888267,2978.8572172838003,3001.246337890625,681236
2022-02-15,2997.9528159331103,3122.0718815609143,2991.126360562062,3116.916259765625,676844
2022-02-16,3131.619449710343,3136.4888292883106,3077.198014151352,3105.69775390625,624320
2022-02-17,3124.9355849574367,3145.8925612804032,3089.991207450888,3118.109130859375,636735
2022-02-18,3089.753192723024,3123.9815063164724,3083.929283928998,3111.04443359375,423801
2022-02-21,3088.655063782974,3130.1394259802337,3059.2005629037853,3104.5517578125,547472
2022-02-22,2978.8572631223465,3090.373504720008,2978.8572631223465,3081.159912109375,1147209
2022-02-23,3090.4688958864394,3147.7546135012853,3083.8811315992048,3090.75537109375,935896
2022-02-24,2988.404851422289,3053.1377571234507,2913.456039653391,2930.212158203125,1823450
2022-02-25,2964.5356894041543,2999.3367139214047,2943.5787123897576,2978.09326171875,1239456
2022-02-28,2950.2146444236055,3046.1682275189364,2878.6074928599255,3031.03515625,1678348
2022-03-02,2966.44548912315,2970.4554428432484,2855.78866823566,2891.92626953125,3014206
2022-03-03,2891.97390639125,2912.9786689995717,2732.5286629553507,2741.980712890625,4406840
2022-03-04,2734.247480082078,2734.247480082078,2541.62424532367,2614.281494140625,6979253
2022-03-07,2530.023688048226,2604.5429075152797,2481.760656236168,2585.925048828125,3233760
2022-03-08,2568.3097729942124,2613.1358021526985,2518.6621491296405,2600.19873046875,2611102
2022-03-09,2625.595363200531,2759.2620362361945,2544.488382145627,2744.892822265625,4076068
2022-03-10,2864.2854574480953,2902.4759302140696,2760.407324905415,2781.0302734375,3971987
2022-03-11,2785.0408740700673,2806.952616295499,2751.9584625822786,2799.3623046875,1265493
2022-03-14,2816.5480421327975,2837.8870671481154,2785.3273697765326,2828.76904296875,1214217
2022-03-15,2862.37659535481,2894.8385047084003,2831.824210080843,2852.017333984375,1857685
2022-03-16,2905.3409925431974,2912.0243270643286,2874.549915642271,2904.38623046875,1287234
2022-03-17,2972.651932506164,3020.1991338512184,2937.3257332118883,2994.70703125,2867519
2022-03-21,2976.2798249460466,2976.2798249460466,2893.0246196902367,2907.966552734375,1259015
2022-03-22,2887.200132506395,2924.1493732972117,2840.4167970259678,2913.121826171875,1515772
2022-03-23,2921.5715977898185,2940.57126755658,2869.0596899864067,2880.325927734375,948403
2022-03-24,2835.1654682026888,2901.4736356823532,2817.072776777659,2888.489013671875,1243917
2022-03-25,2888.4893409829438,2925.915965165954,2855.6931726919856,2909.112060546875,1083275
2022-03-28,2909.1117537208347,2920.2348698249343,2860.132421141068,2890.493896484375,680332
2022-03-29,2930.1646081962754,2948.0186111610283,2876.411460423094,2904.958984375,1120936
2022-03-30,2938.757276979795,2954.3677280735683,2917.6569446830863,2942.146728515625,849545
2022-03-31,2974.0833480308906,2987.688705240984,2927.3955838957754,2940.618896484375,1464862
2022-04-01,2969.3098036165884,2979.8121855586405,2947.9707797958513,2973.27197265625,637392
2022-04-04,2983.5830581408995,3000.8165565084537,2953.5558439576525,2976.947509765625,873264
2022-04-05,2969.309836353182,3014.18365060032,2940.6669761954345,2998.716552734375,805874
2022-04-06,2995.0881391778053,3021.821472903332,2972.173853127353,3011.319091796875,736379
2022-04-07,3011.319407902882,3063.78353422729,3003.2039307414443,3012.274169921875,1025244
2022-04-08,3024.686162280702,3074.333788681774,3008.6461132857303,3061.205810546875,678898
2022-04-11,3039.9622593978233,3076.2432160112394,3007.500350848977,3014.61328125,672652
2022-04-12,3011.987562922743,3019.052941411897,2973.2719181271573,2987.115966796875,794265
2022-04-13,2976.183949947032,2980.671284562192,2927.395753405237,2941.287353515625,1121350
2022-04-18,2917.7525873104405,2919.6621112550156,2876.6978225020803,2884.861083984375,1032504
2022-04-19,2892.9290925407417,2920.808098562486,2835.6433679359743,2855.88427734375,749782
2022-04-20,2855.9793842212935,2949.7369583530776,2845.1905278822373,2943.531005859375,838182
2022-04-21,2950.0233048856526,3030.796020115449,2946.442947833902,3015.376708984375,1069035
2022-04-22,2980.28982356974,3029.7465457811372,2972.4130364339235,3021.2490234375,681191
2022-04-25,2992.2243693294,3012.369942527314,2955.0842175241983,2988.978271484375,1096774
2022-04-26,2988.4047723824933,3006.2587734449057,2965.299580825479,2984.25146484375,1703441
2022-04-27,2955.943164675322,3020.8669809537205,2946.347759914938,3005.925048828125,963536
2022-04-28,3045.6907964989346,3120.1622329023567,3026.595556395493,3100.780517578125,2001838
2022-04-29,3102.021608843906,3129.7097056910816,3075.5747491642887,3090.75537109375,1088970
2022-05-02,3050.464471435547,3066.218043823242,3011.3670156744124,3055.23828125,595522
2022-05-04,3034.233272566857,3050.1777494378275,2942.050965888993,2960.573486328125,1120002
2022-05-05,2964.297041994599,2985.492709791109,2931.119065600586,2937.372802734375,724601
2022-05-06,2883.381383068276,2914.3155801646994,2868.00962086708,2879.801025390625,923941
2022-05-09,2865.0974805174387,2901.330649769452,2840.4167909608705,2869.29833984375,998324
2022-05-10,2912.9785656822783,2996.7589226598657,2898.657137139101,2946.7294921875,2460016
2022-05-11,2950.5960442922656,2968.879874298072,2844.235663248786,2915.508544921875,1883969
2022-05-12,2904.3860196672968,2938.7574518527085,2852.828871389179,2902.4287109375,1254245
2022-05-13,2935.3200560761493,2975.276937061439,2897.989003558694,2925.390625,1121729
2022-05-16,2950.119261126367,2950.119261126367,2850.155717855321,2864.190673828125,733044
2022-05-17,2863.2357373119185,2918.3256925116602,2817.50272965228,2912.024169921875,1179081
2022-05-18,2892.9289975358342,2987.2595342397417,2889.109949354269,2959.85791015625,1379763
2022-05-19,2864.7633459646404,2932.7423529140356,2864.7155612459865,2909.064208984375,772390
2022-05-20,2940.6671300964686,2983.631422581644,2931.119509544207,2969.26220703125,778957
2022-05-23,3001.723918488542,3043.7812308604152,2988.452820036629,3030.60546875,813294
2022-05-24,3031.1307648695347,3039.6280537264447,2931.119441892896,2947.207275390625,691307
2022-05-25,2901.5214702752846,2901.5214702752846,2698.4436568328038,2709.662109375,3381427
2022-05-26,2721.0714904015676,2730.6191096661346,2595.5680817880707,2711.6669921875,3212196
2022-05-27,2738.257445132629,2739.212207142787,2655.1931502488987,2706.607177734375,1879534
2022-05-30,2749.71444818038,2753.533496025075,2689.564444626434,2715.343017578125,2525482
2022-05-31,2715.3432236620692,2747.8051328057086,2683.8360765520665,2730.28515625,2408221
2022-06-01,2730.2851956348686,2806.9048499394466,2703.9339029841003,2723.458740234375,1770795
2022-06-02,2740.3576865793143,2786.950116091759,2719.162018029918,2776.972900390625,1164197
2022-06-03,2773.583776711577,2787.380041821589,2726.800435899574,2756.302490234375,1228489
2022-06-06,2741.217261598849,2742.0764541572885,2680.6852111584144,2689.994140625,1193698
2022-06-07,2673.333540289964,2677.152588204664,2607.45496376139,2620.53515625,1403598
2022-06-08,2646.504597940146,2649.464453270561,2577.85730588487,2582.822021484375,1743575
2022-06-09,2573.507754972157,2590.4084966910477,2529.095540917134,2580.03759765625,1857501
2022-06-10,2559.103922563596,2627.2826762228888,2546.620488794993,2601.115478515625,1592920
2022-06-13,2563.857087913698,2576.3885813115135,2537.4978852462446,2555.022705078125,1674206
2022-06-14,2513.0109234266993,2560.4000462705394,2482.2824749935107,2530.6796875,2296040
2022-06-15,2544.6996441307256,2576.964608866053,2522.7096919251526,2555.406494140625,928842
2022-06-16,2587.863415564503,2617.1514675152994,2535.0969557410413,2551.853515625,1280628
2022-06-17,2544.795689148406,2551.4214168918406,2458.2758100275164,2477.673095703125,2043251
2022-06-20,2496.6866261824057,2567.122090739149,2485.499643344724,2554.974609375,1595360
2022-06-21,2568.658545205532,2602.3158506040095,2535.097359998002,2571.923583984375,1042074
2022-06-22,2581.1895232924076,2600.346742397705,2521.9893439614225,2560.39990234375,1871760
2022-06-23,2568.658357039422,2657.9629165882884,2568.658357039422,2648.600341796875,1612872
2022-06-24,2664.73293310269,2674.143568366949,2617.6799912208767,2651.193115234375,2215583
2022-06-27,2669.438045872529,2715.2906560988704,2655.130204729523,2708.85693359375,1295734
2022-06-28,2669.534038387699,2674.1433526800024,2596.8420972518693,2618.159912109375,1838358
2022-06-29,2598.9545919531333,2610.9578923039235,2571.587067153331,2590.600341796875,1066354
2022-06-30,2606.9725981846987,2618.591650958373,2573.50730678156,2588.103271484375,1291447
2022-07-01,2597.418273912337,2669.5342016980285,2578.3091120716567,2662.956298828125,1477191
2022-07-04,2664.8769065949273,2686.8190357412313,2635.733030913105,2679.425048828125,653147
2022-07-05,2674.335022150559,2700.5502741029736,2650.328424106119,2656.666259765625,1073043
2022-07-06,2718.0756990771683,2754.997808246107,2693.68484934082,2747.69970703125,2085735
2022-07-07,2786.1099645244653,2815.4941376357388,2762.487610036082,2776.50732421875,1469087
2022-07-08,2765.560414121769,2773.2425263832183,2727.6299848308627,2765.368408203125,1274148
2022-07-11,2759.798564697369,2823.704176818593,2738.0486802231803,2816.502197265625,1081885
2022-07-12,2803.9709626905833,2807.091820782619,2770.7457335349723,2778.23583984375,1115524
2022-07-13,2831.8187198554347,2850.975941011324,2809.7807065125103,2824.32861328125,2153712
2022-07-14,2834.7954697273544,2837.4361957474302,2796.672801085964,2822.35986328125,882479
2022-07-15,2832.7311450896095,2866.388449991646,2823.6086357847785,2859.810546875,1668006
2022-07-18,2875.750668730181,2904.798655283011,2869.6528984383494,2897.932861328125,823390
2022-07-19,2864.8999878316463,2902.8784812740887,2859.810541026199,2899.133544921875,638171
2022-07-20,2912.480651259308,2923.715692937107,2880.7919399201865,2886.985595703125,867436
2022-07-21,2862.5470625809294,2962.3664612332213,2862.5470625809294,2944.265625,1184060
2022-07-22,2944.265272201235,2969.8562116615076,2926.884401631,2945.513427734375,1268141
2022-07-25,2947.5304640908957,2993.335011807055,2930.38965724001,2981.57177734375,985844
2022-07-26,2972.9774126136,3024.639663893808,2931.686059660633,2984.980712890625,2876310
2022-07-27,2995.0154094230024,3066.1230067813476,2972.9773971171476,3059.44921875,1976407
2022-07-28,3070.9243698218784,3149.6660203301317,3055.560145332463,3142.367919921875,1332572
2022-07-29,3154.85165349115,3221.062052272436,3144.8650003954585,3201.280517578125,1836550
2022-08-01,3207.329893120167,3221.6857933591664,3182.7951004736087,3192.44580078125,1076122
2022-08-02,3198.6395740523612,3269.4590482602152,3193.4542419200475,3261.20068359375,1650536
2022-08-03,3268.739089742594,3310.9907113491377,3237.290439569542,3302.972412109375,1169005
2022-08-04,3317.7122002160545,3338.789948637784,3275.3644630163844,3322.99365234375,981434
2022-08-05,3336.917468181741,3353.1938964264195,3314.3993238095286,3335.861083984375,792478
2022-08-08,3327.314678277156,3338.7897859074233,3299.9952150360455,3321.02490234375,724644
2022-08-10,3304.268560133813,3312.7669906597243,3261.0566783535105,3276.084716796875,1089295
2022-08-11,3312.910989834237,3339.7503232842764,3255.2951465327724,3269.89111328125,1410533
2022-08-12,3263.9376446265273,3298.3151459650344,3248.57341917374,3291.641357421875,548472
2022-08-16,3332.1158512467423,3369.9982165581873,3318.0000183036996,3361.884033203125,911189
2022-08-17,3378.161098522905,3404.760367636623,3365.3417132435775,3383.6826171875,817912
2022-08-18,3384.9308021369548,3401.927429064047,3375.856353682949,3394.86962890625,599877
2022-08-19,3380.129320815099,3397.89420502961,3326.354536165768,3344.16748046875,581829
2022-08-22,3324.530039712452,3347.0481832963033,3200.751871253156,3216.644287109375,2336567
2022-08-23,3200.560086696613,3249.4854932792246,3185.0519160259096,3223.222412109375,831446
2022-08-24,3206.8980137845756,3250.4939092195896,3170.7919906183415,3244.58837890625,1182154
2022-08-25,3240.8912403432855,3269.843108314564,3218.036908560526,3228.887939453125,615392
2022-08-26,3245.068127761169,3250.0133934110277,3174.296485904873,3191.4853515625,1384783
2022-08-29,3117.9771787574546,3215.3000280204747,3108.0864127623263,3210.402587890625,1031166
2022-08-30,3198.6392098211386,3274.2599957032808,3198.6392098211386,3256.831298828125,1426459
2022-09-01,3183.2753604873647,3336.341357951905,3183.2753604873647,3309.59814453125,1417762
2022-09-02,3350.3611194897585,3350.3611194897585,3288.904223058877,3294.7138671875,740821
2022-09-05,3288.952468358952,3312.9110097882226,3270.227319173193,3288.71240234375,518438
2022-09-06,3284.102960362823,3298.0748487926094,3249.533455516899,3260.33642578125,540937
2022-09-07,3257.215831837169,3298.5071881959534,3251.4061871360022,3265.234130859375,682921
2022-09-08,3312.910985808333,3346.184041498708,3291.208924415367,3313.054931640625,1143090
2022-09-09,3345.2721184429365,3345.2721184429365,3297.018845684698,3305.085205078125,702805
2022-09-12,3305.0848036704638,3316.4157315297252,3286.9837331578924,3295.818115234375,641280
2022-09-13,3295.626210724424,3321.5533400045983,3278.965535726007,3286.215576171875,776044
2022-09-14,3245.692049355034,3311.4701278700695,3245.692049355034,3302.299560546875,816678
2022-09-15,3303.3083392497806,3321.313290226796,3254.430992773295,3260.48046875,590182
2022-09-16,3276.8047247711334,3284.1028248243006,3178.041714694107,3190.525146484375,1598265
2022-09-19,3188.7008983535497,3209.298750904808,3102.901441454483,3184.475830078125,1013563
2022-09-20,3203.0566114391,3274.500157462503,3201.5200953020485,3258.36767578125,708184
2022-09-21,3269.6992161064063,3288.808377661165,3214.9641631495588,3222.6943359375,605378
2022-09-22,3222.693982569056,3303.308096942302,3183.8991770459484,3299.467041015625,829396
2022-09-23,3298.506920715292,3301.3396526967185,3248.2850653984597,3260.33642578125,513370
2022-09-26,3236.089537661339,3330.1954055221136,3220.725314337131,3301.435546875,1429914
2022-09-27,3317.568250378072,3360.924077198145,3294.713919765233,3332.740234375,1455383
2022-09-28,3313.871342232292,3440.5300806907653,3284.103155732958,3428.766845703125,1843428
2022-09-29,3421.8528341669094,3421.8528341669094,3238.3943430955655,3250.3017578125,2624894
2022-09-30,3266.8182924508837,3276.3248127536585,3154.7074648072503,3209.634521484375,2159720
2022-10-03,3214.9640078653656,3219.2851960479807,3155.187571339195,3171.656005859375,934543
2022-10-04,3197.6795350652574,3234.5057580211565,3180.4428409157904,3205.12158203125,994382
2022-10-06,3205.1210240104074,3232.9686787767323,3180.106101030699,3196.670654296875,922770
2022-10-07,3186.1564632064074,3226.1035457915427,3156.628340468735,3210.835205078125,774544
2022-10-10,3149.6660979647463,3167.9111149956398,3130.6528228025536,3147.697509765625,734377
2022-10-11,3159.748928373845,3226.487281366394,3143.9045711885638,3167.623046875,1411316
2022-10-12,3202.480855720344,3206.8020442812863,3078.606783640007,3119.1298828125,1812549
2022-10-13,3101.7492154553584,3128.7324964563845,3066.9874668979837,3081.487548828125,779890
2022-10-14,3106.454213228766,3117.0171178177975,3053.639690283609,3058.921142578125,845765
2022-10-17,3058.9212381569732,3090.1298208724347,3044.1332650460517,3070.54052734375,1067773
2022-10-18,3090.129558417938,3120.858006481758,3084.3679744059714,3097.667724609375,1015424
2022-10-19,3113.176102844623,3116.729033001925,3069.3401419952233,3085.08837890625,943543
2022-10-20,3070.924681343968,3113.0323571325616,2978.547319118266,3016.093505859375,2284352
2022-10-21,3015.2289232911776,3038.995457001832,2950.5550499027663,2969.520263671875,1738731
2022-10-24,3024.831487317889,3033.4738629959397,2992.18251253414,2997.60791015625,178709
2022-10-25,3009.4674161802823,3010.427680193103,2957.517039310896,2962.318359375,1016316
2022-10-27,2998.9046783439494,2998.9046783439494,2912.480912397438,2922.515625,2005709
2022-10-28,2937.159759123686,2949.5473066914656,2919.2028673211516,2932.0703125,715736
2022-10-31,2963.804447889209,2993.615589318335,2943.657933137014,2988.518798828125,814364
2022-11-01,2991.211746136398,3043.044577194501,2991.211746136398,3038.236328125,939335
2022-11-02,3036.890170157111,3038.7653403743857,3002.367035091457,3011.791015625,787012
2022-11-03,2985.9226316793693,3027.994810467122,2985.9226316793693,3020.83056640625,563798
2022-11-04,3027.273369805868,3062.854410048186,3006.020816722998,3059.344482421875,609757
2022-11-07,3063.8160497118465,3075.3558465092547,2978.6619188887526,2984.528076171875,1669943
2022-11-09,3025.3502426456444,3025.3502426456444,2961.8813564362954,2968.132080078125,1391333
2022-11-10,2967.651162428984,2967.651162428984,2917.1645499767737,2928.36767578125,1375007
2022-11-11,2972.170646204404,2979.1907358881617,2931.1082514483915,2938.224365234375,810288
2022-11-14,2938.8015528981623,2959.909717358223,2924.424936497751,2936.10888671875,811702
2022-11-15,2950.822387242243,2976.306106734477,2925.3386677500093,2961.208251953125,873840
2022-11-16,2961.208022543153,2974.38257671953,2933.993288577849,2964.814208984375,770953
2022-11-17,2973.42127355306,2977.7968272339303,2942.648479001411,2953.8037109375,706271
2022-11-18,2976.30604034902,2995.3948822087336,2938.5612868486323,2976.786865234375,1258576
2022-11-21,2985.922682835123,2991.0676032689976,2948.610622966843,2976.5947265625,612194
2022-11-22,2984.9608039410477,2999.866374965882,2954.476554026456,2984.816650390625,764079
2022-11-23,2991.6923252622632,2995.3466412104226,2971.497680829442,2981.883544921875,488341
2022-11-24,2998.3756704019734,3000.587511693523,2973.42090734921,2995.827392578125,571872
2022-11-25,2995.8275969277415,3000.1550209237853,2957.3134764073975,2988.95166015625,898769
2022-11-28,2988.9517588599697,3037.851745541191,2977.940915506427,3030.350830078125,914689
2022-11-29,3035.9284790749125,3047.4682769047827,3007.2231380619965,3014.8203125,877720
2022-11-30,3019.4841681508233,3077.2312866490474,3013.1374202217985,3053.38232421875,2547283
2022-12-01,3068.6242679467373,3074.3941662882226,3040.0151886702047,3057.421142578125,761717
2022-12-02,3051.4589006841575,3052.5649387960807,3013.8104057676355,3022.89794921875,932259
2022-12-05,3009.96374663571,3047.1795453653954,2993.1348758478102,3035.83203125,926122
2022-12-06,3005.155498824238,3047.468088247683,3005.155498824238,3040.447998046875,958365
2022-12-07,3058.046225774349,3110.6484205011393,3054.584192739722,3102.762939453125,1832282
2022-12-08,3106.1288911250795,3116.610780159248,3079.827674869609,3097.90673828125,851312
2022-12-09,3110.9371286907362,3118.00534869022,3083.0492842604326,3103.19580078125,847879
2022-12-12,3103.243639205297,3106.128588358571,3021.4071543129794,3044.919677734375,1323816
2022-12-13,3062.8547278406186,3062.8547278406186,3022.1287633725,3056.60400390625,886601
2022-12-14,3057.084573334189,3072.4709694252074,3005.1554865270023,3025.302001953125,1103870
2022-12-15,3021.5037296444852,3039.967359203624,2997.173942281542,3010.541015625,799124
2022-12-16,2995.5391642032105,2997.462463827097,2933.3204683260396,2938.70556640625,1192821
2022-12-19,2944.5714623738004,2969.5743552613635,2924.376818118461,2962.794677734375,655594
2022-12-20,2957.1214015794226,2970.199698599247,2902.259230989682,2963.948974609375,739257
2022-12-21,2966.68988639883,2993.087128707985,2933.0802699736323,2951.928466796875,616324
2022-12-22,2956.1114641789413,2974.863635145594,2921.540201070336,2970.103515625,663202
2022-12-23,2960.8714362025826,2968.4686100567724,2919.568626599361,2940.628662109375,1230858
2022-12-26,2940.6287647397735,2954.091861643241,2912.644897042805,2938.849853515625,536884
2022-12-27,2942.6483287984115,3009.0021636634738,2939.090271565551,2993.231201171875,729041
2022-12-28,2990.6828324571666,3023.234773011515,2985.9227127691793,3003.905517578125,972274
2022-12-29,2982.075855505173,3005.1554493562285,2973.9499621256673,2995.68310546875,596265
2022-12-30,3010.6850586035557,3010.6850586035557,2953.515025950717,2969.478271484375,836220
2023-01-02,2969.478422939694,2969.478422939694,2905.1441430766213,2930.387451171875,1015990
2023-01-03,2930.1471459511476,2942.600464778347,2908.9908488684678,2912.1162109375,860367
2023-01-04,2918.60667921662,2933.0314239244453,2886.439545473719,2901.15283203125,836382
2023-01-05,2922.9825931666237,2929.762270972399,2880.5256151315557,2889.132568359375,1113920
2023-01-06,2894.565962644778,2907.548235234713,2838.790272999131,2864.177734375,1045526
2023-01-09,2878.5062674018286,2901.9222981410403,2837.8284356853487,2869.70703125,808263
2023-01-10,2869.7071456888607,2870.52464192682,2838.982481652939,2846.820068359375,864325
2023-01-11,2860.811681233079,2860.811681233079,2822.4419510061457,2827.634765625,890426
2023-01-12,2826.288632421477,2827.106128625052,2784.937692920244,2804.12255859375,1558620
2023-01-13,2812.8257397398665,2812.8257397398665,2761.6178865292177,2797.58349609375,1507864
2023-01-16,2812.825713042068,2817.249396108736,2784.9378683657537,2804.218994140625,644073
2023-01-17,2812.8258280019318,2831.9146715492348,2799.506883588992,2828.115966796875,716489
2023-01-18,2834.8952354045505,2846.483161446397,2817.0086915404977,2832.298828125,893808
2023-01-19,2841.578588113642,2859.561625221395,2734.547164947539,2756.232177734375,2379947
2023-01-20,2738.778474745528,2738.778474745528,2674.347941807343,2680.88720703125,3171005
2023-01-23,2692.619473013274,2692.619473013274,2661.7025254753253,2677.665771484375,1402260
2023-01-24,2687.8111576761316,2718.6802097845257,2677.66570545636,2702.81298828125,1061471
2023-01-25,2703.101505302352,2703.1977641997464,2660.9814291359926,2668.578369140625,857953
2023-01-27,2660.5002900019526,2666.510600934349,2582.8470727553918,2618.235595703125,1801498
2023-01-30,2619.5336658030574,2669.5394479696356,2592.847887819931,2660.115234375,1171912
2023-01-31,2654.153479571399,2673.3383463540486,2613.8123169370942,2621.313232421875,1961805
2023-02-01,2644.3446395132155,2671.46311663582,2601.070398962959,2638.526611328125,1176872
2023-02-02,2635.88186242583,2635.88186242583,2590.6843259303855,2601.887451171875,1308570
2023-02-03,2601.887757960862,2657.903860328701,2596.454530354754,2654.5380859375,1278409
2023-02-06,2654.538109753865,2658.9617929045335,2613.7642506743296,2648.575927734375,1120284
2023-02-07,2656.0767901277627,2668.0974128202306,2642.757846273393,2652.2783203125,732250
2023-02-08,2661.8464396483796,2677.2328352532836,2639.0553881141686,2659.53857421875,811956
2023-02-09,2675.2616605871262,2712.1891544147215,2660.067546527856,2706.65966796875,946372
2023-02-10,2721.4692710653762,2722.382791532963,2685.8882240585144,2697.04345703125,700072
2023-02-13,2706.56305712965,2720.5069776584755,2673.3861427679612,2683.723876953125,467228
2023-02-14,2697.1872464964017,2697.1872464964017,2658.961667372333,2670.50146484375,524746
2023-02-15,2670.50129187781,2690.984478018454,2648.38334815682,2679.30029296875,817717
2023-02-16,2689.734346160864,2725.6520581731907,2683.099056808293,2698.341064453125,788964
2023-02-17,2695.456684604177,2736.7116083902624,2678.675939906049,2724.931396484375,840526
2023-02-20,2735.893493497576,2742.6250416362345,2704.2553111569887,2717.189453125,646218
2023-02-21,2728.200211771684,2729.834969313845,2697.4274212264977,2709.0634765625,631934
2023-02-22,2702.187706064364,2706.034305118468,2673.386342602315,2688.724609375,580270
2023-02-23,2697.42773064746,2697.956685001184,2596.5507589810636,2602.17626953125,1790570
2023-02-24,2608.0905660524277,2656.0767980731925,2606.0710075229367,2633.47802734375,1429040
2023-02-27,2635.305000787824,2652.8551095231387,2620.543817320955,2644.440673828125,561317
2023-02-28,2644.5364171966894,2730.123232153237,2622.851171620129,2720.314453125,1815923
2023-03-01,2719.545495717463,2743.875281372328,2708.0538281490344,2731.95068359375,816598
2023-03-02,2722.4305478092297,2739.740243980394,2703.197552063492,2725.21923828125,604523
2023-03-03,2728.2487630910114,2742.625381441395,2702.8610660987893,2720.36328125,679295
2023-03-06,2733.9704908218964,2773.3981341999115,2721.709455381172,2754.694091796875,1050267
2023-03-08,2759.9346906443657,2759.9346906443657,2718.5837527706,2749.885498046875,580250
2023-03-09,2752.241371318159,2762.2905634717195,2728.0559758901086,2744.115478515625,774224
2023-03-10,2734.932437259645,2734.932437259645,2699.3513893768722,2721.66162109375,489978
2023-03-13,2715.2179290084086,2740.1726917775845,2665.8852524236268,2677.425048828125,813217
2023-03-14,2676.223141583495,2680.0697406076083,2634.9684609609885,2640.3056640625,1060450
2023-03-15,2665.885484728586,2756.4249527751335,2659.153936239376,2718.968505859375,2170346
2023-03-16,2740.7018601013674,2788.7843488750755,2720.218672928212,2782.293212890625,1755487
2023-03-17,2811.8156293992442,2811.8156293992442,2745.5580581311065,2752.866455078125,1848073
2023-03-20,2803.208881309763,2803.208881309763,2722.4784357829976,2745.654052734375,1074367
2023-03-21,2748.5394568773695,2776.283149284106,2726.2773565017114,2730.22021484375,691891
2023-03-22,2716.660569276582,2743.7309160823347,2706.899918133476,2730.941162109375,731807
2023-03-23,2709.06354885779,2714.737188354864,2661.606040761309,2690.503662109375,1016581
2023-03-24,2690.5038940395143,2707.6692023366313,2666.5107781582906,2691.177001953125,784111
2023-03-27,2691.1766808804473,2711.852149395341,2679.6368845000416,2696.225341796875,791560
2023-03-28,2683.9646247071596,2702.813054929367,2658.961729600608,2677.665771484375,558581
2023-03-29,2677.665699982574,2686.6090899489673,2649.345160737147,2664.250732421875,1087648
2023-03-31,2650.3548923954786,2668.578108559637,2642.1327399162533,2655.739990234375,1967803
2023-04-03,2641.603841720187,2674.973042452812,2604.772607835025,2670.50146484375,1035295
2023-04-05,2654.153441839505,2703.7265358699988,2646.7006559068036,2700.79345703125,668643
2023-04-06,2699.783452545627,2716.660452043966,2679.9254797895787,2702.091552734375,627554
2023-04-10,2702.2356389812458,2702.2356389812458,2649.441164714388,2669.876220703125,1215461
2023-04-11,2683.0028365455582,2683.0028365455582,2644.584975501115,2648.191162109375,1246379
2023-04-12,2649.8740161551564,2698.5814820923397,2645.498462836133,2679.87744140625,2235399
2023-04-13,2679.829287829778,2705.4092648661913,2675.309581000033,2701.995361328125,602597
2023-04-17,2716.6604524488685,2736.4705305442026,2698.389107812929,2734.06640625,754555
2023-04-18,2738.7785059784774,2748.8276989763904,2721.5650692515896,2745.12548828125,717724
2023-04-19,2727.575618880377,2743.29845290511,2693.2445317539655,2701.947509765625,799624
2023-04-20,2711.8524004563715,2741.6635438656435,2705.2650055015974,2734.787841796875,761101
2023-04-21,2737.913301163721,2776.283035136901,2737.913301163721,2771.571044921875,894930
2023-04-24,2771.5712252606477,2786.86136450884,2742.6254698340963,2780.22607421875,782967
2023-04-25,2780.177908472393,2790.467515143795,2754.309386057554,2786.861328125,636120
2023-04-26,2785.851302236011,2804.603473074043,2777.2927130466883,2798.40087890625,569221
2023-04-27,2803.689784222266,2808.017208001721,2782.8701615055516,2788.736083984375,599461
2023-04-28,2807.9690838446318,2807.9690838446318,2737.4322169734214,2791.044189453125,1080665
2023-05-02,2799.314030571296,2821.191560334341,2782.0524661313884,2788.351318359375,663800
2023-05-03,2806.0939597673378,2848.7911145929224,2785.8993150945776,2817.34521484375,1237193
2023-05-04,2834.94368506683,2871.6305319919757,2810.084943170986,2868.457275390625,1008540
2023-05-05,2857.061427547088,2908.990514416002,2837.8765618538496,2897.402587890625,1326561
2023-05-08,2899.3740258368857,2919.280128909465,2878.217731120995,2903.6533203125,941879
2023-05-09,2900.384104206165,2956.881033422681,2895.2873129978816,2918.4150390625,1025850
2023-05-10,2926.252322952098,2939.763550110158,2903.124597429268,2924.76171875,751851
2023-05-11,2935.003206480099,3035.110805954027,2915.241256892468,3019.33984375,3229605
2023-05-12,3018.6184231312222,3057.805648598759,2967.6509887808065,3011.021484375,1998170
2023-05-15,3014.002545347064,3046.506353268678,3001.356945272854,3011.886962890625,810281
2023-05-16,3011.88750377519,3044.2950586322795,3002.6076760990113,3017.753662109375,822404
2023-05-17,3015.733653859438,3027.22532156065,2957.601972697709,2973.853759765625,835371
2023-05-18,2986.547632598307,3005.1556502960543,2974.6232688890464,2989.8173828125,498067
2023-05-19,3004.194187910359,3007.9926579337507,2950.3899247463337,2966.160888671875,633262
2023-05-22,2952.2647741527016,2986.49959964682,2929.185179827078,2966.59326171875,659425
2023-05-23,2968.6132737828216,3007.992790663154,2966.6899739617766,3000.9248046875,581204
2023-05-24,2995.539157196493,3012.9930073313226,2979.1911104316964,2982.556884765625,439465
2023-05-25,2982.5568057710525,3009.0021748372155,2967.651234115579,3003.76123046875,500313
2023-05-26,3003.232721415747,3016.647690939131,2992.4141597391776,3008.425537109375,568249
2023-05-29,3026.504048496943,3034.00496350808,2996.5487526732572,3017.079833984375,535712
2023-05-30,3026.215647926551,3034.0051051821883,3007.6078652479664,3023.8115234375,506026
2023-05-31,3031.0721131103774,3095.8874520571103,3016.16654085161,3070.499755859375,2349066
2023-06-01,3111.2735277350735,3125.2653433938262,3084.0106641548714,3116.418212890625,1104861
2023-06-02,3115.168283246992,3125.3137356415245,3095.5507211434037,3113.100830078125,781973
2023-06-05,3115.697338948614,3115.697338948614,3072.4712257793576,3077.0390625,492565
2023-06-06,3084.7320343770366,3114.6873306524576,3072.470999870511,3089.540283203125,577698
2023-06-07,3093.6275023410562,3105.4077127556284,3083.289766671126,3101.12841796875,470038
2023-06-08,3096.512111533485,3122.4766540836104,3070.5475689833597,3089.059326171875,561161
2023-06-09,3107.258931172055,3135.4291531038652,3067.326714535183,3078.943359375,1239045
2023-06-12,3083.4444933354794,3100.046755531825,3050.4822187008026,3092.689453125,1029156
2023-06-13,3107.4522826438792,3167.4716102214247,3102.7571278049513,3158.614013671875,1598821
2023-06-14,3160.695415939049,3184.799859184139,3149.078771225031,3165.729248046875,741615
2023-06-15,3171.344272398189,3198.4497789998827,3168.7790243456043,3189.108154296875,806994
2023-06-16,3186.5906743156725,3215.8742978891664,3181.5568424902926,3210.888916015625,984671
2023-06-19,3212.8251183202333,3238.091178097593,3197.7233860565066,3203.96728515625,516915
2023-06-20,3209.098423903668,3220.5699562450786,3172.4092785409434,3212.68017578125,866290
2023-06-21,3212.679639512322,3226.5228541415704,3194.5770833084857,3210.162841796875,742456
2023-06-22,3218.778550126191,3220.5695440063646,3138.865669981879,3144.286865234375,871640
2023-06-23,3160.6955194638426,3198.594729548173,3149.127324325479,3192.350830078125,1260659
2023-06-26,3189.736985082562,3209.4369726832247,3166.8908229139124,3202.466796875,592801
2023-06-27,3170.376084098885,3237.6558208454107,3168.778889921259,3219.746826171875,914141
2023-06-28,3224.587204778149,3248.0625094061497,3217.326801284953,3241.2861328125,713110
2023-06-30,3245.8843296802106,3339.398419518564,3236.9298322004784,3254.645263671875,1436363
2023-07-03,3257.5008855340484,3271.9732419028664,3230.588943877137,3251.402099609375,474224
2023-07-04,3251.401764033956,3278.7977297408383,3224.5867250566084,3240.753173828125,473663
2023-07-05,3244.2868928727444,3291.3826112889574,3234.0254290187013,3266.600341796875,632406
2023-07-06,3301.063221895064,3301.063221895064,3260.211401725198,3290.8017578125,693995
2023-07-07,3276.8620156770744,3304.9355750432887,3230.54054818632,3236.88134765625,620761
2023-07-10,3238.140115245566,3264.3260190511573,3188.72091913328,3236.34912109375,548838
2023-07-11,3242.9314718001674,3291.334157199478,3238.139653213883,3284.170654296875,772158
2023-07-12,3299.1270593307404,3305.322508567636,3254.8386018881406,3297.9169921875,1025127
2023-07-13,3315.5839774271844,3315.5839774271844,3276.2326884067706,3289.97900390625,750126
2023-07-14,3289.979143096942,3329.136870299061,3278.798074935423,3320.182373046875,832843
2023-07-17,3320.1825170818715,3362.0508438881375,3315.5842615366746,3349.853271484375,817694
2023-07-18,3349.465828546286,3410.4532121296434,3345.206486769023,3401.208251953125,962485
2023-07-19,3407.549054925373,3417.229592013229,3371.2470408459126,3402.369873046875,620289
2023-07-20,3397.917255322178,3422.0701501319436,3383.299548546073,3413.357666015625,589848
2023-07-21,3422.989244676739,3424.92535197008,3393.0280315805276,3405.322265625,857975
2023-07-24,3393.9961235949445,3454.015450367017,3386.7357211628387,3430.49169921875,680246
2023-07-25,3434.5576991096727,3434.5576991096727,3242.9799624326124,3291.769775390625,2555630
2023-07-26,3291.2376995502646,3303.9675120702314,3257.5009311797035,3265.245361328125,959076
2023-07-27,3281.702010323553,3304.9352988922155,3243.947916399477,3261.760009765625,874078
2023-07-28,3267.1812428253493,3290.4145316632184,3257.0166789587815,3282.379638671875,553750
2023-07-31,3217.036288743724,3279.7662212351265,3216.9878387862577,3269.45654296875,933890
2023-08-01,3264.2772824660224,3276.861981360464,3231.363454588251,3236.1552734375,698667
2023-08-02,3234.4610548979526,3264.228706906695,3224.248040842965,3255.4677734375,857218
2023-08-03,3262.341026322125,3271.9731135381217,3211.9537830835307,3229.76611328125,711067
2023-08-04,3231.5088567286457,3265.5360912754873,3216.8429354744712,3232.9609375,519248
2023-08-07,3210.114612575245,3242.9799893784584,3210.066162620588,3236.20361328125,360358
2023-08-08,3236.203566631201,3252.6120298189503,3226.1841161525476,3241.09228515625,500258
2023-08-09,3226.087444584064,3249.7078606159043,3197.4814101316233,3224.5869140625,643222
2023-08-10,3204.257952421719,3213.9384900423283,3126.8136514568437,3134.461181640625,1253219
2023-08-11,3134.46112306324,3145.1581642023552,3078.4109058238882,3083.590087890625,919023
2023-08-14,3083.5901351605353,3107.35566586631,3051.5474612074386,3100.2890625,815534
2023-08-16,3092.83466672959,3106.3392048963406,3075.409700156993,3092.011962890625,597686
2023-08-17,3120.908419680373,3121.0053195927903,3060.9859865236986,3081.55712890625,873392
2023-08-18,3073.473840825406,3083.7353053939833,3054.2096652073515,3062.486572265625,592652
2023-08-21,3058.9529056819197,3085.67128333055,3051.4504892283317,3080.637451171875,353330
2023-08-22,3096.416964003615,3096.416964003615,3069.6985847183796,3078.12060546875,377068
2023-08-23,3084.219079842258,3093.899616816025,3064.1319656216906,3067.568603515625,370811
2023-08-24,3083.251123329916,3129.620802359354,3069.601471230169,3122.55419921875,1167742
2023-08-25,3121.876300953784,3160.6953490885794,3113.4542809824998,3155.177490234375,1363431
2023-08-28,3160.646979349499,3167.4718054160917,3127.830052430126,3155.564697265625,707315
2023-08-29,3156.823250714972,3183.928755474254,3151.0633782218733,3180.734130859375,533163
2023-08-30,3195.835782269961,3197.336312799122,3171.7311029189345,3189.446533203125,599080
2023-08-31,3194.625500567813,3196.5131579203876,3117.132758480814,3152.07958984375,1601967
2023-09-01,3137.558890388555,3159.9207886887752,3114.3256019678183,3155.41943359375,650131
2023-09-04,3155.419814664049,3161.905727863209,3113.3579242742358,3132.1865234375,696213
2023-09-05,3141.334109617647,3145.0612107248694,3117.132768249252,3120.327392578125,597022
2023-09-06,3106.48434916537,3126.8134770346355,3092.9315972525264,3122.263671875,754106
2023-09-07,3122.2637789004534,3149.8048605705776,3098.9820391553017,3142.641357421875,923108
2023-09-08,3146.707117005511,3158.8077886985216,3128.7496729448344,3134.6064453125,395918
2023-09-11,3138.4301298932432,3160.6953652379516,3138.4301298932432,3155.274169921875,359345
2023-09-12,3155.855182938485,3175.022694201268,3139.3982694078245,3152.805908203125,554905
2023-09-13,3141.3340848542016,3179.717317425407,3122.263475274487,3173.037841796875,880907
2023-09-14,3177.1525743094667,3188.9627834112866,3120.2794135109657,3136.736328125,1102554
2023-09-15,3131.653515971845,3136.493784157273,3083.250834117566,3094.528564453125,1568607
2023-09-18,3097.77206359093,3126.716776773607,3088.091525892208,3103.870849609375,673602
2023-09-20,3103.87069449248,3124.8774129806384,3092.931640171357,3111.66357421875,901084
2023-09-21,3107.452666240375,3157.0169730255525,3078.9435293900037,3140.56005859375,845739
2023-09-22,3131.6054701225894,3178.701427448774,3118.246280938701,3170.23095703125,896521
2023-09-25,3167.762424090462,3228.2657851977533,3166.6490204413353,3217.084716796875,1422084
2023-09-26,3216.8428441136775,3218.6820518353165,3156.1943668224008,3187.607666015625,834560
2023-09-27,3182.9606355967203,3203.2897637437795,3167.1813126714687,3196.31982421875,516326
2023-09-28,3176.9588803402457,3183.9288201516833,3054.209616168611,3069.0693359375,2104381
2023-09-29,3092.9315375958636,3092.9315375958636,3033.8802625431726,3060.066162109375,1550585
2023-10-03,3064.9551120218666,3124.6839819005313,3060.9859970590724,3065.68115234375,1219145
2023-10-04,3063.841482278708,3087.12322081715,3050.6760938849175,3068.63330078125,892584
2023-10-05,3107.452467105263,3128.846549032111,3072.8929962814063,3103.822265625,1002610
2023-10-06,3112.0509813486724,3114.2291024181286,3088.0916495846536,3093.657958984375,814257
2023-10-09,3039.7369058270547,3061.953689788862,3032.6216169750587,3052.07958984375,700012
2023-10-10,3049.369452511453,3063.793359512226,3039.7373645249463,3050.821533203125,847367
2023-10-11,3067.7626085568904,3083.251469944366,3051.354143292787,3062.825439453125,1025317
2023-10-12,3084.2192624018194,3086.639396788513,3049.417777189421,3058.1787109375,992531
2023-10-13,3049.36913669603,3070.6663179681927,3028.313968847415,3048.20751953125,854688
2023-10-16,3024.1997863490087,3028.0720011842827,2997.1911824094673,3012.631591796875,853011
2023-10-17,3036.784552949122,3036.784552949122,2993.0285715934306,3014.083740234375,792640
2023-10-18,3010.6469598540857,3015.68079174701,2991.285886157275,2997.52978515625,481985
2023-10-19,2989.059575833664,3011.518376010426,2977.8302939159094,3002.709228515625,568124
2023-10-20,2993.706027412357,3015.584135277716,2966.648974125656,3006.629638671875,711434
2023-10-23,2997.1428236581655,3009.5821723902673,2966.1166540781655,2973.861083984375,374476
2023-10-25,2994.5772075006626,3008.7108859932378,2954.4998790384043,2963.018798828125,669290
2023-10-26,2953.628817771685,2957.4041327663795,2846.077954282539,2865.7294921875,1834111
2023-10-27,2839.108037341854,2879.620944290715,2837.3654933530197,2860.743896484375,1708185
2023-10-30,2878.9919766264834,2896.368494919915,2845.206993831358,2872.3125,878885
2023-10-31,2874.1517895890324,2916.5041441846943,2871.247628131044,2899.998779296875,1152306
2023-11-01,2902.1767607496417,2912.776902293011,2836.3975541594837,2840.80224609375,1029990
2023-11-02,2866.4554851096987,2867.3750888659015,2840.2695849873585,2860.98583984375,900125
2023-11-03,2867.531970914157,2892.648236728921,2852.985816174991,2887.751220703125,715997
2023-11-06,2907.291507189749,2942.250813657989,2893.5697290337957,2937.64453125,620959
2023-11-07,2937.6442685016677,2947.0021993288515,2911.3641228335237,2941.57177734375,757998
2023-11-08,2965.47592786452,3005.1868809212315,2954.0329060373683,3001.598876953125,783400
2023-11-09,3006.2051207708255,3017.2601029650414,2981.040322029973,2987.004150390625,849702
2023-11-10,2977.113120488553,2991.659275800386,2948.1178789351634,2983.367919921875,364232
2023-11-13,3004.2654476937273,3004.2654476937273,2972.2639112915667,2992.24072265625,405941
2023-11-15,2992.3378584785823,3024.4850017228996,2985.5496530986666,3021.9150390625,700017
2023-11-16,3024.6304723496687,3045.8677637797387,3003.8780527490876,3035.588623046875,675454
2023-11-17,3054.692205142539,3130.5746384925087,3050.4737259672515,3073.020263671875,1430175
2023-11-20,3073.02046361227,3075.9296944731177,3037.237018725364,3045.33447265625,406431
2023-11-21,3061.3835608228896,3061.3835608228896,3032.388321082343,3038.44921875,409069
2023-11-22,3044.994992506683,3061.4806341858593,3026.763764946007,3038.206787109375,489889
2023-11-23,3052.75306370906,3075.4449708152783,3020.8968895466523,3028.4609375,792460
2023-11-24,3023.6609646674715,3044.801425433811,3016.872758524857,3041.26171875,756329
2023-11-28,3046.1101855815314,3064.3899481700873,3041.2614673091102,3053.092529296875,647883
2023-11-29,3053.092529296875,3074.0873847149296,3046.9345623893714,3053.092529296875,620725
2023-11-30,3053.092324207333,3058.522746255366,3014.3025806336414,3025.5029296875,1793116
2023-12-01,3051.734606209418,3094.064056839185,3045.23737137303,3077.38427734375,960196
2023-12-04,3093.4823942173853,3107.4951432918356,3070.693417332085,3097.894775390625,1018189
2023-12-05,3100.270253928952,3149.3876720086314,3083.7846129165055,3128.63525390625,1005550
2023-12-06,3166.2126640417728,3189.486509045449,3135.132336175688,3154.139404296875,1229158
2023-12-07,3184.638050755092,3200.105414156322,3148.6121699433556,3153.412353515625,1071725
2023-12-08,3156.5155293681837,3170.8677825053214,3130.1385498683126,3134.21142578125,895852
2023-12-11,3132.271921456948,3146.8180758909584,3089.118329969383,3135.18115234375,910426
2023-12-12,3130.3323307523838,3158.503429592723,3112.8769460084113,3127.1806640625,1019030
2023-12-13,3141.9693195614327,3156.4669392870414,3093.7731091399105,3145.5087890625,1052079
2023-12-14,3156.5152249413813,3160.006396389378,3120.6347139359036,3143.2783203125,923107
2023-12-15,3151.667017343938,3225.7070433606123,3143.9090677627837,3213.633544921875,1631687
2023-12-18,3212.760468379538,3234.8706692706105,3196.274827581937,3231.234130859375,911936
2023-12-19,3235.0157239189634,3252.422572083515,3200.298859885866,3235.11279296875,780448
2023-12-20,3235.113059213811,3258.2898356573664,3183.3286109210712,3197.389892578125,979762
2023-12-21,3180.7590796668132,3219.548824540799,3172.8557638502643,3203.0146484375,1585879
2023-12-22,3209.754254538738,3249.4169099249393,3187.5472207476787,3240.204345703125,930563
2023-12-26,3248.5923569813467,3289.273051540685,3243.986075120251,3280.98193359375,600190
2023-12-27,3278.751455158225,3306.7769488643426,3252.5198449553363,3301.443359375,837182
2023-12-28,3301.976938637179,3316.474558021403,3270.9936781496267,3294.46142578125,779250
2023-12-29,3306.8257125492332,3319.3838449572722,3281.5153096079625,3299.45556640625,615676
2024-01-01,3300.0375718903215,3308.5713631824997,3286.606527917364,3293.346435546875,283951
2024-01-02,3293.2496921381303,3296.0618542408347,3243.792762132522,3288.740478515625,552394
2024-01-03,3288.740293913211,3296.1587382961075,3263.1874534764347,3271.52734375,379131
2024-01-04,3269.9754002286145,3298.3404003640494,3262.0235501055104,3277.684814453125,777127
2024-01-05,3277.685088479398,3278.1214257825845,3246.701825399603,3254.0234375,416956
2024-01-08,3253.489879088804,3274.339367136616,3195.1598944379634,3198.602294921875,545884
2024-01-09,3209.851062637481,3214.699780254758,3163.545809392484,3168.636962890625,670704
2024-01-10,3192.395940321496,3193.3656839242667,3159.6185591970807,3187.40185546875,691087
2024-01-11,3187.4019256597185,3209.0755536066436,3171.740424077797,3188.7109375,537469
2024-01-12,3195.2567410515367,3195.2567410515367,3145.8483502259705,3178.625732421875,673004
2024-01-15,3182.8924251624435,3187.7411432060017,3160.0066180491363,3174.843505859375,728116
2024-01-16,3175.8616370618724,3219.5486319638285,3174.843358969076,3197.1474609375,748215
2024-01-17,3194.432720669861,3204.372593295517,3096.4400753851837,3144.199951171875,2239241
2024-01-18,3159.3760189708214,3159.3760189708214,2956.360344486807,3068.123291015625,1979174
2024-01-19,3081.6513773940833,3104.6827887757086,3053.3349105409116,3070.06298828125,936201
2024-01-23,2994.132052495245,3014.933006427164,2930.1289716254496,2962.27587890625,2365225
2024-01-24,2962.566816246501,2962.566816246501,2886.0541378541334,2908.697509765625,2665932
2024-01-25,2918.977015287565,2924.7469428406125,2853.2768808785954,2859.968017578125,2001961
2024-01-29,2851.094844096857,2898.0303417024365,2851.094844096857,2886.005615234375,1862723
2024-01-30,2899.5334278678156,2914.0795821882225,2861.7619611665878,2864.7197265625,1273188
2024-01-31,2876.2595168081757,2881.980909345077,2858.8526665437294,2868.356201171875,1771244
2024-02-01,2871.4107960600127,2882.902352407369,2831.602773978328,2840.718505859375,3006472
2024-02-02,2860.7436922579327,2872.720120721962,2835.5788925530705,2847.458251953125,1881911
2024-02-05,2860.743823196786,2875.2899782299896,2823.8935637793356,2829.081787109375,923435
2024-02-06,2842.3183099182843,2857.834206526504,2814.825985914077,2842.269775390625,1471312
2024-02-07,2867.532199718446,2912.091876607469,2847.216115995794,2890.951416015625,1134012
2024-02-08,2908.9883561526253,2908.9883561526253,2831.457402895202,2840.9609375,1633654
2024-02-09,2841.348409977934,2869.4709710323227,2822.4869465525567,2862.34326171875,1144765
2024-02-12,2862.34362013218,2875.2412574435702,2831.699864232898,2864.4287109375,614469
2024-02-13,2875.24149212852,2891.0483615482963,2856.5739261881245,2881.6904296875,717118
2024-02-14,2880.0416368349856,2890.611984912315,2847.215955589355,2886.344970703125,750339
2024-02-15,2889.8358542704154,2932.98944336942,2877.6655250501603,2925.280029296875,1068730
2024-02-16,2943.1719934599305,2943.1719934599305,2909.2309655287613,2916.891845703125,1179473
2024-02-19,2916.891480822631,2927.364758339173,2897.108807433223,2907.38818359375,560700
2024-02-20,2907.3884834763026,2925.8136125202705,2882.175148995083,2920.5283203125,729371
2024-02-21,2920.916190028986,2935.171373267814,2893.229963539943,2910.976318359375,927130
2024-02-22,2892.745162861561,2935.6077826909805,2843.3853082537803,2926.104248046875,2615821
2024-02-23,2908.261158807635,2914.0796206125187,2876.453520256842,2895.60595703125,1650523
2024-02-26,2831.6514654523285,2841.3489019778503,2761.6360210888265,2781.6611328125,3524491
2024-02-27,2768.618136594609,2783.1642914278555,2763.866487383944,2773.030517578125,1296180
2024-02-28,2763.914728115999,2772.8848567446894,2701.220896780246,2709.80322265625,2472196
2024-02-29,2700.736085004787,2752.132498830731,2692.7356998337673,2736.51953125,2284424
2024-03-01,2747.186643679733,2759.8418454432453,2729.8768618801028,2746.071533203125,978174
2024-03-04,2773.466790839918,2774.387999940657,2742.434994578772,2746.071533203125,971299
2024-03-05,2748.2533046500116,2749.0776813942125,2720.1307408409607,2735.064697265625,736381
2024-03-06,2742.3863421485585,2753.10205618507,2693.705261207495,2741.756103515625,1723066
2024-03-07,2739.5256418881363,2806.4379496015104,2739.5256418881363,2783.697509765625,1564364
2024-03-11,2807.9412879060524,2808.911031561163,2766.775717097375,2789.80712890625,866546
2024-03-12,2792.8615372078593,2812.159339933572,2778.751720632663,2789.1279296875,663186
2024-03-13,2791.5040193551395,2799.8922067866856,2749.223103728549,2773.612060546875,955841
2024-03-14,2773.4669766725733,2810.3657717374626,2755.0418464079653,2804.7412109375,1381741
2024-03-15,2807.4077447632003,2809.298697447771,2763.7692824093683,2780.788330078125,1356226
2024-03-18,2779.2852449348434,2779.2852449348434,2732.0102429492977,2760.375244140625,940424
2024-03-19,2754.0715675178762,2754.0715675178762,2716.25157063999,2729.925048828125,1199135
2024-03-20,2729.92516938527,2751.210993012205,2712.90612268788,2739.428466796875,818910
2024-03-21,2758.9204711551192,2759.308273883638,2721.1004717262795,2735.7919921875,1167680
2024-03-22,2735.7919907431437,2768.7632722790845,2723.0399574388525,2755.5263671875,1652689
2024-03-26,2734.676992569742,2758.0962061556497,2724.979556425878,2729.48876953125,1372390
2024-03-27,2732.689044958457,2756.8358036641666,2732.4466090482824,2744.859375,1156231
2024-03-28,2749.271479535796,2781.224481933894,2733.707048316474,2760.617431640625,1864623
2024-04-01,2774.387818834666,2799.116279866047,2766.0481661861677,2784.1337890625,558086
2024-04-02,2787.091693705646,2804.8863470503106,2769.5877740434394,2787.237060546875,562473
2024-04-03,2758.9208258961353,2797.274236573507,2758.9208258961353,2782.5341796875,816676
2024-04-04,2783.1642642313786,2854.197986306274,2764.981570867498,2830.0029296875,1831347
2024-04-05,2835.530427680668,2839.1669663618586,2792.8617071546932,2796.207275390625,1155672
2024-04-08,2820.014432999438,2820.935642083115,2786.849248710386,2804.49853515625,570695
2024-04-09,2805.4682842334787,2828.208724703413,2758.9205906132897,2770.702880859375,1017670
2024-04-10,2796.0619754376025,2811.383972798347,2771.527413197441,2809.10498046875,740495
2024-04-12,2802.5592010011605,2805.46843200566,2758.9207359336683,2768.13330078125,1766311
2024-04-15,2744.5680682464504,2767.163139656785,2727.2582884333397,2758.33837890625,884519
2024-04-16,2742.0955194544877,2755.4780290885446,2734.6770752815814,2744.37451171875,911249
2024-04-18,2768.6179424797824,2772.6908181967674,2715.379114224338,2722.7490234375,1732434
2024-04-19,2705.5846948592125,2736.713559705892,2682.456214862923,2723.573486328125,1337807
2024-04-22,2760.4724934830674,2760.4724934830674,2728.9072888989917,2755.8662109375,676040
2024-04-23,2765.7087378212045,2790.8735368051066,2757.9507890475124,2787.915771484375,929062
2024-04-24,2795.7222329384263,2795.8678365290793,2773.4666649185992,2780.982177734375,718441
2024-04-25,2778.315439897226,2783.0670888799937,2743.45320450303,2774.872802734375,1594152
2024-04-26,2783.1641584056088,2791.1160086502914,2751.2111538332124,2758.09619140625,625507
2024-04-29,2758.096318941406,2786.9947271826154,2753.1022338246194,2781.418701171875,566219
2024-04-30,2768.6179517009195,2823.8933363758592,2768.6179517009195,2788.885498046875,1290649
2024-05-02,2788.1096708417367,2897.593618833078,2788.1096708417367,2885.374755859375,2493406
2024-05-03,2892.793580384555,2906.321455725611,2821.2264581480595,2841.106201171875,1594445
2024-05-06,2860.7433660341817,2869.4710576593707,2823.1172703437205,2843.433349609375,768806
2024-05-07,2857.8345656861484,2878.15064801001,2816.1355883110195,2824.86328125,629534
2024-05-08,2812.2563863770683,2817.105104284615,2735.646643437831,2757.27197265625,1652877
2024-05-09,2742.4349736995487,2767.5997734377193,2621.992862728712,2628.102294921875,3547959
2024-05-10,2617.337882872406,2708.1059752904353,2589.312388535389,2687.40185546875,2478584
2024-05-13,2687.401732921476,2807.4074936608654,2670.7707262356744,2792.134033203125,2748823
2024-05-14,2791.8917194148084,2800.619411486616,2756.0112075640454,2779.430419921875,999330
2024-05-15,2779.4306334166413,2787.2856515861504,2721.2460151352916,2728.567626953125,1230520
2024-05-16,2735.695187516133,2751.744491196891,2702.2390338372884,2728.906982421875,1534319
2024-05-17,2729.440552885526,2752.3263608130333,2701.802859053989,2724.882568359375,1325150
2024-05-21,2729.82803915393,2780.2061682273447,2716.251629722969,2765.5146484375,921822
2024-05-22,2765.5149945014996,2807.407872922848,2750.7749383398536,2798.437744140625,933846
2024-05-23,2797.710373338625,2832.8635799360336,2790.243394736283,2815.89306640625,1181894
2024-05-24,2822.1476250861106,2822.1476250861106,2780.2547511774123,2787.770263671875,755822
2024-05-27,2800.522634507227,2810.6081106721194,2769.1515690073547,2785.394775390625,817091
2024-05-28,2788.8371385176015,2832.6209659706774,2777.345582519692,2823.117431640625,1084544
2024-05-29,2808.3777579519647,2833.30012371562,2793.928671509339,2812.402099609375,1758297
2024-05-30,2788.2556639914797,2822.778635534368,2788.013228058605,2796.449951171875,1344426
2024-05-31,2796.4495054266863,2818.0748345428656,2769.199852967387,2794.025146484375,2520363
2024-06-03,2860.744061461996,2860.744061461996,2773.515658531915,2779.721923828125,952701
2024-06-04,2792.8616086173574,2809.347250057113,2691.765836847094,2771.187744140625,2683847
2024-06-05,2777.8306159886206,2935.7049256130604,2777.8306159886206,2872.13818359375,2410576
2024-06-06,2870.441427388883,2872.138478908454,2795.043852733651,2816.91162109375,1689408
2024-06-07,2816.9113735429746,2854.0526023152343,2801.4440098317837,2839.118408203125,1600180
2024-06-10,2839.4093112609035,2862.586089011269,2826.8026442368628,2848.67041015625,876867
2024-06-11,2854.1535631056568,2859.3919851600476,2834.571034370798,2841.865478515625,855430
2024-06-12,2848.2786644471253,2857.090801944555,2805.833439883359,2845.1455078125,1701770
2024-06-13,2867.861214024914,2867.861214024914,2844.3621805197595,2849.2578125,726380
2024-06-14,2849.2577610493768,2870.162204845333,2844.460137413186,2860.61572265625,982815
2024-06-18,2860.6159540425224,2866.8822677531266,2844.3623592291096,2857.58056640625,741098
2024-06-19,2857.0909166126817,2859.049169468482,2822.478701768596,2831.33984375,1018294
2024-06-20,2824.7797107124097,2863.4552041519732,2812.442622250583,2854.64306640625,1129752
2024-06-21,2863.9448853729464,2866.8822647425595,2819.982203092219,2830.5078125,1722379
2024-06-24,2822.8212304424273,2839.4173740507977,2811.4632693119147,2835.598876953125,892125
2024-06-25,2815.9676524449383,2834.5220507465415,2796.3851235684087,2798.783935546875,1217792
2024-06-26,2800.497395397181,2813.862614727606,2784.6845990117185,2803.581787109375,960622
2024-06-27,2801.0355304322165,2842.4036161302893,2785.6142913850063,2820.716064453125,1628022
2024-06-28,2805.1970688227893,2870.798536051804,2802.4554671595374,2856.16064453125,1206712
2024-07-01,2828.9899134548477,2877.65244700565,2827.717001344783,2866.686279296875,1104110
2024-07-02,2866.6862567847948,2874.7150452739984,2851.2160122063633,2864.5322265625,1064295
2024-07-03,2868.5469220242344,2887.39510756176,2855.1329364895573,2864.483642578125,925189
2024-07-04,2878.6313350829982,2906.487430635699,2861.9861879073483,2873.6376953125,968666
2024-07-05,2875.840851291771,2885.38733316446,2852.2930539080858,2874.616943359375,817429
2024-07-08,2874.6170502293767,2874.6170502293767,2830.360585557512,2837.655029296875,828260
2024-07-09,2848.229561839231,2852.390848846916,2829.675165225635,2844.362060546875,685431
2024-07-10,2839.5156288199328,2951.5766000440462,2833.934656021691,2933.9033203125,2299950
2024-07-11,2936.4000827414584,2966.7530012359516,2910.942796262206,2958.968994140625,1968980
2024-07-12,2961.8573882996466,2988.2938013522385,2908.886553935714,2936.546875,1879930
2024-07-15,2936.400227699428,2936.400227699428,2871.337322813896,2894.787353515625,2425341
2024-07-16,2897.2353362339595,2952.9965430375937,2880.100622349507,2912.36279296875,2085611
2024-07-18,2814.9882670425613,2896.157746150954,2782.677097368681,2870.35791015625,5384611
2024-07-19,2863.9445187010115,2917.7964669159023,2856.356289634368,2884.55517578125,2164746
2024-07-22,2875.6941304827324,2911.2854694246976,2856.258376543479,2873.050537109375,1616347
2024-07-23,2873.050898917601,2885.7795432499506,2825.759041781577,2836.62744140625,1906312
2024-07-24,2840.4457720414903,2865.9030592090458,2825.954653075666,2851.99951171875,1476148
2024-07-25,2831.682713411636,2847.985073277743,2825.0246057053882,2840.83740234375,1239922
2024-07-26,2841.620518197821,2902.5711350519036,2840.151828635072,2888.569580078125,1359780
2024-07-29,2891.4091952989465,2903.2077159502537,2874.7150427628258,2893.024658203125,854408
2024-07-30,2911.4322458491706,2969.4944870930362,2908.005303572234,2942.32373046875,2144591
2024-07-31,2942.3241028023504,3033.3338621219864,2942.3241028023504,3020.066650390625,3549501
2024-08-01,3023.5423372686028,3063.63751572626,2998.8683996827003,3034.655517578125,1675122
2024-08-02,3005.917917133954,3063.7353763457113,2996.1266535602276,3041.851806640625,1348780
2024-08-05,3005.868880678585,3079.3523608179776,2991.524775315157,3028.829345703125,2019141
2024-08-06,3036.956611100563,3069.561571293549,3021.6333770243677,3037.005615234375,885743
2024-08-07,3037.005455664756,3053.4058236448914,2996.175930651477,3036.711669921875,1907105
2024-08-08,3015.709431867347,3025.206910515943,2927.9796073224807,2942.66650390625,1280109
2024-08-09,2975.5653820873727,2989.0283712297555,2904.0891488223583,2977.132080078125,1665414
2024-08-12,2956.961800531541,3019.625891668633,2941.0019920111554,2989.46875,1736881
2024-08-13,2991.1332140756795,2995.931076975215,2950.1079125688234,2960.437744140625,502260
2024-08-14,2971.452830690008,2971.452830690008,2931.553430102686,2962.689697265625,454671
2024-08-16,2990.252155227997,2990.252155227997,2940.3167066632855,2984.524169921875,514229
2024-08-19,2990.203098698877,3023.395627942857,2974.928869891109,3012.086669921875,542858
2024-08-20,3031.375386436018,3041.50944046779,3013.751110933483,3038.425048828125,668282
2024-08-21,3036.270981564519,3104.41827496269,3019.6748368105364,3085.765869140625,1186536
2024-08-22,3100.893498424877,3131.88275526211,3090.1721114981524,3120.08447265625,1540888
2024-08-23,3123.4132395089528,3131.8338222301445,3083.0242752049576,3088.801025390625,779284
2024-08-26,3089.1437757171943,3111.125115472425,3075.925569386867,3105.152587890625,472874
2024-08-27,3088.164569382335,3136.7780980098746,3084.248063904361,3100.10986328125,1003501
2024-08-28,3087.136492989098,3099.4245769505,3053.6994225027042,3060.259521484375,538366
2024-08-29,3060.2595091315025,3078.3243430834277,3028.144115970009,3050.81103515625,849866
2024-08-30,3064.714631498317,3100.648522515117,3045.768440069131,3061.532470703125,1567031
2024-09-02,3082.289847640968,3117.5383973598614,3074.065281657704,3085.17822265625,702358
2024-09-03,3098.885858768937,3108.2855672410215,3081.800151962512,3088.996826171875,577471
2024-09-04,3089.6334652580927,3184.119166223837,3089.6334652580927,3164.19384765625,2379110
2024-09-05,3172.369721300085,3189.0148710723383,3149.8498127846833,3170.65625,1482119
2024-09-06,3170.4114444881543,3217.311505816286,3158.025590515862,3205.3662109375,2131256
2024-09-09,3205.3659101957087,3244.8247502297972,3189.993674184876,3212.268798828125,1272289
2024-09-10,3221.326115426008,3240.908645003066,3202.6247040620974,3226.270751953125,928920
2024-09-11,3245.8040473208475,3312.3356390339472,3245.8040473208475,3297.1591796875,2561892
2024-09-12,3299.6559697244697,3322.175876936239,3270.575963438178,3312.62939453125,1643536
2024-09-13,3285.5077503235552,3299.3622937337923,3251.5808759906813,3287.95556640625,1029400
2024-09-16,3289.8647331560865,3324.0361492011148,3261.0785123587843,3266.169921875,1019280
2024-09-17,3266.169808964826,3279.9753474232057,3232.8795122206266,3243.64990234375,586834
2024-09-18,3243.650204828617,3255.4487265544813,3183.678708777706,3206.29638671875,410510
2024-09-19,3225.242476472415,3250.6997637791187,3206.639074209824,3225.095703125,963456
2024-09-20,3235.033500041011,3255.3993761794713,3197.8757024120955,3237.921875,1504277
2024-09-23,3247.713335439624,3255.4973426803335,3204.876554506199,3209.037841796875,522775
2024-09-24,3209.0376629036864,3228.913975957664,3173.446562898951,3180.593994140625,1057933
2024-09-25,3184.1191744837815,3184.1191744837815,3139.813703190611,3177.0205078125,740636
2024-09-26,3182.1610652384893,3217.2628452220943,3159.739164427399,3208.646484375,951080
2024-09-27,3222.2563138582786,3268.2752594509975,3208.64655109868,3241.64306640625,1315996
2024-09-30,3241.6427978407737,3287.906521226102,3236.1595942661793,3259.60986328125,1088162
2024-10-01,3247.7624539016833,3259.4629672396313,3176.3352267596947,3208.940185546875,968660
2024-10-03,3125.6651783140173,3158.5636811251156,3061.238614956061,3083.562744140625,1741363
2024-10-04,3069.5613688879425,3090.857368815634,2990.7906951252285,3008.365966796875,1551818
2024-10-07,3010.813695649262,3033.872170298019,2974.586018660962,2998.329833984375,909812
2024-10-08,2994.1687544120314,3034.3129398047367,2982.0764468527505,3023.591552734375,817718
2024-10-09,3030.934614154712,3081.0168312337073,3007.631359264989,3014.583251953125,1225598
2024-10-10,3025.549519128867,3030.3961469022447,2979.481575128766,2995.24560546875,1161933
2024-10-11,2995.3435157552335,3000.0433704107377,2962.8365662085157,2973.802734375,976017
2024-10-14,2973.607131880365,2991.231408592201,2954.220379688435,2975.712158203125,716011
2024-10-15,3010.813616059169,3032.15861893477,2984.034413970068,3003.07861328125,1242322
2024-10-16,3023.542619849588,3038.768084672314,3002.09984520358,3017.765869140625,764001
2024-10-17,3018.54865419464,3020.6049152328696,2973.606848480462,2992.0634765625,674481
2024-10-18,2993.1895612102176,3004.939078624193,2918.384395959059,2929.693115234375,899318
2024-10-21,2944.2819221487002,2993.1892352494165,2937.91760090921,2985.552001953125,806970
2024-10-22,2990.252141716124,2994.1196433373984,2932.72846348239,2944.08642578125,541838
2024-10-23,2937.329990209812,2963.3258421185824,2910.0124611803,2927.2939453125,624689
2024-10-24,2927.2941122931275,2939.6312003908815,2889.4019689136367,2909.963623046875,571259
2024-10-25,2913.3905711867183,2952.6046308847276,2890.381101039554,2896.255859375,1047769
2024-10-28,2925.531669338662,2958.6261894041795,2901.2005217719843,2939.190673828125,504961
2024-10-29,2956.961602987067,2964.794613855907,2879.708628910942,2930.37841796875,613459
2024-10-30,2943.254048832852,2943.254048832852,2901.6901796846887,2934.09912109375,812725
2024-10-31,2931.699963850702,2933.952002183556,2858.069712789521,2874.3720703125,1031171
2024-11-01,2896.255666302873,2903.8438953136397,2868.8401292317167,2878.484619140625,112249
2024-11-04,2900.3189463582526,2900.3189463582526,2825.2690092067974,2854.447021484375,1146008
2024-11-05,2834.570963847689,2857.8742202713024,2812.73639704265,2827.03173828125,935417
2024-11-06,2830.164890643995,2847.152829490549,2800.301535112204,2836.822998046875,1817087
2024-11-07,2839.4664984128735,2844.3131261788453,2766.032020005644,2783.509521484375,1112489
2024-11-08,2783.5096238329847,2787.5729028364462,2704.7387125294986,2711.6416015625,2060410
2024-11-11,2511.508133350377,2544.504644081364,2453.6906736192004,2490.016357421875,8854840
2024-11-12,2482.085521771461,2482.085521771461,2418.442303264501,2423.191162109375,3445898
2024-11-13,2418.442321542641,2445.857862029764,2399.9369273316497,2418.931884765625,1803766
2024-11-14,2430.9750761395044,2449.5294736289966,2414.721482265574,2431.317626953125,1206967
2024-11-18,2467.398537436715,2467.398537436715,2419.2255661813806,2431.856201171875,945471
2024-11-19,2440.2421664298527,2455.1503504239377,2424.8926681984503,2436.024658203125,941508
2024-11-21,2407.5811834490764,2418.6152360227406,2378.4513325454554,2381.540771484375,1377572
2024-11-22,2383.355450368951,2446.077863815995,2376.44072925789,2424.745361328125,3805843
2024-11-25,2456.9156051788345,2459.8089309547604,2403.020438497,2412.485107421875,1857124
2024-11-26,2412.6813837689556,2469.666232573915,2410.425724524224,2456.915771484375,1152258
2024-11-27,2469.1758347995096,2469.322859722952,2432.3956585115325,2444.067138671875,864653
2024-11-28,2452.01165097183,2457.896478934162,2406.2081212225285,2410.866943359375,1506133
2024-11-29,2410.86678687779,2443.674652747488,2407.9243730876065,2432.003173828125,1030854
2024-12-02,2432.003601842121,2438.2806565841943,2414.10391480163,2431.464111328125,914624
2024-12-03,2446.1266681971183,2446.1266681971183,2416.212127948517,2421.998779296875,1341985
2024-12-04,2431.3168391870113,2431.5131917036847,2406.1102045861603,2412.240234375,1005012
2024-12-05,2417.6834979870496,2419.5469310678895,2377.3723304944847,2405.129150390625,3190834
2024-12-06,2420.6259015352716,2420.6259015352716,2380.4129104643857,2383.06103515625,1735948
2024-12-09,2391.34905763415,2392.1828374715656,2341.1809893581903,2345.93798828125,2301281
2024-12-10,2353.833040864897,2358.4918630654356,2339.2682351315643,2343.044189453125,1657888
2024-12-11,2353.686000121601,2381.3937319700995,2346.7221912027503,2370.899169921875,1337700
2024-12-12,2366.6817067560096,2368.643316127544,2335.0016675148786,2343.681884765625,1089028
2024-12-13,2343.681662574433,2365.7006777915526,2308.814011410164,2361.43408203125,1150861
2024-12-16,2373.4983795782646,2373.4983795782646,2340.3471315186207,2356.13818359375,987775
2024-12-17,2342.1613819271274,2353.832860871112,2305.3812094722416,2310.775634765625,1258218
2024-12-18,2311.5602059137314,2327.154902440491,2296.0634461692002,2300.427978515625,855682
2024-12-19,2280.371250646344,2280.371250646344,2221.8663377824514,2247.857666015625,2784409
2024-12-20,2252.9082428785946,2273.505140179618,2232.3113455775715,2238.53955078125,1719502
2024-12-23,2255.8507361549114,2258.3518359488926,2222.5524655707823,2235.449951171875,855647
2024-12-24,2238.2945258159666,2250.9468108008496,2233.439350935133,2240.157958984375,601558
2024-12-26,2240.1578889777365,2243.541617232668,2213.1857602794494,2218.972412109375,1267334
2024-12-27,2226.6717309940805,2246.8273142100848,2216.6675715702577,2227.799560546875,821790
2024-12-30,2236.4797349144405,2254.6737085075883,2213.4799144646513,2244.326171875,1076940
2024-12-31,2236.234655799564,2253.545762506832,2229.3690230843895,2237.558837890625,685486
2025-01-01,2236.2346377260815,2278.605351392144,2236.2346377260815,2260.411376953125,1067328
2025-01-02,2269.581971653953,2302.880241800115,2249.9658785540914,2298.2705078125,1342922
2025-01-03,2299.0061211003162,2303.8610562723675,2277.5754435156923,2291.110595703125,1355319
2025-01-06,2291.11050941616,2295.0828160270576,2213.3817431041325,2223.631103515625,1190987
2025-01-07,2228.3881024312896,2271.543505823445,2228.3881024312896,2248.5927734375,740798
2025-01-08,2243.1493945831817,2293.121345211807,2229.0747516227793,2289.54150390625,1439632
2025-01-09,2296.946674580136,2316.0723682570892,2276.742239291421,2305.08740234375,1362304
2025-01-10,2290.767437419308,2303.8119477071496,2271.5435704883926,2276.202392578125,1214334
2025-01-13,2247.7589801193344,2257.71405119624,2203.279394974303,2209.409423828125,1181928
2025-01-14,2225.445792649132,2242.462849427957,2194.0600432596334,2196.953369140625,1316807
2025-01-15,2205.829724693855,2210.488546922533,2177.386388981929,2186.900146484375,1308999
2025-01-16,2196.0217797097066,2196.8555595078333,2165.420720174505,2173.071044921875,1936087
2025-01-17,2182.9278242686637,2225.4948907413877,2170.030338602855,2217.599365234375,878848
2025-01-20,2228.6334431540586,2243.002135992532,2207.791343619666,2236.774169921875,555716
2025-01-21,2236.774120348776,2270.562793071887,2211.7145133378426,2216.9619140625,1410294
2025-01-22,2226.426728351718,2226.426728351718,2201.8084339437387,2218.678466796875,835523
2025-01-23,2218.6785613536367,2257.616462750257,2203.0836218707127,2232.655029296875,1142465
2025-01-24,2239.177084297799,2252.467035601808,2211.7636413843934,2218.972412109375,543202
2025-01-27,2212.0085994055503,2234.02761415892,2203.0831820175113,2208.281494140625,1097939
2025-01-28,2216.6186643968203,2223.5333855549316,2191.215917962656,2198.76806640625,897501
2025-01-29,2198.7679810454188,2203.6720044488325,2169.5890417951073,2180.475830078125,1281088
2025-01-30,2180.475896878825,2215.883042717907,2172.4824342680818,2206.66357421875,1155718
2025-01-31,2211.714355687034,2260.7545853031547,2191.9512389334363,2256.63525390625,1292909
2025-02-01,2267.6203918669285,2343.142351284642,2241.4329551285223,2306.018798828125,1318619
2025-02-03,2306.0190615915058,2319.063813050007,2233.9789984264708,2248.249755859375,1070382
2025-02-04,2260.4115281362806,2372.174418827752,2220.29671040911,2309.15771484375,5373733
2025-02-05,2225.445914083573,2251.4863273419555,2194.305364161954,2231.52685546875,3474642
2025-02-06,2243.296570015997,2254.771937667948,2216.8639299685055,2219.953369140625,1285954
2025-02-07,2222.5032036066164,2232.6055387865863,2200.140811036936,2227.4072265625,1336756
2025-02-10,2227.456598385804,2234.273143271832,2210.7338300854735,2226.57373046875,1181565
2025-02-11,2235.2537830164815,2239.0788253452492,2183.271136899819,2197.836181640625,1607942
2025-02-12,2198.8170667681698,2204.7998316412377,2143.744740335438,2185.47802734375,1181706
2025-02-13,2185.4779733870987,2206.761386518349,2177.386334980078,2193.471435546875,921923
2025-02-14,2193.471442507713,2207.349972098172,2160.712662695219,2188.469482421875,1380052
2025-02-17,2188.4697499413637,2216.6187991906704,2183.3205248547483,2207.64453125,923900
2025-02-18,2204.8489546884357,2208.723085343409,2176.1604173554124,2194.648681640625,735853
2025-02-19,2194.6486660146306,2206.614435319362,2183.3694121007593,2196.119873046875,645234
2025-02-20,2196.119947164277,2213.774432147032,2188.2244212672454,2205.87890625,637442
2025-02-21,2205.8787208845265,2222.3071985851752,2194.0599770955964,2214.2646484375,755585
2025-02-24,2202.7892067893094,2215.6378442975797,2197.9833594824595,2203.08349609375,765042
2025-02-25,2203.083378069052,2213.774292529145,2175.130445275953,2182.045166015625,947702
2025-02-27,2171.501580547716,2185.6250722817654,2155.8087055302076,2171.158203125,1027196
2025-02-28,2167.578276205342,2168.902458264366,2134.0348050707535,2137.908935546875,1701193
2025-03-03,2137.909023945707,2151.2480635171437,2088.1331859068287,2124.815185546875,959068
2025-03-04,2112.702197069112,2118.390911641438,2083.964574390805,2091.173583984375,2180989
2025-03-05,2091.075382560136,2140.9003035438814,2083.9645492939253,2122.608154296875,1535212
2025-03-06,2147.81539181609,2231.3308210508503,2141.1949597096755,2224.1708984375,1985096
2025-03-07,2224.170859021657,2234.224107597683,2204.849053551762,2226.4267578125,921429
2025-03-10,2226.426799709337,2248.985309133705,2218.433336716765,2234.86181640625,1072395
2025-03-11,2230.3497452821425,2246.92524787127,2214.558694839471,2243.492431640625,601228
2025-03-12,2243.4925997474033,2251.8785279157673,2203.8681852119953,2208.085693359375,749216
2025-03-13,2211.959706102312,2213.872227295552,2179.8383535361436,2188.469482421875,747470
2025-03-17,2162.6743124205764,2196.2668726021657,2153.8961584537587,2176.945068359375,838015
2025-03-18,2176.945068359375,2176.945068359375,2176.945068359375,2176.945068359375,0
2025-03-19,2230.3497992399066,2244.031976370776,2224.3179463561214,2236.921142578125,663292
2025-03-20,2246.0429321170136,2262.7166132724674,2225.2008306726966,2243.296630859375,1166849
2025-03-21,2247.6608792387738,2270.072361261491,2234.1259666391193,2256.242919921875,1624115
2025-03-24,2258.204674804942,2285.520181836148,2257.910624954544,2277.9189453125,1100353
2025-03-25,2280.3711146995333,2299.496807919594,2263.6974334307624,2286.0107421875,1828005
2025-03-26,2295.082805937436,2296.014522433612,2259.773839692245,2278.55615234375,1934287
2025-03-27,2270.5630406131113,2304.98938379246,2246.5333237686095,2293.2197265625,1497861
2025-03-28,2298.957162432758,2318.6223448473825,2280.3709609856874,2295.720458984375,1281871
2025-04-01,2297.04437666977,2316.366179428107,2261.490209866064,2271.54345703125,970583
2025-04-02,2283.3133228295655,2283.705548924632,2248.151378841912,2262.373046875,792693
2025-04-03,2250.9470482717597,2309.6971608523395,2245.846911129499,2304.302734375,608846
2025-04-04,2304.302456272972,2318.5732124861197,2258.597101126369,2310.824951171875,1163188
2025-04-07,2147.9623364340778,2308.8143104866754,2147.9623364340778,2296.4072265625,1745817
2025-04-08,2310.77598236216,2373.5474861275156,2310.77598236216,2348.24267578125,1876867
2025-04-09,2353.9313107339253,2382.8159616352013,2345.0058920656825,2364.8671875,1186937
2025-04-11,2392.673138188117,2401.0099783908627,2334.560457951328,2347.654296875,968152
2025-04-15,2368.5451423440904,2378.451365462363,2339.2191779908185,2369.329833984375,1141122
2025-04-16,2358.9334902486225,2421.1164127236184,2357.560219989948,2412.681396484375,1166695
2025-04-17,2412.6813944031032,2428.864672011156,2384.336234253132,2420.52783203125,885840
2025-04-21,2418.566104331728,2423.4701276094634,2394.144164190312,2398.0673828125,541913
2025-04-22,2398.067600350631,2402.9716240732296,2367.1722508982607,2385.317138671875,543647
2025-04-23,2390.2206698356213,2409.4445346484094,2379.039593833923,2406.01171875,744684
2025-04-24,2402.9714790163284,2443.1844711141525,2389.1420371717104,2417.094970703125,1203452
2025-04-25,2416.9970704918337,2421.3125153908227,2367.3682568820964,2384.9248046875,702217
2025-04-28,2373.4491118364936,2412.5833616225136,2358.835218117182,2405.129150390625,554920
2025-04-29,2412.779358280013,2424.5490136862572,2394.7326491054737,2404.05029296875,1235066
2025-04-30,2402.9712952336267,2414.9370635884297,2355.4022716341037,2379.1376953125,1479669
2025-05-02,2378.451327881872,2397.969245058867,2351.969601757002,2363.7392578125,744673
2025-05-05,2376.5878898620194,2427.4915564148305,2376.5878898620194,2390.122802734375,1229588
2025-05-06,2395.1252520161293,2402.873513929306,2345.2023849282214,2371.5859375,702802
2025-05-07,2342.1616652061393,2359.521860813671,2273.9957373452403,2289.29638671875,1711738
2025-05-08,2277.428393301136,2304.0082950511696,2249.475460825218,2258.40087890625,2292261
2025-05-09,2203.4758490175027,2287.040358313372,2201.9064657768918,2255.45849609375,1503010
2025-05-12,2285.2748219143054,2332.8438471773284,2276.4475801129197,2311.16796875,940135
2025-05-13,2308.814075673718,2312.7372941540475,2270.6608717342183,2279.978515625,1220489
2025-05-14,2274.4859609248783,2274.4859609248783,2233.3903422767617,2238.490478515625,1549845
2025-05-15,2241.1387228905814,2290.6693598735023,2224.4650431141526,2285.1767578125,1675015
2025-05-16,2289.0998322084342,2309.7949057015176,2270.562720466672,2308.421875,785113
2025-05-19,2308.4222512773326,2333.236420919726,2281.9405219272385,2286.648193359375,552961
2025-05-20,2302.4390693367427,2302.635182388962,2247.41582902264,2251.535400390625,1095824
2025-05-21,2251.92759399425,2271.739801067979,2246.042765786948,2268.0126953125,469330
2025-05-22,2264.8739640972276,2265.658655678356,2239.2751073744516,2255.06591796875,916504
2025-05-23,2257.6162465132484,2284.294085755304,2250.946726839168,2271.05322265625,458035
2025-05-26,2271.5436001154403,2293.1213027072104,2258.5970264512307,2282.528564453125,1258062
2025-05-27,2268.69947425945,2306.4604556573113,2256.929817719857,2282.921142578125,2485428
2025-05-28,2282.9210353245694,2288.217284736854,2256.1450200640998,2258.9892578125,774808
2025-05-29,2258.989319887841,2264.678034995227,2242.609929413853,2250.26025390625,1414643
2025-05-30,2252.4180854797987,2259.774121030027,2211.7146887685376,2215.736083984375,3610431
2025-06-02,2215.7357261178645,2228.6822987043906,2214.5585690565263,2223.189697265625,702789
2025-06-03,2228.9766202482006,2243.3943999159437,2203.5736375438464,2212.40087890625,792587
2025-06-04,2206.319992153631,2217.5992452808887,2197.8849766419803,2205.82958984375,768079
2025-06-05,2207.889514094768,2217.5993846589804,2190.136853579612,2200.435302734375,996614
2025-06-06,2205.92782084708,2209.360637101461,2196.0215981598762,2202.1025390625,822087
2025-06-09,2197.002471273643,2212.499233024373,2193.0792525749403,2204.750732421875,1041851
2025-06-10,2217.272486211869,2217.272486211869,2192.724063924676,2196.386474609375,1809051
2025-06-11,2186.5868384242935,2203.315269404601,2184.8050534192694,2186.388916015625,1430888
2025-06-12,2201.434771637093,2240.0390684418803,2185.6961934513174,2196.88134765625,3417373
2025-06-13,2152.9319120868795,2194.604851740266,2152.733989669046,2191.734130859375,1786807
2025-06-16,2191.7343019196833,2227.1711173642298,2186.8841148183924,2222.02392578125,1301826
2025-06-17,2208.3636960052586,2257.856383051544,2204.404281041556,2241.82080078125,1540986
2025-06-18,2234.1001045094,2260.826158041413,2232.120396840362,2258.25244140625,1131156
2025-06-19,2246.9682330849732,2261.816040792583,2241.029110001929,2244.988525390625,524926
2025-06-20,2243.9985712801026,2266.666126702171,2240.0391560683156,2262.5087890625,1945026
2025-06-23,2238.257452696542,2249.7398538958046,2231.0314713382227,2241.128173828125,596186
2025-06-24,2281.612964421652,2286.2652288580507,2245.8791462744125,2252.21435546875,1044179
2025-06-25,2253.006327022203,2271.021617818927,2252.313236032559,2256.767578125,807368
2025-06-26,2263.7957437135497,2269.3390219114503,2257.064689234252,2266.5673828125,921519
2025-06-27,2259.836183469298,2340.5092666724286,2253.9961428230686,2334.76806640625,1555059
2025-06-30,2338.034526119427,2345.854273974067,2302.4988736367836,2317.3466796875,785414
2025-07-01,2356.3471327824136,2375.6492832084828,2326.3545122491983,2345.458740234375,1232160
2025-07-02,2316.257996327295,2405.344842339883,2303.389896347699,2394.852294921875,1936030
2025-07-03,2404.25564408936,2439.3954517375932,2400.395311182141,2406.2353515625,1547480
2025-07-04,2406.2354877025405,2418.2128152580945,2387.527347688303,2399.603515625,602309
2025-07-07,2398.7127436249625,2440.088680482908,2396.4360315695767,2418.014892578125,869054
2025-07-08,2415.7382195225628,2462.7562754239448,2412.570735668228,2459.390869140625,1136367
2025-07-09,2494.926593821461,2509.2794744445164,2467.6065312804385,2473.545654296875,2328636
2025-07-10,2481.8604847719294,2486.512749306158,2420.2916266528655,2426.32958984375,932859
2025-07-11,2422.6672511448596,2459.5888473703967,2410.7890051739755,2414.451416015625,1050411
2025-07-14,2406.4335963646026,2423.7560373356596,2366.7403635312317,2377.23291015625,891618
2025-07-15,2385.448593665743,2390.4969447486355,2362.088188810415,2369.215087890625,610228
2025-07-16,2356.8417946467926,2397.8216435077948,2346.9432570800277,2386.04248046875,1200909
2025-07-17,2379.707736082246,2389.507192526197,2369.7101155375785,2374.560302734375,526163
2025-07-18,2376.2430711148772,2380.5983310634733,2348.230160923921,2358.2275390625,599552
2025-07-21,2358.22756047867,2383.567914037501,2336.8468637229585,2351.298583984375,390931
2025-07-22,2351.298608817401,2356.643964310425,2337.341815301031,2341.2021484375,411317
2025-07-23,2339.0244937170323,2360.5042725166427,2328.7301110194885,2351.298583984375,368999
2025-07-24,2351.298753078445,2355.8521774818505,2317.2478770945427,2328.2353515625,506960
2025-07-25,2316.25783056356,2326.651295187884,2302.2019553090836,2312.496337890625,383636
2025-07-28,2312.496213489174,2342.3897475154404,2296.460631549846,2335.658935546875,650364
2025-07-29,2335.065004538179,2393.7633804542284,2301.409976918723,2377.1337890625,1742815
2025-07-30,2384.5577642993003,2419.004724295606,2342.4889785032356,2391.288818359375,1685818
2025-07-31,2377.0348502382585,2392.674588818769,2349.418025516724,2371.788818359375,1274735
2025-08-01,2353.872223766583,2446.9184765142945,2353.872223766583,2406.33447265625,2225293
2025-08-04,2418.4107160183803,2441.969284403293,2414.8473873951507,2424.94384765625,1165898
2025-08-05,2436.9211145537915,2438.70289982959,2384.6570242206344,2412.075927734375,659094
2025-08-06,2415.243360050098,2480.1778683627604,2415.243360050098,2465.923828125,2019109
2025-08-07,2458.8959745801,2484.5330918907716,2441.8702955199838,2481.068603515625,1502806
2025-08-08,2481.0685636610756,2486.215755117334,2443.454119049418,2450.482177734375,1178226
2025-08-11,2438.9007055038905,2478.791862374858,2427.121541831701,2463.84521484375,721135
2025-08-12,2463.8452548090927,2477.406203891745,2448.898365372008,2453.15478515625,608984
2025-08-13,2454.639597884359,2478.9898573216647,2436.2282198165494,2474.83251953125,350844
2025-08-14,2479.583726564812,2509.1802580128915,2472.357745615771,2503.043212890625,1088550
2025-08-18,2524.127268472607,2568.6706908574174,2510.863323805654,2561.147705078125,1755615
2025-08-19,2561.1475900561763,2568.670575497609,2535.2134691873252,2553.228759765625,698587
2025-08-20,2551.8429412384953,2553.1297994329543,2537.3909799718176,2544.023193359375,308028
2025-08-21,2548.7744310291314,2549.863366865174,2533.3328568800803,2540.558837890625,781082
2025-08-22,2536.797142820435,2543.2311919519207,2475.7232170896536,2479.088623046875,523774
2025-08-25,2490.4721647945858,2496.9062145049056,2450.878012731079,2467.6064453125,766497
2025-08-26,2455.9263817194274,2497.6981641187676,2442.9592001585233,2456.22314453125,7106393
2025-08-28,2439.989602689333,2502.350391723584,2439.989602689333,2463.74609375,1485769
2025-08-29,2465.725836660952,2505.913997946369,2464.7359828525773,2493.0458984375,1798653
2025-09-01,2492.451991866285,2551.6453003711945,2489.581512369503,2544.122314453125,1314833
2025-09-02,2542.93452119602,2545.805000673645,2505.320075183778,2514.228759765625,1024054
2025-09-03,2504.330139433277,2539.074104831537,2501.6575824788406,2527.987548828125,925847
2025-09-04,2527.9875299885935,2556.792372311873,2527.0967582315957,2542.53857421875,933071
2025-09-05,2538.9749083727397,2575.5994976942957,2538.9749083727397,2553.7236328125,1153436
2025-09-08,2553.7237473782398,2563.3255226646506,2500.7665685510233,2505.1220703125,742880
2025-09-09,2514.2287093319874,2525.711110339231,2499.1829795616045,2511.55615234375,702450
2025-09-10,2511.5559946250305,2529.0763578516126,2499.4798270807123,2517.4951171875,520584
2025-09-11,2515.21855988452,2533.5308555782876,2509.9722862990047,2529.96728515625,423961
2025-09-12,2534.0257928242045,2542.241627907083,2511.4570772741577,2520.46484375,547539
2025-09-15,2509.3782536017916,2517.6929281557755,2472.6545840507674,2477.2080078125,583051
2025-09-16,2469.685307160192,2484.4340325696035,2449.3933036344274,2455.728271484375,760790
2025-09-17,2456.816916665378,2471.5656403296753,2455.629140541995,2468.29931640625,359627
2025-09-18,2472.555681514996,2480.7715162918726,2444.246008163312,2453.550537109375,400796
2025-09-19,2449.8882911759447,2484.0382491741548,2443.454241118311,2456.520263671875,3731525
2025-09-22,2468.794242954483,2477.603844337264,2448.9971686889035,2457.509765625,872806
2025-09-23,2447.0177520572506,2458.598993546187,2403.36510144872,2422.0732421875,1332111
2025-09-24,2421.182484191517,2449.8882454513505,2418.4108451164807,2432.268798828125,637749
2025-09-25,2433.5554274370193,2437.7127648253804,2363.770738547733,2379.6083984375,1518215
2025-09-26,2373.174495777403,2375.64913028812,2315.26804822663,2319.029541015625,1089446
2025-09-29,2319.1283057695373,2339.7173125599843,2305.5673574257466,2318.83154296875,950369
2025-09-30,2328.136201795213,2364.562870972334,2316.257955867686,2326.156494140625,778874
2025-10-01,2329.52186805722,2333.0854384512804,2297.648623594792,2312.1005859375,648279
2025-10-03,2318.4356247764845,2338.727628575792,2312.3976613270074,2333.87744140625,659872
2025-10-06,2331.1058814271587,2335.2632193797976,2310.418032053584,2330.907958984375,362107
2025-10-07,2331.1056084583392,2347.339113482409,2322.1969246043586,2328.927978515625,498524
2025-10-08,2336.0549055856777,2345.3594343916707,2296.4607546435473,2304.87451171875,701799
2025-10-09,2304.8745875346162,2317.2477601110313,2300.2223229785895,2312.6943359375,587567
2025-10-10,2315.168952276326,2333.8773340631014,2312.8924818709593,2316.455810546875,1117236
2025-10-13,2316.455709905024,2342.5879940440077,2313.288226220651,2318.732421875,667732
2025-10-14,2318.6335776566284,2331.105832918551,2284.5827016458666,2294.580322265625,353345
2025-10-15,2306.3592087504535,2359.811310584155,2301.4099400621476,2351.001708984375,753640
2025-10-16,2352.882319596366,2396.237961365467,2342.8847002435737,2385.25048828125,715890
2025-10-17,2396.435872783247,2518.1878811898305,2396.435872783247,2482.355224609375,3719960
2025-10-20,2482.355415118091,2511.35817987428,2475.327356452451,2490.47216796875,714986
2025-10-21,2487.502663750938,2493.6397091369963,2458.796902808329,2479.18798828125,107942
2025-10-23,2493.342597184148,2520.1677313672517,2471.466973579269,2477.010009765625,811738
2025-10-24,2469.6853737363804,2481.266615533017,2461.07369351137,2476.218505859375,327596
2025-10-27,2476.2184587966717,2504.3302111417024,2474.23875111988,2493.243896484375,550089
2025-10-28,2489.4822059889902,2502.944313788174,2466.715569512749,2483.840087890625,1103957
2025-10-29,2494.4316760614374,2524.9192226571176,2487.0077722636356,2512.94189453125,615292
2025-10-30,2509.774241369409,2512.941725110214,2487.799535942144,2497.89599609375,736486
2025-10-31,2497.7967185966363,2504.329849652434,2479.8805117059187,2485.32470703125,609128
2025-11-03,2470.873032398037,2489.7793368360453,2469.6852561586425,2486.710693359375,425210
2025-11-04,2484.533125103149,2495.421517284876,2454.540505578958,2461.469482421875,527087
2025-11-06,2534.124927247066,2604.305468247461,2534.124927247066,2576.490478515625,4448622
2025-11-07,2576.490477384487,2592.3281389100152,2558.772190218216,2587.280029296875,791663
2025-11-10,2587.2797982746247,2639.742047393502,2584.607241463536,2623.50830078125,1706880
2025-11-11,2623.5084476961592,2637.8613279758315,2606.6809328855093,2630.239501953125,776404
2025-11-12,2633.0112636282392,2809.8980998107063,2615.292976226382,2741.697265625,2859196
2025-11-13,2829.892812411752,2867.705419302586,2811.18467304877,2850.184814453125,5933630
2025-11-14,2836.030121469235,2880.3753768526763,2832.9614781294044,2876.910888671875,2494076
2025-11-17,2876.9109277310713,2897.2029302084065,2850.7788846207886,2858.5986328125,1230683
2025-11-18,2861.1764220981377,2890.918380747806,2837.48209185684,2881.00439453125,1819066
2025-11-19,2888.935498428825,2890.9182956137456,2862.365967742759,2868.81005859375,1387906
2025-11-20,2872.4783482680073,2881.10371014527,2827.964645752369,2835.201904296875,1062883
2025-11-21,2844.3226954020324,2870.693996016735,2829.550952496629,2851.857421875,857340
2025-11-24,2851.2623873259877,2871.5860587238258,2839.8613033711026,2854.434814453125,5404326
2025-11-25,2874.9567705789004,2883.4828955546254,2844.322649938532,2851.064208984375,972417
2025-11-26,2855.228177192067,2871.288787280634,2833.020943741294,2849.27978515625,570376
2025-11-27,2855.2280994648086,2889.4313527396475,2846.701974295966,2854.3359375,1158685
2025-11-28,2855.227954340334,2865.0427036171095,2831.236156743247,2849.676025390625,748446
2025-12-01,2852.947795413725,2862.663550417217,2823.5033044461416,2842.934814453125,499153
2025-12-02,2842.339893028985,2936.522763568836,2836.589732524731,2928.988037109375,2102147
2025-12-03,2943.462626521632,2943.66085784583,2907.3758120528328,2928.095947265625,1252456
2025-12-04,2924.6258944441,2960.0187763517797,2908.763516711522,2931.763916015625,1466098
2025-12-05,2929.5829155349925,2947.923789963892,2915.703334886096,2942.966796875,944978
2025-12-08,2944.453821755753,2948.91511542508,2889.728667820144,2903.112548828125,983544
2025-12-09,2884.9701320664567,2888.4400274143027,2764.515193562651,2771.95068359375,1839391
2025-12-10,2785.830133839031,2799.709714577019,2772.644483729807,2780.37744140625,845073
2025-12-11,2775.9160719797633,2787.416392522806,2739.4325551970373,2755.4931640625,777422
2025-12-12,2770.9592338675175,2772.9420311726108,2722.3806998927384,2741.01904296875,977696
2025-12-15,2749.2475920214038,2777.8989151364117,2734.9713067620355,2756.286376953125,1029674
2025-12-16,2768.9763210091114,2783.847300176722,2752.2217812965405,2766.894287109375,916244
2025-12-17,2775.916061967917,2782.360152826057,2748.156901348238,2761.739013671875,636499
2025-12-18,2756.088086314156,2769.7694352946414,2731.6005894949667,2735.962646484375,417994
2025-12-19,2742.6050408185665,2788.2093772598632,2735.9627184841656,2775.81689453125,3895542
2025-12-22,2761.8383889023835,2798.817606705464,2756.3856963642547,2783.450927734375,463953
2025-12-23,2773.9334147715076,2794.752786362001,2759.1616717450024,2783.649169921875,431068
2025-12-24,2783.6490084418188,2800.403547790722,2758.070876420582,2761.540771484375,512144
2025-12-26,2761.045313886708,2770.3643646289715,2719.406569476208,2722.87646484375,532078
2025-12-29,2722.8762650599865,2769.769467423096,2711.475181117445,2751.527587890625,815529
2025-12-30,2746.4717350000174,2768.3814999924343,2717.423706078166,2734.574951171875,4833527
2025-12-31,2731.3031868660014,2772.74369741969,2731.2039501881377,2745.678466796875,1274705
2026-01-01,2752.0234326268005,2758.764991896357,2722.479946307838,2728.3291015625,327945
2026-01-02,2732.0964076433634,2774.92478028137,2732.0964076433634,2748.751953125,508884
2026-01-05,2746.174205723587,2803.6753262766442,2745.182807093362,2791.382080078125,866733
2026-01-06,2795.7441325994646,2823.899756834903,2787.4164809356535,2821.322265625,875891
2026-01-07,2821.322161393437,2830.145512045567,2777.0066927411867,2785.235107421875,636748
2026-01-08,2770.9591147468823,2780.575632855042,2746.2733861759625,2762.5322265625,620031
2026-01-09,2765.902889951143,2832.1283656204937,2762.234763496008,2801.19677734375,1657381
2026-01-12,2801.6924515836354,2875.0559481926903,2783.847276732784,2871.48681640625,1743901
2026-01-13,2875.0559895993033,2889.4312695473,2846.1071983880256,2861.473876953125,1051986
2026-01-14,2859.193674606754,2859.193674606754,2783.153447410751,2789.696533203125,958254
2026-01-15,2789.696533203125,2789.696533203125,2789.696533203125,2789.696533203125,0
2026-01-16,2763.9201248983854,2802.188208571498,2726.841913205698,2733.186767578125,1143463
2026-01-19,2733.186726726262,2762.3339910381023,2701.263739943396,2730.311767578125,1342048
2026-01-20,2716.432154439653,2716.531391115573,2646.340322074472,2652.586181640625,911151
2026-01-21,2647.0342883114345,2664.879463288815,2625.223518894636,2638.2109375,914318
2026-01-22,2642.374853390455,2706.4190605473364,2642.374853390455,2680.543701171875,1290346
2026-01-23,2680.5435726133815,2758.9630563425376,2667.6553908637447,2680.4443359375,1786635
2026-01-27,2696.5051440901416,2711.177892805429,2524.1010122974158,2600.240478515625,3818761
2026-01-28,2513.195467623375,2526.5793488119016,2429.917984672541,2490.195068359375,3430002
2026-01-29,2490.1950274985406,2493.2682179040366,2389.270602598885,2395.218994140625,3488159
2026-01-30,2396.2104772047783,2423.969638711495,2379.8523998883206,2407.413330078125,2048843
2026-02-02,2354.4725989007534,2408.603062968766,2351.597639580948,2381.339599609375,1183482
2026-02-03,2503.2815202051024,2503.2815202051024,2370.434104875406,2405.133056640625,2233860
2026-02-04,2409.098571916173,2442.6078926414953,2396.3096269309112,2431.603271484375,970973
2026-02-05,2423.969609356947,2434.6767627880085,2381.9344049720994,2411.1806640625,1047405
2026-02-06,2411.081385424528,2422.9781685762937,2365.576286685293,2380.447265625,1043982
2026-02-09,2383.3222888664236,2405.3312898812637,2376.184267191432,2396.60693359375,669839
2026-02-10,2398.1933923938204,2399.1847910678152,2366.3693981423053,2373.011962890625,1513620
2026-02-11,2378.3652334566027,2385.0075556462834,2355.8605337198996,2371.921142578125,3177710
2026-02-12,2377.3738747553025,2393.1370158909117,2356.5545038754603,2389.766357421875,607767
2026-02-13,2388.180096666005,2391.055297957956,2339.8000364723516,2346.045654296875,675635
2026-02-16,2339.700828939525,2384.413005156297,2336.5284016474056,2376.580810546875,683108
2026-02-17,2378.8609048949324,2431.305793229297,2378.8609048949324,2416.434814453125,1004356
2026-02-18,2419.0126162907773,2427.14203651116,2395.71474887978,2411.1806640625,551809
2026-02-19,2399.184707815805,2407.115896932551,2370.5333839478317,2380.14990234375,971600
2026-02-20,2357.7441514901498,2414.7495721840155,2355.6623596109553,2407.215087890625,790329
2026-02-23,2403.8442762441377,2425.5560520661024,2390.7578623742984,2408.80126953125,634365
2026-02-24,2392.245001597522,2420.4998638211146,2383.0249455164217,2392.34423828125,499660
2026-02-25,2395.219015892177,2407.0165624074957,2379.356638303487,2395.615478515625,526764
2026-02-26,2395.318382184249,2401.3657687427703,2361.5115913027257,2374.300537109375,588742
2026-02-27,2364.4858313259697,2376.977551402081,2338.7094658691667,2355.761474609375,2531619
2026-03-02,2280.2168323371657,2317.7907433233195,2263.8587550617035,2287.255859375,2528308
2026-03-04,2241.254922068388,2271.1951134569463,2197.236917991508,2265.544189453125,1610358
2026-03-05,2265.5440929266383,2293.105023152167,2234.315036191103,2268.121826171875,925040
2026-03-06,2242.2461232483765,2288.0486893030497,2234.314934596808,2259.89306640625,979742
2026-03-09,2181.077101186327,2210.8190616570496,2143.998887282437,2201.6982421875,2198153
2026-03-10,2232.233312704302,2285.2731408487366,2232.233312704302,2260.785400390625,1192174
2026-03-11,2270.3028787592407,2282.199662403394,2206.8533659904233,2212.8017578125,687786
2026-03-12,2189.0080695446873,2230.547573323493,2182.068279469138,2202.094482421875,1384055
2026-03-13,2185.736493312427,2200.6074726410466,2171.162981978515,2177.904541015625,949233
2026-03-16,2166.602530791707,2208.637979123367,2156.3913182449023,2198.624755859375,1111587
2026-03-17,2198.624813304225,2242.0481240756235,2198.1291139621785,2218.948486328125,875461
2026-03-18,2215.8750606338967,2250.871236838399,2209.430969870703,2242.642822265625,844912
2026-03-19,2200.9050648122998,2219.741639691324,2161.844053721548,2167.197509765625,889334
2026-03-20,2191.883035494523,2205.366153071308,2166.205908950689,2176.516357421875,875920
2026-03-23,2161.2490060531636,2161.2490060531636,2096.8080953222207,2103.053955078125,978398
2026-03-24,2165.2146480848346,2205.3662933446494,2134.7787579873834,2198.228271484375,1561016
2026-03-25,2205.9611632253836,2270.005368767247,2202.887730691226,2250.673095703125,1270855
2026-03-27,2226.978883613762,2249.483585042764,2182.167712081868,2188.413330078125,1089010
2026-03-30,2166.503380287283,2183.951850191729,2132.498360349631,2146.576171875,1513565
2026-04-01,2205.6636307072044,2227.276168370157,2179.4905627154985,2206.655029296875,1209900
2026-04-02,2166.206128976487,2166.305365661368,2123.972448135313,2150.34375,1854061
2026-04-06,2150.3435162351893,2174.3353134208273,2127.4421122612302,2165.511962890625,2048228
2026-04-07,2149.0548763211227,2179.7882354882618,2126.550174629453,2167.395751953125,1793007
2026-04-08,2264.850100281215,2316.7992900724025,2225.8880869174877,2262.76806640625,2914767
2026-04-09,2255.431824787587,2269.9063412266696,2232.629656888636,2250.078369140625,1980060
2026-04-10,2248.1946997294717,2356.4553853234625,2248.1946997294717,2340.394775390625,3018178
2026-04-13,2260.2896157134237,2342.1792384979185,2242.5436772411817,2332.166015625,1734562
2026-04-15,2379.8523513508994,2405.1330157789134,2360.520078553006,2402.258056640625,1182431
2026-04-16,2414.0555975912685,2425.5559181989383,2390.8569671041973,2419.31005859375,1496210
2026-04-17,2404.1416069129846,2464.7161582374533,2396.706117407068,2442.80615234375,1286575
2026-04-20,2448.7545957036955,2502.0918899615717,2435.3707143101733,2495.152099609375,1203157
2026-04-21,2494.656448384103,2559.7912906799447,2492.0787151016143,2521.7216796875,1681872
2026-04-22,2478.496591328449,2549.8772931587087,2478.496591328449,2540.85546875,1126584
2026-04-23,2508.238527355777,2519.837842888377,2488.41055480751,2499.71240234375,1378614
2026-04-24,2499.7124304630092,2517.061906637907,2449.4485678958704,2463.724853515625,436871
2026-04-27,2481.470673800435,2498.1262185409096,2454.20721254214,2463.82373046875,452134
2026-04-28,2453.711703700179,2477.5052717360595,2434.974365688199,2441.41845703125,556571
2026-04-29,2448.6554645929264,2456.586653908799,2417.6248800271264,2426.25,603585
2026-04-30,2405.8269334704287,2434.7757241733725,2364.9813595711516,2423.473876953125,823684
2026-05-01,2423.473876953125,2423.473876953125,2423.473876953125,2423.473876953125,0
2026-05-04,2438.8405150757653,2485.4362484938797,2421.292808558354,2427.04296875,581159
2026-05-05,2409.0986328125,2433.7843614929498,2394.227653597608,2409.0986328125,327682
2026-05-06,2438.840730371055,2507.24723866195,2419.4092196054808,2497.333251953125,1395987
2026-05-07,2512.799090655162,2533.8166934225105,2489.699453926799,2508.83349609375,1053513
2026-05-08,2518.1524303726387,2584.972598834762,2493.7639281283514,2577.537109375,2327900
2026-05-11,2556.7177847784324,2585.468344538891,2533.0234547576356,2544.028076171875,1271257
2026-05-12,2524.2990937915256,2533.717380591815,2478.496526391938,2483.94921875,628802
2026-05-13,2532.0321540727255,2619.6716979847315,2532.0321540727255,2595.085205078125,3515018
2026-05-14,2597.464479177054,2642.7713493560886,2587.5504926153094,2599.6455078125,1040916
2026-05-15,2599.6455492931773,2617.2924940627995,2570.498525152845,2583.1884765625,796240
2026-05-18,2557.907795315493,2596.869569262112,2534.0149906453235,2591.51611328125,898479
2026-05-19,2606.3869513982067,2623.240727805118,2572.7786352618723,2578.330322265625,688639
2026-05-20,2539.963249067585,2591.5159769955762,2539.963249067585,2576.24853515625,586190
2026-05-21,2602.4213727320252,2625.5210089438397,2568.515588398281,2576.44677734375,1031843
2026-05-22,2583.684151755406,2641.7799681669367,2577.8347544208896,2617.09423828125,1556434
2026-05-25,2649.0172659355308,2661.013286747998,2630.378922392816,2634.939453125,815621
2026-05-26,2627.2063736290493,2641.383422468467,2613.227556107807,2624.232177734375,486267
2026-05-27,2622.0512104312984,2666.4659185712258,2619.275245789924,2648.91796875,858457
2026-05-28,2648.91796875,2648.91796875,2648.91796875,2648.91796875,0
2026-05-29,2653.081899183728,2724.56159325931,2608.964661335609,2648.62060546875,5062328
2026-06-01,2709.095901351661,2754.8984680974218,2604.106644768003,2609.757568359375,2224344
2026-06-02,2603.511962617927,2649.1162982589444,2585.468314449159,2637.814208984375,1026319
2026-06-03,2629.288299864542,2652.982629371886,2602.1238332482144,2639.49951171875,958774
2026-06-04,2640.9868104093725,2675.5867690885616,2622.15023574918,2638.706787109375,1840743
2026-06-05,2643.0686735140903,2676.577994677205,2642.077274911872,2663.590576171875,1615011
2026-06-08,2620.5640072762417,2651.9912949616705,2607.477593967183,2636.3271484375,1262904
2026-06-09,2643.2668941356555,2695.6127885292044,2638.6073691322094,2684.806640625,1416560
2026-06-10,2687.7809874156337,2720.397906312803,2676.7763655410236,2691.74658203125,1395772
2026-06-11,2670.7285903296975,2683.4185408112085,2648.0256592178175,2667.75439453125,771558
2026-06-12,2702.255252386737,2729.320483944781,2686.0954059806704,2723.7685546875,1078025
2026-06-15,2796.041569265256,2808.3348153056413,2706.518225699372,2715.73828125,2752021
2026-06-16,2717.423619460817,2747.1655780831534,2711.4752277363496,2724.462646484375,962931
2026-06-17,2740.2258274031,2745.083583898793,2708.9967703976017,2714.449462890625,557209
2026-06-18,2721.3892363671166,2741.2172089453834,2704.7336909932365,2731.30322265625,600888
2026-06-19,2729.2212838160262,2729.2212838160262,2695.4147346165373,2709.393310546875,838991
2026-06-22,2719.1090391012117,2732.790388930441,2647.034405385191,2651.0,1033475
2026-06-23,2669.0,2695.39990234375,2650.10009765625,2661.199951171875,1182151
2026-06-24,2662.0,2687.60009765625,2653.60009765625,2667.5,1264476
2026-06-25,2690.0,2690.699951171875,2637.10009765625,2645.199951171875,2050810
2026-06-26,2645.199951171875,2645.199951171875,2645.199951171875,2645.199951171875,0
2026-06-29,2631.300048828125,2687.800048828125,2630.0,2656.89990234375,4752587
2026-06-30,2658.0,2672.10009765625,2630.300048828125,2635.699951171875,1821479
2026-07-01,2648.0,2723.0,2624.0,2716.39990234375,1097512
2026-07-02,2720.0,2759.89990234375,2711.0,2744.5,1629567
2026-07-03,2744.0,2762.39990234375,2730.0,2737.800048828125,472124
2026-07-06,2724.0,2758.0,2722.0,2754.89990234375,504943
2026-07-07,2750.0,2751.800048828125,2726.39990234375,2731.39990234375,489066
2026-07-08,2676.60009765625,2713.10009765625,2653.300048828125,2665.89990234375,1481672
2026-07-09,2658.0,2722.800048828125,2656.0,2673.800048828125,918568
2026-07-10,2695.0,2728.199951171875,2672.89990234375,2677.800048828125,982095
2026-07-13,2650.5,2664.39990234375,2630.10009765625,2652.10009765625,1107802
2026-07-14,2604.0,2655.89990234375,2579.89990234375,2641.0,975301
2026-07-15,2644.89990234375,2684.0,2644.89990234375,2670.0,809114
2026-07-16,2688.0,2693.10009765625,2660.10009765625,2674.699951171875,455037
2026-07-17,2665.0,2700.0,2665.0,2689.0,452284
2026-07-20,2689.0,2708.5,2666.699951171875,2691.39990234375,571087
2026-07-21,2695.0,2720.0,2680.5,2692.39990234375,1000078
2026-07-22,2683.0,2700.0,2665.60009765625,2692.800048828125,528096
2026-07-23,2671.10009765625,2693.39990234375,2656.0,2668.800048828125,584245
2026-07-24,2620.10009765625,2657.10009765625,2620.10009765625,2637.89990234375,645563
2026-07-27,2665.800048828125,2723.89990234375,2664.300048828125,2710.199951171875,715239
2026-07-28,2712.0,2749.800048828125,2706.300048828125,2736.199951171875,1282146
2026-07-29,2746.199951171875,2864.0,2718.5,2758.39990234375,3803474
2026-07-30,2758.10009765625,2767.89990234375,2666.199951171875,2746.199951171875,2387024
2026-07-31,2773.89990234375,2774.89990234375,2732.39990234375,2747.300048828125,891738
2026-08-03,2770.89990234375,2810.0,2762.10009765625,2810.0,1040453
2026-08-04,2774.89990234375,2807.300048828125,2732.39990234375,2775.0,820097
2026-08-05,2787.0,2787.0,2748.699951171875,2760.0,688876
2026-08-06,2788.0,2788.0,2741.60009765625,2755.0,797083
2026-08-07,2755.0,2755.0,2695.0,2735.0,1067986
2026-08-10,2724.699951171875,2761.5,2713.5,2750.0,977656
2026-08-11,2742.10009765625,2747.60009765625,2720.0,2735.5,951134
2026-08-12,2733.199951171875,2748.39990234375,2698.199951171875,2740.0,648174
2026-08-13,2725.0,2755.5,2720.0,2755.5,579435
2026-08-14,2751.0,2751.0,2690.300048828125,2696.300048828125,667311
2026-08-17,2694.5,2714.60009765625,2687.5,2687.5,312900
2026-08-18,2663.10009765625,2670.10009765625,2610.10009765625,2628.39990234375,1017022
2026-08-19,2625.0,2634.89990234375,2601.0,2630.800048828125,742443
2026-08-20,2635.10009765625,2641.800048828125,2607.0,2625.199951171875,476939
2026-08-21,2620.199951171875,2644.0,2615.5,2640.0,330334
2026-08-24,2640.39990234375,2642.699951171875,2622.0,2640.800048828125,355289
2026-08-25,2631.0,2640.0,2605.199951171875,2639.800048828125,479480
2026-08-26,2660.89990234375,2678.699951171875,2626.5,2626.5,339110
2026-08-27,2637.89990234375,2655.89990234375,2627.89990234375,2631.0,525106
2026-08-28,2645.0,2645.0,2583.800048828125,2608.699951171875,482544
2026-08-31,2590.0,2653.60009765625,2561.10009765625,2653.60009765625,1381178
2026-09-01,2645.300048828125,2645.300048828125,2545.199951171875,2575.5,1046523
2026-09-02,2548.0,2548.0,2510.699951171875,2527.5,497889
2026-09-03,2530.0,2544.0,2515.10009765625,2541.60009765625,589499
2026-09-04,2540.0,2553.89990234375,2519.800048828125,2527.300048828125,399368
2026-09-07,2511.10009765625,2523.5,2489.699951171875,2500.89990234375,240336
2026-09-08,2499.0,2499.0,2474.10009765625,2481.60009765625,373248
2026-09-09,2459.10009765625,2489.0,2457.39990234375,2489.0,432840
2026-09-10,2485.10009765625,2498.10009765625,2468.60009765625,2498.10009765625,549332
2026-09-11,2453.199951171875,2472.5,2442.800048828125,2472.5,653006
2026-09-14,2472.5,2472.5,2472.5,2472.5,0
2026-09-15,2472.5,2473.0,2402.800048828125,2402.800048828125,539643
2026-09-16,2405.10009765625,2444.5,2397.39990234375,2416.60009765625,591671
2026-09-17,2424.0,2454.0,2421.0,2454.0,486007
2026-09-18,2455.699951171875,2474.0,2438.0,2451.300048828125,1000730
2026-09-21,2450.0,2463.800048828125,2440.300048828125,2440.300048828125,268147
2026-09-22,2475.10009765625,2475.10009765625,2435.60009765625,2448.5,414715
2026-09-23,2469.0,2471.89990234375,2448.199951171875,2455.0,398823
2026-09-24,2430.0,2437.800048828125,2391.0,2392.699951171875,259577
2026-09-25,2401.89990234375,2451.0,2397.0,2444.0,426982
2026-09-28,2437.89990234375,2441.60009765625,2412.89990234375,2420.0,1097754
2026-09-29,2417.5,2425.300048828125,2381.0,2415.0,909789
2026-09-30,2410.0,2430.5,2390.0,2402.60009765625,553695
2026-10-01,2391.0,2420.0,2377.0,2407.0,1005836
