Date,open,high,low,close,volume
2016-10-03,534.3554579083373,543.5574293114622,534.3062613904239,542.1796264648438,5276340
2016-10-04,544.2464095224675,544.5908452477242,532.4363608529021,537.9476928710938,5690321
2016-10-05,541.2939680700803,541.9337031508627,524.8091063152187,527.2203369140625,8222912
2016-10-06,523.2836048596272,526.5313563522961,515.7546745215627,522.3978271484375,10646794
2016-10-07,521.6105633298798,530.8617935750378,521.6105633298798,525.3995971679688,7702773
2016-10-10,529.4838383426638,530.2219663700931,521.9057119139197,523.1359252929688,3261598
2016-10-13,520.6262910118202,521.5120686536225,505.0764062430387,510.5877380371094,10008090
2016-10-14,512.7529440244399,516.6896268960287,508.61941499546896,512.4085083007812,4314775
2016-10-17,515.8531410218878,525.3503530563999,508.9146889319324,510.7846374511719,7930102
2016-10-18,515.6070806062605,525.5963776900151,510.19414147439835,524.021728515625,13532992
2016-10-19,527.1710239055444,533.4204834011837,520.7246582003787,527.0725708007812,10754624
2016-10-20,528.5980880698095,536.225411415099,527.5155242677617,531.5014038085938,6969699
2016-10-21,530.1727420128668,530.6648273386503,515.9022675651474,517.7721557617188,6526349
2016-10-24,521.0692235596352,521.6105054665992,509.35756742815596,513.2942504882812,10660533
2016-10-25,512.6545791700063,523.0867653257543,511.8671944971812,520.7247314453125,7356952
2016-10-26,491.1011948644589,494.0537070580328,476.830719262185,479.8324279785156,38780250
2016-10-27,477.3227889491239,481.84998017080034,469.7446625540673,477.9624938964844,17198496
2016-10-28,479.1927490234375,486.18036760112466,476.87994167268425,479.1927490234375,12688495
2016-11-01,480.32449304725395,480.32449304725395,466.9397956962492,468.2684020996094,10425548
2016-11-02,462.363368786058,472.89400696963133,460.6902966676387,469.2525634765625,9885845
2016-11-03,467.97319170124547,472.2051139131318,466.15246980654723,468.3176574707031,6631504
2016-11-04,466.8906062711988,478.01175396884844,466.6937901383295,471.12255859375,10868004
2016-11-07,477.076756220943,481.7023706158462,474.419483264806,477.7164611816406,6990315
2016-11-08,479.3403031861155,484.65484872502105,475.60046672900125,483.0801696777344,7460548
2016-11-09,451.7343656168069,486.1311446857457,451.6851690940502,479.8324279785156,12824970
2016-11-10,486.18033128141076,505.4700531912866,486.18033128141076,498.92535400390625,11433458
2016-11-11,497.00623078692826,504.5843576067895,487.16452324659303,490.85516357421875,7085764
2016-11-15,490.11704882723484,495.03790273112276,469.2034197357113,471.7130432128906,11822835
2016-11-16,479.14347665276176,479.6355619671767,462.6586186198601,465.21746826171875,10704594
2016-11-17,466.84141012380724,476.7323143351012,463.888897817808,466.5953674316406,10250008
2016-11-18,470.4336228995598,471.3193705759419,464.5285983443352,465.9556579589844,4572569
2016-11-21,468.36683124889424,468.95733967721486,455.7202317165948,458.32830810546875,6217176
2016-11-22,460.6410670384915,467.97315049538634,450.7993604034676,463.29833984375,7313923
2016-11-23,467.48110387129293,474.91158098218096,461.723699006187,472.89404296875,6477616
2016-11-24,472.1066896860034,472.1066896860034,458.67273580593775,460.7887268066406,8199524
2016-11-25,464.7746086664738,465.5127366844725,457.93461035255075,463.7412414550781,4674455
2016-11-28,456.6551936317448,470.0399208313005,453.8503011984418,465.414306640625,8268812
2016-11-29,465.51278451082317,468.07163457634687,455.6710765930468,457.2949523925781,7612624
2016-11-30,457.6393638755927,463.54438792560035,454.73604837053676,462.41259765625,13575386
2016-12-01,466.49692938348136,466.9398182289775,456.9504612198477,458.6727600097656,7451748
2016-12-02,459.50931063557186,459.50931063557186,450.7501970919957,452.6693420410156,6381901
2016-12-05,450.4549563184777,457.3441514465806,448.5850078989582,453.4566650390625,4995436
2016-12-06,454.49004088243845,455.8679039617007,447.1579868068309,448.732666015625,5465618
2016-12-07,450.6025396006382,450.6025396006382,434.2653007496703,440.022705078125,7558363
2016-12-08,442.7783729124107,445.68168836655934,440.31794626804907,442.2370910644531,7629221
2016-12-09,444.5499222697885,450.7501857366428,438.4972483682087,449.1755065917969,7780448
2016-12-12,437.9560202692664,444.8452160937268,437.07027252730927,438.054443359375,6849079
2016-12-13,438.7432764705842,447.25637686739,435.29867909576285,445.7801208496094,8404874
2016-12-14,447.4532050601623,462.36338523530435,446.8135001087581,459.8045654296875,12775149
2016-12-15,451.8327991325124,471.8114534233267,451.8327991325124,470.53204345703125,18021627
2016-12-16,471.9098430487629,473.0908598835423,461.2808116737714,465.3158874511719,20477361
2016-12-19,462.0681299375284,465.2666846176071,459.06642140541044,460.1982116699219,3735250
2016-12-20,461.57600602405694,462.2649374498343,453.161359505863,454.34234619140625,4836019
2016-12-21,456.2123617169698,458.4267460140127,447.8961364887808,450.4549865722656,4454408
2016-12-22,448.5850153684876,448.5850153684876,438.0051798170185,440.4656066894531,6540181
2016-12-23,440.90844441088433,442.2370807748269,429.0983967927356,431.1651611328125,9018273
2016-12-26,428.21270908301705,428.95083716232546,420.2409198195846,425.1617736816406,4494204
2016-12-27,424.2760442513236,431.9525645926728,424.2760442513236,430.72235107421875,4694669
2016-12-28,432.7398538452923,441.1545010256209,431.06675169932396,433.08428955078125,5072550
2016-12-29,435.00342002958814,438.84167949353656,430.77149831912004,437.2178039550781,6082573
2016-12-30,438.448095125313,445.04205155514285,438.00520624774623,442.8276672363281,4616817
2017-01-02,444.2546622317528,444.84517067760675,434.26533531303977,440.6624450683594,3054394
2017-01-03,442.48317298675465,450.5533550755581,436.47972543497525,448.0437316894531,4621782
2017-01-04,447.7976832773844,452.7185369397733,444.79597455713014,445.9277648925781,3703873
2017-01-05,447.40400654469823,456.55678204739706,446.0753700918532,450.79937744140625,5829373
2017-01-06,452.42327490865193,454.49000931498074,446.8626865230837,447.9945068359375,4431212
2017-01-09,449.66761564819654,452.07884603156646,444.40229605877187,445.58331298828125,2690456
2017-01-10,448.2897535024267,448.83103537320454,417.6820387492566,440.2687683105469,9436151
2017-01-11,444.6975620171858,450.307317304567,441.1053447654008,446.41986083984375,5678047
2017-01-12,447.01033615311206,454.09634704875174,445.43565705369025,447.9945068359375,5106342
2017-01-13,449.76600265544243,467.6779211207306,447.9945074377791,465.3158874511719,12693510
2017-01-16,465.0206542776916,472.8940198527636,460.88712533697634,469.6954650878906,7430300
2017-01-17,469.74466213651914,480.47214677220813,469.4002264198278,479.48797607421875,11331156
2017-01-18,479.4387889785698,483.91678404368406,475.60052894740653,480.7674255371094,8789347
2017-01-19,478.9959037976354,480.17689064674954,471.71301640614985,476.14178466796875,7688347
2017-01-20,450.7501975602728,454.09637205927726,440.9084901899612,443.6149597167969,30189779
2017-01-23,438.20203634540684,441.8434802165443,434.11773364746085,437.95599365234375,16502895
2017-01-24,440.71162424236536,445.38643503338096,438.25119751025187,444.1070251464844,7103963
2017-01-25,444.8451513488895,457.73779337939783,444.8451513488895,456.2123107910156,14328065
2017-01-27,457.88543915268724,471.2701672928,457.88543915268724,465.3651428222656,8821164
2017-01-30,464.52856834013664,469.055759546963,463.3967780470566,464.4301452636719,4525720
2017-01-31,464.52862103507243,464.52862103507243,456.95049380523034,458.62359619140625,10629001
2017-02-01,460.3459060538496,472.30357563979476,452.7185821160253,468.120849609375,8340303
2017-02-02,468.7112966521163,478.30696099302577,465.8572076242855,474.91156005859375,7557596
2017-02-03,476.0433915963681,484.7040819607472,472.54956750264734,482.9325866699219,7134563
2017-02-06,486.9184375906019,492.28217974057134,484.2119682558386,490.4122314453125,8575116
2017-02-07,490.5106666904613,491.79010661025507,482.83414730972225,485.5898132324219,5242366
2017-02-08,484.60566031117474,484.90092955018815,474.22267114777264,479.88165283203125,9694192
2017-02-09,483.22782936469605,486.72162344915114,475.30526698667444,477.56884765625,7938519
2017-02-10,481.99759234782175,484.704061728029,478.50379843444733,481.1610412597656,10345868
2017-02-13,484.9009437553841,486.0327341184903,479.0451157402365,482.5389099121094,6626404
2017-02-14,482.5389236842358,483.67074411415314,474.4687412710763,479.1927490234375,4089031
2017-02-15,480.2753218066656,485.6390643611373,476.14179267895275,480.47216796875,6242589
2017-02-16,479.9800681589686,486.5247973855415,478.84824781279264,485.3437805175781,5218900
2017-02-17,493.0695358389361,496.0220480295884,479.6848079010775,481.35791015625,12983330
2017-02-20,481.6531651251245,482.8833785781589,472.0575001914562,473.4353332519531,5840632
2017-02-21,474.2718419436168,500.992069744262,473.58294049230227,496.3664855957031,16440027
2017-02-22,500.45074824130324,519.6912713860418,499.7618168100607,516.9848022460938,20167381
2017-02-23,516.6895724245684,521.6104254952786,509.84957464247987,519.7897338867188,10360480
2017-02-27,519.5437547056531,519.5437547056531,499.2698015360614,500.8937072753906,7372140
2017-02-28,501.33656595437986,504.3875012370567,496.6125584444016,498.6300964355469,5799421
2017-03-01,502.91119034479516,513.7370672406713,502.07463930503116,505.2732238769531,7624002
2017-03-02,506.9463352186051,511.5719498114361,495.72682457896883,498.28564453125,7112655
2017-03-03,499.22063052145603,506.8479541026119,498.2364597367908,504.7812194824219,3965255
2017-03-06,506.5526687699402,512.5560859823051,504.1906350741506,510.4401550292969,6994407
2017-03-07,510.7846192952908,511.67039699797556,501.18895448193996,503.6985778808594,6043543
2017-03-08,496.61260151453973,504.6827842135378,492.3314524429167,502.0747375488281,8850848
2017-03-09,501.5333602053369,511.3258399755968,498.48242523843777,508.2257385253906,8560015
2017-03-10,510.98148572112774,511.76881033861434,504.87961481482535,507.7337341308594,5494130
2017-03-14,516.5912250254324,517.3293530512439,501.4841687224196,502.81280517578125,7975713
2017-03-15,506.55270148489905,507.63526529179467,500.99211267098667,503.6001892089844,6248549
2017-03-16,504.8795521482497,508.619388668879,503.20645000062297,505.519287109375,5362177
2017-03-17,507.1431458823631,510.7845894587811,503.6001554166122,508.9638977050781,20296836
2017-03-20,509.8004708148846,510.0465135131543,493.36480655666287,494.8902893066406,4932998
2017-03-21,490.855152808511,492.08536622407115,478.3561724926167,480.570556640625,11017752
2017-03-22,477.32279719920996,494.4473616485277,476.3386264833353,477.76568603515625,12685275
2017-03-23,479.83243077503556,484.2120025681644,475.3544659358199,480.5213623046875,6942275
2017-03-24,483.2278185354419,487.8534328855308,477.17517467677703,481.60394287109375,5501203
2017-03-27,480.66896459755725,485.4421985066527,475.89573068846187,479.4387512207031,5384510
2017-03-28,484.50721132959643,497.0061909169537,482.2928273106595,494.84100341796875,11194711
2017-03-29,497.99039791846155,504.8795931465826,492.18379651880394,496.2189025878906,12677454
2017-03-30,491.05198980348524,496.0220398957812,487.1645034690708,491.34722900390625,8454772
2017-03-31,491.79014981174004,495.72683292399086,481.0626643032496,483.031005859375,6985211
2017-04-03,487.85347245778615,495.72683877521985,483.57232351577983,492.6759033203125,5755303
2017-04-05,495.87442558152367,502.46835141543886,490.9535719586734,500.25396728515625,6595144
2017-04-06,499.66347334898575,509.4559837679193,497.1538200586254,500.64764404296875,9928098
2017-04-07,498.974568665336,506.7495415932501,494.54580030440104,496.2189025878906,5019268
2017-04-10,496.6617442943608,504.8795757545774,495.38233438130004,502.6651916503906,5986936
2017-04-11,501.5333825623614,508.4225472607606,500.05712654816756,506.8970947265625,7406691
2017-04-12,507.1431626936627,512.1624694337089,495.2839174685271,497.9903869628906,6161411
2017-04-13,498.58086399610914,503.2556746464225,494.93942052837883,499.51580810546875,6216374
2017-04-17,497.54752180931376,500.9921195115804,493.3155995031895,494.398193359375,4070932
2017-04-18,497.0061635552866,500.89364952164925,490.11696920897566,491.7408447265625,5450454
2017-04-19,490.36307879229327,493.51243722282567,480.5213712400144,491.5932922363281,7447021
2017-04-20,488.29625320090287,496.41566091724746,479.2910979224033,480.2752685546875,8153829
2017-04-21,484.2119906310251,489.13284419434854,475.64969341703966,478.5530090332031,10301245
2017-04-24,480.22610539104426,495.6283708491575,473.3861070077944,490.7567138671875,14182302
2017-04-25,493.0694867610214,511.9163783963563,487.26288603760275,508.2257385253906,13778124
2017-04-26,511.2766748050805,516.6896136143739,500.00790836102175,508.9638977050781,11516903
2017-04-27,515.7054353757761,515.7054353757761,495.2838938031667,498.58087158203125,22108735
2017-04-28,500.25394414279964,507.14313889608746,496.5141075762456,501.58258056640625,9287281
2017-05-02,501.4350023862326,504.9779930958007,493.6600593865567,497.5475158691406,7539462
2017-05-03,498.87615717832796,499.31904603851785,492.08538487396885,492.92193603515625,7220815
2017-05-04,496.95702568704314,513.5402785787245,494.05370999894365,510.636962890625,15719994
2017-05-05,513.7371488633548,514.1308412042671,494.54581858972375,496.51416015625,9440005
2017-05-08,500.94290562439187,505.56852010663226,495.3331204041861,503.10809326171875,6834456
2017-05-09,504.87958412939923,512.9989926461001,502.4683538288185,509.9972839355469,7872272
2017-05-10,510.7846787197819,519.1993275981819,507.5369268804548,518.018310546875,8812464
2017-05-11,516.8864388772988,526.1376069724446,505.32243370660933,508.71783447265625,8962710
2017-05-12,508.521054545236,508.66864412097226,491.2980658781176,495.03790283203125,9934430
2017-05-15,497.00620731559,500.45080479203466,490.51067463882157,492.18377685546875,8806756
2017-05-16,494.1520928737419,496.51409644357943,485.6882192168611,493.56158447265625,8610492
2017-05-17,493.4139739598016,498.7284895983491,490.6090815289137,494.84100341796875,6443135
2017-05-18,490.11703007395676,491.1996238982907,482.4897068147737,484.2120056152344,9227022
2017-05-19,487.9026256765176,495.8744143722334,486.3771731017198,493.7584533691406,7611430
2017-05-22,496.02200959623843,499.41741036620505,491.59324165341485,494.3489074707031,4970982
2017-05-23,494.2997791163814,498.0888426635481,487.36138706294656,492.6759033203125,7549551
2017-05-24,495.03789772326513,497.00623926490834,487.16453155669234,491.3964538574219,7271148
2017-05-25,494.05370744814115,501.82865022379013,488.00106345343687,499.4174499511719,9157557
2017-05-26,499.95875529574994,504.8796091864561,497.00624296132617,503.3541564941406,5995136
2017-05-29,503.79696874301413,506.8479038800672,494.25053109840377,499.2205810546875,5441466
2017-05-30,497.00627734212316,508.76713096828064,495.6776406928212,506.25750732421875,4725430
2017-05-31,505.86370631409034,507.832047583795,501.43493845725493,505.91290283203125,7263061
2017-06-01,504.04305121623327,507.78288788605227,497.4982919922904,501.2381286621094,8105813
2017-06-02,505.3716771399337,505.3716771399337,498.3348623258994,500.0079345703125,4474040
2017-06-05,499.3189938868513,508.57019214933337,498.97452814651575,505.519287109375,3858825
2017-06-06,505.86373800007823,506.2574303062824,497.5474836008659,502.1239013671875,3866339
2017-06-07,501.9270485087041,507.2907907467661,500.0571302172395,506.0605773925781,3389166
2017-06-08,505.8637607739033,513.5402805383814,503.2557143176709,507.5860595703125,5980728
2017-06-09,506.84789348216094,508.17649985494694,501.33653174030826,505.519287109375,3242063
2017-06-12,504.3383322180639,504.9780071887183,497.9904186229988,499.4666748046875,2360518
2017-06-13,500.94291197403805,504.19066343668743,497.4983143474975,498.43328857421875,2181945
2017-06-14,500.94291218316823,502.8128306028836,493.61082807552503,501.43499755859375,4648343
2017-06-15,500.7952768765567,501.2381356798506,496.02204287767773,499.5650634765625,3425367
2017-06-16,499.6142988661176,506.1590286563311,499.4666792535357,502.3699951171875,4999502
2017-06-19,502.91131638563,517.0341443935076,501.2382138867851,511.91650390625,6844723
2017-06-20,511.96563447669587,513.4418905968311,502.4191662193518,503.747802734375,4388846
2017-06-21,502.9604283246477,504.38748786509296,498.72850629392366,499.7126770019531,4346995
2017-06-22,500.844487901117,506.30665357595706,498.63010371700807,499.958740234375,3463745
2017-06-23,501.5334001959891,502.36995130701274,495.6775724533304,496.6617431640625,3548884
2017-06-27,497.9904239760605,498.67935554872435,476.7815552849549,485.048583984375,9842829
2017-06-28,485.9835009390481,492.4298373271912,482.2928606523466,484.2120056152344,12691859
2017-06-29,490.1170217178376,506.2574456574362,489.82178251373807,503.9938049316406,11855524
2017-06-30,502.51755302231896,511.768751367053,500.05712633305427,509.1606750488281,7600005
2017-07-03,508.91463674672593,513.5402509760365,506.847902337614,509.0622863769531,3701949
2017-07-04,508.61944551162793,509.35757359433705,498.53169504793664,500.3524169921875,4086213
2017-07-05,499.7126764662986,507.24160640225864,499.7126764662986,505.7653503417969,3154406
2017-07-06,507.85242435953216,509.69100476329794,505.01997326538367,506.3616638183594,3514758
2017-07-07,505.11934242821667,505.81504278376485,498.1624601911335,500.0507507324219,3509920
2017-07-10,505.9641285618421,509.98920017957585,503.5789177862964,506.80889892578125,1238680
2017-07-11,508.8462040479509,509.24376440854115,502.6843824139688,503.67822265625,3928279
2017-07-12,505.7653517765464,506.75919213387095,501.0943202948814,503.62860107421875,5504892
2017-07-13,504.87091576999296,513.6663789168716,504.87091576999296,508.74688720703125,22231839
2017-07-14,510.8339254796397,511.3308456406121,504.5727435832272,509.7904052734375,3160157
2017-07-17,509.9393985709075,510.8338790430261,505.36775776921945,507.3554382324219,3169635
2017-07-18,505.86480266519993,519.4804293285018,505.218812421234,513.3682861328125,7864083
2017-07-19,514.809266783817,518.7349480349537,512.871266099413,516.9957275390625,8119092
2017-07-20,517.5920210170318,540.8479085212712,517.4926612497687,536.6737670898438,16391849
2017-07-21,536.6737509433758,539.058991877914,528.9714887770588,537.4688110351562,5567645
2017-07-24,537.6676205407272,543.0343826064773,528.126777600727,531.5057983398438,4779353
2017-07-25,530.2138383647529,544.127603570201,526.6857171766405,541.5933227539062,8181916
2017-07-26,535.5805505567504,540.5994318332986,522.1637067917542,525.5924072265625,12085057
2017-07-27,529.1205972460871,531.6548778661355,518.7846339158847,521.4183349609375,12290852
2017-07-28,520.5735469300744,526.3875491914056,508.8462432983964,511.9271240234375,8268116
2017-07-31,514.2129643511771,517.9895451306883,506.26221210294835,516.59814453125,7245884
2017-08-01,515.0081471831318,518.5362687437487,511.5793854065062,513.3682861328125,4562630
2017-08-02,515.5545834519046,520.8219241726837,509.4424421988713,513.7160034179688,4079631
2017-08-03,512.8216125729527,513.169432426328,501.69058869534314,502.8832092285156,4140945
2017-08-04,502.88323551912106,507.6536572420072,501.4918650440794,504.9703063964844,4972811
2017-08-07,505.8647495657972,508.64749047675485,500.99493780682076,502.6844482421875,5293884
2017-08-08,504.5727173866062,507.80269826523136,492.99445397339446,496.37353515625,8898560
2017-08-09,491.40430203397034,495.5784127017986,482.4597401791434,483.95050048828125,7169705
2017-08-10,482.1119303994234,491.10617288563833,480.57145975326813,482.50946044921875,10095387
2017-08-11,479.9254917906206,490.3111354250509,477.0433608845299,486.6836242675781,9261420
2017-08-14,487.9755975425577,494.3858797439484,486.7332971414819,488.7209777832031,3983656
2017-08-16,489.91360621603656,498.46060884985945,484.9940844164477,496.4232482910156,5958229
2017-08-17,497.1189386840729,500.3489197142503,491.95095690394913,494.08770751953125,3948664
2017-08-18,492.2491146416284,492.8951351346704,486.8327029162807,487.3793029785156,4166976
2017-08-21,489.0688464953718,500.2992304148479,488.77067619005425,491.752197265625,17884400
2017-08-22,492.9447601282961,503.8770027924317,492.9447601282961,496.12506103515625,6654272
2017-08-23,501.8893638361383,502.68442396384074,497.0692321967425,499.5538330078125,3288488
2017-08-24,499.9016447700964,507.3554466304855,498.95748440260815,503.7279357910156,7157375
2017-08-28,504.37392316611084,509.7406847403246,503.08194298245036,507.454833984375,3724389
2017-08-29,506.2622475020643,506.31195771528996,497.91399496969,500.49798583984375,3266295
2017-08-30,503.0819935639013,506.36165456269293,499.20599196401986,500.796142578125,3972126
2017-08-31,500.8954856979084,502.28685598114976,495.4790442068361,497.2679748535156,4491876
2017-09-01,498.9078131615875,506.6597550987929,495.42937223317006,504.4236145019531,4569367
2017-09-04,503.47949423914935,505.86470485624534,496.6220023413989,498.65936279296875,3744616
2017-09-05,499.1562840719762,503.52917526821017,498.41090385683634,500.2991943359375,3216819
2017-09-06,498.9078418688535,498.9078418688535,488.4725184831504,489.814208984375,4947660
2017-09-07,490.95711628923954,495.9263178711144,490.95711628923954,493.5411071777344,4564617
2017-09-08,494.93245335629115,495.429373490183,488.82034177534086,490.95709228515625,3662579
2017-09-11,492.29880764388696,494.33616816418163,489.6154266531383,490.85772705078125,3590293
2017-09-12,491.85153045264997,499.106582428112,490.2117001167597,493.4416809082031,3324949
2017-09-13,493.04421630117275,502.4856998674596,492.00066570924344,496.2244873046875,4430874
2017-09-14,501.88931845425986,518.5858222630776,499.0071878399469,516.5484619140625,15168429
2017-09-15,514.7596648091222,516.7970255665336,507.85246166249755,512.9707641601562,8942804
2017-09-18,515.4552270643467,522.7599280307584,515.1073466102572,521.31884765625,7337260
2017-09-19,518.7845976449981,520.8716378546053,514.3123166308171,517.5422973632812,2386279
2017-09-20,513.5669852158509,519.2815670542468,513.5669852158509,516.2503662109375,8297561
2017-09-21,514.8092639115921,519.2815451617893,502.5353304145756,509.392822265625,3103034
2017-09-22,506.26222060003045,507.3554509481105,500.10042920743007,502.1874694824219,4546160
2017-09-25,500.8955006859612,501.8893409651,485.2921961716425,498.60968017578125,11921527
2017-09-26,496.92013592616604,515.0080410057177,496.92013592616604,508.7965393066406,5292394
2017-09-27,510.23763802649864,510.7345581801438,497.41707379877494,503.18133544921875,5300694
2017-09-28,504.7218401741982,514.0639336270685,502.53537921881093,508.6474914550781,10408979
2017-09-29,507.951733436384,513.7657046854713,501.9886922228783,506.01373291015625,11578743
2017-10-03,510.83392311630075,513.8154440683414,500.99491004048645,506.5107116699219,10712537
2017-10-04,504.3739669895054,507.8524081411572,501.3924460023753,502.8335266113281,4792373
2017-10-05,503.52920465040154,504.7218251960571,494.38589167557683,498.11279296875,9349884
2017-10-06,499.90166155433326,503.87702268001385,498.162441061848,500.24951171875,11343137
2017-10-09,500.2992155745076,505.6659472854218,498.1624649329844,502.8335266113281,3942277
2017-10-10,504.37396156902406,512.5234643114372,500.9949105525111,511.3805236816406,4932758
2017-10-11,516.6976430346043,520.0766639651472,506.2622886098022,512.5731811523438,6188165
2017-10-12,513.1196966568755,522.7102791034139,509.64125586516434,521.865478515625,4800917
2017-10-13,521.0207998227911,531.3567636537714,519.2815792225243,526.1887817382812,6447797
2017-10-16,527.0833027982032,528.4747038091053,511.0328145740465,517.1448974609375,7148294
2017-10-17,517.7410773656492,522.8593181290814,507.85235499467734,509.9891357421875,9443230
2017-10-18,484.99403971003767,485.98787995534514,458.0609629962862,461.6387939453125,49308621
2017-10-19,461.04246089878507,462.13569118039976,455.1788098077916,457.4646301269531,3302209
2017-10-23,455.82489054260316,458.21010142176175,444.7435762178443,447.1784973144531,21127981
2017-10-24,448.8679369089201,454.9800482996491,447.3274966736362,449.1661071777344,19327721
2017-10-25,465.2663550400008,473.56492805077716,453.8371909842108,470.08648681640625,37624005
2017-10-26,469.0926102341202,484.8449846733678,468.5956900961603,481.31683349609375,24936306
2017-10-27,482.0125351600548,488.3731068776905,478.6831641605554,482.9566955566406,7576778
2017-10-30,484.1990083809519,485.98790879683065,478.63349661101927,481.0187072753906,4815226
2017-10-31,491.9509817075376,525.7415541884594,490.26144095165114,519.9276123046875,39655956
2017-11-01,521.7165117683213,540.6491585908099,521.2692714722054,531.803955078125,22542766
2017-11-02,530.7107116092153,534.6860727448649,523.0581292912506,528.8721313476562,7800191
2017-11-03,532.0523908063656,542.3386745092073,530.8100904069305,536.7731323242188,9303981
2017-11-06,535.7296028453769,538.2142036012308,527.4807404677816,531.2076416015625,8013536
2017-11-07,532.2014965914561,536.0774981412363,519.77849246934,523.9029541015625,9642624
2017-11-08,534.3879742979954,548.5005195575266,530.3131924219439,541.493896484375,19642327
2017-11-09,545.5686729692959,552.0286352526431,529.7169072344728,537.0713500976562,11290503
2017-11-10,531.6549705550015,545.5687371087433,529.1703693846904,541.4442749023438,9869691
2017-11-13,553.5690876882197,561.0725703715426,530.7604389990279,534.0401000976562,21701958
2017-11-14,534.0401382879256,546.5625642771042,529.3193961792067,542.2890625,10644657
2017-11-15,543.1337808418978,548.0036230856807,533.7916567796545,538.6614990234375,7814066
2017-11-16,540.6490298379363,545.1213104156398,537.8662896103137,539.2576293945312,5176117
2017-11-17,546.6121832648001,553.9666259942247,537.2203799841376,539.0590209960938,4373503
2017-11-20,538.9098921452913,544.127553618344,533.4437706020933,541.7920532226562,3458524
2017-11-21,543.6305428501298,545.5188633321138,535.8289222118419,543.4317626953125,5770768
2017-11-22,543.1833756682665,543.630615911916,535.6798939241731,537.170654296875,4536211
2017-11-23,539.0590581057479,544.4257598790069,532.2512149590857,540.7982788085938,10724159
2017-11-24,541.593353509582,544.3264146872841,537.7173515757039,542.1399536132812,3947490
2017-11-27,540.7484796440328,558.3891448606508,537.6179191137853,555.9542846679688,9301318
2017-11-28,556.0536988412163,562.4143016081753,554.5629382545106,559.0848999023438,10113136
2017-11-29,557.0971573475168,558.737018074742,543.4318534846302,546.115234375,6387037
2017-11-30,543.7796727677676,544.1274925632645,530.8597505699183,532.10205078125,19370807
2017-12-01,536.0775079664869,536.5744281404791,528.6237053566036,530.5616455078125,7138045
2017-12-04,532.8971464859654,537.5184671862094,526.3875050743139,531.6548461914062,4181453
2017-12-05,531.7046082886002,534.5370291344935,527.4807866339711,529.8660278320312,6167602
2017-12-06,528.921840512716,531.207661160425,525.9403194959128,527.2322998046875,4234770
2017-12-07,529.6175569827197,534.6861186016943,525.840915052595,530.7604370117188,3528298
2017-12-08,533.3941243712734,541.1460669170327,533.2947039414248,539.1583862304688,6007380
2017-12-11,546.6122127646901,548.848353635091,539.357190072563,541.7423706054688,5326031
2017-12-12,540.6491103893263,540.6491103893263,531.8039076652341,535.2823486328125,5232189
2017-12-13,534.6860305992622,539.6552316271363,529.7665094498283,532.4498901367188,4163419
2017-12-14,533.692327020374,540.0529302280617,531.4561859853725,538.1149291992188,3558224
2017-12-15,548.7986505672461,548.9974307680595,539.7049871480352,544.5748291015625,6059220
2017-12-18,534.6364044130537,550.3887489897076,526.7353618534129,545.2705078125,5889302
2017-12-19,545.8667030941014,552.5751241152851,542.040442775324,550.2396240234375,4325512
2017-12-20,550.0906323088086,554.3641336709663,545.2207903426654,551.08447265625,3534649
2017-12-21,548.4010852445545,553.5193872383694,541.6926629769019,545.5686645507812,5781370
2017-12-22,546.51272035952,551.3825006777178,543.7299194243343,550.1898803710938,3075576
2017-12-26,551.5813598632812,553.8175005113757,546.9102983776446,551.5813598632812,3272086
2017-12-27,550.5874969708028,557.1965588786248,547.6059762290837,551.1837768554688,4163259
2017-12-28,542.7859276699745,550.786330300417,540.6491466685418,543.4815673828125,8433564
2017-12-29,544.8233317061546,564.3522596113158,543.6307110674014,560.476318359375,8363189
2018-01-01,560.3271220371417,566.2901635501142,557.0474613368459,562.0166625976562,6943234
2018-01-02,563.507452179855,565.0975724020449,552.9230286821097,556.0536499023438,6292268
2018-01-03,557.8425427173053,561.9670041850177,552.3267412389314,556.997802734375,3990149
2018-01-04,561.3706325112026,561.5197328101397,554.5628511647043,556.451171875,2766664
2018-01-05,557.5941177056767,562.5136395829866,553.2709364354597,559.7805786132812,3249056
2018-01-08,562.3147998033538,564.5012604793027,558.9854592385005,561.9669799804688,3770339
2018-01-09,560.5259518186112,569.4705148795465,559.5321114785073,561.8179321289062,4607504
2018-01-10,562.6626530158125,563.2092529935098,556.9977517487853,559.333251953125,2411625
2018-01-11,558.5382082809004,559.6811488070745,550.1402462202831,555.3082275390625,2825921
2018-01-12,556.7492854165149,559.9295861497651,549.0967038375293,551.6806640625,6013121
2018-01-15,553.2709070778716,560.9731694019811,552.9727671197456,557.09716796875,3943472
2018-01-16,559.4824359091511,563.4081174146842,552.3764531589129,559.7308959960938,5993564
2018-01-17,560.5755909840409,585.6700577488241,557.5443902987479,581.5953369140625,8453944
2018-01-18,592.3288388092592,593.4717794565477,575.0359927414162,581.1978149414062,9466991
2018-01-19,581.2971153193387,590.3410362233958,577.619894712709,586.6141357421875,3897048
2018-01-22,592.2791356877375,617.920203156103,579.5579920489328,607.7830200195312,21790443
2018-01-23,612.6032346283783,623.7341983594271,607.6837126144721,616.2803955078125,14286343
2018-01-24,618.0693464356308,618.0693464356308,602.5654003667178,604.2052612304688,6158610
2018-01-25,606.2425305983189,615.4355525787032,594.9127278939519,612.304931640625,6749846
2018-01-29,610.7645704075389,617.075492978513,599.931747068816,601.8200073242188,7017160
2018-01-30,601.8695718711929,603.7082125481618,588.8006102660894,590.0925903320312,6447963
2018-01-31,585.6700415782782,592.3287833212792,583.5333214567802,589.9435424804688,7108060
2018-02-01,589.9436197349662,606.2426260767768,582.4898169553337,589.1485595703125,7839731
2018-02-02,584.1793166478615,584.1793166478615,557.8425486780383,561.42041015625,6185174
2018-02-05,547.7053797486338,565.1473260085577,544.1275788364031,562.7620849609375,9318595
2018-02-06,539.6553358768798,573.4955892820699,530.7107722988101,560.2278442382812,13938327
2018-02-07,564.5013457524177,571.1104086591514,552.5752609830005,555.9046020507812,7679830
2018-02-08,559.3332648101439,573.3464483358694,556.252384385619,564.948486328125,5816886
2018-02-09,556.4511614902627,558.4885218022794,547.0096794333731,554.1156005859375,5865587
2018-02-12,560.2277502947022,564.501251155768,556.898349125644,560.7246704101562,4765319
2018-02-14,561.5198123542153,562.3645524100052,536.7731627319148,540.5498046875,6478108
2018-02-15,531.4560698434359,551.3825545799671,528.0769887541991,540.3509521484375,11593643
2018-02-16,543.6802682236352,545.2207083988089,531.7045059687018,534.5369262695312,3910503
2018-02-19,534.5370168279808,541.5933198252511,524.2507932989708,537.2203979492188,4251723
2018-02-20,538.6614080237409,544.6741293209494,526.1390453112209,528.4248657226562,3395183
2018-02-21,530.7107333366216,535.1830147973235,521.1698904841375,532.4996337890625,4638382
2018-02-22,529.7168251911687,530.4622053391863,524.2507041057064,526.9837646484375,7808359
2018-02-23,523.7538382257371,535.5805620622556,522.3127576585516,533.3444213867188,3888629
2018-02-26,537.7669862612652,550.9851113733268,535.6799458010453,548.8980102539062,5297794
2018-02-27,548.202261017622,548.202261017622,532.8474775877701,535.0836181640625,4136383
2018-02-28,530.710703402039,533.1953040733969,516.796939642435,525.4930419921875,6626661
2018-03-01,520.7723151264562,532.2511584139116,518.7846345343705,522.5115356445312,9827510
2018-03-05,520.7722476960406,525.6917686563049,518.0888671123338,521.31884765625,6766199
2018-03-06,522.7600121374257,527.3813939228528,508.0511874258552,514.1632690429688,12240160
2018-03-07,507.75299769941284,514.7099100535904,504.4236266645875,509.49224853515625,10428057
2018-03-08,515.2564656954627,520.722586815339,504.3242234557098,517.343505859375,8483978
2018-03-09,519.2318887185984,519.3312484871872,499.901682310536,502.2372131347656,4955525
2018-03-12,507.45485950690005,518.7349528947061,502.1874877579516,516.0018920898438,5283334
2018-03-13,513.914810242049,531.6548965233304,511.47994996155927,528.2261352539062,7846232
2018-03-14,525.691811228225,534.6860533393623,519.2815294978008,532.8474731445312,4976540
2018-03-15,531.9033134577763,535.8786744542332,524.9961115945933,526.3875122070312,3932830
2018-03-16,527.6299054938876,529.617586342372,517.293940818086,519.3809814453125,12146623
2018-03-19,519.3809268225392,522.7600081732705,513.8651251799273,516.2503662109375,4656613
2018-03-20,505.86463418376513,521.7660765156713,505.86463418376513,517.8900756835938,5398111
2018-03-21,519.7785054655053,529.2199888343815,519.281585288196,523.0581665039062,5518826
2018-03-22,519.3809175740113,522.6606390980486,513.5669760708507,515.008056640625,7194256
2018-03-23,506.36165166020515,507.10703191289434,492.9448071117993,496.4232482910156,29385110
2018-03-26,495.92633857752827,506.1628821317572,492.14975734945955,504.1752014160156,9498614
2018-03-27,509.1444342410537,519.3312985301854,505.91445288108514,509.0450744628906,6423140
2018-03-28,509.7406790519423,509.7406790519423,498.51026623709043,507.3554382324219,10980960
2018-04-02,503.628534012684,505.36775440641304,489.1681708709468,495.9759521484375,7120498
2018-04-03,490.9570894425788,502.883172586933,490.6589494958091,498.4605712890625,6053789
2018-04-04,501.3924706547681,501.3924706547681,487.2302452695739,489.2179260253906,6047813
2018-04-05,495.33003673936514,501.5415390819274,492.149765737734,500.0010986328125,6682587
2018-04-06,499.85195712405806,499.85195712405806,492.1496953213148,497.118896484375,3812133
2018-04-09,499.10661240303654,518.7846382747208,498.11277209982825,516.1012573242188,8708770
2018-04-10,519.7785205655443,546.314070936582,518.1884002156407,542.7859497070312,21689156
2018-04-11,546.7115184253709,547.6059989486756,530.7107140446329,536.4749755859375,9261807
2018-04-12,533.9904490659272,546.6122346152478,531.5555278889818,545.3699340820312,8021652
2018-04-13,546.6121297012005,552.1279308781648,532.4499063407603,539.2080078125,8788919
2018-04-16,538.1645404325259,540.450361067066,527.0831964535686,539.0590209960938,6418203
2018-04-17,541.593226757301,541.593226757301,526.983763749246,529.1205444335938,5541004
2018-04-18,532.2014845587238,532.2014845587238,513.3185187200389,515.0577392578125,7131174
2018-04-19,517.7908049571635,518.2380452314807,505.9641112553478,509.74072265625,10559623
2018-04-20,510.3369637201102,510.68478354075967,499.90164119029293,502.58502197265625,4437940
2018-04-23,505.2684313195711,508.0512025163075,496.9201783885634,503.0820007324219,4766412
2018-04-24,502.88317513378075,511.57927747058034,500.2495044919839,501.7402648925781,4564259
2018-04-25,502.88320970468794,502.88320970468794,493.2429463196158,495.33001708984375,4608455
2018-04-26,493.6901695850228,497.96367074803084,480.32300540302,490.7086486816406,14919977
2018-04-27,478.2856633435787,539.7546640727304,478.2856633435787,535.8787231445312,58859461
2018-04-30,532.4995059464511,532.7976458404138,510.23752441558344,514.1134643554688,18357008
2018-05-02,515.3062635180489,524.6980677236521,512.225382445365,520.52392578125,25195767
2018-05-03,518.7846372207333,535.4811421488713,518.7846372207333,530.1144409179688,12001916
2018-05-04,530.6114824267999,530.6114824267999,515.8529141831322,517.09521484375,5929870
2018-05-07,520.5239460249272,534.5868129353938,519.7785656726243,532.7978515625,6792091
2018-05-08,533.3444305956226,544.1275737757176,530.1641294481074,538.909912109375,12028184
2018-05-09,539.7546370974729,546.2643395226684,533.741915476348,545.1213989257812,7556830
2018-05-10,545.1214123667152,550.5875340950961,539.6056107544614,544.2766723632812,11415139
2018-05-11,545.2207234760197,553.0720855215848,542.1398430404752,549.8917846679688,4960854
2018-05-14,547.8048488940473,555.4574322215867,544.1773071155211,548.5005493164062,4999526
2018-05-15,544.6244243880801,560.0289473406626,543.9784040005856,546.31396484375,6752759
2018-05-16,541.6429204767401,549.3451821899414,537.7172394717214,546.6121215820312,9929095
2018-05-17,546.6121387603047,549.593659517179,533.1952953543699,536.1271362304688,8551787
2018-05-18,533.4934332493152,537.369434482044,525.2445713188151,529.6174926757812,7343619
2018-05-21,531.7045590141695,534.4872997145536,518.6355348420113,523.604736328125,4258800
2018-05-22,525.1452825037483,530.2138441920434,517.4430195375096,520.07666015625,4711540
2018-05-23,518.7846306613407,524.9464525826444,516.2006701745992,517.04541015625,4426060
2018-05-24,518.4865547738243,533.6923009368317,517.8902141314447,531.1580200195312,5188026
2018-05-25,532.3008830689703,540.1522463317701,529.2200021557821,535.1830444335938,4588810
2018-05-28,538.3633478686578,544.6245301528074,537.6179675810399,542.7859497070312,5611936
2018-05-29,543.6307183060675,546.5128798331642,539.8541367824004,544.3760986328125,8015443
2018-05-30,540.4006389055974,541.3447992801221,531.7542165512688,538.3135986328125,5919369
2018-05-31,539.6552535737262,548.401035606618,528.9714709293108,542.5374145507812,15652651
2018-06-01,539.6552830295545,540.9472632880252,529.5677797184537,533.3444213867188,4061137
2018-06-04,536.226482894259,538.6117237051751,527.977621133564,533.7418823242188,4291186
2018-06-05,531.3567227769223,532.6983828730922,521.0207597410795,527.6298217773438,5088506
2018-06-06,526.7353693086212,530.5119503906923,523.3562879588108,528.1267700195312,5281259
2018-06-07,530.5119577349788,546.6121832648001,528.8721575807043,539.0590209960938,6932191
2018-06-08,537.7173247365495,538.5621254539234,532.1518428797926,534.08984375,4627913
2018-06-11,536.4749841633225,539.2577248836993,527.0831811552522,536.6240844726562,4095873
2018-06-12,540.1522316038354,541.1460719563723,532.4996487574606,533.8413696289062,3320721
2018-06-13,536.4749625633801,548.4010457355599,533.5431216517135,537.3197631835938,5924906
2018-06-14,536.4749644178113,536.4749644178113,527.7291821931539,528.7230224609375,3736633
2018-06-15,524.5488816052323,531.3567238402704,512.9209383314383,525.4930419921875,7854953
2018-06-18,526.9838202518987,527.7292004785633,518.2380377242065,519.3312377929688,3711213
2018-06-19,518.9337428647093,521.1698835653746,511.2314804513071,514.0142211914062,6483110
2018-06-20,517.5423265483306,524.1513886834379,513.9645257989052,515.9024658203125,4555002
2018-06-21,518.0392423616233,518.7846225664603,507.9517696554174,509.8897399902344,4856050
2018-06-22,509.84006653313594,524.5488906287632,507.4051457014794,522.4121704101562,5932446
2018-06-25,517.1448532436661,520.1263745899178,509.9395099902246,512.026611328125,4882240
2018-06-26,513.3185048393092,515.5049655880827,508.89590345958027,511.0326843261719,4505122
2018-06-27,512.8215941262512,512.8215941262512,498.5102998909732,504.7218017578125,5659070
2018-06-28,504.8709029652913,510.33702494621474,497.7152402402421,501.4918518066406,4854274
2018-06-29,502.6843634293881,511.33078534252877,495.6778021177575,507.653564453125,7747444
2018-07-02,507.60393558798216,510.6351363852533,499.9016732271268,509.0946960449219,6799910
2018-07-03,509.74070759972665,516.697589610552,506.11316628754594,508.39898681640625,6658467
2018-07-04,508.7965440128818,513.0700450895364,504.5230126066288,511.57928466796875,3893493
2018-07-05,510.8339073345386,514.6601681744355,505.86470590132325,507.8523864746094,2692462
2018-07-06,509.84012722211867,513.7161290611732,506.36168580832253,510.53582763671875,2706424
2018-07-09,511.9271445324284,526.0396897586286,511.9271445324284,522.0146484375,6295104
2018-07-10,524.698012085767,531.60521448123,518.7846500160051,529.2696533203125,5281760
2018-07-11,529.1205337488389,539.0091949686265,527.5303530723775,533.2449340820312,6432494
2018-07-12,536.3756564334229,542.338698615764,532.0027345693586,535.033935546875,4128221
2018-07-13,536.37571239064,537.6676928664257,516.2504429256768,519.778564453125,4169212
2018-07-16,519.7784526599336,526.6359746738095,515.1570712167742,518.8839721679688,5032325
2018-07-17,518.4865648813505,536.524732304887,515.8031835863435,534.5867919921875,4511522
2018-07-18,537.8664264742623,539.0590470636249,511.8277963531914,523.306640625,4954888
2018-07-19,524.7973540759782,534.0897972020016,515.2068316533821,523.5550537109375,5276418
2018-07-20,523.5550750974259,533.1456585709814,521.7661746305326,530.41259765625,2532288
2018-07-23,531.6052855090736,541.4442696525832,527.282043119125,537.0216674804688,6009401
2018-07-24,537.7172638078798,545.5189462917937,534.7357430097667,542.7361450195312,6171893
2018-07-25,543.6305781947217,544.1274982844792,526.2383750532086,528.971435546875,3341114
2018-07-26,532.1020970361965,540.649098969462,523.1575347370693,538.3135986328125,7920089
2018-07-27,539.8540199655203,551.5813224368434,533.9406585210704,549.8421020507812,7678597
2018-07-30,552.6249092880113,567.6816147125776,547.4072474995853,566.1411743164062,12949737
2018-07-31,578.4150971516855,580.8500181976524,544.6245244658481,547.009765625,21735293
2018-08-01,547.1090744600883,552.0782758629955,534.9345310229655,541.7920532226562,6871812
2018-08-02,541.8914696217237,547.9041918158096,535.679967218907,543.879150390625,6495837
2018-08-03,543.1337281069895,574.9862978339403,542.3883478762846,571.209716796875,15953749
2018-08-06,571.6569155118959,600.2795021584744,571.6569155118959,593.1238403320312,22629303
2018-08-07,593.3226539389418,603.1616970870353,580.1045901957597,589.39697265625,16424825
2018-08-08,593.0742544688063,595.2110355772435,583.3843106379377,592.6270141601562,7138029
2018-08-09,591.3350188884182,620.553949967762,591.3350188884182,617.2245483398438,18227195
2018-08-10,617.472940567551,620.0569616355589,607.4848580999552,611.7086791992188,16074351
2018-08-13,608.2302529735088,612.2056141040546,598.8881300530473,601.1740112304688,8445677
2018-08-14,604.8512381582643,617.4730232653905,604.8512381582643,614.2430419921875,10225641
2018-08-16,611.1124188594563,631.0885844337594,607.4848775356463,619.6097412109375,18777302
2018-08-17,626.1194162147247,628.5543371873998,616.4791527538641,623.43603515625,13411536
2018-08-20,626.1194369204031,626.7157168823605,618.2680736858154,620.553955078125,6463139
2018-08-21,621.547761311458,634.3185851786768,613.4976183120257,631.833984375,15522297
2018-08-23,640.6792696681969,640.6792696681969,624.6784020448549,627.8587036132812,12699837
2018-08-24,634.1197940999077,639.4368761240449,630.0947529988682,635.9584350585938,15035968
2018-08-27,639.0394050358415,647.4870488038114,638.0455645925509,646.195068359375,9819034
2018-08-28,647.9839112416302,658.7173749401727,638.0455076949794,655.9843139648438,9886447
2018-08-29,653.4500397207007,663.5375436850129,649.2262181711753,652.853759765625,13329261
2018-08-30,657.7732473634766,657.7732473634766,639.0890598933071,645.747802734375,14868623
2018-08-31,645.4992535238226,649.4746145924836,637.3000713197093,645.2507934570312,10207700
2018-09-03,651.4126105737326,651.4126105737326,625.7218034562336,627.9082641601562,6494484
2018-09-04,627.1132167933985,640.4307008114853,618.9140344819158,637.8466796875,9305124
2018-09-05,637.0516307723998,642.6668527176141,627.461047636718,633.7222900390625,8837398
2018-09-06,634.9645601703193,639.3374208760532,620.7525960638977,634.2688598632812,10026621
2018-09-07,636.0578067374759,644.0085293216943,628.2064439218803,641.5736083984375,6999943
2018-09-10,640.9772503216878,673.7739769830803,639.3373897249414,647.7353515625,32430222
2018-09-11,647.636146400832,661.5995924382947,643.462004424786,646.1453857421875,19162102
2018-09-12,660.9037962243209,660.9037962243209,626.2187456625534,631.5358276367188,14448365
2018-09-14,637.8466816023132,640.0331423571116,628.107058959153,632.47998046875,12083354
2018-09-17,629.7965610396756,630.0947009745441,618.1686183062562,622.0942993164062,6644742
2018-09-18,620.1563615263083,629.1506043172458,602.4163360251729,604.8511962890625,10724450
2018-09-19,607.8327286174189,618.6656126038001,597.5961852314772,605.0499877929688,9373364
2018-09-21,615.1375023646367,630.0947876364696,559.9296825513572,595.5091552734375,24788799
2018-09-24,595.9066118372151,602.0187538661049,584.2289884646576,593.6704711914062,11998797
2018-09-25,595.1115905589324,615.9822379478875,585.9185673042738,610.5657958984375,17515392
2018-09-26,615.1872912836421,620.5043138832326,608.2800874322176,613.6468505859375,8725133
2018-09-27,613.5473135347502,615.9325546295898,593.3226867508918,596.4533081054688,9683836
2018-09-28,594.8134500384574,615.9822373816701,590.3908483449277,609.4725952148438,16754620
2018-10-01,611.3111624018692,613.6964034563105,568.9735886295348,589.7945556640625,20117451
2018-10-03,588.9497862046934,588.9497862046934,565.5945372239191,568.7251586914062,18385327
2018-10-04,561.5198081856344,586.9124174682062,550.3887839269282,582.638916015625,16877024
2018-10-05,582.3903729146053,586.8626539352806,561.5197281514539,564.9981689453125,9860010
2018-10-08,566.4889908060687,570.9612723124325,542.7361825419237,553.121826171875,12918017
2018-10-09,558.4389452645236,560.4266260653808,545.7674801590587,549.4446411132812,8053297
2018-10-10,550.5379251874081,587.1609212253729,549.4446643052677,585.57080078125,13695001
2018-10-11,551.5814064114605,582.1916777345264,546.7115643254081,577.2721557617188,11223315
2018-10-12,586.0179828428395,598.540346907994,577.1727795214903,581.2972412109375,10689006
2018-10-15,581.3965586143415,581.3965586143415,565.9423545300218,572.9985961914062,5065325
2018-10-16,574.1912961179006,590.6890226383939,566.7374930527614,585.222900390625,13083651
2018-10-17,591.0865982719014,595.1116398987843,563.1099657840003,572.5017700195312,9609195
2018-10-19,566.8865833682922,572.9986653782634,551.1341767732468,559.0848999023438,12664549
2018-10-22,564.4516956129945,568.476737302966,554.7617512271485,558.5880126953125,10235243
2018-10-23,553.5691090418147,567.880435226865,550.0906676025933,559.28369140625,9513054
2018-10-24,570.961268858306,573.3961897955469,553.8175231876259,560.6253051757812,9759225
2018-10-25,554.5627938686999,561.2215348874914,549.0469932658219,557.593994140625,13041860
2018-10-26,558.5382465214104,560.5259271140134,531.2573182560964,534.387939453125,9229395
2018-10-29,538.0154024713567,573.4458321346914,535.2326618649339,563.2092895507812,15917739
2018-10-30,561.3706679988486,568.228190317961,555.5567265198779,559.2339477539062,8522604
2018-10-31,564.7994372732247,582.3904229304378,554.5628941897343,578.8126220703125,12135088
2018-11-01,578.4647519743606,604.3046005556874,578.4647519743606,598.4409790039062,16048865
2018-11-02,608.6775724848284,614.0940148622792,601.3728090608224,606.888671875,12488669
2018-11-05,625.0262367704136,629.1009580485955,613.3982922386227,620.553955078125,24201213
2018-11-06,622.1440387457936,624.2310791488331,596.3538703752105,603.7083129882812,15354794
2018-11-07,609.1247822301342,609.1247822301342,600.9255992423332,603.1119995117188,1528117
2018-11-09,605.2487103934648,619.957533916508,597.2979884178527,609.4228515625,13927467
2018-11-12,608.7768847805789,614.6902469028342,601.0746221880212,602.8138427734375,7073703
2018-11-13,602.7144716005171,616.9263759834799,600.3292305791083,614.491455078125,8938939
2018-11-14,618.4171890815708,619.4607093700364,605.0500235658053,608.926025390625,9840254
2018-11-15,609.4725244057772,628.603948938694,606.9879238170868,622.2433471679688,11005288
2018-11-16,622.7403410393194,632.7781650019648,612.7522576216941,615.9822387695312,12204545
2018-11-19,615.9822253399834,616.47914550574,604.8512014951966,612.5037841796875,9046876
2018-11-20,610.9136422136773,615.7834232696001,605.7953404245038,608.8762817382812,6658508
2018-11-21,607.1370652293366,624.7777306036047,606.441364885554,622.98876953125,7842430
2018-11-22,621.9452915676021,625.5231532960063,608.3296663634026,610.7645874023438,6946666
2018-11-26,614.8393196323481,630.8401240366325,612.7025387453075,627.1629028320312,9528169
2018-11-27,626.0200020635739,634.7657841921556,619.1624800275202,621.3986206054688,11251342
2018-11-28,626.119391742083,627.9082921580779,618.6655894594392,624.08203125,9035388
2018-11-29,628.1069609655348,632.2811016354343,617.6716396203794,627.5106811523438,19643832
2018-11-30,629.100849293348,631.3369897529216,620.156287455054,621.8955078125,8984998
2018-12-03,628.1070784078069,629.1009187217433,617.7711148791888,620.951416015625,5914250
2018-12-04,621.1004903017698,623.6844507460548,614.7895681771872,619.4109497070312,8382005
2018-12-05,617.0754097121694,620.106610216211,609.6216081485301,611.1620483398438,9728083
2018-12-06,606.4910654009437,610.0688663489693,594.5649813619248,596.3538818359375,7519849
2018-12-07,598.6892963157378,605.7455367127038,588.701154853258,600.229736328125,12262327
2018-12-10,591.3349406372865,597.7949021736601,581.6946782127053,586.6638793945312,11643401
2018-12-11,577.4211102549972,612.8515348294993,576.9241901945368,600.5278930664062,16429956
2018-12-12,601.0249024072533,618.1686470397875,599.285681937286,616.1312866210938,7232578
2018-12-13,620.951400805958,622.0446615200287,612.3547186964956,615.2864990234375,7419355
2018-12-14,615.2865027557309,619.1625041723348,607.534560581721,616.429443359375,4165047
2018-12-17,618.7152730575498,620.6532737945124,612.3547314670243,613.3485717773438,4843342
2018-12-18,613.8454353788941,617.9698358912195,610.0687940202633,615.5846557617188,8492688
2018-12-19,620.4047869196334,647.6360345098603,615.3362258196112,637.6976318359375,16759139
2018-12-20,633.0266309809658,642.9153547189743,625.1255879678152,629.05126953125,11004125
2018-12-21,629.3990813213096,633.9210427805191,612.851675894637,617.0257568359375,10715457
2018-12-24,622.1439732993522,623.2869138079083,609.7209706376239,611.2117309570312,6191605
2018-12-26,607.2364392592312,619.8085436483273,599.7329569288662,615.68408203125,6519211
2018-12-27,619.7090741998735,622.1439949380996,611.8080321003702,613.7460327148438,12304812
2018-12-28,620.0570101453757,624.1317312609469,616.1810085697247,621.1998901367188,6372911
2018-12-31,626.5170509153393,628.0574914981394,614.9884651715291,616.0817260742188,6030093
2019-01-01,618.0693336985013,626.3181964152044,618.0693336985013,623.43603515625,12179223
2019-01-02,619.1624928055688,624.6286143311396,613.696371279998,616.2306518554688,12386281
2019-01-03,617.5724262537913,618.1687062083179,599.9317597984896,604.2052612304688,13228602
2019-01-04,608.2302246972524,620.9016877117785,605.7456241061689,615.7833862304688,8381367
2019-01-07,622.1440151988021,636.7534794447347,620.3551148268749,633.5234985351562,11735286
2019-01-08,632.0824410610834,649.7231066724579,626.7156790902814,646.8906860351562,11879875
2019-01-09,648.3316265875275,667.9102905500835,648.3316265875275,665.9722900390625,18003387
2019-01-10,664.7797724997553,664.7797724997553,650.5678082902702,659.16455078125,12751327
2019-01-11,660.9037708645911,664.3822117638784,654.1456692492435,662.39453125,8330315
2019-01-14,658.9161686959096,658.9161686959096,648.5305246442015,655.1395874023438,6856244
2019-01-15,657.2265230372924,660.1583638077956,651.0150216841893,656.5308227539062,5467484
2019-01-16,656.6303122170685,666.2705754626161,656.6303122170685,659.9099731445312,6598151
2019-01-17,665.7735732885304,675.811335030453,661.5000119073079,672.4819946289062,10448209
2019-01-18,670.7428289936005,671.8857089196699,657.3756651005855,660.5062255859375,7037386
2019-01-21,657.474966254432,660.4068069498551,652.4560854214897,656.232666015625,6157956
2019-01-22,652.3071182059952,659.5124610610346,649.8225172214987,657.5247802734375,7951640
2019-01-23,655.4377397101421,662.8915426636312,654.5432590920419,657.5247802734375,7596006
2019-01-24,660.9038550783657,661.4504551574922,650.9654512426008,659.5621948242188,7013582
2019-01-25,661.1025506840041,672.6807532754573,661.1025506840041,665.62451171875,6628922
2019-01-28,664.8791693601464,670.2956111975359,646.3440232600442,652.2573852539062,7792690
2019-01-29,654.4438519515732,666.8668559749515,645.5489689389943,656.6799926757812,8302420
2019-01-30,682.8179682798462,699.0175530924946,679.5383074106545,686.6939697265625,46912230
2019-01-31,692.9552236363727,722.3728754137618,684.8057201688298,718.2484741210938,35239544
2019-02-01,716.3104113382344,721.9256334153876,701.0549866750437,712.8319702148438,13792059
2019-02-04,706.9186076061758,720.03731196428,703.6389466814495,716.0619506835938,8195956
2019-02-05,717.552667775981,727.0935100090471,715.0680671257871,725.0064697265625,8665426
2019-02-06,726.795403617022,729.975704727935,711.1920986816035,721.2796020507812,8077340
2019-02-07,721.7765253814791,729.2800075926757,719.5403846832232,725.6525268554688,7203465
2019-02-08,722.5219738432888,728.2862360557273,711.8381894982883,714.9688110351562,7341956
2019-02-11,715.4657398402735,715.4657398402735,700.955633369159,706.471435546875,7234953
2019-02-12,696.6820818213666,709.0057263626289,695.6882414764004,701.2537231445312,15856819
2019-02-14,701.6512372133543,702.0487975887686,688.3337532065326,690.718994140625,10383603
2019-02-15,695.6882118583152,699.6635730689342,677.5009464515732,682.3707275390625,10866440
2019-02-18,681.7743974021719,693.4023402185666,676.5070563179297,689.0294189453125,7135564
2019-02-19,689.0294048765079,701.0549078028196,685.4019245086014,688.7809448242188,6816325
2019-02-20,693.3030107876774,698.6697729947028,691.0171900917968,696.0360717773438,5772687
2019-02-21,696.1851173407862,702.1481590310713,690.8183555558508,692.9054565429688,6674353
2019-02-22,693.1538840846778,700.1107657302006,686.942382615461,697.7255249023438,9822278
2019-02-25,698.5702964221831,701.4523965884262,691.8121345776043,699.3653564453125,11428024
2019-02-26,689.7251510902615,711.1920767740609,688.7809906968433,705.7756958007812,9166951
2019-02-27,710.5462027970993,723.317027613841,708.6578817822268,713.7761840820312,13284424
2019-02-28,718.993786945786,718.993786945786,702.0488217321592,705.1793823242188,26230891
2019-03-01,709.1050279533011,710.5461084671057,695.2409441466918,698.0734252929688,7713824
2019-03-05,701.3531041309686,729.3794124146792,696.3839026856015,727.540771484375,11298428
2019-03-06,729.3793786428191,729.3793786428191,708.1608530580468,716.1612548828125,10510670
2019-03-07,716.3104223092126,734.8952487278127,716.3104223092126,729.2303466796875,11263734
2019-03-08,727.4911066270995,732.7087682524988,723.9133057762194,728.8825073242188,7744794
2019-03-11,728.7830875034617,740.3116714999212,726.099706533472,729.9757080078125,9421608
2019-03-12,734.1498741934533,744.3864176040994,734.0007738781834,737.9761352539062,8131901
2019-03-13,739.0196441748258,746.3740868710566,731.9634021045716,733.4541625976562,12333789
2019-03-14,735.4418670198344,745.0821306517995,732.8579063453373,736.0381469726562,7100875
2019-03-15,738.3736429881133,744.336684626363,727.1929399163951,730.5719604492188,14560368
2019-03-18,736.4357005659356,749.2065248208412,735.6903203022049,742.3987426757812,8067253
2019-03-19,750.3493919666539,758.3001140007376,744.4360303219651,756.2130737304688,8818172
2019-03-20,756.0639889711108,762.2754906879289,749.7033869494104,751.0947875976562,9758274
2019-03-22,759.9896822710992,761.1823027515292,731.0192135395774,752.3867797851562,10355078
2019-03-25,748.0635712303128,750.349391682407,736.5847284297919,741.106689453125,7130411
2019-03-26,742.7961998237196,756.2627225846273,737.0816185961704,752.4364013671875,7300104
2019-03-27,756.6106665930946,765.2570900015763,751.1942244086455,754.6229858398438,7456768
2019-03-28,756.4118670372972,782.7983768891107,752.4862461774043,775.8911743164062,16643818
2019-04-01,776.1395789344851,778.1769393770045,755.9148928374063,760.8840942382812,6021202
2019-04-02,764.4122551112936,770.1765164487599,756.3124327829883,762.6730346679688,6592678
2019-04-03,765.257029743157,767.9900905636682,754.0266465034412,756.8093872070312,5591613
2019-04-04,758.3001232635432,767.1453258981857,755.3186024643419,757.4553833007812,7009879
2019-04-05,759.2443475657427,764.0147691142255,751.442664422194,757.505126953125,5343947
2019-04-08,759.5921678295069,763.2693892585563,743.9391823076029,749.951904296875,4918795
2019-04-09,750.3495309951288,761.2817758175744,746.3741692415123,758.6978149414062,5483424
2019-04-10,756.560890441871,763.1699523691791,753.3309096288186,756.163330078125,5933250
2019-04-11,755.8155795910052,756.6603196174661,742.3987349828808,747.6660766601562,5365803
2019-04-12,748.7592822594958,762.0270255751167,746.9703212495367,759.6417846679688,4671869
2019-04-15,759.2940637677987,765.4558863647708,755.3187021773914,758.151123046875,3707106
2019-04-16,760.3870568943261,771.2199385421628,760.3870568943261,766.35009765625,7088601
2019-04-18,773.6053082366244,774.2015881486697,764.2631852199319,766.4496459960938,6098041
2019-04-22,764.163859289571,764.163859289571,745.9268527123301,750.8463745117188,4185156
2019-04-23,752.7843710151554,754.6229513642343,744.3864080844984,748.6102294921875,5098170
2019-04-24,750.0512262519458,751.0450664720598,733.8019022575644,748.2125854492188,7825049
2019-04-25,749.3556495124025,753.8776111276195,734.0008034482454,736.3363647460938,10282068
2019-04-26,757.3062785647976,760.4368996493146,742.6471347211876,755.21923828125,23294204
2019-04-30,755.269002673918,764.9589462988739,751.1445408673071,762.12646484375,12434805
2019-05-02,760.6853622127575,763.0705424504747,743.4421972394813,747.7156982421875,7033021
2019-05-03,749.5046933282844,759.095215915028,748.8089929801148,752.63525390625,5970814
2019-05-06,741.4049276099133,748.7593707265615,739.5166066137134,742.8460083007812,5909936
2019-05-07,747.2187365584732,750.8462775834734,735.441754350457,737.2803344726562,5071941
2019-05-08,737.3301456651361,740.1625662673339,728.8327625401465,730.9695434570312,6739894
2019-05-09,729.3793532510177,735.9386743631636,724.9070723129566,726.4971923828125,4193451
2019-05-10,729.8762570713045,733.9509775713962,725.006415894832,730.522216796875,3913815
2019-05-13,729.4787749215781,738.274237249256,725.5034137503433,727.5904541015625,5891071
2019-05-14,724.9071526794495,733.9510753153908,718.0496302171562,726.8450927734375,7049134
2019-05-15,731.2675919092395,733.1559125138754,711.688928242189,717.5029296875,4849130
2019-05-16,716.509217519714,730.4726624038937,714.2730767164368,727.342041015625,5142617
2019-05-17,727.2923449497741,747.5170321605591,722.7207036729029,744.3367309570312,9072242
2019-05-20,755.5173619985429,785.7798094150978,755.5173619985429,777.5806274414062,15866697
2019-05-21,784.8357295225281,786.9227699752219,766.3005828967657,768.1889038085938,9251548
2019-05-22,770.0274055347421,779.1707478711919,765.4557646961143,774.3506469726562,5928186
2019-05-23,783.1461376869437,799.3457220580196,765.8532926164721,771.6176147460938,14776218
2019-05-24,774.6488436533426,790.9975289246123,773.7046832246969,788.3141479492188,9323114
2019-05-27,789.1092111564374,811.3712585056386,782.3511091373152,808.8866577148438,9128216
2019-05-28,811.2718342933229,817.0360959692326,796.066089656444,803.4205322265625,13473187
2019-05-29,801.7806465767181,807.9921483320383,797.1592650070812,799.7432861328125,5958128
2019-05-30,798.3021826408017,809.1847455350643,798.3021826408017,802.57568359375,6414384
2019-05-31,806.0044869108924,813.6570693870154,788.3141416234794,803.3211059570312,11140585
2019-06-03,808.5387680235373,809.6320287545868,798.153124704157,807.6443481445312,6427567
2019-06-04,802.5757464885044,822.6513332895672,800.5383859435173,817.7318115234375,9515354
2019-06-06,818.9243766339863,820.8623772784908,800.8364717172703,802.7247924804688,14728937
2019-06-07,806.1039109172865,808.2406920058218,796.3642872893275,799.0476684570312,6884094
2019-06-10,802.4266490552485,811.7190312094564,802.4266490552485,809.1350708007812,5923875
2019-06-11,812.1165667913165,816.390067641022,802.0290642107382,809.781005859375,5471529
2019-06-12,809.0357385428249,810.7252792983946,804.1162165948311,808.538818359375,4707478
2019-06-13,806.2530019896798,818.3281867762262,805.7560818035536,815.0982055664062,9056584
2019-06-14,815.0483761345586,818.0298969261629,792.5379305534634,796.2648315429688,8919370
2019-06-17,795.1716558637606,796.0661364605432,770.3256466109347,772.90966796875,10151212
2019-06-18,777.1335022145228,780.0156029393279,765.3564572411125,770.9716796875,8347632
2019-06-19,775.9903982450411,784.13989983012,758.6478750206358,765.95263671875,6411258
2019-06-20,767.2447174208446,770.6734786136971,754.1756931130147,766.6484375,9190732
2019-06-21,769.9777582836792,773.4561992697945,758.1013547849602,766.300537109375,12610688
2019-06-24,766.2509465510115,770.4747682408192,756.3125425749932,758.151123046875,4866859
2019-06-25,756.5609599194287,778.1769873456981,751.8898981828315,776.8353271484375,10044436
2019-06-26,778.077590491779,787.1215129041451,776.8849700070544,783.742431640625,8715757
2019-06-27,784.09030690926,801.8800116589547,776.7855444010424,795.5194702148438,18439210
2019-06-28,796.2151980921547,807.8928218735746,788.4135151703247,803.569580078125,9174348
2019-07-01,805.7560257012641,813.955208201462,802.4763648330246,805.4578857421875,5896530
2019-07-02,806.1038313925069,807.5449119384771,795.8176087001489,797.6561889648438,7549027
2019-07-03,797.7059488565695,806.5014113338694,796.5630082367177,801.2340698242188,5535230
2019-07-04,806.0103267397604,809.1945772145265,800.3383900713532,804.865966796875,5553273
2019-07-05,804.0201824134244,808.9458132520953,797.3531712291801,802.1295166015625,5871202
2019-07-08,798.0498462855871,799.6917437045523,774.8148781719592,779.0439453125,7485169
2019-07-09,774.6656108433589,784.914867536126,772.5759783834534,782.3276977539062,6448920
2019-07-10,782.7754425899351,786.1089181388629,760.7842579329259,765.4611206054688,5814417
2019-07-11,769.6901883361375,769.6901883361375,759.2419052365518,762.6251831054688,7111401
2019-07-12,762.3265872447074,764.8142736157378,747.3009858574967,752.0773315429688,8552548
2019-07-15,753.5202495273489,755.9084528886643,740.3355109255168,746.0571899414062,6350785
2019-07-16,746.3058913182031,759.4408871523092,743.8679465929911,757.3014526367188,6170479
2019-07-17,759.3414108498832,761.7793557921015,746.3556993319687,748.8931274414062,5757193
2019-07-18,750.2862247020249,751.2812992705952,730.9817537779479,736.7532348632812,11283488
2019-07-19,739.8876965276265,743.1216889332378,719.7374361542028,725.6581420898438,8091007
2019-07-22,726.404432388159,734.8625661899389,716.4536867390061,723.8670043945312,7020071
2019-07-23,729.2902579058759,735.6586994227421,722.5237014883064,724.4143676757812,7048354
2019-07-24,724.4141845945481,729.1905297087064,705.8560221926505,708.79150390625,6618279
2019-07-25,707.6969825784263,722.6728413609283,702.870834907968,719.588134765625,9972204
2019-07-26,719.9862300216346,728.3946227176731,715.6576797132328,726.2551879882812,5450010
2019-07-29,732.5739674182432,736.3552389307098,706.5029995146,716.7025146484375,10314136
2019-07-30,722.3744010147008,724.414291749782,697.547278182139,704.11474609375,14100900
2019-07-31,690.5817946274212,691.4773860900606,654.560080801101,670.77978515625,55836793
2019-08-01,670.6304776956918,677.3969722120871,659.3861478874059,666.0033569335938,17001210
2019-08-02,664.1127627213156,678.2925747120137,658.3412818848467,670.5309448242188,14426295
2019-08-05,662.2221602713427,666.0531732683546,646.9975307170453,659.1871948242188,13042504
2019-08-06,655.4555786160782,679.4865911054221,650.7787163668423,675.6555786132812,12419831
2019-08-07,675.6556837606719,676.1532210830288,651.0275863040052,656.6995239257812,10486156
2019-08-08,657.3462311284785,661.028019153469,640.0319701965847,656.8486938476562,17563795
2019-08-09,660.9285046939755,672.6206302396365,656.7491795860675,657.5452270507812,9289628
2019-08-13,658.9383598079235,665.4063441929983,641.8230659035886,646.2511596679688,7389394
2019-08-14,649.584611706005,666.1526261762112,648.7885642648554,659.9334106445312,7148518
2019-08-16,660.7294407783303,674.6604832043795,653.6146341026453,672.3220825195312,7040117
2019-08-19,675.4566239873315,685.6063970189895,673.0186790788913,681.6260986328125,9082914
2019-08-20,681.7753325379289,681.8250741170864,666.2023919863337,669.038330078125,7602499
2019-08-21,670.6803297753214,670.8296152701253,656.4010325078965,661.4261474609375,7892687
2019-08-22,661.7246287532028,666.5507164134532,654.5103376878483,657.8936157226562,9262172
2019-08-23,656.5004819423649,668.2423503364506,642.0718999216537,660.6300659179688,7775604
2019-08-26,673.9142761826041,683.2680017626732,657.2965181335202,680.33251953125,8864341
2019-08-27,693.5669670358327,694.1142458959132,677.1482368262327,679.586181640625,12015623
2019-08-28,681.7255359188267,685.9546026695255,670.1826956695548,674.8595581054688,5677087
2019-08-29,670.6803004205393,673.4167556522254,655.6546978058221,657.8936157226562,8753540
2019-08-30,661.6251405400868,665.3068680542954,636.9472413239318,660.6300659179688,17115901
2019-09-03,655.5551057174891,655.5551057174891,638.2905864549152,642.5196533203125,8461431
2019-09-04,641.0270485057749,649.7836925525321,635.45459448727,644.1117553710938,10786466
2019-09-05,648.7885937916645,656.5004214019182,640.8777391284339,646.400390625,8108303
2019-09-06,649.8832124376554,669.4364530869639,649.8832124376554,667.7945556640625,11101456
2019-09-09,664.3614945408184,672.4713150348938,659.4856053414283,668.2422485351562,5607331
2019-09-11,671.2275387254971,680.133468269643,667.6950361505933,678.3423461914062,5966906
2019-09-12,676.7501825388471,678.292596691228,657.2964870786683,659.6349487304688,8087081
2019-09-13,660.2817062690639,672.0733761409167,653.813721686585,670.9290161132812,12105997
2019-09-16,663.3166509942564,671.0782808408757,661.6748144763399,667.5955200195312,7659588
2019-09-17,663.7146868337607,665.0082715277606,634.9072681143855,637.2954711914062,17297040
2019-09-18,642.3206193863238,651.2762902995336,638.3900627830645,645.2063598632812,9702162
2019-09-19,645.0073249274016,646.798446941256,629.4841257600937,635.0565795898438,9554331
2019-09-20,637.8925437751502,686.0541774701447,619.5832080468251,676.9989624023438,38862975
2019-09-23,700.4329298398234,728.3944975986388,692.4225319275192,721.926513671875,31417887
2019-09-24,724.6630458742783,729.6384186574866,698.7911074015955,700.9305419921875,15683656
2019-09-25,698.5423016792198,699.9851718566595,680.2827088279972,691.5270385742188,17058681
2019-09-26,683.2181577289064,716.1054200011371,683.1684161486043,696.4526977539062,15007372
2019-09-27,696.7511765628681,704.4630039325106,689.0890907712854,697.149169921875,10245068
2019-09-30,700.5822575500738,708.8911668719384,678.7403580090207,681.6260986328125,20073726
2019-10-01,683.7156642885935,697.7959927498343,653.0176402739091,675.8048706054688,49442205
2019-10-03,671.6753784517416,672.5709699168249,643.5147784354128,665.10791015625,17615854
2019-10-04,666.6004992968308,674.0635588020147,648.1916191840442,653.1669921875,15317105
2019-10-07,657.6945632151918,678.5413880482026,648.4901232463868,670.1329956054688,21554138
2019-10-09,668.5906401050227,686.1039285635198,661.0280367939871,682.919677734375,11537721
2019-10-10,676.6507005098039,680.9295089690626,662.0728339182434,669.6354370117188,8679981
2019-10-11,673.2177317988672,682.6211992414475,665.0083660645496,669.38671875,11042828
2019-10-14,674.4615465632879,690.5320255239197,670.0334524803229,680.1334838867188,11099352
2019-10-15,679.2378061290204,691.4274683362863,677.9442214702566,686.651123046875,9260732
2019-10-16,689.9847412109375,691.9748903800091,680.1832201125402,689.9847412109375,10404705
2019-10-17,687.0989883613869,708.8911456676751,687.0989883613869,706.8014526367188,10617761
2019-10-18,706.3536860166678,712.1749089127187,701.7763671148371,706.05517578125,9500635
2019-10-22,708.8911890920757,719.4389558522503,699.835973538968,709.2394409179688,9704016
2019-10-23,714.4635497539211,726.4044447358808,706.5526946814664,711.3290405273438,16158781
2019-10-24,716.403895981921,719.4388610496787,698.0945009504695,704.2142333984375,8986203
2019-10-25,704.5127818095589,707.4980054612944,691.5768126520388,705.1098022460938,8226456
2019-10-27,707.4980083852217,711.5280481848137,705.0600635793228,706.6024169921875,965647
2019-10-29,703.0202199150078,739.2409604224188,700.7813020171893,734.8128662109375,10422117
2019-10-30,741.3305467635934,746.2064363985355,731.8773384491583,743.71875,10188947
2019-10-31,744.3157877112068,746.30593687621,728.4443359733996,732.72314453125,8775411
2019-11-01,732.3748532542065,746.3058966584985,724.5137401822586,744.6142578125,8484197
2019-11-04,751.2315286651107,751.2315286651107,731.9270584868652,738.9423217773438,7851370
2019-11-05,738.1463246644506,741.9275959900204,727.001477019718,734.414794921875,7306253
2019-11-06,733.3202022825467,747.2015044116663,725.160578819931,743.5694580078125,7821243
2019-11-07,746.3059920200324,752.2764399561926,728.8921855395649,731.131103515625,9871570
2019-11-08,732.275312248507,732.275312248507,719.2398005092374,721.926513671875,7427196
2019-11-11,719.8369864916979,731.8773648003097,717.6478102352594,730.0862426757812,6355142
2019-11-13,730.0862614894189,733.7680497335963,704.3635460988493,707.6970825195312,9290616
2019-11-14,707.4980117323224,718.2448048269198,703.7664821345782,712.3739013671875,8000528
2019-11-15,713.219672045661,719.9364251482884,707.0999393694552,713.3689575195312,9315652
2019-11-18,714.2645019150718,721.9265881192046,708.6921087127195,719.38916015625,7907958
2019-11-19,721.4291311060153,746.5050247755044,721.4291311060153,744.1168212890625,14424251
2019-11-20,744.3157668379591,750.1369286885345,737.5990135944347,745.0620727539062,8798051
2019-11-21,745.3108459816702,745.3108459816702,730.683237792133,733.7680053710938,5529542
2019-11-22,733.767962002434,736.3551314135897,723.9167001397115,728.4940185546875,4889776
2019-11-25,728.3448436882578,753.0724224599585,726.4044361297719,751.0325317382812,6888402
2019-11-26,753.072438080536,758.2468380989843,740.3354954667248,748.5448608398438,14624880
2019-11-27,751.281282644566,759.9881849268705,744.7138149311542,749.191650390625,8436862
2019-11-28,748.5945318580125,751.9280678632862,742.0768060503357,746.9028930664062,9235443
2019-11-29,746.2065085638726,752.6246915051693,732.8724838843813,735.409912109375,12674173
2019-12-02,735.6089184804665,742.3256722170146,733.7182523941425,740.634033203125,8285491
2019-12-03,741.280818954415,741.280818954415,727.0512646373342,729.7877197265625,5408215
2019-12-04,729.2404102837726,743.3207404372753,725.7079075330192,736.2059326171875,8016237
2019-12-05,739.3404176520451,741.330566824729,721.7275853268866,725.6581420898438,8151690
2019-12-06,729.1906987374746,731.6286438015037,711.4783819354984,714.0655517578125,7458610
2019-12-09,709.9359114915947,730.285197086673,706.5028923326503,728.39453125,8977174
2019-12-10,727.3994941510038,731.180765284226,710.4832268451664,712.1748657226562,7625748
2019-12-11,707.9955763459059,718.841913755911,705.5576314343506,713.0206909179688,8266375
2019-12-12,715.4586280351277,721.7275857861645,711.6276151690865,718.5433349609375,5519774
2019-12-13,722.026147321461,751.1320810587086,721.4291268206657,748.296142578125,14834140
2019-12-16,748.5448307612941,750.9827755574061,742.5246418764875,743.5694580078125,7286003
2019-12-17,743.9178251143317,752.7740142820542,737.6986082084984,741.9774780273438,9788065
2019-12-18,742.1266016174125,744.8630566829152,733.9669780024618,738.196044921875,6678420
2019-12-19,739.4399180484913,746.3059571480673,737.0020338427684,738.8926391601562,8400708
2019-12-20,741.0320809603459,743.3207404372753,733.6685044854934,736.2059326171875,7019925
2019-12-23,733.270469045972,744.9127928339749,731.3798030843225,739.4896850585938,10250382
2019-12-24,740.8329656583004,741.0319927053156,734.1659543577205,737.001953125,3642916
2019-12-26,733.8674499967515,737.0019589922437,730.2852060600701,732.8723754882812,7919368
2019-12-27,735.3601530973484,758.2468696348843,732.673439443861,756.406005859375,10736285
2019-12-30,757.1522365653672,761.9783237573182,747.3507159731513,750.3856811523438,10034206
2019-12-31,750.1369125190571,762.077806916821,747.6990285004706,750.3856811523438,11660781
2020-01-01,751.1818034698108,756.2069178096431,743.5197172738185,745.0123291015625,4917748
2020-01-02,746.3058390634508,755.2615091322123,743.9176360846379,753.2216186523438,5156046
2020-01-03,749.4404838488126,752.525190916109,736.8527654524016,739.2907104492188,8489729
2020-01-06,735.8079032942812,735.9571280391353,718.1453296681187,719.6876831054688,6356198
2020-01-07,724.4142717393644,734.3650172302898,717.4984914762653,722.1753540039062,9103360
2020-01-08,711.727078876798,722.1753617544023,705.6073460403888,720.9315185546875,8973215
2020-01-09,729.9369199574476,741.330535638666,727.399492015926,739.1911010742188,7559853
2020-01-10,739.3404505690278,748.0970951717942,731.1808264508339,736.4049682617188,8550490
2020-01-13,736.3551749351615,743.071928220043,731.7280539339862,733.7680053710938,6423758
2020-01-14,736.3551346649807,747.6990083306579,730.583714675323,744.2162475585938,7237665
2020-01-15,743.3704514414063,745.3108590156565,734.3650386562812,742.6241455078125,7911661
2020-01-16,742.8231550813692,746.7039701385003,731.4792808640102,733.66845703125,6487613
2020-01-17,731.2305618746417,738.7931654445459,727.2502633855979,736.2557373046875,7678864
2020-01-20,739.2907116213687,742.5247041824992,721.4291097906785,723.6182861328125,10677371
2020-01-21,722.772455033247,726.0064476784083,712.523198181643,714.0655517578125,8242803
2020-01-22,713.4683787174189,719.1900567894205,703.1195801716409,709.0900268554688,13321307
2020-01-23,721.4787945009789,733.917226447877,715.8566597016994,719.4389038085938,20643257
2020-01-24,719.836961520969,738.0468138352971,716.8517378387995,733.7680053710938,9541490
2020-01-27,728.8424338438108,744.7636281193933,727.3995634656789,736.60400390625,9170435
2020-01-28,734.7630692570519,742.823148787999,731.3797915059334,733.5192260742188,7836737
2020-01-29,736.3551440039528,741.8280538580361,729.9369012099855,731.6285400390625,7985274
2020-01-30,732.12607490013,732.7728976291233,723.7176830958596,727.2999877929688,6041343
2020-01-31,731.081251330489,733.6186791725831,721.6280435283329,725.7078247070312,8345819
2020-02-03,701.229062952313,709.2891426907463,692.1241063257778,705.4581298828125,11594991
2020-02-04,708.9408436420705,717.0506644217701,706.5028989565122,711.478271484375,9653925
2020-02-05,715.9064457017865,722.0759204771462,711.6773785774441,720.4837646484375,7975101
2020-02-06,723.8670425992215,741.33058998828,719.4389484047334,733.3202514648438,9627252
2020-02-07,733.0714114480792,745.5098429551575,730.3846980956445,744.4650268554688,8438354
2020-02-10,742.6241067141028,743.1216439771746,735.36007482016,737.44970703125,4713339
2020-02-11,739.3404448099202,753.3709726989055,738.3453701870266,746.2562255859375,7845657
2020-02-12,748.2961586602119,756.9533205150236,747.3010839811425,751.5301513671875,6190440
2020-02-13,747.4005555320168,749.7390174321865,738.6439106392927,744.1168212890625,5031706
2020-02-14,744.415215492724,748.8433092023218,728.4940233572013,732.8723754882812,6155000
2020-02-17,733.7679869876445,739.4398632540413,726.6034381830282,734.7630615234375,4275465
2020-02-18,734.1163419347989,734.1163419347989,721.1306295649339,730.0365600585938,5215502
2020-02-19,737.0019700102852,741.4300030515532,731.7280264489262,737.3999633789062,4372673
2020-02-20,739.0916796771951,750.2862692381085,733.9670210510517,740.634033203125,7529403
2020-02-24,734.3152626989735,734.7630583850737,719.4388863055016,721.8768310546875,6589087
2020-02-25,725.8073451624317,728.3945144993568,718.4935113425219,725.1605224609375,5419596
2020-02-26,721.7275311086429,732.1260719016543,718.4437973673046,725.807373046875,7136975
2020-02-27,725.110839320321,735.8078907710061,713.0206592008507,732.2255859375,8867328
2020-02-28,715.3591254515547,721.1305457524367,687.5965209347613,693.865478515625,16428944
2020-03-02,705.8064271957721,709.7369841550346,671.9738895704357,680.830078125,13854352
2020-03-03,686.5019579486043,692.3728613666526,671.6753228250248,683.7655029296875,11198145
2020-03-04,686.6014745241749,692.5719221287329,665.0083435407832,678.8399047851562,14802724
2020-03-05,683.1187134646665,690.5817729708355,671.924124205413,674.5610961914062,10508008
2020-03-06,646.7984827383693,657.5452761508079,637.8925530214498,654.4108276367188,12969235
2020-03-09,635.8526746084642,638.6886129478808,612.0703671798425,620.478759765625,14336369
2020-03-11,610.6275012855226,631.275297500919,609.0850871974726,616.2993774414062,11021433
2020-03-12,589.0841668344455,591.074316046724,525.5486775262669,540.5742797851562,29369378
2020-03-13,514.4038200303784,582.7654563219692,448.8781523859286,565.9984130859375,25599305
2020-03-16,539.6786445313666,542.3156163173636,499.8756938845127,506.09490966796875,21542970
2020-03-17,512.6126882886889,528.6831061302513,475.09836490698336,485.9446716308594,20590414
2020-03-18,487.586544678004,503.5574795557545,390.16874927395395,471.1180725097656,36240904
2020-03-19,438.87759699735096,462.6599018909755,421.662820258199,426.1406555175781,33243997
2020-03-20,429.2751605436873,447.48504327284064,412.15989627490717,426.0411682128906,30764236
2020-03-23,383.4519926032026,390.06923243716557,300.5125209082245,307.1297607421875,37622635
2020-03-24,330.31502718825277,335.8376790976179,289.56670997750166,301.6568603515625,50681510
2020-03-25,292.05436905651936,361.9583534729435,284.5913102220257,325.1903381347656,51993973
2020-03-26,334.2952767242111,397.03470923156755,330.36472046335945,339.7184143066406,62971564
2020-03-27,368.17757167113666,407.4332735543298,352.30612096165083,357.9780578613281,71042591
2020-03-30,343.3007013945079,380.11845777594783,338.6736110578607,366.336669921875,61772544
2020-03-31,382.5066669855321,387.8800637073923,370.81454053276656,377.1332702636719,34637148
2020-04-01,374.39680216789253,377.9293046992482,352.25639326892747,356.88348388671875,27744593
2020-04-03,358.4258550255971,360.51548722830205,322.4041451768351,323.8470153808594,41317365
2020-04-07,345.68887299476955,403.75147576836844,340.6637589491174,386.9347229003906,48093237
2020-04-08,381.8598517969422,425.5933896415044,371.66033784015093,389.42242431640625,64930598
2020-04-09,403.00519303648633,420.91653494921906,396.6864635660415,418.08056640625,44090546
2020-04-13,415.89140010773406,425.79237317870303,400.0199496596556,416.886474609375,33431643
2020-04-15,431.86232381454965,449.42538229254126,410.4184809425527,415.24456787109375,48315019
2020-04-16,406.5874483731645,424.8968131717496,398.72636586568797,420.4687194824219,42344330
2020-04-17,447.78357478636104,483.5067472347528,430.2702555657077,476.44171142578125,47831797
2020-04-20,479.62590182302284,481.0687719733377,449.02736140589013,453.7042236328125,42163627
2020-04-21,433.85252620474427,437.78308302712975,410.91606878968,418.578125,33572119
2020-04-22,416.4884519642017,432.40964519267555,409.9707256332017,429.0263977050781,36619611
2020-04-23,432.4594005842485,437.6835419123242,423.95149505816636,427.9317932128906,29418000
2020-04-24,413.9509932812224,417.5830091440111,399.27364436079444,401.9603576660156,35773252
2020-04-27,412.95596784005676,427.3845498489262,407.08503364783235,425.19537353515625,35986805
2020-04-28,435.84266264170117,456.14217784197103,433.1062075680375,453.20672607421875,43938246
2020-04-29,428.62837701044356,446.63923305229855,423.85203115468005,436.937255859375,61499689
2020-04-30,448.77864027416297,459.6249472361606,438.2308435423812,442.70867919921875,40382553
2020-05-04,421.9116017562003,421.9116017562003,397.7313027647202,400.8160095214844,37853978
2020-05-05,411.960847124036,416.6874510463528,384.59629810009636,387.083984375,50981056
2020-05-06,383.1036800266712,392.50714613786766,366.2371552136565,386.9347229003906,67511628
2020-05-07,385.09382578752593,400.26871168742196,380.8150176479032,395.3928527832031,41339309
2020-05-08,401.51260598478444,407.4333120737222,377.78007041260213,380.1682434082031,33505509
2020-05-11,389.0741265604329,391.5618127916377,374.9938285652663,377.6805114746094,30141935
2020-05-12,374.4465554677311,389.8702115879195,368.17759770772244,384.9446105957031,38411107
2020-05-13,408.9756224259086,414.3987906366128,397.63177911820486,411.9608459472656,48206058
2020-05-14,403.0549523101189,408.97565829363657,395.691406385098,399.9702453613281,31604212
2020-05-15,400.76627055076784,401.910600197075,384.8948195080587,386.6361999511719,25435025
2020-05-18,387.0840427593131,387.0840427593131,350.56479058858355,357.03277587890625,47864748
2020-05-19,366.98349104035117,370.6652791140278,348.37561471189923,352.7539367675781,42889678
2020-05-20,351.26130025929416,364.4957790286736,348.2760767443427,360.7145080566406,30720803
2020-05-21,361.21206358455083,367.1825109165269,353.94803147755283,355.4406433105469,24794914
2020-05-22,350.36571590984846,357.978029291802,331.2105329665067,335.29034423828125,48367892
2020-05-26,340.31549132408384,345.9874283263912,334.69332626893714,339.6189270019531,30692834
2020-05-27,344.3953268061024,390.5170408135583,339.8179775504179,385.0938720703125,72430787
2020-05-28,388.0790810770726,405.6421411087741,385.0938573764797,389.0244140625,72693713
2020-05-29,380.1184427640244,387.3327325808809,373.5012036951189,383.0539245605469,51056390
2020-06-01,392.35787075969915,407.48301559790696,390.61649035116113,394.9948425292969,44252980
2020-06-02,396.03967002320337,412.95593733575225,389.62142704300663,408.080078125,37508638
2020-06-03,419.9214663579365,429.87221200622884,403.25396739704684,407.53277587890625,49055899
2020-06-04,405.5923915605669,411.8613490617688,389.6214268557422,392.40765380859375,45553578
2020-06-05,397.0347532955296,407.8810600314029,388.57661945339424,403.3037109375,39002875
2020-06-08,412.95594183807106,442.5594099577882,411.96086727942514,428.1308288574219,60387580
2020-06-09,432.8077151311273,440.32051631340966,414.44857637183077,417.9810791015625,46273705
2020-06-10,420.1204935428572,430.5687764766741,413.2544547496792,425.3446350097656,36163051
2020-06-11,424.3993160947835,433.4047290607907,406.68700039529597,411.4136047363281,45562670
2020-06-12,388.0790463615866,410.4682221132166,387.2332269819613,405.9903869628906,47813512
2020-06-15,403.9505043799235,403.9505043799235,381.7603248668043,387.6810302734375,39577100
2020-06-16,402.90568177782296,403.0051953069074,358.6248640218788,379.6706848144531,96186227
2020-06-17,375.59088120307655,395.79088135406556,373.45144673978416,387.6810302734375,56949066
2020-06-18,384.0988170335664,406.04020104103756,382.10866772251165,403.40325927734375,43773580
2020-06-19,405.49286951150066,420.21996035544197,405.49286951150066,414.9958190917969,52085319
2020-06-22,417.9313104396511,433.7529896899848,416.04067487063907,428.03131103515625,40454004
2020-06-23,428.3795891156974,442.80816993376385,428.28007558832667,441.4648132324219,30757220
2020-06-24,445.79340795868836,446.2909452443566,420.1204961651167,422.55841064453125,33577082
2020-06-25,416.9362418555266,426.5884772625728,408.3288529598859,419.6229553222656,49853200
2020-06-26,423.90177599587975,426.6382311226137,415.9411792635628,422.7574462890625,32610915
2020-06-29,412.95595585083356,413.7520033778563,400.3682683302796,402.8061828613281,36319455
2020-06-30,407.98053929323044,412.75688467951414,402.05983395414285,404.64703369140625,26951915
2020-07-01,407.9806034288445,435.1959009749296,404.64709730298443,431.1160888671875,53380512
2020-07-02,438.82791706430135,439.32545438523596,419.2249344725716,421.1156005859375,50362770
2020-07-03,427.8820751525166,429.4742005753747,421.56334541111335,426.3397216796875,31044457
2020-07-06,432.0116208355127,435.4446402675417,428.9766555274558,431.86236572265625,18424079
2020-07-07,431.3648474138169,446.78850401108144,424.1008148407219,445.1466369628906,37991679
2020-07-08,447.78353331514353,459.1273767523409,438.82786264884066,441.96234130859375,45877067
2020-07-09,445.6441720507423,454.7490986973786,443.8530195247905,451.5151062011719,29162679
2020-07-10,447.68407101939033,449.2264549198887,434.8476143355697,437.434814453125,25676354
2020-07-13,441.763352829748,444.20126722493796,430.61850586890387,437.8825378417969,21326370
2020-07-14,432.75790268417853,433.6534636787456,413.3539495437467,415.64263916015625,25685579
2020-07-15,421.9116422934942,442.26093058403796,420.66779900843085,424.548583984375,43250557
2020-07-16,429.82247498999715,434.0017699863084,416.38896822212655,431.86236572265625,30183647
2020-07-17,431.86238848418395,437.73332271500846,422.5086930559063,430.9668273925781,33464985
2020-07-20,435.54415379853464,440.6190098392507,427.18550307138,431.86236572265625,30400586
2020-07-21,437.8328142882996,448.77863464550705,436.34020242140764,444.0022888183594,43147019
2020-07-22,475.6456399210054,482.2131380937862,457.83381136143345,476.5909729003906,89611937
2020-07-23,470.62054799014453,472.41167013759826,456.9382721304458,458.58013916015625,40249567
2020-07-24,454.35106339862733,454.35106339862733,439.3751726142204,443.4052429199219,30566635
2020-07-27,444.7983218336995,445.7933963791888,427.7825410323801,429.4244079589844,21924237
2020-07-28,431.8623735044431,437.83282106441237,422.30965133503895,434.8973388671875,33057573
2020-07-29,433.6037653389939,444.7983548055773,432.16089499417177,438.7283935546875,24404819
2020-07-30,439.72343679375024,443.7037349867098,422.65791436488934,423.75250244140625,26861618
2020-07-31,426.88695395256906,432.31012204129604,419.2248682731817,429.5238952636719,27499638
2020-08-03,429.4742165595521,429.7727268017688,413.65253600944453,415.2944030761719,23824107
2020-08-04,419.7722225115303,429.0761760158145,415.29438684963304,427.0362548828125,24746211
2020-08-05,436.8377179152878,444.64905903574527,431.0165258513919,432.80767822265625,36932321
2020-08-06,433.8525026951321,436.14116200739755,424.99634529613866,430.8672790527344,33465135
2020-08-07,429.32493832859456,434.8475900832025,425.04609942778234,431.1658020019531,15569399
2020-08-10,431.86236423801444,434.84758795394544,427.1855016028162,428.9766540527344,14888044
2020-08-11,433.1559667847926,447.6840622044505,433.1559667847926,445.7934265136719,30469633
2020-08-12,442.609155317202,450.52001027287554,436.7879933932426,448.8781433105469,23184137
2020-08-13,451.86339206986946,454.5003337455692,443.156489124552,445.8929443359375,21885850
2020-08-14,449.2761260327996,449.2761260327996,423.5037031710374,433.7032165527344,36725538
2020-08-17,436.93721523793414,438.8278506981014,423.2549409814741,435.99188232421875,30198343
2020-08-18,437.33526007781774,445.0470877583709,433.1559348653217,443.6042175292969,21768516
2020-08-19,443.8032681151226,449.72397408553815,440.2707654597676,442.01214599609375,18127671
2020-08-20,435.7431298607259,439.12637718342785,431.11603937767296,432.80767822265625,16688938
2020-08-21,437.8328134247685,442.65893119165383,434.1012837648983,438.2806091308594,25087973
2020-08-24,441.8130955052357,447.2362638920145,440.12145664130514,443.6042175292969,18196776
2020-08-25,448.7288569667052,454.1519947598028,444.89781407640754,449.57464599609375,26273592
2020-08-26,449.77370756724616,462.51064997091663,446.78848384445473,461.06781005859375,25914508
2020-08-27,461.71458873812634,472.16287145741586,461.71458873812634,470.7200012207031,19544214
2020-08-28,474.1032651756194,510.4732265793475,473.7052110755083,506.69195556640625,59179945
2020-08-31,521.8668609278986,531.2205252757041,483.90474247640714,494.30328369140625,55830536
2020-09-01,492.6116623563958,500.92054123482353,477.28751978354904,483.3077392578125,33276725
2020-09-02,484.6012683065308,485.5466012026992,469.77466473364393,482.0140686035156,20750575
2020-09-03,485.99439084922903,487.536774579887,470.769762797697,472.61065673828125,14045705
2020-09-04,466.68993196162455,470.62048831161815,450.3707165336473,452.9579162597656,29405304
2020-09-07,454.7490958826752,464.84909708101424,448.4303660480511,456.44073486328125,25967554
2020-09-08,457.5352603420626,460.12246021384385,439.0766398124345,442.161376953125,21052285
2020-09-09,437.7333046291056,441.1663241002309,422.9066993602808,429.12591552734375,31657672
2020-09-10,434.30027909119553,446.48994175603127,428.62834227575416,444.6490478515625,34434841
2020-09-11,443.80324337972615,447.6342864195736,437.08649025682666,444.9973449707031,18620781
2020-09-14,449.773681274142,452.7589048224217,435.8426380488367,438.38006591796875,17622727
2020-09-15,438.87762067058014,449.6741856740179,433.75299278187464,447.33575439453125,17328721
2020-09-16,447.33578647074245,448.3806330495693,437.8328359287416,443.80328369140625,20016188
2020-09-17,438.778128734805,444.2510386820404,436.3401839750397,440.718505859375,14306232
2020-09-18,442.3603920755671,447.08699632718503,433.90225815161926,441.16632080078125,20809690
2020-09-21,440.8180410605772,441.81311564536406,418.4786044852057,421.26483154296875,19013877
2020-09-22,421.91162879721634,424.5485704037456,404.2987962972183,409.9707336425781,27558176
2020-09-23,416.04068916409034,420.8170350148759,404.09979416986016,417.68255615234375,18612700
2020-09-24,411.9608411977358,412.2593513995244,399.17412785522293,400.4677429199219,21177182
2020-09-25,405.49287562871507,414.64757355668655,398.1790716758239,413.00567626953125,20460096
2020-09-28,417.93133131536354,438.4298741152371,415.9909237016355,437.0865173339844,19387091
2020-09-29,440.2209866311406,441.1165476766614,422.7076680088608,424.7475891113281,19996904
2020-09-30,424.8968419606249,425.99143006254803,416.68747674709994,422.55841064453125,18485278
2020-10-01,428.0811106448808,443.1067130068537,425.2948835082157,441.5146179199219,21083211
2020-10-05,441.8628277832931,454.20177610623296,436.8874551909026,441.96234130859375,24252318
2020-10-06,447.286017105454,450.4702678613424,440.5195222082733,447.4352722167969,19387351
2020-10-07,444.79832528477965,453.70425468291353,441.31556434854537,450.8682861328125,19873734
2020-10-08,453.3061796968984,459.3761402654609,445.04707343242535,449.6741638183594,20909290
2020-10-09,451.06730891497574,467.486039992675,447.9328299645048,465.7446594238281,28048230
2020-10-12,471.16782610640564,477.63581104767627,460.02297836838636,465.6949157714844,21261504
2020-10-13,463.6052444647138,470.67028011279893,457.4855418221127,459.0776672363281,15582492
2020-10-14,455.7441579200855,472.3121436138144,451.76385959763934,468.9786376953125,13984621
2020-10-15,471.0682959070162,479.5762017106732,457.7343027271143,460.3215026855469,28971494
2020-10-16,462.858921177459,473.157948850497,460.7195169669403,470.0732116699219,16288157
2020-10-19,474.7002938058139,493.45745482572687,473.90424632634483,490.5220031738281,28131936
2020-10-20,483.4569798542235,496.1939220438283,482.7106739360686,491.51708984375,21376064
2020-10-21,494.45255598503996,505.0003526759616,484.20329989044427,498.98016357421875,27029535
2020-10-22,493.55700531829956,510.4732736457413,493.20872313222236,507.78656005859375,30022336
2020-10-23,511.36885514929816,512.9609501965411,502.01512972677983,504.70184326171875,18810262
2020-10-26,505.7466489274805,507.3387743089199,488.48209910805235,490.9200439453125,17446937
2020-10-27,491.56685412663904,509.7269656404268,480.2727513035149,505.597412109375,24239860
2020-10-28,508.28404147260494,514.9510527566497,491.06926480271807,502.214111328125,30343575
2020-10-29,503.5077529849107,513.806750911243,486.93976679117293,491.4176025390625,50934336
2020-10-30,492.5619358120836,499.079662411781,479.22794200698775,490.0742492675781,23140833
2020-11-02,494.4028026839789,529.0811572768581,492.6614221987853,520.0757446289062,37597227
2020-11-03,522.4141474263768,534.3550422246939,521.4190728598503,531.5191040039062,25991938
2020-11-04,522.5136132130483,531.2205153806069,508.4830865854228,522.5634155273438,28905623
2020-11-05,532.2653853083374,539.8279273703128,524.9515511419578,536.6436767578125,23728389
2020-11-06,536.0963805391868,543.3106705789254,528.5835802998819,539.0816040039062,22256961
2020-11-09,547.2909863154002,565.2023276857225,545.5496059043967,562.266845703125,26041462
2020-11-10,569.1826835849936,585.103877531427,565.4511537537982,580.7255249023438,34935409
2020-11-11,576.9940226201717,608.1399083525943,573.5610635991907,605.6522216796875,50289937
2020-11-12,598.9851335429491,607.4432671617984,585.8998790035054,596.7462158203125,34244439
2020-11-13,592.0693198802318,609.3338379392311,581.4220107203541,607.3436889648438,28813262
2020-11-14,610.9261135171253,614.956153834668,602.5674618896347,610.1300659179688,3211214
2020-11-17,610.1300001952147,627.7925739084169,606.0004164135264,625.702880859375,25960060
2020-11-18,621.9215638275903,636.8476813594524,618.9860818994184,633.1658935546875,24928180
2020-11-19,615.9512191859797,629.8822645310584,606.0502140973912,608.4881591796875,26525371
2020-11-20,611.9708868769538,613.4634987961659,589.0841707823686,604.8560791015625,29556191
2020-11-23,607.9408127261048,609.5826493043824,589.7807020614508,592.6663818359375,23728765
2020-11-24,600.0299460833979,619.53338272364,597.5920013197351,616.5979614257812,30742369
2020-11-25,621.9215325039565,626.8969047639882,593.0643733957729,596.8953857421875,35115637
2020-11-26,599.2837023325683,615.1551549978724,591.1240781323161,609.532958984375,35476456
2020-11-27,608.9856407078536,610.6275380525946,595.8009025716134,598.6368408203125,29921076
2020-12-01,607.990593013166,611.9708914944306,593.263500779394,600.6768188476562,21285697
2020-12-02,604.0103005989095,610.4782856959323,598.2886214746198,605.1048583984375,19070722
2020-12-03,607.1447628801523,607.9905519564921,597.3929836719489,599.7314453125,17746316
2020-12-04,603.6122141837031,613.413735208998,600.2289970622339,611.4733276367188,20019707
2020-12-07,613.9112917197583,621.3246096982848,609.4334559825384,616.199951171875,24658169
2020-12-08,616.0506643860904,620.7772687653983,608.5876048398146,617.5930786132812,16005349
2020-12-09,616.1004936495377,633.5640416046944,615.9512081582694,631.0763549804688,22000284
2020-12-10,621.4240588511101,629.3349137007646,617.2944751590078,623.9614868164062,16126862
2020-12-11,623.2649450199098,628.5388889334126,605.3536024037255,610.2294921875,17950692
2020-12-14,612.9659382418189,620.727507780442,609.3836940653874,612.866455078125,14567480
2020-12-15,612.7170985457929,612.7170985457929,599.3333349162391,604.1096801757812,22311290
2020-12-16,610.5280029053444,611.8713900433514,601.8211002377424,603.1146850585938,14860853
2020-12-17,604.259076685519,607.9906065950631,600.2290365301185,602.418212890625,14598759
2020-12-18,601.4230690057939,607.9905365966597,593.5619559409288,606.4979248046875,17301814
2020-12-21,602.2688662287503,604.2590153117037,570.5757663765306,579.6309204101562,18580262
2020-12-22,582.1186107394553,591.0245400934009,565.6003975319428,586.84521484375,19896386
2020-12-23,586.0989020883615,591.5718120399505,581.4220396191884,589.5319213867188,12247401
2020-12-24,592.0693733253967,610.9757902887287,591.2235842287448,607.1945190429688,15488083
2020-12-28,610.9758025482881,617.7422976608739,610.9758025482881,614.6078491210938,8444506
2020-12-29,617.6427397384466,629.2851232609295,615.5530468969862,627.095947265625,13765454
2020-12-30,629.1358642289447,630.8772446360631,615.1550793929849,622.0210571289062,10262221
2020-12-31,619.3344505707338,622.8669532266598,612.9659488858981,617.39404296875,12306502
2021-01-01,617.1949756020813,622.3693752913182,614.5082622312729,620.7274780273438,6047062
2021-01-04,624.7078148423172,629.8822148521482,618.2398300136616,621.6231079101562,14068156
2021-01-05,614.9560814190322,664.6103265264528,614.9560814190322,661.1773071289062,37973963
2021-01-06,658.7394164059515,663.8640751325314,645.9527314840312,651.027587890625,20829645
2021-01-07,655.7541770112363,673.1679829257987,655.7541770112363,667.7945556640625,17887570
2021-01-08,674.6606021657454,675.5063913112244,665.2073931383493,669.38671875,12272794
2021-01-11,672.6703904868069,673.3172132330102,656.8984832876961,663.6649780273438,7928365
2021-01-12,658.0427893585855,681.6260683974925,656.0028986730613,672.3718872070312,13301893
2021-01-13,672.6704844255192,687.7956317251901,665.7547032449468,684.412353515625,15645903
2021-01-14,675.1580965843426,684.4122779499409,671.3270837788928,672.67041015625,9337503
2021-01-15,674.2624558472648,679.5861408546207,666.301859859767,671.5260009765625,12339771
2021-01-18,671.1280400341197,671.6753188877889,647.9428152475659,653.7639770507812,13460603
2021-01-19,660.2817158348037,668.6403664793756,656.500444632557,665.4561157226562,9010539
2021-01-20,660.7295048325934,677.5960306947292,660.7295048325934,672.421630859375,9980614
2021-01-21,677.3970078097187,691.5768203125295,666.4511876321104,672.5211181640625,15849438
2021-01-22,666.6998996542256,670.5807144087099,635.6535638219297,641.3255004882812,21392223
2021-01-25,650.7787522019099,664.7097958270273,636.2008858289572,655.1571044921875,21325345
2021-01-27,656.6995612051358,660.5305745109473,624.3098918279202,628.9866943359375,24462588
2021-01-28,618.9364569160693,671.3769052036151,612.9660087786152,667.3966064453125,64303975
2021-01-29,667.6950283557043,672.5211156677416,649.7836863133755,659.6349487304688,31273252
2021-02-01,661.7245488939502,713.4684233939282,651.1269810727396,705.8560791015625,30648270
2021-02-02,715.7073652733553,741.280793183244,700.7315055434954,710.6822509765625,28703320
2021-02-03,716.4537126352008,733.1709537831154,712.0256185143681,730.1857299804688,23541361
2021-02-04,726.4044616459817,741.8281180233963,717.0507360652198,740.2360229492188,20490289
2021-02-05,745.3108818494704,762.52566043153,713.4684943739256,716.0556640625,31121503
2021-02-08,722.424138729842,744.1167522362559,722.424138729842,732.524169921875,15662890
2021-02-09,732.1261419122869,746.3059550583964,722.6231915647835,738.8428955078125,22307807
2021-02-10,737.8975395192961,742.7236876525258,722.5236251766606,731.1807861328125,15140744
2021-02-11,727.3994967588937,740.4847513979583,727.3994967588937,736.4546508789062,11897710
2021-02-12,731.8773441476608,750.9827879840778,730.9320111619505,746.7039794921875,15668442
2021-02-15,756.157213789371,795.0646064047248,750.1867661818261,790.0892333984375,20648115
2021-02-16,795.064592371696,795.064592371696,763.2222056934804,771.2325439453125,23968943
2021-02-17,770.1877208330823,781.1335411549994,760.5354853113943,773.9192504882812,16956357
2021-02-18,771.1828244085324,778.1483466935126,760.2370036749919,773.1729736328125,19685663
2021-02-19,769.0931242966939,773.3719326052317,737.6984744604085,745.9576416015625,15634787
2021-02-22,745.9576981718953,746.1566645042652,711.4783389886328,715.9064331054688,18123202
2021-02-23,728.7428314003936,731.3300617030704,709.0901087951357,712.4236450195312,16804763
2021-02-24,718.4437964289466,751.1817721112792,713.5181654561085,745.7088623046875,11207286
2021-02-25,761.2320523857685,779.6409320839864,758.3961141314776,766.854248046875,26635119
2021-02-26,742.325571869866,754.9630300794355,715.110308776759,721.22998046875,31306177
2021-03-01,734.3650762786575,739.8379867387288,718.6926508702715,724.9616088867188,14301187
2021-03-02,726.8522678810816,736.8527556590544,718.4438752003205,727.6483154296875,14503453
2021-03-03,736.8526856885007,757.0526863970663,731.4792589602288,750.2364501953125,13603791
2021-03-04,727.4990220567055,747.7488267825212,727.4990220567055,733.1709594726562,16896947
2021-03-05,728.3945389342072,740.4349161719587,716.9511821066889,727.1506958007812,16358252
2021-03-08,731.3798092283877,748.793614210016,728.3945855172515,739.638916015625,13898556
2021-03-09,754.963057831038,754.963057831038,736.3551519787238,741.7783203125,18951683
2021-03-10,746.8034762239283,761.9286220665094,745.4601498276651,757.0029907226562,13377990
2021-03-12,768.7945319978274,772.7748299853586,741.3305001776736,746.9028930664062,16343307
2021-03-15,750.2862119093984,750.2862119093984,713.1202017008021,740.7335205078125,22466579
2021-03-16,747.301010168031,748.296084748814,732.3251498741533,734.1162719726562,11358574
2021-03-17,735.3600610401853,738.3452845626758,721.1305077298857,724.3147583007812,12380976
2021-03-18,732.374875,739.4398800709973,703.7664814453125,715.2098388671875,12261544
2021-03-19,705.507876119433,725.7576194970312,700.0349659379706,722.6729125976562,20377672
2021-03-22,715.4585597118037,726.4043791232499,705.8063249929866,712.67236328125,14802230
2021-03-23,714.4635473778777,735.8576508160731,710.582732227834,726.9517211914062,15949688
2021-03-24,719.6877603865606,721.4291410719065,699.8360084267088,702.9207763671875,14379147
2021-03-25,706.0054073582778,707.3985360499786,676.6507075456362,691.1787719726562,21179280
2021-03-26,703.5176910598359,703.5176910598359,689.735933145474,694.7610473632812,13143312
2021-03-30,701.5276042004057,709.7867113653616,687.5965595779862,691.9251098632812,25965218
2021-03-31,692.5719002354157,700.0847010867527,688.6910851213183,694.0147705078125,14924620
2021-04-01,702.8211475005178,713.4684574079046,692.1240960121845,709.4881591796875,13090326
2021-04-05,703.7167148215683,704.9605579753343,674.113247761937,681.8748168945312,16239521
2021-04-06,686.7009577338141,690.0842356704243,672.1728928556187,674.5610961914062,12062011
2021-04-07,677.1482187666721,688.4920927209396,665.107841227895,684.8600463867188,14433515
2021-04-08,688.0940603191415,692.0743585711684,676.0038800847974,678.2427978515625,9026398
2021-04-09,675.9541164721239,683.4171754514301,663.7147118929676,664.9088134765625,12509114
2021-04-12,647.7934702175122,651.7737680375891,623.5634315316041,632.4692993164062,14649541
2021-04-13,632.4693454023163,661.5752753324796,626.8969523419771,657.7442626953125,12737650
2021-04-15,663.1674604958407,668.0432894567418,649.0871310116349,665.5556030273438,15195951
2021-04-16,665.3567127690886,671.924181399728,659.0876936626596,665.9039916992188,12242522
2021-04-19,646.7985053614696,652.0723887198176,627.892087512442,644.9576416015625,17292072
2021-04-20,652.7688614787112,658.7393083824799,639.8328931872123,648.539794921875,12296248
2021-04-22,637.8427361169577,657.6944839667229,631.2752689000474,655.45556640625,19385102
2021-04-23,652.7689635378227,674.163068287919,647.6941071699864,668.0433349609375,19167768
2021-04-26,690.5816963546994,700.3334142139555,681.1284886956653,696.9999389648438,21646184
2021-04-27,687.6960385524618,700.4330421457793,680.7305162837251,696.1044311523438,46559967
2021-04-28,704.5127628674586,708.990598224667,684.7605578633619,704.6620483398438,54060587
2021-04-29,708.4931131407143,723.3197489314331,703.5177401551756,715.856689453125,25939327
2021-04-30,701.5275825280831,726.2551616751534,701.5275825280831,711.3788452148438,23011654
2021-05-03,702.5225662019744,704.5127151147279,688.6910069645278,699.28857421875,13752878
2021-05-04,700.5324981389223,715.1103649011089,694.6615338749111,696.9004516601562,11980155
2021-05-05,705.5079173370223,715.5084052877696,696.5522456077794,713.6675415039062,11155033
2021-05-06,714.4635883401917,719.2896760288982,706.7517599145141,712.2246704101562,9484934
2021-05-07,717.4487322570141,723.3196962461328,710.4832105846159,713.2196655273438,7131970
2021-05-10,719.9364155753015,721.4290273560381,710.4832076306361,711.72705078125,7980462
2021-05-11,701.3285996270323,710.1847882863237,699.5374774078881,703.8660278320312,12736700
2021-05-12,700.5325405325801,702.2739211375972,685.6561626456701,687.8950805664062,10856584
2021-05-14,691.576844598255,695.1590888520009,678.0438543790666,681.6260986328125,9377968
2021-05-17,688.0940788626713,706.8014690044389,681.0290735687405,705.7566528320312,12099197
2021-05-18,716.4536229743644,722.4240698324842,705.0102664963017,708.144775390625,19519055
2021-05-19,700.5324673743328,720.1354477133897,698.741345371702,713.2694091796875,20244016
2021-05-20,705.1098707333291,710.881352274892,701.0798305589551,702.4232177734375,18840413
2021-05-21,703.5176825747766,729.7876740821299,703.5176825747766,727.2999877929688,15883692
2021-05-24,726.8025206781509,743.8182722443757,723.170474051639,737.4995727539062,15716900
2021-05-25,740.7335217947958,741.3305422329831,722.2748402428465,727.94677734375,11344261
2021-05-26,734.3649884198429,737.7482660478377,725.906855084384,731.479248046875,9081086
2021-05-27,733.5689807287871,750.1369357786926,727.3995062850718,746.6541748046875,23040846
2021-05-28,748.8931340101932,755.9582002462349,734.8626061752715,736.2059326171875,17149692
2021-05-31,734.2654999171897,749.2911006158071,730.3846850624202,747.00244140625,9275086
2021-06-01,749.8384485516634,750.2862442661029,737.499560020368,741.4798583984375,6660243
2021-06-02,741.1315033270382,741.6290405957506,730.583737524148,733.3699340820312,9973043
2021-06-03,739.3404139478723,748.5448538254199,735.3601156224463,746.9527587890625,8170508
2021-06-04,747.3010102118427,756.1571982751436,736.4546729868591,738.3950805664062,10336011
2021-06-07,739.4399158428122,750.2365117647362,737.8478207661257,747.4005126953125,6986728
2021-06-08,747.3010102551495,747.4004934194265,735.8576525748111,742.6738891601562,6426815
2021-06-09,742.3256559239269,747.5497976043566,726.5537477158715,733.1212158203125,8004726
2021-06-10,735.8078828568541,741.6787862189472,729.2901567480969,740.584228515625,7795125
2021-06-11,742.5744361098012,742.5744361098012,733.3699958632141,734.8128662109375,4840759
2021-06-14,732.2754664246113,737.7483770533916,721.4291283392138,732.6237182617188,5190670
2021-06-15,732.3749621425981,748.296156971785,728.3946634353014,747.2015991210938,9686490
2021-06-16,745.1117370720234,753.1220742590025,742.5743093678221,746.1068115234375,8614096
2021-06-17,738.2955723060371,741.7285916401513,732.3748666043809,734.9620361328125,6674329
2021-06-18,738.4945620907212,739.5393781654511,718.6925553106762,732.67333984375,8143792
2021-06-21,721.4290265232854,737.2507356746421,716.9511911862443,735.9073486328125,6464497
2021-06-22,739.5393862837165,745.3108062815814,733.419653767433,735.7083129882812,6727233
2021-06-23,739.5394547355208,740.0867336185169,727.2005054038996,728.7428588867188,6154147
2021-06-24,732.2753462652939,739.2906093186859,727.4989400944906,735.5093383789062,5313822
2021-06-25,733.9172728439515,762.1774163076393,733.9172728439515,757.6000366210938,11170037
2021-06-28,760.7842101976609,765.8093243640636,754.017715625656,758.6448364257812,7672743
2021-06-29,757.2517506363054,759.7891786525036,746.3556719066559,748.246337890625,7500655
2021-06-30,748.7935829806935,756.7541792117174,742.8728773869635,744.6142578125,5459970
2021-07-01,746.3060014618346,750.6843542975593,740.8330907844479,742.7734985351562,5695690
2021-07-02,743.9177327282991,749.1418742804207,740.3354885292288,746.9527587890625,3557647
2021-07-05,753.3709878791816,758.2468779234224,749.6892602879175,756.60498046875,4680089
2021-07-06,753.2714806975658,763.2222268098191,751.4803585442671,754.6148071289062,5529485
2021-07-07,752.1768127262364,760.2368916025581,748.5447666335397,759.142333984375,3573368
2021-07-08,756.2566583253034,763.3714656546762,747.9975517036569,750.6842651367188,4188267
2021-07-09,748.2960048779125,749.1915961988375,736.6038798016951,743.6688842773438,5782119
2021-07-12,748.7936258431413,754.0675090011764,744.6143004357149,749.88818359375,4475466
2021-07-13,755.2616089936243,769.1926531647847,751.2813106590071,766.9537353515625,9810976
2021-07-14,767.1527936039499,769.640480164223,760.2370128194834,766.2572021484375,5621924
2021-07-15,766.7049895006762,774.4168177532788,762.7246910477201,770.3370361328125,4239868
2021-07-16,772.1778941854706,772.1778941854706,762.7744270127226,767.351806640625,2913553
2021-07-19,748.5945452581045,762.8739009846942,745.9078319215224,751.4802856445312,5554486
2021-07-20,751.2812828194403,751.4803098757026,740.5344898611147,742.0768432617188,5815740
2021-07-22,746.4053747694469,754.7640250493022,737.3502209117112,743.0718994140625,7876163
2021-07-23,745.3108805464302,760.2369996494963,736.454692251464,751.6793823242188,6604465
2021-07-26,750.286230757442,756.2566782170503,741.3305595680296,752.5748901367188,7890992
2021-07-27,746.8034589590925,752.2763690513976,725.5088390334017,728.0960693359375,15441543
2021-07-28,731.1808292483181,731.1808292483181,708.5926228993538,719.3394775390625,11102486
2021-07-29,716.4536791456082,724.9118128577439,712.4733809281327,713.7172241210938,6855673
2021-07-30,714.5132820957455,715.1103632778413,703.6670057347865,705.4083862304688,10358450
2021-08-02,711.4782898003118,721.9763139574525,708.4930662067441,717.5980224609375,6823345
2021-08-03,720.4339720401791,737.2009538636004,715.757109522294,734.9620361328125,9265839
2021-08-04,736.8527392421487,753.2714700962952,735.0118755311032,750.0872192382812,9744349
2021-08-05,749.2912244509463,751.2813737854774,739.8380151119237,745.6094360351562,7246991
2021-08-06,743.3207833590897,753.9183529578238,735.1611588647329,737.2010498046875,6522599
2021-08-09,737.3502278861267,753.6694744975262,736.1063847216764,751.77880859375,6064688
2021-08-10,751.7788223512661,760.2369560243114,751.2812850763811,757.7990112304688,8309248
2021-08-11,761.2320597913493,765.2123581431995,748.7936274418174,757.052734375,6429468
2021-08-12,755.2615872509816,759.6399395868286,749.6393917213746,753.6196899414062,3572081
2021-08-13,753.7689623429403,760.7344841071655,750.485228515283,756.1571655273438,4239376
2021-08-16,752.2763787217027,762.0280974100776,752.2763787217027,758.246826171875,3967629
2021-08-17,755.2616229326685,756.2566975346878,745.6093871461743,753.022705078125,5576110
2021-08-18,760.0379294700239,760.0379294700239,746.8034500962372,750.6842651367188,5370460
2021-08-20,742.1266560236854,745.3109070257092,732.5739637521505,736.60400390625,6092036
2021-08-23,745.8084508860587,745.8084508860587,730.7828479505479,732.4744262695312,3614761
2021-08-24,732.3748915416646,746.0074254468874,727.8970559276191,742.6738891601562,4537435
2021-08-25,744.5148695023644,747.7488621332187,731.578898978947,735.409912109375,6726509
2021-08-26,730.4842255441434,746.3059356742506,728.7428450275702,742.6738891601562,6492155
2021-08-27,742.8232489586951,755.8587029788233,737.3503382161997,748.6942138671875,5841967
2021-08-30,752.2764018799809,785.6114011696361,750.2862526686582,780.188232421875,12517507
2021-08-31,781.0341255396926,785.1139073550738,774.5661402446254,782.626220703125,12114870
2021-09-01,794.1689796573907,814.9660621927519,791.4823269410833,794.965087890625,19972195
2021-09-02,791.5818496108068,802.1296161477594,788.4971426239246,798.7463989257812,6799617
2021-09-03,800.5374423148936,805.9108689561261,783.8202027142664,794.0694580078125,7509746
2021-09-06,796.9054544728043,801.930629698092,791.4325442733707,796.855712890625,4539192
2021-09-07,794.0695755095198,795.4627043217724,778.1981225989823,783.9695434570312,6926921
2021-09-08,786.1088433388771,793.4226165115738,779.1433219422036,790.7857055664062,5903035
2021-09-09,785.1138796327895,789.7907425202214,780.3375335766074,786.2582397460938,4909325
2021-09-13,782.1285791331064,786.5566729303206,779.6408928127086,784.4669799804688,4814443
2021-09-14,787.1039659020626,797.0547113622656,786.1088913560422,790.4872436523438,6301208
2021-09-15,792.0793327440107,793.5222029719203,783.1236618964025,787.5020141601562,4075592
2021-09-16,788.5966214081767,803.4729988422157,785.213343470467,798.6468505859375,15446511
2021-09-17,804.8659637613366,816.6576327154397,793.3231241601853,803.3733520507812,14641298
2021-09-20,796.0596987270544,804.5675746102928,787.6015644280794,791.9301147460938,6306484
2021-09-21,791.333011959008,795.0645414086732,768.496039580151,791.4324951171875,7833561
2021-09-22,788.5965635661411,792.8753718903196,782.1285791331064,784.4669799804688,4359142
2021-09-23,790.4374652656172,810.4882422687176,788.6463431754657,808.1498413085938,9043492
2021-09-24,808.5478442192924,812.9261966996926,791.1837805142169,794.1192626953125,5184626
2021-09-27,798.9454252896911,804.8163290231837,788.8951353304026,793.0247192382812,7715259
2021-09-28,798.0498706405822,801.632115092785,774.168079000465,785.3129272460938,7369680
2021-09-29,779.1433354199919,785.6113196859305,774.6655001589575,778.2975463867188,14241004
2021-09-30,776.0586962665694,783.4719533671043,761.082775114268,762.7744140625,9178187
2021-10-01,759.6399728054583,767.8990798262836,750.2862472855387,764.3665771484375,6089895
2021-10-04,767.3020329983744,777.3025817491296,766.505985430804,775.1631469726562,5845527
2021-10-05,770.5857981573828,780.1384900684894,767.4015472755026,778.745361328125,3945224
2021-10-06,778.3971374868686,790.2882915870747,772.1779209840972,775.1134033203125,5092479
2021-10-07,786.1088857482473,786.2581712228975,770.2871762855782,773.2723999023438,6622698
2021-10-08,778.0488301957745,781.133537067451,772.1778659418369,778.0985717773438,4295686
2021-10-11,778.1482910389399,789.0941109896155,775.1630674160283,783.27294921875,4417455
2021-10-12,784.1186771783574,795.7610605473269,781.5812494435304,793.2236328125,5098502
2021-10-13,796.0099650255529,800.5375424599919,789.2932112510284,790.686279296875,4381414
2021-10-14,795.0645830420964,800.0399559021846,784.1187627499023,798.0995483398438,7157116
2021-10-18,815.9610785864609,815.9610785864609,798.0994794144007,809.2940673828125,11014585
2021-10-19,815.9610693703188,822.9265906942118,794.5669681612189,797.7014770507812,10633732
2021-10-20,796.6567339278631,809.7917313464743,788.0991163022342,800.8360595703125,9023067
2021-10-21,803.970513507126,809.49316524109,788.3975721438319,803.8212280273438,7405639
2021-10-22,808.000566482769,820.9365361432075,802.8261664716871,812.6774291992188,10646970
2021-10-25,826.0113214061172,862.6301117378152,821.3842614036286,840.9374389648438,29193770
2021-10-26,844.2213420412771,847.4553345951188,819.4439594118761,837.7533569335938,16771909
2021-10-27,835.8626302083333,836.6586777092446,781.7803521785471,783.6212158203125,39606414
2021-10-28,783.6212563399381,785.1138682567761,750.9330796550001,754.6148071289062,19320926
2021-10-29,758.2468284750885,758.2468284750885,710.4832487286262,738.3453369140625,21343427
2021-11-01,751.2812588680877,756.256631443373,736.3551411422316,748.644287109375,11694854
2021-11-02,748.7936605074062,757.6000467059382,744.3655662485284,752.1271362304688,11812106
2021-11-03,755.7093388045353,758.8935893414657,744.8132609167634,746.9028930664062,10529505
2021-11-04,753.2714951841848,753.3212367687959,747.6991015479707,749.241455078125,793433
2021-11-08,757.2517734977635,757.2517734977635,737.8478187235107,747.3507690429688,13872770
2021-11-09,746.3059414188649,750.2364981905775,739.6886711111378,741.3803100585938,12120207
2021-11-10,739.0419090790622,749.6394170066303,728.394598834439,745.6591186523438,10844883
2021-11-11,744.3157993190823,744.3157993190823,731.4793127108088,734.414794921875,6195359
2021-11-12,739.1413133023713,739.1413133023713,729.8871327639262,732.424560546875,9372897
2021-11-15,734.365031937223,740.3354793513467,724.4142862470167,729.638427734375,12849161
2021-11-16,729.6384304656491,729.6881720473799,717.7472771744337,722.5734252929688,8978763
2021-11-17,717.4487892444458,721.3296044925636,703.2689761421805,708.8413696289062,18083445
2021-11-18,711.4782065557299,712.4732809704932,698.4427560161402,702.8707885742188,13458109
2021-11-22,709.4881225981413,709.4881225981413,674.0634944873328,683.0191650390625,16741079
2021-11-23,677.6458278624389,689.2384716784227,674.0137811432237,682.27294921875,16575348
2021-11-24,686.6014781705009,691.6763343675126,678.6906229055426,681.775390625,11463429
2021-11-25,682.6212005190188,683.6162751553438,673.2177330588394,676.55126953125,9760486
2021-11-26,665.7048912610385,671.5758555525197,657.1970157842052,658.4906005859375,10252753
2021-11-29,661.7743072796729,662.1723613874395,646.1516249350416,647.8930053710938,12084376
2021-11-30,644.8083096804463,674.1132673830456,644.8083096804463,652.420654296875,24699809
2021-12-01,661.6250775468976,678.0438072486211,656.7491880689378,676.2526245117188,16184200
2021-12-02,671.6754006555074,675.4566722456234,664.7596195685171,672.7699584960938,8612601
2021-12-03,675.7551112024205,683.9644763442905,667.6950315387606,669.6851806640625,9505985
2021-12-06,670.6802604510398,675.40686466045,657.8935765151851,659.8339233398438,8022785
2021-12-07,668.6901524972708,688.1438493999494,666.700003233886,683.6162719726562,15123987
2021-12-08,691.5768714661378,698.0945981798109,684.2630971912096,693.66650390625,11670826
2021-12-09,694.7113075958792,696.4526880238368,684.6112768199132,690.531982421875,7021395
2021-12-10,686.7009013595033,688.5418256606156,680.3822024568236,684.6610107421875,5549743
2021-12-13,695.5571586435492,708.393645521772,689.6861940979513,700.5325317382812,13634563
2021-12-14,697.5472967067461,710.4832665458156,694.1640187627144,707.3985595703125,8612512
2021-12-15,708.8911784536274,716.4537212171052,704.0650301408192,708.9906616210938,7692888
2021-12-16,715.4585856288853,718.3940676333783,701.5772838164398,706.1546630859375,7309187
2021-12-17,704.0152597188006,704.512797004821,681.725565011276,685.5068969726562,7844705
2021-12-20,677.5960935693564,678.4916243116585,656.8487507219114,671.028564453125,9934646
2021-12-21,679.6359265858462,679.6359265858462,659.23689804264,662.5703735351562,10116104
2021-12-22,666.6999844072427,673.5162211480405,660.7295367856854,666.0531616210938,7489534
2021-12-23,673.6655428033318,681.1286027309906,669.2871900186238,675.4566650390625,6884683
2021-12-24,677.7950725458758,678.6408616426733,659.1871658055412,664.2122802734375,6028893
2021-12-27,659.7842012056218,671.2773006856236,652.7191958413356,668.8394165039062,6996729
2021-12-28,673.9639715091002,677.4964739672125,668.6900886118946,672.1231079101562,4645547
2021-12-29,671.1778081087458,676.2526642024117,663.9635173618393,667.197509765625,3969894
2021-12-30,664.7098139351612,669.7846699573204,661.2270529340038,665.5556030273438,5119705
2021-12-31,669.6354920444334,683.1187412878396,667.8941114220681,675.2078857421875,5586980
2022-01-03,676.8994894205433,695.0596006765887,675.6556461838279,692.920166015625,8550860
2022-01-04,697.5472833740464,707.5477707961971,696.6019503723534,705.6571655273438,9705906
2022-01-05,708.393643932876,727.3000616504518,704.2640599796969,723.3197631835938,11312955
2022-01-06,716.4040046217731,729.887253948627,715.4586715597312,726.7030029296875,7955578
2022-01-07,730.38468139497,737.2507197236928,721.6777795391035,727.0014038085938,10454143
2022-01-10,730.0364618061117,740.3354590188113,729.5886661154443,739.141357421875,9595787
2022-01-11,739.2409205584365,743.3704435732272,733.6684665391983,739.5891723632812,7252279
2022-01-12,745.9577052479186,747.7488273979735,739.4897202866678,743.1714477539062,5294563
2022-01-13,745.3108647273249,745.3108647273249,733.4197112806966,737.0517578125,5196538
2022-01-14,731.1807771965603,732.3251372385288,712.5231291288003,718.1453247070312,16302342
2022-01-17,715.45859158973,717.0506865539759,706.0053834950118,709.139892578125,19680557
2022-01-18,713.9659658312543,732.2753612348847,710.7319736515309,721.6280517578125,24055886
2022-01-19,721.6281168630272,728.3448704576684,715.1601319200394,726.0064086914062,7746270
2022-01-20,727.4492493645716,733.5192406582008,718.593122167438,725.3098754882812,8505400
2022-01-21,718.4438704427083,721.6778629343133,704.56256744722,708.9906616210938,10689060
2022-01-24,711.4783783427924,712.871507153642,684.8103897350329,701.1295776367188,8812501
2022-01-25,710.4831978461617,751.2812526244427,705.1097712156989,748.4950561523438,38088158
2022-01-27,740.3355584198389,773.1730227045898,734.4645935417802,770.0385131835938,34927774
2022-01-28,774.267495457609,780.8350240334769,757.7492819569561,760.9335327148438,17765524
2022-01-31,771.6306350497489,773.9690361396753,758.5951209379626,769.242431640625,12319200
2022-02-01,774.2674961832904,789.9897229273715,765.3118250815118,778.048828125,15457534
2022-02-02,786.1088777349117,801.9305870362996,783.4719059398374,800.139404296875,13478899
2022-02-03,798.2487881650928,807.9010231085285,789.1438320580597,795.61181640625,10802708
2022-02-04,793.0247261996223,800.5375273924456,787.2533055822331,794.6168212890625,10776387
2022-02-07,798.547301010775,799.6418586871963,780.2379055785233,785.7108154296875,10939179
2022-02-08,790.0892439398406,797.0547662415772,772.327186364226,794.6168212890625,12300670
2022-02-09,797.0547477433659,805.5128817706051,796.2089586344551,799.8906860351562,9399830
2022-02-10,803.5724226448522,811.931072970799,799.14432884997,805.8113403320312,12848281
2022-02-11,797.0050040983604,805.910933815609,794.5670592087345,799.8409423828125,9717894
2022-02-14,786.1089094204632,799.0448788159898,766.157676461192,769.5408935546875,8617389
2022-02-15,773.1729687056879,795.1640932000283,760.535509065136,793.0247192382812,7426563
2022-02-16,791.0843157373454,804.3187959166104,785.4123783077933,793.1242065429688,7457765
2022-02-17,793.0744065192533,798.04977920758,776.6556766477757,778.9443359375,6516308
2022-02-18,777.3025125499324,786.6561769216155,775.1630779639219,783.521728515625,5466662
2022-02-21,779.6907162036588,792.8754550852171,772.2773980441019,784.964599609375,5635224
2022-02-22,762.3266061630229,783.1236890347601,762.3266061630229,775.3123779296875,6923558
2022-02-23,779.6409672564297,781.6311165027766,768.446377745728,773.3720092773438,6303173
2022-02-24,748.6941890803818,765.3616894261752,721.7276296921372,726.7030029296875,13085009
2022-02-25,738.6438593170217,761.0827792750747,733.7680302449122,754.3162841796875,10066136
2022-02-28,746.2064060601512,746.2064060601512,732.5738730035256,738.7433471679688,14463418
2022-03-02,725.1109021936494,752.7242234490318,721.4291138793579,746.5547485351562,11691602
2022-03-03,752.2763788285255,755.7093982597685,728.7926431483262,734.0167846679688,8357181
2022-03-04,719.4388675289554,728.8920753318946,706.5526405348852,711.478271484375,11660648
2022-03-07,689.5866841410719,701.5275791045538,652.3708705444075,664.2620239257812,20147061
2022-03-08,661.7246559807805,670.4315593489487,633.8625652026424,667.0980834960938,24828458
2022-03-09,668.1925590342214,677.1482299669213,655.8536103442449,670.8792724609375,20438651
2022-03-10,704.4132655455486,716.8516968432556,684.8600272517423,691.5270385742188,23224756
2022-03-11,688.4920814185143,703.169430518947,684.0639876785967,687.4472045898438,14224356
2022-03-14,691.2783629796216,708.8911962143927,681.62612684671,706.552734375,10720884
2022-03-15,709.4881984422769,714.4635715028819,691.5768554240988,694.7113647460938,12157425
2022-03-16,707.4979846635094,722.4241024834147,705.6073187791766,720.28466796875,10038170
2022-03-17,733.3699689032381,743.0719461037897,732.822690028575,735.60888671875,13657428
2022-03-21,741.3305457613991,745.708898110715,720.1354698214358,722.3246459960938,7495685
2022-03-22,725.4093431853007,732.3748649991513,702.8708804509575,727.7975463867188,11117081
2022-03-23,732.4743944801721,739.2409504005844,721.0808388089187,723.1704711914062,5886245
2022-03-24,715.558117681946,726.8522507871422,715.4586345161604,718.692626953125,7559843
2022-03-25,719.737461628074,723.0709980510239,711.9758917268063,717.6975708007812,5430894
2022-03-28,722.4241323056428,734.2655438920685,711.5280537004077,732.3748779296875,7077669
2022-03-29,737.997027858883,737.997027858883,727.3994601308807,734.1659545898438,6174137
2022-03-30,743.3207037313955,762.0778350806039,737.6487665359363,746.7537231445312,16618114
2022-03-31,759.2419257423131,759.2419257423131,747.5995406842856,757.4010620117188,20449544
2022-04-01,756.2567225944815,771.9291480956172,751.430634908581,770.7350463867188,9321859
2022-04-04,776.1581944740024,781.6311048196524,763.2222245661023,780.2379760742188,10959783
2022-04-05,772.1778538476467,792.0793449261943,772.1778538476467,779.2428588867188,7334134
2022-04-06,773.1729551862172,776.1084373689016,765.4113855436096,769.8892211914062,9954921
2022-04-07,765.7098862392803,791.0842879275216,765.4113760133839,788.1985473632812,9820244
2022-04-08,790.9848022460938,796.7562226216722,785.1138379725119,790.9848022460938,8104237
2022-04-11,785.5615612208255,790.337906583015,780.1881347292834,782.1782836914062,6340427
2022-04-12,776.2576784620369,797.054762091317,773.9690190074331,794.517333984375,7672215
2022-04-13,801.8310603779145,801.8310603779145,786.954683706007,789.1438598632812,7640132
2022-04-18,776.1581521532341,797.701540542069,772.1778539370638,794.915283203125,11478317
2022-04-19,801.0350324818273,812.1798798632635,781.6808198606706,793.8704833984375,8711816
2022-04-20,796.9053772099106,798.4975328270091,784.7157147657318,790.7857055664062,6676491
2022-04-21,791.1836968274367,800.0398840164544,786.6561200784778,797.8507080078125,6851615
2022-04-22,792.0793607180975,794.0695098656304,774.3670454519611,776.7551879882812,6255027
2022-04-25,768.1974546299742,784.9146927910795,757.5004045816942,776.8546142578125,8023525
2022-04-26,787.1039312941028,792.6763242129933,765.2122922442037,771.1827392578125,11087204
2022-04-27,761.8291145694097,769.14294956113,745.3108999589274,762.127685546875,11485697
2022-04-28,773.0734267486648,781.5813018343358,762.5753418682125,775.9591064453125,11037317
2022-04-29,761.2320293511592,763.0728929714643,721.4290474243013,725.0112915039062,34401710
2022-05-02,718.443892045097,734.5641134040965,714.9611307955709,723.7675170898438,16136040
2022-05-04,729.3895838916211,731.5290182882512,700.5324243652133,703.7166748046875,14548684
2022-05-05,712.4733554398764,718.2447755018411,695.4576054627075,698.8905639648438,12726146
2022-05-06,686.6014658225797,689.0891522929513,664.8093080483108,670.083251953125,15511195
2022-05-09,656.948269141235,665.7049135552946,645.6043943025328,660.4310302734375,13999329
2022-05-10,660.4310452234749,668.7896356892522,654.3113119445457,656.50048828125,9523698
2022-05-11,658.4408228673793,672.6703763745506,652.2216071094786,669.038330078125,9352398
2022-05-12,663.7147141837374,663.7147141837374,640.8279999015396,646.4501953125,11166084
2022-05-13,653.1669751897613,656.1521989141487,630.2802599694585,632.8176879882812,9618627
2022-05-16,636.6984481651896,646.0024319646521,626.946729390633,635.8029174804688,6159695
2022-05-17,639.7334244043911,654.261487902794,637.992044018338,651.7240600585938,8152237
2022-05-18,651.5250419064256,667.0979824367175,647.0969481459518,656.201904296875,13013873
2022-05-19,640.1315191192472,654.5103601590444,638.0418866189398,646.99755859375,9216948
2022-05-20,656.5005664182399,672.4217624208044,654.7591856054595,669.7847900390625,9708672
2022-05-23,669.6851587185247,681.4270260261189,665.2570649129301,672.0235595703125,7919353
2022-05-24,666.4014312821012,678.0935571217883,657.9432976959444,660.7792358398438,8088546
2022-05-25,664.7097718661889,669.3368926258352,656.7989173744686,661.7245483398438,5169619
2022-05-26,669.6353884807904,681.8747925296007,664.7097576209751,679.8846435546875,10114633
2022-05-27,685.6063543602096,690.3826999795286,680.8797503207161,684.9097900390625,5539060
2022-05-30,691.6762689272873,694.5620093056062,686.7008963677916,690.2334594726562,3818060
2022-05-31,685.6064056448789,692.5719279083247,679.6856995740432,681.8251342773438,10410424
2022-06-01,679.6359939015553,689.0394616009806,677.14830724745,682.6709594726562,6966674
2022-06-02,678.640788748455,689.7358933861733,678.640788748455,688.1437377929688,6347433
2022-06-03,693.8654805144114,694.5620448552986,669.8344662627871,673.9639892578125,8475726
2022-06-06,673.6655061028346,680.6310283225093,666.9984941170961,668.88916015625,6756864
2022-06-07,668.8891334514536,674.66055377043,657.8437693605109,662.5703735351562,8312778
2022-06-08,666.7000154395041,670.2325182997762,652.2216914302252,655.3561401367188,9282494
2022-06-09,653.7142356598122,659.4856558842811,646.7984554127238,658.0427856445312,5682743
2022-06-10,652.2713401563007,660.4309632708366,648.9876064259892,657.4457397460938,6758832
2022-06-13,643.7635129454565,648.7886274374442,636.9472156183159,645.753662109375,6135431
2022-06-14,641.8231208206277,652.4704312509155,639.9324547755594,647.5447998046875,5391833
2022-06-15,650.7787202077128,653.1171209788685,644.0122257836513,647.2959594726562,4638336
2022-06-16,654.2614866544602,654.958050954458,627.9417538657136,631.7728271484375,5960283
2022-06-17,626.8970109589428,637.6438047141892,623.5137329551917,632.0714111328125,6849201
2022-06-20,632.1211641861278,634.0118302933284,619.135452298987,625.2053833007812,5305222
2022-06-21,628.8871544825216,642.1713762525396,625.0561415219719,633.364990234375,10333886
2022-06-22,629.4344477012002,630.5290662395154,618.1901164819171,623.7127685546875,5899024
2022-06-23,624.3097753526043,637.6934789991874,615.2048192414707,626.2501220703125,8450777
2022-06-24,631.2255711647849,639.2857121585366,628.5389182347369,630.8773193359375,6918584
2022-06-27,640.8280138253112,643.7137543304489,631.5738326048644,633.9619750976562,4552114
2022-06-28,630.877308451652,641.5246190219543,628.8871592136342,639.1861572265625,10711123
2022-06-29,633.2156650541649,634.6585352973302,620.4289813914728,622.4688720703125,13620084
2022-06-30,620.9264504308355,636.1510772127638,620.5781986707176,633.6633911132812,10563138
2022-07-01,629.8821809667942,643.4151703556812,628.6880793772972,640.7782592773438,6549359
2022-07-04,638.3900719367548,651.9231223959255,637.3452557954718,651.1270141601562,3933384
2022-07-05,652.8683277212066,656.6496592499287,642.8180999873506,645.3057861328125,5044787
2022-07-06,648.7886445204773,656.1522209146767,647.793569912317,654.7093505859375,6684686
2022-07-07,661.1871230460026,662.2335295503253,649.4273825421825,655.9052124023438,11171714
2022-07-08,664.7249238691006,674.4914847980351,659.1440492888441,666.8676147460938,12669533
2022-07-11,664.2765638766813,679.624062922121,663.080644590663,677.5311889648438,14864123
2022-07-12,674.6909360086746,682.9127974888394,670.7045789273825,673.8936767578125,6446810
2022-07-13,677.6806892816021,682.6636355263198,674.6411042377205,677.5810546875,9614674
2022-07-14,676.2854385335281,678.1291651362578,663.3297783253994,665.9707641601562,8026311
2022-07-15,667.7147283949422,671.9004149771412,656.851882363399,659.9413452148438,6015057
2022-07-18,665.7714388475823,685.6534066266436,661.1871526108129,682.1653442382812,12464664
2022-07-19,676.2854251871386,701.4493031717064,676.2854251871386,698.2103881835938,10171314
2022-07-20,703.8909589906716,712.0630028189298,700.3032621036211,703.2930297851562,11620331
2022-07-21,705.5353819558808,715.9995692329485,701.9476241075544,713.1094360351562,8036515
2022-07-22,714.5544666625684,732.493072520206,712.6609228245819,728.257568359375,9713490
2022-07-25,730.9981886231841,736.2800992931025,720.0357072668719,724.869140625,6230411
2022-07-26,720.4343711354031,720.9824830407537,699.6554494118315,704.0404663085938,14135744
2022-07-27,705.535321760373,718.0923210907121,701.2001223335591,716.497802734375,6106880
2022-07-28,722.5271177197354,731.1974552977669,720.5837567549567,723.424072265625,6964838
2022-07-29,731.3968923577526,732.4432989298249,720.5340449427604,722.278076171875,6624854
2022-08-01,723.5237570663771,729.8022568424667,717.9428818936258,728.307373046875,5493105
2022-08-02,724.5203731412562,731.8452796805994,718.6404723296756,727.9586181640625,7275626
2022-08-03,727.5100672497969,735.9810748821575,725.0185944167496,728.0083618164062,9458761
2022-08-04,732.6923823476906,734.1872661279863,709.7708310498222,719.1387329101562,7466635
2022-08-05,721.5306072248198,728.7060618930041,718.7401695280204,726.0152587890625,4583196
2022-08-08,727.5101298876939,744.8009285069729,725.6165860407563,743.007080078125,8191870
2022-08-10,742.459027983339,745.2992831555691,733.6392370152699,736.4794921875,9069541
2022-08-11,740.5156209586502,758.0556280395675,740.5156209586502,756.26171875,12384073
2022-08-12,756.1123277448064,759.4010603288651,750.8304165247139,757.9559936523438,4614341
2022-08-16,762.3908351563127,769.3669604453247,755.8631872298486,762.0420532226562,7051498
2022-08-17,768.768988905421,771.1109493642969,763.6365298228012,769.466552734375,7674390
2022-08-18,769.3669204207018,773.3532775213273,759.5006622658611,762.4406127929688,9449924
2022-08-19,769.3669264387377,770.0147338034493,747.6911095345374,754.9163818359375,7553270
2022-08-22,750.8303565131084,751.8767630479931,736.6787771629648,739.3197021484375,4994311
2022-08-23,735.4828329888387,748.2889799370538,731.2971461641571,744.501953125,6594634
2022-08-24,742.4590324461465,749.4849748830924,739.4692645302559,747.5914916992188,6875820
2022-08-25,751.3286401681897,756.0125608585573,737.4760256263093,740.8145751953125,6320890
2022-08-26,745.4487161313889,752.4248404802121,738.771556374977,742.3593139648438,4613713
2022-08-29,727.5101534707075,732.3934651330155,719.58725675724,726.214599609375,5904146
2022-08-30,730.4999273100934,750.9798244301302,730.4999273100934,748.9368286132812,9193270
2022-09-01,730.9982382932499,752.3252732572747,730.9982382932499,741.6119384765625,9353805
2022-09-02,746.4453161376152,751.9763740717708,737.72516057526,747.6412353515625,7767812
2022-09-05,747.6412780027727,756.2119213422034,746.7941406322013,753.5211181640625,5894055
2022-09-06,755.4146080729167,758.9524875416358,746.2459753346046,747.44189453125,7606181
2022-09-07,740.6153289926856,755.4146550948194,736.5292765520527,752.8235473632812,10156460
2022-09-08,759.1519075413858,779.5321711137026,754.517742915131,777.0905151367188,13410790
2022-09-09,785.2624977843975,785.2624977843975,777.3396012219318,782.1730346679688,8732302
2022-09-12,786.3089341295793,802.2543624515986,784.1164255699052,798.2680053710938,15521649
2022-09-13,802.254317296896,806.1908568577237,800.4106515817256,802.8024291992188,9887516
2022-09-14,791.6905741001933,808.582714283761,791.6905741001933,800.31103515625,10494713
2022-09-15,802.7526138112515,803.7492030276528,784.9635206292796,787.3054809570312,5996899
2022-09-16,783.3689341975145,789.8965813396402,773.4528594199302,786.6078491210938,11467351
2022-09-19,786.6078349170996,799.2645297860902,784.0167273558158,795.3778076171875,11427799
2022-09-20,804.0482477149765,813.4162116130428,799.2646311651704,809.9779663085938,8274079
2022-09-21,806.4898142497095,813.2167913843225,800.6099136086641,803.7990112304688,6567084
2022-09-22,802.254337560139,806.0413645037225,781.6249281431966,786.5082397460938,7804275
2022-09-23,786.3089617813182,786.3089617813182,761.643376478292,765.978515625,10278805
2022-09-26,756.4112263924375,760.8958779323136,738.472620232933,740.067138671875,11090327
2022-09-27,743.8044102395187,751.5778555510004,728.0084939420021,734.984619140625,11358306
2022-09-28,731.3968414383884,731.3968414383884,705.2861921177687,714.00634765625,13170668
2022-09-29,719.7865835091667,728.3074094040037,708.5749544825442,716.5476684570312,12090981
2022-09-30,717.5442290519848,735.2336874765301,711.9633538234826,730.69921875,9536017
2022-10-03,728.5067120515447,739.4691933546459,718.5906372528893,720.2848510742188,6405645
2022-10-04,730.8985770794079,741.9606933751628,729.503327804727,740.2664794921875,5438934
2022-10-06,747.4418945455374,757.806446480693,743.4555377746278,752.5244750976562,9376433
2022-10-07,751.2290145617336,754.9164071979324,739.7682374227551,753.12255859375,7500540
2022-10-10,745.4487424879654,776.0440439506614,742.4589748041901,774.2003173828125,14106654
2022-10-11,777.3396083789139,792.786741622341,771.858367550601,782.8706665039062,15953495
2022-10-12,786.8071863065097,808.03452444932,780.7778337130018,805.9417114257812,21228018
2022-10-13,804.2475337078446,812.1704304989873,792.8863918005101,799.2645874023438,13024911
2022-10-14,812.7683085908579,817.900767293416,791.7403008353796,797.7696533203125,8220645
2022-10-17,800.7594087772773,814.2133627517555,794.3812136734007,811.3731079101562,9463827
2022-10-18,817.2031878991659,820.0933210652114,808.7819965413942,813.5656127929688,8470882
2022-10-19,815.6584507568261,835.5902349486871,814.1137496473525,827.01953125,10868663
2022-10-20,822.086492004441,829.0626167149702,814.1635953463724,823.033203125,11813817
2022-10-21,857.1663843034996,902.9098549269484,852.9308800171425,897.3289794921875,58057724
2022-10-24,912.8757307591613,915.3173865275703,901.9132492762457,906.3480834960938,3085307
2022-10-25,902.6108846710398,907.4941354391532,888.5589399245156,899.7705688476562,13187308
2022-10-27,905.8996382375723,916.8123028107809,898.1760714649197,912.0286865234375,11967044
2022-10-28,911.8791633658477,914.8191138175054,895.8341007783994,899.9699096679688,7320207
2022-10-31,904.9030295534112,914.8689219493739,899.0231287090013,902.9098510742188,9038777
2022-11-01,900.9166754418196,900.9166754418196,866.0360519457314,868.7766723632812,29191921
2022-11-02,872.0155730650307,874.0087515177507,858.6612531010146,860.6046142578125,11029140
2022-11-03,854.973978653849,877.3972377426342,853.0804346666695,861.1029663085938,10185978
2022-11-04,866.0360537722484,869.9227761579447,859.3588936663758,865.1390991210938,7323879
2022-11-07,873.2612662982114,873.8093781801359,858.3622459374857,869.9725341796875,9931261
2022-11-09,872.065402882393,877.7459737196048,865.5377555214042,870.7200317382812,10190209
2022-11-10,840.8223876953125,853.7780483352187,838.1315844739355,840.8223876953125,18956575
2022-11-11,844.1110696333851,851.784818795448,841.2708146861895,847.7984619140625,19329819
2022-11-14,847.599178506961,850.9876063732315,844.4598979594757,848.0974731445312,6985306
2022-11-15,848.3465898113479,856.9172329370936,844.3104155582582,855.7213745117188,7124767
2022-11-16,855.0735294516383,858.6612262234416,847.6987450766258,852.482421875,6521854
2022-11-17,852.4824505087997,858.4619858806352,849.7916474260779,855.2728881835938,4909607
2022-11-18,856.3691048060786,862.8469347377841,852.083783324346,856.2694702148438,7065304
2022-11-21,857.0667487717732,867.9794131453679,856.0701595290153,867.0824584960938,7209207
2022-11-22,871.9657701163994,874.008765898657,865.3882446180094,867.0824584960938,5535233
2022-11-23,870.9193545489853,874.806016059264,865.7868956711931,871.7166137695312,5861417
2022-11-24,875.0053548789186,877.7957925924075,870.1220432600779,875.553466796875,4928778
2022-11-25,879.9882472861958,888.7582199182167,877.8954343357848,884.7220458984375,7614047
2022-11-28,884.6723342043173,896.432075784622,882.2804955523642,888.65869140625,7928147
2022-11-29,891.3494639431874,898.8238834390427,886.964446841493,889.5057373046875,5661158
2022-11-30,891.947403440859,902.0129308137005,882.4299880052944,898.1760864257812,10452798
2022-12-01,906.3978429404705,906.3978429404705,896.4319513193548,900.76708984375,7053100
2022-12-02,895.2361321565979,903.9064710008336,888.3597026661215,902.0628051757812,7988851
2022-12-05,903.9064405460773,904.205405152637,894.5384773606733,896.133056640625,5098164
2022-12-06,894.438815942964,903.8067788474197,892.6449675304239,901.564453125,5351099
2022-12-07,899.7207762220891,914.8689452145676,896.780825725121,911.5303955078125,9103656
2022-12-08,912.5270008309415,940.7304653596467,910.633456863442,936.1461181640625,17466047
2022-12-09,940.7802378141974,941.7768270491702,924.4361500298539,930.515380859375,8018981
2022-12-12,926.7283912065303,937.9400205509244,918.8553116027852,935.4485473632812,7621788
2022-12-13,936.9932176587412,946.0621554317456,933.4054598907215,941.378173828125,8136559
2022-12-14,942.424645030725,946.9092966387719,935.2990075893691,939.1857299804688,8573479
2022-12-15,936.544774863132,941.7270512789019,929.4191371880759,934.9502563476562,7359261
2022-12-16,929.070328463923,941.9761714189226,925.9310479951191,931.9105834960938,6926928
2022-12-19,931.9106009402516,944.8662614348763,929.2198585760303,942.9727783203125,4842336
2022-12-20,940.5310847439807,949.5003878037909,937.2423524541128,946.5106201171875,9511818
2022-12-21,949.8492231848704,955.6294896993481,924.8348564626333,929.1201782226562,8368960
2022-12-22,932.8075406279887,932.8075406279887,909.8361705161678,916.4136352539062,9202717
2022-12-23,908.8894189164826,914.1215126109031,900.9167047154608,903.5078125,6371695
2022-12-26,904.9030605709675,929.7679751165904,902.0129273462807,925.532470703125,4764440
2022-12-27,929.269655124141,934.601383262467,919.4532145492958,929.0205078125,3346083
2022-12-28,927.7747642872207,934.2525943412428,918.1576537993037,921.5460815429688,5956496
2022-12-29,919.6525638996395,940.7802685364043,912.6764390270179,931.3624877929688,12204113
2022-12-30,938.039604707894,940.2819304561998,927.1767578630881,930.565185546875,3704449
2023-01-02,929.0703424360158,941.7768555666773,928.621865101302,938.388427734375,3498198
2023-01-03,941.5277530309381,962.306615866797,939.3850616781634,959.0178833007812,6927819
2023-01-04,960.213739989154,966.6915700980585,951.742731385202,954.1843872070312,9059392
2023-01-05,956.7257104918442,958.6192544579857,935.0498936135134,946.3113403320312,6998980
2023-01-06,943.3215570212211,947.7065741198771,931.1133385197832,936.6942749023438,5787783
2023-01-09,943.5706660298861,956.7256559647979,938.1392425884401,955.4799194335938,7025747
2023-01-10,960.7120239414986,960.7120239414986,939.5345026668546,948.9024658203125,7140150
2023-01-11,949.7495351110077,952.4901554903943,939.5843128111604,946.5106201171875,7100355
2023-01-12,946.1119894438225,946.4608321809351,920.8484760391259,932.3590698242188,8661375
2023-01-13,932.3092383369376,934.2525995293321,919.8518727792554,930.9638671875,9083608
2023-01-16,937.2423975527856,938.537951447258,908.5904558441489,910.0355224609375,10008273
2023-01-17,911.829325913297,916.5631247441648,903.6074647860002,914.5699462890625,6904960
2023-01-18,918.7555757556836,922.4429070054517,910.13505514566,920.848388671875,5730939
2023-01-19,920.4498289107772,934.8007387836647,917.6095738113638,925.532470703125,7721730
2023-01-20,928.0737843424014,931.6614814866497,921.4963193022849,927.3761596679688,4511360
2023-01-23,932.8075924147312,936.494985020229,921.2969980711642,929.5188598632812,5236124
2023-01-24,931.8109205049624,931.8109205049624,900.667507386481,907.0955200195312,18527897
2023-01-25,901.913212977989,904.3548686481314,881.1841700826748,889.3063354492188,11921748
2023-01-27,889.3063717030234,889.4558844177508,848.0974315288581,870.7698364257812,17300736
2023-01-30,848.9943755841525,882.4797488377172,843.2639876046868,868.8762817382812,21233998
2023-01-31,870.0224465966877,876.3009469325044,858.163009763603,868.627197265625,16856151
2023-02-01,873.31118575127,892.1467477297011,830.4578461296602,854.326171875,12409819
2023-02-02,848.0476037945589,869.0257945832661,834.1949893895618,865.4879150390625,9567053
2023-02-03,870.0224280347356,881.9814992104708,856.3193256458724,879.5896606445312,7365732
2023-02-06,868.8763137991926,896.083249001981,867.6305772359507,879.6395263671875,10129098
2023-02-07,883.8251289861092,885.3698909449143,868.5275087282845,876.1015625,5055187
2023-02-08,879.0913466949038,883.4265463970343,865.2886100136724,868.7766723632812,6572818
2023-02-09,873.1617312210834,873.1617312210834,859.6080803738031,864.7405395507812,5993312
2023-02-10,869.0756082290804,869.7234155462331,862.1991791777392,864.2919921875,4603464
2023-02-13,864.291964903683,867.4810624397231,853.5786312366728,856.1697387695312,5707194
2023-02-14,859.6080463082112,868.9261923015049,851.3363676900806,867.7800903320312,7527755
2023-02-15,869.0257710635434,869.2251010663387,858.6612191879582,865.33837890625,7322266
2023-02-16,869.8230682498253,871.3179520956351,859.3090640330253,861.800537109375,5843235
2023-02-17,858.0633006446494,865.2885723399731,847.1008194517445,851.984130859375,8420479
2023-02-20,856.767781292412,858.2626651515379,839.6264342090392,843.8619384765625,5992322
2023-02-21,846.10427152094,846.10427152094,834.5438605753566,841.171142578125,9677064
2023-02-22,837.1349722556811,840.1247400137371,826.7206023997231,830.5076293945312,6984037
2023-02-23,830.2086466297461,845.3568151047107,827.3683916524938,841.4700927734375,8437003
2023-02-24,847.2004790909477,851.6851306206476,841.5697864442899,848.49609375,7763814
2023-02-27,848.944501075937,855.5220264113381,843.0646611855541,851.4359741210938,8064267
2023-02-28,853.0305661731592,854.6749019114627,837.1349557410143,841.220947265625,13012372
2023-03-01,843.1642677855706,865.7868544499753,842.1676786005922,862.1991577148438,12345125
2023-03-02,863.0462409614079,863.8435001502493,840.6229841234959,842.5663452148438,13900508
2023-03-03,846.8517490528509,855.6715399372595,842.7158791691664,849.7418823242188,7977804
2023-03-06,854.0271301066211,860.8039245250408,852.6816981857065,856.5684204101562,10781567
2023-03-08,855.5718330502939,859.5581898728927,850.1404097141072,858.0134887695312,8785735
2023-03-09,859.5582380054627,871.2681618275661,859.059943374735,864.8401489257812,14746065
2023-03-10,856.6680115466182,858.6611898525219,842.616128820787,848.9943237304688,11198583
2023-03-13,842.7158550763185,854.0769969866298,825.624385740161,829.5110473632812,8315798
2023-03-14,825.175844133421,832.8495930135837,814.6120231166099,830.00927734375,12573734
2023-03-15,835.19156766045,840.622990970826,816.5553374379656,821.2393188476562,6652641
2023-03-16,818.6980428258025,835.0421303365613,811.5225882887138,827.7171630859375,8791383
2023-03-17,832.1520456835085,838.6298759792484,820.1929743682964,834.5438842773438,7762461
2023-03-20,833.1485971970394,838.1315433525241,822.7342275666805,834.6932983398438,10744023
2023-03-21,837.2346888018227,854.4258550933804,835.8893175097998,852.6818237304688,11489951
2023-03-22,852.6817939960018,856.867481286425,844.1609675140237,846.7521362304688,8018924
2023-03-23,844.1110588183182,858.2128204363339,842.2175149931294,845.9049072265625,9857892
2023-03-24,843.3636567920377,849.5923396339286,834.3943534997146,837.0353393554688,8078718
2023-03-27,838.1813788056045,839.327480776985,826.3718204920756,830.5076293945312,10602508
2023-03-28,834.5438466338419,834.5438466338419,823.2325223622307,829.6107177734375,11002402
2023-03-29,829.6605471665011,845.5561578031353,827.169074051887,839.72607421875,17121194
2023-03-31,851.9841415470137,857.9636768181534,844.6093570484835,855.5718383789062,12946752
2023-04-03,861.0530717852805,863.8435093895595,853.5288354645894,861.6510009765625,13266882
2023-04-05,868.0292507705822,868.0292507705822,854.0770010452227,857.5650634765625,11890015
2023-04-06,858.8606923204985,860.3057590478645,846.1043607664488,849.0443115234375,19677316
2023-04-10,851.8845021846186,852.0340149070264,841.0715328552598,844.4598999023438,15656078
2023-04-11,845.3568845733122,852.7814871189875,841.1711972942013,850.3896484375,23930907
2023-04-12,851.9841829804615,853.7282141860258,843.7623215828012,848.1472778320312,13480335
2023-04-13,850.7383996311652,864.740465803461,842.1178786725427,861.40185546875,23934570
2023-04-17,878.9917525763007,878.9917525763007,858.0633775149602,861.6012573242188,22577380
2023-04-18,862.3984518651789,869.0257944680026,854.1765908510034,860.4052734375,17238709
2023-04-19,862.0497074519493,871.5173053950632,859.6080516064868,870.4210815429688,23494247
2023-04-20,871.8162791734077,872.61353842213,861.2026399691414,865.7869262695312,19444753
2023-04-21,867.8299061208056,870.8694911657597,854.5752812705765,861.25244140625,15520786
2023-04-24,865.0394358505833,881.3835232550492,857.5650167620126,879.2906494140625,18201632
2023-04-25,881.9814686878904,892.7446202081773,871.4176471790306,875.3541259765625,36394389
2023-04-26,874.4074574520372,886.4163460948365,872.214948873526,884.6224975585938,19468723
2023-04-27,884.9712636188237,886.9644421404878,874.5070763800876,878.393798828125,15992383
2023-04-28,882.0810759982311,887.0142047003216,850.7383943408122,857.0667114257812,23004117
2023-05-02,867.0326735942426,873.4108693169933,861.3022852342807,867.6804809570312,12947953
2023-05-03,860.9035933004291,863.8933610296572,851.1370308836802,856.917236328125,15103015
2023-05-04,857.066741849028,864.1923792079833,854.5752687622576,862.9964599609375,9756391
2023-05-05,864.1923593505327,881.9814524505231,859.807342487784,862.3486328125,14343308
2023-05-08,862.3486841752388,878.3938079372135,862.3486841752388,875.453857421875,7007882
2023-05-09,879.1910451750226,887.1637591447313,876.9985366679567,885.2203979492188,12117151
2023-05-10,888.9575590656924,889.4558536615812,874.5568330791094,886.86474609375,11893027
2023-05-11,887.9610360069609,896.9303394009706,885.9678574749587,892.8941650390625,13816121
2023-05-12,892.1466905835556,910.4838959136572,890.9507713425321,907.5440063476562,10533272
2023-05-15,907.5440543286596,916.3638451469153,906.0491704050921,912.6764526367188,7339579
2023-05-16,913.075159132243,919.3536597652427,908.8894717679148,914.669677734375,12567615
2023-05-17,914.5699426495011,915.7658618831991,908.141929991981,911.6798095703125,10248327
2023-05-18,916.8621110610288,926.3297089469851,909.4873262717023,911.5802001953125,13614127
2023-05-19,917.7590348551536,923.838204751964,905.8497815389638,920.8982543945312,8393002
2023-05-22,919.8518948703927,924.5856938959987,911.2812514916671,914.4204711914062,9383158
2023-05-23,914.4204570128335,919.3535859810547,909.2880588555776,913.0252685546875,8273445
2023-05-24,908.0422990139986,917.7091658596611,907.0955270824292,914.5699462890625,6248545
2023-05-25,913.5733694330196,920.3999814033983,909.3378651585706,917.9085083007812,8149350
2023-05-26,914.8689054147029,924.7351630391825,911.879137749949,923.7883911132812,4908462
2023-05-29,927.8245202474517,934.5016798732743,924.884570021122,926.6286010742188,7133871
2023-05-30,927.6252815270212,936.4949503720625,924.8846610310455,934.2526245117188,7804403
2023-05-31,934.152934014655,936.6942853313651,907.0955716533429,911.7296752929688,34757004
2023-06-01,918.8553145613342,927.7748007672122,912.9255961902546,916.5631713867188,11817533
2023-06-02,919.5030999135525,927.3263012298903,917.1112613721726,922.9412841796875,11616991
2023-06-05,924.4361127448595,950.6464572290907,924.4361127448595,947.6068115234375,14520005
2023-06-06,947.8559327842277,967.4389342544459,947.8559327842277,964.8976440429688,14457988
2023-06-07,969.6315520034975,977.9032308609246,964.7980574999955,973.4185791015625,15795824
2023-06-08,969.7310840358085,971.5249323844282,956.6259728879411,958.8184204101562,10209982
2023-06-09,963.7017874550165,978.3516613325,960.0143951307958,971.4253540039062,12947464
2023-06-12,969.6813390368814,974.5646506865643,965.296322011575,970.8772583007812,7465375
2023-06-13,970.9768941207329,986.3243929017011,970.9768941207329,982.4874877929688,15233785
2023-06-14,982.6370353482635,984.8295439414147,972.6711424948328,974.3653564453125,8644423
2023-06-15,984.9789505278337,985.6267578642999,968.8840708061163,973.8171997070312,15978311
2023-06-16,979.447884977415,982.0888707728268,973.8670096093874,978.2021484375,8860900
2023-06-19,980.4943212217917,982.6370124661768,957.7222809127747,962.3564453125,11025846
2023-06-20,962.6554164174278,973.6677156728969,955.2806314970962,971.5250244140625,7596593
2023-06-21,974.9632356100433,974.9632356100433,959.864945208758,962.7052001953125,7805855
2023-06-22,958.9182053403447,970.1298345995613,955.4301429041441,963.3031616210938,10135883
2023-06-23,956.7256830250307,962.2069239173616,951.2942594299611,955.1311645507812,6188008
2023-06-26,956.2273971509471,960.2137542000391,949.8492015416074,957.2738037109375,5799528
2023-06-27,963.7017981869501,972.6711013758669,957.5229327136336,969.9304809570312,6921886
2023-06-28,975.6609067208492,980.6438531290252,963.7018353412269,974.8636474609375,10010996
2023-06-30,973.767356787256,986.4738700502332,972.6711329149684,984.0820922851562,7096350
2023-07-03,986.6232617471704,986.6232617471704,974.6641919078107,978.7501831054688,5562743
2023-07-04,978.7502406757175,981.4908610084411,965.6949463306252,967.38916015625,7396806
2023-07-05,965.6949642870135,972.1727942848107,958.8184742662522,963.2034912109375,8200047
2023-07-06,957.7222801183558,982.7366462464298,957.7222801183558,977.604248046875,10221727
2023-07-07,973.913125545509,987.0815405475973,969.4737654458773,974.362060546875,6236524
2023-07-10,974.3619913680536,983.6397168850006,958.1010224249453,961.7422485351562,7138850
2023-07-11,965.583097735668,969.4238573789243,948.324461185316,950.9182739257812,10616390
2023-07-12,954.4099263045584,955.2578672745432,944.7331333521793,947.7259521484375,10141257
2023-07-13,954.0108638970822,963.6876568946427,949.8708344096943,957.8516845703125,13079930
2023-07-14,962.1413436836285,964.6852274002033,945.4813074131775,954.759033203125,5383514
2023-07-17,957.7019176622215,966.580636879501,948.1747909716205,962.540283203125,8472444
2023-07-18,961.6923995413861,977.6042309854672,949.0227883239745,961.34326171875,14457717
2023-07-19,961.6923685039854,967.578269388831,954.2103220685292,961.9916381835938,7574544
2023-07-20,961.5926560411982,977.5543554985788,955.3076881686135,975.5591430664062,15329753
2023-07-21,969.2741842405901,982.6421320165374,965.6828261847799,968.9749145507812,6230317
2023-07-24,971.1197216171681,982.5921923743232,966.4808286510473,969.1743774414062,9167788
2023-07-25,975.3097424302705,975.3097424302705,951.5167976207896,960.1959838867188,13448045
2023-07-26,964.5354766047415,977.6540217625826,960.9939869690231,974.461669921875,8298226
2023-07-27,986.9816883223583,987.63015672027,953.4621437226243,957.6022338867188,17858061
2023-07-28,957.6022192953338,967.4286160462416,939.9445773118847,947.676025390625,8504392
2023-07-31,952.4146499294641,956.3052775703625,946.0299459031511,951.6165771484375,6601991
2023-08-01,953.7115452773517,961.6923950286265,949.7211204017142,957.6022338867188,8409096
2023-08-02,949.2222822906164,956.6045923939507,934.3579258213549,942.9872436523438,9324465
2023-08-03,941.8400684259062,944.3340841360575,924.930690622325,933.310546875,17076611
2023-08-04,944.7330873809358,952.5642718277866,932.412674958146,949.9705200195312,12376086
2023-08-07,949.9705068423926,952.7139239007455,942.2889269011943,945.1321411132812,10922609
2023-08-08,947.725875229002,957.6022008106924,941.7901062537052,950.6189575195312,11512735
2023-08-09,949.7211646792763,951.0180406465107,942.039584257736,947.7259521484375,7701831
2023-08-10,945.7306784030826,949.6712350742389,935.0562798762082,937.5004272460938,13590891
2023-08-11,935.2558737056812,943.4362572588378,930.766645511894,934.9566040039062,9558237
2023-08-14,932.7617883498599,941.0419075552627,926.6764149419139,937.699951171875,7172522
2023-08-16,933.7095496660087,937.749842661367,929.0706564078612,930.8164672851562,7394623
2023-08-17,933.7095660844874,940.7426778503086,929.4198714597991,934.30810546875,9336994
2023-08-18,932.6121582533107,943.6856239218536,928.821266763245,940.7925415039062,6648744
2023-08-21,941.9397855724528,951.9657156977736,941.6903840226237,950.3196411132812,6822155
2023-08-22,951.5666810794194,956.8041138031537,946.3791773785815,954.759033203125,10860061
2023-08-23,959.697176619942,978.1030234221159,956.1058186098329,976.9058837890625,12677151
2023-08-24,982.442608181207,991.8699992810248,976.7562404631382,979.0008544921875,11899556
2023-08-25,971.6684508890794,985.834471283137,968.4760988315514,980.7466430664062,6228241
2023-08-28,977.7537919349728,990.1241329133894,977.7537919349728,987.8296508789062,8451441
2023-08-29,987.8296759355306,988.6277487213704,975.1600649597776,978.3524169921875,8114141
2023-08-30,980.6469559137907,995.611049849403,977.6541371266683,980.99609375,9023083
2023-08-31,979.4497358194095,992.3188799032469,966.2813220592374,971.1696166992188,21558300
2023-09-01,971.9178357296834,990.6229518907627,966.6804032045811,988.7774047851562,10946742
2023-09-04,991.3712145930849,992.1692874182171,977.6541286050045,979.8987426757812,6727188
2023-09-05,983.091071894129,983.8392765669051,975.5591570326598,979.1006469726562,10548660
2023-09-06,979.1006965615071,980.7966394168384,959.4977087863123,962.7399291992188,16351052
2023-09-07,962.7399127474505,977.4546051391893,960.7945683551385,975.8584594726562,8686550
2023-09-08,975.858420425993,984.9366127081339,970.1720527717824,977.953369140625,6439351
2023-09-11,979.4497974015362,1001.5966681785131,976.6565120983709,998.0053100585938,7130484
2023-09-12,1007.5822815964099,1007.5822815964099,995.660875096741,998.5040893554688,8958327
2023-09-13,1000.5491353190113,1014.5654900389868,991.3212781087256,1012.0216064453125,12254423
2023-09-14,1012.0216046985313,1019.9525860325733,1006.6345069537728,1018.4561767578125,7855558
2023-09-15,1018.5559813857484,1029.2802485746777,1012.1214088945802,1024.6912841796875,8986157
2023-09-18,1019.1047057608484,1027.4347549170495,1016.5608218682338,1022.2970581054688,6397319
2023-09-20,1009.8767878452892,1044.9925397848435,1009.8767878452892,1024.8409423828125,13619788
2023-09-21,1024.1424850583664,1031.1257283526368,1009.6771953773779,1012.0216064453125,8156588
2023-09-22,1007.5823094971842,1024.7910172583984,1005.5870970031303,1015.8125610351562,7108110
2023-09-25,1012.7699017646486,1023.5440373483997,1002.7439708865614,1016.5109252929688,7123890
2023-09-26,1016.5607167837618,1018.2566594998765,1008.5798671917402,1011.7223510742188,6387615
2023-09-27,1007.5323554927213,1025.489205519727,1001.5965866509939,1022.7457885742188,5158686
2023-09-28,1024.541562459703,1035.4653015857891,1022.7458225971219,1028.4322509765625,15818489
2023-09-29,1028.4322190332261,1038.5080169360645,1022.0475152267032,1034.21826171875,9528626
2023-10-03,1032.5224171761674,1042.1991486065783,1030.128137940139,1038.5579833984375,11589322
2023-10-04,1032.8715224189036,1034.5175969528955,986.4828355738606,993.1668090820312,22584212
2023-10-05,997.606229461282,1006.7842189501363,986.5328246698826,1000.8484497070312,7950412
2023-10-06,1002.5942480791412,1005.5870667301236,997.0076776195943,998.553955078125,5289753
2023-10-09,992.4186931233185,997.3069881423653,985.8843843122647,993.865234375,6823214
2023-10-10,997.5064314461529,1012.5203920923382,994.1145461203287,1009.8268432617188,5728499
2023-10-11,1016.5607861898477,1023.1948922217821,1009.577542320045,1016.6605224609375,7396783
2023-10-12,1019.5535749269535,1028.5320310662319,1012.5204631289959,1016.0120849609375,4920222
2023-10-13,1006.5846347116004,1009.0287820282044,989.8747312116803,991.67041015625,12173162
2023-10-16,987.6301545262204,1007.0336076187124,987.6301545262204,1002.3947143554688,4646960
2023-10-17,1006.4350357086527,1012.2710687741517,1000.6987998010652,1005.636962890625,6105067
2023-10-18,1007.582298949754,1011.672460164127,986.9817058086751,990.4733276367188,7818946
2023-10-19,977.3547899117126,996.6085770707042,977.3547899117126,989.0267944335938,4836625
2023-10-20,986.6326146083185,990.5233034704851,975.4095439163634,978.0032958984375,5664400
2023-10-23,977.6540675662923,982.5423622597436,958.7992861933225,961.9916381835938,5896695
2023-10-25,957.7019990873952,971.6684865740864,949.1226097011919,953.1629028320312,6957048
2023-10-26,953.7115163461261,972.6660339304111,950.4692962330248,969.7230834960938,17540495
2023-10-27,977.6540684991274,1002.3448217596922,970.970094832599,1000.349609375,13443016
2023-10-30,1000.3496444881126,1000.3496444881126,976.8560300115275,986.8320922851562,5270567
2023-10-31,995.6110604893629,995.6110604893629,975.6589350286542,979.4996948242188,7816805
2023-11-01,975.5092606003677,976.955801860539,965.6828632585753,969.4737548828125,5703984
2023-11-02,975.6588829327773,985.984082951752,971.6684580537067,980.5970458984375,5193982
2023-11-03,983.6396958568432,989.0267935974802,979.1504680359956,986.4828491210938,4268048
2023-11-06,992.6181502490323,1013.7674134673241,990.7226741492185,1006.9837036132812,6552178
2023-11-07,1005.5870326392501,1019.7530526181287,1002.8436156355219,1018.4561767578125,6559859
2023-11-08,1021.548754556056,1024.4916441513978,1013.1688380732181,1019.2542724609375,7643314
2023-11-09,1022.2969496906434,1026.3871107399823,1014.2163638559787,1019.4537963867188,4407935
2023-11-10,1015.4634502996684,1028.5320681288063,1014.216442457611,1026.736328125,3294063
2023-11-13,1027.5842687731763,1029.3798867855012,1021.0498997460257,1022.8954467773438,5985481
2023-11-15,1042.4984646699425,1042.4984646699425,1029.0807101756216,1038.857177734375,7240388
2023-11-16,1040.3038229538877,1041.5009017158827,1019.7032299963196,1023.8931274414062,6908825
2023-11-17,1012.4705832200053,1017.5583506174719,989.4757109972611,991.9697265625,13268353
2023-11-20,978.6516721144777,992.368757223116,978.0032037355404,986.333251953125,8215656
2023-11-21,987.5802951235795,995.112209948386,984.2882067571996,989.4258422851562,7061614
2023-11-22,988.6277745129754,997.5064943208318,985.6349558212106,995.7107543945312,6103988
2023-11-23,996.6086401662712,1000.9981320061083,993.0172820348068,996.6585083007812,3112891
2023-11-24,999.6014966534458,1008.3305516391919,997.3070143778607,1006.0859375,6956281
2023-11-28,1010.6249804344942,1019.5037002486309,1006.8340889333878,1018.7056274414062,6173384
2023-11-29,1024.6912979894364,1060.9542613148635,1018.7056604079704,1057.6123046875,9422396
2023-11-30,1060.1561871641647,1078.3126952483788,1052.923541346816,1071.6785888671875,24755589
2023-12-01,1072.825874154055,1106.3454225650557,1067.6382481590172,1102.005859375,14428758
2023-12-04,1117.817750299184,1126.2974030234527,1096.4689532024638,1122.905517578125,14043213
2023-12-05,1134.0788203008565,1149.0927211189544,1124.4518957465727,1129.7391357421875,15804808
2023-12-06,1132.3827752128796,1142.9573765954551,1115.2738044978198,1117.8177490234375,7342767
2023-12-07,1116.5707453086986,1126.89594517818,1105.8464786014674,1115.174072265625,6439419
2023-12-08,1113.178834877189,1131.634549261566,1108.8392723370227,1128.4920654296875,7300989
2023-12-11,1126.2974708649378,1136.6726003551878,1111.183711625699,1113.827392578125,6924589
2023-12-12,1117.319055316092,1131.1858072332268,1106.345386022809,1128.292724609375,9044111
2023-12-13,1147.247157541495,1148.244763765444,1108.7893888970148,1112.1812744140625,8184523
2023-12-14,1129.68928946714,1135.8743992190675,1115.2239995129569,1117.767822265625,9421193
2023-12-15,1116.520819325448,1125.1501373806013,1105.9462178758602,1117.6680908203125,12048410
2023-12-18,1117.0195622278702,1117.31889278539,1104.549485299462,1108.6895751953125,7922468
2023-12-19,1121.1099101400514,1124.1525360208302,1111.532793079096,1117.568359375,6824641
2023-12-20,1119.3141580232493,1121.1597051403057,1100.0603096240868,1107.59228515625,9848057
2023-12-21,1101.2574845465347,1101.2574845465347,1074.6213265198994,1092.77783203125,10914682
2023-12-22,1092.7779264108851,1103.6518590487801,1083.2009306279906,1085.6949462890625,10600025
2023-12-26,1088.5877457969887,1098.0151966663564,1084.0985182719824,1091.6304931640625,5687517
2023-12-27,1093.4263887566508,1107.8916795104105,1087.0416843441974,1103.70166015625,6132936
2023-12-28,1104.5994586858894,1110.3356943033596,1095.37160138822,1105.197998046875,14097667
2023-12-29,1098.8133142498616,1104.2004121539771,1091.3312676547296,1099.661376953125,8786731
2024-01-01,1092.3787776242896,1101.3572333307905,1090.383565245067,1095.072265625,4083732
2024-01-02,1092.478603887825,1096.7184305429569,1079.709316675706,1090.633056640625,7895577
2024-01-03,1088.3884316097892,1099.9606398908986,1078.711699581697,1095.97021484375,10225290
2024-01-04,1100.3596248484037,1127.2949919117825,1097.4167353064222,1120.7108154296875,11411683
2024-01-05,1121.3093204625263,1137.1712827143679,1116.3212896775506,1134.228271484375,8025466
2024-01-08,1142.2591526623078,1143.2567589091743,1115.8225871203417,1119.314208984375,4735538
2024-01-09,1125.848594466918,1132.8318382933232,1109.6872999732295,1113.8773193359375,6359362
2024-01-10,1112.5803490615472,1113.328553734756,1096.419176831478,1104.35009765625,5934163
2024-01-11,1108.390413403008,1125.2000534594813,1108.390413403008,1123.05517578125,4683035
2024-01-12,1123.6537280685436,1126.7462829578426,1115.3736696086848,1117.6680908203125,5616755
2024-01-15,1119.3142060402943,1127.7439300929025,1113.9271079657626,1116.8201904296875,6719079
2024-01-16,1113.9770559493738,1125.1003901176227,1112.4307175332362,1116.421142578125,5229753
2024-01-17,1079.410019983754,1112.3310279869554,1076.6166736237521,1079.7093505859375,24913719
2024-01-18,1063.448326051751,1106.095995787879,1063.448326051751,1094.8729248046875,11473135
2024-01-19,1104.4997961277145,1123.6039803798592,1102.3549183111254,1113.8773193359375,12303696
2024-01-23,1123.204870544225,1138.8672395300805,1076.217641808556,1086.642578125,18924087
2024-01-24,1032.3230568353206,1070.6310416625054,1018.4563047903621,1056.61474609375,20884046
2024-01-25,1055.4674255854222,1061.153732569677,1023.3445526484135,1039.755126953125,20835434
2024-01-29,1033.5201569861601,1065.4435595185512,1033.5201569861601,1058.709716796875,11188604
2024-01-30,1057.5126128108996,1067.8876209651612,1048.2847544854226,1051.5767822265625,9426983
2024-01-31,1045.69084056198,1081.5049299098825,1040.2040060924105,1065.194091796875,12600390
2024-02-01,1070.0822124872197,1085.046304056673,1054.2701800844486,1081.6544189453125,9756682
2024-02-02,1085.445457406814,1093.575850385391,1062.4505861502569,1064.4957275390625,8667415
2024-02-05,1064.4957475123178,1076.9158960271432,1055.467362664861,1058.958984375,12569454
2024-02-06,1059.0088475733637,1062.5502763066684,1045.6907081700033,1047.536376953125,8011171
2024-02-07,1058.5101145853655,1071.1297356806806,1054.9685638394865,1066.540771484375,7281793
2024-02-08,1069.4338475904046,1073.0252055587823,1029.1804617312182,1033.4202880859375,9869141
2024-02-09,1037.460635442103,1052.3749228732129,1032.073658779852,1048.88330078125,8233454
2024-02-12,1048.8831580325893,1054.7191298078526,1032.8715301930304,1044.1943359375,8694379
2024-02-13,1048.4842860764943,1072.9755709658375,1042.2991753456165,1068.18701171875,8413609
2024-02-14,1058.7595369474293,1098.264719163139,1058.0113322775178,1094.224365234375,16609115
2024-02-15,1094.8727859242745,1094.9227149446676,1066.6904112524196,1069.63330078125,11780823
2024-02-16,1070.4313542808845,1073.4241726059943,1055.4672626553363,1066.1915283203125,8660907
2024-02-19,1066.4410841180998,1067.4386903707828,1057.5623641135999,1060.405517578125,7562645
2024-02-20,1056.4650199471596,1087.8896168577692,1055.1680831094475,1085.994140625,8722800
2024-02-21,1091.2316617865245,1091.3313980640905,1070.5313303997261,1081.604736328125,9177213
2024-02-22,1087.6900474726833,1108.041115761234,1078.9110645331584,1098.2646484375,14633340
2024-02-23,1096.3692455391695,1104.7491622173827,1087.3907894792492,1094.174560546875,6250943
2024-02-26,1090.832423798755,1092.1792895580463,1077.0655316448554,1082.6021728515625,5354189
2024-02-27,1079.0607928334823,1085.9443001110253,1069.4837974716459,1076.467041015625,6546815
2024-02-28,1074.820952971871,1082.4027357978764,1061.502934449241,1071.6285400390625,7643191
2024-02-29,1068.436206253075,1079.7092046661435,1052.8236453635054,1072.5263671875,13648997
2024-03-01,1073.424307411303,1099.0627389049594,1073.424307411303,1096.61865234375,4819390
2024-03-04,1096.6185399519284,1106.2454634756489,1090.4832378881413,1104.1005859375,5895441
2024-03-05,1099.5615904286128,1108.240838110355,1091.8800708025524,1098.1650390625,4851446
2024-03-06,1097.5663236628902,1129.2403214113713,1092.727957811263,1122.3070068359375,13787638
2024-03-07,1123.3046485018447,1124.20251849126,1104.8988617203179,1108.7894287109375,6943879
2024-03-11,1109.5876214061693,1117.31907033033,1099.2624204243646,1102.4547119140625,6751641
2024-03-12,1102.354873198211,1118.7156395632892,1081.6545441313667,1094.3740234375,9817138
2024-03-13,1093.3764762920455,1096.9180272759506,1068.186917873821,1077.8138427734375,11503890
2024-03-14,1072.426701290456,1078.661740251447,1053.0731159999189,1055.716796875,10253613
2024-03-15,1053.7215382177246,1053.7215382177246,1027.7837772769806,1043.8951416015625,17798175
2024-03-18,1041.5008827914498,1064.346089346231,1041.1018159520013,1058.809326171875,7612407
2024-03-19,1053.0232975285835,1058.4102737109642,1044.1943850314635,1048.28466796875,6728886
2024-03-20,1047.4865666620108,1054.9186845427982,1028.482118812757,1032.2730712890625,12619644
2024-03-21,1036.8619949851457,1048.035257657642,1025.6888540907516,1033.1209716796875,9903738
2024-03-22,1037.6101871982582,1044.7430959040469,1027.4844598840073,1030.8265380859375,9891194
2024-03-26,1026.5366827988034,1041.7002468947026,1025.0402736402045,1038.05908203125,9656767
2024-03-27,1043.2966609454973,1055.0185343378787,1041.7503225527066,1050.3297119140625,17027308
2024-03-28,1050.3296143572713,1055.8663772204363,1041.600560514143,1044.693115234375,10235318
2024-04-01,1049.8308968863641,1061.203632319249,1046.3892040873816,1050.5791015625,5484556
2024-04-02,1048.4840673289145,1053.3224328177723,1037.7098721598722,1044.693115234375,13617893
2024-04-03,1041.3014413403423,1067.7380066830049,1041.251512317133,1060.704833984375,11573590
2024-04-04,1067.4386903707828,1078.1130285632478,1056.6146868847939,1060.405517578125,17964844
2024-04-05,1058.5599096565631,1060.4553857835742,1045.5910291154657,1056.564697265625,9210187
2024-04-08,1064.4458579816544,1076.8660069572647,1061.0041651652145,1073.4742431640625,4967186
2024-04-09,1087.390734637225,1087.390734637225,1068.7853550513448,1077.4146728515625,11385226
2024-04-10,1083.5997776208008,1090.383548316074,1077.4146680524793,1085.196044921875,9064074
2024-04-12,1076.916060323627,1093.7756320803342,1068.5361425852163,1070.8804931640625,18045983
2024-04-15,1060.555176997231,1068.4362907053944,1052.723992312668,1055.41748046875,8889435
2024-04-16,1047.4365529030972,1055.3176660274705,1041.8499826884606,1049.3819580078125,7107881
2024-04-18,1041.650556735367,1048.8832018148605,1011.4230396229323,1021.5487670898438,17832438
2024-04-19,1012.5702521129814,1034.4676586075361,993.3164654082485,1026.636474609375,21598007
2024-04-22,1036.5129583674138,1055.9662814551564,1029.5297141820704,1051.4271240234375,9410832
2024-04-23,1055.467270009472,1057.7118837689438,1046.239413442754,1053.22265625,8300012
2024-04-24,1053.4721887491182,1066.3911408374038,1053.4721887491182,1060.704833984375,5641163
2024-04-25,1097.3668772875997,1131.2355608344606,1083.5001260280715,1124.30224609375,46136295
2024-04-26,1127.2950297740094,1138.6178360271808,1120.3117862267368,1127.5943603515625,10133766
2024-04-29,1127.5943251009617,1161.2136049877345,1122.6062941517016,1156.4749755859375,15183242
2024-04-30,1157.3728950223422,1180.0684368123416,1152.3848638597049,1163.109130859375,18965164
2024-05-02,1153.232837036846,1171.1897497242708,1145.2519869535458,1147.0975341796875,12302236
2024-05-03,1148.1449785153566,1160.465390499882,1131.3851459567948,1138.7674560546875,9993632
2024-05-06,1141.1617550653036,1153.232765714131,1132.931503925908,1140.912353515625,7490104
2024-05-07,1143.3066598846426,1146.0500769962232,1121.3593229919986,1125.00048828125,7115509
2024-05-08,1121.9578174576657,1132.7318911613593,1115.573113534311,1125.9482421875,8175609
2024-05-09,1119.3141450674307,1131.8341514619112,1109.537555695174,1112.9793701171875,5226693
2024-05-10,1121.0100592034512,1137.2710892789437,1110.6848591958812,1117.418701171875,7242718
2024-05-13,1117.4187443862693,1132.6821688333848,1102.4048432815728,1129.290283203125,5513160
2024-05-14,1127.2452119578256,1133.3805151781019,1115.4236014278974,1120.1622314453125,5471143
2024-05-15,1122.8557159257566,1128.492093577472,1115.9222797145299,1125.3497314453125,5436338
2024-05-16,1131.435179313018,1141.2116477253062,1108.6399003218369,1136.5728759765625,10750526
2024-05-17,1129.290204353205,1143.2566909794812,1123.4043034907972,1138.6177978515625,9909986
2024-05-21,1133.2806831688256,1143.007343961868,1126.4969120583337,1134.9267578125,8162017
2024-05-22,1139.2663882104796,1139.2663882104796,1115.2739081187951,1123.3046875,9094033
2024-05-23,1123.3046476916165,1166.8501852548218,1123.0552461268537,1162.460693359375,12818081
2024-05-24,1162.7099232454316,1174.1823935305645,1157.8216289422353,1171.1895751953125,8814997
2024-05-27,1176.0779834037558,1193.137025211273,1165.2040513768954,1184.1585693359375,10450046
2024-05-28,1185.156225137097,1189.545716993226,1176.1777688860584,1180.5672607421875,4018776
2024-05-29,1169.1944304571298,1183.0611805664641,1153.2327317478173,1156.9737548828125,9418064
2024-05-30,1152.434695075394,1176.9759063285162,1152.2352225359814,1165.1541748046875,7232217
2024-05-31,1170.192044648018,1175.1800755288707,1150.6389879506955,1159.3680419921875,10057642
2024-06-03,1194.184513556256,1239.2263346733155,1190.543226683044,1220.97021484375,22197339
2024-06-04,1221.0699654696132,1221.0699654696132,1098.9131373248442,1128.5419921875,24135989
2024-06-05,1135.2758622111123,1190.14420353063,1108.0411640812747,1181.66455078125,21039499
2024-06-06,1189.2464931662287,1193.0374459682257,1160.4655746223425,1168.1470947265625,12006879
2024-06-07,1175.1802441941004,1192.3390241756715,1163.9571731014148,1183.959228515625,8583998
2024-06-10,1182.163348388672,1209.4977826564013,1182.163348388672,1197.12744140625,9995057
2024-06-11,1201.5667532774446,1206.4550480716425,1187.6002663100805,1191.7403564453125,9390212
2024-06-12,1189.2464161988912,1203.2628330753819,1181.2655659980387,1185.0565185546875,7199718
2024-06-13,1198.9231671641783,1199.122639690824,1170.6409342714535,1171.838134765625,5321148
2024-06-14,1178.1230423439772,1181.8142585048788,1167.19930270935,1178.222900390625,4451031
2024-06-18,1191.1417014157555,1191.1417014157555,1178.3224871924854,1189.0467529296875,6837181
2024-06-19,1190.1442700595508,1240.3737209742549,1182.6622230977348,1223.7137451171875,17987437
2024-06-20,1227.1554357869195,1238.528171503914,1217.4787037783979,1236.532958984375,8206858
2024-06-21,1243.0173750319368,1243.0173750319368,1220.8206361920809,1234.48779296875,29311314
2024-06-24,1228.0533609592674,1232.7919909061045,1222.1176521581588,1225.1602783203125,6676530
2024-06-25,1231.495060670556,1275.6890689148843,1223.065336062286,1268.406494140625,17607952
2024-06-26,1278.0333644573095,1289.8549743671108,1256.185762851666,1282.3231201171875,13956370
2024-06-27,1306.864161814128,1306.864161814128,1276.9359749023542,1285.864501953125,22311393
2024-06-28,1280.028560763349,1286.812332005033,1258.5800262921014,1262.2213134765625,7167069
2024-07-01,1269.952676787439,1269.952676787439,1253.4422456717753,1258.8792724609375,5797015
2024-07-02,1261.9718659782138,1264.8150193443623,1235.2858996423108,1250.399658203125,9945447
2024-07-03,1256.9839096069336,1285.515424786834,1240.6231423008721,1276.93603515625,15171347
2024-07-04,1284.916842281519,1289.9048735015558,1265.4635205233747,1277.8338623046875,4817380
2024-07-05,1268.955094098609,1292.2991036758544,1267.8577516275716,1283.9691162109375,8593502
2024-07-08,1281.9239365968008,1294.2942775390354,1276.5368388889456,1284.76708984375,4216951
2024-07-09,1280.9262570927215,1291.8999244042634,1276.1376990091758,1286.3133544921875,6930340
2024-07-10,1281.1258660222238,1290.9024557429561,1272.097602748689,1288.55810546875,9020489
2024-07-11,1297.9356295079974,1298.2847673316003,1273.8932220304036,1293.6458740234375,7848846
2024-07-12,1291.7988634971857,1337.4745701900265,1291.7988634971857,1315.160888671875,11278987
2024-07-15,1314.5617611447028,1322.2493302322418,1302.8808095322124,1305.3267822265625,11537127
2024-07-16,1305.326795116684,1316.3089323169752,1297.5893802710243,1301.8824462890625,5433264
2024-07-18,1297.8890431781538,1316.4588158830534,1292.397974149323,1307.2738037109375,6787511
2024-07-19,1303.5297937995695,1306.874329397254,1286.1080575380593,1290.2513427734375,4496066
2024-07-22,1281.2660758669613,1290.2514616948122,1276.1244140466054,1280.41748046875,6695557
2024-07-23,1286.4076049249054,1289.00335841064,1248.9685011727254,1261.1986083984375,8789327
2024-07-24,1260.8492917358358,1265.2920169514923,1224.6581555082237,1237.2376708984375,10344860
2024-07-25,1198.0514426854513,1198.0514426854513,1153.6237016858659,1173.9906005859375,32979871
2024-07-26,1163.1081895407196,1181.2287406448913,1153.3740222891986,1175.4381103515625,18554648
2024-07-29,1180.42997752959,1192.6600849625192,1161.760392891013,1168.1500244140625,19598573
2024-07-30,1162.2096539859588,1178.0838591746794,1158.3159626193535,1168.10009765625,18090045
2024-07-31,1155.1211010593768,1169.0983658950133,1152.125972880312,1164.206298828125,17347076
2024-08-01,1166.1032962835773,1173.7408978982073,1163.5573884546725,1170.3963623046875,11190500
2024-08-02,1162.109875166186,1165.9037534043969,1154.2226789585948,1158.9649658203125,10581445
2024-08-05,1140.1454985508794,1149.5801038837508,1122.4742904482669,1131.6593017578125,12013362
2024-08-06,1138.1488152155048,1149.1309529061807,1121.2762338435941,1124.2713623046875,8571122
2024-08-07,1136.9507316574643,1142.940988153295,1125.169845133499,1134.9539794921875,8370312
2024-08-08,1131.260031397282,1140.9443535197308,1124.1715848547658,1136.3018798828125,7903428
2024-08-09,1150.1292660249399,1153.8232088423329,1138.098785283398,1140.894287109375,6262086
2024-08-12,1144.1390911628143,1167.2015563223063,1134.0055486598599,1162.409423828125,9078384
2024-08-13,1159.4640771471145,1177.6844412516205,1153.5237880098216,1157.7169189453125,6180463
2024-08-14,1157.1178601542738,1157.1178601542738,1146.7846922486233,1151.2274169921875,5021841
2024-08-16,1164.5059796712717,1168.1001094798687,1147.733211401699,1164.9552001953125,6107134
2024-08-19,1167.1017440309654,1169.3980579733616,1148.3322232652067,1151.3773193359375,6691823
2024-08-20,1156.1195105983786,1175.0886562817718,1152.774975075986,1166.103271484375,6721749
2024-08-21,1164.705537568418,1176.0870495188233,1159.6138438167345,1172.492919921875,9480630
2024-08-22,1177.7842156313006,1179.0821532872228,1167.051672745748,1168.050048828125,5841326
2024-08-23,1168.0999903470274,1172.0435270356927,1161.6105459562107,1164.0565185546875,5121962
2024-08-26,1169.797287316781,1173.3415714014816,1164.2064052458907,1168.399658203125,3392612
2024-08-27,1168.1000558035714,1182.9259167528153,1162.3593931361609,1179.331787109375,8702113
2024-08-28,1175.088686152465,1179.7810051393292,1167.451084506114,1169.0484619140625,5483503
2024-08-29,1167.1017013718215,1177.9840256136065,1161.5108193923618,1173.4913330078125,7290114
2024-08-30,1175.0887109707376,1181.0290002255358,1169.9470495007388,1173.341552734375,10190506
2024-09-02,1174.090365297038,1192.0611361944418,1172.193426216783,1186.86962890625,6432362
2024-09-03,1186.070787465194,1191.6118234786993,1174.7890889702703,1189.6649169921875,7920246
2024-09-04,1180.7793560492762,1187.7181430165656,1171.3947182758648,1175.7874755859375,6527941
2024-09-05,1180.0805311431025,1180.9291264399822,1171.5443668771184,1178.6329345703125,4234766
2024-09-06,1174.0903974514563,1179.4316856844912,1148.9313662549052,1156.868408203125,9874576
2024-09-09,1156.1195001502876,1173.6908947764286,1143.1406111157853,1168.9486083984375,7700940
2024-09-10,1176.9856459572557,1188.9161919814424,1171.4446096778545,1185.2720947265625,8723854
2024-09-11,1185.2720174237563,1192.9096187070504,1179.0821345601635,1184.173828125,6000329
2024-09-12,1188.1673904951442,1203.7420335200763,1174.8390937297338,1201.3958740234375,7592871
2024-09-13,1207.9352341685171,1217.5695876399766,1199.049662751232,1215.472900390625,6762566
2024-09-16,1220.0155511850453,1231.99606396264,1213.0269187314484,1229.0509033203125,4039284
2024-09-17,1233.1941848876636,1238.5854405295986,1225.6065504411317,1230.0992431640625,8030427
2024-09-18,1229.8996258314878,1248.3695849409576,1223.0108058973215,1238.4356689453125,8210034
2024-09-19,1246.4226697631223,1259.6511538996783,1236.9880637881504,1240.6820068359375,8449864
2024-09-20,1241.9798953627007,1247.970152092746,1227.9028164215117,1242.978271484375,15009629
2024-09-23,1249.4677096230525,1250.4161181847596,1238.5355398977574,1244.775390625,5462814
2024-09-24,1239.0846413870245,1245.0748984127024,1233.3439784040834,1237.5372314453125,9225946
2024-09-25,1235.9895545699358,1268.9359643444172,1229.1007354244925,1266.0406494140625,6853324
2024-09-26,1265.4917041899575,1279.5687831579885,1260.2002619861607,1275.026123046875,7270078
2024-09-27,1270.9328608020694,1279.4690257801735,1255.208436169208,1271.0826416015625,13372027
2024-09-30,1261.448195108826,1272.929520192919,1227.353627115125,1230.198974609375,8466919
2024-10-01,1226.1056776669482,1240.93153854236,1222.6613288324884,1224.6580810546875,11164280
2024-10-03,1205.5391812805995,1217.1702876110573,1171.1950179115215,1173.790771484375,17300892
2024-10-04,1173.5911350580977,1200.8468520222327,1172.093570870444,1176.4864501953125,13064515
2024-10-07,1181.0289881912613,1182.9259272029717,1129.0635840139234,1143.8394775390625,20047013
2024-10-08,1151.1276845041943,1166.4527338133323,1140.644735078961,1151.42724609375,8464570
2024-10-09,1152.1260787102349,1183.0757394034908,1152.1260787102349,1168.2498779296875,9807734
2024-10-10,1175.0886775236831,1189.0659430167432,1173.1418928645546,1182.326904296875,6806243
2024-10-11,1180.5797491543212,1186.2704442280499,1164.1065433521678,1170.5460205078125,4754158
2024-10-14,1169.6476098115127,1173.0919587287326,1154.7218134686907,1162.459228515625,9765296
2024-10-15,1164.2064264310386,1170.0968702032376,1147.6334063981412,1151.976318359375,8741516
2024-10-16,1149.1308918352402,1161.0614374890406,1146.2355767689712,1151.3272705078125,7739854
2024-10-17,1149.1310136899726,1149.480420987831,1122.1748561142738,1130.0120849609375,6595231
2024-10-18,1156.1194862204916,1201.895004543148,1154.1727016376046,1194.9063720703125,20829666
2024-10-21,1194.9064782000012,1212.8274033274415,1183.624900757945,1188.3671875,7456038
2024-10-22,1192.3107800622608,1196.0546908223473,1171.4446930516256,1173.8408203125,7256246
2024-10-23,1173.1917045941498,1181.2286807689004,1156.7684668639306,1158.515625,6501834
2024-10-24,1163.1083080072417,1173.2916968049035,1152.7751384006528,1165.4544677734375,5046700
2024-10-25,1185.07254149195,1199.7985903436822,1168.1001462052077,1187.418701171875,12798716
2024-10-28,1192.061160603629,1192.061160603629,1165.1549712634646,1169.697509765625,8572243
2024-10-29,1174.4896262998118,1189.2655189267314,1155.720107544012,1184.922607421875,9908946
2024-10-30,1176.8358055508825,1185.721377046743,1162.4093199283802,1168.4993896484375,9686560
2024-10-31,1163.6074036054613,1176.0871054888319,1151.9762970757422,1157.6671142578125,8682294
2024-11-01,1162.1598100627925,1170.5960398098143,1162.1098425062892,1167.65087890625,460781
2024-11-04,1170.0968431979647,1175.0387563721924,1133.6061463101485,1137.4000244140625,9288653
2024-11-05,1137.100423556092,1172.9921178913025,1131.609354942301,1169.7972412109375,11701049
2024-11-06,1169.897154934203,1181.6280740310438,1159.5638648703841,1164.605712890625,10353506
2024-11-07,1166.7024259247364,1170.99549241813,1149.1809963928945,1158.0166015625,6252889
2024-11-08,1154.1227842652258,1165.8537035689599,1149.2307169471244,1159.064697265625,3786168
2024-11-11,1150.1292431682323,1174.8890186797137,1141.0938909031916,1169.098388671875,6620678
2024-11-12,1169.7474877488462,1185.072537895656,1151.9264971262662,1156.2694091796875,9606088
2024-11-13,1150.029589746679,1163.6074819353837,1133.2568205375103,1137.30029296875,8079113
2024-11-14,1135.7028687904137,1148.8813855767612,1129.7624574145566,1138.84765625,5975873
2024-11-18,1129.3629741553402,1133.156852012231,1119.7287424706979,1124.37109375,9474971
2024-11-19,1128.1649836941745,1137.150368520057,1120.227942513477,1132.1085205078125,19225966
2024-11-21,1136.1521359437722,1150.1294029940473,1113.938265096014,1137.30029296875,8126248
2024-11-22,1134.804259094338,1146.0359906217202,1125.7190606332729,1140.544921875,16687505
2024-11-25,1158.1163893251894,1162.609082214813,1140.1456177666953,1154.0230712890625,12385823
2024-11-26,1155.2209932897363,1157.71693360964,1140.7945069895281,1142.9410400390625,5127437
2024-11-27,1143.3402343897294,1153.5735891768147,1131.7092505928033,1147.7830810546875,5989943
2024-11-28,1146.6350294369997,1152.5753188902968,1127.5660689944857,1130.6610107421875,10731275
2024-11-29,1131.7094214290682,1139.0474623267583,1125.8688230005273,1134.4549560546875,6406277
2024-12-02,1130.8606604334245,1139.5466064002276,1124.7705900554713,1135.2535400390625,4785858
2024-12-03,1142.5416474793556,1163.0083577848877,1136.1520159851627,1158.615478515625,8382042
2024-12-04,1155.6203539949722,1166.1033032104772,1152.0262243526445,1157.567138671875,18379798
2024-12-05,1162.1098542785676,1174.9889311617428,1148.2324012319225,1164.5059814453125,10640451
2024-12-06,1165.6041034914654,1191.9112895042008,1158.1162826981583,1182.62646484375,7542210
2024-12-09,1182.3268593567407,1184.0740174769637,1159.1146157594899,1161.3609619140625,6308112
2024-12-10,1155.1211468863528,1163.1581232345245,1149.3804843153964,1151.776611328125,4714389
2024-12-11,1148.1324971228753,1156.4689130536558,1142.6913962114295,1145.386962890625,7788242
2024-12-12,1143.1407039727058,1152.6752450559866,1141.742952973343,1143.7896728515625,4825283
2024-12-13,1139.1472304132253,1150.8281830630162,1111.8416660481157,1146.28564453125,8731618
2024-12-16,1144.6382485238657,1153.124445743624,1139.8959618422361,1149.0311279296875,3975202
2024-12-17,1143.3902926303374,1149.9795508853542,1128.1650562517189,1134.4049072265625,7292817
2024-12-18,1134.3549105744767,1138.0489753800873,1114.137793934539,1120.4276123046875,7222127
2024-12-19,1103.1058605329233,1117.232907788727,1099.2621366321944,1107.099365234375,11677610
2024-12-20,1102.1572227344786,1104.0541616573962,1063.2705232390288,1070.109375,12623056
2024-12-23,1073.3541110903145,1081.790462182754,1070.6585443933702,1077.3975830078125,3886921
2024-12-24,1075.550693795779,1082.988547493429,1074.252756029435,1077.1480712890625,4343694
2024-12-26,1081.2413564986148,1090.8257430405286,1071.008001093157,1074.9515380859375,4775460
2024-12-27,1076.3492862446637,1084.4860761153666,1074.2527207366024,1075.7003173828125,3801667
2024-12-30,1072.355687311683,1094.719335130627,1062.2221460639655,1068.21240234375,9452155
2024-12-31,1060.2755024007047,1068.7117323668265,1056.7811857732072,1062.9710693359375,5292136
2025-01-01,1062.4219686475792,1075.2011098143219,1052.23845913699,1070.0595703125,2985355
2025-01-02,1070.259182488381,1086.9320146607752,1065.766490024577,1084.83544921875,6557076
2025-01-03,1084.236495050746,1091.7243161491626,1078.0466116915568,1083.1383056640625,7357220
2025-01-06,1085.9836525482262,1088.2299988761818,1058.1789012632846,1061.6732177734375,5283413
2025-01-07,1062.821318766077,1068.7616077717908,1054.2851544203747,1065.7664794921875,4619462
2025-01-08,1062.0225820719759,1080.5923532571728,1057.380108807656,1073.204345703125,8780098
2025-01-09,1077.8468688369667,1078.3960244691536,1052.538057769639,1060.02587890625,9054190
2025-01-10,1054.5348076351484,1063.1208181441978,1035.316066762271,1039.010009765625,5612886
2025-01-13,1024.9329786295832,1061.2738965451533,1021.5884427467809,1047.59619140625,7180930
2025-01-14,1051.240076562291,1059.2770529988159,1043.8022232895967,1049.9422607421875,6892897
2025-01-15,1041.306335482205,1051.190283846339,1013.0023957042544,1025.1326904296875,11418721
2025-01-16,1032.2211352471902,1044.7506829203899,1025.3822829319104,1036.314453125,10261727
2025-01-17,998.3761525809333,1010.0571657533391,973.0173739309598,989.440673828125,33831617
2025-01-20,990.439061296575,992.5855944235661,974.9143241337787,986.445556640625,33440507
2025-01-21,991.98647607347,992.8351323265008,961.4361915572816,968.62451171875,11894500
2025-01-22,974.165548733293,974.165548733293,952.4508670167169,957.7422485351562,17303146
2025-01-23,952.450837032954,962.1350977728039,946.4605801962688,949.505615234375,24649522
2025-01-24,946.4605287542831,960.2381065426121,944.5635898180176,946.959716796875,14421921
2025-01-27,941.5684832287448,948.2077087224076,931.9840969648512,946.5603637695312,12713296
2025-01-28,958.4411132023487,992.2361218299094,956.6440483023032,982.2024536132812,21781371
2025-01-29,986.3956676832572,987.0446365758884,976.012531017436,981.8031616210938,11175206
2025-01-30,983.0510455309357,989.7900841668027,973.2170044414162,983.1009521484375,10473118
2025-01-31,980.4054003333197,988.3924097046705,976.4618022690061,984.4987182617188,9036312
2025-02-01,987.8931362585447,1003.3180589613612,980.4053156198999,996.5291137695312,4830391
2025-02-03,985.4970820817739,998.8753469855333,981.753171485876,987.7933959960938,7124605
2025-02-04,992.385906066695,1015.4483710586156,986.1959616686072,1013.6513061523438,16058171
2025-02-05,1018.9426747263542,1020.3903323316467,1008.8590999817069,1011.654541015625,7858373
2025-02-06,1010.3566568712627,1020.1906375069063,1008.4098112049047,1019.0425415039062,5815563
2025-02-07,1017.8445057093887,1025.6817342725071,1006.0137724647228,1022.43701171875,8638651
2025-02-10,1019.3420349226665,1025.082697705042,1004.5660802961088,1010.1070556640625,3960565
2025-02-11,1007.3615376254405,1014.6995779700981,1000.9719058765897,1005.76416015625,4808215
2025-02-12,998.3761339148515,1009.008864115462,982.4021157722138,1005.2649536132812,7669283
2025-02-13,1001.3712372223157,1015.7977841830659,999.4243916227608,1006.5628051757812,6348246
2025-02-14,1008.9089842755058,1014.3501463619988,986.0462074988543,995.8801879882812,5375755
2025-02-17,990.8383973867473,998.0267176735445,976.4617568131531,991.3375854492188,7166803
2025-02-18,991.3375809994877,995.7303993678929,984.9479494541168,992.53564453125,3090004
2025-02-19,990.0397410803987,1011.804329129352,986.5454245287212,1009.7077026367188,6401381
2025-02-20,1006.7625199634393,1017.9942514939594,1004.8655809305341,1015.5482177734375,5011212
2025-02-21,1010.3566194091612,1020.2405672343198,999.0250749789396,1007.3115844726562,5019937
2025-02-24,999.7239055887297,1011.3550117867557,996.9284646337834,1008.4097900390625,4265454
2025-02-25,1002.3696099471763,1012.0538703579778,995.4807904446366,1007.4613037109375,5708975
2025-02-27,1006.0137195509107,1021.8878632634938,1003.5177792562238,1015.0490112304688,9777690
2025-02-28,1013.152096799687,1033.8184951280357,1008.3099968849968,1013.90087890625,15026849
2025-03-03,1015.3983923638058,1017.7446127420518,990.3890834419211,1005.6143188476562,6763184
2025-03-04,999.4742812867012,1009.4580422063008,996.9783410568012,1000.1731567382812,5786420
2025-03-05,1001.3713148547035,1015.747956311782,1000.9220333836612,1012.802734375,5133873
2025-03-06,1020.9394503749928,1037.812032077071,1013.5015966332338,1032.4207763671875,7861120
2025-03-07,1032.021307173322,1048.6442933123737,1029.0261789274416,1035.9649658203125,7597321
2025-03-10,1034.3177495553393,1048.7942045442894,1030.6736520285292,1034.16796875,5995655
2025-03-11,1028.7267836644776,1035.1164152394542,1019.4418369523306,1023.9844970703125,4771085
2025-03-12,1023.535188677738,1028.1278165033088,997.5774694995702,1009.5579833984375,7504702
2025-03-13,1013.3517635093752,1014.3501396310593,1003.4678155302854,1008.5595703125,4004140
2025-03-17,1009.4580844924919,1037.312802999425,1009.4580844924919,1032.470703125,5938668
2025-03-18,1032.470703125,1032.470703125,1032.470703125,1032.470703125,0
2025-03-19,1046.0984546003142,1056.830996939409,1041.8053889158466,1050.341552734375,4822365
2025-03-20,1054.5347563485304,1057.1804773897622,1045.1999641815423,1052.6378173828125,3742644
2025-03-21,1052.637839967216,1073.8034868790976,1048.8440838264673,1068.4122314453125,6848565
2025-03-24,1080.2429024147984,1103.1555843595158,1071.9563323258167,1096.067138671875,8284863
2025-03-25,1108.1476316970598,1121.6756781665542,1094.569739540046,1116.7337646484375,11720528
2025-03-26,1113.1894013460305,1117.0331251287269,1087.281589139772,1094.4698486328125,7127060
2025-03-27,1090.226742151285,1106.2007603513039,1086.333050840613,1096.56640625,8508917
2025-03-28,1096.6163196755733,1105.2023296598516,1084.7356198513357,1100.21044921875,4921190
2025-04-01,1091.4247928076945,1099.46176981717,1068.2625141469891,1083.837158203125,6638140
2025-04-02,1089.9271919160412,1093.8208832672776,1078.995021845347,1082.68896484375,4065344
2025-04-03,1077.148030327788,1090.1767656925256,1073.5539006365532,1088.0802001953125,5345660
2025-04-04,1079.7438189672625,1100.110717042034,1073.7035944396453,1089.5279541015625,6059991
2025-04-07,1033.3192474005818,1067.2640342717123,1030.6735264023866,1046.2481689453125,9720457
2025-04-08,1059.2771173398287,1083.1881778843842,1058.5783027690252,1076.0997314453125,8723357
2025-04-09,1071.357383142649,1080.0931741367542,1056.2819282015244,1059.926025390625,6690201
2025-04-11,1061.5733837128932,1070.958021801289,1055.8327209873753,1067.214111328125,8144072
2025-04-15,1088.2300167462733,1115.186173124392,1081.2413836112057,1110.9930419921875,9320299
2025-04-16,1120.8768885930303,1161.6106854878976,1110.7933135489463,1159.414306640625,12836428
2025-04-17,1153.7234204439198,1197.2525949221158,1151.7266682029742,1188.8663330078125,13446336
2025-04-21,1200.0481388219926,1236.688494977289,1196.1544474414134,1221.0140380859375,15166580
2025-04-22,1228.4019873709017,1232.9944930922131,1210.1316558499327,1214.8240966796875,8461710
2025-04-23,1223.3103308638504,1228.0026499644732,1192.959671888685,1204.940185546875,9433911
2025-04-24,1197.1528829388074,1218.0189699959437,1197.1528829388074,1205.139892578125,9078137
2025-04-25,1175.088703760494,1177.9840189088325,1144.1390437634036,1164.4061279296875,17243807
2025-04-28,1164.4061903446627,1194.0579142147026,1162.4094379797552,1190.8631591796875,5523502
2025-04-29,1192.061141874012,1208.03516052559,1182.4767550574834,1185.3720703125,6074520
2025-04-30,1183.1754968297632,1191.9612552964234,1173.0919225507648,1183.07568359375,6288257
2025-05-02,1180.1803338380926,1208.5342387414275,1178.1835816881687,1181.478271484375,5249372
2025-05-05,1188.0676909669005,1188.0676909669005,1162.4094710956974,1171.294921875,7236056
2025-05-06,1176.0870571311964,1176.8858067677252,1155.819973357097,1159.5140380859375,5348267
2025-05-07,1157.1179926776738,1166.702379631733,1151.0279223537887,1159.414306640625,4263817
2025-05-08,1168.1001299431346,1177.0855155580816,1163.7072503791862,1170.2965087890625,9912347
2025-05-09,1158.1162846211869,1170.2964243830247,1146.6349593857183,1149.230712890625,5379571
2025-05-12,1183.0756178401653,1207.0366430116117,1173.291483812994,1201.04638671875,7616208
2025-05-13,1203.2428820800658,1212.8273905767053,1188.0676134138669,1191.6617431640625,5569926
2025-05-14,1193.958090664265,1197.4524072726892,1183.9743289259102,1193.5587158203125,4084921
2025-05-15,1195.05626945808,1215.023792757296,1183.0757554785503,1207.1365966796875,6705748
2025-05-16,1204.0416561895038,1211.3298509501008,1201.2461541758826,1206.837158203125,4016269
2025-05-19,1206.038431240256,1217.0205692730729,1199.1496111907068,1200.846923828125,4550022
2025-05-20,1206.0384169283893,1208.7339838465284,1190.9629610912027,1193.8582763671875,4724482
2025-05-21,1195.1560440526246,1202.9434266363357,1180.7794033676655,1195.85498046875,3712472
2025-05-22,1194.7567041377135,1194.7567041377135,1175.587930579019,1186.570068359375,4795583
2025-05-23,1186.5701083178596,1211.1301383520395,1186.1707334652522,1208.135009765625,3676469
2025-05-26,1214.2249385790394,1222.2119472113557,1206.737117986243,1213.2265625,3607612
2025-05-27,1213.2265945574386,1214.7241587155684,1188.4669402662748,1193.658447265625,7249163
2025-05-28,1193.6584505670924,1200.2477085066719,1189.7647593707686,1192.7598876953125,3525421
2025-05-29,1198.051344500375,1207.036729584128,1187.0692071757885,1199.74853515625,7788068
2025-05-30,1199.4491721040765,1206.8371802417707,1187.6682843813674,1190.2640380859375,9998488
2025-06-02,1187.8679434907856,1198.9498939286364,1177.285059235458,1192.46044921875,3761853
2025-06-03,1193.0594989197061,1196.953190278046,1172.9921626846794,1179.5814208984375,8155665
2025-06-04,1179.8808990754092,1189.3654718272305,1166.7022617075252,1169.098388671875,4306355
2025-06-05,1170.5959975050891,1173.5911258569147,1155.1211676873247,1157.117919921875,10481600
2025-06-06,1157.0181754924818,1199.2494146414624,1149.3306058090322,1192.66015625,14715421
2025-06-09,1210.5310596341333,1222.5115732140175,1204.2412412558594,1217.9190673828125,9138108
2025-06-10,1222.4117121508891,1233.893037215761,1216.4214555953035,1230.798095703125,7747558
2025-06-11,1230.59839323194,1239.7835267494627,1226.1057006477856,1229.400390625,4135775
2025-06-12,1229.0010033134809,1235.0910732690493,1208.8338544449855,1210.930419921875,3461744
2025-06-13,1196.0546580988657,1209.7323629526622,1193.6585309035481,1203.842041015625,3906868
2025-06-16,1204.141444699681,1216.0221452054159,1194.0578700046613,1213.4263916015625,5697424
2025-06-17,1213.4263926474275,1225.0075315706626,1209.333074821813,1213.1268310546875,4492946
2025-06-18,1207.8355693502274,1221.3136479815041,1201.9451254258431,1219.017333984375,3135662
2025-06-19,1216.0221372882443,1225.8062721991687,1211.8290062533267,1215.52294921875,4243763
2025-06-20,1215.5230183598476,1224.0092160239617,1212.2283281649422,1218.7177734375,4652390
2025-06-23,1210.6308537948642,1220.9141765377137,1203.6422209833972,1212.12841796875,2312469
2025-06-24,1220.9142315421007,1236.3890620360896,1213.6260368186765,1219.2169189453125,6745788
2025-06-25,1224.3086005822797,1224.3086005822797,1209.0333982470088,1211.3297119140625,4229259
2025-06-26,1213.2266164347136,1236.9880169210137,1209.233111941022,1231.4969482421875,8678448
2025-06-27,1234.8914830095598,1244.975057739528,1218.4182765518997,1223.110595703125,6068274
2025-06-30,1226.9044065990563,1233.9928524938196,1191.1624936760497,1197.2525634765625,6559872
2025-07-01,1200.048121898433,1200.048121898433,1165.1049569513073,1171.394775390625,8702198
2025-07-02,1178.0837984150073,1179.9807373800923,1170.0967896121938,1173.3914794921875,5471100
2025-07-03,1176.0870617453147,1179.0821900859225,1166.1033006099556,1169.1982421875,6237185
2025-07-04,1173.095303475241,1178.5910651184386,1161.104550799174,1176.6925048828125,3926186
2025-07-07,1176.6925315385822,1176.6925315385822,1166.700237415503,1174.1944580078125,5783402
2025-07-08,1179.090677793982,1179.090677793982,1161.0046502671364,1164.501953125,9973619
2025-07-09,1159.1060390377668,1170.0975618217456,1157.7070935609217,1163.8023681640625,8674795
2025-07-10,1169.1982893297397,1175.6932803896598,1162.1037850287682,1163.40283203125,4339755
2025-07-11,1161.1045522095474,1174.9938651381117,1159.7056066670582,1172.8955078125,4468654
2025-07-14,1178.091458637763,1178.9907894899875,1162.1037882915339,1171.7962646484375,4772502
2025-07-15,1173.0953206939591,1178.091467715654,1161.4043854536912,1165.0015869140625,4776756
2025-07-16,1164.002330953665,1173.0952939304498,1156.2082929871394,1167.4996337890625,4388279
2025-07-17,1169.098340588998,1171.9961301019453,1153.9101032453461,1158.90625,5694428
2025-07-18,1089.1599990494663,1115.0400637891007,1085.1630816217619,1098.452880859375,38053695
2025-07-21,1085.163068778452,1100.6511236274998,1071.0739594077916,1098.7525634765625,15905500
2025-07-22,1101.1507259292464,1109.7440738053162,1094.1561205921278,1097.15380859375,9999957
2025-07-23,1098.6526441789765,1109.6441667673976,1097.2536987270212,1103.9486083984375,6633979
2025-07-24,1103.149269668163,1104.1484990790943,1088.560544663815,1094.256103515625,9901209
2025-07-25,1085.262939453125,1100.151480708091,1075.37054479538,1085.262939453125,11779887
2025-07-28,1080.06700589857,1091.3582241283038,1066.5774099597274,1072.7725830078125,9029557
2025-07-29,1070.0747930042048,1077.8687091686768,1054.5867372441537,1063.3798828125,15599773
2025-07-30,1069.675009445578,1079.767201393535,1061.181560047832,1072.472900390625,8247433
2025-07-31,1065.1784853249985,1080.466743145018,1063.080128088743,1067.57666015625,7634413
2025-08-01,1064.1792707746743,1070.0747484070778,1059.1831239635255,1061.581298828125,5545447
2025-08-04,1063.5797746594428,1069.1754347826832,1058.183911621366,1067.7764892578125,4465845
2025-08-05,1067.1769625013424,1079.0678163476823,1061.6812009903335,1069.974853515625,5318081
2025-08-06,1073.1723708037903,1076.8694707767693,1064.7788194860536,1070.1746826171875,4216651
2025-08-07,1066.977176292842,1078.8679082841259,1063.6796705621337,1075.37060546875,5321131
2025-08-08,1072.1730875391024,1079.5674090897921,1053.3875270564029,1057.2845458984375,5084903
2025-08-11,1057.2845412230301,1074.5712576112912,1051.7887798480178,1072.472900390625,5452775
2025-08-12,1070.274542939649,1075.7703044188218,1065.478315198115,1069.1754150390625,4573025
2025-08-13,1070.2745119894926,1071.9732750378564,1062.3805758797093,1065.178466796875,4966778
2025-08-14,1066.1776825929462,1071.5735453068455,1061.1815360016017,1067.376708984375,6761305
2025-08-18,1079.1677749702633,1089.1600691829508,1078.5682617127516,1081.7657470703125,7964987
2025-08-19,1077.1692902994891,1094.1561900537483,1074.9710344159066,1082.365234375,5661531
2025-08-20,1080.1669860248583,1082.8648566259114,1076.969500721666,1079.3675537109375,3034728
2025-08-21,1089.1600252490596,1089.1600252490596,1075.570530063219,1078.068603515625,6459262
2025-08-22,1075.1707521863284,1077.6688254953115,1068.6757615829724,1070.07470703125,3853718
2025-08-25,1072.1731031186114,1073.6719471583856,1067.3767534008373,1069.1754150390625,2711278
2025-08-26,1067.1770021897328,1068.9756639052698,1047.1924141337454,1049.290771484375,7197666
2025-08-28,1056.1854006509102,1058.6834739731687,1046.193107361876,1051.08935546875,8564803
2025-08-29,1051.2892385789264,1062.1808635505645,1041.6966606316682,1044.39453125,4718016
2025-09-01,1046.792693797241,1063.1800803329604,1046.792693797241,1060.6820068359375,3190426
2025-09-02,1060.6819506517852,1064.0793548230254,1048.1915838282832,1055.385986328125,4933541
2025-09-03,1055.3860511421183,1064.079420170901,1044.1947305714677,1053.88720703125,8303296
2025-09-04,1057.3844922319947,1061.3814097939771,1046.4929894565873,1049.590576171875,8088417
2025-09-05,1055.7857154711764,1057.1846609678942,1046.9925703048245,1055.0863037109375,2849589
2025-09-08,1055.0863616682946,1062.1808661059258,1053.1878013881899,1054.6866455078125,2260147
2025-09-09,1056.6850022541591,1058.1838462289877,1047.891735478004,1051.3890380859375,4310419
2025-09-10,1057.1846182048694,1073.2721858257835,1054.2868287880779,1069.2752685546875,5241075
2025-09-11,1068.176167416612,1092.1576716429909,1068.176167416612,1086.56201171875,5227539
2025-09-12,1087.5612418866979,1107.8455243744909,1087.5612418866979,1104.4482421875,6014850
2025-09-15,1104.1484634272642,1109.1446103206003,1099.1523165339283,1103.5489501953125,3881807
2025-09-16,1104.847882034871,1126.2314152658462,1103.1492408711283,1120.3359375,7965606
2025-09-17,1120.435994746524,1127.6303977627526,1115.2399285892504,1125.13232421875,5590739
2025-09-18,1128.129913734106,1133.5257765121382,1120.3358761684776,1132.1268310546875,5713032
2025-09-19,1132.1268686542164,1143.2182901919443,1125.731776333649,1135.024658203125,8910732
2025-09-22,1135.124515662792,1146.715551462693,1130.3281661018914,1143.51806640625,7689900
2025-09-23,1145.1168893049187,1171.896285943036,1141.020073171241,1169.8978271484375,16079093
2025-09-24,1167.0999210108505,1171.8962708465979,1153.110709628871,1158.0069580078125,12812055
2025-09-25,1153.8100741514515,1170.8969935063292,1152.5111491906418,1165.700927734375,11188302
2025-09-26,1160.704836753473,1168.798570429251,1147.1153414245289,1153.1107177734375,5618932
2025-09-29,1154.5095860957442,1157.4073755324762,1125.8316312925506,1131.327392578125,9693881
2025-09-30,1129.129162712632,1136.1237681453651,1124.5327321092266,1130.7279052734375,8165203
2025-10-01,1131.6272525367885,1163.9024097219321,1130.1284084936935,1158.6064453125,9655009
2025-10-03,1170.0975504074936,1187.0844490897546,1168.5987064061178,1180.08984375,11095015
2025-10-06,1184.086852097852,1214.263531521155,1181.1890624105488,1211.865478515625,20128505
2025-10-07,1211.0660300798188,1211.0660300798188,1183.0876069426613,1185.885498046875,8620156
2025-10-08,1179.1905708552174,1193.879315975699,1173.195194555325,1179.690185546875,5160430
2025-10-09,1177.092172913211,1186.3850546477581,1162.2036312205041,1166.5003662109375,7194651
2025-10-10,1167.099888033273,1190.7815749845481,1164.301997045437,1179.4903564453125,6933035
2025-10-13,1170.0975857557814,1192.6801449968107,1166.600282980252,1188.6832275390625,4138448
2025-10-14,1190.881629244145,1190.881629244145,1165.7009755688605,1175.8931884765625,5742538
2025-10-15,1179.0906179006056,1180.7892589833573,1163.1029485053432,1168.6986083984375,6328142
2025-10-16,1215.4626602690012,1215.9622749664172,1184.386650484972,1195.378173828125,17747171
2025-10-17,1195.378127506221,1211.9653104224176,1190.681676346755,1199.2750244140625,6404414
2025-10-20,1206.9691490495477,1230.7507342517279,1206.0698182446727,1225.05517578125,7418616
2025-10-21,1224.8554197755107,1237.8454016834933,1221.0582993503724,1236.3465576171875,1940248
2025-10-23,1245.0397715691,1275.1165506443417,1240.3434424090542,1257.8299560546875,14611221
2025-10-24,1253.2334413696176,1255.0321030466466,1239.1443314870335,1240.9429931640625,4882046
2025-10-27,1242.441839313446,1257.5301786026632,1241.6424070164871,1253.133544921875,6185072
2025-10-28,1248.0374700896894,1257.9298651445754,1235.6470016359046,1245.339599609375,8146777
2025-10-29,1245.9390863463195,1250.0359022381838,1238.244947255514,1247.837646484375,4578825
2025-10-30,1242.042141558398,1247.0382885477723,1234.0483063753995,1237.6455078125,4017532
2025-10-31,1242.0420660340162,1244.4402408383398,1230.0513139886355,1231.8499755859375,4106607
2025-11-03,1225.0552499537425,1240.043691021692,1221.35814994748,1232.749267578125,6118907
2025-11-04,1229.1519657161218,1234.947544579493,1221.8576648446217,1225.6546630859375,3299345
2025-11-06,1224.0559200275998,1238.6446437404365,1224.0559200275998,1227.55322265625,3733721
2025-11-07,1226.0543803853739,1227.8530419588296,1216.0620871466992,1221.857666015625,3461466
2025-11-10,1221.0582806000282,1231.8500065022106,1214.5632897457729,1216.0621337890625,4140568
2025-11-11,1217.1612278614307,1224.0559346641744,1208.467981442474,1221.557861328125,5615453
2025-11-12,1226.9537631333974,1231.7499909053392,1215.562523963644,1220.6585693359375,6782513
2025-11-13,1218.0605641936236,1233.8484365397046,1212.264985237154,1224.2557373046875,3345231
2025-11-14,1223.056775575948,1245.039822195777,1221.058316792327,1240.6431884765625,5197740
2025-11-17,1242.9414044247746,1260.028201798564,1239.44410172351,1248.636962890625,4088026
2025-11-18,1249.0367693639987,1272.5186606280417,1246.6385943715704,1264.4249267578125,10175969
2025-11-19,1267.0228456161299,1272.0189924837014,1256.8307547967806,1269.4210205078125,4101288
2025-11-20,1274.017503489148,1286.3080740780129,1261.6270343540828,1284.2095947265625,4617594
2025-11-21,1283.0105266743428,1283.5101413654154,1272.0190034707464,1274.81689453125,6363593
2025-11-24,1278.2141857045526,1289.9052427423878,1265.623919797552,1268.0220947265625,10491953
2025-11-25,1268.1219878416657,1275.7161067708207,1262.7261247685515,1265.32421875,5290156
2025-11-26,1270.9198641332523,1291.8037824278044,1268.3218921582525,1289.2056884765625,4842021
2025-11-27,1296.0004592453204,1302.9950646537377,1280.0127897403665,1286.3079833984375,5924706
2025-11-28,1286.3079857267776,1288.0066268242583,1274.0174159821017,1278.7137451171875,3093636
2025-12-01,1287.0074895694327,1288.0067189868003,1267.522515930765,1274.7169189453125,4098016
2025-12-02,1269.7206814849603,1280.012792541795,1254.1327280787623,1257.030517578125,8115347
2025-12-03,1254.0328509120545,1271.9190809099528,1254.0328509120545,1269.720703125,3582794
2025-12-04,1269.7206681913929,1281.8114407353803,1268.421743240615,1279.0135498046875,3216108
2025-12-05,1274.2172952640824,1284.0097922758284,1266.3234805034615,1281.51171875,2728214
2025-12-08,1283.0105727184648,1287.806922715388,1264.1251123229204,1272.8184814453125,2969478
2025-12-09,1271.0197291988948,1280.4125094545745,1262.22646215608,1274.916748046875,4239279
2025-12-10,1272.0189640520778,1283.010486915057,1267.3226348920275,1277.6146240234375,2928746
2025-12-11,1276.4155672355312,1281.0119977463942,1270.020475144826,1271.7191162109375,2017404
2025-12-12,1277.0151531013842,1290.0051350969381,1276.9152545582056,1285.10888671875,2281078
2025-12-15,1284.009733605876,1289.4055965703628,1279.0135867825068,1283.8099365234375,1634472
2025-12-16,1276.1158469576924,1276.6154616594986,1215.9622856507456,1218.66015625,11542048
2025-12-17,1219.6592876851394,1235.0474436599686,1219.3595920738758,1223.756103515625,5147181
2025-12-18,1225.1550731667012,1237.5455414162577,1219.259595647226,1228.852294921875,3441592
2025-12-19,1235.746885956047,1240.5432356172332,1228.152767306034,1229.651611328125,5055047
2025-12-22,1234.0482954798545,1235.946855714303,1225.8546632801215,1232.2496337890625,2405809
2025-12-23,1238.045242047991,1238.045242047991,1222.5571861547353,1224.0560302734375,2920318
2025-12-24,1229.0520802122269,1234.447943008406,1223.756115954151,1225.35498046875,3155506
2025-12-26,1224.0559328937265,1228.9521810205488,1221.058244894803,1227.25341796875,1665983
2025-12-29,1227.2534168570169,1232.949097235554,1218.0605557924741,1231.050537109375,2209655
2025-12-30,1232.0498131128988,1251.1350696831464,1231.0505837429776,1245.039794921875,5673233
2025-12-31,1245.0397618984655,1270.5201101556172,1244.0405325550478,1268.4217529296875,3711090
2026-01-01,1269.021335005127,1278.214196672934,1262.8261615302456,1273.41796875,2022412
2026-01-02,1272.918311604941,1280.8122479783322,1263.3257341026986,1265.9237060546875,5860547
2026-01-05,1273.2180455456032,1288.7061011587011,1269.0213308796485,1284.8092041015625,6177100
2026-01-06,1303.5945822822944,1303.5945822822944,1284.409427601834,1292.802978515625,6751769
2026-01-07,1292.0036354433014,1297.999011941878,1283.0105706954362,1294.501708984375,5440002
2026-01-08,1290.1049625392075,1302.1956130273209,1282.810661621765,1285.808349609375,3949654
2026-01-09,1285.8084190520194,1294.3018688089537,1269.1212151673558,1271.019775390625,5531427
2026-01-12,1273.7176322643472,1278.613880584573,1265.5240002008,1273.218017578125,6489750
2026-01-13,1273.018218268683,1283.0105119756586,1257.729960106514,1261.0274658203125,5163166
2026-01-14,1254.0328977976028,1306.9920560312862,1252.5340536966494,1297.7991943359375,7776704
2026-01-15,1297.7991943359375,1297.7991943359375,1297.7991943359375,1297.7991943359375,0
2026-01-16,1297.7991895256325,1307.9912805838399,1285.5086191528724,1293.20263671875,5175495
2026-01-19,1305.992816944013,1325.9774048084967,1296.1004215558446,1306.492431640625,8833223
2026-01-20,1305.0934393364212,1309.889789042553,1289.0058710771407,1292.503173828125,6268527
2026-01-21,1289.005835224937,1296.699852272607,1266.423276770507,1283.9097900390625,3854702
2026-01-22,1289.0058962937878,1297.8990621440864,1280.4125480470777,1293.80224609375,5949677
2026-01-23,1296.0004620817394,1297.9989207742324,1247.03822411566,1257.030517578125,8885549
2026-01-27,1287.8068186364756,1332.172503629323,1277.4148091338427,1314.7860107421875,22715357
2026-01-28,1346.96117816438,1368.344710877668,1309.1902595410845,1318.782958984375,15426403
2026-01-29,1316.9843142731056,1365.9465535746094,1304.9935617911046,1362.6490478515625,16107684
2026-01-30,1350.9581487855723,1377.6375249747894,1350.9581487855723,1369.343994140625,14758482
2026-02-02,1337.9681888395623,1351.657583056608,1301.8960312952238,1310.4893798828125,8647298
2026-02-03,1401.9187671636068,1417.2070248903838,1344.4630799847705,1355.15478515625,10384723
2026-02-04,1368.6444460360808,1368.8443650997315,1335.5699776381928,1337.6683349609375,6672251
2026-02-05,1338.9673655022464,1338.9673655022464,1316.38480597186,1329.5745849609375,3766488
2026-02-06,1323.978857614386,1345.3623895967637,1323.6790400259413,1340.5660400390625,5876574
2026-02-09,1348.9596813977641,1348.9596813977641,1329.6745053102466,1340.3663330078125,4077536
2026-02-10,1351.5576029795986,1359.0518231520896,1342.2648431514538,1355.6544189453125,5478998
2026-02-11,1356.9535467798464,1358.9520056116282,1343.7637672805854,1346.2618408203125,3866272
2026-02-12,1346.8613439479982,1356.6537189643552,1335.1702866842277,1338.9674072265625,4152620
2026-02-13,1340.2663796042373,1345.4623234479259,1315.0857267297542,1331.2733154296875,4624549
2026-02-16,1322.9796798725715,1360.8504972188548,1322.9796798725715,1357.2532958984375,5082167
2026-02-17,1357.2533026228227,1359.851274590649,1349.3593662013097,1356.154052734375,4513065
2026-02-18,1361.9496315905558,1377.4376868287463,1352.7567701751589,1375.9388427734375,5556076
2026-02-19,1380.0356854729655,1381.7344486208985,1349.9589052436156,1355.5545654296875,2744704
2026-02-20,1349.95888845452,1375.439237570427,1349.95888845452,1367.24560546875,3791536
2026-02-23,1379.4361742227843,1400.9196061284633,1379.1363566149982,1385.63134765625,6160153
2026-02-24,1396.9226494184725,1396.9226494184725,1382.4338236555484,1386.5306396484375,7888492
2026-02-25,1392.9257588022874,1403.2178702295591,1386.5306663608878,1401.9188232421875,4379373
2026-02-26,1401.918780685966,1404.616651145543,1384.9318817040264,1394.424560546875,8979547
2026-02-27,1385.9310826257845,1394.4245319425252,1379.935706637497,1382.83349609375,5840317
2026-03-02,1368.0449464468218,1383.6329006836204,1352.5568907547233,1371.2425537109375,5132511
2026-03-04,1343.4638586340375,1356.5537387000065,1325.977345040809,1350.2586669921875,5832353
2026-03-05,1353.8558818023537,1354.7552126199696,1334.2710107771431,1348.060302734375,6057499
2026-03-06,1345.9619172738485,1346.8612480726197,1312.4877344760207,1314.7860107421875,11629935
2026-03-09,1281.21185421577,1290.005121495157,1259.8284431987802,1287.3072509765625,7926265
2026-03-10,1294.2017954025807,1318.483117211831,1283.609988769071,1313.686767578125,6289277
2026-03-11,1308.9904577529614,1316.4846779309364,1251.7345668027367,1254.832275390625,6859908
2026-03-12,1242.2419531270289,1250.1358898575004,1230.8508354394771,1233.5487060546875,9663320
2026-03-13,1223.0566935167647,1233.548601426835,1193.3796313616317,1196.3773193359375,9098187
2026-03-16,1198.2758601545113,1218.9599821354238,1179.1906028112269,1213.763916015625,8743794
2026-03-17,1218.7600133529452,1231.3504009913356,1209.0675372579854,1227.153564453125,5707317
2026-03-18,1227.0537204854681,1259.0290617359037,1223.25659992148,1252.2342529296875,6018952
2026-03-19,1220.0590351044686,1240.543236758557,1201.0736774738505,1206.06982421875,8264698
2026-03-20,1207.6686193933658,1230.850814485364,1198.7754534047704,1202.9722900390625,7518686
2026-03-23,1180.0898858184764,1184.1867018397022,1164.1022159005292,1169.6978759765625,6697446
2026-03-24,1186.0852033826384,1201.8730754363555,1168.698588811437,1191.78076171875,8274701
2026-03-25,1199.0752581820623,1238.0452040729795,1197.0767994184255,1221.158203125,9645791
2026-03-27,1208.5679755024764,1212.5648931560606,1201.0737549020064,1204.271240234375,9479301
2026-03-30,1184.1867379087505,1187.883959875634,1153.0108294096656,1160.4051513671875,18534887
2026-04-01,1174.0945147139696,1207.0690840633831,1174.0945147139696,1192.1805419921875,6595695
2026-04-02,1173.694834782652,1201.3735624884298,1149.4136334255566,1196.9769287109375,9501543
2026-04-06,1201.1735518383607,1248.8368640111612,1195.4779934543012,1244.34033203125,7847086
2026-04-07,1236.846148755743,1254.5324596108962,1220.0590467422576,1249.1365966796875,9248545
2026-04-08,1299.0981069582683,1334.5707503418926,1299.0981069582683,1331.9727783203125,13519723
2026-04-09,1321.281007006804,1337.5683720869056,1311.788328262907,1317.48388671875,6542529
2026-04-10,1327.775987854385,1357.552948822845,1325.077995466752,1349.759033203125,6755589
2026-04-13,1316.9843426965365,1365.846684510496,1314.286472120357,1352.556884765625,8974851
2026-04-15,1365.946582373461,1383.4330967783883,1347.9604532712501,1354.4554443359375,6789879
2026-04-16,1360.950405135781,1363.448478566647,1341.9650470611996,1348.5599365234375,5232398
2026-04-17,1351.957337543237,1363.248678214176,1343.0641717554277,1358.0526123046875,4062181
2026-04-20,1358.4523557219322,1372.941181877113,1346.9612177367892,1353.656005859375,4878641
2026-04-21,1359.9512233524406,1379.236399704072,1353.656029295873,1376.6383056640625,5145338
2026-04-22,1368.944287324286,1389.928104867213,1364.947369697062,1378.536865234375,3997911
2026-04-23,1367.945042422019,1383.1332804429271,1364.347840993514,1368.5445556640625,5671255
2026-04-24,1367.9449987412254,1373.9403749227063,1348.9596408332025,1364.847412109375,3648313
2026-04-27,1323.9788756219436,1326.2771518946506,1298.8982435808812,1323.179443359375,10768267
2026-04-28,1310.9889903752908,1320.3817712564608,1284.5094109203021,1288.0067138671875,9939787
2026-04-29,1294.0020554402972,1308.1910639372534,1278.014385257251,1295.4010009765625,6228275
2026-04-30,1287.0074012162179,1287.0074012162179,1256.3311089994636,1267.3226318359375,16481853
2026-05-01,1267.3226318359375,1267.3226318359375,1267.3226318359375,1267.3226318359375,0
2026-05-04,1267.3226232305547,1293.4024846611255,1263.525502940515,1274.1173095703125,9759479
2026-05-05,1267.0229010000714,1272.7184598875697,1251.0352303249917,1258.729248046875,10163714
2026-05-06,1274.0174810881558,1299.9974454083847,1254.2326902384063,1293.20263671875,7277673
2026-05-07,1297.9989290636138,1307.0918917772797,1280.212597796342,1291.7037353515625,6785048
2026-05-08,1279.0135664260551,1281.0120251235958,1263.625410059744,1267.3226318359375,6358595
2026-05-11,1257.7299630241207,1282.011285578894,1250.735357413012,1271.319580078125,7341360
2026-05-12,1269.421017563825,1273.0182189048855,1255.9314210526663,1259.12890625,5727828
2026-05-13,1255.1320159570741,1274.3172934854406,1246.538667573858,1254.7322998046875,6045406
2026-05-14,1255.631637507536,1268.022106441695,1234.8477392086593,1253.6331787109375,5822618
2026-05-15,1258.6293424179842,1262.4264629724478,1241.0429291696062,1243.8408203125,4805485
2026-05-18,1238.0451728188796,1241.0428608886589,1221.1581722972078,1236.946044921875,6052023
2026-05-19,1237.5456222864914,1248.8369633917555,1230.351219336608,1237.3458251953125,9200314
2026-05-20,1233.0490412431207,1253.1335271630967,1225.6547195178894,1248.8369140625,3562641
2026-05-21,1255.9314298819743,1261.726887089914,1243.8407788007414,1252.334228515625,5171528
2026-05-22,1253.1334965544734,1287.8068279947058,1253.1334965544734,1284.409423828125,5016900
2026-05-25,1299.39784951034,1313.4869587156177,1292.9028588434312,1310.189453125,5671455
2026-05-26,1308.7907369859347,1315.985139985791,1290.50478989495,1298.298828125,6455265
2026-05-27,1295.3010549602839,1313.4869803364859,1292.103447855121,1303.094970703125,7243174
2026-05-28,1303.094970703125,1303.094970703125,1303.094970703125,1303.094970703125,0
2026-05-29,1295.1011997994176,1311.5884848848368,1276.4156588264402,1285.6085205078125,15215715
2026-06-01,1288.0066280954209,1292.2033425617142,1266.0235824646225,1274.916748046875,4311076
2026-06-02,1262.0267183828762,1274.8169033533427,1243.9406908361375,1250.1358642578125,11884695
2026-06-03,1244.1404736967706,1263.8253656219047,1229.3519520935338,1254.232666015625,7953326
2026-06-04,1245.0398052641103,1258.929118016639,1243.1412450502407,1252.334228515625,6392593
2026-06-05,1259.0290099995375,1275.0166799677856,1251.1350735574667,1271.319580078125,7825303
2026-06-08,1261.0274061863013,1278.2141017590434,1261.0274061863013,1267.1226806640625,5034388
2026-06-09,1274.916768250008,1297.3994289105083,1270.520134658929,1291.404052734375,7533504
2026-06-10,1282.5109488108894,1325.477813476934,1282.5109488108894,1313.487060546875,12262606
2026-06-11,1307.7914623726329,1338.4677555724868,1306.2926183014429,1316.284912109375,8196686
2026-06-12,1330.9735596234657,1357.4531387000588,1317.4839627353902,1355.2548828125,8535670
2026-06-15,1370.9427053735023,1376.9380816360685,1359.5514660793779,1367.24560546875,7522828
2026-06-16,1362.4492051798502,1370.4430399003772,1348.1601768264127,1364.6474609375,7709061
2026-06-17,1363.048787960663,1364.647530591123,1348.2602661586025,1349.8590087890625,4761917
2026-06-18,1346.561512407277,1364.8474591819588,1343.9635403676145,1359.0518798828125,5186573
2026-06-19,1355.7545097416184,1361.9496832815275,1349.4593156798994,1356.8536376953125,4640277
2026-06-22,1359.9511533650066,1365.0471986847929,1354.1555743103543,1357.552978515625,3153284
2026-06-23,1357.5529705396623,1370.8427696854017,1355.0548971646165,1362.44921875,5745853
2026-06-24,1354.9550675446912,1385.0318481148515,1354.9550675446912,1383.43310546875,8343829
2026-06-25,1385.831270177255,1399.021049380356,1371.6421396044548,1376.138671875,7995552
2026-06-26,1376.138671875,1376.138671875,1376.138671875,1376.138671875,0
2026-06-29,1391.5268564078813,1391.5268564078813,1351.1579637199086,1355.7545166015625,12602010
2026-06-30,1356.6537167481358,1373.9404342753348,1342.5646065082708,1344.6629638671875,7781221
2026-07-01,1344.6628669036613,1376.6382056137847,1344.6628669036613,1367.6451416015625,3187785
2026-07-02,1372.941166068036,1374.440010135796,1357.053394554533,1361.5499267578125,4013561
2026-07-03,1371.941884852612,1371.941884852612,1337.3685740578373,1341.065673828125,3500465
2026-07-06,1354.6551952621983,1369.9434532686023,1334.470810970254,1338.567626953125,5154081
2026-07-07,1345.762131730582,1355.8543237280394,1335.1702030839804,1339.966552734375,6198988
2026-07-08,1342.9642575887744,1342.9642575887744,1302.9950832557752,1308.4908447265625,6917968
2026-07-09,1311.8882333774443,1320.5814799012492,1291.2041127197447,1296.5999755859375,5609851
2026-07-10,1304.0,1326.5999755859375,1303.9000244140625,1323.699951171875,3549139
2026-07-13,1315.9000244140625,1329.9000244140625,1313.5,1319.4000244140625,3674483
2026-07-14,1320.0999755859375,1323.699951171875,1298.5999755859375,1317.5999755859375,6005505
2026-07-15,1328.0,1348.0,1303.300048828125,1312.300048828125,9442403
2026-07-16,1315.0999755859375,1315.5,1299.4000244140625,1307.5999755859375,5001226
2026-07-17,1307.0,1333.0,1305.0,1328.5,11192836
2026-07-20,1275.0,1284.0,1249.0999755859375,1256.0,25314148
2026-07-21,1245.0,1267.699951171875,1244.5,1258.199951171875,15014867
2026-07-22,1258.199951171875,1258.199951171875,1230.5,1238.4000244140625,8358923
2026-07-23,1230.0999755859375,1239.4000244140625,1219.199951171875,1223.0,8240787
2026-07-24,1216.800048828125,1233.9000244140625,1210.5999755859375,1227.300048828125,8088828
2026-07-27,1237.0,1237.0,1221.5999755859375,1227.5,5967502
2026-07-28,1222.5,1233.9000244140625,1219.699951171875,1223.5,6093182
2026-07-29,1229.5,1237.0999755859375,1214.4000244140625,1235.4000244140625,10110233
2026-07-30,1229.0,1232.199951171875,1220.199951171875,1228.9000244140625,6878684
2026-07-31,1226.199951171875,1239.699951171875,1226.0,1229.5,7487936
2026-08-03,1236.9000244140625,1272.0,1230.5,1272.0,6713421
2026-08-04,1264.0,1264.0,1244.0,1261.800048828125,5694891
2026-08-05,1260.0,1263.0,1246.199951171875,1253.9000244140625,4295407
2026-08-06,1256.0999755859375,1259.9000244140625,1248.300048828125,1256.0,4845792
2026-08-07,1252.0999755859375,1256.0,1238.0,1238.0,3628823
2026-08-10,1235.0,1250.0,1235.0,1247.300048828125,3661847
2026-08-11,1242.0,1243.0,1225.4000244140625,1229.800048828125,5843702
2026-08-12,1230.0,1234.9000244140625,1216.9000244140625,1230.0,7218881
2026-08-13,1224.5,1224.800048828125,1215.5999755859375,1221.800048828125,5284300
2026-08-14,1216.0,1218.699951171875,1208.5999755859375,1217.4000244140625,5557745
2026-08-17,1220.0,1235.0,1213.5999755859375,1227.300048828125,6068014
2026-08-18,1223.9000244140625,1250.5,1223.4000244140625,1243.0,5064697
2026-08-19,1243.0999755859375,1245.0,1224.0,1235.0,3061937
2026-08-20,1237.5,1253.9000244140625,1236.199951171875,1251.0,4163816
2026-08-21,1250.5999755859375,1256.4000244140625,1240.4000244140625,1245.800048828125,3690270
2026-08-24,1245.800048828125,1248.699951171875,1231.800048828125,1236.0,3778588
2026-08-25,1236.0999755859375,1240.5,1229.800048828125,1235.0,3606504
2026-08-26,1240.0999755859375,1257.699951171875,1238.199951171875,1255.0,3298266
2026-08-27,1260.0,1268.699951171875,1251.4000244140625,1256.0,7005789
2026-08-28,1256.0,1265.4000244140625,1248.199951171875,1265.0,3243469
2026-08-31,1257.0,1300.0,1251.199951171875,1300.0,6093670
2026-09-01,1274.9000244140625,1275.0999755859375,1255.0,1258.0,5588158
2026-09-02,1254.5999755859375,1266.9000244140625,1250.0,1253.9000244140625,6437250
2026-09-03,1265.0,1278.9000244140625,1260.199951171875,1267.0,3309215
2026-09-04,1270.300048828125,1280.699951171875,1262.0,1273.0,3810611
2026-09-07,1271.0,1271.9000244140625,1261.5999755859375,1266.0,1592707
2026-09-08,1262.800048828125,1264.9000244140625,1239.5,1244.9000244140625,3623260
2026-09-09,1236.0,1257.4000244140625,1234.699951171875,1238.5,6679663
2026-09-10,1242.0999755859375,1255.199951171875,1240.4000244140625,1246.0,4150654
2026-09-11,1237.9000244140625,1252.800048828125,1229.800048828125,1246.0,4562285
2026-09-14,1246.0,1246.0,1246.0,1246.0,0
2026-09-15,1254.0,1254.0,1219.9000244140625,1222.9000244140625,5698466
2026-09-16,1230.0,1252.5,1223.699951171875,1241.0,5799541
2026-09-17,1238.0,1257.5999755859375,1233.0,1240.0,4413665
2026-09-18,1244.0,1257.0,1240.5,1257.0,5693016
2026-09-21,1248.0,1254.300048828125,1242.0,1250.0,3680283
2026-09-22,1245.199951171875,1255.5999755859375,1240.0999755859375,1242.699951171875,2689110
2026-09-23,1242.199951171875,1252.0,1238.9000244140625,1243.199951171875,2287837
2026-09-24,1225.199951171875,1225.199951171875,1175.0,1186.5,10890660
2026-09-25,1191.5,1225.0,1191.5,1222.4000244140625,6923162
2026-09-28,1211.5,1217.800048828125,1205.0,1209.9000244140625,4771499
2026-09-29,1202.0,1212.0999755859375,1190.5,1212.0999755859375,7260302
2026-09-30,1201.0999755859375,1237.0999755859375,1201.0999755859375,1226.0,6178741
2026-10-01,1219.0999755859375,1241.5999755859375,1215.300048828125,1217.0999755859375,7005197
