Date,open,high,low,close,volume
2016-10-03,265.7655191239164,270.84383001013015,265.7655191239164,269.7435302734375,1672721
2016-10-04,268.7278431671278,274.9487835891969,267.54291168755526,274.2293701171875,2908344
2016-10-05,272.53663901310694,276.0491611571683,271.3517073221293,272.28271484375,1439691
2016-10-06,275.0334570059677,275.2873524823555,270.08207965207447,272.79052734375,1741337
2016-10-07,273.0444746085728,274.6102924805076,268.4739830715214,270.37835693359375,1477152
2016-10-10,269.2357006611523,270.7591881385795,266.6118848282402,267.3736572265625,2687189
2016-10-13,264.876814653761,265.68088866845346,258.57124192719374,259.62921142578125,3440146
2016-10-14,260.6025090799171,260.6025090799171,255.94738668172369,258.4865417480469,5431236
2016-10-17,258.48656587230715,258.86745206462575,250.74213789830185,255.0164031982422,3779712
2016-10-18,255.60887649591686,260.687216196788,251.41927131985747,259.5445861816406,5102965
2016-10-19,259.54453781143906,261.91442923017905,257.30160844401075,259.7984619140625,5073975
2016-10-20,259.9254451879811,262.80318536423425,258.14803344772486,261.61822509765625,5290430
2016-10-21,263.56495028085004,263.56495028085004,258.65590247918504,262.16839599609375,2362713
2016-10-24,259.2906620316944,260.687216196788,257.0054306610104,259.5445861816406,2185144
2016-10-25,256.87842839056594,264.4112619436324,255.35491238889398,263.9034423828125,4024793
2016-10-26,266.61186553377337,273.2983237091345,266.4426018972459,268.8971252441406,6538988
2016-10-27,266.2310127379312,275.6258898814038,265.42693880116536,273.4676208496094,5615716
2016-10-28,273.34070571814107,273.34070571814107,269.3626942506467,269.8705139160156,1566275
2016-11-01,269.1510648917264,271.4362960743718,267.6698790183993,268.685546875,2398681
2016-11-02,267.0351202413519,267.11975207175317,261.2373669752874,262.0414123535156,2221637
2016-11-03,261.5336022192011,266.90816786903366,258.40196644401084,261.49127197265625,2989059
2016-11-04,262.1683692684276,262.8454812175311,257.34398245557804,259.5868835449219,2376146
2016-11-07,263.98815019856113,263.98815019856113,257.0477660251339,258.6559143066406,1847168
2016-11-08,259.5022406754909,259.6292027429974,254.76248589303276,258.0633850097656,1527704
2016-11-09,243.759426956074,258.1479816523341,239.56980826759647,254.762451171875,5669889
2016-11-10,258.14803166152103,265.8501587025417,256.6668743279633,261.23736572265625,3190980
2016-11-11,257.3016585186858,260.6448881019836,252.5195731731748,255.10105895996094,1886129
2016-11-15,256.45528149524785,258.06340091032666,248.8377862523787,256.1590270996094,3114405
2016-11-16,258.19039087954366,263.5226266617818,256.7092047201618,262.0837707519531,2746958
2016-11-17,263.56491495563716,267.1197382445865,249.81111117275668,251.50389099121094,4236589
2016-11-18,252.56195626721075,257.68259866707183,249.8958380917269,257.0901184082031,3641254
2016-11-21,257.6401926780176,258.61353029891274,251.75780805141397,253.49288940429688,1826207
2016-11-22,254.7624827630725,258.52889986118606,249.68414342324925,257.2593078613281,3327374
2016-11-23,258.52884849240684,260.89873971343525,253.19661473979502,254.3815460205078,1970256
2016-11-24,254.76247149037778,257.8941067797985,252.56187220363046,255.94740295410156,4795418
2016-11-25,256.3705702687017,258.99438576715266,252.7734459244392,254.762451171875,2099139
2016-11-28,254.76248688157173,271.8594912863461,254.76248688157173,269.8281555175781,4886483
2016-11-29,271.5209605060404,275.9221884132124,268.13542923705825,274.9488220214844,4516337
2016-11-30,275.07576910917317,276.59928532381207,274.0601011859506,274.7372131347656,4993485
2016-12-01,274.22939025860416,274.9065021994084,265.38463344410457,269.3203430175781,7124295
2016-12-02,266.61190122741397,271.9441363860012,266.0194497606446,269.6589050292969,1836012
2016-12-05,268.72788672119236,278.1651244851983,268.72788672119236,276.5569763183594,2481220
2016-12-06,276.6839010540835,280.95816639983565,274.8641592150707,278.3343505859375,3142493
2016-12-07,279.05380461682273,283.4973337992935,275.16042530172405,277.74188232421875,2899591
2016-12-08,279.984854360318,282.69330252270925,277.9535468981386,281.38140869140625,2061325
2016-12-09,282.82019953651195,285.6132788963934,278.54593434618835,281.0004577636719,2646396
2016-12-12,278.8845130799696,279.3077008776496,276.38768787789206,278.5882873535156,775144
2016-12-13,275.9221776038814,280.11178277422704,275.9221776038814,279.3077087402344,1063869
2016-12-14,277.699587302044,279.09611279541457,272.11342800934085,273.0444641113281,1481398
2016-12-15,271.52092685087496,272.8328490728489,268.72784742089164,269.53192138671875,3073256
2016-12-16,269.99742242974486,270.5052419943623,261.06803486333826,262.5915222167969,4401700
2016-12-19,262.7185336374518,263.64956978373203,257.3862982388176,258.5712585449219,4126010
2016-12-20,258.9944128187394,259.6291944764516,253.1543298570419,256.0743713378906,3596096
2016-12-21,257.3863165728137,259.2906905879218,253.9161245599416,255.35498046875,2651665
2016-12-22,253.4929383601808,254.7202003486232,245.66387697979766,247.35662841796875,3156188
2016-12-23,250.0226808877793,251.50386666813162,246.42555636350428,250.14964294433594,2047449
2016-12-26,249.26096472533692,251.37693236245937,244.35191751444407,250.6151885986328,2719536
2016-12-27,250.53053979954518,254.59318248460414,246.42556687395975,253.5775146484375,2548216
2016-12-28,253.06970162648236,256.53989299185656,251.20765820833344,253.49288940429688,2899350
2016-12-29,255.10106776987547,257.68255364581324,251.80013965817975,256.4552917480469,3551526
2016-12-30,255.01642428684139,259.92544299404807,254.00075634960916,258.69818115234375,1955045
2017-01-02,256.5398903457061,264.072724423852,256.5398903457061,263.2263488769531,1643255
2017-01-03,264.0304596170606,265.7232109466288,253.91610992906314,257.68255615234375,3286354
2017-01-04,255.9473860033225,266.7811467384722,253.19663707706383,265.68084716796875,5776206
2017-01-05,265.04605277133015,273.38298918302644,262.42226573995873,271.77484130859375,4268281
2017-01-06,270.12441304770334,279.3076970376202,269.4049708738508,270.6322326660156,2656936
2017-01-09,271.3516637274052,272.02877563049856,267.6275482603916,269.1087341308594,2635116
2017-01-10,269.99746120938937,271.69024110059144,268.3470115628213,270.9284973144531,1058176
2017-01-11,271.774922003755,274.7795961058289,269.82821761246,273.17144775390625,2609766
2017-01-12,273.7638041712727,275.3719517958708,270.84376323479853,272.3672790527344,1680284
2017-01-13,272.87516606386384,275.07576553914754,267.45829920325554,271.01312255859375,2614161
2017-01-16,270.84383662244613,273.7215767651407,268.5586052657418,269.6589050292969,1871694
2017-01-17,269.9128357714139,270.67457957559066,268.3893195034491,269.57427978515625,2050997
2017-01-18,269.1510381685749,269.8281213461417,263.4379177897865,265.68084716796875,3670155
2017-01-19,265.76555563066864,273.04449564974533,263.2263998387719,268.38934326171875,2526854
2017-01-20,265.8078279320665,277.1917105942582,265.8078279320665,271.309326171875,3784887
2017-01-23,271.6902067689231,272.5365822777681,266.9504236724919,270.5475769042969,1985278
2017-01-24,269.15109235935904,269.9974679964306,266.3156823878694,267.8815002441406,2393587
2017-01-25,258.14798797117794,266.35796192189275,258.14798797117794,263.5225524902344,14931206
2017-01-27,262.6338796769186,277.614945290581,262.6338796769186,274.0177917480469,3540993
2017-01-30,273.4676399254646,313.12087445623644,272.6212356899724,292.55364990234375,23241046
2017-01-31,295.4313867395416,298.7745874241503,290.3530473599404,294.7119445800781,11732135
2017-02-01,292.84990904581207,296.1508082369875,287.8985315994394,292.0881652832031,4103983
2017-02-02,292.0035187627615,304.53006151024755,291.36873704016136,299.0285339355469,6964972
2017-02-03,299.02850290267935,306.39207329525664,298.09749553807364,299.4516906738281,2662623
2017-02-06,299.6210160510496,302.1178413721986,298.47838601513484,300.6789855957031,1504449
2017-02-07,299.7902867126462,303.68366631515823,296.91257509247805,298.9015808105469,4062008
2017-02-08,300.4673974691631,301.1868397010618,293.611674440961,298.0975341796875,4888372
2017-02-09,297.97056636562337,302.1601716178292,296.9125681613587,300.6789855957031,2043938
2017-02-10,302.16015335136865,305.0378647303936,300.50970376571695,302.62567138671875,2203893
2017-02-13,299.15547937321077,304.6993082253084,299.07084754682677,303.0488586425781,3669035
2017-02-14,302.5833427682433,313.07854910306816,300.46737513588073,312.27447509765625,4739203
2017-02-15,313.07856009795546,315.27915963458827,304.7839815907968,309.1851806640625,3974478
2017-02-16,305.79959667883236,312.2321597795637,304.95322112696135,309.5237121582031,4049974
2017-02-17,310.6240529327404,315.02528089970116,306.6460414573118,312.7400207519531,2551827
2017-02-20,313.2902082722999,320.78074270296565,313.2902082722999,317.6914367675781,3876138
2017-02-21,314.9405395728394,319.8495859462237,304.27607137946154,307.1114807128906,7028108
2017-02-22,307.15380400864336,315.27911777713894,303.9375369606562,305.5456848144531,7531248
2017-02-23,314.0096302749049,339.4012455098443,307.8309901444551,309.9892883300781,39500561
2017-02-27,310.6240149034629,311.0049011013269,298.39372756448097,301.0598449707031,10077345
2017-02-28,302.16011466225564,315.786954714162,301.65229510846547,309.05816650390625,13488220
2017-03-01,311.9359024053975,312.1898265323573,305.9265557980681,307.02685546875,3826413
2017-03-02,308.0848805026289,309.777660397729,298.09752211095406,302.033203125,4657721
2017-03-03,302.0332474539679,305.9689577052626,299.0285734465276,301.4407958984375,4021692
2017-03-06,304.6993105440316,308.0848702212492,302.32944742958887,305.9689025878906,3302817
2017-03-07,305.5457087508175,306.7729705270879,301.60999928633385,305.6303405761719,3171320
2017-03-08,304.8686517370102,308.1695514568205,303.42979580840466,305.2918395996094,3024515
2017-03-09,304.57236742372686,306.30747761361044,301.86394817304847,304.8686218261719,1304223
2017-03-10,305.418727160734,310.20081189231075,304.6569834620167,308.8465881347656,2319807
2017-03-14,309.77764393384604,312.9939112337946,303.5143729846576,305.6303405761719,5921380
2017-03-15,304.6992977334265,309.904599100751,301.4830305050975,307.4077453613281,7389777
2017-03-16,308.0848604053759,309.4390842331161,303.9375570978237,305.24945068359375,2670827
2017-03-17,305.6726272908201,307.23841614553965,291.1570819357812,293.56927490234375,6378625
2017-03-20,292.84991911989147,298.18215430119346,287.13679771437756,295.7276306152344,4737850
2017-03-21,295.38907408370443,297.7589659352794,292.04584454044374,296.15081787109375,2511084
2017-03-22,293.69624859255657,294.96584048083804,275.75284182133146,286.248046875,8955493
2017-03-23,286.75581801452194,289.2103409003644,284.00506949059553,286.5019226074219,4762081
2017-03-24,288.95659868066156,294.2888349506118,286.2481502922615,288.1948547363281,5308761
2017-03-27,287.7715643590617,289.3373820994751,283.66659123569946,286.6712646484375,3212610
2017-03-28,288.5333360086446,290.7339643022989,286.5866605353338,288.4064025878906,2316105
2017-03-29,289.88755073995696,293.1884787453439,288.7872509580316,291.8765563964844,9825597
2017-03-30,291.87656352618404,298.26679712611866,289.6336623218477,297.2511291503906,4345156
2017-03-31,296.23541023945097,298.1821140231131,292.00347539803585,296.2777404785156,5787371
2017-04-03,292.849928549129,292.849928549129,284.59765136199303,289.29510498046875,7333921
2017-04-05,290.2683982338647,293.90785307761087,287.00980090863226,291.5802917480469,4693744
2017-04-06,290.310772951459,290.310772951459,285.7402814118085,289.29510498046875,2412374
2017-04-07,291.1994534176855,296.6163201303844,289.2527494783601,291.7496032714844,6347228
2017-04-10,294.79657719042353,294.88120901540685,289.5066725646354,292.5959777832031,1532435
2017-04-11,290.3107754205132,301.10220829709885,290.1838133406082,296.4047546386719,2327556
2017-04-12,293.69629961054767,299.5363831876752,292.299774084493,296.9125671386719,2529238
2017-04-13,296.23546206488237,299.1978341678943,287.1368091619421,287.9831848144531,6554985
2017-04-17,290.14147932999884,290.5646671511176,286.41736345300893,288.87188720703125,2089233
2017-04-18,287.7715577543687,290.6069674509851,284.63992234541655,286.7558898925781,6170878
2017-04-19,287.2637605091199,289.2527661458978,281.6352709194533,287.7292785644531,2779410
2017-04-20,289.46433942331896,290.98782689619685,286.1211101036751,290.09912109375,2097176
2017-04-21,289.46436751417446,292.8499274042396,288.0255117257996,290.1414794921875,1500170
2017-04-24,291.15715599239525,293.2307935735769,286.6289945838824,291.7073059082031,1487606
2017-04-25,290.3107582860711,304.53005184240783,288.95653439316095,299.57867431640625,4747068
2017-04-26,299.5786676950168,304.69930876464895,297.9282181093651,302.62567138671875,3272330
2017-04-27,299.8326001566643,306.3497668536339,299.4094123526394,302.9219055175781,4978376
2017-04-28,300.7213003102854,302.92189977720153,296.65865734517945,300.89056396484375,2985691
2017-05-02,300.8905622704527,301.2714484804785,293.44235966002645,294.2041320800781,2436068
2017-05-03,294.62730402165704,296.23542328282116,291.030150650188,293.1461181640625,2616848
2017-05-04,293.4423660108309,297.4204058719604,290.9032105345336,292.84991455078125,1345900
2017-05-05,293.23072561426216,295.38902318967695,290.4376464353277,291.7918701171875,1708526
2017-05-08,291.7919551756041,300.6790148539124,291.41109756631306,297.3357849121094,2955948
2017-05-09,296.23542911205845,297.0818333300283,290.81856248740706,292.215087890625,3126657
2017-05-10,284.80923579242415,321.96561836109083,284.80923579242415,315.4907531738281,27085852
2017-05-11,313.1631799309951,313.8826221071236,306.77297547060414,309.77764892578125,8059693
2017-05-12,306.603707972012,313.4171294366457,305.9689262308362,309.01593017578125,4070508
2017-05-15,309.77764022833264,313.1208695561262,305.8842610529028,308.2118225097656,4132180
2017-05-16,309.69296387319105,319.6380195225639,309.3121063533657,316.8449401855469,6500818
2017-05-17,314.1788167578355,322.3887623085481,314.1788167578355,318.19915771484375,5842838
2017-05-18,316.2948294364001,322.98128857526297,311.9782621676637,313.7980041503906,3683713
2017-05-19,315.7023470782892,321.20387457310886,311.5973737444453,315.4907531738281,6026064
2017-05-22,316.548764578452,320.442144170467,314.34816495244604,315.3215026855469,3037325
2017-05-23,314.89823279876987,318.4530554712223,314.0095271306568,314.7712707519531,6451328
2017-05-24,311.47043869559496,315.7023744712353,309.4814328933898,311.7666931152344,7704006
2017-05-25,310.6240405824555,318.53776163124155,305.3341355745542,313.75567626953125,15733429
2017-05-26,312.3168255292919,322.0079584851452,311.89363770738623,316.210205078125,3171630
2017-05-29,317.14124178248045,320.6960653482387,311.3857899515674,315.7870178222656,2214859
2017-05-30,317.2258679406047,318.91864786059307,312.6130462410877,313.75567626953125,2172819
2017-05-31,316.54873500864886,319.0032585651744,311.5127258275556,314.47509765625,17087943
2017-06-01,313.1631547100022,316.04086586353714,309.65066191778936,310.53936767578125,2467620
2017-06-02,313.8403048196048,322.7696937270321,312.9939291982644,315.9139709472656,5747881
2017-06-05,315.8716309830507,319.7650103087169,314.3058132040624,315.19451904296875,2588187
2017-06-06,313.1631785612147,315.2791461775716,310.62402315350823,312.3168029785156,3666864
2017-06-07,316.0832309340869,317.60671849863735,314.00959349013704,315.5330810546875,4307736
2017-06-08,315.66002066258375,316.80265058448,310.3700874883441,311.21649169921875,3858535
2017-06-09,311.2587867028474,314.0941963269608,309.98922340277886,311.3011169433594,3205017
2017-06-12,310.5394111983471,314.68671487009584,307.7040012275728,309.1005554199219,2462371
2017-06-13,308.08485726830355,311.8936045801382,306.4767093243349,307.4077453613281,1257634
2017-06-14,307.66164963617837,311.9358860310603,306.0112002167919,309.3544006347656,2338631
2017-06-15,309.3544443239833,313.5863797373282,308.465738460373,309.1851806640625,2823152
2017-06-16,309.7776264993317,311.0471897870229,305.2071356125071,308.80426025390625,4962261
2017-06-19,308.0848674966986,312.1052088304871,307.4500858101876,311.0472106933594,1888109
2017-06-20,312.1051725897629,313.8825840332935,309.56601747894865,310.2854309082031,2553936
2017-06-21,310.1162164170866,311.63970399306965,308.50806835162973,310.8779602050781,2945763
2017-06-22,311.25879298110465,312.2744608374106,306.81526402202115,309.9468994140625,7013343
2017-06-23,309.69297528508395,311.9359048853086,307.4500743444675,309.9468994140625,5681037
2017-06-27,308.9312448443512,318.15685911139775,308.9312448443512,314.39044189453125,4226917
2017-06-28,317.31055874887863,323.0236812933593,311.04728621059905,319.25726318359375,4209925
2017-06-29,319.7226743693123,327.0016132657154,319.68037278606687,323.7007141113281,4698010
2017-06-30,323.7006998302597,324.92796156319906,315.363791826391,321.3731384277344,3628132
2017-07-03,322.85433430293784,325.13959439783844,318.91865316556016,323.3621826171875,1687712
2017-07-04,324.9280172023944,324.9280172023944,320.0189694300339,321.0346374511719,1836644
2017-07-05,319.0878413346989,320.35743316032745,315.9985365725152,318.495361328125,2338530
2017-07-06,318.707044667595,324.0393089046088,316.50644496764147,322.7273864746094,2399488
2017-07-07,325.0126082023592,328.01728164000906,324.16620396128604,326.6207275390625,4849963
2017-07-10,331.82606497645736,347.14565954374166,330.2179168061574,343.3792419433594,2101702
2017-07-11,342.0673059728498,346.08764724284947,333.0109555547823,334.7037353515625,6175288
2017-07-12,336.69273031935796,340.5014775779116,333.8573206661122,336.1002502441406,2894251
2017-07-13,341.31866960978965,343.56726168196394,338.3064107216237,342.08233642578125,2879273
2017-07-14,343.6945354305899,346.7067942412553,341.2762524535079,345.3491516113281,2424013
2017-07-17,347.47047823708954,347.8947343969518,344.45821927731987,346.57952880859375,2517635
2017-07-18,344.6703715258725,364.86523623184775,344.6703715258725,346.4522705078125,4039652
2017-07-19,347.89473600958405,358.7558489050014,345.5612983875626,357.4406433105469,5104135
2017-07-20,358.07707172996606,360.19838153278323,353.07078519243214,356.2103271484375,3406260
2017-07-21,353.8344594138244,353.8344594138244,341.6157020558085,348.99786376953125,12143745
2017-07-24,345.3491829351553,358.5012968245641,344.5430789590257,356.42242431640625,5425590
2017-07-25,358.62857237009683,366.22286123022593,355.2344655541876,362.99847412109375,7134553
2017-07-26,364.86526953629226,364.90770665191286,357.8649555728286,361.6833190917969,5764897
2017-07-27,361.4711504775016,362.1075347487052,349.125111731583,353.0283203125,15443045
2017-07-28,350.48275716189136,352.56162970281565,346.36742045926724,350.69488525390625,1940125
2017-07-31,352.1373441266537,357.6103231469269,347.8947251765499,355.489013671875,2953735
2017-08-01,356.50724213562773,358.9255251443607,351.07670027680444,353.8768310546875,2448373
2017-08-02,357.10123112482256,358.62856479373374,350.2281721507969,352.8586120605469,2195053
2017-08-03,352.94344354475476,360.70742290767623,350.6524431322728,359.9437561035156,2812811
2017-08-04,359.22254743477095,359.22254743477095,349.25238382601736,357.1436462402344,3004061
2017-08-07,357.1011931004146,358.58608950242433,353.3676760793362,354.2162170410156,1299253
2017-08-08,354.25867942839204,360.62260831750024,351.37370292911055,354.51324462890625,1994391
2017-08-09,355.48904063951056,355.48904063951056,349.5918050232512,353.0283203125,1360936
2017-08-10,352.222235335175,356.8042655454008,349.84638910169906,353.19805908203125,1661135
2017-08-11,349.59183776729077,354.68296987770117,347.89478415316506,351.7555847167969,2538665
2017-08-14,350.44026254762616,351.6706225186036,343.779361101834,346.6643371582031,2234285
2017-08-16,345.3492418461321,348.8281948113306,342.59154749102237,345.9856262207031,4181433
2017-08-17,348.74324468643545,356.3799410862204,344.45818889309584,353.2828369140625,3282886
2017-08-18,351.24646606098736,358.41649986394987,350.22823385832095,357.22857666015625,3062360
2017-08-21,359.3073649092602,361.3013917291577,354.25864220009527,355.6587219238281,2075746
2017-08-22,358.67099560304507,360.6225853977148,353.45255298398723,358.161865234375,3456653
2017-08-23,359.9862058313058,368.2593158416874,359.94376872271295,366.4774169921875,4754764
2017-08-24,367.4107860634781,368.5563007109975,363.1681668886301,367.3683776855469,2773039
2017-08-28,368.25937467331244,371.7807358262777,365.0349871320529,368.5987854003906,2806489
2017-08-29,369.5321064843767,369.5321064843767,362.6166387505534,363.2530517578125,2102533
2017-08-30,366.1380026161342,366.30769358486435,362.7438959219096,364.0166931152344,2389197
2017-08-31,366.3925588887212,366.3925588887212,359.9013761743238,362.91363525390625,7912495
2017-09-01,364.86528550664195,365.24713336803933,357.3982778723857,358.5437927246094,1996184
2017-09-04,358.92555060385575,360.58019565557964,351.03428806932624,353.3253173828125,1409182
2017-09-05,351.37367001478145,352.052491331256,337.6275814541135,344.9248962402344,7204076
2017-09-06,340.7246883254336,344.118794933431,340.7246883254336,341.5307922363281,2064288
2017-09-07,341.6156553283259,345.73102057714937,335.2093182819405,337.1184997558594,2642421
2017-09-08,337.62764442961486,343.5248805759948,336.5245667675841,342.37939453125,2013742
2017-09-11,345.3491430380441,345.6885536871,338.13670266055624,341.9126281738281,1612161
2017-09-12,345.34914140889447,345.34914140889447,337.71241620714187,343.8218078613281,2583110
2017-09-13,345.6886044867715,345.9431696939625,339.23982993900836,340.8096008300781,1877714
2017-09-14,344.9249403711097,344.9249403711097,336.86395775559555,338.4761657714844,1667328
2017-09-15,339.4094893182783,341.9126465813229,333.7668192973956,336.0154113769531,5339372
2017-09-18,338.56095179636253,340.47013306637547,335.3365650629069,336.5669250488281,1309340
2017-09-19,338.56099016216433,338.56099016216433,331.43339460346067,334.9971923828125,1103781
2017-09-20,314.8023092192579,338.47612370510234,314.8023092192579,336.73663330078125,11779464
2017-09-21,332.6213237559119,341.4459728799645,330.7121422343269,339.4943542480469,6557075
2017-09-22,337.712461220721,340.2156186708401,331.9849452879482,335.4638977050781,5273742
2017-09-25,336.77914482502626,336.77914482502626,328.7181614301273,330.7121887207031,3002284
2017-09-26,328.59081369587363,332.9607152618122,325.0270160560717,328.6756591796875,4203146
2017-09-27,329.1847852475183,330.9242469368149,326.0876809070821,327.48773193359375,2714173
2017-09-28,328.80296619288674,329.9909179823626,320.3177276141809,324.17852783203125,16167139
2017-09-29,324.0936516704609,332.49404470878017,321.71780556965535,330.45758056640625,5337179
2017-10-03,332.62135133589607,333.3850182614583,324.9846246163412,326.38470458984375,1842563
2017-10-04,327.53016428310184,327.99682879718574,319.129772050174,320.0207214355469,3138906
2017-10-05,319.68138370517624,322.9906168252072,316.62668708763147,320.48748779296875,3371352
2017-10-06,320.9117031075457,325.4512959726077,320.9117031075457,324.3906555175781,1065853
2017-10-09,322.7784559019829,323.7966880043445,320.36017261635226,321.548095703125,1192143
2017-10-10,321.9723526305557,328.8454121541828,318.19642653316316,326.3422546386719,1502210
2017-10-11,327.6998981096127,344.8400954752827,327.5302071244703,342.4217834472656,7774168
2017-10-12,342.1248005186685,343.4824432906098,335.76087157416697,339.62164306640625,4023386
2017-10-13,364.8652393557679,370.8049122570775,357.0588219650062,365.62890625,45960026
2017-10-16,366.73194111267566,388.4541659808559,366.73194111267566,384.63580322265625,21145098
2017-10-17,386.9268880300527,398.2546666126638,386.16319238298536,395.36968994140625,18843801
2017-10-18,397.10909317882835,397.95763419505045,388.1995992662454,391.97552490234375,9015866
2017-10-19,394.56356113344253,405.4246744478058,393.29076386689763,401.9881591796875,2646228
2017-10-23,403.0487724200185,425.44979018264337,403.0487724200185,422.0132751464844,29564820
2017-10-24,418.87374728687115,428.2499349175495,418.87374728687115,426.0013427734375,17646810
2017-10-25,426.72257791714406,439.5352799955187,419.0858524663193,437.6260986328125,10080877
2017-10-26,434.1047849308552,440.6808420073445,426.3407760556429,433.8502197265625,11031934
2017-10-27,434.1047464272541,434.1895919105047,409.8369557122152,411.78857421875,8904315
2017-10-30,416.2009320161493,422.31032468840465,412.42500589146965,418.2373962402344,7211306
2017-10-31,415.77665323722806,427.14686810621015,412.97652226418455,421.8860168457031,12690735
2017-11-01,439.95957125540974,462.19089933348675,432.74713010097946,457.4391784667969,35708310
2017-11-02,462.4030179164818,465.45771402426,450.2266993266487,460.9181213378906,10951971
2017-11-03,460.91813383023407,479.24622477776325,455.9118190015866,459.26348876953125,18131291
2017-11-06,458.1179628427972,462.1060165277827,447.2992876188302,451.8813171386719,8295950
2017-11-07,454.72385219586545,455.317828025412,434.5289900428544,436.43817138671875,7054590
2017-11-08,420.8677202530757,431.89855147697295,409.92179196849065,420.2737731933594,50336608
2017-11-09,426.17111048596354,431.05011437803563,420.2738744479695,427.8681640625,10980638
2017-11-10,430.2015288313815,434.23201961607765,421.3768804653451,427.18927001953125,10487687
2017-11-13,426.80746917411676,429.9894480305498,421.4193351666426,422.5648498535156,7079805
2017-11-14,424.04978147154765,428.4196834585072,419.84959920052955,422.692138671875,6449030
2017-11-15,422.5648300745732,423.41337113815445,410.26122887433024,413.0189514160156,9690914
2017-11-16,414.92819705074385,419.93448379168746,408.2672650361609,415.6918640136719,10682218
2017-11-17,420.0192877789102,429.310630495486,416.6676179109013,418.7464904785156,11712737
2017-11-20,419.2979759260332,421.46172244183185,414.92810325202333,418.02520751953125,5804375
2017-11-21,420.27384430863856,432.1107526496605,419.59502292670464,427.01959228515625,10087242
2017-11-22,428.08025992602603,430.6258257331215,420.4011253940354,423.49822998046875,3621523
2017-11-23,426.80743442458146,430.2015410975089,418.7464526253503,421.1647644042969,5918577
2017-11-24,421.7163811079558,425.32261652311445,420.0193274577654,421.5466613769531,3900017
2017-11-27,420.7829508881417,424.0922123466678,416.62517705828117,422.5648498535156,3499938
2017-11-28,422.52241686616304,422.52241686616304,415.9463601754213,417.47369384765625,3346897
2017-11-29,417.47378060079666,421.9285286805031,415.7767268723445,420.6557312011719,5898170
2017-11-30,417.770681434913,423.7527911938663,416.455475799017,421.2496337890625,14879534
2017-12-01,423.32850599529377,423.32850599529377,408.86118654646964,410.81280517578125,6127500
2017-12-04,411.5340393670163,417.47371207566243,409.4127297376401,410.9400634765625,3040197
2017-12-05,412.085566892274,417.4312635644701,404.6185606486368,416.32818603515625,4264268
2017-12-06,412.8068445217559,418.3222324242958,406.4429155120807,410.2188415527344,8331495
2017-12-07,411.53404808849234,439.9595862317587,410.8552266941488,436.7351989746094,6949368
2017-12-08,437.11702610830935,450.438859427238,437.0745889986834,445.6022644042969,14197096
2017-12-11,450.3964267548102,456.50579034315956,444.9234474253405,452.00860595703125,12378453
2017-12-12,452.34800114524967,453.02682249091873,441.6990451574965,444.4991760253906,3625294
2017-12-13,448.02057273532836,452.2631921218216,436.31094667644277,438.9837951660156,7920791
2017-12-14,439.4504743408516,445.4749925266901,433.59564713367376,441.4869384765625,3350247
2017-12-15,447.8508448852067,449.59030662305537,436.77760402622823,439.4928894042969,6986672
2017-12-18,428.589372109195,451.2449571924897,420.10413338940026,446.53564453125,10462828
2017-12-19,446.95994520033355,458.3725692696205,441.40209123211844,455.3179016113281,6870721
2017-12-20,458.20283496910673,458.9240647022651,446.7053377601358,448.7842102050781,7494558
2017-12-21,448.4448231506339,451.2025458287044,442.92943525842185,444.7113342285156,5651594
2017-12-22,447.0871925413915,457.311892685026,444.15977898980736,448.48724365234375,9484716
2017-12-26,450.5661402395627,463.63340914618675,445.68713654715634,460.7060241699219,6436620
2017-12-27,462.0211940769579,464.56675977443604,450.22669466523433,453.6632385253906,6700159
2017-12-28,453.5359463803942,456.1239491322525,449.80242903260546,450.86309814453125,8699172
2017-12-29,451.24499231811933,456.8876920212805,442.9294726660488,449.4206848144531,7502053
2018-01-01,450.5660799805309,456.59059757599346,445.8143595281502,447.9356689453125,4807939
2018-01-02,452.1783661384756,452.1783661384756,434.31693832536774,438.30499267578125,5242199
2018-01-03,440.5110922952701,445.8992259380719,436.77760363572605,439.70501708984375,6333269
2018-01-04,440.38384554161456,447.34172133105227,436.56548260348103,443.7779235839844,5953924
2018-01-05,445.4749629198804,460.32412930827513,440.0019838763757,458.20281982421875,8008838
2018-01-08,453.2389256701422,453.2389256701422,436.31088753091547,438.1352233886719,12287843
2018-01-09,439.53529879511626,442.12330158556466,428.2499298314296,432.5774230957031,7541257
2018-01-10,436.9897593908847,439.1110690419665,427.91054489002613,429.69244384765625,6667296
2018-01-11,431.0501040171276,438.43226534864596,426.97720426330403,436.77764892578125,5905519
2018-01-12,437.83824402028023,438.9837586296036,428.0802374826789,432.3652648925781,4847824
2018-01-15,432.5774148621053,434.40172205451427,426.3407402721746,428.0802307128906,2834570
2018-01-16,431.05005856565924,435.84421634114835,416.96455880214637,421.9284362792969,6420450
2018-01-17,420.01931932637746,426.97722479147234,417.0070599300933,424.1770935058594,6824337
2018-01-18,425.11041883890846,431.7289130728736,418.322233622209,420.019287109375,7912892
2018-01-19,410.6855394336529,424.4740380757976,410.2612545093694,422.4800109863281,9966300
2018-01-22,420.5283502159759,422.98907036366234,414.07957628823266,416.37060546875,4532165
2018-01-23,419.1707712146934,423.2436708177533,414.7584321850838,417.5585632324219,6150836
2018-01-24,413.14625909382977,413.23110458574985,386.20561741389236,389.8966979980469,29348889
2018-01-25,393.2907708011892,393.2907708011892,377.1263975104756,384.1267395019531,20580178
2018-01-29,376.7445958146434,378.78103134620795,369.1503063056984,373.859619140625,27139736
2018-01-30,376.2850646972656,385.25236103098706,373.4240550049815,376.2850646972656,10679523
2018-01-31,377.90768089626704,380.8967987768933,372.69809527691154,375.6445007324219,7069368
2018-02-01,375.8153214554905,381.7508158723298,367.3177177361269,374.4061584472656,8096718
2018-02-02,373.89372966275647,376.19959318328233,355.105093201497,360.698974609375,6668088
2018-02-05,356.77040021528313,381.5372400979804,351.17651949230276,375.943359375,15080352
2018-02-06,358.69202660419313,382.39132023795423,357.4536844055694,375.04669189453125,9331070
2018-02-07,380.00007452029,383.8004971844443,364.75564251959315,367.4458312988281,10982569
2018-02-08,370.64844169544824,372.3565048940818,362.9621717607794,367.0615234375,6173490
2018-02-09,362.10817261213793,370.60574768479427,358.43582932302274,360.8271179199219,5393964
2018-02-12,367.06152425379054,368.08636217524975,359.84497529749297,362.44976806640625,3987231
2018-02-14,364.0723737913233,374.49154393319753,364.0723737913233,371.3316345214844,10468199
2018-02-15,375.17475823071044,375.17475823071044,364.4140038811628,366.3355712890625,4583095
2018-02-16,371.45978571285997,371.45978571285997,357.3255876526485,358.4358215332031,4403814
2018-02-19,358.5639122617248,358.69202061370004,344.3443478862939,353.86676025390625,6457099
2018-02-20,354.5072573659813,360.57085963467614,354.5072573659813,357.0693664550781,8022411
2018-02-21,358.6919971132781,360.82706869679976,356.42881718617446,358.3930969238281,4731875
2018-02-22,357.66716104819176,358.0514860808344,353.0127217457932,355.3612976074219,10769504
2018-02-23,357.83806331235667,365.6951262545031,356.21539580722333,363.43194580078125,7504250
2018-02-26,367.23226927910673,367.23226927910673,359.4179208873508,361.3821716308594,4071745
2018-02-27,363.64540535558996,369.4955038707044,362.36435069773023,367.6593322753906,5188255
2018-02-28,367.2323609127178,370.221479111201,363.7308381501802,365.9940185546875,25920217
2018-03-01,366.4209943861147,372.86892234044086,363.60269724010965,365.3107604980469,5837005
2018-03-05,364.6275108435774,364.75561919416276,356.6423409495723,359.93035888671875,3863655
2018-03-06,361.85191823319144,365.2253320226546,350.6641554976872,353.4824523925781,4204736
2018-03-07,350.7068633286542,355.5321238631225,334.1387223495472,344.3443603515625,12064643
2018-03-08,351.43281862527306,353.65328646867647,337.3413324683546,342.7217102050781,8664079
2018-03-09,345.79623865839403,348.87075274470624,339.519131035745,343.4476623535156,5093353
2018-03-12,345.8816377197069,362.53520523039884,345.02762048054024,360.01580810546875,8387164
2018-03-13,361.25412106717926,367.06153614356066,358.8201489988508,364.0724182128906,5712773
2018-03-14,363.73083398705626,363.73083398705626,357.45372632780226,360.91253662109375,4194515
2018-03-15,360.9125282977184,362.36437491720227,356.343484135081,359.0763854980469,3636202
2018-03-16,354.6354186528853,364.45676117827065,353.2689679796108,355.9164733886719,8030364
2018-03-19,356.98394061222876,360.0584541595171,338.7931338570882,341.3125305175781,6000592
2018-03-20,340.7573733728446,344.6005076233269,335.3769969895131,341.9530029296875,8280683
2018-03-21,344.17356319691237,358.820166587388,343.4903667786854,357.1548156738281,9266412
2018-03-22,353.56787558191076,358.9055406657978,351.94520827673693,354.934326171875,5382163
2018-03-23,352.414929176252,357.79530668385036,346.05242615179793,352.4576416015625,5696201
2018-03-26,351.859834806595,361.25413983476807,347.2480782302415,359.9731140136719,4884776
2018-03-27,360.40009273774785,360.74170537872175,348.6145000016965,352.8846435546875,6746611
2018-03-28,351.00578770072156,352.7565344078054,337.6829236510071,340.501220703125,11413279
2018-04-02,341.1844357064324,343.10600313492085,333.4981659924784,337.42669677734375,5533293
2018-04-03,334.1387055488561,345.0275682930644,334.1387055488561,343.4903259277344,5059176
2018-04-04,345.0275909454867,345.71081624568166,335.5905740197045,337.384033203125,4025117
2018-04-05,339.98883496484916,342.3800946599004,334.05331139889256,336.40191650390625,9747139
2018-04-06,336.6581076430388,338.6223876816736,327.17840686740647,328.75836181640625,9425575
2018-04-09,327.00754643493343,330.25285187553413,321.6698817645027,324.7870788574219,13296149
2018-04-10,325.42761689828654,330.25287747031456,319.83373509896387,329.270751953125,13281396
2018-04-11,331.363083950235,333.7543722850734,327.3918697844651,329.0572204589844,7693575
2018-04-12,327.9469961918087,329.22802186244223,323.8476446417089,324.7016906738281,4967973
2018-04-13,327.0502518738519,329.8258362864778,320.9439372477127,322.7373962402344,7738347
2018-04-16,321.96879156535067,324.7870885433029,319.83371984983313,321.6698913574219,4140008
2018-04-17,321.96879088332787,327.4772764760618,319.53481896503746,326.2816467285156,6356203
2018-04-18,327.6908014495495,334.6511339318475,326.5378551340272,328.1605224609375,6360948
2018-04-19,332.00366437358053,339.3056096576444,329.1853671658396,337.6402587890625,3848720
2018-04-20,336.1029700655026,344.7713655397036,334.30951092727923,343.31951904296875,7492919
2018-04-23,342.89252486319356,347.16266860185124,338.92128135399753,344.04547119140625,4195101
2018-04-24,343.23410080688865,348.9560904911998,338.70774083090606,346.9491271972656,6982218
2018-04-25,353.95214783802606,365.0118312502459,351.8597885873946,358.56390380859375,22192116
2018-04-26,358.6920805955002,358.6920805955002,346.26597323305606,349.46856689453125,13874130
2018-04-27,346.9491566931491,351.646308918923,342.46550875778627,349.084228515625,5013031
2018-04-30,347.58967179282126,352.9273658424142,345.1983832391752,349.7674560546875,3633132
2018-05-02,352.6284254717506,352.6284254717506,346.735643585845,348.8280029296875,6754394
2018-05-03,346.9918400502521,348.4436865754391,340.7574453688668,345.36920166015625,4124205
2018-05-04,350.8776545144196,357.2828693762366,336.48727005643565,338.8358459472656,15994662
2018-05-07,342.8925281405215,345.4973210513048,337.7683382541363,340.116943359375,6553080
2018-05-08,342.8497835944388,344.1308381756132,338.87856933768876,342.59356689453125,3955811
2018-05-09,344.344339730639,349.72471687598426,339.22015036481264,343.7038269042969,9019801
2018-05-10,345.7534795818703,353.3116409503594,344.9421748887896,351.9451904296875,9023511
2018-05-11,341.7395691027479,343.9173533383341,325.81194091594267,330.16748046875,25555353
2018-05-14,329.65507024372016,336.487294134888,323.07903414413636,327.2210693359375,9823967
2018-05-15,327.0929881859603,331.49124045352175,323.12177344328563,326.1962585449219,7078344
2018-05-16,327.0503041631569,327.0503041631569,319.4067460123245,320.5596923828125,6766242
2018-05-17,322.1822751758122,323.63412153575337,312.10474657895884,313.94091796875,9999816
2018-05-18,314.32523078797504,314.32523078797504,303.2228637730784,308.6032409667969,12433574
2018-05-21,308.603263700217,315.350091900783,303.35099446968024,307.4503173828125,5482372
2018-05-22,304.8454955525268,316.93001668719376,300.2764520614262,309.0302429199219,7236788
2018-05-23,308.98761228519965,312.40371015296364,302.53968382076374,304.71746826171875,6604278
2018-05-24,306.5962795747341,319.3213138805835,304.80282049875535,317.6132507324219,4997302
2018-05-25,317.9548720311883,324.5308791829527,313.4285117947384,321.92608642578125,4145304
2018-05-28,322.48124510856377,325.2141465740292,316.6738584128179,320.3888854980469,6609989
2018-05-29,321.0721216362066,325.9827788181425,317.05819416291524,323.8050231933594,3858054
2018-05-30,323.5914749805264,323.5914749805264,318.55268118841946,320.9439697265625,3737750
2018-05-31,321.2001656784413,327.26376810512073,317.0581306594689,319.0650939941406,11979616
2018-06-01,319.87641658769616,329.5696203012416,318.1683535153658,327.6907653808594,4548210
2018-06-04,327.9469978065667,330.29557379932237,316.0760094914213,317.9548645019531,3958335
2018-06-05,317.18625283751965,317.91216162591326,305.35794767203885,311.1226501464844,5535807
2018-06-06,309.24371354513084,326.15349302572383,309.24371354513084,324.31732177734375,5566018
2018-06-07,324.27468541665417,329.86856697274783,320.26072975341253,324.4881896972656,4036551
2018-06-08,324.1038577846349,327.47727161631263,317.91214702279825,322.4385070800781,4298662
2018-06-11,322.6093091408258,334.60843491452096,322.6093091408258,332.04632568359375,6040503
2018-06-12,333.0284852204092,335.974861720175,324.14658545980836,325.08599853515625,6132581
2018-06-13,319.4067532363239,327.0075991311323,318.8089238235929,320.8158874511719,7432828
2018-06-14,318.97972859930564,327.94702474802824,318.97972859930564,321.54180908203125,5218952
2018-06-15,323.42064257710575,324.7443806973449,316.1614102093715,323.0363464355469,6339567
2018-06-18,322.78010441408617,325.2994721036691,314.32521402415244,316.7591857910156,3120256
2018-06-19,316.844650027856,321.0293688634198,315.3073786359514,317.01544189453125,3962117
2018-06-20,318.1256552176886,321.54178151401175,316.3749085648002,317.6132507324219,2785850
2018-06-21,320.21803414479746,320.26071764828805,310.69559321396054,314.8803405761719,4261882
2018-06-22,316.8019206254827,321.5417850696587,312.83067737688793,319.8764343261719,3404583
2018-06-25,317.69864904379546,322.780126103314,317.5278571868797,319.5348205566406,3337617
2018-06-26,319.4067093807976,326.87944588125055,318.72348412244764,324.7016906738281,4792013
2018-06-27,325.5984649162843,325.85465273456816,318.638131944737,320.8158874511719,3786049
2018-06-28,319.1505506552292,325.7265877318394,314.75229810001457,322.7801818847656,6498784
2018-06-29,320.51698045780097,327.34920491721897,320.51698045780097,326.1962585449219,3820380
2018-07-02,325.47036829129,325.72658503718606,312.1902147922939,314.3252868652344,4872211
2018-07-03,319.9191231512899,319.9191231512899,312.65989071857075,316.6311340332031,3092637
2018-07-04,316.71654715889247,317.6132767703958,309.75621456309324,313.7701416015625,4355428
2018-07-05,311.72045448784576,313.21501342626175,307.15141065920426,310.35400390625,7104382
2018-07-06,309.1584134088885,312.0621068047346,307.36495402213836,309.3719177246094,8008826
2018-07-09,312.5745358296926,312.9161485136372,308.8167963063019,309.2438049316406,5248262
2018-07-10,309.5853347153248,315.8197572982782,309.5853347153248,314.1116943359375,1879352
2018-07-11,315.05116626583316,315.05116626583316,308.2189137643452,309.1583557128906,2085140
2018-07-12,311.7204404205083,311.7204404205083,307.74922613011944,309.2864685058594,2299214
2018-07-13,310.86644500701277,311.5923538224259,305.18713825186205,306.5535888671875,5311215
2018-07-16,304.03426436225254,307.2368581467081,294.46913760437536,296.6896057128906,3618410
2018-07-17,296.3479384127868,299.50784810122013,290.3697316757066,292.5475158691406,5420158
2018-07-18,293.87123494411065,294.7252809473675,282.68347232385565,287.6368408203125,5322210
2018-07-19,289.5157315977064,296.7749644730271,288.32010174717306,294.639892578125,5027938
2018-07-20,292.93188960432855,296.9458170999653,290.6687091045084,294.9815368652344,4212334
2018-07-23,295.0669248336349,307.45031846869915,294.63988732757144,306.5535888671875,4145242
2018-07-24,308.64599960658643,312.95882714091414,303.3937010581128,304.71746826171875,4350541
2018-07-25,303.2655865697203,303.8633869994512,293.35884895287074,300.8742980957031,5175174
2018-07-26,301.5147981334205,307.4502921827052,300.91696881073665,305.4433288574219,3816677
2018-07-27,307.3648820918525,319.3212944843635,300.31915456681674,311.4642333984375,9016962
2018-07-30,306.5962835487339,332.13174841923205,303.43637391326814,327.3064880371094,7476176
2018-07-31,326.2389604783918,335.2489690269386,323.4206632803068,333.5836181640625,8096298
2018-08-01,333.07120662132326,340.75747747035564,326.79409892318523,328.3740539550781,9444961
2018-08-02,329.5774787582995,330.73797052530625,317.37090654901516,320.637451171875,6186750
2018-08-03,322.18477340264104,323.98996982619923,318.40244183976534,321.9268798828125,3647704
2018-08-06,322.22773568207367,333.2738448755288,322.09881803000775,331.59759521484375,4039536
2018-08-07,331.59759185965686,332.50019006071,326.01006393962194,328.2880554199219,2430919
2018-08-08,326.7407261990552,333.445753938459,320.9812886240611,331.21075439453125,3321970
2018-08-09,332.07039178893467,332.07039178893467,313.3307292118636,315.52276611328125,12249927
2018-08-10,316.51132530365754,322.18480871600815,313.84652233208703,317.88671875,4489796
2018-08-13,317.1131139741777,323.00149984235543,312.0413426160111,318.1876220703125,4235777
2018-08-14,318.18756166304735,320.3795985136881,312.90091879694046,315.4797668457031,3215464
2018-08-16,315.09296244302817,321.49713499735356,313.9324996088115,319.77789306640625,3012465
2018-08-17,319.82083486239566,322.3566908435914,314.74909379238267,319.2620849609375,3362891
2018-08-20,320.1216668473629,321.36811331835867,315.73762277588037,318.5313720703125,2837782
2018-08-21,312.9009360392172,318.40248078691275,312.1272844927189,316.5543212890625,3451323
2018-08-23,320.035715591595,323.8610098465497,316.4253228918518,317.9726257324219,4746745
2018-08-24,318.0586041011935,318.7463007718764,313.7605144632366,317.156005859375,2318341
2018-08-27,318.05861331729216,329.92133756887426,315.8236136266222,325.92413330078125,6589318
2018-08-28,328.67484682679367,331.5545799705332,322.7005080984237,323.90399169921875,4072000
2018-08-29,324.93555482897244,328.76087862956086,320.4225634375386,322.270751953125,4481303
2018-08-30,324.33385441312424,330.952899003691,322.9154690031017,329.31964111328125,7796683
2018-08-31,326.5258415458116,331.8125134200058,323.2163340142272,329.9643249511719,8709625
2018-09-03,332.6720815749116,332.88698312465425,327.0415911133691,329.9212951660156,4176986
2018-09-04,328.63191099548504,329.620464021412,322.9584281471395,325.2364196777344,3202349
2018-09-05,322.3566872517684,324.8066175071297,314.83504509052653,319.8208312988281,6639329
2018-09-06,321.45406160789526,322.09879536095264,316.4253129797594,320.03570556640625,2611929
2018-09-07,321.41112321813,336.36845259761014,317.0270497942412,334.9071044921875,5463110
2018-09-10,334.64929103189763,341.69813911140693,328.5460041600891,333.8756103515625,5613805
2018-09-11,333.96153106594613,337.31403028235127,324.462754178512,325.5372619628906,5815679
2018-09-12,327.42841644593005,328.5029533488172,319.60591819504975,323.8180236816406,4065958
2018-09-14,324.93551337331945,333.703630606332,320.6374241100594,329.7493896484375,3596796
2018-09-17,326.78370544117575,336.1105726400716,324.16186572082336,328.4169921875,3424364
2018-09-18,326.8267560477192,330.78099776108155,320.25067414348746,321.2392272949219,2955053
2018-09-19,321.9269184039838,326.99865995763577,309.7203451064277,318.10162353515625,2182182
2018-09-21,313.6745557924514,326.52583259074396,307.0984746523146,318.4884033203125,6106651
2018-09-24,318.40249679533053,320.55154191370696,301.2961197748498,306.1959228515625,7884016
2018-09-25,308.7747425665276,312.60006639110446,295.7085634289385,309.8922424316406,6854558
2018-09-26,312.0412736896344,313.76051537131735,307.01252451678636,310.5799255371094,4398347
2018-09-27,310.75186606661384,312.4281158006466,304.8634814648629,306.711669921875,4483893
2018-09-28,306.71166820835737,308.60281950483244,288.1009242997468,291.02362060546875,12408231
2018-10-01,291.41048074447696,292.27008709024466,276.53907556627894,280.8801574707031,10867591
2018-10-03,280.2354578049798,281.3529577178392,271.94013416552406,273.7453308105469,7389608
2018-10-04,271.0805019658091,272.88569843876775,259.73353607428544,266.6104736328125,8969681
2018-10-05,265.19207738083253,271.55325603206325,250.922417366089,256.6818542480469,7954131
2018-10-08,256.8538515468536,256.8538515468536,250.14882308443583,253.75921630859375,10015308
2018-10-09,254.66178271957452,255.22053259582682,246.71030858719124,248.42955017089844,9499251
2018-10-10,248.42956835382108,261.1519278968024,244.3034173585449,253.67324829101562,11334821
2018-10-11,248.3865675290045,253.4153457114456,242.62714439216552,245.29196166992188,5194191
2018-10-12,247.56993370330017,251.524174628628,244.69020053112823,249.33213806152344,9995231
2018-10-15,249.3321430372266,251.86802795747127,244.17444750391272,250.2347412109375,2892892
2018-10-16,251.35229810002775,254.36097876835305,248.60154010692818,252.72769165039062,3341220
2018-10-17,254.87670901272165,256.467003993523,244.69023438681754,247.99977111816406,4302545
2018-10-19,246.71030717061342,252.03994149569368,244.64721728201076,246.96820068359375,4139025
2018-10-22,248.81642381984506,249.2891898496157,237.98522949716894,245.63583374023438,7247010
2018-10-23,243.3148395539139,249.8049512666382,243.27184759761633,245.76475524902344,7364748
2018-10-24,249.28914943017818,282.59935594377976,246.40944532725254,271.5102844238281,13531404
2018-10-25,263.90266875039623,266.8253649170339,251.1373471683233,254.06004333496094,16981629
2018-10-26,255.39244981750835,263.04306781628134,246.71031594536603,256.1231384277344,8719999
2018-10-29,257.1116881105958,260.9369825064512,249.28916060381087,252.8135986328125,6271130
2018-10-30,253.11451071867614,255.47845726923023,248.7304368686225,251.5242156982422,5334354
2018-10-31,251.78204635609086,253.58724272005082,239.7474136322309,251.3092803955078,8163543
2018-11-01,251.86806365054065,256.16615357327214,247.01122378431148,252.29786682128906,5268238
2018-11-02,252.64169863889467,264.59037736306055,252.29785030328304,259.6475830078125,4910534
2018-11-05,260.7310625589762,264.7183054407481,258.3040655704542,262.8113708496094,4841471
2018-11-06,263.50478585669725,266.9286153045462,262.5513039621654,264.4149169921875,2943744
2018-11-07,267.83875357427416,267.83875357427416,263.4614421152979,265.455078125,307017
2018-11-09,251.19635203577295,262.98473594653103,250.24287009611817,259.8209228515625,9425801
2018-11-12,260.90442127395045,264.3715722086602,254.83687045002284,256.7438049316406,6792319
2018-11-13,256.5705103676949,263.5048429329332,251.62978484033133,257.9140319824219,4317488
2018-11-14,260.03757327109827,270.26573893258615,258.3040127340559,261.1644287109375,5418605
2018-11-15,261.1644588419836,265.8451080526663,258.3040425350903,263.85150146484375,4493893
2018-11-16,262.5513078695991,291.9355798463027,261.7711996490757,288.425048828125,25046229
2018-11-19,285.5213218959908,293.7558533099891,276.50668223181736,291.9789123535156,13062401
2018-11-20,288.72849293494,294.2326314941604,284.5678759404119,287.731689453125,11910774
2018-11-21,286.9081696642115,294.2325692719887,286.17138288745014,288.3817138671875,9406787
2018-11-22,287.6882971483286,294.5359562835396,278.58698547508595,284.17779541015625,9903933
2018-11-26,284.3511599490925,293.75586891317016,284.3511599490925,289.9853210449219,6623860
2018-11-27,289.42188044812616,291.15544122054376,280.9273035208683,284.43780517578125,7734474
2018-11-28,287.7749483721996,288.4683843873581,269.5723263506551,272.2593688964844,10180878
2018-11-29,278.2402171742204,279.1069974243906,270.43907752051405,274.9464111328125,9217365
2018-11-30,276.5067007075005,281.10070769394486,269.3123229298702,271.7393493652344,6595578
2018-12-03,274.339733270505,278.24030431901605,272.6061428766609,277.15679931640625,3368628
2018-12-04,278.2402666171739,280.4072469782128,268.9222305193226,276.1166076660156,7156660
2018-12-05,277.1134472182882,278.11025057792386,268.8789157721814,271.132568359375,5027352
2018-12-06,269.572342070963,269.572342070963,261.77120112077375,263.5047912597656,6566491
2018-12-07,264.37155688455664,266.7985829435566,259.12746535116634,263.46142578125,5298884
2018-12-10,258.69406933014835,261.46781333487274,252.10645666947403,255.66030883789062,5748768
2018-12-11,249.63614045304539,255.1835998051398,244.43536979431647,251.58642578125,9994368
2018-12-12,254.83685500907023,269.57232630275024,252.6698747997216,264.8482971191406,10299827
2018-12-13,267.4053488852396,271.17589624990535,261.3811491234534,262.72467041015625,7666679
2018-12-14,264.5449647468426,288.9885141231276,264.5449647468426,276.723388671875,22730782
2018-12-17,276.72339261993693,280.14722243796757,271.13258227594446,273.212890625,6809035
2018-12-18,272.34605993235806,277.980220608291,270.09240740220434,275.4665222167969,6272518
2018-12-19,276.9400921602177,280.84066303935134,275.68324284807693,279.7138366699219,5789644
2018-12-20,274.7730960962004,278.71701751722816,272.1727254403485,274.383056640625,5987582
2018-12-21,277.3734369258026,281.4907022508968,264.891647379673,266.88525390625,12363968
2018-12-24,268.53217890482375,270.6991591676313,263.72147743829254,267.9254150390625,5225655
2018-12-26,267.14534217734627,279.97388111833203,262.29131866082946,277.7635498046875,8367166
2018-12-27,280.1472226351236,280.58061287051083,272.17273664201616,274.5130615234375,8764732
2018-12-28,274.6864239228003,278.24027653770287,272.60611565789884,274.383056640625,5184819
2018-12-31,276.5066890108677,278.1536070742642,269.65902958509815,270.8725280761719,4210832
2019-01-01,273.86295198627346,279.10704381268926,271.56594872090227,276.9400634765625,6117146
2019-01-02,274.68640829973793,278.2402607125116,267.9254214986209,271.0025329589844,6218991
2019-01-03,270.8725395344715,273.4729396762088,266.92864725873716,271.7393493652344,6230813
2019-01-04,270.8291798505996,281.4473859855155,270.8291798505996,279.4971008300781,11361086
2019-01-07,281.18738252631886,284.2211435862499,279.1937463122402,281.66412353515625,5511088
2019-01-08,280.6239454060265,287.55827677344695,280.1905551987907,285.39129638671875,7194973
2019-01-09,288.81512927453826,292.88904422983785,283.70106019969523,289.94195556640625,8018192
2019-01-10,291.71890270508334,293.5391651151963,288.1216992966624,292.3689880371094,5748158
2019-01-11,292.2390090831555,292.3690320392394,285.17465349017914,290.46209716796875,5922578
2019-01-14,289.59526430318147,290.20202826665525,284.43784399003493,287.42828369140625,3674704
2019-01-15,286.0413667722629,294.14587475677536,283.0076061293612,292.7590026855469,5706902
2019-01-16,291.89223620103616,299.25995774172105,287.25490817400646,289.4652099609375,7705383
2019-01-17,288.64178787929336,291.8922438543496,286.21476157555884,287.8183288574219,4569576
2019-01-18,286.4747914402016,288.16503080084004,263.76483424330934,269.7023620605469,16359865
2019-01-21,269.31228879346395,273.4729050124278,265.2383740919725,269.8757019042969,8621248
2019-01-22,270.4390902832509,270.5257624422495,261.38113057954604,264.2415466308594,8770625
2019-01-23,265.93182308654673,266.4518854639845,262.03125252884155,263.2447509765625,5617992
2019-01-24,265.84511656461916,266.7985984809618,255.27026071752599,261.46783447265625,10389592
2019-01-25,263.50475289496757,270.4390830907875,261.7711630083765,266.53851318359375,6040052
2019-01-28,266.971994599558,268.1421423627284,255.44365586759642,264.5016174316406,4546062
2019-01-29,264.3715725004618,268.4021659177047,261.51115609960374,266.8419494628906,3210022
2019-01-30,267.8387576045507,271.219236434269,260.12431801083756,263.2447509765625,6553462
2019-01-31,263.9381954682831,269.0956153991147,262.76801839352504,265.5851135253906,9493241
2019-02-01,264.4582560480446,278.15357323337565,264.3715545337983,270.30908203125,9243929
2019-02-04,268.70559005622806,269.3557048421166,261.94463108742445,265.7151794433594,3895812
2019-02-05,256.050347551144,270.135733267631,253.84004598509202,267.1452941894531,14678663
2019-02-06,266.10514485106046,269.1389347387833,260.9044041157449,267.6220397949219,5202682
2019-02-07,267.4920309886055,272.5194276616109,264.5449424597157,269.7023620605469,3852519
2019-02-08,267.83876843938526,272.3460737280096,265.3250699205601,271.52264404296875,3413931
2019-02-11,273.03951535329566,273.42958417296103,269.57236414198996,270.6125183105469,3303611
2019-02-12,270.1791019738012,273.55961039986823,268.4021902585931,269.7890625,2226134
2019-02-14,267.83878487024634,268.6188931910918,257.00388185727803,260.7310791015625,8573394
2019-02-15,260.9044387114346,265.2817210947606,257.74065483377854,264.0248718261719,6727458
2019-02-18,266.01850305854333,266.23519816804264,260.0809748767227,262.2479553222656,4440252
2019-02-19,263.41812466940775,271.73932816225584,261.381167219407,263.2447509765625,7593977
2019-02-20,264.8483058723326,269.4423122861359,264.3282435191415,267.8387451171875,6216966
2019-02-21,265.1517450880488,269.5723785274047,262.6380463842,268.618896484375,5805770
2019-02-22,268.0121006220189,274.33969739443654,267.0152972823702,272.0426940917969,6199607
2019-02-25,272.17271099620206,277.37345203190375,270.0924028417021,274.9897766113281,4154758
2019-02-26,273.64622998936693,277.8068459140214,271.65262353837915,273.4295349121094,5562215
2019-02-27,276.4633249115001,281.9241118837209,272.4760822325508,277.50347900390625,4527145
2019-02-28,281.62075570633544,283.39769669064583,273.8629651432883,275.6832275390625,7687680
2019-03-01,275.46649198878106,275.46649198878106,261.8578474298273,266.6685485839844,29577827
2019-03-05,266.97197239254984,268.01209712872696,263.1580740745563,266.8419494628906,11396759
2019-03-06,269.5289766001996,271.52261248886515,267.23197346022386,268.1854553222656,7093395
2019-03-07,268.70550578968067,270.6124694295202,266.1051355132715,266.6685485839844,6466583
2019-03-08,268.48880536254126,270.4390903686226,266.6685432702713,267.57867431640625,4441514
2019-03-11,267.8820961708549,292.1955908826153,267.57869955982414,289.3351745605469,17059011
2019-03-12,288.46840686495,306.8444039974237,285.4779674853808,304.9374694824219,30070085
2019-03-13,302.07703840765805,309.05472017193426,291.6755272239918,292.7590026855469,13993813
2019-03-14,292.1089029651442,299.86669254826177,289.9852735551716,296.7895812988281,6931287
2019-03-15,298.1764853262271,298.913242812675,287.0815374639224,292.7156982421875,11536718
2019-03-18,292.9757138019348,297.8730872366033,285.4346192705592,286.6047668457031,5844953
2019-03-19,287.77497669290085,294.23259655075776,287.77497669290085,291.8922424316406,5639437
2019-03-20,292.2389690919136,294.62264469244803,288.07835246880217,289.5085754394531,3309504
2019-03-22,291.2421687545172,301.12358931224753,285.43466333674354,287.38494873046875,9113700
2019-03-25,288.5550785095291,290.2886686793449,280.1472028741089,283.4410095214844,5253505
2019-03-26,284.7845457904423,287.25492291808257,282.7909390038032,284.13446044921875,4247229
2019-03-27,286.90818659112244,288.6417767411798,277.7201734710925,279.5404357910156,5951916
2019-03-28,279.62712894586684,288.64176810592716,275.42316195129143,285.998046875,13616927
2019-04-01,289.42189102392217,298.99994378393376,288.81512712107536,295.4027404785156,7080411
2019-04-02,297.3097160059459,311.1783793386614,297.3097160059459,308.9680480957031,22251488
2019-04-03,308.57799837296847,314.6455200352041,301.2102473751049,303.3772277832031,12250809
2019-04-04,305.1108070175175,311.611748008241,305.1108070175175,309.27142333984375,12168154
2019-04-05,310.8316579301881,311.82846130914476,306.4543462543678,309.14141845703125,3728070
2019-04-08,310.65825655009627,315.3389350936001,305.587538582453,307.6678466796875,5656181
2019-04-09,310.7882682354996,312.91192701441406,296.00947569910994,304.7640686035156,10073980
2019-04-10,304.0706782214747,307.1911407226967,292.9757591404534,294.7093200683594,4759411
2019-04-11,296.1828163500387,304.4606975784019,292.2389247889998,300.2134094238281,18189273
2019-04-12,300.77687853904223,303.68064599350987,293.8425466104324,296.3995666503906,8349759
2019-04-15,298.95661007533334,302.51046282234984,290.2020158232762,301.3836364746094,10210051
2019-04-16,301.6436464164136,304.3306890254148,295.35940072538966,302.2937316894531,9519380
2019-04-18,302.9438529565594,303.7673120105766,288.3384025032132,300.7335510253906,16138821
2019-04-22,298.1764986882245,310.7883128497839,291.76222937487927,302.857177734375,15339393
2019-04-23,306.8112504424391,307.18884526998096,296.61566178890536,298.7869567871094,11627154
2019-04-24,298.7869244238668,308.0384516300871,297.93728479046393,306.33917236328125,7161510
2019-04-25,304.73437338460576,314.26910496423875,303.03509394924055,310.1153564453125,11517967
2019-04-26,311.5313876587253,316.9123998037101,304.26231343502934,307.23602294921875,5000316
2019-04-30,305.8671576111324,308.5104678767953,296.4740139929793,302.3742370605469,6139942
2019-05-02,304.82876521222994,310.9649966314768,303.60153066860056,306.0559997558594,7925814
2019-05-03,306.29199142160616,315.1659242681704,306.29199142160616,312.9002380371094,9901409
2019-05-06,312.9002374881579,317.5731969874303,308.22727798888553,314.7882995605469,14870120
2019-05-07,320.9717275480771,321.77417154222155,303.4598989291197,306.7640075683594,17735230
2019-05-08,306.6696008209588,309.1240990115967,302.1854242563845,306.33917236328125,4864438
2019-05-09,303.271119431432,307.94407945048187,295.1052089692805,297.79571533203125,7998137
2019-05-10,301.0526120030889,310.02096604999923,297.55969110355795,305.96160888671875,7855974
2019-05-13,303.5071262270241,309.0297259953659,297.0404953205608,300.8166198730469,6620278
2019-05-14,298.314907359252,320.6885378851795,297.55968836508623,317.76202392578125,10954653
2019-05-15,317.1956335142241,319.08369577310606,310.30418278886384,312.7114562988281,7782551
2019-05-16,313.4194965418576,314.64676055673175,303.0823198965564,307.00006103515625,4591691
2019-05-17,305.58396895963375,312.19221559279197,304.12072671716555,310.0681457519531,4117918
2019-05-20,313.46665863569126,322.8125771844956,312.4754026149492,321.0661315917969,7858379
2019-05-21,320.9717273583299,321.06614807258137,310.16253673854914,312.14501953125,4316609
2019-05-22,312.47541742144557,319.0364683388193,310.256956228243,316.3931579589844,6791987
2019-05-23,318.65879804640406,329.4679870584801,315.49627692504987,319.8388366699219,5449864
2019-05-24,321.0189348212889,336.0762642934896,320.97170979147353,333.4329833984375,9756740
2019-05-27,330.1288755613242,332.205749792604,326.96635385557676,329.9400634765625,4004333
2019-05-28,329.2320409266334,332.0169678197935,322.5765983644549,326.2583312988281,8643505
2019-05-29,324.55902051453717,325.83347983826286,318.9420014459395,319.8388366699219,4581547
2019-05-30,320.9717100865797,329.98725885702856,320.5468902716788,327.2967529296875,14152211
2019-05-31,329.4680490922944,332.6777664928214,325.1727135640521,329.2792663574219,11028688
2019-06-03,331.8282007417605,335.8403333564936,329.3265063123526,333.00823974609375,5214139
2019-06-04,331.35613900207983,336.0290986786885,330.17607081150544,332.6777648925781,6749428
2019-06-06,333.05535866258225,336.02906800824496,328.9960019429673,333.9993896484375,10510811
2019-06-07,333.9994200761804,341.69331440258895,332.11135793246524,337.11474609375,5879853
2019-06-10,334.94346480471336,344.2422182025285,333.8578466381428,343.109375,5992522
2019-06-11,342.68452447009105,346.41345289244936,338.20037709713375,342.9205322265625,5668149
2019-06-12,342.11813314558674,342.11813314558674,337.11474500052736,339.7580261230469,2868026
2019-06-13,337.0675638217796,344.52542132641344,337.0675638217796,343.392578125,3839377
2019-06-14,342.2597215568004,342.6373457260405,331.9697417752277,333.52740478515625,5170880
2019-06-17,335.69870175557327,335.69870175557327,322.95422349823343,324.7478942871094,7087101
2019-06-18,326.069564909593,327.9104314690597,322.1045989733948,325.83355712890625,4977568
2019-06-19,327.10797244095124,328.524019060295,315.59075804962885,322.01019287109375,4008250
2019-06-20,320.2637019702326,330.4120942761758,320.2165062886918,329.0432434082031,3563847
2019-06-21,328.05200288901744,330.31768921582596,323.52063023540046,324.55908203125,9764198
2019-06-24,325.8335409522023,329.0432583504089,324.27587793678305,325.78631591796875,3310679
2019-06-25,326.1167444717159,332.30017150042715,325.2671047630312,329.0904541015625,2848907
2019-06-26,330.4121248290546,332.30018706965984,323.37905776213904,326.2111511230469,4732848
2019-06-27,327.8160094879298,331.2145391271019,321.8213942711704,329.1376647949219,13137225
2019-06-28,328.90162706191757,330.4120943252854,323.33183222611734,327.24957275390625,8737050
2019-07-01,327.57998610361426,330.27049227528,325.83354035665104,328.99603271484375,3469130
2019-07-02,329.4680473703425,334.66024761484033,327.91041371248764,333.81060791015625,3816212
2019-07-03,333.1497506217328,336.5482797872684,330.17604127070746,333.4329833984375,8473243
2019-07-04,333.5746138349576,344.57261736163167,333.24421468654555,342.44854736328125,8565250
2019-07-05,342.4485312474099,350.37843329216884,340.32446134901977,344.3837890625,6878479
2019-07-08,341.74051006950714,344.0061963820753,334.61305199688826,336.45391845703125,3543845
2019-07-09,336.0762629621348,342.9205169453613,334.28259235266216,342.023681640625,3931858
2019-07-10,342.590134128132,344.4781961855271,333.85781776213145,338.48358154296875,5299464
2019-07-11,338.20040805906643,342.11814891537705,336.35951216939935,340.56048583984375,3513505
2019-07-12,340.6076672439652,340.6076672439652,334.32984887010076,336.17071533203125,4750306
2019-07-15,337.586762495501,339.28601255909285,329.60966469718585,330.978515625,3524295
2019-07-16,331.3561249454932,335.0850533918956,330.08166544200094,331.1201171875,3651688
2019-07-17,330.93130516071926,333.62181121257504,325.5030973755116,326.8719482421875,4765414
2019-07-18,328.5239880748361,331.5448931146228,319.65008502369005,323.3318176269531,3711155
2019-07-19,324.27586368178214,326.63594126773046,317.28999293660746,320.9245300292969,2517348
2019-07-22,320.0276946679174,324.2758636730584,316.8179774108947,323.3790283203125,3120156
2019-07-23,323.7566378349583,328.99603379413514,318.51727122633116,324.3702697753906,3682410
2019-07-24,324.7478642380784,325.4558874812448,316.9595792127011,319.93328857421875,4840787
2019-07-25,316.25155548558376,324.228652567041,315.8267356702246,320.0276794433594,7600173
2019-07-26,319.08367948959545,319.9333192029539,309.8321514127576,316.15716552734375,5089100
2019-07-29,315.9683375735493,317.6203917293391,309.73768636798366,315.82672119140625,5072884
2019-07-30,318.1396914668762,328.80729695996604,316.39321611982956,326.3999938964844,12960949
2019-07-31,323.99270671682086,333.95225903861285,314.08032073285574,318.7060852050781,11065547
2019-08-01,316.2515571108353,319.791673339443,303.1766808789689,305.77276611328125,9957404
2019-08-02,313.4194773050116,335.08508548562827,308.88813378764917,324.3230895996094,28586783
2019-08-05,321.0661585503019,341.4100809404876,320.07490244632845,337.68115234375,15513355
2019-08-06,334.28260727466596,354.39055030911425,334.28260727466596,347.82952880859375,17339262
2019-08-07,347.4047549110765,352.07771497754453,342.2125542312383,345.611083984375,12759435
2019-08-08,345.5166168423571,357.55307109892334,344.95020996820125,351.32244873046875,16351434
2019-08-09,351.1808325994961,352.8328868926599,343.77017144554696,350.37841796875,7844936
2019-08-13,340.985338415939,344.57265111668573,326.77761598194155,331.96978759765625,14292351
2019-08-14,335.1322626709747,343.4869846037943,327.86318820919195,340.98529052734375,7813907
2019-08-16,339.85243160718704,344.5725867395985,335.1322471242276,341.315673828125,5827109
2019-08-19,343.109329537913,345.7526104265436,339.6636047014798,340.79644775390625,4606667
2019-08-20,340.3244480534414,342.0708937170024,337.3979342529944,338.0115661621094,5364922
2019-08-21,337.96435690091295,340.04126048244166,333.3858179364889,335.0378723144531,4122882
2019-08-22,335.13230995389364,337.20918447163086,331.3561851400272,333.00823974609375,3171984
2019-08-23,334.1882321444631,338.86119182004154,330.8841233931217,336.45391845703125,4676421
2019-08-26,337.91717458475506,342.3541560246088,327.48560733365866,340.466064453125,5024254
2019-08-27,342.21252749080503,347.59351049988845,325.4559171727271,328.8072509765625,32805677
2019-08-28,329.9400644056921,329.9400644056921,321.4437553718852,326.4471435546875,5628194
2019-08-29,323.1902618409322,330.17610422097476,322.05741856976954,324.2759094238281,6040518
2019-08-30,325.69192425149544,330.034484806878,319.7917006821241,327.39117431640625,4855098
2019-09-03,326.1639885017804,326.5888084190926,316.7236469911955,317.9980773925781,4305439
2019-09-04,317.1956456757929,327.9104463666454,316.34600588649954,326.352783203125,5241168
2019-09-05,325.6918941543082,329.7984465614514,321.8685451733877,328.24078369140625,3325608
2019-09-06,330.6009064763455,334.1882482020399,325.78633016843753,329.7040710449219,6392799
2019-09-09,331.30892867327424,337.39796457872575,329.98730272411524,336.5011291503906,3782198
2019-09-11,341.5044718609178,341.69328392855994,331.54489211007973,335.2266540527344,4900745
2019-09-12,338.3419657699674,338.3419657699674,327.3439631746705,328.09918212890625,5639186
2019-09-13,328.14637746376803,330.12883070804423,321.82133491163125,323.85101318359375,5012583
2019-09-16,323.8038632088693,326.0695495368653,319.46130263863535,324.7478942871094,5104088
2019-09-17,329.2792834727843,329.2792834727843,313.93871898019444,320.8301696777344,8486044
2019-09-18,322.48224006556194,324.8895136846332,315.8739925094125,316.8180236816406,7631530
2019-09-19,319.4613336213571,323.37907471623237,315.96841242300064,318.7060852050781,11891538
2019-09-20,320.68853498656495,344.66702400245345,316.29877876242017,336.45391845703125,15819981
2019-09-23,336.0763265004807,341.97655061538137,325.69195436467527,328.5240478515625,5854791
2019-09-24,328.5240328272718,332.30018665431334,326.06956365777324,329.1376647949219,4811334
2019-09-25,329.51525916792485,331.3089005216369,319.0836634144889,322.5293884277344,4697149
2019-09-26,321.9630116148708,327.6271983460667,321.39657533142065,324.79510498046875,4958745
2019-09-27,324.74789338642114,335.0378732014678,320.26371642666817,329.5624694824219,3416220
2019-09-30,333.24418479316256,353.9185346971866,324.983883967788,346.50787353515625,19984719
2019-10-01,349.2928043868982,349.90643635259346,327.43841360750696,331.3089294433594,7344343
2019-10-03,331.30888528322726,335.6986704788205,322.19897448675346,325.5975036621094,5037665
2019-10-04,328.8072203593581,329.1848151446734,315.543532131399,320.49969482421875,4794009
2019-10-07,319.08366390336494,327.3439648114947,318.23402423150867,322.43499755859375,3566103
2019-10-09,323.898251482857,340.6548616626713,320.0277064887114,339.2860107421875,8848384
2019-10-10,342.5901317953389,363.45329369891687,341.7404921350773,356.13702392578125,48555442
2019-10-11,353.9657430516736,363.7837071611835,351.7472818020815,361.4708251953125,11113337
2019-10-14,362.9340808714619,374.7817239366667,358.96914440504105,371.5248107910156,10930620
2019-10-15,368.173478612369,370.01434512491437,360.19638060782245,362.1788635253906,8746356
2019-10-16,359.77159025319054,365.15257338818685,356.23144428100454,363.6893310546875,9079900
2019-10-17,363.45332261214446,365.8134003555655,357.8363023621422,364.2557373046875,4877679
2019-10-18,363.40611415365174,364.77496517738626,359.2051697086257,362.03729248046875,4053714
2019-10-22,360.4323751410602,374.3096963531168,346.64947464573345,353.163330078125,11570680
2019-10-23,352.5968799026328,356.8450488734039,335.1322472072861,340.1828308105469,13588127
2019-10-24,334.14101969523523,355.2873850841059,307.28324312803727,351.5112609863281,74062675
2019-10-25,349.1983488003048,357.2226711872224,342.3068988602784,354.154541015625,28275934
2019-10-27,351.18081710717905,354.48495489829276,345.1390070756378,352.2192687988281,2033141
2019-10-29,342.6845400466447,345.1862341191744,333.3385913747932,339.7580261230469,36912144
2019-10-30,343.9118183651533,350.56726172821567,340.4660927849941,347.3575439453125,17185921
2019-10-31,346.17747333417566,355.7122344331611,343.39257571085676,353.304931640625,13034332
2019-11-01,343.0149810513721,355.3346104292783,343.0149810513721,352.1720886230469,13938891
2019-11-04,357.0810700213892,360.3379830558111,353.0689086568325,356.8450622558594,7763797
2019-11-05,355.9010146853049,363.92530769166325,353.5881328202853,362.4620361328125,6766429
2019-11-06,363.4532942975554,363.8308890967563,349.5287779950513,350.66162109375,8335534
2019-11-07,353.8241423192923,354.48496990549137,348.3959345865812,350.94482421875,4906572
2019-11-08,349.2928004954009,354.81540007347826,346.0830829961483,348.4903564453125,6094415
2019-11-11,350.4728240210509,353.0217137645926,347.64073082834875,350.7088317871094,2826663
2019-11-13,351.2752992577157,352.502533880188,345.65827870561714,347.9711608886719,6544841
2019-11-14,337.8699638885162,346.5550849396087,330.695310157394,342.2125244140625,21487581
2019-11-15,337.8227776014884,376.19777074683293,337.25634133428855,371.05279541015625,56210391
2019-11-18,373.83767461896986,397.01371903728676,370.15594179021906,386.2989196777344,43462375
2019-11-19,403.00831557081796,420.7089556274657,397.86334072002774,414.7615661621094,63965674
2019-11-20,423.21069601592933,427.6004817650247,408.86138793364864,412.8263244628906,56689066
2019-11-21,417.7352315043819,417.7352315043819,398.5713499341844,402.44189453125,22595291
2019-11-22,399.3266144279627,405.887665655616,393.66239859655514,397.1081237792969,17090583
2019-11-25,397.7689608661471,430.1493685678336,397.7689608661471,426.13720703125,34112216
2019-11-26,420.0953850507718,421.98344720570054,405.8404688201805,408.1533508300781,23906748
2019-11-27,409.2389686429775,412.54310676210224,402.5363303878239,409.0973815917969,13586924
2019-11-28,409.0973500415139,419.05690061341824,404.5187820621227,412.212646484375,22352772
2019-11-29,414.9976333404657,424.4851697860789,410.7966595431854,417.6881103515625,20386454
2019-12-02,444.78187892589915,458.4231928964162,429.58293125022055,432.93426513671875,56782244
2019-12-03,436.8991399303739,439.02320960608915,420.3313436288122,433.4062194824219,24319749
2019-12-04,435.05833393237003,438.7872626385432,429.2525309410643,435.5775451660156,16851755
2019-12-05,437.371202902947,437.65440635368293,420.4257806344656,422.3138427734375,17642464
2019-12-06,426.6092084016499,427.0812239372576,418.0657037267095,419.9537658691406,11629491
2019-12-09,422.54982036690996,426.32597372575145,416.9800257144571,420.89776611328125,8012971
2019-12-10,420.5202171301603,425.75958389228475,418.44334282925456,421.98345947265625,7274085
2019-12-11,419.62336785560376,423.91870337100113,415.94163492780626,417.9713134765625,6931352
2019-12-12,418.1128702987088,419.0097056240306,412.07106012337545,414.1007385253906,7527779
2019-12-13,415.3752165242041,416.0360441743299,402.15875157333994,403.8580017089844,13320154
2019-12-16,406.31245422396677,406.92605676847984,396.9193104791974,398.2409362792969,7093336
2019-12-17,400.9786365765211,416.79121459856543,394.2288031560163,415.3279724121094,23423482
2019-12-18,421.9834299660946,422.07782132976496,409.8525841553887,413.77032470703125,17986000
2019-12-19,411.599042972409,431.23494063888535,406.17083536205047,424.2962951660156,14236801
2019-12-20,424.7211297737732,434.6334849873404,420.756193558456,428.4028625488281,21689127
2019-12-23,423.9186855146522,433.4534459186596,421.464216566541,429.3468933105469,10630886
2019-12-24,429.06373544154525,434.2559360304129,427.0812524493119,431.5654296875,6974012
2019-12-26,429.8189562173742,430.95179945315385,421.0394431529957,422.502685546875,5997570
2019-12-27,423.8714895222041,431.47096282055435,423.8714895222041,429.6300964355469,5997611
2019-12-30,434.25588975661526,438.692841484854,429.63009660098976,434.7279052734375,12141748
2019-12-31,434.25588963310264,436.6159672165426,429.0636895989865,430.2909240722656,5212590
2020-01-01,430.5269325138728,434.72790583972085,424.57951351372674,427.93084716796875,5154996
2020-01-02,428.6860660737011,433.6894540383654,428.1196591930647,429.7245178222656,4933053
2020-01-03,430.19653266584436,433.5006412823277,426.23159645595473,429.6300964355469,5154587
2020-01-06,428.49723918087926,431.8485727188383,419.76492306073453,424.485107421875,7538915
2020-01-07,426.70364453586086,429.8189413133177,418.30172660771274,420.1897888183594,4353883
2020-01-08,417.8297234676074,434.96395897955693,415.70565341752973,433.1702880859375,14118818
2020-01-09,442.185792883049,448.36922006321123,429.8189385227245,434.3503112792969,18180867
2020-01-10,438.787201590588,439.87284894216134,428.7804557364673,431.4237365722656,37724966
2020-01-13,433.3118275934288,443.9794310608017,428.8276802020275,442.65777587890625,15206224
2020-01-14,442.6577912357409,446.1979370707375,440.4865256620562,443.0826110839844,8238486
2020-01-15,443.2242279363741,445.5843055950835,438.97605880014805,441.66656494140625,10875259
2020-01-16,442.941009361138,450.25727968863504,441.8081955290186,447.37799072265625,16290593
2020-01-17,448.5108149271613,475.60460009453107,448.5108149271613,472.0644836425781,61915666
2020-01-20,471.0732105668853,484.00650010947027,466.5890632227937,480.2303466796875,45298836
2020-01-21,481.4576562516552,486.17781179938135,476.17103507732094,483.1097106933594,65202963
2020-01-22,485.9417572663972,494.43809513591793,478.34228408531203,485.70574951171875,20285793
2020-01-23,486.17780818771905,496.56217966612496,483.67611402578825,494.34368896484375,15772863
2020-01-24,491.37001025305955,497.8366409374622,485.37539512150886,494.91015625,23824625
2020-01-27,491.9835680253598,494.7684654034998,483.251251742852,485.6113586425781,11856786
2020-01-28,485.5641836379801,485.6114086742674,458.89521653296424,463.7569885253906,31674769
2020-01-29,465.5034026693504,473.3388833930177,460.92483474219523,462.8128967285156,20037283
2020-01-30,464.46499681868534,465.314636536625,453.2309858002878,462.38812255859375,15337903
2020-01-31,465.59782431196805,471.4508520709117,459.7448259035733,468.66595458984375,18356252
2020-02-03,468.2883283704415,484.6201183736022,468.2883283704415,481.50482177734375,15212799
2020-02-04,485.2337333446651,493.3524177049291,475.2741826302946,489.8594970703125,14646591
2020-02-05,489.0098403661536,507.4185326159881,486.93296633009413,503.5007629394531,30647706
2020-02-06,505.10566534467506,521.862245151891,504.20883001350444,516.1980590820312,17180298
2020-02-07,518.1805291489924,518.2749792140736,508.126557460539,509.2594299316406,8967847
2020-02-10,509.9674076018868,513.2243791642671,506.0968921931724,508.5513610839844,8570467
2020-02-11,509.3066408288686,514.1684419313664,502.9344017542088,504.39764404296875,6622800
2020-02-12,506.0025010722036,511.99711561116266,505.0584700598208,509.4010009765625,5160923
2020-02-13,509.4953471946141,512.3746943582476,501.990295441034,509.73138427734375,5729055
2020-02-14,514.404387634524,535.786789807469,504.3504162851024,533.3795166015625,37517890
2020-02-17,533.3322453617238,536.8723908886282,525.3551777075552,533.2378540039062,23354434
2020-02-18,531.8218720603239,537.0140430822912,507.22975050600655,517.5669555664062,21865560
2020-02-19,518.3693542761968,522.6174938317628,508.5985569869715,512.9883422851562,22088140
2020-02-20,513.2715759153944,521.1070568112369,508.4569707836069,515.0652465820312,16010058
2020-02-24,511.66675062991084,511.7139463162761,497.60061635888303,500.2439270019531,9834434
2020-02-25,503.17039322893766,507.84335247283695,501.2350768795153,505.29443359375,9804202
2020-02-26,502.8871616899909,509.2122045230506,491.18113636134404,505.9552917480469,18965240
2020-02-27,504.77525439146,505.86087248218246,497.5061801289777,501.8959655761719,11381143
2020-02-28,495.52371204811965,498.82782060595696,484.7617173689685,494.2020568847656,16934165
2020-03-02,504.11448928878485,506.00255150171955,483.2041004886619,489.34033203125,10096159
2020-03-03,494.67410355548157,503.5008117263651,485.37537984660054,491.6531982421875,10563605
2020-03-04,495.61811947368994,502.9815851216897,479.003126083444,487.829833984375,18066379
2020-03-05,493.5412279771049,500.99908428432076,487.73539649557677,497.4117431640625,14344961
2020-03-06,488.7738952492081,494.34369051179857,482.82647580420286,490.0955505371094,9503868
2020-03-09,481.45765939362053,483.3457216250324,463.5681758292307,468.4771728515625,15664232
2020-03-11,459.74484125720227,480.04156830921403,459.74484125720227,466.1642761230469,21401999
2020-03-12,451.7205372784832,454.552630471569,433.5006555547604,438.9288635253906,14471096
2020-03-13,428.40290037333426,480.56082509246534,396.49453705542567,464.32342529296875,24254296
2020-03-16,445.8202978441389,465.36180474931683,430.6213512901726,438.7872314453125,14936276
2020-03-17,438.9760767918313,454.08063312773845,419.4817640905884,429.2525329589844,12629709
2020-03-18,434.25591122551737,452.0037483664445,384.6468783711823,401.7339172363281,29342689
2020-03-19,393.1431841208387,426.3732011393295,341.5045024907214,419.859375,24017236
2020-03-20,420.0954083450208,445.5843369015661,412.2127014502187,436.7575988769531,19758966
2020-03-23,393.09599506345546,420.75621748119903,377.14179923075164,384.552490234375,14907385
2020-03-24,387.9037638389537,413.34549356307286,377.75540109785163,381.4371337890625,12947855
2020-03-25,383.79725182286717,413.72316136764215,382.9004457462466,405.0852355957031,14093189
2020-03-26,402.6307314830733,465.83382031420086,396.7305081904807,444.3570556640625,22302573
2020-03-27,444.35707412576863,448.22761912288826,413.01511933116154,423.8243103027344,16378409
2020-03-30,419.0097370327794,424.1547416190052,404.04679751332657,406.92608642578125,10210726
2020-03-31,416.3192448862115,421.9834608851645,400.27065734797,416.224853515625,17059457
2020-04-01,415.3752015024665,415.3752015024665,389.3198673784029,397.7689514160156,9646905
2020-04-03,407.82292338039696,407.82292338039696,392.3407725798155,400.22344970703125,14419445
2020-04-07,408.9085215886272,458.56474411961887,408.9085215886272,443.885009765625,15553539
2020-04-08,447.8027966880518,463.61537571957433,427.6476571494862,435.81353759765625,13639333
2020-04-09,444.64025668591967,464.74819971262696,444.64025668591967,461.34967041015625,11962829
2020-04-13,463.5209625651195,491.74759164614073,463.5209625651195,483.5345153808594,24416550
2020-04-15,504.06731166148785,505.9553739420612,476.78468256477566,481.9296875,26277115
2020-04-16,472.01728828324605,484.2897514559671,469.5155940930418,472.4421081542969,17401120
2020-04-17,482.40162644086524,483.8176729263569,470.317976933685,474.3301086425781,16430317
2020-04-20,479.28631767699295,479.28631767699295,459.6503902007978,462.860107421875,11688508
2020-04-21,456.9127167724629,475.604614381821,452.33414841339965,472.4892883300781,15781695
2020-04-22,487.1218603952435,488.1131165762898,464.51224993880186,473.3389587402344,18447565
2020-04-23,473.7637184831171,478.9086934318119,463.5681305973197,468.2411193847656,12767355
2020-04-24,467.20271394393444,471.0732591345321,457.33755354917776,466.589111328125,12161869
2020-04-27,470.1763927748467,474.8965774005946,463.61537107221034,466.4002685546875,10074370
2020-04-28,469.6099867322664,469.6099867322664,457.0071251637895,458.4703674316406,11729091
2020-04-29,463.4737392351795,470.5068055816095,459.7920065029452,468.2411193847656,8371711
2020-04-30,474.9437844825617,487.07463079185885,467.48592722852857,485.5169677734375,20170888
2020-05-04,474.33015063929474,509.778658347304,471.92287727093066,502.69842529296875,34658164
2020-05-05,507.8906105453845,522.7119340450961,496.60937432228445,498.4974365234375,30498970
2020-05-06,501.9903388112777,520.5878436359309,500.3855095742065,515.4428100585938,26074684
2020-05-07,514.8292567449521,514.8292567449521,495.09893630158217,498.4974365234375,15823732
2020-05-08,509.77861225307674,515.2540154671158,498.73341446636215,500.385498046875,13847608
2020-05-11,503.217604098746,517.8029478223705,502.32076876619,506.1912841796875,14490804
2020-05-12,503.17045011669694,532.4354726491785,500.8103136872596,528.5177612304688,23041211
2020-05-13,536.5893119303907,537.8637128890132,518.5582113473354,524.8360595703125,21509772
2020-05-14,520.2574018706694,531.019366853154,505.15284739095705,509.63702392578125,13428330
2020-05-15,513.0827024556147,525.7327876933867,509.21218728049763,523.0894775390625,14758117
2020-05-18,525.7328361094062,527.7152895571725,505.2472685784648,507.9377746582031,21991328
2020-05-19,527.2433084758316,569.7248842394342,525.8272618204882,565.2879028320312,73259076
2020-05-20,571.1409158198733,577.7491333703891,555.6587356887741,560.8037109375,36412918
2020-05-21,557.4523760113387,570.6688690911336,552.6378295136034,561.2756958007812,20673544
2020-05-22,563.5886257615667,563.9662499448174,554.148314685804,560.0013427734375,11630640
2020-05-26,539.9877183340321,544.1886620802097,526.3464060529001,527.9512939453125,77933211
2020-05-27,529.6033642687098,533.8987584427513,522.8535597685276,531.5858764648438,22948762
2020-05-28,533.0491028379752,536.2116244196969,524.8831932837606,531.2554321289062,16574283
2020-05-29,526.7712411121136,532.4354271763714,513.3659655393797,521.6734619140625,55206200
2020-06-01,527.7152554929363,530.2169786832466,519.3605637011088,527.762451171875,40024637
2020-06-02,531.4914871407356,540.2710592246623,524.9776603116522,526.86572265625,32573015
2020-06-03,536.211594212498,536.4947682867586,518.5109252285739,520.776611328125,29783799
2020-06-04,521.3902125677043,552.637802392635,518.7941567212679,540.4125366210938,30007267
2020-06-05,551.3161146420704,556.9803001910834,535.6923500050622,551.646484375,48771843
2020-06-08,555.0922391484572,560.4732506484969,546.7847435173908,552.4017333984375,20813563
2020-06-09,547.5401043065347,558.5381091277624,534.0404343586695,536.0228881835938,15219451
2020-06-10,539.0436709398997,543.763825713129,531.538618980356,535.3619384765625,19489440
2020-06-11,538.0996551685535,541.6869963778666,516.103651123126,520.9653930664062,27803048
2020-06-12,509.77865184024074,530.5473939022874,509.77865184024074,528.7537231445312,19224358
2020-06-15,524.8832099083082,532.1994800214176,518.2749924453507,519.8798217773438,13838935
2020-06-16,526.7712728925856,527.9985367609877,506.9465617705497,514.4044189453125,19430678
2020-06-17,516.245237500319,533.85151507061,510.7226386565416,531.9161987304688,20916747
2020-06-18,532.6714938396756,540.8374036262396,526.9601117780443,529.5089721679688,19692591
2020-06-19,530.4530615375455,545.840851738975,529.603421747147,540.4598388671875,41924711
2020-06-22,543.5750580008136,555.0922711859278,538.4772789648509,548.53125,12954502
2020-06-23,548.5313259135696,551.8826304887227,542.206282246919,546.4072265625,9944839
2020-06-24,548.4840289494521,549.4281186886076,523.9391632588265,526.1576538085938,12619809
2020-06-25,522.9007245919732,532.1522519576126,519.2189919178475,527.7152709960938,15881470
2020-06-26,528.6593631173379,534.7011740116266,525.9688568212113,529.0369873046875,11317405
2020-06-29,527.6208494278115,537.1084133529848,520.3517758563835,535.3619384765625,13162970
2020-06-30,539.9877800809577,544.7079355376321,526.2048791865883,528.5177612304688,13182057
2020-07-01,542.8198428852093,542.8198428852093,527.0544893242029,528.8009643554688,13894655
2020-07-02,533.190720997277,535.2676246188527,526.3936619190747,527.1961059570312,13795692
2020-07-03,530.358622653724,550.7969953774214,529.2257501343024,548.9088745117188,21005887
2020-07-06,554.7147231794429,556.3196112875236,542.8670799148523,544.330322265625,16114629
2020-07-07,546.596027372168,549.9945864462195,534.3708182060753,535.4092407226562,12759442
2020-07-08,539.9877020834302,541.8757639933824,527.7152409676496,529.8865356445312,9581306
2020-07-09,532.4354706982638,538.3356943480376,528.9425791535631,536.8252563476562,8611659
2020-07-10,537.2500589120514,546.5959781213764,533.993145893617,542.53662109375,13532330
2020-07-13,542.3478665649336,556.0363763113762,538.0997265853449,553.95947265625,16660491
2020-07-14,551.7882526762211,563.399859111483,546.1712028545053,556.3668212890625,32935464
2020-07-15,555.989187523266,555.989187523266,528.3289348748392,532.0579223632812,20062926
2020-07-16,534.2291122827227,534.5123450740323,522.3342742652637,531.2554321289062,11528871
2020-07-17,531.5859201529976,541.7814799669527,530.3114605009774,535.0316162109375,12189475
2020-07-20,539.0437163039202,549.9001318970768,535.8339990477874,543.5278930664062,9789671
2020-07-21,547.5399954523317,551.1273368612826,534.653930749934,535.9755859375,12005925
2020-07-22,536.211623132201,543.2918558869756,531.3026265348994,537.2972412109375,11034525
2020-07-23,538.0996088285186,543.5278158539771,532.4353647275198,535.456298828125,9718786
2020-07-24,533.3795621033256,535.6451897602124,524.3168166713785,528.14013671875,9960443
2020-07-27,526.9601117332675,532.1994782629048,513.6964224668833,528.1873168945312,10895560
2020-07-28,527.243255970703,542.1118324227832,524.2223802205758,533.0018920898438,14210206
2020-07-29,533.6155547065755,537.2972877985105,528.8953991274541,534.5123901367188,9979767
2020-07-30,543.7638892976399,547.9648334071566,512.6579424324224,521.7678833007812,45326361
2020-07-31,520.0686200281592,527.9985516616431,515.7260887345753,523.797607421875,13917435
2020-08-03,523.4670863422899,525.3551481969565,515.8203888700181,516.7172241210938,9392745
2020-08-04,517.3309932896951,522.3815774153912,515.3012852815338,518.2750244140625,12035116
2020-08-05,521.1070692469962,529.1313330566734,515.9620942283287,527.6680908203125,12920232
2020-08-06,532.1683646896295,532.1683646896295,523.5941514650586,526.1048583984375,10620956
2020-08-07,526.7679688704175,533.778895371066,523.0256503931245,531.3156127929688,7346008
2020-08-10,534.6316511522206,535.2948812157231,525.6311514300813,529.4682006835938,9594610
2020-08-11,528.6628883943357,531.0314410121757,521.2729806619179,522.1256713867188,8290695
2020-08-12,521.0835108802727,531.7420269296065,516.6779618500152,518.9044189453125,12613101
2020-08-13,505.92475809095913,519.4729035332778,496.68737280940195,507.2037353515625,37464752
2020-08-14,514.3094345906374,514.3094345906374,497.3978917778641,500.80865478515625,18550546
2020-08-17,502.65612554237765,504.5036025111154,490.8606684749475,493.9871520996094,19369462
2020-08-18,494.60297821142876,501.2823496168255,492.8028664388492,498.6295471191406,13771669
2020-08-19,501.1875168786261,511.51447609396877,499.3874052622993,507.6773681640625,17395288
2020-08-20,503.0825164243369,505.54579963486367,495.21883839340074,497.91900634765625,13690809
2020-08-21,501.9455078605501,501.9455078605501,488.87104472136014,492.8976135253906,22244899
2020-08-24,490.6711789914555,504.40881391321955,481.48115929822103,499.197998046875,29714401
2020-08-25,506.3984181652594,507.4879346599477,498.3452806184383,500.8559875488281,19881871
2020-08-26,500.61911431516387,500.61911431516387,485.08136806031433,487.4499206542969,26386996
2020-08-27,487.35520996387163,491.2396540480382,481.2916738407095,484.27606201171875,22268191
2020-08-28,485.1761659554986,501.70875962313045,485.1761659554986,495.929443359375,22217757
2020-08-31,491.2396501631969,494.8398737873547,481.81277518684146,486.12353515625,190329697
2020-09-01,490.2922256994346,526.2470103220488,487.1657418991735,517.5307006835938,75732733
2020-09-02,521.0835385545399,529.6103282821005,516.4411634760447,521.6046142578125,35680638
2020-09-03,521.6046038519478,523.831061021073,507.48795933478107,509.71441650390625,25084656
2020-09-04,503.55615312061747,509.7143896993774,492.1870420633246,495.6451110839844,28610361
2020-09-07,497.397901125186,500.24016441008,483.4707756820687,488.3500061035156,16450037
2020-09-08,488.87107969230755,489.67640529309995,468.02775678167365,471.9122009277344,33745174
2020-09-09,467.3171695877907,480.01265286282165,465.2802025532542,477.73883056640625,32068518
2020-09-10,481.291612494974,481.291612494974,465.37488743032975,471.2015380859375,21400064
2020-09-11,473.0490831840688,476.0334714058614,462.86427699043986,465.8013000488281,15888599
2020-09-14,469.92257211120875,471.10684840710195,443.67891513518975,449.1739807128906,53032505
2020-09-15,450.1687828057548,462.0115756388024,445.3369176743296,460.0220031738281,31436333
2020-09-16,461.3957735641488,464.90123744495037,455.2848722621479,456.4217834472656,13379581
2020-09-17,454.7638273925071,456.9902847509682,449.07927108151546,453.81640625,13750507
2020-09-18,457.6060616069101,471.4858511528448,450.3109133841305,468.548828125,55830089
2020-09-21,469.9226006505063,469.9226006505063,436.9995998014165,443.1578369140625,23162880
2020-09-22,443.86841821387185,453.3426583140204,436.76273077477373,446.1896057128906,18950065
2020-09-23,442.4472396896709,442.4472396896709,401.61325792828296,410.9927673339844,86810146
2020-09-24,402.89228828738476,410.7085416770009,394.2707387597089,397.255126953125,36458719
2020-09-25,402.6554574037912,421.55660341081966,399.9553189364576,416.5352478027344,34232784
2020-09-28,422.5513472662,424.1146037729433,411.22963043048253,420.32489013671875,21445626
2020-09-29,420.6565291043735,421.1776048176131,406.9188642575285,412.6981506347656,18187111
2020-09-30,414.9719726342206,417.2457950518048,396.165587253414,398.8183898925781,27686374
2020-10-01,403.6028771011107,411.7507159570528,401.37641991840565,409.6190185546875,13593932
2020-10-05,409.61897473392025,414.4982044930694,400.7605415689124,402.1343078613281,15282146
2020-10-06,404.5503013136926,407.3925645389413,400.8553473384905,404.3134460449219,11078299
2020-10-07,405.30825315701736,409.05057248752354,398.9604962798993,400.2395324707031,10393534
2020-10-08,403.60283392394626,412.6033625603425,397.0655880177176,402.1343078613281,17018635
2020-10-09,405.49774289468803,412.1297202115926,401.0448282694794,402.8449401855469,20948615
2020-10-12,405.49774507188727,407.9610282225175,390.19682315910853,393.22857666015625,14326607
2020-10-13,399.007853247581,405.02399449004616,391.38106089937855,393.46539306640625,28303313
2020-10-14,394.50755070748164,397.44457341541386,389.6756860418941,391.5231628417969,14374547
2020-10-15,391.66532761600115,393.6549000915655,374.2327091378463,378.2118835449219,28378188
2020-10-16,383.1858836996392,385.8860515084048,377.40659731564887,380.5330810546875,23786283
2020-10-19,382.333202735533,383.37538364591364,373.28530743300087,376.790771484375,17237471
2020-10-20,376.79071248987316,391.4757965303113,376.08014675784653,383.7069091796875,26395238
2020-10-21,384.3701334516249,398.107797362994,382.3331664451861,396.97088623046875,23929199
2020-10-22,396.9708660868567,409.6189833844266,396.0234451004852,408.00836181640625,27014551
2020-10-23,412.03489823413673,414.59294077130454,404.8344811126295,411.5611877441406,18512271
2020-10-26,411.5138346689665,416.34569948236367,405.497693595807,411.2296142578125,11956996
2020-10-27,411.2296679684326,415.82467813003063,405.02403599200585,410.56646728515625,13021129
2020-10-28,422.5513496984503,462.34318110015136,418.7616360404117,428.0937805175781,125905730
2020-10-29,424.16197606080596,433.0677752724208,421.60393330494827,427.0989990234375,25537340
2020-10-30,430.98346045208,430.98346045208,407.866285480174,410.9454040527344,23483928
2020-11-02,412.1297166002969,435.8153328354398,412.1297166002969,433.3520202636719,28703578
2020-11-03,433.92043158527684,436.4784743118444,423.9251159415414,430.6991882324219,16337850
2020-11-04,429.1833477269463,431.59926563403434,423.64091663379986,429.230712890625,10191499
2020-11-05,432.973012241043,437.61538718739905,428.8043478216234,433.2572326660156,9407770
2020-11-06,432.9730145652213,436.1468927863007,425.15676137286584,426.2463073730469,12195207
2020-11-09,432.3098180972382,449.789801606494,428.7569890919184,446.9949035644531,24953555
2020-11-10,449.0792324342287,449.22135737575326,440.5524134295248,441.8788146972656,9800899
2020-11-11,443.34733243206324,456.04281648824286,439.6523783370255,453.4374084472656,16032885
2020-11-12,451.7793800100767,457.79552115287464,450.07402806746796,454.62164306640625,14785276
2020-11-13,451.92151890075314,452.8689399487863,445.28954210857484,450.7372131347656,8428163
2020-11-14,461.3957511390496,461.3957511390496,453.81635342529364,456.1849060058594,4014491
2020-11-17,465.09066463249934,468.9277430451698,455.9480112256879,459.07452392578125,19050384
2020-11-18,458.5061355817477,459.5009513218066,446.33172706879344,453.2479248046875,10504589
2020-11-19,450.9740641164187,456.13754412632636,442.447245309105,443.915771484375,11541941
2020-11-20,445.76326311649524,460.40095400000695,440.8840328219913,458.2692565917969,12090462
2020-11-23,461.15891588294625,461.15891588294625,450.1214191404541,452.15838623046875,10193531
2020-11-24,453.24791037667325,455.94807815439,446.4264726434249,449.31610107421875,9346208
2020-11-25,451.44779846314924,452.7741702277016,434.53625654166694,439.69970703125,14497115
2020-11-26,444.0578715465013,444.9579274340621,435.9100328531488,443.7736511230469,11535113
2020-11-27,443.6789089127516,447.80020803822754,437.7101329004034,438.8944091796875,18491882
2020-12-01,443.1578152352422,457.1323346037534,436.2890126379209,454.2427062988281,18534936
2020-12-02,455.7112348377453,462.24845230693546,449.1266227480951,459.40618896484375,20948620
2020-12-03,461.4904740793588,463.43271072911733,449.07921162617254,454.6690368652344,20094168
2020-12-04,461.2536168095391,471.62791224830465,457.98500842372647,467.7908630371094,31622330
2020-12-07,471.8174156934466,483.6602376021415,468.5961723759378,482.19171142578125,22541162
2020-12-08,486.97623692883553,489.1079343807054,473.38069716183867,477.1230163574219,19661141
2020-12-09,478.35467535658347,480.2495174885598,472.85960960909506,476.6019287109375,11826802
2020-12-10,475.1333941483557,482.00222621206774,468.1224666008092,478.5915222167969,13441906
2020-12-11,481.765364332694,481.765364332694,471.15421337861585,477.88092041015625,14019094
2020-12-14,480.34424781277994,485.08138259866723,474.8018169031814,476.6019287109375,14147649
2020-12-15,479.25472496358685,480.1547809109584,471.9122113473658,477.6914978027344,13320211
2020-12-16,477.6914946699452,491.52388994059527,475.7018926747066,489.0605773925781,17707777
2020-12-17,489.818515068737,495.02936067634363,485.0814094763202,488.0184326171875,20023766
2020-12-18,486.8815162224399,487.8289373308798,478.4967922832306,483.8023681640625,11000487
2020-12-21,480.81793427992716,484.3233979398175,454.90589283663724,465.0906982421875,15539470
2020-12-22,468.0277447128834,478.44940589946236,460.022001354489,473.99652099609375,21632475
2020-12-23,473.99653510612063,482.7128150678523,472.1964232439558,480.53375244140625,13326963
2020-12-24,492.6607955325291,495.50305881674325,483.61287105707527,490.1027526855469,21241048
2020-12-28,492.7555041626556,499.2927212108809,489.43953047708106,494.1766357421875,13124256
2020-12-29,495.50302133885754,497.3504982250504,488.0183834741563,492.8976135253906,11457626
2020-12-30,495.8820466090118,495.8820466090118,486.3130462765253,489.0132141113281,10691466
2020-12-31,489.9132397272609,491.192246363129,479.681039360585,482.90228271484375,15816475
2021-01-01,485.31826288305945,489.2500722919715,481.4811838032509,488.0657958984375,10377082
2021-01-04,489.81847874700014,493.13448187174697,484.70239330418616,489.9132385253906,13489114
2021-01-05,486.9761962890625,489.7237290023386,484.2286635757864,486.9761962890625,10689423
2021-01-06,487.9236091217884,503.7929696961602,486.1234974493379,497.6820983886719,30837593
2021-01-07,504.02989334643127,525.2995611256854,499.38745941905285,516.583251953125,39444841
2021-01-08,520.4202848730529,520.8466302313046,509.05117350615825,511.84613037109375,14538362
2021-01-11,513.030391564107,525.2048288273674,513.030391564107,518.3833618164062,19892197
2021-01-12,520.1361000989899,539.0845799947272,516.3463569903287,536.0054321289062,25857074
2021-01-13,557.0855894327025,570.0652920025868,537.1896902523634,547.8482055664062,85239439
2021-01-14,552.0642813233684,554.0538537356717,540.0793638646998,550.02734375,16974338
2021-01-15,577.5026717605421,578.5448821457502,562.5807593253976,570.9654541015625,57451072
2021-01-18,570.9653652674904,571.2969802890028,553.2959224886246,556.0908203125,21359539
2021-01-19,560.0226053470137,566.0387463932827,555.6644805129459,561.1595458984375,11034273
2021-01-20,561.1595404046292,570.8232698936204,558.0330275586844,564.80712890625,13333007
2021-01-21,568.6916078422114,572.2918315945343,544.2006957702876,550.7852783203125,17380638
2021-01-22,553.2012248443149,554.7645109817613,542.6374377725558,546.5219116210938,12662954
2021-01-25,548.5587806128111,556.9435333327002,539.6056459679079,550.216796875,12503932
2021-01-27,549.5062262248904,551.1642425612439,532.7842030213201,540.7899169921875,15567653
2021-01-28,536.7160400922197,545.5744447856841,533.163181617598,540.8847045898438,15201598
2021-01-29,548.0850554231005,548.0850554231005,521.6519386398337,524.4942016601562,25521965
2021-02-01,529.6103529511495,550.5484658544136,520.3256023616791,548.7009887695312,14212955
2021-02-02,554.148568663243,573.8076431704858,548.7956575807787,567.8388671875,21711996
2021-02-03,577.3604921646617,589.7717544404824,567.9335883764095,576.8394165039062,30641248
2021-02-04,582.5712754908469,590.2454323249136,564.3333927246892,569.0231323242188,51976676
2021-02-05,572.0548932246886,574.0445244818288,545.9533912915311,550.5484008789062,35465208
2021-02-08,558.0330493558663,571.912808702834,553.9591153564908,565.8966674804688,21646080
2021-02-09,567.4125347415173,575.7972875337388,563.7175809019217,567.4598999023438,20927436
2021-02-10,573.144407665324,575.797209784751,549.7430168704408,559.1698608398438,31642664
2021-02-11,560.8752868936303,571.8180523273207,558.0330239292172,566.6546020507812,19253595
2021-02-12,566.4178056449708,566.4178056449708,553.8644461392962,555.4276733398438,15905053
2021-02-15,560.9701020095324,571.2970630355825,558.9805294160656,562.4860229492188,17972742
2021-02-16,563.7176256355483,569.9706521273284,561.8227834045595,562.7228393554688,15064854
2021-02-17,565.5651064882848,567.3178532372525,559.0278889652287,562.6281127929688,16436661
2021-02-18,565.61244782847,566.5598689103999,554.432855496939,558.0804443359375,22193564
2021-02-19,558.980512090859,564.6650387028031,545.2428472000983,550.7852783203125,19465126
2021-02-22,551.4011443178206,554.1486183892738,538.1371899529686,540.3162231445312,20227667
2021-02-23,544.7690518806041,546.6638937897397,534.3473624684724,535.81591796875,23764401
2021-02-24,538.231894490143,543.9164208404493,535.4843616384496,542.826904296875,8888950
2021-02-25,549.4115251573107,553.7223442966341,546.7113572775755,548.7009887695312,16230241
2021-02-26,544.2953428601677,555.1433776220792,522.7414277182307,527.05224609375,198547005
2021-03-01,528.6628426962425,529.7049939756292,493.60814915858504,504.21929931640625,55091122
2021-03-02,512.0829857083849,515.3989595323388,501.04548874175447,512.7462158203125,30622757
2021-03-03,519.8991902793277,521.7940322862268,511.6092270431998,517.5780029296875,24669015
2021-03-04,511.6092353168396,517.2937614294657,509.71439327929755,511.2302551269531,17678275
2021-03-05,506.87214240022445,510.1881160455869,496.8294322304705,504.78778076171875,16658703
2021-03-08,503.08248203138635,507.2985117568242,497.1610707857644,498.0611267089844,15293359
2021-03-09,502.22976787385295,504.0298796364309,487.26043293028135,494.3187255859375,20181762
2021-03-10,492.85027569314906,502.6087068807611,489.2026868784755,498.2032165527344,19013738
2021-03-12,502.65612342112536,504.740426191473,494.12927495653116,496.6399230957031,11624491
2021-03-15,500.05067140433937,500.05067140433937,489.25003038217903,495.3609313964844,10875944
2021-03-16,496.45044672659185,505.6878312387687,496.45044672659185,501.4718017578125,13252045
2021-03-17,500.9980596756466,503.08242116054987,491.71331058809403,495.40826416015625,8482758
2021-03-18,501.99285620544674,504.2193132086704,488.2552223750222,499.4822082519531,12465338
2021-03-19,500.24016943943013,506.6352913506847,497.8716166782054,502.087646484375,49597558
2021-03-22,505.0247029755291,505.9247589230019,495.50306778045865,500.24017333984375,13581706
2021-03-23,501.85078383348315,504.4561622236744,494.69770199884147,501.4244384765625,15239339
2021-03-24,500.2401654117137,505.40367519269444,494.08192828211276,496.1188659667969,10801499
2021-03-25,495.88201982271625,496.1188456312768,473.2859215473503,481.0548095703125,17572322
2021-03-26,485.1761071845143,497.3031497064349,483.7549756023404,495.0293273925781,11148490
2021-03-30,500.0506854239065,500.14541574755117,489.1079191575229,494.0819091796875,10691124
2021-03-31,494.88725277873203,498.2505917738626,489.10793697131396,490.1027526855469,7712521
2021-04-01,492.61340607691534,496.35575478749723,487.49732032932087,493.4187316894531,7111516
2021-04-05,493.4186981662933,501.187556587952,487.54465236929116,500.4770202636719,9376649
2021-04-06,500.7138063978858,509.57226900833365,496.9714876939987,504.21929931640625,13115141
2021-04-07,508.7669969548113,518.1464772782791,507.1089806355409,513.1251220703125,21391503
2021-04-08,518.0517617999407,519.7097781667246,512.0829853561709,514.4515380859375,11367448
2021-04-09,511.1355513562881,520.8466467590391,508.2932881523454,516.583251953125,11641539
2021-04-12,509.2880692224044,510.5197401630575,491.2396450395315,494.9819641113281,9869735
2021-04-13,498.7242851109999,511.6092586843121,495.59777204149765,507.961669921875,6657701
2021-04-15,511.6092752750116,517.4359562338573,502.3718901645824,510.99346923828125,9989813
2021-04-16,511.6565332105129,515.5410060063053,509.71432626855795,512.3197631835938,6273393
2021-04-19,504.26670254086366,506.8721398479033,495.7399132100105,498.7716369628906,7368743
2021-04-20,501.1875832697574,508.76701090756546,498.25058967084493,502.32452392578125,7369109
2021-04-22,502.1349515835565,505.3561947358795,498.392632777284,502.9402770996094,6675147
2021-04-23,501.1875295507015,504.4561378546001,491.8080499753307,495.1240234375,7123670
2021-04-26,495.26619616885387,500.7138376025398,495.26619616885387,499.81378173828125,5929161
2021-04-27,499.7191015168802,510.23552307025096,498.5822197385195,506.2089538574219,9875033
2021-04-28,507.77224346474645,519.1887210518012,507.4406283971341,515.6832275390625,12195400
2021-04-29,520.7991822721995,521.0834321031401,510.7564737373903,512.4144897460938,8846896
2021-04-30,505.45103179292283,518.2412163838624,505.45103179292283,508.5301208496094,8331737
2021-05-03,502.1349686616434,532.9262697453748,501.23491279824043,529.4682006835938,14556346
2021-05-04,536.1949086642288,536.1949086642288,517.9570234708485,523.4047241210938,14196229
2021-05-05,527.6208083186872,535.2475428874918,524.8732751283587,530.5104370117188,12095639
2021-05-06,530.5102946262315,534.726323615305,523.5467331842493,529.3734130859375,9169742
2021-05-07,531.694703251732,542.7795655208238,527.6207689378793,538.6109008789062,12894499
2021-05-10,541.9268613083851,546.6639667131402,539.1793283912483,542.4479370117188,8365615
2021-05-11,535.7686413119375,544.6270463739676,534.3948748097031,538.5161743164062,8033470
2021-05-12,538.1371087027368,539.2266251340183,528.85235972276,532.2156982421875,6815070
2021-05-14,534.3473490763985,539.4160687298673,526.9100770958721,530.9366455078125,7697716
2021-05-17,534.2999736702844,534.2999736702844,517.1042428674338,520.7518310546875,13677009
2021-05-18,518.7149422900025,523.8310869722051,506.44583303887515,508.1512145996094,34968901
2021-05-19,509.6197075330059,512.1303557787726,498.5348452967281,500.4296875,19583966
2021-05-20,503.0824341896201,503.0824341896201,492.6607443189724,493.27655029296875,14036583
2021-05-21,495.7398856493744,505.2614606482864,494.55557996331834,503.0350036621094,10492773
2021-05-24,503.0824753412565,504.9773174887543,498.3453110606184,499.103271484375,6386039
2021-05-25,502.0402565431222,502.8929472774593,496.92417104899204,498.4400329589844,9412913
2021-05-26,501.18757905328505,502.89296056702614,497.3978947222108,498.1084899902344,6908901
2021-05-27,498.44006057983916,499.2927513614278,491.4291325817377,492.4713134765625,22783169
2021-05-28,494.79246652636164,500.7138778601642,493.0397492728956,496.0715026855469,10248988
2021-05-31,497.8716363912104,507.81961729413575,497.4926561520298,506.7774658203125,12803471
2021-06-01,509.19335682994,510.0934127582868,502.41925478563996,504.8825378417969,8435896
2021-06-02,502.0402350720757,506.4931492001103,500.2401233569932,501.6612548828125,10567595
2021-06-03,502.13497385152306,505.35621714669725,500.7138423017601,504.0772399902344,6290021
2021-06-04,505.87735996590123,507.63004766746667,503.2719226263351,504.69305419921875,4878809
2021-06-07,505.92475357137437,512.5567012843613,504.9773324695191,508.2459411621094,9674473
2021-06-08,509.8090989651783,519.1886372920669,505.9246847582873,518.0516967773438,12822963
2021-06-09,520.9887020437344,522.504622765043,507.20367354762567,511.6092224121094,12674395
2021-06-10,515.3042195910762,519.0465387280478,511.9408806664358,516.488525390625,7018193
2021-06-11,516.8199791984406,520.8465474253759,511.6565294715067,512.4144897460938,7777365
2021-06-14,512.4146008774323,512.4146008774323,501.4718342352639,510.99346923828125,5714387
2021-06-15,512.556712554251,515.0674197676988,510.0934294176447,513.9778442382812,7264778
2021-06-16,515.209492490027,515.209492490027,506.7774330884361,508.5301208496094,10045600
2021-06-17,511.1355232446305,512.7935394783555,499.3400667939173,500.8559875488281,10214732
2021-06-18,503.461364634882,513.4093441887198,491.71333228487026,510.4249267578125,15000348
2021-06-21,506.8721302229845,513.4093470348826,504.97728818544243,511.2302551269531,5742834
2021-06-22,519.236043816304,520.1360997035415,507.3458566372781,508.19854736328125,9114558
2021-06-23,509.7144260898229,510.85130782077357,504.6930708023537,505.97210693359375,4767421
2021-06-24,506.87215575038795,507.2985011214958,499.67170851558274,500.95074462890625,6419922
2021-06-25,503.36669509447904,507.72487941240286,501.5192180038563,506.9669189453125,5504204
2021-06-28,508.766946296715,508.766946296715,502.56128591975596,503.2718811035156,5265796
2021-06-29,503.31930123265494,504.26672230655237,496.45046899095183,497.35052490234375,8713975
2021-06-30,499.2927385320962,502.51398200649686,496.7820903280594,498.0137023925781,5760552
2021-07-01,501.1875585392307,503.082459539102,494.55561123130235,495.1714172363281,6575188
2021-07-02,497.966298490949,504.9772846753901,492.6607526050877,497.3978576660156,13309063
2021-07-05,500.240156169663,500.71386670934197,495.7873006614387,496.4031066894531,6373586
2021-07-06,495.97674999126025,499.9559537808693,493.70292767032544,498.4400329589844,10494366
2021-07-07,495.69247729577944,502.7034634945971,495.69247729577944,501.75604248046875,6669192
2021-07-08,502.13495349935937,504.78775584948517,496.02408219187106,497.6820983886719,5400962
2021-07-09,497.87156078105346,509.2406716703924,495.5030082857514,508.0563659667969,7303645
2021-07-12,510.61444472488824,510.61444472488824,500.85598475113665,501.80340576171875,8932790
2021-07-13,505.498377217812,507.34585414444393,500.42965695982446,502.1824035644531,8138019
2021-07-14,501.18755844774284,503.4613807352816,498.9611602330976,502.1824035644531,6666859
2021-07-15,504.50359011775873,504.50359011775873,497.3978733898498,497.82421875,6886797
2021-07-16,499.2926229337662,514.8303958392444,498.29783691508953,512.6986694335938,11251138
2021-07-19,510.66188384556955,516.0622197351751,501.4718633647593,510.14080810546875,9130551
2021-07-20,508.24593092299443,508.5774870636375,495.50305255667377,498.1084899902344,7646460
2021-07-22,503.17715579957917,519.1886410534117,496.118804696575,517.9569702148438,20220601
2021-07-23,518.9044595102517,531.1736276177422,504.7404491935867,519.472900390625,33200836
2021-07-26,516.346406071132,524.7311597389479,513.598872984932,515.4463500976562,5214592
2021-07-27,517.1042998540797,517.1042998540797,507.961645801172,512.1303100585938,5835018
2021-07-28,511.1355304728391,540.6951608451559,509.5723034481073,538.0423583984375,32532037
2021-07-29,543.9163687254381,546.3797103707282,535.2948497025843,537.331787109375,15844335
2021-07-30,536.1475428322648,538.6108847596049,528.4734438983423,532.1210327148438,10125413
2021-08-02,536.2423373148694,539.9846564932078,530.55775189085,535.43701171875,6372299
2021-08-03,538.1372271686153,551.401182450755,532.5474304873484,549.69580078125,21680353
2021-08-04,544.7691244598465,556.0435060155452,540.3162100329872,544.20068359375,21816567
2021-08-05,547.1376628496702,586.4558134097305,547.1376628496702,567.2230834960938,72423461
2021-08-06,563.2438792553801,584.5136056604532,557.5593529239505,575.9393920898438,29055626
2021-08-09,577.9289461000834,580.4870182148153,566.1335484471949,567.744140625,10078649
2021-08-10,570.5391274962947,594.9826762300163,566.9389034750683,589.4876098632812,34514358
2021-08-11,589.4875954777394,596.1669676033675,581.4345157058507,588.2086181640625,18731287
2021-08-12,590.245538782604,595.8827003500415,584.5610120502531,590.3876342773438,8430316
2021-08-13,590.387659903126,605.2148423452427,585.6031889202503,603.556884765625,21079044
2021-08-16,605.1673938633755,610.1413837412454,598.7722724363844,600.7145385742188,10506327
2021-08-17,600.7145499965994,604.4568690382999,590.2454943649722,593.4193725585938,11311229
2021-08-18,592.9930180650966,600.6671755876376,588.2085477235955,590.1981201171875,7136872
2021-08-20,586.9295138372331,599.7197567851422,575.0866919290291,581.4344482421875,12770173
2021-08-23,585.8872498538119,597.3510905128272,575.6550799982583,589.913818359375,12790616
2021-08-24,594.9352590695719,594.9352590695719,584.6083574066655,587.4979858398438,5885050
2021-08-25,589.6297227494076,589.6297227494076,578.8764166105404,580.2501831054688,8127668
2021-08-26,577.9290560739882,579.350187881969,553.5802368382077,556.0435791015625,26316897
2021-08-27,557.8436602522187,573.5708985182843,554.2908014732543,563.8598022460938,16444274
2021-08-30,564.665020914823,592.1403498308214,559.0752248067874,587.82958984375,40506274
2021-08-31,593.1350911898029,632.9743151038333,592.1403050305036,629.13720703125,60781970
2021-09-01,632.8796293330511,637.9009845537123,619.6156754810343,631.3637084960938,30796359
2021-09-02,634.7270433070394,638.327207657755,629.1371888713787,631.4584350585938,18951106
2021-09-03,632.8796505901216,634.3955125661003,619.6156962925971,623.8317260742188,7920313
2021-09-06,629.4688934893857,630.7479296587297,619.0472613015864,620.1841430664062,10223448
2021-09-07,623.3579799316025,644.722377514275,613.9310757319981,635.2955322265625,28185127
2021-09-08,642.3537910955341,647.848856431375,630.0372592484539,632.7374267578125,20876941
2021-09-09,632.7374899996408,652.0175857606828,631.9795884750104,650.0753784179688,19784500
2021-09-13,655.6176944690342,660.3547990866771,649.7910145510143,656.849365234375,19704664
2021-09-14,658.4600499358877,662.9129642504721,652.8702539177755,657.7021484375,11694600
2021-09-15,660.3548885453959,696.309641179077,659.5496218896257,687.3565063476562,56796797
2021-09-16,696.3570505186334,698.2518925822944,677.7874922533515,680.8192749023438,45001991
2021-09-17,683.093144328236,696.1202138713616,683.093144328236,689.8671875,26649321
2021-09-20,686.8827533420691,695.1253513307726,682.4298393265013,686.8353881835938,14330899
2021-09-21,684.8931845993769,701.8046670909863,684.0404939186104,688.4459838867188,14216876
2021-09-22,688.7776583335711,693.5621878080127,686.0301254193434,688.5408325195312,16348622
2021-09-23,694.841101539565,701.1888575423541,685.1773720599407,688.588134765625,26497345
2021-09-24,690.719811802401,713.4106686129757,689.7250256372063,700.5256958007812,72175065
2021-09-27,705.5702408605861,706.4389555563596,693.1672854991324,697.4141845703125,11282248
2021-09-28,699.199866731194,701.5163410798086,662.1356880344796,671.9326171875,21944239
2021-09-29,672.7530580452183,677.5791201545813,665.1761640982745,669.9539184570312,16729859
2021-09-30,671.594806214826,685.1077804200011,662.9078942257848,664.355712890625,13911568
2021-10-01,663.4387198154268,663.4387198154268,644.4240826580547,652.3870849609375,14952128
2021-10-04,651.518356945118,662.3287473908813,646.4027431100006,657.6957397460938,8917898
2021-10-05,660.5914831294156,678.9787701557833,656.7306329858466,674.9248657226562,25598885
2021-10-06,681.1986752529021,683.3221543899477,664.2592088196398,667.347900390625,10406502
2021-10-07,671.5465473271449,677.7721792751863,667.2513402366735,668.4096069335938,8121590
2021-10-08,670.9674360348135,675.2143353274953,664.9348584214382,671.3052368164062,6297352
2021-10-11,668.9887446762158,671.8361332675845,661.1705471722217,666.8170166015625,8792050
2021-10-12,666.9617719911095,674.104367354323,660.398339418148,662.4735107421875,8579567
2021-10-13,665.0313706890771,672.5600159333675,659.3365937323529,665.9000854492188,7062149
2021-10-14,668.8922294270446,669.8574418793204,658.1300870194137,661.9426879882812,9820591
2021-10-18,675.6487294804479,677.530905580665,656.0066792667382,656.923583984375,8574445
2021-10-19,674.6835157219077,674.6835157219077,651.9527738630119,657.4061889648438,7328862
2021-10-20,659.6262481512127,689.0652294943308,657.6958231451067,683.8048095703125,21217306
2021-10-21,686.2178098157673,687.5690719118365,665.2244388231148,671.8361206054688,8908979
2021-10-22,674.2008765421813,680.7643092272144,660.4465995332678,670.3400268554688,6587256
2021-10-25,668.8922769637892,679.5096146933732,651.5184515881064,667.058349609375,9540441
2021-10-26,670.8226293141803,685.156010131173,665.031354816504,671.9808959960938,10953878
2021-10-27,675.0696015944287,689.7890912497796,669.8574308730231,677.9169311523438,11878571
2021-10-28,678.3030723358851,681.4882617469725,660.5914468400048,665.7553100585938,8884507
2021-10-29,668.1200411284135,676.6138985431535,653.4970495708917,661.50830078125,8602343
2021-11-01,665.9483383311723,697.6555435904286,665.6104786282255,687.7138671875,17121001
2021-11-02,687.713894472059,697.9451232320783,684.8665058634448,689.1134643554688,7725455
2021-11-03,700.502965762166,707.0181500803122,671.7878941377437,674.780029296875,23261507
2021-11-04,679.5095889881466,680.2817471932542,674.8765808456063,676.71044921875,1064714
2021-11-08,682.839564797567,690.0304093878659,679.509570037024,684.3356323242188,7565546
2021-11-09,686.9417077021886,691.5264668080184,680.6195779807385,688.3895263671875,5278131
2021-11-10,692.5400230696206,712.3268808716098,682.7430918614366,709.8656005859375,15180490
2021-11-11,709.4311059996237,712.9058470356825,699.055072816636,703.2537231445312,7421118
2021-11-12,707.5007667361929,719.0833168055439,700.0203698164037,717.635498046875,9207508
2021-11-15,714.2571771858353,720.0484515954502,710.5893818421238,711.8923950195312,5454742
2021-11-16,715.5602393051317,716.2358998148444,701.7577128005483,704.8946533203125,4639931
2021-11-17,699.3446767772654,706.8733221900633,691.3334251340074,695.001220703125,8002927
2021-11-18,695.5320897204606,698.2829806363773,683.3704360337699,689.49951171875,4469597
2021-11-22,714.2572569824434,729.6524082903227,707.5972671025784,716.2841796875,36884348
2021-11-23,719.083279166544,734.5266784506578,710.1068151150315,732.499755859375,18240414
2021-11-24,737.4223158164291,754.6030857376269,729.9419192881865,732.499755859375,21653712
2021-11-25,732.6444566410333,741.7657255561446,726.6118791722944,738.5322875976562,8483653
2021-11-26,736.4570598363473,736.4570598363473,707.5971855650295,713.0506591796875,11142921
2021-11-29,725.839721104783,728.7353582900415,701.8059089023822,713.6297607421875,15885643
2021-11-30,714.25720068175,724.1023792843362,697.5107885278196,702.9159545898438,14272616
2021-12-01,707.5007287035685,711.7476870654548,693.2638450086467,697.1246948242188,10488561
2021-12-02,698.717293144019,710.1067878971227,689.3064720659726,707.0663452148438,11507427
2021-12-03,704.6051003590144,709.0933618918122,691.3816777890761,693.3603515625,11024093
2021-12-06,693.0225728594079,696.786925162539,669.7126674916487,673.3322143554688,8804487
2021-12-07,677.9168785190781,681.1503752771606,669.9538765368874,674.5386352539062,10238693
2021-12-08,680.4747381116936,693.987711634479,677.8686528642071,690.2716674804688,8296393
2021-12-09,691.8642963685991,698.7655891901643,686.2660757468547,689.1134643554688,9069515
2021-12-10,686.2660534180847,693.8912553541538,682.4052036098253,685.9765014648438,4251339
2021-12-13,690.1269211838269,693.4086671709972,674.0561098740192,678.640869140625,9896899
2021-12-14,676.6139758333956,681.729590401825,664.4523216584955,667.5409545898438,9275631
2021-12-15,667.68574639686,670.7261893344411,660.3018472123895,661.6049194335938,7674319
2021-12-16,665.9000449816989,665.9000449816989,654.0278855700772,657.6957397460938,9633006
2021-12-17,657.3096991055172,661.8462095454526,638.1019471821694,642.8797607421875,13850460
2021-12-20,636.2197889598024,638.1502137960158,622.6585073558904,635.35107421875,11812939
2021-12-21,640.8528057604503,647.5610439426292,636.2680467102269,643.7966918945312,8084499
2021-12-22,643.7967383561233,662.1357758805107,643.7967383561233,660.9292602539062,8522226
2021-12-23,665.0314288566126,665.0314288566126,652.0010597861274,655.1380004882812,5602466
2021-12-24,658.371319858679,659.0952291206165,649.2501102877757,653.4970092773438,3756020
2021-12-27,651.4700904339552,654.7517770920314,645.3892643831524,652.2422485351562,3658572
2021-12-28,656.1997069444462,659.7227562006937,651.5666986393884,656.3927612304688,3892590
2021-12-29,656.2962100228777,659.7227024007373,651.5183966649563,653.3040161132812,3847574
2021-12-30,653.9313607152259,661.942611359323,650.7461717738241,655.7169799804688,5701612
2021-12-31,656.8270787322289,669.9539446175205,656.3444725024477,660.0122680664062,4598628
2022-01-03,663.8730992598466,668.5061071532501,659.3365890449321,667.2513427734375,2939833
2022-01-04,668.1682618330709,678.7855978824227,666.3826425167987,673.1873779296875,6473875
2022-01-05,676.5173963674903,678.3030157470704,667.6856793212891,675.648681640625,4586105
2022-01-06,677.5791425076342,695.4355729013538,675.6487176002049,685.6869506835938,21642414
2022-01-07,689.0652082357269,690.2717238273206,677.0483011610753,680.1852416992188,4315015
2022-01-10,680.8608710473454,686.6038378709388,679.1717492964317,680.426513671875,3565324
2022-01-11,678.54434135263,684.8664710152868,670.4365333392785,678.9786987304688,10642484
2022-01-12,683.3221793002248,707.2111879110965,679.7026325410018,704.7981567382812,12366953
2022-01-13,703.6398851491487,710.0585715894093,700.8890531958333,706.3424682617188,5829874
2022-01-14,704.5568148944427,705.4737784720896,693.4568721096099,695.5320434570312,5344096
2022-01-17,694.9529201628967,709.1898029023449,694.5185628054171,703.2537231445312,4340924
2022-01-18,701.70947315897,705.2807711183615,687.7621410366363,689.49951171875,4312058
2022-01-19,689.1617084674069,690.1269209442521,677.289606784591,679.2200317382812,5879490
2022-01-20,681.4399197891942,694.6150919447739,680.7160105259619,690.512939453125,4812496
2022-01-21,684.9147401218661,689.1616985234627,665.3691877477763,671.06396484375,6704622
2022-01-24,666.2861350778102,682.4051945967743,653.7866222062829,665.9000854492188,11091633
2022-01-25,660.2053425591296,695.3873495699885,658.4197230190127,687.0864868164062,14128764
2022-01-27,681.9226360300818,691.0921548443575,677.0965734962525,682.6465454101562,8937312
2022-01-28,690.0303920088811,727.7701745794794,677.2413272699181,690.8990478515625,21450677
2022-01-31,702.6746789293799,709.4311662267778,694.5186217665707,703.929443359375,10745370
2022-02-01,707.5007262512629,709.4311511523578,693.3120914458373,697.8968505859375,4814511
2022-02-02,700.840731791298,706.294205662847,695.4355656714469,699.8272705078125,3286577
2022-02-03,700.7441824824667,703.6398196001629,693.5050896882263,696.5455322265625,3651578
2022-02-04,696.0147130353258,698.0899434835819,691.5747590819032,695.1460571289062,3284198
2022-02-07,693.0225507840145,695.0494733984303,675.166120157964,681.922607421875,6833983
2022-02-08,686.459112615484,689.8373562219462,676.6139337514157,684.2391357421875,7167684
2022-02-09,682.501708854597,700.8407456470843,677.7239542934375,694.3255615234375,10185173
2022-02-10,697.8003504198122,701.661200208248,683.9495164566629,698.862060546875,6074014
2022-02-11,696.5937968819654,700.1650945239367,686.1695148039089,690.2716674804688,5646980
2022-02-14,679.5095573513203,679.5095573513203,661.17052100235,665.70703125,7441445
2022-02-15,671.7878338845269,688.2929424453821,662.7148137127098,686.796875,4650249
2022-02-16,692.4434083489739,702.8676906224497,683.3703881059746,696.6903076171875,5433910
2022-02-17,699.2482180638418,702.1921044513272,690.1269480174556,692.057373046875,5107708
2022-02-18,687.2795397524768,694.5186334067307,686.6038792290342,687.7621459960938,4099366
2022-02-21,683.4186972013647,691.6230034316617,678.5443858704497,685.2526245117188,4307430
2022-02-22,670.05055419878,678.0618064643061,663.5836184259223,674.9248657226562,9148804
2022-02-23,675.745230146178,684.2873958966022,675.166126225967,679.8956909179688,4124469
2022-02-24,658.274869437172,664.5969989961626,622.9963673222941,647.56103515625,14139461
2022-02-25,653.9314607082151,670.9674846884714,653.9314607082151,664.693603515625,6452099
2022-02-28,657.3096786910222,665.9965907442075,643.2658493207512,662.6183471679688,8301523
2022-03-02,660.2053160195356,660.2053160195356,642.8314919137583,650.7944946289062,10220908
2022-03-03,651.5184090408139,656.1514170560589,645.341025745892,648.6710205078125,6517030
2022-03-04,641.866300891457,644.7136894973393,627.3881136533038,630.9594116210938,7094874
2022-03-07,617.7359952155091,655.7170832315795,616.7707827229848,651.904541015625,12615451
2022-03-08,651.518412599801,662.9561567229067,644.3758168080235,659.2401123046875,8462985
2022-03-09,658.2748788652951,673.718277782956,650.8427313537925,667.4443969726562,9896395
2022-03-10,675.6005301547708,682.887873060171,666.5757575452819,673.47705078125,5989327
2022-03-11,672.4634736515881,677.9651959731568,667.4443575176676,670.6777954101562,3353880
2022-03-14,664.2109381125772,680.3299380991718,664.2109381125772,676.0347900390625,4016137
2022-03-15,674.683521548944,684.8182525593359,671.3052778788134,678.640869140625,6006439
2022-03-16,685.3008373131913,690.6095057712513,680.4747750785914,687.2312622070312,3843706
2022-03-17,694.9529964300895,702.6264475480507,690.1269339548804,697.7521362304688,8168953
2022-03-21,696.8834589644588,699.1516848852484,682.2122164670378,683.5635375976562,6317305
2022-03-22,683.8529708273592,695.9181255702555,681.2951344571098,694.22900390625,3000133
2022-03-23,694.2290396255345,694.808143518234,678.5443376527643,680.426513671875,7974713
2022-03-24,673.7182708338266,684.1908020520889,673.5734654057105,681.7777709960938,3597143
2022-03-25,687.5207892766488,689.596019527179,681.2951574369483,684.6734008789062,2930336
2022-03-28,690.3681809624762,711.3615510232017,685.3973134523069,707.5489501953125,7960258
2022-03-29,714.6433646127457,736.4571437325963,711.3616185202142,728.6871948242188,15833573
2022-03-30,736.2156990158153,743.1169906867156,718.6970717969976,723.4266357421875,9938988
2022-03-31,726.8050186509108,732.5962936999221,713.9677040746485,728.6871948242188,7371181
2022-04-01,733.3683507308835,739.9800908466606,723.1853719571742,732.1135864257812,5920139
2022-04-04,731.4862124826328,748.0396291307339,729.8936473290375,741.090087890625,5783224
2022-04-05,741.0900904264321,746.8813649943571,734.5266576984952,739.9318237304688,3990794
2022-04-06,737.4222446048827,753.5413028334664,736.4570322428344,748.6669921875,7490027
2022-04-07,748.0397059937259,750.7905381219762,733.127160717665,735.8780517578125,5818505
2022-04-08,741.6210182079245,741.6210182079245,731.2449835895131,735.5884399414062,5583587
2022-04-11,730.6657380487477,738.58049098304,729.7005257131483,731.67919921875,4927865
2022-04-12,733.513229973118,733.513229973118,714.3537270543173,715.849853515625,3904026
2022-04-13,716.1876568318745,730.1832377268371,712.278558088419,714.8846435546875,6343030
2022-04-18,711.0237902906495,714.4020339389772,698.2347250505516,704.1224975585938,8950327
2022-04-19,713.2920314153474,713.2920314153474,691.9125511579642,698.3312377929688,9957060
2022-04-20,704.6532972502642,718.6006281416369,698.7655252049944,713.6297607421875,6632292
2022-04-21,718.0215339880592,718.0215339880592,704.6050579500085,710.155029296875,6111830
2022-04-22,705.5702630935385,715.1258894006007,703.6398382971129,713.0506591796875,5182247
2022-04-25,704.5567995755114,717.1528095490077,703.7846414418203,713.6297607421875,3571031
2022-04-26,719.0832241767336,732.4996998435784,713.3884475614509,729.9901123046875,4987848
2022-04-27,723.9094173393377,735.0576105839835,720.4346757008685,726.3224487304688,4571399
2022-04-28,724.8745504746507,728.0597397795776,718.6971672254226,721.3515014648438,6101866
2022-04-29,725.8398159992388,734.5267286907191,709.9620582418761,713.2920532226562,7219115
2022-05-02,708.4659536032354,717.1046169997137,704.9429045198787,715.5602416992188,3938533
2022-05-04,711.3615478697599,713.6297734739236,692.0572996236334,697.2694702148438,6785271
2022-05-05,700.7441886288946,707.5971729694631,689.402943151774,693.939453125,4836692
2022-05-06,686.5073266678904,698.7172872201317,683.1290832326179,685.5421142578125,5912312
2022-05-09,681.5364864390037,695.4355692645654,679.9439212458387,686.7486572265625,4819274
2022-05-10,686.2660619607954,703.1572800821932,685.4456549310848,694.6151733398438,6746893
2022-05-11,694.6151636741569,709.4311512268587,691.9608294348727,697.7037963867188,6919703
2022-05-12,690.3682201572793,697.6555625338483,676.8552455579057,680.8609008789062,6754953
2022-05-13,688.1964692326734,688.1964692326734,660.9292178219819,665.9000854492188,11938252
2022-05-16,661.990919428391,673.7182739800495,656.0066495110898,669.0852661132812,5412233
2022-05-17,670.8226922853478,685.3008798886286,666.8170368170149,682.4534912109375,4847812
2022-05-18,695.9181210974632,701.8542007575712,665.2243794111871,671.9326171875,18992703
2022-05-19,661.1705284698565,668.8922280724242,644.617111382095,650.7944946289062,7322668
2022-05-20,664.5487083421099,667.4443454154961,659.2400403742354,663.9696044921875,5577407
2022-05-23,658.081867970572,669.760974518957,655.958388697057,661.990966796875,3788601
2022-05-24,665.2727028368208,665.2727028368208,652.3388320206833,654.6071166992188,4053608
2022-05-25,657.5509176159325,665.9000280612418,655.9100448281281,664.2591552734375,4188088
2022-05-26,665.9966042403704,671.305272824895,652.3871319793465,669.5196533203125,5780597
2022-05-27,672.8012707629418,675.6486590369751,652.4835621557074,660.5913696289062,7131633
2022-05-30,663.5353696703474,679.268322225118,659.2401621026723,674.7318115234375,4675033
2022-05-31,673.2357113711842,682.0191214601576,668.506146608263,675.841796875,44593174
2022-06-01,677.1447939515957,681.6330554846562,667.2031173310667,670.48486328125,3749781
2022-06-02,664.9348879556841,672.7048364844492,659.2883597116298,671.7396240234375,3466993
2022-06-03,672.8013267368241,676.4208734256513,661.4118316050264,662.6183471679688,6673615
2022-06-06,658.4679241816706,665.8035150030688,652.9662016096765,659.1918334960938,6407024
2022-06-07,654.5589097065367,663.3423202845042,649.8775935250873,661.4601440429688,8349903
2022-06-08,658.7574935539494,663.8731077288397,637.4745709292002,640.2254028320312,13904149
2022-06-09,637.0402112817266,655.7653562084009,632.3106467544236,652.8214111328125,6774925
2022-06-10,644.7619787446998,652.9180365156914,644.7619787446998,649.9258422851562,3221484
2022-06-13,637.1368117209613,649.9258786313321,635.1098888320028,647.9472045898438,5982102
2022-06-14,645.8236074798876,665.4174667603588,645.8236074798876,658.3231201171875,8878530
2022-06-15,658.2266524031423,661.1705386395236,650.0705952901009,658.3713989257812,6005970
2022-06-16,659.3366219442369,660.1088390582455,627.3881124005951,631.4420166015625,9525587
2022-06-17,633.1793837066247,638.7293554388093,615.805559153699,621.259033203125,11085830
2022-06-20,622.5138353066935,624.926866640612,612.1378005708436,618.604736328125,3883001
2022-06-21,619.7628492611294,635.2545551803235,618.2185330088448,631.5384521484375,3515991
2022-06-22,626.0367265601443,627.725848226377,619.1354933852406,620.4867553710938,4348884
2022-06-23,625.6024780340755,641.4801758340067,625.2163694862313,637.2332763671875,4336533
2022-06-24,639.0671175974996,652.194041813093,639.0671175974996,647.8505859375,5621332
2022-06-27,651.5183805547056,663.1009295423448,647.8505851576647,660.1570434570312,5284297
2022-06-28,659.2400871974296,661.0740143722521,652.7731521585026,657.4544677734375,3216376
2022-06-29,653.4488252861966,665.1278723063184,651.518400396134,663.8731079101562,5011798
2022-06-30,665.8035100516688,667.5408806109858,655.3792277838762,661.1222534179688,6505666
2022-07-01,661.0257875629522,661.9427512626442,642.8315546631466,650.0223999023438,4488771
2022-07-04,647.174900042516,661.6530857257939,642.8796931740993,658.1783447265625,4229588
2022-07-05,659.5296915294279,665.3209665475324,656.3927508946213,660.6397094726562,3494504
2022-07-06,660.6879344945331,670.7744165697795,660.3983825364469,669.8092041015625,4697006
2022-07-07,667.9269529672924,672.2704085862994,661.6048237931153,662.9078369140625,3485283
2022-07-08,664.0662359831625,672.3670403681924,662.7632226023155,670.967529296875,2732170
2022-07-11,651.51843838332,657.3097133911717,636.0267895196957,637.5711059570312,18687521
2022-07-12,640.1771551624142,643.7002041570134,637.040214711185,639.9358520507812,7416645
2022-07-13,646.6923260929609,646.6923260929609,618.7011657098327,621.1141967773438,12030163
2022-07-14,627.3879902906878,629.5114691171251,606.877229069646,619.3284912109375,11379990
2022-07-15,626.3745954852418,634.6271496796871,620.8728730516483,629.1254272460938,5567877
2022-07-18,634.144607066786,646.6923694592795,626.5677125714615,639.984130859375,8982417
2022-07-19,651.5184388025754,653.4488638064348,640.0323864648531,649.4915161132812,7836419
2022-07-20,656.3445380522082,656.3445380522082,644.9550416742703,647.31982421875,4458819
2022-07-21,648.1401494463872,656.2962062962591,647.8505974985587,654.7518310546875,3550107
2022-07-22,656.0549019496624,658.1783810828838,651.7114460047561,655.2344360351562,2415220
2022-07-25,656.3444873038062,662.6666172741332,653.0144924608419,654.8001708984375,2913348
2022-07-26,658.8540001608873,661.5083344199636,646.9336498712471,660.3018188476562,5016687
2022-07-27,660.157097327095,660.157097327095,646.4028192818984,651.4219360351562,6237523
2022-07-28,655.1862173825144,655.7653802156542,641.0941387878623,643.6519165039062,7374170
2022-07-29,649.3949160742393,656.9718690546599,647.6575454693675,654.3657836914062,7669970
2022-08-01,657.274324652026,676.5189283288264,656.4017486091443,673.2711181640625,8812526
2022-08-02,678.6518162002842,678.9426551439072,660.376715962102,665.8543701171875,6236599
2022-08-03,667.0177801924349,675.5978544222158,666.0482776049458,672.0107421875,5237250
2022-08-04,676.9067553537304,677.1975943110979,659.9404591469385,673.1256713867188,6352142
2022-08-05,676.7127776637618,688.3468082253165,675.1130747920523,682.1904907226562,5811092
2022-08-08,686.3593855300555,688.2014049873479,677.6823253238499,682.869140625,5918607
2022-08-10,692.1279626754729,696.1028998547273,684.4688681022807,693.436767578125,12201239
2022-08-11,696.8784777609409,697.4602148424794,684.178016992899,688.1529541015625,7142902
2022-08-12,688.2014201640981,690.770625810294,685.099059078402,688.0560302734375,4540159
2022-08-16,693.194372230728,694.1638748492326,679.1365842624125,682.6267700195312,6679663
2022-08-17,685.4382785106021,702.5500215799728,680.8816048526583,700.90185546875,8812954
2022-08-18,702.8893615441395,713.5538897882575,698.9144246862827,710.8392944335938,10354897
2022-08-19,707.9308649275516,715.1051492163555,703.8589418589077,709.966796875,13743828
2022-08-22,709.5304200316103,712.0026988817559,702.3076733478199,705.4100341796875,8118490
2022-08-23,702.889393304238,719.9526155963331,700.5141000714267,715.1051025390625,8229797
2022-08-24,700.8049170303566,731.1988584499926,696.1028531818422,716.2200317382812,14922081
2022-08-25,722.0855262762291,731.0534253464849,712.8267882600649,718.4014282226562,9849958
2022-08-26,718.8861388850705,718.8861388850705,705.7978544953895,708.5609130859375,5928897
2022-08-29,695.8120131797917,702.7924435873202,693.2912709687097,698.62353515625,5878942
2022-08-30,699.9808635542488,707.8338107916627,690.0919253922798,704.4405517578125,8894800
2022-09-01,704.3436381487461,723.2489388285817,704.3436381487461,712.6328735351562,11869518
2022-09-02,702.8893856126434,718.3045006355765,697.7025703676197,712.5844116210938,5693707
2022-09-05,712.5844253685315,719.3224804091459,710.8877957843207,717.8197631835938,3660135
2022-09-06,717.8198277797213,741.6695706973522,717.8198277797213,738.033935546875,10166270
2022-09-07,732.4592151661549,738.6640554829893,665.2726967414533,730.1323852539062,126794211
2022-09-08,735.8524432655696,752.3339867906219,733.9619014382421,746.3230590820312,10648073
2022-09-09,749.4255002053236,751.1705930282332,739.6335477401842,742.3966064453125,4627905
2022-09-12,743.6084779150585,747.8743129311342,741.1847214681385,745.6929321289062,2654087
2022-09-13,750.3949960277535,764.8406081220737,746.5169857123645,760.3323974609375,8335652
2022-09-14,752.334018418928,764.355874341511,752.0916427686642,759.4598388671875,6645392
2022-09-15,763.968014187584,766.5372196306804,758.1509988511303,761.1564331054688,5485310
2022-09-16,763.9680032215978,763.9680032215978,752.7702606944047,755.8726806640625,20211162
2022-09-19,749.9103349303713,762.0291186234929,748.6499932610362,758.8782348632812,5760313
2022-09-20,762.7076544392656,772.6450554011269,761.0594882986483,767.991455078125,7936714
2022-09-21,767.9915127974243,772.693576765711,755.2425298625958,756.4059448242188,9966193
2022-09-22,767.07045451829,770.5606401431068,752.6733056750024,760.1869506835938,7721133
2022-09-23,763.9679852455308,763.9679852455308,745.256598456879,747.8257446289062,9271829
2022-09-26,746.4684998410021,747.6319147351792,730.2293321364696,732.0228881835938,13144297
2022-09-27,735.7070568983551,741.669521821714,734.1074130418103,737.4036865234375,5965026
2022-09-28,732.4592307686759,747.4865214065508,731.9744794577766,738.227783203125,5546932
2022-09-29,740.6514755489834,745.5474515298739,736.1432650789496,741.3301391601562,5413233
2022-09-30,742.5905029712595,784.3275766426499,738.2277414200952,775.505126953125,7469164
2022-10-03,778.8984370213025,790.6778584777533,773.7115624438268,778.8499145507812,12619046
2022-10-04,788.205592396108,791.8412270473816,782.8733282409067,784.0367431640625,5772140
2022-10-06,785.8302752951926,790.968626944238,762.6591999951606,764.5496826171875,6503205
2022-10-07,767.8460464131937,772.4996469809495,760.7686893858001,768.9124755859375,6025982
2022-10-10,761.0111404771584,770.5607182053634,755.9212514073163,768.1854248046875,3519416
2022-10-11,773.1783252447213,773.1783252447213,752.334019297685,756.5028686523438,3699862
2022-10-12,756.5029036869427,757.5208696316345,745.7414479737794,751.8977661132812,5984299
2022-10-13,751.3645651437752,755.2425758025818,744.2387442277167,745.4506225585938,2842056
2022-10-14,756.163551296034,756.163551296034,739.7789339770782,742.5905151367188,3608210
2022-10-17,737.7915247825046,747.4865513893706,736.6765730532163,742.6390380859375,4566333
2022-10-18,746.3714991854675,761.6411640357185,745.2081434882487,759.2659301757812,4391263
2022-10-19,763.9195254295997,764.5981890309777,755.7272172690998,759.50830078125,5219180
2022-10-20,758.15108621637,769.7851182299205,754.5639145107759,768.7186889648438,4756732
2022-10-21,765.9070763965433,778.3651615013437,765.6647007394557,773.1298828125,4807736
2022-10-24,775.6020078520083,782.8732766756209,775.6020078520083,777.637939453125,522406
2022-10-25,781.5645296221171,781.7583827993933,774.3417235563361,777.8319091796875,3184277
2022-10-27,781.9038382158224,797.1250407015173,779.6739940953365,792.1805419921875,8159181
2022-10-28,794.0226256363355,799.2579633210171,786.557443816972,791.9381713867188,3905093
2022-10-31,797.9006363061758,808.3712525055789,794.9921285189115,806.6261596679688,5487233
2022-11-01,802.748198913179,815.7880214669889,796.0101436213687,810.0679321289062,10488759
2022-11-02,804.6871738065153,804.6871738065153,782.6309892232644,785.1516723632812,11729925
2022-11-03,785.0546921842049,799.257928253205,779.67396485054,793.6832885742188,5897840
2022-11-04,790.8232894644076,796.7372317058346,784.5215225101441,791.501953125,3768226
2022-11-07,792.0836255817054,798.9186070888798,784.3276047681758,797.6098022460938,7171570
2022-11-09,799.0640066809825,800.3243481504086,789.6113568996785,794.071044921875,3969171
2022-11-10,794.7982201525074,805.3658221687489,792.6168393011152,800.5667724609375,4425290
2022-11-11,805.4143242177956,811.3767891679913,798.6762689845347,801.6817626953125,4325441
2022-11-14,793.053144621161,805.4627663452762,792.0836419993747,796.834228515625,10406576
2022-11-15,797.5613296055412,813.1702976403783,797.5613296055412,809.7770385742188,6229710
2022-11-16,811.9584218320109,818.3086519829337,802.7966104912177,815.5455932617188,3445345
2022-11-17,816.1272329050049,823.495487772544,812.8309597467216,820.3446044921875,4545534
2022-11-18,824.0286961389444,825.8707154616649,805.753537746138,811.7644653320312,7405949
2022-11-21,811.4737122546646,826.7918421805173,809.5347069685124,825.2406616210938,5527122
2022-11-22,827.373528534955,834.3054365036278,819.3266097518753,821.7503662109375,7601660
2022-11-23,825.8707798839393,825.8707798839393,815.9333780685696,817.5330810546875,4596816
2022-11-24,820.1991706672089,825.0466834962114,812.2007744993549,822.4774780273438,3455310
2022-11-25,826.0162778679894,833.7722992564212,815.9334263935291,821.0233154296875,2991065
2022-11-28,814.6245700060977,826.5494403029468,810.5526471995839,811.8615112304688,3668846
2022-11-29,813.4127216590873,819.0358251826489,809.5347110671488,810.3587646484375,2680296
2022-11-30,809.3407229026876,826.0161787210052,807.2078054421341,822.8652954101562,6874390
2022-12-01,826.9856835657191,827.1795959124404,815.9333307137504,822.7198486328125,4506664
2022-12-02,825.4345648561625,825.9677794692086,813.5096351392058,822.7684326171875,3505272
2022-12-05,825.0467082736371,825.6283861610899,815.2062332657413,818.3571166992188,3311316
2022-12-06,819.132738455612,819.2296650423339,804.3962876757237,807.9349365234375,5567349
2022-12-07,812.0068467201562,815.9333202022818,806.6261194169665,808.5651245117188,3771882
2022-12-08,807.5957104731375,814.5761414140171,801.1000308590726,807.2078857421875,4822179
2022-12-09,804.9779966778608,811.0858512210834,798.8216788394028,809.437744140625,4615843
2022-12-12,807.2079112984427,811.4252834794996,800.2275393103101,803.1360473632812,3149823
2022-12-13,796.9311333632568,814.3821800792405,796.9311333632568,812.4916381835938,3832999
2022-12-14,815.01237655707,816.3211813850431,802.8935941730876,803.9115600585938,7491333
2022-12-15,803.7176430199222,805.6566481900547,799.2094323298675,801.1484375,2996482
2022-12-16,799.839645010184,807.3048268650276,794.8952054196182,797.6582641601562,4309644
2022-12-19,797.6098114485801,819.2781711768815,796.9311477848175,814.77001953125,6397169
2022-12-20,814.1398674941835,814.1398674941835,796.9311950940385,803.6692504882812,2828863
2022-12-21,807.5956591107042,807.6441224055543,787.5754069170345,789.1751098632812,5079337
2022-12-22,794.0226919090819,799.5488689988763,784.8124164840071,791.6958618164062,3626834
2022-12-23,789.1751577977439,793.0047051033788,780.4496339400292,783.9883422851562,2804496
2022-12-26,780.4980493093831,790.3385242808026,776.7170247074708,786.2666015625,6023206
2022-12-27,790.1446569929788,794.4589556051742,780.4496305268073,789.9507446289062,1782053
2022-12-28,788.2056297832735,789.0782058104647,777.0078863609536,779.2861938476562,2907741
2022-12-29,782.4371011878591,799.5973099131356,736.918939973999,795.7192993164062,6110313
2022-12-30,799.5488368038452,799.6457633980757,780.4011597174627,781.5160522460938,3113243
2023-01-02,781.6614747706849,791.3080375188825,781.0312744083493,788.6903686523438,1626846
2023-01-03,785.6364500145393,793.8287592548911,783.842893778669,792.6653442382812,1717603
2023-01-04,793.9741423450264,795.4283962015077,781.6129845649347,787.0421752929688,2970216
2023-01-05,799.8396550965302,799.8396550965302,779.2377245864681,782.4855346679688,5297349
2023-01-06,782.9218650361776,787.4785393949729,767.8461104349875,771.72412109375,3199618
2023-01-09,778.2197560219211,796.4463932350345,776.6200530476913,794.4104614257812,4340729
2023-01-10,800.9060661050337,800.9060661050337,766.1978852101753,768.6701049804688,8392344
2023-01-11,751.3645708751279,755.8727819698776,728.7267071511633,742.2027587890625,28389020
2023-01-12,741.6695372569259,745.8383868734246,730.5687199298997,733.8165893554688,12732671
2023-01-13,733.9134873961962,742.5905477279014,729.0659742694048,740.9908447265625,12279288
2023-01-16,743.026757059033,744.6748640086155,731.6351024174268,735.9978637695312,5779293
2023-01-17,735.9979144054889,745.4505646520488,735.6100897002358,742.34814453125,6594428
2023-01-18,744.7719253189559,756.2120444124987,742.6390077179154,752.8672485351562,5800899
2023-01-19,752.3340039821486,752.8187552733742,742.2996759232751,748.4559936523438,4169463
2023-01-20,752.1885858946541,752.1885858946541,735.173826706846,741.1362915039062,6289718
2023-01-23,744.481103735031,752.3340514791685,740.5545706892169,749.1347045898438,2685320
2023-01-24,749.4254236421223,753.8366481302362,737.7913937796313,751.99462890625,5012125
2023-01-25,751.3160084771462,756.6967357628129,744.5779539600773,752.8187255859375,6560514
2023-01-27,751.3160487452175,755.1455958348809,742.4450763206643,750.8797607421875,6745926
2023-01-30,748.0682056778247,751.3160749927421,739.7305067288842,746.7109375,5420851
2023-01-31,751.3645355072404,755.2425460130842,744.9658418420958,746.807861328125,8537557
2023-02-01,752.2855373442065,760.7202216087921,733.5256269529096,745.6444091796875,4472974
2023-02-02,741.7664682533782,757.1815843572957,741.7180049546861,754.0307006835938,2841909
2023-02-03,756.1151542834974,770.7061575990759,754.6609002818036,768.7186889648438,5493687
2023-02-06,765.616158578034,770.4152079287741,755.0485573480703,765.1798706054688,2407975
2023-02-07,769.6880881708937,771.5785707799788,759.1204868429206,761.9320678710938,4126502
2023-02-08,754.2729456680787,757.1814531706548,741.6694131569154,751.4613647460938,9951783
2023-02-09,746.5169749619331,751.4614143733536,738.0822908126801,743.2691650390625,5913945
2023-02-10,745.499084783521,749.6194711025694,737.7915267754929,748.4075927734375,2954992
2023-02-13,747.486559083002,755.8242583812254,743.3177094338903,745.1597290039062,3705892
2023-02-14,745.5474828234302,753.885181328552,742.8328874385353,751.5584106445312,3502010
2023-02-15,751.3645366946861,763.1440172943005,748.6499411710541,761.4473876953125,3602838
2023-02-16,765.5677313728419,766.3917848914007,756.7936857374958,760.5263061523438,3399428
2023-02-17,761.9805917331718,763.4348456549831,746.8078521461091,753.109619140625,3093216
2023-02-20,757.4239323489373,769.5911785634418,753.4004727508019,755.3880004882812,3381774
2023-02-21,759.1690261632697,763.9680760391274,754.4184987581361,755.291015625,2769616
2023-02-22,753.3035042707613,757.8117149349284,743.1237271860213,748.6014404296875,3261898
2023-02-23,750.3950604523633,753.7883197696543,738.6155794385544,739.6820678710938,4062194
2023-02-24,752.0432219132331,752.1401485093113,731.9745051041064,734.0104370117188,4357223
2023-02-27,730.0354031457465,731.392730353627,715.9291532065624,729.9384765625,6719439
2023-02-28,731.9745010781986,734.0104329746132,717.0926590635243,719.6133422851562,10562614
2023-03-01,719.7587533767521,730.4717452640741,718.4014260682596,727.3208618164062,3744982
2023-03-02,728.0964099847284,728.8720001845849,713.3599594925,717.52880859375,4910541
2023-03-03,722.2793955252065,742.5420223711812,720.8736050011814,741.0877685546875,5759333
2023-03-06,743.3176278505138,752.2370632764253,741.7663882434584,743.2206420898438,4597345
2023-03-08,740.7000821313218,746.4201718801082,737.5007349725727,743.1723022460938,3546995
2023-03-09,770.7545875407789,770.7545875407789,746.7109342547587,749.8133544921875,5240056
2023-03-10,749.4255219639792,755.1940743623575,744.7719212431948,750.1526489257812,4113931
2023-03-13,753.7398073952842,754.0791096354228,739.8759320649216,741.9603271484375,3447889
2023-03-14,740.6999766155792,753.0611346022921,740.6999766155792,748.2620849609375,3753502
2023-03-15,734.882901396585,742.2026335005503,729.5506376001719,733.5740966796875,8101060
2023-03-16,727.1269129482979,735.8524359036775,720.8251463694127,723.200439453125,7465693
2023-03-17,727.1269895566812,736.2888014598446,716.6079094439262,734.1558837890625,9306857
2023-03-20,731.9259666310496,736.6280303590794,725.9635022409798,731.780517578125,3566109
2023-03-21,736.821961270515,742.6389767542296,732.119897424009,733.864990234375,5332221
2023-03-22,737.7914689194583,739.924386446221,730.1808972788135,733.6226196289062,2680654
2023-03-23,734.8829444725153,742.4450526468511,733.7679928529618,740.263671875,2454948
2023-03-24,740.2636336871277,743.6084291995,735.7069600306883,739.1972045898438,2336818
2023-03-27,739.7304939893492,746.2261733335719,736.1917857811085,738.5186157226562,2258853
2023-03-28,742.2511400269615,742.2511400269615,720.146493381721,725.6242065429688,4166723
2023-03-29,728.096462144166,731.877546003227,716.316981730259,720.922119140625,4891868
2023-03-31,729.2113663687785,730.0354198664626,719.4193551133378,726.1574096679688,5796532
2023-04-03,731.9744967659111,738.6640886839983,729.114452129229,737.355224609375,2120667
2023-04-05,744.577972900535,744.577972900535,732.9439420739641,740.166748046875,3197932
2023-04-06,739.3426459800661,745.2566472394413,735.9493869402373,742.5905151367188,1777379
2023-04-10,745.4990679247692,752.6248886694224,743.0753113213163,746.274658203125,1701065
2023-04-11,752.3340224606845,752.3340224606845,744.7234506710112,750.5404663085938,3485481
2023-04-12,750.3950162826383,750.9282308806487,741.7664194284957,747.5834350585938,3794841
2023-04-13,746.5170270224893,747.6319787193585,742.1058018793781,743.656982421875,4292170
2023-04-17,764.9375433569343,764.9375433569343,731.3442549506595,736.482666015625,9083437
2023-04-18,741.66947842115,741.66947842115,729.5991593885673,736.57958984375,4051481
2023-04-19,738.1307334465896,743.4629974042156,732.9439185391218,741.3301391601562,3429794
2023-04-20,740.6999666412795,750.152616739123,739.3426393679902,748.746826171875,2355441
2023-04-21,746.1291178812555,751.6068308045992,741.1362153930525,741.8633422851562,4524208
2023-04-24,741.8633806253393,743.9962981204891,732.6046428887988,737.0643310546875,5271105
2023-04-25,741.6209995670447,753.3034936505582,738.5185795216379,749.0376586914062,5773233
2023-04-26,756.1151201661215,756.1151201661215,743.7054392392857,749.86181640625,5057352
2023-04-27,748.4560661728186,765.1315240414704,747.8258657636665,762.5138549804688,4129769
2023-04-28,765.7616499705603,777.5895942208425,763.1925034337291,774.9234619140625,6572656
2023-05-02,775.8445030744277,782.1947336578447,764.5013101263129,766.1010131835938,6301210
2023-05-03,770.2697757864532,770.2697757864532,753.4973935103067,755.5333251953125,3908267
2023-05-04,755.5333711326754,768.5247297588819,750.0557168977118,765.0344848632812,2457671
2023-05-05,765.034399306393,766.8280144361645,756.4543258483542,763.289306640625,1438467
2023-05-08,765.8101630949411,771.0454418746505,761.2534888278593,769.542724609375,2489174
2023-05-09,772.5966226206699,774.0023540098479,766.3917824957996,769.397216796875,2486331
2023-05-10,772.6935001563736,773.2267147019097,764.016440860648,771.7724609375,2737334
2023-05-11,770.3182345894014,770.3182345894014,759.7991556552824,764.5496826171875,4808171
2023-05-12,763.4832482602149,769.494175827297,760.574740647795,767.7975463867188,2576010
2023-05-15,768.8155915823326,778.0258666391196,765.4707956480134,772.7420654296875,7569060
2023-05-16,776.4261764483006,776.8140011792301,760.0900804050127,763.337890625,4846217
2023-05-17,763.9680538640936,773.3237776856066,759.993116847242,768.0884399414062,6529233
2023-05-18,773.6145946867207,778.5105708755359,770.4152480110216,774.9718627929688,11383252
2023-05-19,774.9718566519057,783.6973797930737,769.0579146368326,781.1766967773438,3432240
2023-05-22,776.5715763489428,779.4800841255307,775.1173224606489,777.3956298828125,9996762
2023-05-23,784.2791736758401,784.2791736758401,773.6146446193445,775.5536499023438,6516636
2023-05-24,778.413665529164,778.413665529164,770.754571277164,776.9594116210938,9104329
2023-05-25,775.2142566427815,800.3243976960805,773.5176270898219,797.6098022460938,9570396
2023-05-26,802.6512628521651,804.0569943473455,788.5934745103983,793.0046997070312,6150206
2023-05-29,804.1055106873109,804.1055106873109,793.0531569575247,796.2040405273438,3684829
2023-05-30,796.2040364525558,801.148476205777,788.0117273782038,793.4894409179688,5148256
2023-05-31,794.0226903698606,861.6455019123487,793.0531876954162,823.9803466796875,47342125
2023-06-01,812.3946714705952,812.3946714705952,797.9005965514676,802.6996459960938,9713155
2023-06-02,807.4017202940998,813.7034869353553,801.730153986466,810.9888916015625,6834131
2023-06-05,812.9279371916426,815.6909959562494,806.7716192974345,809.0499267578125,5298053
2023-06-06,809.049906881744,812.6855415741426,800.9545839695002,804.1539306640625,2722174
2023-06-07,803.6207223555764,821.6534469012576,802.0210194089267,818.5025634765625,4110739
2023-06-08,821.8472804311957,823.4954465146324,809.0982988968394,810.5040893554688,4050621
2023-06-09,812.976359391251,814.1882375905623,803.6691584900361,808.0803833007812,3332436
2023-06-12,809.389251905536,817.3876486516508,806.3838174037664,810.843505859375,1569715
2023-06-13,812.5401760819271,818.2602655890751,807.3533603901685,808.904541015625,3224345
2023-06-14,806.626119478519,808.5166612807947,794.0225863616671,802.6996459960938,5108720
2023-06-15,801.7786933091949,808.3712995089106,799.0640977179879,804.3963623046875,3865201
2023-06-16,797.4158896121849,814.3821851358484,795.7677233551376,812.249267578125,4907797
2023-06-19,814.3821980615268,814.3821980615268,802.2634153522778,802.8936157226562,3017364
2023-06-20,802.8451531323541,808.27440369528,801.6332747710422,805.8506469726562,2691557
2023-06-21,806.6261406808701,815.1092881940403,805.0749602336725,813.4126586914062,3022724
2023-06-22,811.1827382190187,817.7753432593918,809.2437332557481,817.0966796875,4380046
2023-06-23,818.260218408469,836.4383926918325,815.6910127735891,828.7308349609375,7667340
2023-06-26,831.2029906877177,831.2029906877177,820.5384625977553,825.9677124023438,4431992
2023-06-27,830.3789815929152,844.7760716147837,827.5674003675284,838.5228271484375,5533649
2023-06-28,842.982489901243,846.957426793673,837.2624010328767,845.6001586914062,6272649
2023-06-30,853.1623788673543,856.0708869771292,840.6073070254087,851.9505004882812,5217511
2023-07-03,853.1622493039084,857.1857085809171,847.9269118318657,852.3381958007812,3333167
2023-07-04,847.1513597366053,847.1513597366053,827.2765564438464,838.7651977539062,7397493
2023-07-05,841.528287309829,844.4367952152777,836.7292374310897,840.219482421875,4284477
2023-07-06,837.9895794149583,851.1263874663905,837.1170625471615,843.1279907226562,6365222
2023-07-07,838.6197633579131,856.6524883571523,836.1960068164162,843.903564453125,18763997
2023-07-10,840.5588319192213,862.469569035621,838.6198265399382,858.397705078125,4310681
2023-07-11,862.857323226275,865.911280118427,859.2701517331698,864.6994018554688,3353977
2023-07-12,862.808837890625,868.3834777578325,856.167709675011,862.808837890625,3033186
2023-07-13,864.1661432922934,866.0566852505353,856.3131956795894,858.0582885742188,4228714
2023-07-14,858.0097964007641,863.0996850234806,852.8229811880643,859.4640502929688,3860080
2023-07-17,858.9793460528722,869.3045729226673,849.28431957372,851.3202514648438,5614592
2023-07-18,850.3022791884293,853.3562361761226,836.8262279869901,848.7510986328125,4731911
2023-07-19,848.7510710707083,850.2537882802407,840.752674544697,844.1943969726562,6641825
2023-07-20,844.4367921049469,859.6579952554796,841.5282842102112,857.8643798828125,3779959
2023-07-21,851.3201543327177,864.6993366864343,848.120807794379,858.979248046875,7001587
2023-07-24,858.0097639754114,865.377959747964,853.9378413963733,861.063720703125,4125577
2023-07-25,860.9183013736554,867.4139805723717,852.2897046385892,856.7009887695312,3652262
2023-07-26,859.4640535605098,869.1590795453999,856.3616334105965,862.275634765625,2845581
2023-07-27,862.227118312257,873.90967204455,861.0637625249478,867.8502807617188,3445446
2023-07-28,872.4553562916725,872.4553562916725,863.390472070886,867.8016967773438,2314339
2023-07-31,866.7353129143912,870.4194109108225,858.2521652768063,862.7603759765625,4424817
2023-08-01,867.2200900361795,870.0316712921554,861.0637720939054,864.45703125,2087412
2023-08-02,856.2647504734587,863.4875570351761,845.9879869013101,851.3202514648438,3328903
2023-08-03,848.3147641849321,855.1497455930452,838.7166648978001,845.1154174804688,4642067
2023-08-04,842.4977531598805,865.7173520926486,839.7831577347351,862.5180053710938,7066276
2023-08-07,858.1552692589648,873.0855741287542,857.1372441671945,864.2146606445312,4086452
2023-08-08,864.79639916026,867.026243511686,853.5986549296498,858.397705078125,3282856
2023-08-09,858.0097922159422,870.0801112971183,851.9988643227318,856.7494506835938,3185159
2023-08-10,855.1012800568323,856.943358638016,841.7221562172219,848.120849609375,3439922
2023-08-11,849.2896284543091,850.9453655365079,842.4719364827722,847.8773803710938,2812690
2023-08-14,847.828604542936,847.92597635398,835.2645497496627,844.4684448242188,2665905
2023-08-16,847.3417054901156,851.2375294234035,830.9792568594177,834.631591796875,3962408
2023-08-17,834.8750394910074,837.4559870517966,827.8625448688899,834.3880615234375,3013019
2023-08-18,834.3881211928294,839.5500761291058,830.0540050824019,833.9498291015625,4929835
2023-08-21,833.3654954988813,851.2375647564485,831.8558161056242,849.240966796875,3220142
2023-08-22,848.3156494929071,857.0325673096432,843.6406727280962,854.79248046875,3333869
2023-08-23,854.1594037305159,854.1594037305159,844.2250407375834,845.5399169921875,1860153
2023-08-24,850.2635620789201,851.9192991175547,841.6927614293203,846.8060302734375,2842728
2023-08-25,846.8060394828711,853.136753358723,838.6734713750204,850.7505493164062,3124339
2023-08-28,851.2861438419534,852.9418807636621,843.2996935603088,847.6824951171875,3094455
2023-08-29,847.3416599121427,847.3416599121427,826.4016073970726,832.9271240234375,14064286
2023-08-30,837.4559892573654,840.134368086054,834.1445747365004,835.4107055664062,3261665
2023-08-31,833.2193021110438,837.1151258497277,824.9893625739633,834.0958862304688,12528190
2023-09-01,830.9305316538671,844.9554614831179,830.540925500741,843.3971557617188,4427899
2023-09-04,843.2023912019934,846.8060402235877,837.3099694015035,842.7640991210938,3102649
2023-09-05,840.6213255914024,845.1989302762921,836.0437803520641,843.3484497070312,2216754
2023-09-06,844.5659279780546,859.4187562534942,843.2510517748638,857.3734130859375,4235096
2023-09-07,857.3734420362485,860.6849161647449,850.4096924081529,852.503662109375,4532834
2023-09-08,858.8343598514836,867.4539058271677,855.2794562391008,862.7788696289062,3741470
2023-09-11,864.8729107295051,869.0609095567643,860.5874806368574,867.5999755859375,2733894
2023-09-12,871.5931898904943,873.15149560806,861.9510023570922,867.2103881835938,4106031
2023-09-13,864.9216136735039,894.0916077546093,862.4867236741721,891.3158569335938,5222561
2023-09-14,896.3316120195932,896.623786903462,886.3972498491956,891.1209716796875,5513106
2023-09-15,888.8321503511669,923.9919947913129,886.2998887330076,911.7688598632812,14003428
2023-09-18,905.1946593173561,911.4279415620655,894.0915380083131,896.2342529296875,2977375
2023-09-20,887.2738643470045,895.3576867872904,881.2353256094291,886.981689453125,5241903
2023-09-21,886.4946883163486,896.1855615880683,879.8230546117438,894.0428466796875,4896202
2023-09-22,894.0428515560409,898.3282219506243,880.261351465072,887.6634521484375,6112928
2023-09-25,888.2478198905148,889.5626366351578,878.5569463699233,886.6895141601562,5278045
2023-09-26,886.2999334544942,896.9647632241839,884.3520215128359,888.9296264648438,5355047
2023-09-27,891.1210043615408,897.0621118517843,883.8163347691661,896.282958984375,4713145
2023-09-28,901.8832192063088,907.7269549679048,894.6759213221188,901.5423583984375,7386917
2023-09-29,907.726956758464,912.0123867703094,897.7925940550438,902.2728271484375,5608557
2023-10-03,894.3350991235884,904.0746591467149,892.1923840293892,901.2014770507812,4338272
2023-10-04,894.3837222764186,901.8345089495174,894.3837222764186,900.1787719726562,5603669
2023-10-05,900.9579757130341,905.3894635737631,895.4551600426539,904.6589965820312,7063132
2023-10-06,904.9999309922357,904.9999309922357,900.2275227934304,901.9319458007812,2420855
2023-10-09,894.0915477843786,903.8797930360447,892.6792997903798,900.470947265625,2248103
2023-10-10,900.4709827828386,929.2026839810675,897.062136877964,923.651123046875,7897875
2023-10-11,923.797277401471,931.8811004121299,923.3102993954607,930.7123413085938,5645289
2023-10-12,930.7123290543776,931.8810881425253,922.3363312395065,925.5990600585938,5544735
2023-10-13,921.6545398322344,931.0532388974809,921.6545398322344,929.3488159179688,4421671
2023-10-16,933.0011320749472,933.7802849607709,919.2683172493909,921.8980102539062,1881721
2023-10-17,921.8980480582716,935.2412572653051,921.3623841426489,928.8131713867188,3863410
2023-10-18,928.1801137674587,933.9264782290278,925.8913408328247,928.0339965820312,2334392
2023-10-19,921.1675353766442,926.5242931583757,916.8334194641325,918.3917846679688,4306963
2023-10-20,913.3758929916157,922.8232777505742,912.5967401079557,920.5831909179688,3125104
2023-10-23,917.0769399238259,924.3816098768477,912.5967661308616,914.8368530273438,2180066
2023-10-25,900.5196281665751,915.1777124543269,895.0654987424481,898.5717163085938,6365249
2023-10-26,897.6465887796198,900.5197114795118,876.6091030997748,881.9171752929688,6595332
2023-10-27,887.0304444715533,894.4812317965318,882.842445478175,890.7801513671875,3508393
2023-10-30,890.9749013404775,907.6782698518512,886.6407854243972,902.126708984375,3686768
2023-10-31,896.3316314744178,899.4969882503947,888.6374152862979,890.5853271484375,5697563
2023-11-01,879.4823037472024,890.7314841153222,872.1289475374311,889.66015625,4821458
2023-11-02,896.0394779246104,901.8345277416032,892.5332602674748,899.7891845703125,6611573
2023-11-03,900.9092746420058,909.3827034926146,898.1822098078761,906.509521484375,3895154
2023-11-06,909.8696611637691,916.2003748442286,905.7790342811307,914.7394409179688,2760800
2023-11-07,911.6714716549412,914.4959677394264,908.165253949526,912.7428588867188,3616946
2023-11-08,917.2716759689886,917.2716759689886,910.0644378094457,912.3532104492188,1808553
2023-11-09,912.3532400350048,912.8889039206678,906.3147012302634,908.0678100585938,3914416
2023-11-10,904.8050894642947,912.5967371668936,904.8050894642947,911.1358032226562,1345614
2023-11-13,913.570671530331,915.8107583027553,909.4800446940695,910.6488037109375,1656368
2023-11-15,923.3102667557565,927.8878717395428,911.8175981093002,925.2581787109375,4816316
2023-11-16,924.2842823559449,929.0566907322129,918.6840351235459,924.8199462890625,5310736
2023-11-17,924.089412959717,929.1539958956386,921.3623481313145,922.6284790039062,3249469
2023-11-20,924.2841896221446,939.1857036563414,917.4178121152213,936.3612670898438,4646962
2023-11-21,941.8154178260005,950.9218823173476,935.9716820380419,945.5651245117188,5704644
2023-11-22,948.9252620594546,950.8731739427525,940.7927537249071,944.4937744140625,3309732
2023-11-23,944.7372804212422,955.4507959724109,938.601369767411,951.214111328125,2749555
2023-11-24,949.6070315082266,951.7010605354144,945.7112077892185,947.8052368164062,2322104
2023-11-28,948.6818095377297,962.2685073350635,945.9060587755622,959.249267578125,5096984
2023-11-29,969.9627470142691,980.8710060149546,965.1416532092849,969.4757690429688,5647918
2023-11-30,969.0862477214073,991.6820394568875,966.8461607464394,988.273193359375,9934052
2023-12-01,988.5653682786216,995.9187243998582,981.9424791782803,988.273193359375,5544950
2023-12-04,1009.0184464558778,1016.8100946910583,998.4996737819373,1005.9992065429688,5164902
2023-12-05,1011.7455039444527,1018.709193980944,995.4803679951552,1004.2459716796875,4266159
2023-12-06,1002.2980228524142,1008.0443866122897,987.0556482294245,997.7691040039062,4121251
2023-12-07,988.565333557129,993.1429386164061,972.0080816650391,973.9559936523438,13805235
2023-12-08,972.6897820796194,977.8517365287585,965.4824845461071,974.1994018554688,6630766
2023-12-11,970.1574618513645,978.4360871177549,966.2129522900182,974.7837524414062,6195119
2023-12-12,973.2254746453123,974.7837803736535,961.2945143606937,969.3296508789062,7119331
2023-12-13,967.3331253925245,975.9039264301448,965.6773882789307,973.858642578125,4153219
2023-12-14,979.7996606634798,984.8642433631768,973.128086354678,979.0205078125,6541673
2023-12-15,973.6150739761094,984.523332889148,962.5119525414527,966.699951171875,10119597
2023-12-18,969.086190762769,972.7872115619983,956.5708803185773,964.4598999023438,5750263
2023-12-19,969.5244174084246,971.959307170641,960.2231504058683,962.7067260742188,3912964
2023-12-20,967.0409446926037,967.7714116990352,943.763372309432,946.2469482421875,3990591
2023-12-21,942.7893915795579,955.9864832605945,934.997743715264,952.4315795898438,4294277
2023-12-22,956.327409557114,972.9333472835748,950.1427533584678,963.7781372070312,4605120
2023-12-26,969.0862127020765,976.3908826470671,963.8755719195391,973.8098754882812,2460643
2023-12-27,973.9560026898023,997.3796921109375,972.0080906844227,994.6038818359375,4791379
2023-12-28,997.2335688535736,1014.8134032602967,995.5778317699823,1009.7001342773438,5288328
2023-12-29,1006.2425902079136,1016.0795212967884,997.7204758428554,1005.3172607421875,4631749
2024-01-01,1005.0738086978541,1005.0738086978541,980.7736549717309,986.6660766601562,3804406
2024-01-02,990.9028215563916,998.7430957319624,989.5392594285636,995.0908203125,6865791
2024-01-03,1005.0737789553631,1009.9923039805631,994.7498698288648,1008.2391357421875,3604276
2024-01-04,1008.287892978971,1031.2246030610402,1000.7884797520878,1020.6084594726562,4664043
2024-01-05,1026.35483941116,1035.9482818502177,1011.8914982752682,1019.34228515625,4008221
2024-01-08,1022.653787292214,1031.4193911832901,1018.0274963497017,1021.7285766601562,4489695
2024-01-09,1029.4714533213216,1040.087597100681,1020.7545950052714,1036.776123046875,3371125
2024-01-10,1039.1622620410842,1045.346977488517,1027.815770240984,1035.02294921875,3111573
2024-01-11,1037.9935634425103,1045.9313282876392,1029.812309607599,1035.1690673828125,2604325
2024-01-12,1030.542808085243,1050.4602793930771,1024.2120941573417,1048.3175048828125,3394013
2024-01-15,1049.9732827828525,1075.9291143141684,1046.564436882113,1073.6890869140625,3312897
2024-01-16,1078.1692862011316,1087.908846148748,1064.5339022744688,1067.3583984375,5025540
2024-01-17,1063.5599205792155,1080.068426735059,1050.7037493154712,1056.9857177734375,4568700
2024-01-18,1047.1974181694297,1067.455750033071,1047.1974181694297,1058.7388916015625,4407330
2024-01-19,1062.5859372829862,1106.754815664053,1061.4172377040122,1095.700439453125,11753391
2024-01-23,1115.179636268418,1142.0121720163006,1105.440076126336,1127.841064453125,18194595
2024-01-24,1110.4071808376661,1162.903431551066,1110.4071808376661,1158.9588623046875,9546592
2024-01-25,1155.1118401939746,1169.3803196710523,1126.9158609598512,1130.32470703125,11424697
2024-01-29,1127.840993587094,1139.2849760349768,1127.840993587094,1131.8829345703125,4015858
2024-01-30,1131.8829670270381,1150.095896314162,1124.4809253501203,1128.47412109375,3902023
2024-01-31,1128.8149678000045,1144.4470086551455,1116.3482838433536,1140.210205078125,5981966
2024-02-01,1134.7074023036857,1139.7231802236747,1119.0266167385205,1121.218017578125,3606209
2024-02-02,1124.91918092818,1144.5930445879676,1115.47185527683,1120.82861328125,4969983
2024-02-05,1124.2860378601854,1129.4480520010127,1081.0911148426662,1084.5487060546875,7809331
2024-02-06,1095.7005428767582,1125.9905518838386,1093.7526308005326,1104.514892578125,9863065
2024-02-07,1109.1409800775912,1118.3448153911254,1102.3232890627967,1104.7581787109375,2770694
2024-02-08,1114.5953317851877,1116.6406157200138,1087.1296997324134,1112.4039306640625,6519392
2024-02-09,1116.104840617232,1116.104840617232,1087.1783947151862,1091.07421875,4203171
2024-02-12,1093.6551393723848,1099.5962467769268,1082.3572743440404,1089.564453125,3887976
2024-02-13,1082.065119492626,1095.7005035366376,1075.052683826437,1088.7366943359375,3211554
2024-02-14,1081.091199330317,1091.9508329036155,1075.9291847860766,1086.788818359375,4653070
2024-02-15,1093.0708758983699,1101.9824782632727,1080.5068196104696,1091.512451171875,5056712
2024-02-16,1094.7265123639788,1097.6971256345778,1087.7627033870003,1090.8306884765625,3091952
2024-02-19,1091.853320199459,1115.1795166819104,1089.2235679084297,1112.452392578125,4711035
2024-02-20,1115.1796838368634,1121.6077700266073,1105.4401232793361,1114.156982421875,5397418
2024-02-21,1124.9191132934343,1128.9610542319738,1103.1024764089161,1110.21240234375,4570259
2024-02-22,1107.9722463371231,1109.0923194390366,1069.0627543444195,1105.9757080078125,8642368
2024-02-23,1097.6484753436944,1102.3721384380674,1086.2532370425372,1096.4310302734375,6709844
2024-02-26,1088.9801669507904,1096.5770712174456,1075.5882721090734,1081.139892578125,3186134
2024-02-27,1084.012893656458,1101.544099483786,1072.617657425134,1098.13525390625,7149094
2024-02-28,1103.881702167964,1122.6303542846065,1094.2395144440407,1099.352783203125,5302711
2024-02-29,1089.7105820495756,1108.3131167656215,1070.3775803769483,1094.0933837890625,13818650
2024-03-01,1098.6223555126314,1111.0402943714844,1088.2984458081996,1099.3040771484375,5927490
2024-03-04,1102.5181919765935,1119.318932976237,1102.5181919765935,1103.9791259765625,5855090
2024-03-05,1103.540855690301,1149.0245517814026,1103.540855690301,1138.4571533203125,5375008
2024-03-06,1143.3754553943347,1165.4355798087272,1127.2078115981408,1162.611083984375,5464839
2024-03-07,1178.3405100486991,1181.9928446371614,1158.4717861092452,1168.454833984375,8903981
2024-03-11,1155.1117596273702,1186.5705844485385,1155.1117596273702,1165.4356689453125,6679208
2024-03-12,1168.7471617448618,1176.5388094898276,1166.60450617144,1172.886474609375,4249548
2024-03-13,1180.434757269385,1180.434757269385,1121.7051586705734,1138.3111572265625,7528096
2024-03-14,1143.3755781509958,1168.4549447015017,1133.246531045428,1163.48779296875,8569080
2024-03-15,1159.0075193311347,1190.953320361576,1156.9134903709298,1188.2261962890625,10115416
2024-03-18,1193.0960713146433,1198.5015745411251,1183.551255187682,1193.3883056640625,4141080
2024-03-19,1184.525176104975,1208.0949813753457,1182.966870366786,1196.3587646484375,7703719
2024-03-20,1196.26140294043,1206.7314294672847,1191.7812293211134,1199.718994140625,6596032
2024-03-21,1205.7574882554325,1210.5298962763454,1182.4799168444927,1189.0054931640625,9952250
2024-03-22,1194.995140116917,1212.575091611989,1190.1741059838155,1203.9068603515625,7840007
2024-03-26,1193.095958175496,1201.8615611335201,1178.4866199121227,1181.505859375,10898138
2024-03-27,1179.0224940614855,1196.261467861563,1179.0224940614855,1192.9013671875,5779169
2024-03-28,1194.9953656807777,1206.2446059695226,1188.5186528569002,1196.6024169921875,10518377
2024-04-01,1196.0179184201083,1199.8163704408694,1176.5387992275982,1185.645263671875,5461473
2024-04-02,1193.0961117940785,1195.774490820555,1171.8638232277463,1176.7823486328125,3625577
2024-04-03,1163.877430127516,1208.289800335749,1158.4719267240346,1193.77783203125,9532291
2024-04-04,1199.8649714618873,1200.8876727542518,1170.013317045236,1175.418701171875,7327626
2024-04-05,1174.4935352030195,1179.8015477156234,1157.9849100756255,1159.9815673828125,4227519
2024-04-08,1157.059689922952,1179.0224445566369,1152.2872819017819,1173.32470703125,4827733
2024-04-09,1183.3077140613948,1183.3077140613948,1167.0914428785984,1173.0811767578125,3372798
2024-04-10,1181.6520573424636,1198.647541127975,1177.2692555637361,1197.3814697265625,6442196
2024-04-12,1194.1673182833897,1199.7675647696913,1187.7879784032207,1193.6317138671875,7877073
2024-04-15,1179.0710797261943,1202.8356292978308,1178.8275907324091,1192.6578369140625,4281602
2024-04-16,1192.0247199747096,1201.812906011378,1180.483365658374,1184.7686767578125,5235632
2024-04-18,1188.2263036521085,1248.4654576451017,1184.1357360648326,1232.7847900390625,19939924
2024-04-19,1246.6635958107058,1262.7338687254532,1220.7076463853323,1255.42919921875,13103862
2024-04-22,1270.0385601244834,1271.4021222341269,1254.6987538959859,1263.756591796875,7894656
2024-04-23,1275.882318705781,1315.8145134133665,1268.1880427765852,1307.3897705078125,12074766
2024-04-24,1316.7884152681422,1318.7363271250476,1298.8189759446304,1301.5947265625,6277492
2024-04-25,1296.3354252856163,1308.802109539023,1289.8585941609256,1303.8348388671875,8512627
2024-04-26,1303.1531706244698,1310.6525845133206,1287.56987411476,1291.4656982421875,5289771
2024-04-29,1290.0046563442759,1310.9447092785167,1285.6218545673419,1297.74755859375,3195888
2024-04-30,1288.689899364918,1300.0365104919558,1285.5731688443097,1287.862060546875,5272565
2024-05-02,1280.995662270619,1285.524581566469,1259.9094905447364,1270.08740234375,7995432
2024-05-03,1271.9865887024664,1276.3693908840598,1225.382815949746,1244.1314697265625,11290875
2024-05-06,1241.7938438479712,1264.633063458771,1240.0406755708013,1249.97509765625,5555467
2024-05-07,1252.8481860122517,1260.7372052622134,1237.8979862741016,1252.6534423828125,5767030
2024-05-08,1242.913968256028,1265.5584451663512,1241.501660726953,1255.0396728515625,2682816
2024-05-09,1249.5855933577361,1261.5653001490236,1236.9729102563635,1242.232177734375,4809145
2024-05-10,1241.842590680244,1274.421369889411,1238.6284884653103,1267.2628173828125,5532513
2024-05-13,1267.262820078417,1268.9672430069998,1248.0271898844126,1252.4586181640625,3703942
2024-05-14,1256.9389093085642,1266.0453737387672,1247.345348008193,1250.8516845703125,3262908
2024-05-15,1248.1732849339446,1283.9174204462504,1247.150583638478,1275.784912109375,6891004
2024-05-16,1293.4134923862373,1321.5120975653526,1286.8880351241648,1310.068115234375,11932181
2024-05-17,1318.3466566119187,1324.5799980279169,1304.370413499182,1309.4349365234375,6614017
2024-05-21,1320.6842998314826,1327.25850265144,1300.9616913716097,1309.2890625,5422220
2024-05-22,1307.1950412057763,1315.8145278431066,1294.9232196466014,1312.7952880859375,3026723
2024-05-23,1315.5709399906789,1341.4295168506565,1309.288971953605,1338.26416015625,7147341
2024-05-24,1339.676341841536,1361.3468606390454,1338.2641533415097,1352.3377685546875,5622368
2024-05-27,1359.6425090570644,1370.356024529577,1342.1113019202255,1348.2958984375,6553974
2024-05-28,1348.7343020848566,1350.8282123498093,1331.3004660911097,1335.3424072265625,2068963
2024-05-29,1320.1974362131416,1354.0424092182368,1320.1974362131416,1341.23486328125,4445083
2024-05-30,1342.8904983457046,1350.3411661777993,1327.988924899303,1341.283447265625,7100303
2024-05-31,1344.0593503147195,1351.850998722341,1303.1531961747064,1336.9981689453125,24825643
2024-06-03,1378.4400470352073,1383.4558255867755,1348.929131122788,1354.8702392578125,6017122
2024-06-04,1354.870189542873,1360.6165538132204,1187.3011283910964,1265.8505859375,19924421
2024-06-05,1291.1247179304962,1313.6230764062013,1246.5174882428921,1309.337646484375,12175520
2024-06-06,1323.6061870572157,1340.4069278421582,1294.3875074312286,1334.904052734375,10279789
2024-06-07,1334.9040201086787,1393.3901232870458,1327.6480957353415,1388.1307373046875,12280748
2024-06-10,1384.040254064603,1399.2339442454434,1384.040254064603,1388.9100341796875,5318477
2024-06-11,1388.861168358075,1397.237165651298,1376.1997411570546,1390.07861328125,4416792
2024-06-12,1387.8873201247216,1410.1421912692,1385.062823905543,1400.9383544921875,4876138
2024-06-13,1411.2622753546652,1418.0312221486088,1383.4557833804304,1388.6177978515625,7990376
2024-06-14,1396.6528168660566,1396.6528168660566,1383.9426443025695,1390.2247314453125,3978442
2024-06-18,1406.3924595439912,1406.3924595439912,1381.0696036242239,1391.1500244140625,8671131
2024-06-19,1396.604067594436,1397.4320252533494,1352.143074205882,1356.0875244140625,8640918
2024-06-20,1369.3333581817928,1370.307314158704,1340.4069132239758,1345.1793212890625,8742855
2024-06-21,1348.8802841285958,1386.8645672692987,1337.0954405734203,1379.17041015625,43929578
2024-06-24,1365.4861692913473,1386.71845542878,1353.1656034007622,1382.8226318359375,6195831
2024-06-25,1396.652908438851,1396.652908438851,1373.1318471858735,1378.0989990234375,6353748
2024-06-26,1378.0988642111874,1441.4059982193828,1372.255128764277,1421.4886474609375,9579826
2024-06-27,1425.8715298921716,1450.220428968199,1402.5453321337807,1437.3642578125,19675528
2024-06-28,1496.2398547362907,1496.2398547362907,1399.2338641732695,1406.441162109375,29145832
2024-07-01,1412.236134189359,1428.5986417833064,1411.505667223399,1416.1319580078125,6011806
2024-07-02,1423.923602280034,1435.0267239146112,1380.0955844259972,1381.9947509765625,7792632
2024-07-03,1390.7603573419824,1395.0945326731442,1371.7682162337367,1382.871337890625,8261388
2024-07-04,1381.0695120944865,1403.567870353912,1374.73879853411,1385.988037109375,9570938
2024-07-05,1385.4522866604134,1396.2631735197538,1379.949411972083,1392.4647216796875,4881198
2024-07-08,1393.7310081213777,1401.3765387902226,1386.085477452533,1397.77294921875,3261797
2024-07-09,1398.6008303042868,1404.1037055387903,1390.9552994043142,1398.16259765625,2897480
2024-07-10,1403.4704700600194,1411.0186283826877,1389.0072485360947,1407.4150390625,3416762
2024-07-11,1412.2360944086286,1413.0639331685093,1390.8090640107046,1400.4998779296875,4178558
2024-07-12,1404.4444778311965,1409.898607364941,1384.4296355317363,1395.92236328125,6342135
2024-07-15,1395.9223729896842,1402.4965756882227,1388.909937667686,1400.1590576171875,3324806
2024-07-16,1414.1840352508098,1434.9293444813864,1407.3663436208128,1428.306396484375,6967651
2024-07-18,1427.8194193693778,1447.2497929701105,1421.0504730891105,1445.009765625,6470342
2024-07-19,1441.454749096759,1441.454749096759,1414.1352382212883,1423.6800537109375,3858596
2024-07-22,1412.2362824384109,1433.6633156892003,1411.3110717408474,1427.2352294921875,3560584
2024-07-23,1431.7152799188873,1431.7152799188873,1391.2473616953482,1427.5272216796875,2936143
2024-07-24,1427.8194310577016,1437.1693844542099,1399.1364757187496,1417.3006591796875,4529339
2024-07-25,1407.3663841201364,1416.1319878966633,1402.593976063583,1411.4083251953125,4277756
2024-07-26,1412.479683442602,1480.4131141753182,1411.4083556250398,1474.958984375,9564987
2024-07-29,1485.2828552167043,1485.2828552167043,1438.5817139812525,1442.7696533203125,4589313
2024-07-30,1445.7404046648364,1446.227382696663,1425.9204225477208,1432.0562744140625,4263689
2024-07-31,1439.3608331912717,1464.9759232339618,1434.7832876037867,1452.7041015625,5634305
2024-08-01,1446.3246733007618,1471.647529533637,1446.3246733007618,1466.290771484375,4531379
2024-08-02,1455.1876232753134,1465.9498845389678,1444.9610853634856,1454.8955078125,3335905
2024-08-05,1443.4027515916946,1449.2464874280981,1413.6970944233094,1427.5272216796875,5111901
2024-08-06,1444.4739864717785,1454.018801947072,1393.8282791472557,1405.9541015625,8249573
2024-08-07,1422.0649265893228,1424.905162819,1393.2710260658325,1412.0262451171875,5700734
2024-08-08,1405.4154485280849,1436.266031544555,1400.5185305889627,1421.869140625,5986360
2024-08-09,1434.7969965083105,1451.446517969499,1427.255790491473,1433.91552734375,3615910
2024-08-12,1435.776393395482,1447.0393050762789,1415.2093372827228,1428.5289306640625,4028226
2024-08-13,1437.7351329192459,1447.920746327499,1420.4489883708943,1429.606201171875,4495208
2024-08-14,1423.142374526713,1449.585733385574,1423.142374526713,1441.35888671875,5891784
2024-08-16,1449.4878617573813,1460.261082351524,1437.833171931165,1452.9647216796875,7176426
2024-08-19,1456.3434786014188,1458.400160343048,1434.1115177044917,1439.3511962890625,4404075
2024-08-20,1449.4877646236089,1454.1398368411508,1416.6784131946285,1419.2738037109375,10046892
2024-08-21,1423.0444195151686,1436.3640130204067,1417.8536384360075,1433.2789306640625,6175510
2024-08-22,1443.3175606828124,1468.9774826849505,1434.7969712008999,1455.706787109375,6781325
2024-08-23,1462.2197544318794,1478.8692760831466,1448.8511440188054,1475.686279296875,6238112
2024-08-26,1477.889947916776,1489.3486889558953,1473.9724132635838,1482.34619140625,4307432
2024-08-27,1486.7043729990971,1494.8822025235036,1471.034234680266,1491.3564453125,3965066
2024-08-28,1496.4491531781878,1532.2456722824425,1490.279108109249,1524.263671875,6225319
2024-08-29,1532.735352127905,1539.2971745040477,1514.0780465057771,1533.6168212890625,8036748
2024-08-30,1543.5086681019654,1575.2407230066742,1529.4055193050206,1556.2896728515625,37820442
2024-09-02,1571.9107513622646,1571.9107513622646,1533.225097356776,1538.9544677734375,4890314
2024-09-03,1546.4468310879597,1546.4468310879597,1526.4673801004715,1528.4261474609375,4546295
2024-09-04,1525.8797206896243,1533.7147898587623,1510.2095823513482,1529.6993408203125,5213811
2024-09-05,1526.8591433049655,1530.7766779895196,1509.7199290600413,1515.3023681640625,5652812
2024-09-06,1520.7869312087687,1523.529133609417,1498.6527657792883,1507.5162353515625,5497805
2024-09-09,1491.8461249392576,1514.861640406891,1491.8461249392576,1510.84619140625,3912508
2024-09-10,1513.2946377345995,1553.302435054624,1513.2946377345995,1545.3204345703125,6163457
2024-09-11,1545.90798806897,1565.9364543236159,1541.990453688051,1545.271484375,5994914
2024-09-12,1563.2432593362764,1618.725367817293,1557.3179403471083,1612.800048828125,12204496
2024-09-13,1616.9623870768355,1620.782007177514,1597.4237313112744,1600.7535400390625,5609618
2024-09-16,1600.7535265260701,1618.8721236843983,1596.4932316455206,1601.73291015625,3762063
2024-09-17,1615.9829651769596,1631.7021200233282,1604.7200536014839,1627.49072265625,4223072
2024-09-18,1621.0757257767227,1636.5010178466666,1613.877280054815,1620.781982421875,3171195
2024-09-19,1613.7304018608315,1676.410955832833,1613.7304018608315,1630.52685546875,8498240
2024-09-20,1636.5500772464218,1687.869804357462,1631.6531590021177,1676.4599609375,21646275
2024-09-23,1683.560492607718,1718.0837662344907,1683.560492607718,1714.362060546875,5001827
2024-09-24,1715.8800465057552,1731.1095091235463,1710.1016594247126,1720.4342041015625,7579205
2024-09-25,1719.3570687227157,1730.4730495895321,1709.0245230683695,1724.1070556640625,4017103
2024-09-26,1733.5090056407637,1742.3234582118184,1710.1507302382015,1734.5863037109375,7417423
2024-09-27,1719.01402308699,1727.093937675068,1686.9882276320716,1698.8387451171875,7116861
2024-09-30,1678.6635070934378,1697.2717956784875,1669.0654998965256,1674.3052978515625,6907288
2024-10-01,1669.849119882148,1687.3310940886556,1661.0346670499255,1663.678955078125,3649090
2024-10-03,1630.6738406183076,1660.0553512600789,1630.6738406183076,1638.9495849609375,7200276
2024-10-04,1635.6197364369107,1651.9263788050805,1596.5423043193828,1607.0706787109375,8576527
2024-10-07,1616.9623093920654,1635.570597628558,1608.5885318641795,1627.7845458984375,5387707
2024-10-08,1628.3232687656362,1644.8748767291975,1617.941825755662,1623.2794189453125,5224335
2024-10-09,1632.3876817078933,1669.4573285652077,1626.8052427822563,1643.503662109375,3414614
2024-10-10,1651.8284230480383,1663.9237870893628,1630.6737603381684,1643.503662109375,5047657
2024-10-11,1643.5036230211854,1655.403157872996,1624.4546595007607,1652.6119384765625,2367678
2024-10-14,1651.2407635370012,1674.7949871372712,1644.7278386312976,1660.642822265625,2069815
2024-10-15,1672.7872589373453,1697.0270040536798,1664.9031728053133,1681.8465576171875,5891334
2024-10-16,1684.5399161027499,1706.3312028081489,1681.6996795427726,1698.2022705078125,3299887
2024-10-17,1700.9445246354699,1702.1197371736191,1659.467651688099,1666.0784912109375,4373392
2024-10-18,1674.7459574416075,1680.7201734960177,1650.457196319235,1672.6402587890625,4154915
2024-10-21,1670.38787153984,1673.7176803855682,1627.7356647532665,1657.6558837890625,3836168
2024-10-22,1657.1170925704498,1677.5862342322007,1652.5629348060213,1657.3619384765625,3070057
2024-10-23,1655.1582851764588,1666.2742651336275,1645.4623636188348,1651.044921875,2764757
2024-10-24,1652.2200908634575,1658.096392312883,1623.2303609570235,1643.8463134765625,3669575
2024-10-25,1646.4417446081984,1650.016518655802,1621.7123087298432,1631.653076171875,3434386
2024-10-28,1623.964992196376,1643.2588019120608,1611.7226968047826,1629.0577392578125,2811651
2024-10-29,1616.4727642494965,1633.5629616483573,1576.8077251994482,1603.3489990234375,6990747
2024-10-30,1594.2406403208079,1616.962291569245,1584.4468045148162,1599.6761474609375,4622628
2024-10-31,1600.3128373142442,1605.0139265182734,1569.119492884427,1579.35400390625,4921681
2024-11-01,1586.6014935253534,1592.8205557157842,1572.2534993182333,1583.1246337890625,279441
2024-11-04,1585.769041276362,1590.372096553199,1540.6194794782016,1558.4442138671875,6094029
2024-11-05,1550.609117509147,1561.0395769805762,1533.7147500516812,1545.859130859375,6473278
2024-11-06,1550.364313598837,1577.5422098100612,1534.2044834191904,1565.838623046875,6631728
2024-11-07,1563.0472282862656,1575.387557444631,1537.2895110140255,1543.312744140625,5160994
2024-11-08,1538.6117219378443,1546.936483004981,1526.71218661938,1537.534423828125,3096384
2024-11-11,1528.8178720850538,1548.9931512908813,1519.8075903593187,1528.377197265625,3664301
2024-11-12,1536.457166384607,1562.1169710021709,1518.1426198199647,1523.5782470703125,4479934
2024-11-13,1527.7405989044787,1540.0808091401138,1514.469902457352,1518.4853515625,5816699
2024-11-14,1518.044609948152,1535.6735150959369,1504.871948089745,1518.5343017578125,5139154
2024-11-18,1536.6038808689812,1536.6038808689812,1497.918227927031,1505.3126220703125,4816078
2024-11-19,1505.3125940233479,1525.8796496345974,1487.9775521153313,1494.0496826171875,6238241
2024-11-21,1506.2920875243688,1510.2586392174064,1479.8487283805728,1493.70703125,7356679
2024-11-22,1501.3951037772642,1542.5292162095182,1488.858945500254,1536.94677734375,7640321
2024-11-25,1549.3358840882354,1576.0731049816286,1530.3359373284065,1546.201904296875,12155641
2024-11-26,1557.2199290262424,1571.7637516224531,1533.7147225503745,1544.7327880859375,4030593
2024-11-27,1536.799872793933,1551.0988501218922,1522.109118096646,1545.1246337890625,4982785
2024-11-28,1538.6116670709862,1555.750880421554,1524.8512793880643,1528.230224609375,6714728
2024-11-29,1519.1709687648715,1614.9057203101715,1519.1709687648715,1593.6041259765625,10775801
2024-12-02,1593.6041523731776,1612.2613394353152,1583.8592131867144,1609.7149658203125,3790108
2024-12-03,1618.8232966936391,1618.8232966936391,1579.8927956995556,1587.1402587890625,9131055
2024-12-04,1596.1505389133515,1596.8850766671083,1549.7767459702447,1551.441650390625,8772014
2024-12-05,1567.0138480869002,1588.6093055023152,1552.6658536296206,1582.04736328125,10324005
2024-12-06,1584.6426847539194,1591.155609686663,1561.9210327692717,1564.9080810546875,4296866
2024-12-09,1562.9983056409765,1572.792141606452,1556.289551915358,1569.51123046875,4264409
2024-12-10,1577.346365866492,1578.6194928635823,1537.6813285309088,1546.10400390625,14645786
2024-12-11,1555.261135337031,1555.261135337031,1538.807443262631,1553.3023681640625,3853182
2024-12-12,1545.9571407435683,1584.544881692818,1545.9571407435683,1577.346435546875,13120939
2024-12-13,1584.6426646466664,1650.261365840317,1573.6736161491926,1647.078369140625,12900707
2024-12-16,1647.0784097525554,1652.220173778838,1625.9237473837254,1628.2742919921875,4375126
2024-12-17,1616.4726687729897,1624.4546692062916,1575.3385566321442,1581.9984130859375,6182486
2024-12-18,1587.9727378014427,1589.539727793647,1563.1942826397521,1568.874755859375,3905144
2024-12-19,1553.6941612863984,1576.5627443522937,1552.7636751375935,1567.3076171875,5865855
2024-12-20,1576.8076698307793,1588.8541364962953,1540.9622523031237,1545.5653076171875,9738879
2024-12-23,1553.302490752803,1574.3102225193852,1545.810181814163,1554.1839599609375,4363599
2024-12-24,1557.2199436637693,1565.8385672740658,1542.5291894782622,1551.2457275390625,3610076
2024-12-26,1551.2458086805107,1573.722615938572,1548.503486600974,1566.524169921875,3400479
2024-12-27,1566.5240609413831,1594.877168208542,1563.3900812573695,1566.8668212890625,2559578
2024-12-30,1571.9107803645957,1579.794866679481,1548.5034868895539,1554.1839599609375,4438130
2024-12-31,1550.3642851826976,1564.2714848972985,1531.1193729562094,1555.016357421875,2249626
2025-01-01,1560.158202120047,1573.4288988044955,1551.3927660061897,1562.802490234375,1405565
2025-01-02,1566.915906027072,1586.2097158702666,1555.6529941923711,1576.5137939453125,3728040
2025-01-03,1581.7045202854622,1583.663287493246,1560.4519439024723,1565.887451171875,3669685
2025-01-06,1563.2432301014803,1576.660738227019,1534.7920873704866,1555.701904296875,4584188
2025-01-07,1561.137572711006,1569.9520257564257,1551.3927529989269,1558.052490234375,2830856
2025-01-08,1565.7895498054065,1580.186441081448,1545.3204084022998,1566.230224609375,3674564
2025-01-09,1567.0137548524667,1586.7972556860143,1559.5704634276497,1573.91845703125,4684859
2025-01-10,1574.84890484597,1591.4984268499386,1558.9829375813024,1582.5860595703125,4145892
2025-01-13,1547.4261337781222,1581.4106978820362,1545.5652809723395,1564.271484375,3705039
2025-01-14,1571.6168350423754,1599.7252164512684,1545.957032218217,1567.1116943359375,7284572
2025-01-15,1574.89790648964,1580.5782598563335,1560.1581349201829,1574.3101806640625,2960985
2025-01-16,1585.6711544133693,1601.2922758887987,1567.552556796279,1596.5911865234375,5299325
2025-01-17,1596.493273007769,1605.209811452933,1589.5396729640697,1593.9468994140625,2678801
2025-01-20,1604.2303474163514,1611.0860326617203,1584.7405897366411,1607.3154296875,3933044
2025-01-21,1619.9004426029326,1622.5447304495628,1586.8952637522568,1592.6246337890625,7958844
2025-01-22,1593.9468724639598,1607.168551590389,1589.0989712724024,1598.1092529296875,3262136
2025-01-23,1591.008815998553,1611.4779591794445,1583.8592671879856,1602.271728515625,2457080
2025-01-24,1600.3618846597449,1627.6376951212437,1600.3618846597449,1610.8902587890625,3620058
2025-01-27,1605.1607516842503,1613.2406666273066,1560.8436424511233,1569.5601806640625,6622807
2025-01-28,1574.5061166137216,1596.6891797430176,1564.075657043929,1584.9854736328125,5216471
2025-01-29,1586.601465377702,1593.3592362705992,1560.3050390752305,1567.4544677734375,5009227
2025-01-30,1573.5756453176868,1611.037069517956,1562.3127334666256,1606.9237060546875,4283637
2025-01-31,1605.3076448713791,1605.3076448713791,1541.7946419255927,1592.7716064453125,8340866
2025-02-01,1593.457234669187,1610.1067570965847,1576.024157482561,1589.7845458984375,2741589
2025-02-03,1586.503594361229,1626.7562383593265,1574.9468195002435,1618.2845458984375,4146970
2025-02-04,1627.8825396936547,1633.9057729850488,1595.4649651491256,1627.1968994140625,6385876
2025-02-05,1635.5706909498217,1640.6634380941864,1615.1015488110334,1626.217529296875,3920893
2025-02-06,1631.5552694486014,1632.9264304886667,1579.9906956383725,1586.356689453125,5229162
2025-02-07,1601.3412685835613,1672.3465824915468,1601.292251580089,1642.1815185546875,14873255
2025-02-10,1663.8258611521812,1664.9521762409597,1643.4547533162563,1658.1455078125,6782878
2025-02-11,1670.828463566607,1671.4650868333297,1651.4366199780725,1661.7691650390625,8965266
2025-02-12,1668.869644129977,1678.3696171700503,1649.7716640475035,1676.2640380859375,7148192
2025-02-13,1674.7460797210422,1692.7667632030439,1668.7718632304325,1679.251220703125,5356002
2025-02-14,1678.66346700579,1688.555217317204,1670.0938606252178,1681.650634765625,5125863
2025-02-17,1676.459988506573,1681.503838291885,1631.8980317505927,1641.00634765625,4906462
2025-02-18,1657.1171467569811,1660.985664378593,1621.6635062140265,1634.493408203125,7529598
2025-02-19,1635.570745505947,1638.949571380284,1604.671142582255,1611.281982421875,7776555
2025-02-20,1606.042291115048,1615.7872303866636,1593.7020807547667,1609.6170654296875,5524503
2025-02-21,1609.6170925915887,1624.5036768403306,1595.611858019855,1605.4547119140625,5447583
2025-02-24,1593.4572217245966,1603.7897672038362,1565.0550954615276,1568.287109375,4673190
2025-02-25,1564.0756459615916,1615.1505258127734,1564.0756459615916,1607.560302734375,6286808
2025-02-27,1609.5190704960446,1621.8592802393061,1604.8669982852132,1616.374755859375,7568745
2025-02-28,1608.0989003152085,1614.464893897771,1527.3487680009405,1537.828125,13640211
2025-03-03,1546.4468191727033,1569.7071813990185,1540.3256712184098,1562.9005126953125,6993525
2025-03-04,1556.2406815759798,1557.7097571092486,1535.673624110218,1542.8720703125,5219668
2025-03-05,1545.467381786604,1592.5757108948412,1544.5859126010873,1584.8875732421875,6295425
2025-03-06,1584.642714704449,1598.1092396285444,1557.6606478532499,1593.3592529296875,5174009
2025-03-07,1595.4159062255637,1608.5396705558314,1582.2921418952958,1597.080810546875,3035558
2025-03-10,1606.1891532670866,1620.7819932654293,1593.0653887138053,1597.32568359375,3778450
2025-03-11,1596.3953717296026,1641.8387976331303,1590.5680867524259,1628.666015625,6078564
2025-03-12,1655.1583080000062,1681.2589052292008,1600.3128256047398,1608.9803466796875,9907628
2025-03-13,1616.766517959291,1622.7407340944999,1596.0035136084095,1598.84375,8317331
2025-03-17,1578.9622290826883,1614.4159879653216,1578.9622290826883,1605.356689453125,6405522
2025-03-18,1605.356689453125,1605.356689453125,1605.356689453125,1605.356689453125,0
2025-03-19,1601.2921285732214,1608.1968305270643,1593.9467518366469,1603.3978271484375,6283464
2025-03-20,1625.776883315313,1674.4033061758093,1612.163426465975,1670.093994140625,12074465
2025-03-21,1674.4031462595856,1695.7047389312363,1657.1170023187558,1690.22021484375,14715349
2025-03-24,1704.1275090711138,1704.1275090711138,1679.4959869689217,1683.3646240234375,4120999
2025-03-25,1689.4367543165135,1704.6172005147198,1670.9263798802256,1694.8233642578125,4857399
2025-03-26,1703.2950037073958,1728.6120457356244,1690.5630169682665,1702.7073974609375,7142394
2025-03-27,1704.0784219460495,1710.395517805376,1677.9289280319506,1689.142822265625,6222339
2025-03-28,1697.5657818317122,1709.7590608367752,1625.776910204237,1697.6636962890625,4133264
2025-04-01,1679.6428642481715,1728.6120439638617,1673.2278538839514,1688.604248046875,6773056
2025-04-02,1684.5398635826323,1724.1069866147252,1681.552695654231,1718.426513671875,6431226
2025-04-03,1711.962673611111,1718.7693423695034,1699.6713605986702,1710.00390625,2341989
2025-04-04,1718.3285846256867,1734.292585669951,1704.1275219428298,1707.50634765625,7817334
2025-04-07,1694.333698317519,1738.161116236426,1634.9830736051072,1651.87744140625,14870388
2025-04-08,1685.2253839852283,1706.3801662830263,1671.6120470123005,1684.931640625,7206935
2025-04-09,1684.1970896124594,1691.2486039536727,1676.3130035396634,1680.181640625,5600666
2025-04-11,1723.7151821461289,1730.5708675296646,1696.6352009704297,1720.38525390625,8340002
2025-04-15,1770.9214425655305,1782.4782172903078,1744.380169944084,1761.71533203125,10313411
2025-04-16,1765.2411558332735,1788.844278437926,1757.1122235272528,1785.024658203125,6180958
2025-04-17,1796.1896696502415,1858.5763622631896,1788.060737282373,1850.1536865234375,10894325
2025-04-21,1859.2619215563914,1865.040308929045,1830.0762413340394,1844.5711669921875,3501123
2025-04-22,1849.0763878627756,1849.0763878627756,1798.9319912676267,1814.014404296875,6155127
2025-04-23,1828.5092503490482,1847.0196249997905,1798.2462720538554,1842.8082275390625,6855027
2025-04-24,1835.8546260356482,1839.0866398565374,1801.5761987690448,1807.5504150390625,5180688
2025-04-25,1808.6276562019516,1823.3184102823932,1768.7667912851523,1779.73583984375,4570083
2025-04-28,1798.1484111763282,1800.9886477190944,1776.0143642305343,1784.2412109375,3301891
2025-04-29,1786.1017951001916,1809.7050351278385,1780.1275791459118,1786.1998291015625,4684155
2025-04-30,1799.127741000645,1838.2051720240217,1789.3339046315616,1826.060791015625,9139821
2025-05-02,1813.8185074238856,1844.767006641983,1794.3287490111354,1810.0968017578125,3866806
2025-05-05,1829.4886745440615,1834.875284667184,1811.0762139381034,1827.5299072265625,3548839
2025-05-06,1849.3701036142118,1872.5814471618555,1843.7875453502033,1861.8082275390625,8597920
2025-05-07,1861.808309777994,1877.4784481033216,1846.6278632753329,1857.6949462890625,5554616
2025-05-08,1857.890815076663,1866.509439162061,1824.0041641314917,1836.2464599609375,5500724
2025-05-09,1816.7566326530948,1832.5246851767095,1798.638035508037,1810.292724609375,3686209
2025-05-12,1830.3701042090893,1844.5711669541938,1815.7772640982137,1832.23095703125,3936019
2025-05-13,1831.4473706707397,1844.8648784525835,1779.1482614157194,1783.0657958984375,8817763
2025-05-14,1792.2720126215197,1832.1328778676475,1782.674005388201,1796.3853759765625,7401614
2025-05-15,1811.7616920076102,1831.3493634287345,1787.375017177579,1828.7049560546875,8788351
2025-05-16,1796.1896015743437,1796.1896015743437,1772.7823085918399,1776.6019287109375,100662047
2025-05-19,1784.4369038893187,1790.9987261315525,1771.7049171985607,1780.813232421875,5799804
2025-05-20,1772.4885248335593,1787.2771935976427,1762.4008257173512,1771.6070556640625,12512596
2025-05-21,1775.6226128472222,1788.8442925347222,1768.0814063284133,1784.9267578125,6849562
2025-05-22,1782.3803981321564,1798.8339723623242,1778.85464076524,1793.643310546875,6496923
2025-05-23,1787.3751889834023,1803.8288823801695,1783.9473461552147,1793.93701171875,3460945
2025-05-26,1796.1894686637636,1811.8596057949633,1793.1534035053253,1809.313232421875,3254715
2025-05-27,1805.9834265621762,1819.3030201141573,1795.895727279977,1805.78759765625,5847725
2025-05-28,1809.9010006530016,1828.5092901618798,1807.0607641330178,1817.833984375,3713699
2025-05-29,1819.6947968347397,1828.5092495642944,1812.3494195601106,1825.1793212890625,5786774
2025-05-30,1815.7771666297294,1828.5091532350082,1805.0039471944938,1817.9317626953125,16712960
2025-06-02,1805.983371549025,1820.6741256559856,1793.7410764598912,1815.8751220703125,3199499
2025-06-03,1828.5093463706075,1830.9578055917787,1794.2309172742116,1803.3392333984375,5596977
2025-06-04,1816.7566340175993,1845.7463655607316,1811.8597158666082,1836.736083984375,5892170
2025-06-05,1845.158664763406,1850.0555826635211,1830.0761337203191,1840.06591796875,8999675
2025-06-06,1833.5040412553128,1843.1020485012896,1828.8030716367302,1831.6431884765625,4644174
2025-06-09,1835.3648533182923,1836.3442369113116,1810.5864005934377,1826.6483154296875,3649505
2025-06-10,1828.1174991773566,1836.9319520369907,1812.1536173971094,1818.8133544921875,7925901
2025-06-11,1819.5968546367014,1828.0195298724475,1809.70510396843,1821.849365234375,8907265
2025-06-12,1833.30819684999,1844.1793309710038,1793.838989688041,1806.17919921875,7346031
2025-06-13,1777.581273695314,1806.5710049919535,1777.581273695314,1802.4576416015625,4613000
2025-06-16,1804.1225208023632,1831.447347382601,1800.8906266274153,1822.9267578125,5722187
2025-06-17,1840.2618268610227,1840.2618268610227,1809.509157200723,1816.560791015625,6561555
2025-06-18,1809.5092379214143,1832.4268396232678,1805.1020114231221,1827.4320068359375,5069427
2025-06-19,1833.406182363812,1840.2618678747876,1825.66902766212,1838.3031005859375,4712312
2025-06-20,1841.2412131370274,1908.8186831936525,1835.3649113929732,1896.772216796875,16228526
2025-06-23,1890.210450398653,1908.8187398067225,1887.370213894056,1896.380615234375,2946463
2025-06-24,1910.6795910598546,1922.5301093411883,1889.3289796196211,1893.7362060546875,6837210
2025-06-25,1901.9631071416038,1929.3858501899895,1898.045572420406,1925.0765380859375,4152765
2025-06-26,1929.385719028242,1976.7879098430187,1925.7620474789437,1972.7724609375,9413241
2025-06-27,1968.5611570707292,1996.963283217521,1967.1899960356675,1985.30859375,6405854
2025-06-30,1976.3961578951812,1982.174545201148,1958.963081525383,1968.1693115234375,5597484
2025-07-01,1967.5817202822354,1988.9323313203035,1965.5250385620116,1977.767333984375,3769165
2025-07-02,1995.0045311240567,2003.6231552213676,1976.6901043593589,1991.380859375,6513288
2025-07-03,1999.7055655106897,2002.7416308862903,1971.4013543821982,1977.66943359375,5558647
2025-07-04,1985.2106785867777,1994.5148233556847,1963.7621525245636,1975.6126708984375,2178315
2025-07-07,1976.3961602018137,1994.0250654959825,1969.1486974479224,1991.9683837890625,4165432
2025-07-08,1984.2312691223447,1993.045721946679,1973.2622200957514,1988.1488037109375,3624619
2025-07-09,1993.0456522551126,1998.6280910271873,1957.2981503841977,1978.06103515625,2937734
2025-07-10,1986.7776124227605,1986.7776124227605,1921.844549338382,1923.9991455078125,5695845
2025-07-11,1901.963053326605,1918.7104898751322,1874.736139963181,1882.2774658203125,13103980
2025-07-14,1875.5197082005461,1887.7620039459805,1861.024782216484,1881.298095703125,5269381
2025-07-15,1885.1177416555859,1902.9424766831307,1883.5506321358125,1894.3238525390625,4163140
2025-07-16,1903.9217791883793,1903.9217791883793,1889.0351958145457,1896.67431640625,4211258
2025-07-17,1903.6279716002293,1904.8033037241096,1887.8599185892729,1890.112548828125,6256455
2025-07-18,1891.297532184274,1892.186370351953,1868.287196150176,1877.372802734375,4643961
2025-07-21,1871.2498968225996,1896.03790902182,1869.0771679217364,1885.4708251953125,5109654
2025-07-22,1885.4709045378984,1887.5449005198893,1859.5965870759885,1883.100830078125,4513541
2025-07-23,1896.1366273100134,1924.776190951675,1883.5945217985336,1919.640869140625,5194282
2025-07-24,1919.640869288336,1945.9102380372574,1909.6663041284937,1912.0364990234375,4150685
2025-07-25,1912.0365326436295,1928.4301900794749,1901.0745166840238,1913.814208984375,3896884
2025-07-28,1906.0124370549743,1906.0124370549743,1861.5717325640553,1866.805908203125,3575044
2025-07-29,1856.6338604698753,1899.6919407829134,1856.6338604698753,1894.4578857421875,3748040
2025-07-30,1909.9627019164334,1915.098023938185,1898.2105805189387,1908.580078125,5044683
2025-07-31,1889.2236775971553,1902.5558885995397,1872.039914861235,1890.507568359375,4674966
2025-08-01,1890.2112083270038,1895.840315741839,1854.6586464148972,1860.9791259765625,5192594
2025-08-04,1868.4846269252325,1896.0378862849125,1855.1524163208508,1890.8037109375,3074380
2025-08-05,1896.1366510069379,1913.5178795305437,1888.3348146343578,1907.7900390625,5167672
2025-08-06,1906.0123840294045,1940.3799094341891,1897.7167619779266,1905.716064453125,5461349
2025-08-07,1904.1359872478954,1909.2714297675527,1885.3721346386885,1898.704345703125,4268534
2025-08-08,1862.8555496510396,1870.262333439792,1832.932094923232,1835.499755859375,93801105
2025-08-11,1839.8450716527227,1842.8077851336448,1822.7600423581562,1834.314697265625,5266532
2025-08-12,1834.3147096906787,1841.820226449231,1824.1426784493622,1827.302978515625,4645011
2025-08-13,1829.9693807079097,1849.227018551301,1828.784343523411,1844.1904296875,6697206
2025-08-14,1849.7207591186288,1859.5964705928338,1843.597866225869,1850.5108642578125,3958631
2025-08-18,1868.9784718755761,1888.828628628729,1847.0544397398173,1868.781005859375,7146376
2025-08-19,1877.4715117278834,1907.7900187292848,1876.3852075604461,1885.964599609375,5706265
2025-08-20,1912.9253388505097,1927.7389062654595,1902.0620560795467,1904.4322509765625,6962619
2025-08-21,1906.0124292991263,1916.7769795648605,1903.7409673020275,1905.9136962890625,3376913
2025-08-22,1909.962613891984,1923.4922904951002,1893.5689568285607,1909.2713623046875,3271920
2025-08-25,1915.8880734007598,1915.9868064073212,1889.4211177737689,1906.70361328125,2451388
2025-08-26,1898.2104956306462,1901.8645812412458,1872.6323785689278,1881.0267333984375,5984656
2025-08-28,1869.472213737456,1876.1877458749298,1854.8561122867761,1857.7200927734375,5494113
2025-08-29,1849.2270046952606,1876.483944712588,1849.2270046952606,1865.324462890625,4339042
2025-09-01,1865.5219814877794,1881.1256545409544,1860.7815915454387,1876.977783203125,3421488
2025-09-02,1880.8292921474092,1893.6677173497806,1854.6586561579597,1863.7442626953125,4423049
2025-09-03,1867.4970827599643,1868.5833869365088,1846.7580881867443,1860.4853515625,3803044
2025-09-04,1875.397731091777,1879.8418015446011,1853.276111838205,1857.0289306640625,5205333
2025-09-05,1863.5467635620546,1886.952151639917,1852.3871613247754,1871.74365234375,2620140
2025-09-08,1874.4100683146278,1875.3976394781234,1860.682805031415,1864.238037109375,2547552
2025-09-09,1868.4846294024633,1880.335483288737,1859.5964889877582,1870.1634521484375,4517793
2025-09-10,1880.3355850574942,1881.3231562681335,1859.5965896340658,1867.8922119140625,3566139
2025-09-11,1860.5840691159176,1892.1863462983536,1858.7076597975863,1889.2236328125,4718266
2025-09-12,1901.0744991418314,1901.0744991418314,1877.9653096909897,1878.952880859375,3192824
2025-09-15,1880.3355601043581,1889.2237008821623,1874.8051855087938,1880.829345703125,3553258
2025-09-16,1879.6442589226012,1917.8632150381059,1878.8541537641588,1915.394287109375,5427586
2025-09-17,1914.0116969342262,1925.8625512000215,1908.5800553957365,1917.1719970703125,4234637
2025-09-18,1920.3321313076867,1925.566306706066,1896.630423335774,1916.974365234375,5080814
2025-09-19,1906.2099003473625,1952.2308151523634,1903.8398258870736,1938.009765625,11287603
2025-09-22,1929.7141103475217,1941.5649646587653,1919.8383984214852,1931.88671875,4469137
2025-09-23,1925.7638508912387,1930.701706919165,1906.111159789467,1914.604248046875,4348633
2025-09-24,1902.0620440339374,1913.2216463037748,1894.9515799410397,1907.0986328125,5237977
2025-09-25,1906.0123501909477,1925.7637735089886,1904.8273130131136,1911.542724609375,7133365
2025-09-26,1907.0987130100048,1920.5296571686774,1888.1373942628345,1892.7789306640625,3239306
2025-09-29,1904.0372461419377,1904.0372461419377,1873.9163249763105,1878.557861328125,5072608
2025-09-30,1872.4349394291717,1883.8907408973337,1851.893410859755,1855.0537109375,5945625
2025-10-01,1844.7829920417032,1853.6711327956514,1832.833404694242,1844.387939453125,5675393
2025-10-03,1828.1917317296138,1876.6815734160555,1825.1302851629223,1873.126220703125,5828332
2025-10-06,1869.0771580670203,1883.2982069178736,1864.0405692488132,1879.4466552734375,2809218
2025-10-07,1876.3852164435102,1921.8134901047742,1876.3852164435102,1905.0247802734375,5713060
2025-10-08,1905.024822261605,1938.2071900783988,1903.642198487338,1919.3446044921875,4957406
2025-10-09,1920.8259948667612,1924.578813669242,1907.2963175714692,1917.86328125,3945737
2025-10-10,1912.9253261820775,1923.3935563086916,1911.3452364455711,1915.789306640625,2512581
2025-10-13,1913.8141953753518,1941.4661881486695,1911.9377860408238,1930.6029052734375,3672419
2025-10-14,1939.5897682426169,1939.5897682426169,1915.0979551270627,1922.406005859375,4454239
2025-10-15,1932.874211233326,1951.4405971194756,1927.3438368905747,1944.0338134765625,3447352
2025-10-16,1937.9109209979117,1962.2051472416201,1937.6146014308795,1942.947509765625,3700674
2025-10-17,1949.0704075960111,2009.016049042492,1945.8114951160508,1986.9931640625,6743801
2025-10-20,2000.819253704416,2031.4339609427361,1994.5975069153783,2026.0023193359375,7387180
2025-10-21,2026.2985734971805,2032.9152521105889,2013.1638287235537,2018.1016845703125,240850
2025-10-23,2038.248079880311,2041.3096470077273,1978.6976095346013,1982.9442138671875,8790128
2025-10-24,1983.0429326806875,2007.7322122210348,1981.9566284915368,2004.0782470703125,3236799
2025-10-27,2004.7694155812908,2067.973968584839,2004.7694155812908,2054.246826171875,5796831
2025-10-28,2065.998867716355,2076.4672184599,2045.9511249374389,2064.22119140625,9891522
2025-10-29,2057.110837700071,2084.170192507201,2055.7283344436864,2074.4921875,2742750
2025-10-30,2044.2723734029337,2062.0486549107854,2033.0141582237939,2040.618408203125,4222189
2025-10-31,2030.4463225731627,2048.0251375948988,2026.1997183270773,2028.9649658203125,4659723
2025-11-03,2029.458803564971,2055.135654607642,2021.75570003092,2048.22265625,2979629
2025-11-04,2080.8124331611193,2109.0570647665995,2077.355934102712,2087.0341796875,12263078
2025-11-06,2088.7130703636412,2096.90995947568,2054.6418642513268,2068.86279296875,9546299
2025-11-07,2022.5457719154097,2022.5457719154097,1970.7970180936684,1976.327392578125,70392750
2025-11-10,1970.2044759274668,2003.584429555406,1967.4392284417588,1994.6962890625,7457061
2025-11-11,1994.9924739178298,2031.3350202322856,1992.3260800101352,2016.9166259765625,14825625
2025-11-12,2034.396616077751,2053.950573521495,2029.359906653702,2048.025146484375,8210277
2025-11-13,2073.800695841544,2080.812547903464,2053.160553911391,2065.801513671875,5958875
2025-11-14,2064.0238564457277,2081.7012848981435,2056.0244330954692,2074.5908203125,6312655
2025-11-17,2085.75028789569,2095.625999486105,2074.7881515878325,2085.94775390625,5998770
2025-11-18,2095.626147902284,2132.1662833746614,2084.0716127444325,2122.488037109375,10972556
2025-11-19,2128.2159089072215,2139.276657985165,2120.0190198303203,2132.956298828125,7419461
2025-11-20,2126.339531775546,2142.338136126123,2123.179111222048,2131.474853515625,7452899
2025-11-21,2123.3768165886067,2147.4734560986562,2121.8954598702126,2135.820068359375,6720938
2025-11-24,2135.227762664242,2138.8817278396996,2113.7972749931514,2125.35205078125,9686848
2025-11-25,2132.166105295353,2143.720639488166,2112.118362800138,2134.73388671875,7102592
2025-11-26,2077.849783725252,2108.3656370532426,2071.4305709903592,2100.366455078125,43174047
2025-11-27,2105.501734810856,2110.340737102211,2077.652276033199,2089.3056640625,4444877
2025-11-28,2091.675807612178,2103.032876444822,2070.3441731883636,2075.479736328125,6263457
2025-12-01,2088.4168196683736,2092.663424153835,2057.209713646303,2063.7275390625,5058900
2025-12-02,2063.8263903680922,2088.5156709469375,2061.1599962868277,2077.849853515625,6591396
2025-12-03,2073.9983364413933,2083.6763411431734,2055.728269568397,2060.073486328125,4357641
2025-12-04,2068.764202928744,2082.2938801798505,2048.3215272611046,2077.65234375,4611819
2025-12-05,2066.5914834930163,2085.65141378975,2064.02370206231,2082.590087890625,2938290
2025-12-08,2088.120455805432,2088.120455805432,2053.061678088443,2060.27099609375,4327091
2025-12-09,2060.863678954721,2074.294502940563,2054.543078455864,2063.7275390625,5139229
2025-12-10,2046.247426070392,2070.837851302198,2036.5691805636764,2041.3095703125,3987451
2025-12-11,2040.3221120043302,2043.4822916429123,2012.670118230796,2027.68115234375,3254850
2025-12-12,2027.5824025977115,2061.1598213348784,2025.1134747493904,2057.505615234375,2706420
2025-12-15,2044.3712473643945,2053.0616810810616,2035.8780385611733,2043.97607421875,3233614
2025-12-16,2044.371089167985,2080.417435351493,2044.371089167985,2075.87451171875,5756692
2025-12-17,2091.280828604945,2101.551472441295,2070.344126689988,2081.800048828125,6412516
2025-12-18,2072.9120220818895,2090.2933722588573,2062.1475920638436,2065.9990234375,3760341
2025-12-19,2087.6265339151837,2088.712958610383,2056.123111029228,2071.6279296875,10127415
2025-12-22,2091.6757556638554,2124.9568561517053,2075.578297236128,2120.907958984375,7670853
2025-12-23,2130.1909203006003,2137.1039181875285,2092.8606834899415,2096.5146484375,4110853
2025-12-24,2084.76282548779,2110.637142983157,2084.76282548779,2097.304931640625,3145464
2025-12-26,2096.6135262076054,2096.6135262076054,2075.6770663009197,2079.232177734375,1297870
2025-12-29,2079.232272760599,2086.441590619533,2053.55542199624,2055.728271484375,2371034
2025-12-30,2051.1852343409278,2076.66461768302,2045.8524466883603,2073.701904296875,6983390
2025-12-31,2069.9491520589277,2094.6384310672643,2064.1225786554564,2079.429931640625,2991434
2026-01-01,2088.5156239634994,2097.502377228279,2080.8125203749382,2084.170166015625,2097756
2026-01-02,2081.800160766766,2098.5888717406915,2071.9244484291626,2080.121337890625,2927138
2026-01-05,2075.973542269958,2085.8492543951065,2070.4430470373736,2078.83740234375,2642580
2026-01-06,2080.614901614532,2095.4284685411026,2061.5547306144313,2079.133544921875,9119265
2026-01-07,2069.554355063594,2077.6523908854297,2051.185433840431,2058.2958984375,4171371
2026-01-08,2062.0486549107854,2065.998939690308,2029.4588054797239,2040.618408203125,5534929
2026-01-09,2044.4698113831362,2058.0983419068393,1998.0539658602852,2001.905517578125,4165409
2026-01-12,1998.350250124698,2023.3358487922794,1976.426218507662,2018.595458984375,4689135
2026-01-13,2021.5581640128967,2024.422023933682,1989.8571538954727,2001.7080078125,7388496
2026-01-14,1990.054620204551,2008.7197392372914,1983.7341406705648,1997.3626708984375,4842964
2026-01-15,1997.3626708984375,1997.3626708984375,1997.3626708984375,1997.3626708984375,0
2026-01-16,1994.893733023803,2004.473125005689,1963.9827076522358,1991.3385009765625,7310676
2026-01-19,1997.8564917113652,1997.8564917113652,1971.4883894982622,1985.01806640625,4272071
2026-01-20,1992.918581914806,1992.918581914806,1952.5268977445612,1971.1920166015625,6076838
2026-01-21,1952.4281864091545,1982.154054261563,1942.552474793529,1971.290771484375,7952295
2026-01-22,1983.8330075478484,1993.807452219183,1965.2666213958255,1977.31494140625,6722567
2026-01-23,1984.030498573622,1986.6968925356227,1955.4896673904352,1960.032470703125,4340925
2026-01-27,1947.5891560827586,1978.895235722646,1938.3059626126596,1948.873046875,10510891
2026-01-28,1970.2044950583875,1970.2044950583875,1914.9005092321872,1933.3680419921875,9426909
2026-01-29,1939.5898544243773,1946.0090672827064,1914.9005742000345,1943.44140625,6065044
2026-01-30,1901.6670297269297,1949.4654986888927,1901.6670297269297,1944.2313232421875,7683747
2026-02-02,1912.0365284508803,1945.317749391463,1902.5558692783113,1940.972412109375,5326225
2026-02-03,2024.5209047467765,2024.5209047467765,1955.4896556401525,1972.4759521484375,6915795
2026-02-04,1983.0428892327334,2009.3122579774831,1973.5622302075833,2000.6217041015625,7464725
2026-02-05,1986.9932118148427,1997.7577617747622,1960.3287899863135,1967.6368408203125,7708690
2026-02-06,1969.2168801489804,2024.2245451796375,1963.7852388045374,2013.0650634765625,13870403
2026-02-09,2025.7059791967183,2029.656263961574,2003.4856273944054,2012.8675537109375,7570161
2026-02-10,2026.4961015551173,2031.4339575530587,1983.438021363694,1986.302001953125,9077763
2026-02-11,1987.8820240993398,1995.8813264331036,1971.8832988786914,1987.0919189453125,7423601
2026-02-12,1994.1036945654223,2001.8067980529831,1984.1292496773617,1989.462158203125,7437690
2026-02-13,1988.8696629147487,1999.041573938394,1967.2418295336483,1979.783935546875,4808543
2026-02-16,1985.0180967100746,2006.942128959951,1970.2045288241784,2004.177001953125,3455964
2026-02-17,2002.7943131900101,2013.1638103736861,1989.1657829559306,1995.1900634765625,4471158
2026-02-18,1994.9925654101178,2003.3869206454656,1989.9559763795341,1996.6715087890625,2182669
2026-02-19,2006.7446467170569,2006.7446467170569,1950.2556231901685,1963.884033203125,4712417
2026-02-20,1956.4772072700266,1968.9205798155008,1946.5027626325084,1952.8232421875,5180301
2026-02-23,1969.2169190561328,1975.6361316809398,1959.2424743189804,1972.4759521484375,3728878
2026-02-24,1972.475914555702,1972.475914555702,1897.914292411682,1916.8756103515625,10006761
2026-02-25,1930.7017125761574,1937.417245015064,1880.335580943736,1889.6187744140625,8285195
2026-02-26,1890.2112233962027,1910.9502180102677,1880.8292972612687,1905.6173095703125,10795028
2026-02-27,1886.2610149406055,1891.1988710006594,1846.8568994707498,1855.942626953125,13754648
2026-03-02,1827.1054642116926,1872.3362736702609,1824.932855779622,1849.9183349609375,11785758
2026-03-04,1837.9686774946206,1896.1366434270433,1792.7379903114106,1882.2119140625,20565585
2026-03-05,1895.1490717919385,1905.1235164802192,1873.6199721037467,1883.2982177734375,11398717
2026-03-06,1876.385248101966,1878.4591234760856,1843.894132063681,1847.5482177734375,10896859
2026-03-09,1808.2427814898845,1849.1282513425515,1795.5030895031166,1843.4990234375,8073518
2026-03-10,1857.4239213451783,1857.6213873596932,1823.5501816904166,1827.4017333984375,11741600
2026-03-11,1818.1185581057389,1824.7352368477207,1777.134353781248,1784.5411376953125,9548404
2026-03-12,1775.554221233877,1795.206911523239,1768.7399560864042,1778.9119873046875,12922735
2026-03-13,1758.9629549302274,1793.4292122498375,1754.5188847456875,1780.98583984375,8970772
2026-03-16,1775.6529894874043,1782.467254770144,1748.8898345017506,1766.5673828125,14261268
2026-03-17,1774.6654662083718,1811.6993866217351,1768.8387719527107,1804.2926025390625,7181491
2026-03-18,1804.09508784673,1845.770543606319,1804.09508784673,1832.339599609375,6428092
2026-03-19,1803.897549944028,1838.1663432984026,1793.7256388023666,1804.2926025390625,7145082
2026-03-20,1811.2055640682022,1837.771253213415,1811.2055640682022,1823.1551513671875,7691633
2026-03-23,1804.2925410683094,1807.2552546004413,1769.727549860104,1773.5791015625,6874051
2026-03-24,1793.7256096678125,1804.0951072151279,1758.8642982636834,1779.7020263671875,7535860
2026-03-25,1791.4540988288527,1826.2165557226956,1787.6025471628632,1812.0943603515625,12473682
2026-03-27,1817.032259179686,1833.8209694335987,1795.7994785644432,1820.9825439453125,24490425
2026-03-30,1795.404459196129,1801.8236720590414,1752.4451115750994,1760.2469482421875,14240129
2026-04-01,1788.4913480380824,1794.713094488286,1754.4201434509405,1759.7530517578125,10694662
2026-04-02,1743.0630952863276,1777.035567259756,1725.1880814226272,1767.4560546875,10857093
2026-04-06,1789.577752073109,1791.7504810506462,1741.4830827290216,1770.5177001953125,8183498
2026-04-07,1765.8760583054745,1817.1310282677834,1749.9761859187568,1807.5516357421875,10057628
2026-04-08,1840.8327194080457,1848.2395034185392,1817.3284765934955,1838.4625244140625,11587604
2026-04-09,1846.6594146125253,1846.6594146125253,1823.155171785176,1836.2899169921875,10113053
2026-04-10,1844.7829143340575,1851.3008598351064,1836.783612103083,1846.758056640625,5857988
2026-04-13,1815.1558562332882,1870.1635235681833,1815.1558562332882,1847.64697265625,10371983
2026-04-15,1857.127555027025,1867.398319138862,1830.561866874802,1832.6357421875,11049107
2026-04-16,1840.338915135399,1841.7215389139549,1800.5397479015621,1817.7235107421875,15871247
2026-04-17,1814.266944888646,1828.389260627552,1806.958894230423,1823.9451904296875,7344787
2026-04-20,1841.8202709853854,1841.8202709853854,1816.3408860395123,1823.1551513671875,9243641
2026-04-21,1807.2553000231637,1845.6718438993087,1807.2553000231637,1831.944580078125,10485373
2026-04-22,1827.2041611288694,1834.808531597159,1802.6137350263361,1806.2677001953125,5687058
2026-04-23,1799.1572552561386,1823.056430006809,1789.577742311552,1818.3160400390625,7489947
2026-04-24,1822.0687964600484,1827.6979038701402,1784.8374118213812,1791.9478759765625,6306448
2026-04-27,1793.5279867844245,1805.675160458021,1791.4541114275748,1797.478271484375,4413769
2026-04-28,1803.304973845387,1828.981824513503,1790.071495928887,1820.8837890625,10558455
2026-04-29,1825.03159727464,1876.7803528231393,1822.4639362375847,1864.6331787109375,7713013
2026-04-30,1836.8824091819024,1882.310683817584,1836.8824091819024,1863.349365234375,12709188
2026-05-01,1863.349365234375,1863.349365234375,1863.349365234375,1863.349365234375,0
2026-05-04,1849.9182415409805,1871.7436605351234,1799.0583269975498,1804.3912353515625,10707858
2026-05-05,1805.280177426069,1823.0564592606802,1778.6157546741522,1783.65234375,11407461
2026-05-06,1794.416789611275,1818.6122829219387,1791.2566101348034,1810.9091796875,5507749
2026-05-07,1812.1930828114023,1820.9824902664523,1798.5645525504826,1803.8974609375,7914845
2026-05-08,1797.379558622496,1817.9210875137167,1792.6391687081764,1811.6993408203125,4839183
2026-05-11,1791.4541675863443,1797.1821288020824,1734.1750376414666,1737.9278564453125,15803791
2026-05-12,1729.7309124435978,1754.4201918104775,1729.7309124435978,1734.965087890625,11945399
2026-05-13,1718.8676127570984,1775.652954747063,1718.8676127570984,1766.9622802734375,9825413
2026-05-14,1797.3795616123573,1865.7194395798856,1774.9617438728374,1860.09033203125,21279151
2026-05-15,1859.7939872467946,1899.0006351989316,1857.0288602905885,1881.7181396484375,15807294
2026-05-18,1881.1256701194588,1929.5166589230141,1866.904620727789,1914.01171875,13888648
2026-05-19,1904.432241563304,1917.8631851758478,1884.0882998579534,1889.7174072265625,8962228
2026-05-20,1890.2112388633832,1890.2112388633832,1874.1137804052098,1881.224365234375,5778742
2026-05-21,1887.248573752857,1891.4951781578525,1857.423971567338,1861.8680419921875,6419014
2026-05-22,1867.7934378406026,1873.0274928100464,1846.0668716841888,1848.1407470703125,5099120
2026-05-25,1868.9784971860931,1868.9784971860931,1839.9438797770422,1851.49853515625,5903841
2026-05-26,1850.7083446217582,1850.7083446217582,1821.8713151146414,1823.9451904296875,5803034
2026-05-27,1817.5260535063592,1846.1656181947292,1817.5260535063592,1829.1793212890625,8653155
2026-05-28,1829.1793212890625,1829.1793212890625,1829.1793212890625,1829.1793212890625,0
2026-05-29,1836.8824069782838,1836.8824069782838,1795.8982027365641,1806.2677001953125,52886264
2026-06-01,1807.255218040733,1819.1060719295247,1781.4796349432352,1788.0963134765625,6391656
2026-06-02,1762.8145806943191,1802.3174284409706,1755.3090637330802,1791.651611328125,10791294
2026-06-03,1807.1565500072857,1812.686924576928,1782.4672701846632,1801.4285888671875,5832363
2026-06-04,1792.4416612434447,1807.057762680342,1776.0480040446246,1796.293212890625,6735759
2026-06-05,1802.2186869457869,1805.0826675045578,1768.443679949568,1775.8504638671875,3926715
2026-06-08,1753.0375270605523,1797.478228881691,1748.9885094496947,1790.7628173828125,6324919
2026-06-09,1814.1682067158622,1814.1682067158622,1766.9622574162158,1776.6405029296875,10377475
2026-06-10,1776.6405954077302,1785.232416658435,1748.9886017048862,1753.1363525390625,7999362
2026-06-11,1750.9636768570203,1773.6778136690402,1746.61833961714,1760.4443359375,5020731
2026-06-12,1761.8270195687587,1802.3174387404622,1761.8270195687587,1799.8485107421875,5910557
2026-06-15,1818.118574020875,1833.9197131758635,1793.4292940912053,1818.3160400390625,5307277
2026-06-16,1817.3284012762938,1836.0922533252306,1814.365687794883,1829.9693603515625,5957732
2026-06-17,1829.9693895521034,1854.6586689578253,1818.6123210254714,1852.38720703125,7653632
2026-06-18,1855.448819958757,1855.448819958757,1838.6601095481026,1851.49853515625,4262944
2026-06-19,1851.0046779619659,1893.6677039576514,1843.9928262662233,1887.051025390625,15918432
2026-06-22,1891.9889460389197,1900.5807672252354,1877.372844112846,1892.7789306640625,3798060
2026-06-23,1883.890759112051,1903.74091572211,1873.1262091379713,1877.96533203125,5155908
2026-06-24,1867.694550058648,1870.5585305646887,1849.6220699642718,1853.9674072265625,8957457
2026-06-25,1861.5716145852227,1865.521899178507,1825.031482097343,1827.6978759765625,8521503
2026-06-26,1827.6978759765625,1827.6978759765625,1827.6978759765625,1827.6978759765625,0
2026-06-29,1814.2670004150261,1826.809226800286,1810.316715673802,1818.21728515625,10940130
2026-06-30,1829.9693826959665,1853.276038257023,1820.2911369839348,1828.9818115234375,7233634
2026-07-01,1822.661394780927,1863.546866844581,1822.661394780927,1847.7457275390625,4307333
2026-07-02,1837.6724606170815,1860.3865972707272,1827.2041098907312,1851.6959228515625,5282404
2026-07-03,1866.5095296823379,1889.2236668160383,1861.5716737837074,1886.656005859375,5087043
2026-07-06,1892.9764601311326,1908.6787452356762,1891.7913023994834,1901.7657470703125,2740217
2026-07-07,1899.5931620913436,1932.1830109860744,1893.1739494302603,1901.8646240234375,5767438
2026-07-08,1887.2485835453665,1900.284475304649,1851.7947529725336,1864.6331787109375,6188780
2026-07-09,1878.360336320119,1941.564890223635,1875.2001568461908,1907.0986328125,11145066
2026-07-10,1906.0123975990975,1906.0123975990975,1882.310689027917,1896.53173828125,6420887
2026-07-13,1890.2112843339596,1893.1739979457682,1873.1262542846123,1878.1629638671875,7862506
2026-07-14,1861.5717235105217,1916.9744440624643,1861.5717235105217,1912.431640625,6964062
2026-07-15,1929.417809863854,1929.417809863854,1892.7789423662703,1894.4578857421875,5763065
2026-07-16,1904.037199621479,1911.9377689145142,1893.1739168435556,1897.914306640625,4644787
2026-07-17,1894.1615344227657,1901.2719987394955,1879.0516470583107,1885.075927734375,4715613
2026-07-20,1877.570273509941,1918.3570113416981,1877.570273509941,1915.98681640625,6437294
2026-07-21,1922.208573455593,1927.7389479661829,1914.6042030195495,1924.1837158203125,5061312
2026-07-22,1918.2582993880105,1931.6892434321287,1915.3943188326245,1924.7762451171875,6589708
2026-07-23,1923.7887105126877,1924.6775487092787,1901.864677946781,1907.0,5612121
2026-07-24,1900.199951171875,1905.0,1878.0,1898.199951171875,4483600
2026-07-27,1892.0,1917.0,1890.0,1905.300048828125,5230299
2026-07-28,1901.0,1908.4000244140625,1892.4000244140625,1901.800048828125,6309089
2026-07-29,1915.199951171875,1957.0,1913.0999755859375,1950.199951171875,6315728
2026-07-30,1954.0,1963.199951171875,1943.9000244140625,1956.800048828125,5356472
2026-07-31,1969.0,1976.4000244140625,1947.4000244140625,1972.0,6529385
2026-08-03,1987.4000244140625,1987.4000244140625,1943.0,1970.5,4361200
2026-08-04,1980.0,1980.0,1936.0,1970.0999755859375,4977391
2026-08-05,2020.0,2031.0,1951.800048828125,1978.0,14286999
2026-08-06,1969.0,1970.0,1944.300048828125,1948.0,5391645
2026-08-07,1938.300048828125,1961.0,1938.300048828125,1959.9000244140625,3019876
2026-08-10,1955.0,1959.0,1935.0,1943.0,3671000
2026-08-11,1934.800048828125,1938.300048828125,1914.4000244140625,1915.199951171875,6798617
2026-08-12,1908.5999755859375,1945.0,1901.300048828125,1945.0,10871157
2026-08-13,1965.0,1970.0,1930.5,1939.0999755859375,13019222
2026-08-14,1939.0999755859375,2005.800048828125,1932.0,1992.0999755859375,12282580
2026-08-17,1984.199951171875,1993.199951171875,1969.300048828125,1969.300048828125,5537411
2026-08-18,1956.699951171875,1959.699951171875,1923.199951171875,1934.199951171875,6710275
2026-08-19,1924.800048828125,1941.800048828125,1922.0,1922.0,6252338
2026-08-20,1944.0,1952.199951171875,1933.0,1941.699951171875,4390604
2026-08-21,1950.0,1954.9000244140625,1940.5,1946.0,3016258
2026-08-24,1950.0,1952.5,1932.5,1935.0,2277098
2026-08-25,1926.0,1947.0,1923.4000244140625,1947.0,3820206
2026-08-26,1933.5,1942.9000244140625,1902.0999755859375,1902.0999755859375,4552921
2026-08-27,1915.0,1915.0,1878.300048828125,1878.300048828125,8757645
2026-08-28,1875.699951171875,1894.300048828125,1867.5999755859375,1882.4000244140625,6106300
2026-08-31,1880.0,1895.5,1811.9000244140625,1811.9000244140625,16921326
2026-09-01,1852.0,1877.199951171875,1848.5,1877.199951171875,9900740
2026-09-02,1869.0,1873.0,1854.9000244140625,1862.800048828125,4125938
2026-09-03,1855.5999755859375,1869.0,1855.5999755859375,1869.0,3700992
2026-09-04,1868.0999755859375,1870.699951171875,1840.0,1840.0,3614328
2026-09-07,1845.0,1855.5,1830.4000244140625,1854.0,5972458
2026-09-08,1846.199951171875,1848.800048828125,1829.0,1844.0,4169706
2026-09-09,1830.5,1834.800048828125,1813.0,1814.699951171875,5574027
2026-09-10,1815.0999755859375,1849.0,1814.0,1839.0,4588126
2026-09-11,1832.0,1852.0,1830.5,1831.0999755859375,4181325
2026-09-14,1831.0999755859375,1831.0999755859375,1831.0999755859375,1831.0999755859375,0
2026-09-15,1844.0,1844.0,1819.5999755859375,1830.4000244140625,4066471
2026-09-16,1835.800048828125,1838.0,1818.5999755859375,1835.0,2925053
2026-09-17,1841.800048828125,1845.9000244140625,1827.5999755859375,1836.0,4368285
2026-09-18,1843.0,1893.300048828125,1835.300048828125,1893.300048828125,14189780
2026-09-21,1854.800048828125,1854.800048828125,1822.0,1830.199951171875,9716580
2026-09-22,1833.9000244140625,1836.300048828125,1813.0,1817.199951171875,4134236
2026-09-23,1818.0999755859375,1836.699951171875,1818.0,1833.199951171875,3698253
2026-09-24,1829.699951171875,1829.9000244140625,1795.800048828125,1795.800048828125,4567379
2026-09-25,1794.0,1801.699951171875,1785.0,1785.4000244140625,4766200
2026-09-28,1772.0,1784.300048828125,1763.699951171875,1771.4000244140625,4683537
2026-09-29,1764.0,1787.5,1762.0,1771.199951171875,9811381
2026-09-30,1775.199951171875,1779.5,1753.699951171875,1757.0,8080358
2026-10-01,1745.0,1765.800048828125,1726.300048828125,1741.0999755859375,5609657
