Date,open,high,low,close,volume
2016-10-03,39.7492557714902,39.798288699512355,39.43623630026863,39.641780853271484,29784000
2016-10-04,39.870601484709326,39.94489528670207,39.606614947858944,39.76114273071289,25174000
2016-10-05,39.92012660809032,40.043948343089816,39.65812014936046,39.683876037597656,24276000
2016-10-06,39.825036826298806,39.9671854690641,39.64822202242105,39.775508880615234,21998000
2016-10-07,39.91666822924892,39.91716324420308,39.46546020916446,39.65812683105469,23262000
2016-10-10,39.81760462081395,40.483766206087076,39.73390175695521,40.32477951049805,29922000
2016-10-11,40.32477826407818,40.606596664765746,39.98798298069279,40.096946716308594,34432000
2016-10-12,40.21531879048278,40.34112058757305,40.046428026306714,40.205909729003906,18158000
2016-10-13,39.92360357023108,39.94787064002745,39.55461336491413,39.82503890991211,27380000
2016-10-14,39.99195054123899,40.12270628020538,39.737868066074995,39.850791931152344,22238000
2016-10-17,39.91962820945139,40.29109338296281,39.81264832534411,39.961727142333984,21128000
2016-10-18,40.326757235294274,41.04987572271854,40.28317325372005,40.68732833862305,45786000
2016-10-19,40.756176940929535,41.09891620399466,40.756176940929535,40.952308654785156,30002000
2016-10-20,40.987969837514186,41.03304264793723,40.64077542986165,40.69426727294922,27878000
2016-10-21,40.6135353198127,40.82601387293646,40.52983244892093,40.81462097167969,32316000
2016-10-24,41.113281401725494,41.50207974585815,41.06127460219689,41.39311599731445,28952000
2016-10-25,41.529818389257024,41.529818389257024,40.876039634367196,41.037010192871094,37814000
2016-10-26,40.966181928029705,40.995406705910604,40.43275982500683,40.71754837036133,35898000
2016-10-27,40.762617934018536,40.939432738457526,40.34657487572785,40.48228454589844,59470000
2016-10-28,41.10585239134757,41.55458155284639,40.4649478463459,40.59174346923828,87098000
2016-10-31,40.73387873560898,40.74378658972558,40.019183123024675,40.113285064697266,44854000
2016-11-01,40.16133910143331,40.3143856379736,39.53678135977977,39.894378662109375,47118000
2016-11-02,39.95777168389913,39.95777168389913,38.88002602869621,39.049415588378906,47014000
2016-11-03,38.85526508374616,39.127674455374546,38.56453260151955,38.7408561706543,43504000
2016-11-04,38.20148008472421,39.05238419109916,38.18662208121475,38.68686294555664,39412000
2016-11-07,39.37283605919806,39.87059806601139,39.2713013311387,39.7234992980957,39852000
2016-11-08,39.723504267357484,40.41739805152858,39.60413765307024,40.216312408447266,35382000
2016-11-09,39.71359840262117,40.202941463770415,39.22871425476203,39.89982604980469,61970000
2016-11-10,40.11824554528284,40.121215634759494,38.04943085394216,38.64674758911133,118192000
2016-11-11,38.474387534211345,38.4981595859988,37.9161996553464,38.22377395629883,71852000
2016-11-14,38.22427534296892,38.225265372949295,36.829051031314805,37.30601119995117,73766000
2016-11-15,37.91273189155231,38.644273256932934,37.90035273975532,38.39266586303711,58878000
2016-11-16,38.15790222483213,38.805736977191685,37.95533152801052,38.63139724731445,35968000
2016-11-17,38.756207217122544,39.073190590464996,38.624956466226365,38.93748092651367,30674000
2016-11-18,38.987511699010774,39.19156745224186,38.40208280545635,38.43278884887695,36126000
2016-11-21,38.5382872244839,38.95680541970649,38.44913539722501,38.87013244628906,32616000
2016-11-22,39.07765213711184,39.31439776385609,38.817625692414914,38.88003158569336,27884000
2016-11-23,39.10389807773363,39.10389807773363,38.26834694464023,38.582855224609375,26260000
2016-11-25,38.7616575493343,38.77602054012251,38.54274002543956,38.64377975463867,12270000
2016-11-28,38.55066376960576,39.61008264826148,38.5382808386721,38.919158935546875,51508000
2016-11-29,39.047435625864814,39.4466368309274,38.89686795314394,39.099937438964844,31240000
2016-11-30,39.08309813633009,39.2024609706254,38.293114783861434,38.42832565307617,45582000
2016-12-01,38.5605663781449,38.5630414524988,37.312936188063325,37.856266021728516,57342000
2016-12-02,37.735921009534806,38.1618681687482,37.592287313638174,37.86271286010742,34376000
2016-12-05,38.13709857126541,38.63238556569743,37.98702591666437,38.54422378540039,33770000
2016-12-06,38.6417906321365,38.893893016349374,38.30153025548273,38.443180084228516,34682000
2016-12-07,38.62991434339751,39.2267323593628,38.311937128960075,39.20048522949219,40588000
2016-12-08,39.273778077884586,39.5734283474509,39.024154541553095,39.383731842041016,32250000
2016-12-09,39.588291215309,40.11577309488401,39.52638033850405,40.091007232666016,38090000
2016-12-12,39.86168872204895,40.18511106666246,39.847325731841266,40.01423645019531,32572000
2016-12-13,40.23661601762069,40.82650371619379,40.214329011617224,40.38272476196289,42564000
2016-12-14,40.411454738677094,40.82452387864165,40.25593315321209,40.50902557373047,35994000
2016-12-15,40.4827832710608,40.7621266548893,40.217307864488326,40.39809036254883,35394000
2016-12-16,40.529825319523596,40.57390431447642,40.02512555073799,40.11031723022461,51978000
2016-12-19,40.082587523713634,40.42631682685612,39.845838128020986,40.242069244384766,25272000
2016-12-20,40.28516040973833,40.43969198945519,40.167777624744446,40.375797271728516,25438000
2016-12-21,40.40155072374915,40.40155072374915,39.875557679764114,40.227210998535156,29192000
2016-12-22,40.073679562438166,40.17125042216761,39.92162304272503,40.1024055480957,22632000
2016-12-23,40.01968784461625,40.16629162394362,39.876054155000745,40.00928497314453,15310000
2016-12-27,40.052873356271256,40.41542461412585,39.910233459648246,40.114784240722656,19520000
2016-12-28,40.28317531386213,40.28317531386213,39.74380934402393,39.84930419921875,24296000
2016-12-29,39.73836880089109,39.90775462288825,39.53084415094994,39.76560974121094,21148000
2016-12-30,39.78194278403045,39.78590668182561,39.108847242982684,39.24901580810547,34718000
2017-01-03,39.653671332675636,40.18957230095374,39.46893249162255,40.019691467285156,39180000
2017-01-04,40.11279708507942,40.288130613545896,39.826523533719694,40.00779724121094,30306000
2017-01-05,39.99442667919496,40.30348605030842,39.916172751204776,40.267826080322266,26810000
2017-01-06,40.36539335727956,41.05731083176217,40.19253868706999,40.871578216552734,40342000
2017-01-09,40.92903166204217,41.13011730407852,40.6937710966463,40.96915054321289,28178000
2017-01-10,40.9636956517479,41.07959336538651,40.769049010711136,40.91119384765625,23948000
2017-01-11,40.94140740211342,41.10385917921574,40.68633494839147,41.10187911987305,26508000
2017-01-12,41.028580050214984,41.127639709766335,40.66355380140094,41.085540771484375,26990000
2017-01-13,41.158350338708416,41.33912904178607,41.085050339078386,41.15538024902344,25804000
2017-01-17,41.108822597081016,41.117736644920306,40.77202727284689,40.9830207824707,28818000
2017-01-18,41.09891368017955,41.099408695071226,40.81560645507907,41.060279846191406,20554000
2017-01-19,41.05929169596535,41.25740724515224,40.80966814450937,40.82997131347656,21410000
2017-01-20,41.063744889571986,41.0711776704153,40.841362283872975,41.01818084716797,26124000
2017-01-23,41.18856387321818,41.87849754779648,41.044435174403034,41.82352066040039,49148000
2017-01-24,41.94982166756888,42.17468316763265,41.71703614905964,42.07612228393555,33768000
2017-01-25,42.275228035341286,42.534755699968585,42.086521521985006,42.51791763305664,33108000
2017-01-26,42.5476312832944,42.64421210203175,42.12515302287298,42.445106506347656,69866000
2017-01-27,42.545158550857245,42.941385925476695,41.69821814482254,41.853240966796875,75050000
2017-01-30,41.45849789143033,41.466916924730675,40.66455055404209,40.8032341003418,70338000
2017-01-31,40.588768953567886,40.7655875346256,40.28664357520171,40.62294387817383,40404000
2017-02-01,40.81164822539706,40.81164822539706,40.22968450787155,40.377777099609375,45020000
2017-02-02,40.36588580504214,40.83938075679823,40.219777063933634,40.527347564697266,33784000
2017-02-03,40.76855983777893,40.917143667814095,40.581338392675235,40.619972229003906,30562000
2017-02-06,40.65910523524347,40.73191022356615,40.33072892911232,40.69377517700195,27018000
2017-02-07,40.885947505210474,41.20392094499875,40.77648873458792,41.07068634033203,33332000
2017-02-08,41.13507343595062,41.31932102300994,40.86662796265788,41.10287857055664,26044000
2017-02-09,41.19450636126251,41.206889292741955,40.935473723814795,41.111793518066406,23884000
2017-02-10,41.254931427405566,41.46295106892511,41.13408354083997,41.349037170410156,28302000
2017-02-13,41.490194999594316,41.69029441633847,41.41838003915275,41.55260467529297,25914000
2017-02-14,41.59271287532232,41.703161658807645,41.39757119833204,41.6055908203125,27266000
2017-02-15,41.54517717087557,41.69178475778311,41.41690025575752,41.47138214111328,27144000
2017-02-16,41.52981349603699,41.7373381107197,41.46839763700026,41.711585998535156,20102000
2017-02-17,41.668992579004644,41.94784093752763,41.59321372189133,41.928524017333984,29224000
2017-02-21,41.99984032247682,42.208354951772925,41.928516612722305,42.063236236572266,25206000
2017-02-22,42.000339966400254,42.28710854546427,41.93644525163687,42.16675567626953,24488000
2017-02-23,42.15288967970254,42.229163550307334,41.727932558661394,42.14892578125,27734000
2017-02-24,41.98300081784436,42.01816577042366,41.75071034611572,41.99092483520508,26924000
2017-02-27,41.849281848808445,42.13258535423505,41.75319603743652,42.08305740356445,20206000
2017-02-28,41.968139663116006,42.041443430995564,41.67542338521394,41.8482780456543,27662000
2017-03-01,42.16774542799658,42.49562669616429,42.05085766415848,42.4337158203125,36374000
2017-03-02,42.41191817926848,42.42083600523113,42.03599780628442,42.09196472167969,25018000
2017-03-03,42.04689139094415,42.14000709630105,41.83738672200077,42.05382537841797,20100000
2017-03-06,41.94387304446875,42.046892830283475,41.6620546229428,41.96417999267578,20958000
2017-03-07,41.96368258199487,42.26432288978439,41.87750464482153,42.156349182128906,20774000
2017-03-08,42.25392245357461,42.442628945393444,42.16130553864881,42.27967834472656,20576000
2017-03-09,42.28215682506264,42.62984623758684,42.23163507305803,42.48769760131836,26954000
2017-03-10,42.728411203442974,42.80419005997063,42.476312549147444,42.664520263671875,26732000
2017-03-13,42.635785343592026,42.9478147524956,42.635290328725944,42.82151794433594,23332000
2017-03-14,42.78041408259422,42.97011060337482,42.60112043270681,42.88739776611328,21234000
2017-03-15,42.987940194773365,43.08402599582005,42.659068893975245,43.01022720336914,26658000
2017-03-16,43.11622054168477,43.22419425801289,42.967137913061066,43.089969635009766,22090000
2017-03-17,43.27223264901563,43.30888642625031,43.00923612924687,43.20735168457031,37366000
2017-03-20,43.06421674152982,43.10681070160497,42.82598606259637,42.98645782470703,30844000
2017-03-21,43.09293320937475,43.26182774620388,41.98497658339938,42.1063232421875,50760000
2017-03-22,42.073644796402895,42.36438108585891,41.95081305965924,42.08949661254883,27334000
2017-03-23,41.672954643949986,41.68781264998666,41.25741037491474,41.58677291870117,65754000
2017-03-24,41.703161068678135,41.80222072922402,41.06424420717066,41.36339569091797,42114000
2017-03-27,41.01422259164515,41.672460231259336,40.82650989618619,41.530311584472656,38692000
2017-03-28,41.588749463519285,41.87155787978995,41.22124438170934,41.63530731201172,30384000
2017-03-29,41.74031319223479,42.17814445697651,41.672458358494666,42.09295654296875,29146000
2017-03-30,42.1974568395249,42.19844686929205,41.939414271817135,42.07363510131836,18988000
2017-03-31,41.94238602776751,42.07760067114844,41.863637092014265,41.99042892456055,28820000
2017-04-03,42.03748470336505,42.545154641097724,41.97705887232587,42.4337158203125,39388000
2017-04-04,42.00034184850058,42.24798536463858,41.97607100035369,42.226688385009766,26970000
2017-04-05,42.33267369614479,42.623901170013,41.97656148173173,42.045406341552734,37104000
2017-04-06,42.074624584084226,42.27719903102074,41.80221903081506,41.8567008972168,30672000
2017-04-07,41.851752124312114,41.895336111305646,41.470382791268705,41.7081184387207,22232000
2017-04-10,41.68038088367817,41.93793223370584,41.6432358710491,41.68830490112305,20924000
2017-04-11,41.68830544479964,41.83342417151486,41.33665213194565,41.59816360473633,19486000
2017-04-12,41.527830705217546,41.78835212938275,41.484741737363116,41.67641830444336,22716000
2017-04-13,41.65561580686632,41.788850397399514,41.497622912434174,41.61302185058594,21474000
2017-04-17,41.67245785294392,42.378738354457134,41.655120994146635,42.353477478027344,20982000
2017-04-18,42.225193603460575,42.465408082519694,42.16130267358907,42.29701232910156,18724000
2017-04-19,42.465413211931285,42.60458798850671,42.274231635377376,42.42182922363281,21606000
2017-04-20,42.58180241337638,42.78932702355084,42.470858613330456,42.5986442565918,23776000
2017-04-21,42.625391678376886,42.71553730582102,42.48225677638341,42.54267883300781,23458000
2017-04-24,43.01270303722561,43.58327384541008,42.8973003253348,43.532257080078125,33930000
2017-04-25,43.6971853771591,44.19197731176061,43.54959158931877,44.02308654785156,40760000
2017-04-26,44.149383602198945,44.22863132834643,43.840324271954984,44.03794479370117,26466000
2017-04-27,44.08054696899647,44.24795272041301,43.94087717115759,44.1518669128418,46846000
2017-04-28,46.01216318298664,46.353908644388525,45.72588584515886,45.79027557373047,76918000
2017-05-01,45.77194658684843,46.34994640026166,45.60602590244416,46.201358795166016,46556000
2017-05-02,46.22364789709933,46.70506688328401,46.111215278184886,46.412845611572266,35026000
2017-05-03,46.36133958549391,47.06216733932079,46.319735660409876,46.975494384765625,36496000
2017-05-04,47.06663251936141,47.50496261458601,46.92200879213505,47.28604507446289,38752000
2017-05-05,47.385098860392226,47.47029055649615,46.95816168618039,47.06613540649414,32310000
2017-05-08,46.925966984381915,47.59658372133681,46.92348813105127,47.482669830322266,37534000
2017-05-09,47.61342696911177,47.65651594070174,47.27019268371043,47.38460159301758,33758000
2017-05-10,47.360334406054285,47.384601473918465,47.04434105770888,47.29198455810547,22920000
2017-05-11,47.116154949443604,47.448000104346505,46.983419154726356,47.34398651123047,20622000
2017-05-12,47.4410636003565,47.44749879398002,47.15429126959749,47.30683898925781,24298000
2017-05-15,47.31427208725892,47.68127842877162,47.19193538050803,47.50891876220703,26754000
2017-05-16,47.72338087205677,47.83976984140722,47.56488918212898,47.77587890625,22030000
2017-05-17,47.532688799010096,47.59657972674936,46.559943000322605,46.664451599121094,48982000
2017-05-18,46.71546901445875,47.25929392099857,46.61987823184976,47.077030181884766,36010000
2017-05-19,47.19194064744775,47.525765910480786,47.15132674564366,47.28257751464844,27206000
2017-05-22,47.39896956839159,47.786286674721644,47.37717757283841,47.74913787841797,27748000
2017-05-23,48.04085499529658,48.2662076899489,47.770425715730404,48.07007598876953,30908000
2017-05-24,48.303361279013096,48.445011126442814,48.12357260882,48.41975402832031,22660000
2017-05-25,48.48860098880048,49.31969332036101,48.4301552147802,49.12553787231445,39082000
2017-05-26,49.13246885160212,49.34990132570486,48.90265722550061,49.19537353515625,32728000
2017-05-30,49.15723578595664,49.41082324920946,49.100773852744645,49.33900451660156,30324000
2017-05-31,49.340989070989444,49.508889828238004,48.621335583345704,48.889286041259766,34482000
2017-06-01,49.080959804309984,49.18893351667053,48.602015865044805,48.9487190246582,26128000
2017-06-02,48.96357469458156,49.35435683586191,48.88829086421945,49.336524963378906,34710000
2017-06-05,49.42419454609459,49.895210693597605,49.303342887200884,49.72087097167969,27578000
2017-06-06,49.69264172772371,49.955143238914395,49.27115350924569,49.36426544189453,31042000
2017-06-07,49.483622592245084,49.722352022570036,49.32414088835182,49.602989196777344,27482000
2017-06-08,49.738209470342206,49.80606430978889,49.361299019787616,49.74068832397461,33758000
2017-06-09,49.80061371507558,49.801108730000024,47.21917512265656,48.04878234863281,72958000
2017-06-12,47.484156654133194,47.9437836909767,46.398486871952834,47.63719940185547,84042000
2017-06-13,48.1438855706492,48.434618083389665,47.64710967650011,48.06761169433594,40108000
2017-06-14,48.315241698738426,48.52326130315458,47.523274599890875,47.9403076171875,30110000
2017-06-15,46.95419448778291,47.581227193269974,46.57530027263386,47.556461334228516,48552000
2017-06-16,47.444037316639026,47.54507704385774,46.98787916746886,47.47920227050781,51184000
2017-06-19,48.025501914024744,48.503455831708585,47.953686962010025,48.3013801574707,29376000
2017-06-20,48.30583257075351,48.57725188581502,47.95368426077393,47.99281311035156,25946000
2017-06-21,48.08197275621967,48.51584394040428,48.01560296133365,48.46829605102539,23232000
2017-06-22,48.383095245911896,48.56288767624832,48.20677547727113,48.3707160949707,20190000
2017-06-23,48.31524801979983,48.86600691806538,48.26373623744929,48.83975601196289,31280000
2017-06-26,49.03341000478912,49.23103053353471,48.0591791144939,48.1463508605957,30358000
2017-06-27,47.626799981143904,47.90514952325418,46.90813654523686,46.957664489746094,48872000
2017-06-28,47.084956048570305,47.70802493349119,46.366787613489294,47.59757614135742,54912000
2017-06-29,47.119130656880415,47.134483677490955,46.04187990086387,46.449005126953125,64134000
2017-06-30,46.75459676622012,46.80461972350421,46.042372333917676,46.045841217041016,45754000
2017-07-03,46.22117222543091,46.27169397774513,45.334113036518254,45.53965759277344,33896000
2017-07-05,45.774420953635115,46.37322272020393,45.498546503772744,46.173622131347656,41882000
2017-07-06,45.814050063909306,46.36579902680914,45.55897754693378,45.94728088378906,40298000
2017-07-07,46.110726326407885,46.78778586715933,46.05129052297171,46.59709930419922,33266000
2017-07-10,46.65356104469824,47.207293841661176,46.65356104469824,47.1017951965332,29030000
2017-07-11,47.07802152262868,47.29446019119559,46.81056608559357,47.22710037231445,29224000
2017-07-12,47.590149397166705,48.02451558343207,47.40095165397296,47.926944732666016,32042000
2017-07-13,48.082466441147005,48.47374365368171,47.78529497480451,47.98588562011719,30492000
2017-07-14,48.24095354949988,48.41628329981763,48.05026700043019,48.38508224487305,21592000
2017-07-17,48.355856010826365,48.70404039913821,48.0824566547913,48.3380241394043,33210000
2017-07-18,48.20925154372343,49.07550872196207,48.14387556849733,48.882347106933594,28266000
2017-07-19,49.033908822577494,49.31077332301028,48.88532120863411,49.17060852050781,28242000
2017-07-20,49.380110686023265,49.46331853639547,48.76694591507201,49.14188003540039,28368000
2017-07-21,48.983882823477785,49.28650319691683,48.74465836694187,49.223602294921875,29266000
2017-07-24,49.23648123737237,49.835283023834165,49.04678471898881,49.44499588012695,79690000
2017-07-25,48.07750577109283,48.37616224045898,47.73575655441342,47.99479293823242,118672000
2017-07-26,48.18052706747548,48.238474042295586,47.55894326421278,47.810546875,44432000
2017-07-27,48.00222568473783,48.01906752880629,46.41136481905355,47.17658233642578,74358000
2017-07-28,46.952711088292936,47.636205744154886,46.819971520564685,47.46483612060547,36276000
2017-07-31,47.54756392754601,47.60650472774726,46.64267262844406,46.82939910888672,45670000
2017-08-01,46.943800223475236,47.27465160457724,46.80264538153334,46.88188934326172,28052000
2017-08-02,46.97153401334218,47.00769277710412,46.18650454184267,46.93537902832031,40788000
2017-08-03,47.00768952911476,47.05226354394022,46.52924060904515,46.571834564208984,22478000
2017-08-04,46.752610543796656,46.93041913534938,46.547069782370265,46.843746185302734,25092000
2017-08-07,46.929440767160514,47.000764494703404,46.73033514978502,46.841773986816406,28916000
2017-08-08,46.76946122224365,47.17559645169957,46.67981438720041,46.76450729370117,30102000
2017-08-09,46.480214630054284,46.74321118156614,46.25584814141841,46.56094741821289,28018000
2017-08-10,46.30933886484187,46.37372482056413,45.65457008441542,45.74421691894531,54148000
2017-08-11,45.75015352375418,46.22810363318434,45.62682679688381,46.06614685058594,32334000
2017-08-14,46.51091653191989,46.60848737850921,46.284074988540326,46.50398254394531,23012000
2017-08-15,46.607992307156366,46.70903203698071,46.390563605481184,46.461883544921875,22130000
2017-08-16,46.618889306720284,47.047311507640565,46.55895849088819,46.76846694946289,26906000
2017-08-17,46.70309051799044,46.74568447790145,45.94480693661158,45.945796966552734,33914000
2017-08-18,45.912113796474664,46.112209413853726,45.737279055763196,45.87248992919922,26748000
2017-08-21,45.85219427781168,45.97502224052189,45.49707201638903,45.609500885009766,26024000
2017-08-22,45.91112325239687,46.65405375116082,45.87199440049511,46.57678985595703,35502000
2017-08-23,46.40839159519272,46.82591969578603,46.32122362023945,46.68476486206055,22690000
2017-08-24,46.740720294865135,46.86949216587714,46.09833086931457,46.40293502807617,25892000
2017-08-25,46.51785243050318,46.593136271424925,46.0666481786786,46.08646011352539,23746000
2017-08-28,46.15481070504407,46.30190950574256,45.869028358197944,45.969078063964844,20988000
2017-08-29,45.563930704527486,46.46733298837685,45.53223085402362,46.34648132324219,23172000
2017-08-30,46.342515758384714,46.84721178121389,46.26227800102293,46.73676300048828,22406000
2017-08-31,46.86900533482183,47.40887010540671,46.86653026027988,47.31179428100586,33866000
2017-09-01,47.42224482997517,47.464838786120076,47.066132603125276,47.15082550048828,20858000
2017-09-05,46.89674498958798,47.12111145922562,46.33905208076271,46.63028335571289,29148000
2017-09-06,46.74865508502956,46.77985614096009,46.19442729366103,46.65702819824219,27830000
2017-09-07,46.76747819878747,47.077032585121145,46.43464299489762,47.046817779541016,22332000
2017-09-08,47.03740992343136,47.08693787076729,46.55747591388011,46.62681579589844,19998000
2017-09-11,46.91358538466479,47.18500093836973,46.6065060834016,46.71992874145508,26748000
2017-09-12,46.89971787044889,46.9576648480062,46.43315684540799,46.88634490966797,25696000
2017-09-13,46.82938130329688,47.19341750350163,46.791737500992085,47.07405090332031,21908000
2017-09-14,46.854147989731025,46.95469269864589,46.47574876370782,46.56341552734375,28548000
2017-09-15,46.56143555217129,46.64365337314766,46.12360052685232,46.32369613647461,39886000
2017-09-18,46.30983022653741,46.401457113748585,45.83386013774162,46.04930877685547,29474000
2017-09-19,46.23059169141068,46.454954404463976,45.896271410574016,46.40146255493164,24854000
2017-09-20,46.44455712372354,47.052273077159676,46.43316422088126,46.9304313659668,40080000
2017-09-21,46.959649407708135,47.1909460852926,46.52627327049513,46.9309196472168,27414000
2017-09-22,46.694173941056704,47.05226623988343,46.59858315454882,46.718441009521484,21496000
2017-09-25,46.529736540914904,46.54459454614953,45.789776138815476,46.27367401123047,37468000
2017-09-26,46.39303368963543,46.75904996763584,46.31527478553793,46.429683685302734,33454000
2017-09-27,46.692688306566616,47.81649313441195,46.65355945406281,47.542598724365234,46692000
2017-09-28,47.36181861923786,47.853636728134816,47.327148680940695,47.78578567504883,28018000
2017-09-29,47.844721989198014,48.33059991199778,47.844721989198014,48.22708511352539,40622000
2017-10-02,48.32267904761472,48.42619385284135,47.644134473629876,47.91753387451172,30782000
2017-10-03,47.921983520686055,48.16368682225604,47.681772821269156,48.14585494995117,21666000
2017-10-04,48.13001914425306,48.260774904824096,47.82541486544397,47.883365631103516,21156000
2017-10-05,48.18102265164307,48.86055721649431,48.0562108746022,48.7951774597168,35618000
2017-10-06,48.53812862230013,49.24440916188403,48.464329827495845,49.21369934082031,31060000
2017-10-09,49.281057964821336,49.551483495892555,49.107708265416704,49.1478271484375,25910000
2017-10-10,49.29591901936617,49.40339772901407,48.593107336838905,48.92445373535156,23268000
2017-10-11,48.985859559426586,49.90362847311608,48.93137769330681,49.80853271484375,36300000
2017-10-12,49.71888589893129,50.10025518303029,49.58317624850641,49.80853271484375,30614000
2017-10-13,49.979907222641,50.2597418037526,49.878372482320046,49.91849136352539,26552000
2017-10-16,50.00565874664607,50.12304152060324,49.60398248187421,49.991790771484375,21420000
2017-10-17,49.89719325390645,50.24983658684505,49.828348393766845,50.07351303100586,20260000
2017-10-18,50.0759956151185,50.33651329151259,49.79219334243559,50.159698486328125,25596000
2017-10-19,49.76395595552484,49.891246576978446,49.39496959312794,49.61982727050781,34284000
2017-10-20,49.87787771674092,49.957121670961804,49.6411283264495,49.77981185913086,32120000
2017-10-23,49.7852534911092,49.81546829312125,48.69165979352285,48.8125114440918,32786000
2017-10-24,48.86006491663424,48.99676461681985,48.393503882193784,48.95862579345703,28902000
2017-10-25,48.84867939036057,49.25283459383064,48.4252110435598,49.105735778808594,30574000
2017-10-26,49.45291123463492,49.85112232601636,49.05668020257939,49.10373306274414,47396000
2017-10-27,51.063595223313314,52.679716987106474,50.85854567459913,51.19633102416992,103682000
2017-10-30,50.972955676074974,51.50142755564638,50.63467532940637,51.169586181640625,46804000
2017-10-31,51.16315055543624,51.55937790324692,50.83130538098546,51.165130615234375,30326000
2017-11-01,51.327586664260515,51.899147556523594,51.21267895636714,51.63862609863281,43262000
2017-11-02,51.509358086783934,51.7832525201998,50.94819625801826,51.656951904296875,26694000
2017-11-03,51.646051376608575,52.03782356509526,51.39345395493985,52.004638671875,27770000
2017-11-06,51.9605591145605,52.1334137876635,51.60890203191992,51.642581939697266,18294000
2017-11-07,51.98779878586904,52.17403020684902,51.65843625207599,52.12350845336914,26104000
2017-11-08,52.0076104921159,52.63365323491119,51.85902665816718,52.41572952270508,24276000
2017-11-09,51.90608370552733,52.048723592999316,51.30430798232144,51.892215728759766,35892000
2017-11-10,51.701525090729874,51.83822478775127,51.5702743367399,51.71539306640625,19442000
2017-11-13,51.549470598776864,51.9427278322744,51.47319673518232,51.56928253173828,18814000
2017-11-14,51.39692803960578,51.62376959352439,50.98137997803044,51.59107971191406,21012000
2017-11-15,51.26220779696878,51.49152442306084,51.05220431189699,51.3320426940918,18106000
2017-11-16,51.44793282244156,52.09230239498003,51.41078781204394,51.929351806640625,23768000
2017-11-17,51.99523331117425,52.054665335510855,51.19930594710436,51.3062858581543,26712000
2017-11-20,51.3117311505255,51.44546075324813,51.147295507912396,51.245365142822266,17526000
2017-11-21,51.5118278844198,52.02445174147042,51.467253868366655,52.01999282836914,22206000
2017-11-22,52.06259498707154,52.27408353602886,51.8689383145888,52.10023880004883,14538000
2017-11-24,52.22257290722251,52.50389634547884,52.10023618928743,52.328067779541016,16492000
2017-11-27,52.4295977852043,53.14627738858993,52.24138630427026,53.09526062011719,35430000
2017-11-28,53.19333282607308,53.4909993036399,52.22999970272659,52.66337585449219,36424000
2017-11-29,52.31122324002806,52.43950390988402,50.99722682045426,51.38008499145508,55866000
2017-11-30,51.50687489067157,51.714894511578215,51.01802689217109,51.32014846801758,45092000
2017-12-01,51.034867303972455,51.373147655642825,50.365735603238704,50.7703857421875,37762000
2017-12-04,50.90559331528966,51.08092683443362,49.98534929407914,50.116600036621094,38778000
2017-12-05,50.07301998993938,51.34541241539941,49.643607762605264,50.49946212768555,38998000
2017-12-06,50.34691049427053,51.48904210820917,50.286979683565995,51.14927673339844,28710000
2017-12-07,51.3152014156208,51.951643246768874,51.28003646177929,51.7361946105957,30866000
2017-12-08,52.09478295357833,52.32310954000198,51.80008657760177,51.974430084228516,31170000
2017-12-11,52.06011295182674,52.30230751380156,51.71390857117377,52.10270690917969,23254000
2017-12-12,52.00513853115986,52.62424732319747,51.751056041068246,51.944217681884766,33882000
2017-12-13,52.108157164248524,52.27655293813682,51.835747790323225,52.07398223876953,27680000
2017-12-14,52.27705239126115,52.851088364818395,52.183441661543064,52.375118255615234,30962000
2017-12-15,52.68764327758015,53.25573907743634,52.50488450839002,53.09476852416992,63760000
2017-12-18,53.31516824551818,53.81243909137885,53.014036677340464,53.743099212646484,30292000
2017-12-19,53.640570427365965,53.737151235429515,53.10813466702405,53.48009490966797,26350000
2017-12-20,53.536562656865286,53.551915676862684,52.92636796767013,53.17203140258789,28728000
2017-12-21,53.26266893954436,53.36816379993906,52.94618057962035,53.03780746459961,25640000
2017-12-22,52.99571288220314,53.08090080140745,52.8788251114106,52.93925094604492,17788000
2017-12-26,52.92834968930506,52.93924757536532,52.43306268455807,52.790164947509766,18376000
2017-12-27,52.82731738152425,52.91003022632868,52.42018835210679,52.51033020019531,22324000
2017-12-28,52.611857002702095,52.740137656512864,52.17253695166246,52.299827575683594,19884000
2017-12-29,52.27705298086757,52.4038448292665,52.13886445204989,52.17353439331055,23606000
2018-01-02,52.154714323536105,53.29189213324735,52.154714323536105,53.15469741821289,31766000
2018-01-03,53.19035050597915,54.28840309912872,53.16558842562831,54.061561584472656,31318000
2018-01-04,54.33744689300143,54.68365130219953,54.19728207838453,54.27157211303711,26052000
2018-01-05,54.6524507871854,55.15417681664507,54.5707279695141,54.99122619628906,30250000
2018-01-08,55.026388499569606,55.43054365481004,54.976860552117536,55.18537521362305,24644000
2018-01-09,55.39488201397876,55.39488201397876,54.887707080680556,55.11504364013672,26808000
2018-01-10,54.82826975102401,55.114547089952985,54.67869588741755,54.98379135131836,20734000
2018-01-11,55.091266158965205,55.217067960630466,54.80251376577012,55.07838821411133,22424000
2018-01-12,54.9818074727844,56.03181342840454,54.87829267766918,55.9996223449707,38586000
2018-01-16,56.47806814070995,56.90253019657511,55.802002478227394,56.002098083496094,36462000
2018-01-17,56.28243836519547,56.429042148770755,55.645002680701445,56.418148040771484,27830000
2018-01-18,56.43052448424012,56.49194034577695,55.69304290959551,56.263118743896484,27498000
2018-01-19,56.36514590481893,56.64993441199983,56.09125150461203,56.63606643676758,30552000
2018-01-22,56.65192394604837,57.79405573659688,56.55286427104463,57.65933609008789,29550000
2018-01-23,57.979288824718495,58.3700710187412,57.8123780924123,58.254173278808594,39138000
2018-01-24,58.69052364369115,58.793048422740846,57.81980743358776,58.012474060058594,37128000
2018-01-25,58.47902935800414,58.691507898424895,58.03970928708369,58.54985427856445,29984000
2018-01-26,58.81681329512731,58.81829833984375,57.851005205879616,58.81829833984375,42170000
2018-01-29,58.840096304058775,59.33538329726216,58.64495084057303,58.76481246948242,31494000
2018-01-30,58.330939305463666,58.836625373210545,58.17194883065757,58.313602447509766,37338000
2018-01-31,58.63256668642394,58.75688722579422,58.052586808452894,58.55381774902344,36022000
2018-02-01,58.245265411146505,58.8128662544446,57.916889076283425,58.52262496948242,73514000
2018-02-02,55.8396393657414,56.031810942979746,55.0347980770213,55.43251419067383,117842000
2018-02-05,54.511779658792,55.22400410026753,52.33895890910913,52.61879348754883,83550000
2018-02-06,51.211688945611634,53.85651983678333,51.01505842536514,53.710411071777344,76630000
2018-02-07,53.73715558547398,53.814419482431425,52.2339576950617,52.27308654785156,51942000
2018-02-08,52.49398716160833,52.69507282277826,49.761489413833445,49.91057205200195,66792000
2018-02-09,50.810497945797835,52.0903192832386,49.38010894762996,51.82038879394531,98360000
2018-02-12,52.33549238239492,52.77629751888971,51.78176337960311,52.230987548828125,56240000
2018-02-13,52.00513645538222,52.560849301141864,51.85258872017135,52.21018600463867,31586000
2018-02-14,52.21909272936811,53.26662355873459,51.99522508613198,53.12942886352539,41304000
2018-02-15,53.66187007851998,54.1893519373981,52.858513756412485,54.05364227294922,37396000
2018-02-16,54.15368626002008,54.893151621690954,54.06304940822292,54.258689880371094,39948000
2018-02-20,54.12298592278251,55.288394731314646,53.986286218953026,54.65938186645508,33754000
2018-02-21,54.93228718274358,56.274514601892804,54.85353445785939,55.162593841552734,41486000
2018-02-22,55.43104063160817,55.742575097485606,54.73664797655704,54.97190856933594,28010000
2018-02-23,55.40577341002635,55.91790224647903,54.89959231013615,55.87282943725586,25292000
2018-02-26,56.05955058022811,56.670735287297454,55.93473880553307,56.645973205566406,30912000
2018-02-27,56.64597417181692,56.673215107303584,55.31315595012472,55.34881591796875,42964000
2018-02-28,55.57120229933103,55.85104067566794,54.63015998149804,54.675724029541016,49292000
2018-03-01,54.954079171601805,55.03976210603656,52.86148841388279,53.065547943115234,55338000
2018-03-02,52.40037169625163,53.832249601046136,52.01058334084755,53.696044921875,50162000
2018-03-05,53.398378773982685,54.54001167475715,53.108137540447714,54.22203826904297,28648000
2018-03-06,54.58557791864115,54.76041643034623,54.209158753681855,54.52614212036133,23382000
2018-03-07,54.12595458039762,55.283938133886465,53.981825877237945,55.22648239135742,30748000
2018-03-08,55.3334648946313,56.03875159574201,55.3334648946313,55.93672561645508,33862000
2018-03-09,56.437948402216335,57.50281613746827,56.17990582701403,57.49489212036133,42662000
2018-03-12,57.70341006855094,58.352733617329754,57.41366762954099,57.74699783325195,44306000
2018-03-13,58.0392124439394,58.34480668152836,56.19377421824607,56.458255767822266,43140000
2018-03-14,56.74998383905831,57.44140253772889,56.579109224060254,56.90302658081055,41870000
2018-03-15,56.936712207082564,57.5771179823987,56.24776851380792,56.98822021484375,33382000
2018-03-16,57.22298090579607,57.295290867454185,56.03478645744216,56.186344146728516,58656000
2018-03-19,55.36119619168233,55.44093515590117,53.9327872568755,54.48503494262695,63656000
2018-03-20,54.40232002021162,54.75645217553608,53.61085163849673,54.2735481262207,54598000
2018-03-21,54.11357753821644,54.912475012958105,53.84810214533323,54.18440246582031,44898000
2018-03-22,53.49148346967437,53.68514008498961,51.98729579319137,52.1611442565918,69312000
2018-03-23,52.07299247983766,52.836229967013395,50.76048110737324,50.84368896484375,49880000
2018-03-26,52.03484796750699,52.464263947946485,50.05271005357233,52.20770263671875,65984000
2018-03-27,52.69358319992127,52.725283048929974,49.41082180677937,49.87242889404297,60816000
2018-03-28,49.62329484335729,50.766416438138634,48.73623575063788,49.78525161743164,77698000
2018-03-29,50.08391429466122,51.90855053727211,49.72879211981809,51.36819076538086,69338000
2018-04-02,50.89667889134132,51.486566595440216,49.243907310100866,50.15424346923828,65068000
2018-04-03,50.32858496553638,50.766914996972,49.39249288398896,50.45389175415039,51322000
2018-04-04,49.44102987945127,51.150267195667425,49.355841972266745,51.00019454956055,50724000
2018-04-05,51.82633670716218,51.84218474253055,50.717389892770996,51.14531707763672,35836000
2018-04-06,50.672814766669504,51.311735488018506,49.83825733136108,50.021514892578125,40134000
2018-04-09,50.5212600073986,51.737190642443075,50.47965607588024,50.523738861083984,33220000
2018-04-10,51.02744269243296,51.56978260185334,50.29194114112864,51.33650207519531,36620000
2018-04-11,51.113619145641465,51.30529573701438,50.47965236224437,50.76988983154297,34060000
2018-04-12,51.08737577310697,51.74016073017814,50.81893027820507,51.37562942504883,32896000
2018-04-13,51.851098945341256,52.15272550489574,51.021986776206845,51.3137092590332,25410000
2018-04-16,51.78473263552287,52.07596012298749,51.20871285471783,51.811973571777344,29776000
2018-04-17,52.55985881246813,53.73864053482102,52.35629430982228,53.45929718017578,54584000
2018-04-18,53.44196225905686,53.59005107463315,53.02146408612167,53.26266860961914,31126000
2018-04-19,52.947170626001565,54.35824279307404,52.947170626001565,53.959041595458984,39884000
2018-04-20,53.70248158878631,54.22154061338459,53.099715921839646,53.35825729370117,42434000
2018-04-23,53.63858816969618,53.887225470727,52.83127174462388,53.184410095214844,69590000
2018-04-24,52.460800521219035,52.72280702361696,50.16564290736252,50.65003204345703,128220000
2018-04-25,51.00217749676059,51.315200751501955,50.37118083802617,50.66736602783203,57860000
2018-04-26,51.174040274086884,52.10518220799904,50.54155859369161,51.67378616333008,50926000
2018-04-27,51.784237662298864,52.08933312560277,50.89519840005755,51.08637619018555,40746000
2018-04-30,51.233482392427234,51.42911910957225,50.43507992990553,50.44894790649414,34492000
2018-05-01,50.33601668607699,51.59553117023378,50.05419826083364,51.546993255615234,35326000
2018-05-02,51.21267620560563,51.70697317236466,50.67578528265589,50.81892395019531,34698000
2018-05-03,50.78524358255634,51.04873511363707,49.919481376159794,50.831302642822266,39282000
2018-05-04,50.49995499847703,52.098248560404556,50.42269110633165,52.05466079711914,36892000
2018-05-07,52.19780031501772,52.748064188566865,52.01850666731471,52.47367477416992,34400000
2018-05-08,52.72924809779179,52.75946290484504,52.08636724001588,52.43059158325195,26030000
2018-05-09,52.703495581260434,54.18440276834728,52.60493092128423,53.93428039550781,47160000
2018-05-10,54.23392695500005,54.94763646511528,54.17845505237402,54.75249099731445,36414000
2018-05-11,54.50188038975968,54.927827538954205,54.34388370586371,54.64897918701172,30504000
2018-05-14,54.7574472798872,55.38051996009139,54.71931223456204,54.80846405029297,39338000
2018-05-15,54.32803233565259,54.43798611030764,53.4305702646546,53.732200622558594,35738000
2018-05-16,53.74310090864152,54.20322297622586,53.57173126615498,53.69356918334961,25628000
2018-05-17,53.56331361852943,54.035814850917106,53.31368626201911,53.55340576171875,25738000
2018-05-18,52.79759488361965,53.18045304494366,52.732218902322295,52.97787857055664,35482000
2018-05-21,53.441463404857565,54.14972390436885,53.39193546491586,53.68960189819336,25180000
2018-05-22,53.97637853633701,54.07543442413209,53.10764245409172,53.258705139160156,22226000
2018-05-23,52.99571160950674,53.887229764901036,52.845143930873924,53.786190032958984,23740000
2018-05-24,53.832744022439826,53.84363812940947,53.109625472232935,53.76092529296875,20604000
2018-05-25,53.8154061581639,53.96498379334471,53.619769463888034,53.69306945800781,22224000
2018-05-29,53.292882021358196,53.5573673730496,52.65297128911095,52.90011978149414,36076000
2018-05-30,53.16807158699159,53.440975978419594,52.824837284135356,53.365692138671875,28686000
2018-05-31,53.59004931414331,54.97685435901989,53.39193754665215,54.4815673828125,79368000
2018-06-01,55.1190038069176,56.37158425576218,55.07640607311136,56.21507263183594,63202000
2018-06-04,56.38842165434775,57.34729954063088,56.31412785194618,57.10857009887695,44754000
2018-06-05,57.18881331824049,57.5077767717458,56.83220605566256,57.00852584838867,32964000
2018-06-06,57.095195547125506,57.19128133903843,56.28045015418377,56.80693817138672,34934000
2018-06-07,56.68955512520098,56.753446054952,55.77525506182121,56.186344146728516,36108000
2018-06-08,56.02735643941766,56.40228675795794,55.63211539570676,56.10165023803711,27284000
2018-06-11,56.11304262830044,56.84606902331863,56.036768765704274,56.50728988647461,24796000
2018-06-12,56.513236409518306,56.89609456335456,56.513236409518306,56.86835861206055,26092000
2018-06-13,57.07092447826377,57.23734395069665,56.63011938443791,56.672218322753906,34302000
2018-06-14,57.06746684447188,57.74997155115877,56.98772409143527,57.458744049072266,35422000
2018-06-15,57.449324414689634,57.64694494282352,57.140763868094574,57.41713333129883,44438000
2018-06-18,57.091233943412,58.648418608597645,57.007531077980516,58.621177673339844,33038000
2018-06-19,57.95402925657269,58.58304209818442,57.53303605277838,58.37898635864258,47282000
2018-06-20,58.60731173390214,59.508238909620445,58.54441082891511,58.64544677734375,51686000
2018-06-21,58.716776253609936,58.955501951271984,57.62565743235961,57.92084884643555,44966000
2018-06-22,58.02237774597903,58.196222455027424,57.435955096819775,57.913414001464844,34220000
2018-06-25,57.20565352539057,57.25468645901929,55.46719494462363,56.42706298828125,57682000
2018-06-26,56.667765486529085,56.80297635376766,55.91790102597841,56.09719467163086,34688000
2018-06-27,56.2646071979917,56.77029711174202,55.308703056078734,55.32059097290039,34538000
2018-06-28,55.09523712660348,56.16555401752445,54.782217605502744,55.80795669555664,29726000
2018-06-29,56.08185016023784,56.5300843423722,55.81984363952759,55.92731857299805,31562000
2018-07-02,55.24183340274601,56.61080654247943,54.8084573087815,56.56721878051758,23216000
2018-07-03,56.92927776576796,56.95354483305904,55.19626831885065,55.28789520263672,16448000
2018-07-05,55.69997040712884,56.66776229445028,55.62666663803235,56.52660369873047,28594000
2018-07-06,56.55038992280724,57.265089521964846,56.32602344031264,57.209617614746094,21820000
2018-07-09,57.45329825830085,57.84606052932481,57.31610353274699,57.813865661621094,21584000
2018-07-10,57.948085339389145,58.12193005263485,57.580085185303595,57.80692672729492,21334000
2018-07-11,57.23635488681869,58.465658346760286,57.22397573473577,58.02089309692383,33252000
2018-07-12,58.189291612688145,59.53300404562759,58.10211985661673,59.496849060058594,44148000
2018-07-13,59.573116884984884,59.95151610452252,59.20115663797635,59.65335464477539,32612000
2018-07-16,59.62315030492403,59.86584368651292,59.10755629090669,59.261592864990234,26784000
2018-07-17,58.57957630900136,60.36359880270279,58.54292253128568,60.082275390625,40162000
2018-07-18,59.85691889205774,60.503763600194866,59.660292157696745,60.073856353759766,38948000
2018-07-19,59.763810037930284,60.25067803575038,59.32201485279838,59.389869689941406,38338000
2018-07-20,59.396797070547336,59.96786289319589,59.26554254551725,59.329437255859375,37938000
2018-07-23,59.21948333549664,60.18232133493052,59.038700869095344,59.979251861572266,65446000
2018-07-24,62.9509711908328,63.14908672847397,61.620631911685535,62.31452941894531,107600000
2018-07-25,62.04064233107907,63.30956590494261,61.86382374894594,63.19565200805664,51104000
2018-07-26,62.76177755400844,63.76324941346447,62.55474795624564,63.66914367675781,54686000
2018-07-27,63.84844152911539,63.96334545740939,61.637973051945494,62.05401611328125,48362000
2018-07-30,61.665712574568815,62.05401970621454,60.631554487604504,60.92228698730469,43896000
2018-07-31,61.00500212989944,61.475527110634886,60.23631941355777,60.78261947631836,39382000
2018-08-01,61.371505276353886,61.707801773435406,60.6696837306113,61.068389892578125,36994000
2018-08-02,60.35071909997383,61.63400938658072,60.32892710719727,61.471553802490234,34704000
2018-08-03,61.6721485110006,61.7385183023063,60.89157794505739,61.324459075927734,21264000
2018-08-06,61.49532397249239,61.537422909404675,60.94654519052515,61.30017852783203,22114000
2018-08-07,62.01042630882609,62.707297752384854,62.00002721647295,62.20012283325195,42506000
2018-08-08,62.243707903353865,62.98663842114291,62.01587633134736,62.47203826904297,34344000
2018-08-09,62.5413731986612,62.99852135132164,62.41111248301211,62.62705612182617,27326000
2018-08-10,62.365550749299324,62.46560045064966,61.77021780567494,62.035194396972656,26602000
2018-08-13,61.9703129261406,62.70185055034832,61.76377833074552,61.8435173034668,27500000
2018-08-14,62.034697783774156,62.43538403632387,61.39280700004426,62.31404113769531,28080000
2018-08-15,61.62756726479229,62.0089365657444,60.73406915543057,61.030250549316406,37052000
2018-08-16,61.51414784622211,61.59884452158065,60.40668610248797,60.6260986328125,32176000
2018-08-17,60.526055271019985,60.769239864107305,59.63255707700748,60.2194709777832,33092000
2018-08-20,60.457704066299996,60.717730497853005,59.86534123568496,60.5215950012207,22218000
2018-08-21,60.574588330792075,61.056997358748404,60.17885225585488,60.296730041503906,23082000
2018-08-22,60.138734174323226,60.748433836669136,60.08920623212076,60.511688232421875,22296000
2018-08-23,60.41907554050296,61.17636909989101,60.39282463182586,60.48247146606445,24666000
2018-08-24,60.72218382038343,61.28681068298465,60.49534228976,61.25461959838867,24454000
2018-08-27,61.62063464035026,62.3006642034502,61.44926501389499,62.22141647338867,28580000
2018-08-28,62.20308902276224,62.23577890005382,61.562683330487666,61.7058219909668,27330000
2018-08-29,62.15852063704074,62.761286357570334,62.04955688869612,62.636470794677734,36926000
2018-08-30,62.57455446019655,62.87618480162895,61.772686995885984,62.13077926635742,30104000
2018-08-31,62.02033764625141,62.037175712431136,60.70980631809728,61.009456634521484,42308000
2018-09-04,60.549827665329765,60.814808032376185,59.75934925618585,59.99460983276367,41458000
2018-09-05,59.891096900388526,60.17093528204825,58.21306419783376,59.389869689941406,53988000
2018-09-06,59.3636156654235,59.38441762893976,57.63209120799799,58.64148712158203,46854000
2018-09-07,58.04763656966391,58.86733975254547,57.912425693601364,58.32450485229492,32658000
2018-09-10,58.651881242048454,58.77372292320371,57.97878568507221,58.199188232421875,27670000
2018-09-11,58.00305877434174,58.98570872116798,57.74798628086685,58.938655853271484,29254000
2018-09-12,58.54291568730526,58.97332167712986,57.75838134378712,58.0278205871582,35716000
2018-09-13,58.42900640018643,58.833161518285344,57.90994358271611,58.54985427856445,40068000
2018-09-14,58.84009949324075,58.84009949324075,58.122921076828106,58.34381866455078,24176000
2018-09-17,58.33341806601584,58.53400869935893,57.377018975910794,57.44487380981445,34096000
2018-09-18,57.58504403691025,58.50974714313679,57.524123185139246,57.80544662475586,32314000
2018-09-19,57.89706439223364,58.25911675977399,57.384935606783074,58.16006088256836,25962000
2018-09-20,58.47704954918953,59.13726719569545,58.25813203516602,59.016910552978516,29244000
2018-09-21,59.18283115081106,59.265048972174824,58.050607333584175,58.0535774230957,91222000
2018-09-24,57.424070372533805,58.70091791678627,57.0322981784633,58.42207336425781,31150000
2018-09-25,58.654365543829975,59.27891946932648,58.1511507383873,59.13182067871094,33152000
2018-09-26,59.1219166053279,59.79302838637845,58.71132249593064,59.14023971557617,37650000
2018-09-27,59.434438018720755,60.26949039161778,59.33785720808993,59.79896926879883,36274000
2018-09-28,59.63701024876902,59.85295767664474,59.32696086113288,59.78510284423828,35612000
2018-10-01,60.07831853657441,60.63303759442214,59.59244056725439,59.8569221496582,33164000
2018-10-02,59.764796608379704,60.648885721169954,59.41760220337603,59.81283950805664,40180000
2018-10-03,60.02877782945918,60.13675153509642,59.540919873275186,60.00550079345703,26246000
2018-10-04,59.68356930707766,59.72665827904066,57.64397928928279,58.29874801635742,46576000
2018-10-05,58.24574891886128,58.54292035533071,57.17196709374146,57.84109878540039,31852000
2018-10-08,57.45328873744916,58.23881314932419,56.2348832400865,57.25121307373047,46190000
2018-10-09,57.0228821143696,57.53005699594215,56.669248761973,56.71877670288086,33690000
2018-10-10,56.284413179631855,56.31512299838277,54.06107066993579,54.093265533447266,58980000
2018-10-11,53.44344906654606,55.277003296281244,53.28743244957282,54.02293395996094,67696000
2018-10-12,55.45431212814943,55.76089641357545,54.23541154662628,55.4988899230957,49370000
2018-10-15,55.37308724591823,55.56129494262984,54.39340736844821,54.602420806884766,30074000
2018-10-16,55.14921777234451,56.28293046363899,55.06353484272854,56.11997985839844,38378000
2018-10-17,56.46271807500473,56.80941746396931,55.17497262904208,55.84806823730469,35652000
2018-10-18,55.96743531125964,56.083828067524756,53.80501343280134,54.37805938720703,46152000
2018-10-19,54.66531986878749,55.51919413098952,54.33446853186651,54.73812484741211,41286000
2018-10-22,55.10117018030207,55.5558432539641,54.48156645567991,55.044708251953125,27116000
2018-10-23,54.05017549641106,55.373089711407495,53.44196461479365,55.22004318237305,37686000
2018-10-24,55.224506749227025,55.30474452196338,52.255754502866196,52.357784271240234,49286000
2018-10-25,53.50585719570887,55.36417358637315,53.27059661242936,54.65938186645508,72956000
2018-10-26,51.922413495037866,55.323547154150454,51.62028817316805,53.676719665527344,106438000
2018-10-29,54.310201598203996,54.91891126973534,49.88530837689526,51.24883270263672,81290000
2018-10-30,50.519770302765785,52.04971034304068,50.22061879116499,51.980865478515625,59768000
2018-10-31,52.90655153079691,54.877795242629226,52.90655153079691,54.0150032043457,70916000
2018-11-01,54.05561967224516,54.47661284153261,53.383019119692094,53.787174224853516,40132000
2018-11-02,53.936750983635044,54.382510005729145,52.87980727531565,53.06950378417969,43438000
2018-11-05,53.12102285137064,53.16163675352481,51.212683358823284,52.2889404296875,45358000
2018-11-06,52.253771295401684,53.48208478305597,52.18393639907413,52.97441482543945,28660000
2018-11-07,53.663851985386415,54.9733894546815,53.52021829844188,54.889686584472656,43388000
2018-11-08,54.8431267561284,54.88869079852541,53.70693532571428,54.21559524536133,33694000
2018-11-09,53.69010609486829,53.90456471882175,52.71141992848886,53.343406677246094,34860000
2018-11-12,53.15073486593075,53.19877776474122,51.52718416233509,51.97343444824219,34002000
2018-11-13,52.24337359797783,52.830782545490095,51.52966403701406,51.90459442138672,25750000
2018-11-14,52.500424847989784,52.78719721551318,51.56482768446638,52.23197937011719,34666000
2018-11-15,52.07745095531345,53.4350313497898,51.573741122642325,53.0477180480957,41584000
2018-11-16,52.75945127002997,53.1165534812939,52.2478175102476,52.91001892089844,35366000
2018-11-19,52.66832339157759,52.896653754575325,50.661423254561655,50.886775970458984,45684000
2018-11-20,49.88976430223799,51.37859922795724,49.638160673092806,51.03684997558594,54458000
2018-11-21,51.772841386629445,52.238412347646175,51.48309896261575,51.67972946166992,29698000
2018-11-23,51.18790793363675,51.65843282550483,50.941254476800474,51.01951217651367,14178000
2018-11-26,51.70795891914719,52.35182969416798,51.49845048129907,52.29933166503906,31558000
2018-11-27,52.07149936519987,52.83523174897223,51.782251968702674,52.1180534362793,33048000
2018-11-28,52.37462381874214,54.12794037365906,51.65596033677912,54.07494354248047,46042000
2018-11-29,53.66582575996788,54.48899394725155,53.59004691645843,54.21311950683594,31004000
2018-11-30,54.26513718033548,54.95952606201172,53.64850343855896,54.95952606201172,59668000
2018-12-03,56.074420754087555,56.21508058443638,55.06254588758644,55.291866302490234,57532000
2018-12-04,55.12494776628658,55.186858639231,52.53905409261525,52.62275695800781,45630000
2018-12-06,51.75749198017637,53.462270515050555,51.63268019915699,53.39590072631836,47436000
2018-12-07,53.106166978552345,53.74013384365165,51.478652073211364,51.83575439453125,42682000
2018-12-10,51.655460895725966,52.48060920556832,51.163147772127004,52.162635803222656,33652000
2018-12-11,52.84414835208087,53.015517977053605,52.01008602771962,52.5821418762207,33852000
2018-12-12,53.34637112739864,54.071964752835314,53.093278689920794,53.180450439453125,28960000
2018-12-13,53.276542045289816,53.90803378116927,52.747575090120165,53.171043395996094,24986000
2018-12-14,52.5014126277262,53.08089751742755,51.97393075752267,52.08982849121094,36358000
2018-12-17,51.8570404111921,52.61829777060275,50.35236134415142,50.799110412597656,49932000
2018-12-18,51.21267546091427,52.485067857632515,51.03833196178802,51.678741455078125,43640000
2018-12-19,51.8709045641848,53.2785114811966,50.49103737388359,51.28498077392578,58264000
2018-12-20,50.81644063465961,51.87833825031847,49.91799239916836,50.69658279418945,53674000
2018-12-21,51.115602387570746,51.39444695222503,48.597068364199366,49.0953254699707,104656000
2018-12-24,48.7520875803964,50.12898477901255,48.4222262706209,48.76942443847656,36360000
2018-12-26,49.42915006255567,51.928367134430836,49.16466471352241,51.898651123046875,46318000
2018-12-27,50.82635397793012,52.17056137212432,49.875400053410274,52.14876937866211,45996000
2018-12-28,52.47565501384212,52.709925548211785,51.60890278241842,51.8406982421875,34398000
2018-12-31,52.392940245605,52.64851152707626,51.16512568821355,51.75550842285156,33110000
2019-01-02,50.8758779017609,52.539547399816726,50.78078213895101,52.2369270324707,31868000
2019-01-03,52.03832084396553,52.81047235393287,50.63665770148199,50.79019546508789,41960000
2019-01-04,51.63664314148045,53.49099942047258,51.35432968457756,53.395408630371094,46022000
2019-01-07,53.53903993569578,53.62472286524875,52.63117875643458,53.28892135620117,47446000
2019-01-08,53.788170509277634,54.15220677732081,52.91398920676313,53.7569694519043,35414000
2019-01-09,53.88673286657815,54.0675115661142,53.21214842603812,53.57271957397461,26998000
2019-01-10,53.24038543925741,53.481589980140164,52.73222046466923,53.43305206298828,26598000
2019-01-11,52.99075750720199,53.16262216456006,52.32360582708245,52.72181701660156,30864000
2019-01-14,52.17055475336604,52.423647167608756,51.933314151326556,52.079917907714844,28490000
2019-01-15,52.40185981257521,53.90059872067662,52.22504123950149,53.81342697143555,37518000
2019-01-16,53.986284091684944,54.598458866293974,53.887723216118594,53.962013244628906,38280000
2019-01-17,53.88672678905916,54.516234569341734,53.65245249400322,54.43798065185547,24896000
2019-01-18,54.9070229547519,55.37308896607223,54.445910871555206,54.84313201904297,44892000
2019-01-22,54.28345088555543,54.430553442615526,53.0397845241094,53.42313766479492,39632000
2019-01-23,53.83075832546533,54.13238866560212,52.87535311256722,53.709415435791016,25194000
2019-01-24,53.61530339493164,53.88721769397618,52.99668976797345,53.68910217285156,29114000
2019-01-25,54.19579477678299,54.64799286460194,54.07544189427346,54.556365966796875,23260000
2019-01-28,53.98975976910591,54.1532016311362,53.224043355490785,53.48406982421875,29334000
2019-01-29,53.54250503965595,53.725267578606804,52.798584495404725,52.998680114746094,19704000
2019-01-30,53.36023646661718,54.457794073421354,53.324576500441886,54.382015228271484,29452000
2019-01-31,55.08780072853778,55.85202820572741,54.74159635544075,55.76386642456055,40232000
2019-02-01,55.58555823188162,56.18535379195906,55.18735087269382,55.40378952026367,33116000
2019-02-04,55.42310990879711,56.57861454626305,55.348816104606605,56.53304672241211,78408000
2019-02-05,55.94910324544131,57.09519882696969,55.6504467610193,57.050621032714844,82296000
2019-02-06,56.921847440071225,57.156117968858695,55.39091369948589,55.61528015136719,48256000
2019-02-07,55.06700455368921,55.07542358712486,54.16409722637858,54.7742919921875,38298000
2019-02-08,54.227987687167996,54.73417262114994,54.19629161363459,54.59945297241211,21766000
2019-02-11,54.667299699315514,55.14673863839384,54.48156708425555,54.58656692504883,18498000
2019-02-12,55.02687914972968,56.109083798353446,55.02687914972968,55.847572326660156,35036000
2019-02-13,56.117996776538185,56.603874697710054,55.76931356134372,55.899574279785156,28042000
2019-02-14,55.719791022691574,56.27104497463407,55.32801879954361,55.92781066894531,21106000
2019-02-15,56.42804638100355,56.42804638100355,55.30968676611699,55.45381546020508,27826000
2019-02-19,55.30572672425889,55.94959753874557,55.30572672425889,55.79457473754883,21980000
2019-02-20,55.911955925595045,56.013490661731915,55.063530612388284,55.50136184692383,24090000
2019-02-21,55.411716044125036,55.430042932078614,54.38151821674722,54.69008255004883,33272000
2019-02-22,54.96199624347031,55.33593654940632,54.506333133176156,55.301761627197266,29436000
2019-02-25,55.567732527759496,55.739597170241076,55.18041925822261,55.339900970458984,26208000
2019-02-26,55.1932941927383,55.79110594854371,54.813409920313894,55.571693420410156,35026000
2019-02-27,55.175465073433884,55.755939960125424,54.905534577548536,55.61528015136719,22092000
2019-02-28,55.42261046380801,56.16504587396825,55.393389470883804,55.79655075073242,27422000
2019-03-01,56.01695474562743,56.95800073084144,56.01695474562743,56.88469696044922,34086000
2019-03-04,57.18385756294769,57.72669245750234,56.376042304704,57.12739562988281,35490000
2019-03-05,57.25518259501126,58.27002755059838,57.10758877626109,57.90846633911133,40094000
2019-03-06,58.03574904568272,58.18334284423935,57.604352993084895,57.69796371459961,23602000
2019-03-07,57.47805690884928,57.630604637262714,56.54740996081109,57.00010299682617,30086000
2019-03-08,56.16058898991803,57.128875919095165,55.977331451442105,56.95651626586914,23694000
2019-03-11,57.0570600258976,58.439406203378375,57.03576304797861,58.4072151184082,30032000
2019-03-12,58.55778518124148,59.71724999224777,58.55778518124148,59.29823684692383,42220000
2019-03-13,59.72814259101734,59.787079593993994,59.330921474590724,59.38787841796875,25888000
2019-03-14,59.385903050434166,59.6672264639937,59.00007480369485,59.06446075439453,27302000
2019-03-15,59.335379270044704,59.51962305647929,58.79105560639741,58.95400619506836,51886000
2019-03-18,58.923798203513506,59.18431964133926,58.51716801198953,58.86733627319336,24442000
2019-03-19,59.02434126298929,59.60333491333445,58.912407428142764,59.55628204345703,29788000
2019-03-20,59.503781909938475,60.919808065668605,59.414135080796434,60.74348449707031,41508000
2019-03-21,60.42501387002743,61.239264305699706,60.25562429558557,61.22391128540039,28150000
2019-03-22,60.86334912117985,61.10009475493801,59.731616418144526,59.81333923339844,34422000
2019-03-25,59.412653595498995,59.90199668362058,58.93915854413122,59.30467987060547,27576000
2019-03-26,59.69149221330397,59.81333390286845,58.531037409094154,58.93122863769531,30752000
2019-03-27,59.03424233463008,59.03424233463008,57.662790392947635,58.345298767089844,29428000
2019-03-28,58.22098896741661,58.30766192607468,57.62317718943599,58.06100845336914,22402000
2019-03-29,58.45278371700122,58.64050019224838,57.76928897443963,58.28983688354492,30890000
2019-04-01,58.81731563378253,59.44434844751149,58.75887363774106,59.38392639160156,27706000
2019-04-02,59.43691742976985,59.7222047482487,59.0005711978958,59.708831787109375,18288000
2019-04-03,60.063455582632635,60.454732784030405,59.686050136151295,59.9698486328125,22180000
2019-04-04,59.99361860900588,60.45225561558731,59.882179788501375,60.39777374267578,21022000
2019-04-05,60.390343241211596,60.44433009784707,59.93121123108795,60.00154113769531,20012000
2019-04-08,59.98470444382836,60.12536426025806,59.667226048250946,59.844539642333984,21750000
2019-04-09,59.52804882789943,59.78856648653898,59.354200345515004,59.56766891479492,19668000
2019-04-10,59.686546391575085,59.87722917859246,59.467133842961,59.753902435302734,15510000
2019-04-11,59.87524890205104,60.06544045215658,59.65930523770467,59.909423828125,16998000
2019-04-12,60.20808192809174,60.57608210650536,60.09268297906801,60.56023406982422,24312000
2019-04-15,60.627588121562674,60.88563450719283,60.15558191155157,60.74843978881836,23796000
2019-04-16,60.92030326457273,61.21648468997316,60.67463981516365,61.0149040222168,22622000
2019-04-17,61.267001895443855,61.66818694485466,61.063936185393956,61.422523498535156,30366000
2019-04-18,61.66323425246353,61.709792109209396,61.386369744232624,61.488399505615234,24750000
2019-04-22,61.25065781074722,62.125829100059825,61.08721219258896,62.097103118896484,19084000
2019-04-23,62.239744198104034,63.12085940891058,62.00844375608497,62.930667877197266,31868000
2019-04-24,62.93067092945153,63.09956549183258,62.39675386323464,62.40863800048828,23396000
2019-04-25,62.91630668366039,63.04012843302719,62.30710579287008,62.76970291137695,31344000
2019-04-26,63.06884819191342,63.34274256978052,62.65379899863821,63.268943786621094,27228000
2019-04-29,63.421991278063544,64.2372392794385,62.98614009091481,64.1990966796875,72368000
2019-04-30,58.970352814349525,59.48297285076681,58.59244862368012,59.38292694091797,133178000
2019-05-01,59.3106178156622,59.39729455152342,58.03178642826818,58.113014221191406,74340000
2019-05-02,58.07735668615716,58.41316197905627,57.37058114536193,57.775726318359375,45098000
2019-05-03,58.31558564430642,59.00849318877649,58.12440785406061,58.916866302490234,41588000
2019-05-06,58.047635467254594,59.208094068561614,58.006031540219304,59.11052322387695,31774000
2019-05-07,58.73162587999779,59.17540107837916,57.7009330420746,58.38740158081055,36604000
2019-05-08,58.30963784245161,58.65535095886636,57.831192715334105,57.98720932006836,25520000
2019-05-09,57.58206729687322,58.15015927532852,57.187816247709954,57.8480339050293,29556000
2019-05-10,57.891131361425664,58.259622770620325,56.77822057310568,57.831695556640625,31650000
2019-05-13,56.72224921637384,57.05557564309641,55.74455316549027,56.2938232421875,45626000
2019-05-14,56.57762852616041,56.70392535711721,55.64698151625123,55.71285629272461,40392000
2019-05-15,55.59844282771411,58.35967021943757,55.54148587870929,57.98820495605469,59302000
2019-05-16,58.03971145820099,59.14519317189485,57.87181070522782,58.666744232177734,35308000
2019-05-17,58.23732747979743,58.75539646785315,57.771261507136366,57.88814926147461,25362000
2019-05-20,57.106596425890835,57.106596425890835,56.37059986450055,56.69352722167969,30602000
2019-05-21,57.17988991070369,57.35423340533098,56.62665595999286,57.17790985107422,20562000
2019-05-22,57.01991395503631,57.64050772893197,57.00753102470528,57.247745513916016,18826000
2019-05-23,56.76335831681906,56.96048006392855,56.12394261855994,56.72719955444336,25214000
2019-05-24,57.057055177570355,57.173942928100786,56.2997617628982,56.39386749267578,18554000
2019-05-28,56.53602136651418,57.279446876061826,56.39684281844969,56.44092559814453,20948000
2019-05-29,56.101152484717936,56.21507014854545,55.073433550766815,55.46916961669922,36230000
2019-05-30,55.47957104098683,55.808937337789494,55.269072561933925,55.54197692871094,18088000
2019-05-31,54.76091098920142,55.14525038957609,54.64748833637482,54.803504943847656,31582000
2019-06-03,52.84365132938813,52.847116433578314,50.867457442722504,51.44743728637695,96890000
2019-06-04,51.73222163101706,52.423148992008265,51.31320856932454,52.227508544921875,60512000
2019-06-05,52.25278106936707,52.342427899855494,51.163151127283896,51.739662170410156,46988000
2019-06-06,51.817426669787686,52.00513937028514,51.28746968640201,51.894195556640625,29020000
2019-06-07,52.217120313402106,53.16559540422133,52.06209372377589,52.91497802734375,43828000
2019-06-10,53.342409676901475,54.22600379210767,53.25722176188003,53.6276969909668,28510000
2019-06-11,54.33248671698533,54.68017990988899,53.46969837559754,53.542503356933594,33508000
2019-06-12,53.48852151892269,53.6158083748503,52.9758976544388,53.4464225769043,23670000
2019-06-13,53.72427882546966,54.3126777814297,53.61828894462655,54.03630828857422,20814000
2019-06-14,53.97340389299385,54.22203741750554,53.56429862336168,53.80302429199219,24582000
2019-06-17,53.9417144252182,54.544971422069345,53.887232547423096,54.178955078125,19770000
2019-06-18,55.05115736756084,55.411724774582794,54.52070535055258,54.74110794067383,34526000
2019-06-19,54.840155442193684,54.948624168178235,54.28493764576931,54.70494079589844,26714000
2019-06-20,55.5563463162241,55.60686807310888,54.82827376352912,55.135353088378906,24018000
2019-06-21,54.9699295647187,55.797553061405665,54.962995576122076,55.738121032714844,50774000
2019-06-24,55.47215001082886,55.64896860749552,55.140803606753266,55.3087043762207,24236000
2019-06-25,55.22845988453436,55.259165922689526,53.71882317627778,53.86642074584961,31644000
2019-06-26,54.03581047125321,54.239869983123604,53.17847106992151,53.50684356689453,34698000
2019-06-27,53.82532004365454,53.91001294767816,53.2854552105242,53.32408905029297,24078000
2019-06-28,53.353798552291956,53.62967300415039,53.18391397127025,53.62967300415039,33672000
2019-07-01,54.53307538431307,54.90701946974309,54.250266944117506,54.4815673828125,29196000
2019-07-02,54.72079457064714,55.1199957724804,54.46522705253358,55.10563278198242,20630000
2019-07-03,55.39784524596888,55.867875106297795,55.2170665651637,55.62023162841797,20154000
2019-07-05,55.4409415792781,56.197740087765375,55.348324659581365,56.099674224853516,29794000
2019-07-08,55.762875293624795,55.829245080339426,55.06402758839945,55.31315612792969,29888000
2019-07-09,54.99270619274252,55.86144229949039,54.83569954537963,55.68462371826172,29472000
2019-07-10,56.08233751346823,56.578614532807784,56.00011969183187,56.507789611816406,30710000
2019-07-11,56.7678108891987,57.118474159996595,56.43943840423294,56.664791107177734,26004000
2019-07-12,56.60783671758229,56.8341832392987,56.39139805195837,56.72719955444336,21878000
2019-07-15,56.72719861607751,56.991683955517104,56.46271705537778,56.9832649230957,21164000
2019-07-16,56.79604524632586,57.3829629193265,56.79604524632586,57.12937545776367,25352000
2019-07-17,57.00357272421351,57.3760280034177,56.790599163439744,56.79654312133789,19538000
2019-07-18,56.5617729099618,56.867367160229094,56.10908365301538,56.82130432128906,25450000
2019-07-19,56.92432612379443,57.036259960007996,56.02934289154562,56.0442008972168,23184000
2019-07-22,56.2383501934316,56.46370667994142,55.73018903864181,56.423587799072266,28914000
2019-07-23,56.6335957280726,56.901546191159234,56.10859268845329,56.861427307128906,20648000
2019-07-24,56.097196306050485,56.733143116619324,55.89363180878285,56.449344635009766,27192000
2019-07-25,56.410709856091835,56.64052525562124,55.65589523702844,56.26163101196289,54762000
2019-07-26,60.82124521023949,62.82170635326538,60.82124521023949,61.674129486083984,121216000
2019-07-29,61.53941137657357,61.86085367588701,60.93020668782586,61.50672149658203,41382000
2019-07-30,60.77171537621806,61.262547257895605,60.68850752025554,60.82124710083008,28616000
2019-07-31,60.666217538983844,61.163484590606885,59.83958418427697,60.33586120605469,39960000
2019-08-01,60.30763338210096,61.23233264202327,59.78114152891506,60.01789093017578,35426000
2019-08-02,59.583025720180316,59.90495923696939,58.93915112912255,59.252174377441406,34910000
2019-08-05,58.09568007652619,58.28934050552652,56.59892491034866,57.193267822265625,47840000
2019-08-06,57.726691926979775,58.513206420620904,57.52907138432887,58.002071380615234,36014000
2019-08-07,57.34433156922909,58.43743040415637,56.99961222052724,58.24129867553711,30686000
2019-08-08,58.76233791100719,59.74548296667226,58.14669800771381,59.74102783203125,30116000
2019-08-09,59.43394025653966,59.65533283263765,58.686055887993724,58.884666442871094,20418000
2019-08-12,58.4438647389188,58.7217192586573,57.88518183118169,58.17145538330078,22064000
2019-08-13,58.16402820799058,59.70338106557168,58.096672168089995,59.27248001098633,28434000
2019-08-14,58.249216655957746,58.58204805365659,57.506286190031595,57.663787841796875,35430000
2019-08-15,57.87082273011321,58.266555065993956,57.60188223960174,57.91490173339844,28506000
2019-08-16,58.48299326699837,58.634055949053966,58.09716503698395,58.40473556518555,24916000
2019-08-19,59.02979561414053,59.89952181730428,58.95897068473877,59.45623779296875,24450000
2019-08-20,59.20413456650774,59.335385321885944,58.59492988143493,58.61870193481445,20206000
2019-08-21,59.22740993354587,59.46217548603108,58.83613275315723,59.01740646362305,14152000
2019-08-22,59.12735867462984,59.37401213632088,58.38987714286539,59.014434814453125,17352000
2019-08-23,58.69992478154987,59.21997760981369,56.95800136029911,57.13531494140625,36254000
2019-08-26,57.42604913459214,58.040698950826204,57.198217575695054,58.00701904296875,21166000
2019-08-27,58.592457532450354,58.69151342758311,57.6791473666648,57.98919677734375,23460000
2019-08-28,57.6944965778,58.3695722454839,57.4656749811865,58.13431167602539,16810000
2019-08-29,58.76184140064321,59.39432313270513,58.70537946670605,59.1491584777832,19636000
2019-08-30,59.45177362182627,59.45177362182627,58.72716627119563,58.96540069580078,18064000
2019-09-03,58.53549331783556,58.89358560986909,57.63704499067827,57.926292419433594,25908000
2019-09-04,58.416627511131765,58.68556800063961,58.02436028138805,58.556297302246094,21312000
2019-09-05,59.1204275331869,60.127843391046405,59.07238463305965,60.0381965637207,26394000
2019-09-06,59.88713301150677,60.07583572599025,59.59590174657912,59.74746322631836,18972000
2019-09-09,59.785104286074976,60.45225594668712,59.096160631926864,59.695457458496094,31854000
2019-09-10,59.240781035803494,59.92972465143627,59.2368171377731,59.71675109863281,27922000
2019-09-11,59.627110866396535,60.547355024481845,59.547368111982024,60.425018310546875,23522000
2019-09-12,60.59688111565111,61.535448356203645,60.55180830394123,61.16646194458008,31644000
2019-09-13,61.02480508761392,61.467594048380136,60.77567654585852,61.41707229614258,23676000
2019-09-16,60.94209680855052,61.367053927593396,60.68207036152316,61.00103759765625,28218000
2019-09-17,61.00103678715758,61.16794751680228,60.59093767989537,60.91436004638672,20806000
2019-09-18,60.932185174595695,61.22935660060145,60.25017556160947,61.05154800415039,17440000
2019-09-19,61.03520742645036,61.63054033236928,61.03471241152999,61.353675842285156,16554000
2019-09-20,61.100584101674585,61.55426717074491,60.60232701682279,60.912376403808594,37692000
2019-09-23,60.75041663443363,61.39974019130352,60.61223189345284,61.152591705322266,20798000
2019-09-24,61.415595005164725,61.767743376813286,59.96143368856673,60.342308044433594,35804000
2019-09-25,60.227397105585325,61.81281288374729,59.89010675908413,61.70979309082031,26798000
2019-09-26,61.52157795529746,61.64688852899052,61.01044291937786,61.52900695800781,23166000
2019-09-27,61.55576148161077,61.66274518157453,60.18728306577028,60.71971893310547,34122000
2019-09-30,60.45473372191468,60.792024068700115,60.099120264087766,60.48147964477539,24470000
2019-10-01,60.5483424734457,61.06195637684846,59.7093261504374,59.73161315917969,24504000
2019-10-02,59.261091120470134,59.37302495619174,58.07884052130791,58.34084701538086,33030000
2019-10-03,58.60929264181459,58.98868191569401,57.60881454798401,58.91092300415039,28368000
2019-10-04,59.151632496809995,60.05156965533059,58.98719684740841,59.97727584838867,24282000
2019-10-07,59.781141033696585,60.37102880405795,59.650385292328075,59.84305191040039,17040000
2019-10-08,59.373521990054044,59.7747032700144,58.913399921863515,58.945594787597656,20086000
2019-10-09,59.500317343231046,59.85345571982782,59.34132685384259,59.55331039428711,15948000
2019-10-10,59.36509695767759,60.20807333110587,59.32844696105802,59.903472900390625,12842000
2019-10-11,60.624611166876676,60.85838667809591,60.110007277504806,60.21253204345703,22330000
2019-10-14,60.12239215803119,60.71624001723558,60.0228412570052,60.3145637512207,13296000
2019-10-15,60.49930347966487,61.76872194448881,60.47057750077718,61.526527404785156,27584000
2019-10-16,61.50523005655735,62.11839480109987,61.342774482119104,61.564170837402344,22986000
2019-10-17,61.980205420964786,62.59188507493591,61.904426581986705,62.04954528808594,20958000
2019-10-18,62.143169135128964,62.31255494115907,61.422525600840814,61.63401412963867,31624000
2019-10-21,61.84648862350437,62.084719280696554,61.41509256120461,61.62757110595703,18094000
2019-10-22,61.6374731641582,61.847971642306,61.4081565619093,61.47502136230469,22862000
2019-10-23,61.425988085022944,62.309083345163565,61.425988085022944,62.28877639770508,21282000
2019-10-24,62.36208724975586,62.54979994727455,62.02727197550585,62.36208724975586,20224000
2019-10-25,62.009928347919384,62.80239053844367,61.86877352364735,62.61913299560547,27104000
2019-10-28,63.149083055626555,64.34965656889797,63.015852263128416,63.84149169921875,65428000
2019-10-29,63.19862281110795,63.43636224265712,62.18873185476839,62.4388542175293,52654000
2019-10-30,62.16594580208306,62.80338142330192,61.94306816967609,62.44083023071289,29204000
2019-10-31,62.40616890017984,62.729096271494996,61.885125951211286,62.34673309326172,31904000
2019-11-01,62.6934351947074,63.05004247245502,62.3918048093002,63.01289367675781,28812000
2019-11-04,63.20407065923479,64.01584603834215,63.20407065923479,63.87270736694336,30632000
2019-11-05,63.95146428582976,64.25061961188125,63.861326210500934,63.96335220336914,25148000
2019-11-06,63.896486884226746,64.04011680010994,63.50917356883093,63.94205093383789,24626000
2019-11-07,64.10401194767036,65.50914414937604,64.07776481635723,64.73104858398438,45140000
2019-11-08,64.46259360711396,65.23474892425246,64.46259360711396,64.83306884765625,30392000
2019-11-11,64.58542372194074,64.63000529696797,64.18276118295945,64.3021240234375,17234000
2019-11-12,64.31647480140748,64.85039558450602,64.10201621713067,64.24911499023438,28852000
2019-11-13,64.04951725531191,64.51211812874304,63.99850426915484,64.19810485839844,20538000
2019-11-14,64.13966449078022,65.16590220608438,64.08716267984857,64.84049224853516,28948000
2019-11-15,65.13270742010488,66.04849243164062,64.97619204091342,66.04849243164062,39286000
2019-11-18,65.98906572747507,66.0673234323265,65.18769322633246,65.36995697021484,27984000
2019-11-19,65.70624295115569,65.70624295115569,64.97025036942809,65.0108642578125,21864000
2019-11-20,64.94995225781228,65.04157913718234,63.852893443632446,64.47943115234375,28892000
2019-11-21,64.35017380574125,64.93807780197866,63.92917677505132,64.39425659179688,25546000
2019-11-22,64.53590894982392,64.72907061146134,63.860338149110646,64.07380676269531,27776000
2019-11-25,64.20207546796104,64.90290324002098,64.16988060411563,64.6666488647461,23590000
2019-11-26,64.87814242998601,65.08121192737515,64.58741371785119,65.03118896484375,21910000
2019-11-27,65.15105254099282,65.26100632608322,64.85635614290256,64.98809814453125,18808000
2019-11-29,64.71420244296621,64.88011935887761,64.54728793969487,64.58988189697266,12802000
2019-12-02,64.51410060357718,64.65674803317151,63.415552909887005,63.8355598449707,26538000
2019-12-03,63.33037051121015,64.25012342989662,63.250631535810925,64.12679290771484,25270000
2019-12-04,64.68943163954013,65.5893687316695,64.53836518336756,65.32537841796875,35506000
2019-12-05,65.72459053357098,65.77313223197854,65.09657144654456,65.72261047363281,24408000
2019-12-06,66.00937029165347,66.49078930436868,65.93409023662048,66.33824157714844,32968000
2019-12-09,66.31198979684073,67.23768274471344,66.17380129069844,66.51654052734375,30842000
2019-12-10,66.36548792156054,66.7646891227079,66.07128278810355,66.5115966796875,17606000
2019-12-11,66.7795548871401,66.85830383642757,66.4229476010481,66.57896423339844,20480000
2019-12-12,66.52745181438002,67.09058992873814,66.27931705166803,66.7889633178711,29114000
2019-12-13,66.7597150639601,66.93058964173359,66.45065955827815,66.70870208740234,33170000
2019-12-16,67.11139764870899,67.53387594534594,66.89396892354272,67.39371490478516,28128000
2019-12-17,67.47839706461865,67.57349283681637,66.9018822520675,67.10594177246094,32948000
2019-12-18,67.21043826661847,67.33079112240108,66.8865247093913,66.95833587646484,23330000
2019-12-19,66.95834227718696,67.23669937658612,66.80183442609396,67.18270874023438,28922000
2019-12-20,67.51256649926894,67.5571405133204,66.8998967517064,66.92416381835938,50090000
2019-12-23,67.29613213369372,67.45065992674316,66.7646901418496,66.89495086669922,19936000
2019-12-24,66.87414507807253,66.9633006692763,66.57499734842783,66.5878677368164,13468000
2019-12-26,66.69286688442598,67.51752392838698,66.64135510441135,67.48136138916016,23662000
2019-12-27,67.55714262925474,67.70820909157774,67.01233147299867,67.09355926513672,23212000
2019-12-30,67.20103188146805,67.21044094340947,66.26147091867256,66.35408782958984,19994000
2019-12-31,66.15993795919911,66.40114248047537,65.9786642517379,66.33824157714844,19514000
2020-01-02,66.78499723022476,67.7889404296875,66.68990145950006,67.7889404296875,27278000
2020-01-03,66.76468797907017,68.0400504709422,66.73100429191261,67.43431091308594,23408000
2020-01-06,66.94447138154142,69.25696943800752,66.91327410590613,69.2317123413086,46768000
2020-01-07,69.36296466843042,69.51353233718912,68.92215954793207,69.09798431396484,34330000
2020-01-08,69.08361312830931,69.92708827263827,68.97514818608825,69.58979797363281,35314000
2020-01-09,70.42634437897857,70.76066463148995,69.84586943820742,70.32035827636719,33200000
2020-01-10,70.79980079044779,71.07072135488387,70.31095271552078,70.7745361328125,26258000
2020-01-13,71.08607698426798,71.39464138727807,70.59673762914049,71.32283020019531,30730000
2020-01-14,71.32133264146023,71.45159337277671,70.71559303390933,70.85527038574219,26076000
2020-01-15,70.97561465970341,71.35995783382089,70.90825484550432,71.28170013427734,21550000
2020-01-16,71.59124730341786,71.85127747220866,71.32131683756202,71.82453155517578,26080000
2020-01-17,72.43771294689661,73.32972240709998,72.14103648015305,73.2787094116211,52424000
2020-01-21,73.25294322283658,73.7918217589049,72.81758704437881,73.4139175415039,48930000
2020-01-22,73.78438560666041,74.32176770966639,73.43421737387162,73.494140625,28458000
2020-01-23,73.67642456191712,73.97112094934903,73.31832847211646,73.5347671508789,26650000
2020-01-24,73.93743690849286,74.00578676014383,72.4694039216118,72.61750030517578,29786000
2020-01-27,70.90231884282338,71.15194240324553,70.30598833544614,70.91172790527344,34132000
2020-01-28,71.40750994470905,72.05435468204043,70.84387306528185,71.84138488769531,29724000
2020-01-29,72.23562072709703,72.5169479006937,71.58828482234425,72.14845275878906,21566000
2020-01-30,71.2272236271273,72.07663903462614,71.07368586337883,72.02711486816406,27110000
2020-01-31,72.70120227280468,72.7908491074276,70.68043021334437,70.96373748779297,43822000
2020-02-03,72.3936321266216,73.6145205124511,72.14400852863496,73.43125915527344,71636000
2020-02-04,72.0389944559795,72.67543244592652,70.43129192072453,71.58927154541016,95880000
2020-02-05,72.49068626275275,72.5387291551903,70.81018261463366,71.62096405029297,36376000
2020-02-06,71.91468022550302,73.37974302803424,71.84039019914903,73.10287475585938,37822000
2020-02-07,72.67791742804089,73.56249776232856,72.57985157058434,73.25839233398438,28360000
2020-02-10,73.16527994044252,74.73285986028971,73.06473523545293,74.72196197509766,38302000
2020-02-11,74.95029988809617,75.77297698245958,74.56298657133796,74.79131317138672,34852000
2020-02-12,75.07856842840461,75.29847595966785,74.72246000606891,75.21576690673828,31042000
2020-02-13,74.78833327132581,75.57831660153852,74.49115806314995,74.95623779296875,22914000
2020-02-14,75.01270637201145,75.28610577397488,74.56793355013087,75.2207260131836,23198000
2020-02-18,75.00328863329595,75.80664112300143,74.83835420554657,75.2558822631836,25642000
2020-02-19,75.64023640450932,75.8155699491848,75.33217083202628,75.52483367919922,22746000
2020-02-20,75.23459792943929,75.63379916691278,74.50404651484665,75.13455200195312,25962000
2020-02-21,74.51988466489536,74.83538676344855,73.22768413990144,73.47383880615234,42520000
2020-02-24,70.48181870840796,71.1420402031771,69.67648603093434,70.32382202148438,49560000
2020-02-25,70.87557160361483,71.1653102618501,68.37041066223844,68.66262817382812,51580000
2020-02-26,69.0915328211523,70.01722567369794,68.17871791174133,68.86815643310547,49776000
2020-02-27,67.31644613004579,67.82461113676888,65.09260451220945,65.12776947021484,62290000
2020-02-28,63.114904104246634,66.48978670440634,62.81277879643588,66.331298828125,80198000
2020-03-02,66.93259258440654,68.71958134114152,65.63543431947762,68.66262817382812,55430000
2020-03-03,69.22527312469211,69.74581720018458,65.83552438581239,66.25553131103516,56602000
2020-03-04,67.30751483968164,68.48729025367727,66.21986509779941,68.42884826660156,47598000
2020-03-05,66.64333311435507,67.04353186949021,64.46853243135237,65.11834716796875,54380000
2020-03-06,62.89896905456568,64.5235059054262,62.26797243761164,64.17631530761719,64640000
2020-03-09,59.68009585569806,62.04608176562087,59.337356630197625,60.21649169921875,69252000
2020-03-10,62.12831234058165,63.19119639111918,60.153104365038516,63.15751647949219,54872000
2020-03-11,61.82519142092742,62.254108628293366,58.99561431064682,59.974300384521484,54732000
2020-03-12,55.60191470564654,58.877247417138825,54.901083084204004,55.05363082885742,94326000
2020-03-13,58.19572453085053,60.1476514358914,55.09027308239977,60.141212463378906,79400000
2020-03-16,53.966968053514314,56.73364061109453,52.851087217946215,53.1442985534668,96520000
2020-03-17,54.017985077992776,55.769317745236926,51.960563127634764,55.376060485839844,83194000
2020-03-18,52.497451376816,54.72871792879037,51.36125986645297,54.045223236083984,93044000
2020-03-19,53.898125417127375,57.087280139813885,52.28002350852244,55.059574127197266,74064000
2020-03-20,56.01200383327532,56.387432973532285,52.604430705586964,52.90705108642578,82878000
2020-03-23,52.3206338995169,52.84266682638915,49.968020624039184,52.20969009399414,83672000
2020-03-24,54.67869926293057,56.13236549808536,53.80946810012896,55.96792984008789,72468000
2020-03-25,55.69899124404958,56.768314293745405,53.64008412281459,54.56181335449219,90324000
2020-03-26,55.210628806623966,58.02187886874352,54.08682406987629,57.5979118347168,76562000
2020-03-27,55.842123904598736,57.01001149074951,54.679685261396536,54.9897346496582,62794000
2020-03-30,56.098186132299865,57.00753232896718,54.406780592106486,56.77524185180664,58736000
2020-03-31,56.895104627215595,58.116975309708685,56.30026293947802,57.54987335205078,65228000
2020-04-01,55.67025863980762,55.93870409870114,54.159136788243345,54.58557891845703,51970000
2020-04-02,54.48156755049608,55.60933621040078,54.14130715012959,55.325042724609375,56410000
2020-04-03,55.210135197808874,55.41221086454149,53.247314168651364,54.1200065612793,51374000
2020-04-06,56.11601974830172,58.97629920825369,55.71978862877884,58.601863861083984,63320000
2020-04-07,60.27691932785058,60.4636457550222,58.30765931147763,58.570655822753906,61620000
2020-04-08,59.58798154849749,60.17242039679678,58.63950642975912,59.78114318847656,40334000
2020-04-09,60.33486781153998,60.5235705125273,59.059006596297905,59.75983810424805,54028000
2020-04-13,59.508727370907756,60.15359194253423,58.55926238526575,59.95002746582031,38702000
2020-04-14,61.41410381655945,63.18623839971038,60.84798810738659,62.665199279785156,63358000
2020-04-15,61.73802218124415,63.15454334623227,61.11841839764076,62.272438049316406,42236000
2020-04-16,62.75979362501559,63.067862946627,61.32643447758855,62.27886962890625,57896000
2020-04-17,63.480935761731786,63.89202489079497,62.70333529986939,63.34720993041992,51050000
2020-04-20,62.89600062078531,63.239234907850815,62.229838995215836,62.46311950683594,35292000
2020-04-21,61.54981072123342,61.91087308906381,59.682081657857516,60.03670883178711,49648000
2020-04-22,61.47056726058051,63.390794489581054,61.27691061047198,62.327415466308594,46296000
2020-04-23,62.69045588241704,63.800396504836506,62.43241328855193,62.95939636230469,34202000
2020-04-24,62.1585184165666,63.283317036081904,61.613703473045874,63.22834014892578,37402000
2020-04-27,63.991082003498114,64.09509560385249,62.65677863962646,62.94404602050781,44186000
2020-04-28,63.55522594150271,63.6324860513774,60.93911760496872,61.04857635498047,80700000
2020-04-29,66.61611023326104,67.36646983433275,65.71122282126633,66.4764404296875,108358000
2020-04-30,65.94052598518793,66.86374009954754,65.45216923000982,66.7002944946289,55842000
2020-05-01,65.58045031969519,66.93456924056204,64.8657546120751,65.2451400756836,48872000
2020-05-04,64.78998106117524,65.59928136149354,64.18969042697206,65.52151489257812,30806000
2020-05-05,66.24462620591008,67.90433166344627,66.12229329799044,66.81519317626953,39666000
2020-05-06,67.25997539271505,67.78943731097657,66.62253976087045,66.63739776611328,31732000
2020-05-07,67.42391462370928,68.15149590002073,66.98954845815923,67.81865692138672,30652000
2020-05-08,68.43974816296604,69.17376079965929,67.95387024993067,68.56455993652344,33326000
2020-05-11,68.19062447900933,70.10936295617134,68.12673353943045,69.51799011230469,32718000
2020-05-12,69.74730660582867,70.049923203942,68.07769309780234,68.11087799072266,33918000
2020-05-13,68.15941483401798,68.61359670354787,65.7746067068007,66.7810287475586,40368000
2020-05-14,66.04752942019816,67.22878646130144,65.54134441991656,67.20352935791016,36660000
2020-05-15,66.77755753562865,68.08114705053016,66.31891682085778,68.00586700439453,41544000
2020-05-18,67.43729297529579,68.98159604195445,67.07176788673299,68.60617065429688,47094000
2020-05-19,68.62102154900354,68.96821215456,68.04054666803748,68.0722427368164,31586000
2020-05-20,68.8032949341757,69.9360176693198,68.71711698400958,69.79386901855469,38262000
2020-05-21,69.88449920235958,70.15541973750524,69.06232097711698,69.67449951171875,30894000
2020-05-22,69.53333269254743,70.18215736997556,69.13958048504284,69.99593353271484,28544000
2020-05-26,71.41839638561501,71.57441298355187,70.3010306624816,70.39859771728516,44590000
2020-05-27,70.33074414798452,70.59572446966092,69.07271866950138,70.34461212158203,31684000
2020-05-28,69.34018521335773,71.54223095770017,69.2946211638657,70.24359130859375,35170000
2020-05-29,70.35205553253827,71.15937581319436,70.1316567331601,71.0003890991211,37044000
2020-06-01,70.6130711741078,71.39958565996686,70.44367782066597,71.06724548339844,25162000
2020-06-02,71.0736814378857,71.46991253231057,70.41048993644438,71.43573760986328,23442000
2020-06-03,71.45506194687327,71.76758643044298,70.9062830710981,71.28418731689453,27732000
2020-06-04,71.16184478167695,71.38671004458558,69.63784868950184,70.0484390258789,26982000
2020-06-05,70.11481505470705,71.63336989632586,69.71759386528423,71.32232666015625,42642000
2020-06-08,70.64179390519453,71.76707993120938,70.55263831946147,71.71953582763672,33878000
2020-06-09,71.58086036140007,72.69822621574482,71.43821292718843,71.91963195800781,33624000
2020-06-10,72.38669630726893,72.9443854607301,72.03256788922275,72.54469299316406,31762000
2020-06-11,71.37234333854855,71.89586510053333,69.26143333989086,69.43428802490234,47144000
2020-06-12,70.62097647939113,71.04940236422458,68.63685881059267,69.9800796508789,36676000
2020-06-15,68.8196368559929,70.578398478052,68.70621419670628,70.3674087524414,30468000
2020-06-16,71.76708769172896,72.17173786067906,70.77602239457322,71.64178466796875,30648000
2020-06-17,71.96222904130842,72.42086224181243,71.08012003490119,71.94241333007812,30610000
2020-06-18,71.80918341707451,71.96371120218673,70.63980704312232,71.03009796142578,34862000
2020-06-19,71.32133607368311,71.54421373741724,70.28123023294962,70.56057739257812,52784000
2020-06-22,70.5788843487193,71.86365570720903,70.29062700074569,71.84928894042969,29442000
2020-06-23,71.91566513317868,73.06473450881036,71.5689657724206,72.50901794433594,37752000
2020-06-24,72.47435717496697,73.09395715763489,70.82604059730271,70.95977020263672,31592000
2020-06-25,70.88645432582972,71.43622313045614,70.30795954379751,71.37580108642578,23958000
2020-06-26,70.95631666669075,71.17374540800876,67.11140263408807,67.48484802246094,97640000
2020-06-29,67.37586340209062,69.24111726400062,66.94545740923932,69.20000457763672,45074000
2020-06-30,69.18565181426072,70.52886537426323,68.69283611298857,70.23416900634766,40286000
2020-07-01,70.28965219310696,71.74133833788005,70.04249991760268,71.4203872680664,42182000
2020-07-02,71.90774911883543,73.7244614334021,71.86960651880207,72.80371856689453,57218000
2020-07-06,73.70614161941427,74.78834258604863,73.15290382253794,74.27571868896484,44712000
2020-07-07,74.1013823199443,75.34900896864144,73.78291009668904,73.79380798339844,42364000
2020-07-08,74.33267948704277,74.84629341453271,73.91168248222009,74.47135925292969,31766000
2020-07-09,74.78486095554295,75.73630979120777,74.07462418142079,75.21724700927734,41836000
2020-07-10,74.94929749100821,76.34056139918596,74.32870752689304,76.22515869140625,35918000
2020-07-13,76.76650594695862,78.07505320173149,74.61795246148593,74.8987808227539,42954000
2020-07-14,73.93595121972746,75.42230344989767,73.59618204162983,75.32621765136719,38108000
2020-07-15,75.44360917374965,76.09243400713889,74.1855833783016,75.12910461425781,31026000
2020-07-16,74.36733265182488,75.0810458639117,73.71206898316635,75.03201293945312,26484000
2020-07-17,75.13057934258785,75.45351046496295,74.19894610484987,75.12760925292969,34264000
2020-07-20,75.03598803252913,77.7110338717438,74.42678707746852,77.45497131347656,30166000
2020-07-21,78.50448425057768,78.60453017649657,76.89925273502017,77.06269836425781,27486000
2020-07-22,77.05228139257757,77.61046921006437,76.43416276919481,77.50497436523438,24482000
2020-07-23,77.55848677338363,77.77740431624677,74.71850645345809,75.12266540527344,33910000
2020-07-24,74.25294639640434,75.05728910230158,73.67841157363145,74.69969177246094,29902000
2020-07-27,74.9498128375825,76.15335678507493,74.9037499915274,75.75068664550781,27124000
2020-07-28,75.53127392034418,75.58129688377899,74.31881220863937,74.47383880615234,30910000
2020-07-29,74.54069848439703,75.9438429611725,74.44213382549296,75.45747375488281,22676000
2020-07-30,74.19250254822516,76.3182779617759,74.05382279794463,76.19346618652344,36042000
2020-07-31,74.14693333367309,74.54167557953528,72.01471909619727,73.69622039794922,91468000
2020-08-03,73.84730518130277,74.18062787766284,72.8923872360385,73.4391860961914,45482000
2020-08-04,73.63481601890071,73.9517993959219,72.51150244507616,72.97063446044922,37212000
2020-08-05,73.1449754464307,73.7977603028216,72.8676083882849,73.25740051269531,29134000
2020-08-06,73.11179419733642,74.60359539633092,72.90129570804297,74.53821563720703,33306000
2020-08-07,74.74079029609783,75.28808029597877,73.61301784595169,74.21231842041016,27718000
2020-08-10,73.83737860375646,74.64717003743995,73.17814726696281,74.13554382324219,20546000
2020-08-11,73.99587650416217,74.81013451807152,73.21283088279655,73.3292236328125,31098000
2020-08-12,73.65512760591216,74.87105817178005,73.55012397437174,74.65164184570312,22512000
2020-08-13,74.69967176135513,76.12412051903709,74.69967176135513,75.11769104003906,22388000
2020-08-14,74.9671346484646,75.273227709081,74.24352104005268,74.52236938476562,21942000
2020-08-17,75.08402003992009,75.47084207168449,74.54069016477087,75.0973892211914,19990000
2020-08-18,75.5867328085061,77.13450454848939,75.36633404262166,77.05575561523438,28378000
2020-08-19,76.89280870825378,77.70359782783095,76.27419874587514,76.50252532958984,30472000
2020-08-20,76.27272136872347,78.26377754308974,75.99982072741331,78.06962585449219,26382000
2020-08-21,77.84921946486926,78.84376130062248,77.37919704497368,78.03594970703125,34838000
2020-08-24,78.87296919170576,79.68078824721263,78.00968578922196,78.51042175292969,25638000
2020-08-25,78.26029732922122,79.68573629924437,78.15034355310362,79.5356674194336,25150000
2020-08-26,79.55795969252074,81.86055017042472,79.29446813584885,81.43162536621094,52188000
2020-08-27,81.55445492871448,81.62280478029065,80.17755759803542,80.65848541259766,31350000
2020-08-28,80.70553787302336,81.29393305404557,80.51435629556859,81.19883728027344,22418000
2020-08-31,81.40388255781721,81.4499453974178,80.50048409065784,80.70850372314453,26422000
2020-09-01,80.83876691063882,82.17901042562862,80.70850618421295,81.97396087646484,22652000
2020-09-02,82.61436027263139,85.49148515532607,82.22704700647303,85.06008911132812,49522000
2020-09-03,84.17501205081606,84.19878788185247,79.62778233912816,80.70751190185547,63726000
2020-09-04,79.69168332981937,80.97893388921679,76.17366098528049,78.3152847290039,55850000
2020-09-08,75.53126920055102,77.04436739202738,75.11027221808052,75.46192932128906,54032000
2020-09-09,76.71501039797505,77.20137961783531,75.53969369145184,76.6323013305664,39242000
2020-09-10,76.77839946695076,77.94132930171978,75.28362070611884,75.58326721191406,33024000
2020-09-11,75.68729884245194,76.20982310154143,73.94735503103085,75.07363891601562,30706000
2020-09-14,75.86062084569654,77.11617505248893,74.54613341810307,74.73037719726562,42660000
2020-09-15,75.67439749231889,76.81850912194776,75.38762895197046,76.03248596191406,23042000
2020-09-16,76.39701571634512,76.98590955392531,74.86707221677415,74.89183807373047,22128000
2020-09-17,73.59024796704044,74.22669369141383,72.43375684421095,73.65116882324219,40008000
2020-09-18,73.71355704645491,74.05530624823568,70.90627100056638,71.87059020996094,63056000
2020-09-21,70.90627729054565,71.32429660778882,69.47291813290063,70.83297729492188,56908000
2020-09-22,71.83245741394207,72.50852683672834,70.80126959787968,72.302978515625,33950000
2020-09-23,71.920137538185,71.96917047278085,69.47292704954707,69.80525970458984,37726000
2020-09-24,69.47292020222153,71.22177395957205,69.44666551695688,70.47240447998047,34552000
2020-09-25,70.58087508582601,71.61552428977885,69.7205618241158,71.27477264404297,30326000
2020-09-28,72.90576598571249,72.95529015960253,71.63238331651442,72.24554443359375,30784000
2020-09-29,72.50555682209631,72.90623925828599,72.01472121563792,72.61006164550781,31816000
2020-09-30,72.3584584734925,73.6095539606257,72.10190469623866,72.58926391601562,40924000
2020-10-01,73.48376399925482,74.04888978050309,73.14399475371995,73.69376373291016,32884000
2020-10-02,72.29357184396041,73.25442978973021,71.68536100740494,72.0939712524414,31222000
2020-10-05,72.44315794345924,73.53526676360953,72.3163660947899,73.4426498413086,21602000
2020-10-06,73.0796111742459,73.52635655944145,71.56948284165595,71.86714935302734,26096000
2020-10-07,72.27772903034848,72.75617797816042,70.98601965298509,72.2693099975586,36108000
2020-10-08,72.58183064483968,73.70018648557594,72.58183064483968,73.47235870361328,26076000
2020-10-09,73.9394120156013,74.87996304586832,73.649174562375,74.81062316894531,32966000
2020-10-12,76.17513722108433,78.67237024533334,75.74423241966193,77.49210357666016,55344000
2020-10-13,78.10725371718881,78.51091381347847,77.19691752122968,77.61493682861328,39072000
2020-10-14,77.98789668241234,78.44603112515772,76.56641781072753,77.43515014648438,33174000
2020-10-15,76.49707537584324,77.82939861046535,76.33016843374361,77.0404052734375,31210000
2020-10-16,77.35541241809985,78.14192694066163,77.14888159901895,77.64614868164062,34194000
2020-10-19,78.05378487390847,78.45001608456745,75.42827036914593,75.77645111083984,29734000
2020-10-20,75.43765890108982,77.95024882966341,75.30838821094517,76.8229751586914,41670000
2020-10-21,77.75263238474066,79.99579072282901,77.61841153833419,78.5520248413086,60322000
2020-10-22,78.5029984594574,79.91060191617186,78.13054313708805,79.57579040527344,30512000
2020-10-23,79.99133758225913,80.93584883968592,79.83581218825395,80.87938690185547,30548000
2020-10-26,79.98885284156889,80.71097762065797,77.65010749864534,78.46782684326172,35826000
2020-10-27,78.69762923737872,79.34496508652187,78.10625651896821,79.19043731689453,25902000
2020-10-28,76.76997998371426,76.95818389528775,74.7130532352557,74.82795715332031,45174000
2020-10-29,75.136034380202,78.68823166957667,75.11275733977158,77.1102523803711,55406000
2020-10-30,82.58612891076312,83.27358743993122,79.32367098650236,80.04381561279297,99878000
2020-11-02,80.4118437552674,82.13049059659132,79.95122282245067,80.45047760009766,44228000
2020-11-03,80.76942769311421,82.16811321292346,79.84571468441665,81.50740051269531,31432000
2020-11-04,84.47516357940994,87.66729207687226,84.34738170376455,86.46968841552734,71342000
2020-11-05,87.68808667270783,88.74651929237847,86.23095164260569,87.2943344116211,39758000
2020-11-06,86.74159460999942,87.59150879312968,86.0155021766149,87.15714263916016,28622000
2020-11-09,88.95256884652888,89.9882082229578,87.04917952883265,87.24085235595703,53440000
2020-11-10,85.67326433218005,87.13980845567484,84.9971948371196,86.0670166015625,43022000
2020-11-11,86.59598336328685,87.31414805235568,86.33150177954062,86.53804016113281,31838000
2020-11-12,86.27898907181691,87.41716058991086,86.07938848241983,86.3196029663086,26474000
2020-11-13,86.57616912622984,88.0189373763228,85.98083620776305,87.7777328491211,29744000
2020-11-16,87.37557173690674,88.87134076750016,87.23639317159765,87.86540985107422,25468000
2020-11-17,87.55980685012722,88.0194376680563,87.14525640032842,87.25273132324219,21314000
2020-11-18,87.00409397679279,87.41815317224925,86.10910700587331,86.21163177490234,20108000
2020-11-19,85.84463006966791,87.34336905613068,85.68564336156041,87.09968566894531,20106000
2020-11-20,87.26956435847775,87.58456766371387,85.932291024066,86.00064086914062,27694000
2020-11-23,86.19083352627514,86.47661206181675,84.70299250728546,85.56379699707031,22530000
2020-11-24,85.56081856712366,87.49144457321789,85.22550834263211,87.36366271972656,27984000
2020-11-25,87.55733997611418,87.68462306050553,86.59400306831243,87.37506866455078,19600000
2020-11-27,87.39536810388411,89.00356955849365,87.39536810388411,88.50877380371094,14790000
2020-11-30,87.94563517843181,88.17792187358639,86.56823916359279,86.89315032958984,32418000
2020-12-01,87.50036570518094,90.22741405733548,87.32057327500323,88.92183685302734,37350000
2020-12-02,88.92184549114057,90.77323158063015,88.41714942363055,90.38838958740234,29424000
2020-12-03,90.16897819276261,91.32249899387762,89.99364466340876,90.23336791992188,24728000
2020-12-04,90.15312716981667,90.61275039832083,89.8247471296678,90.32846069335938,20544000
2020-12-07,89.92181727073566,90.60234558093852,89.3022173561135,89.99512481689453,22288000
2020-12-08,89.5736357275862,89.94262207774571,88.71976153074809,89.71280670166016,19936000
2020-12-09,89.66477459900621,90.55679149923866,87.26956740577334,88.05509185791016,31728000
2020-12-10,87.29929320831398,87.91295308077262,85.85949489452057,87.5494155883789,28688000
2020-12-11,87.1705112975482,88.02785447821572,86.81093396626306,87.90353393554688,18628000
2020-12-14,87.70146673560802,88.64646917503514,86.63213618937668,86.78716278076172,33050000
2020-12-15,87.1635770419372,87.36862659206206,86.26265739646938,87.22400665283203,21352000
2020-12-16,87.62170901445369,87.62170901445369,86.62866380020262,87.03132629394531,24676000
2020-12-17,87.36515988539692,87.50284960689325,85.74160920753897,86.20519256591797,34880000
2020-12-18,86.48553159053134,86.59399654062504,84.94171984684814,85.49742889404297,85256000
2020-12-21,84.65099259967118,86.03135887448468,83.90162305291535,85.91050720214844,33974000
2020-12-22,85.65147587790912,85.81393148347979,84.48507697592916,85.20027160644531,20370000
2020-12-23,85.3840074688928,86.38349165591231,85.24878905032394,85.59697723388672,22974000
2020-12-24,85.6351223589814,86.29930394276053,85.40481570948793,85.89069366455078,9312000
2020-12-28,86.42310770572502,88.50777014838835,86.27006876494416,87.8619155883789,27650000
2020-12-29,88.51917646313515,88.5805885405759,86.92831193871541,87.05956268310547,19726000
2020-12-30,87.41815947937056,87.554859181272,85.58559900744636,85.99420928955078,21026000
2020-12-31,86.04473467107165,87.0466978810566,85.98628511672274,86.80599212646484,21070000
2021-01-04,87.17052259447759,87.29384556579528,84.55243743129638,85.49298858642578,37324000
2021-01-05,85.44146836602938,86.51822033346573,85.03582818283809,86.18241882324219,20360000
2021-01-06,84.21166484451052,86.37656533006327,84.0056252787186,85.33200073242188,46588000
2021-01-07,85.52417173941943,88.05310844160358,85.52417173941943,87.88075256347656,41936000
2021-01-08,88.02043805045366,89.11997594327505,87.23094581061872,89.04419708251953,35484000
2021-01-11,88.01348430677218,88.3780193307126,86.78121460098683,86.98675537109375,34796000
2021-01-12,86.44540502976464,87.56178078053122,85.01006585841895,86.05264282226562,29528000
2021-01-13,85.55190413352405,86.99170972857497,85.55190413352405,86.53901672363281,23432000
2021-01-14,86.6192485496251,87.54445028738424,85.48999486924536,85.73020935058594,29212000
2021-01-15,85.63611234109513,86.55734649603514,84.7787766806219,85.5667724609375,31444000
2021-01-19,86.32853507921479,89.34186133630915,85.82482899141068,88.38249206542969,41660000
2021-01-20,90.45772770705165,94.09066114332114,90.11796608823943,93.11742401123047,64152000
2021-01-21,93.790032515481,95.69341419060405,93.08473821223713,93.31950378417969,58634000
2021-01-22,93.68154870879067,94.32195440792064,92.94059830219506,93.73603057861328,32744000
2021-01-25,94.73553969576086,95.18526271154957,92.081790738326,93.82123565673828,50586000
2021-01-26,93.41062600288265,94.8845989856594,92.92227680298997,94.49827575683594,31462000
2021-01-27,92.86185061997337,93.1372300622554,89.01693751997792,90.08972930908203,82512000
2021-01-28,90.6870603682726,93.50969620106542,90.6870603682726,91.7865982055664,55278000
2021-01-29,90.83662096022837,91.50625144946868,89.22892586011437,90.50675964355469,44530000
2021-02-01,91.36014419942674,94.87420605547841,91.36014419942674,93.76129913330078,40252000
2021-02-02,94.75484486792932,96.54976147357345,94.42002583322707,95.05152130126953,66332000
2021-02-03,102.30699357996603,104.33816480271625,99.72852470981222,101.97366333007812,97882000
2021-02-04,102.05983128209827,102.48973853749719,100.79585785059689,101.71363067626953,48596000
2021-02-05,102.00731772509081,103.80917192273347,101.53382653647111,103.45702362060547,29866000
2021-02-08,104.01027478733427,104.7532053215295,102.19505117407518,103.24356842041016,28828000
2021-02-09,102.76214943056925,103.93647605054652,102.52441377558988,102.79137420654297,21892000
2021-02-10,103.17521915125829,103.95480346885013,101.64478405598078,103.34064483642578,25102000
2021-02-11,103.56452946688474,103.71310954205336,102.46796165575859,103.45308685302734,20480000
2021-02-12,103.00830594107755,103.98550319284138,102.70122286478392,103.76411437988281,18990000
2021-02-16,103.60165126363361,106.24599057738543,103.60165126363361,104.54022216796875,31004000
2021-02-17,103.71209816028708,105.1216889840316,103.43325740114106,104.93248748779297,20294000
2021-02-18,104.2579195625477,105.09941476379346,103.6799159118869,104.29803466796875,22546000
2021-02-19,104.39609150930389,104.93050352872974,103.18957020129459,103.4560317993164,37938000
2021-02-22,101.71214879624529,103.03605313530579,101.43478925769867,101.74483489990234,29466000
2021-02-23,99.7503100025293,102.64823328322915,98.57350455481658,102.03506469726562,34658000
2021-02-24,100.54524673581074,103.43178098580059,100.42093374260209,103.20840454101562,22608000
2021-02-25,101.82754730737786,103.16828965771158,99.37884811495125,99.8473892211914,41548000
2021-02-26,100.54079698438127,101.85677358885569,99.1074375854229,100.14258575439453,40042000
2021-03-01,101.43478411249855,102.83297841507579,100.76218348689981,102.50757598876953,26060000
2021-03-02,102.26885043607274,103.74976147113851,101.86420779911647,102.25102233886719,25564000
2021-03-03,101.63042982902466,102.82109578568205,98.7602347243502,99.6225357055664,33892000
2021-03-04,99.7938799655703,102.75173364734889,99.32632897081861,100.73789978027344,49216000
2021-03-05,102.08608191964105,104.31734469793713,100.43330643253846,103.86515045166016,53100000
2021-03-08,103.22078363369144,104.69078901545105,99.31445083979884,99.42886352539062,36868000
2021-03-09,101.5214533376975,102.22327112991414,100.82061801783814,101.0563735961914,33920000
2021-03-10,102.09845476210063,102.09845476210063,100.01478213556005,100.84983825683594,27100000
2021-03-11,101.94097333588161,104.56846748398614,101.85330656149335,104.03702545166016,27702000
2021-03-12,102.84189255369952,102.90132457610481,100.66312398359679,101.5338363647461,33818000
2021-03-15,101.28521253215582,101.78099082249379,100.43381698824165,101.75375366210938,26168000
2021-03-16,102.32579625344081,104.6878185156379,101.99395487739476,103.21236419677734,31900000
2021-03-17,102.44862669920484,103.96073477582843,101.24260410401793,103.12964630126953,26382000
2021-03-18,101.443679570022,102.46248821624792,100.0073504319158,100.11433410644531,31700000
2021-03-19,100.52988341440378,100.89193201423502,99.20251043547509,100.39268493652344,46072000
2021-03-22,100.42588064974929,101.45161962831861,99.7508011876039,100.57743835449219,33536000
2021-03-23,101.03607367204845,102.23268729902472,100.44420961042817,101.10442352294922,28510000
2021-03-24,101.6210105719403,102.40554505722855,100.49373679196368,100.6685791015625,25218000
2021-03-25,100.49620554213062,101.31788496109286,98.86373703240163,100.66510009765625,35616000
2021-03-26,100.63191127672391,101.00832665164488,99.24807634446482,100.28224182128906,27978000
2021-03-29,100.15495848510993,101.49471073771208,99.32733130172416,101.3253173828125,26492000
2021-03-30,101.68143348320557,102.16136368838866,100.84786611987286,101.35900115966797,27312000
2021-03-31,101.75175938566446,103.32974601700813,101.3852442961508,102.1539306640625,42570000
2021-04-01,103.62642203995777,105.78091588149488,103.58580814459323,105.4852294921875,39880000
2021-04-05,106.34554307628875,110.39897459955093,106.24945728036417,109.9021987915039,48510000
2021-04-06,109.5039936432006,110.34994772869399,109.05179938262837,109.4217758178711,35240000
2021-04-07,109.61196749203187,111.167168408484,109.61196749203187,110.89624786376953,24134000
2021-04-08,112.13297061526548,112.51880262359724,111.09336371525733,111.46086883544922,28664000
2021-04-09,111.21371897160462,112.6267711051873,110.80857006411355,112.46332550048828,26146000
2021-04-12,111.64363975188911,111.7808306901955,110.34103246237824,111.1731185913086,25024000
2021-04-13,111.48860550102535,112.10672420770086,111.09534448767921,111.65898132324219,25682000
2021-04-14,112.30284500611975,112.30284500611975,110.7471530773082,111.03887176513672,21002000
2021-04-15,112.03143574519012,113.71788721230173,111.49751495985066,113.1854476928711,29174000
2021-04-16,113.38308782309667,113.63073134194633,112.47572160727253,113.0616455078125,26282000
2021-04-19,112.43906809584607,114.11858197870201,112.43906809584607,113.4088363647461,30290000
2021-04-20,113.79169020022796,113.86647902139559,111.79222285597993,112.87640380859375,22288000
2021-04-21,112.5316938553797,112.92544614886954,111.18302366604111,112.8437271118164,23204000
2021-04-22,112.69760601862724,113.36525649353501,110.96014131648565,111.56439208984375,24146000
2021-04-23,112.28155695722073,114.2191208944098,111.99676845495611,113.91253662109375,29066000
2021-04-26,114.1398864450791,115.13095931495766,113.78327917305963,114.4078369140625,32038000
2021-04-27,114.7892053762967,114.82981927452529,113.23053555894302,113.46926879882812,44386000
2021-04-28,118.4974216544994,120.4230978645423,116.55193728859348,116.84019470214844,81106000
2021-04-29,118.33547255140448,119.07493425935013,117.57371627512687,118.51030731201172,41234000
2021-04-30,117.28495055091922,117.96993028023607,116.22206660710967,116.5657958984375,44856000
2021-05-03,117.13091635921127,117.95507465112739,115.67428013665503,116.0497055053711,28242000
2021-05-04,114.58711912501094,115.1537260493612,111.77042377433652,114.25428771972656,44818000
2021-05-05,115.33402106487281,115.64951562210264,114.32611019629827,114.64755249023438,26636000
2021-05-06,114.22953206235076,115.76591491699219,113.57129819551469,115.76591491699219,25190000
2021-05-07,117.08040752159172,117.44493502105412,116.20225855348764,116.488037109375,28898000
2021-05-10,115.30974610905047,115.45140351248499,113.15029447198425,113.50740051269531,30914000
2021-05-11,111.0963461132312,112.9393056208691,110.64315426944027,112.43312072753906,34186000
2021-05-12,110.2602886648613,111.33951936691393,108.6471371723588,108.97550964355469,46376000
2021-05-13,110.2568312457659,110.91655390355615,109.2959732405026,110.40145874023438,33204000
2021-05-14,111.8625382436719,113.15919757558062,111.43956126309648,112.84518432617188,31996000
2021-05-17,112.11167889410602,113.40982723364519,111.71247768556474,113.36723327636719,21598000
2021-05-18,114.03240543824316,114.29639577340654,112.04332959493337,112.05719757080078,22204000
2021-05-19,110.37124334606443,112.67729498890604,110.22315452655346,112.50444030761719,23684000
2021-05-20,113.47024769738053,114.51034579849401,113.0997725001803,114.2602310180664,32352000
2021-05-21,114.77828884082702,114.85159638619501,113.38603496218944,113.62525939941406,40632000
2021-05-24,114.65349484020088,117.1626160124388,114.50837610780434,116.93924713134766,31832000
2021-05-25,117.48206328477394,118.0764061145746,116.64007697943309,117.02986907958984,22440000
2021-05-26,117.21066184954667,118.32357639324336,117.20769175980286,117.89366912841797,21572000
2021-05-27,118.3265381983706,118.3265381983706,116.70249626315695,117.02046966552734,35224000
2021-05-28,117.60194113813802,117.68366017105659,116.53360818591379,116.73171997070312,21482000
2021-06-01,117.60293086426131,118.16111878960501,116.60442903125066,117.93675231933594,23354000
2021-06-02,118.33147785388012,118.55386423284085,116.50931674900391,117.4122314453125,21158000
2021-06-03,116.18094087552966,116.74011873513085,115.37807966811145,116.27256774902344,18696000
2021-06-04,117.34687118314812,118.82084435735165,117.00710198292333,118.5504150390625,24458000
2021-06-07,118.34585886059564,119.09225825527676,117.92783952826873,118.98279571533203,24120000
2021-06-08,119.46372006492163,119.83567654607704,118.6103370083439,118.79161071777344,24240000
2021-06-09,119.4349854017198,119.50679656914164,118.7153320017432,119.26213073730469,17942000
2021-06-10,119.21162145420193,120.65191843453623,119.05610363082518,120.60882568359375,25904000
2021-06-11,120.8500260476855,120.93521395927317,119.8079402818054,120.3646469116211,21958000
2021-06-14,120.46667894424607,121.29182729577786,119.76040219746265,121.29133605957031,22098000
2021-06-15,121.2957827685943,121.61821508792153,119.91492539953478,120.2750015258789,21562000
2021-06-16,120.42606532585692,120.73710853572372,118.34388130175334,119.63410186767578,26472000
2021-06-17,119.55980164077796,121.36759607947798,119.36416116924035,120.59593963623047,25842000
2021-06-18,120.22298605345948,120.45676156741861,118.88373266538906,118.97882843017578,46116000
2021-06-21,119.36466184351545,120.85002400068946,118.76833135754313,120.66429138183594,27414000
2021-06-22,120.60238795397534,121.24626258391147,119.92285713304612,121.17741394042969,22390000
2021-06-23,120.94266043859656,121.93521462571331,120.68610663691496,120.97584533691406,19148000
2021-06-24,121.54343344314708,121.89558179394285,121.1472098673998,121.34532165527344,21362000
2021-06-25,120.85003843079785,121.47707503129004,120.41914112199983,121.35374450683594,34594000
2021-06-28,121.52213249976508,121.62763492093326,120.2611367274445,121.3809814453125,28526000
2021-06-29,121.51422332543915,121.86142154694568,120.54395616390335,121.1199722290039,23108000
2021-06-30,120.8445844421565,121.10461466323201,120.21061765850376,120.93869018554688,24474000
2021-07-01,120.57761338692235,121.4314876540544,120.38594059110169,121.29033660888672,18110000
2021-07-02,121.98919501918171,124.22194673760366,121.89954818912742,124.07682800292969,25982000
2021-07-06,124.46413437328431,125.2362896391203,123.40818062703144,125.00053405761719,26404000
2021-07-07,125.96337879875401,126.084222906747,124.96388693069338,125.2818603515625,24060000
2021-07-08,122.85693903291997,124.41164120732356,122.85297891324397,123.86534118652344,23790000
2021-07-09,123.84654006091296,124.54934803767229,123.37750009681152,124.33538818359375,18632000
2021-07-12,124.98864215287456,125.87174119358639,124.42698538906748,125.77862548828125,17668000
2021-07-13,125.84103662468263,126.85042877825639,125.48046925037704,126.14118194580078,19240000
2021-07-14,126.75186691075336,128.10747473295962,126.70877416099604,127.02823638916016,23742000
2021-07-15,127.4363544747392,127.48686866927758,125.33732493861099,125.80784606933594,24218000
2021-07-16,126.45964664733984,126.60674543075577,124.96437663114637,125.77317810058594,20424000
2021-07-19,124.90099016363773,125.01540285979483,122.34084832471866,123.40373992919922,27968000
2021-07-20,124.34427344891768,125.84549123943627,123.17837348032579,125.01985168457031,26312000
2021-07-21,124.94456356694099,126.39327953934199,124.83559982340273,126.34672546386719,20746000
2021-07-22,126.63895018524038,127.27192694064978,126.29720092991697,127.21099853515625,14302000
2021-07-23,129.20104334300564,132.1415677244084,128.57699207370425,131.7611846923828,41506000
2021-07-26,132.07176860729342,132.97169830725278,131.0544410004229,132.7716064453125,30572000
2021-07-27,132.98506156052375,133.13216035210118,128.87764673138182,130.65670776367188,54710000
2021-07-28,135.02713519859103,136.9934254206109,134.0023861561487,134.81118774414062,95130000
2021-07-29,134.8666518231357,135.37283673825075,134.2653786909646,134.49766540527344,31716000
2021-07-30,133.76215245736805,134.02911285341315,132.98950601160692,133.45655822753906,25576000
2021-08-02,133.84341197398865,134.06084070275674,132.5328843063412,133.58338928222656,21634000
2021-08-03,133.8612180697714,134.4525908952914,132.0628400817748,134.3515625,20762000
2021-08-04,134.07369424279747,134.37086945712394,133.21932116971857,133.851806640625,19676000
2021-08-05,134.40157667568067,135.06477578694478,133.5749394991409,134.96719360351562,17870000
2021-08-06,134.75971241506588,135.18615089042154,133.93555389568675,134.4590606689453,20488000
2021-08-09,134.6611252700337,135.89092386932936,134.06379711294062,135.62246704101562,17760000
2021-08-10,136.04740162628875,136.47385507476878,135.0791222485657,135.5174560546875,19414000
2021-08-11,135.88841987989014,136.38468931368453,134.98699398238975,134.9944305419922,15352000
2021-08-12,134.69381269773547,136.00583677321742,134.1490089953672,135.9008331298828,16506000
2021-08-13,135.95631348458122,136.557103044744,135.74136359188034,136.42930603027344,15948000
2021-08-16,136.2286928614047,137.0583077135838,134.02367703834207,137.00579833984375,22384000
2021-08-17,136.4515622501744,136.9622060258579,134.7992856193709,135.37332153320312,21716000
2021-08-18,135.21332923875826,135.8121385014862,134.04594062787078,134.1722412109375,19258000
2021-08-19,133.16830111355839,135.06722357653223,132.98454856339302,134.40106201171875,21782000
2021-08-20,134.71806434850964,136.25741719492962,133.9751338465877,136.13409423828125,31194000
2021-08-23,136.66899066758523,139.54660679094027,136.31040338039173,138.72146606445312,28454000
2021-08-24,139.2861104216961,140.74077433712029,139.01568864165813,139.92999267578125,19268000
2021-08-25,140.2900611558722,140.84923916395852,140.04341521085385,140.73977661132812,15848000
2021-08-26,140.4138459745972,141.075049800173,140.0245451234935,140.10726928710938,20610000
2021-08-27,140.31725538162743,143.1502971310439,140.1632188540773,142.64659118652344,28780000
2021-08-30,143.0388440960044,144.5945509392103,142.8040785998793,143.22755432128906,24434000
2021-08-31,143.77884397500796,143.80310348475496,142.92100957240294,143.3335723876953,22448000
2021-09-01,143.63324161174037,144.87541933160753,143.51783888497312,143.84671020507812,21936000
2021-09-02,143.84718882858917,144.14782535950548,141.8353273499022,141.93637084960938,32342000
2021-09-03,141.73182815855947,142.79619338912647,141.05822998053367,142.38461303710938,19850000
2021-09-07,142.4787218019784,143.20233539694476,142.26525322192012,142.92051696777344,20124000
2021-09-08,142.74171960601453,143.03887971437993,141.65208215880904,142.33656311035156,18344000
2021-09-09,142.48464943117943,142.95022038804444,141.8279044770925,142.18797302246094,15314000
2021-09-10,142.85313246004708,143.35437470340688,139.411396021292,139.548095703125,36840000
2021-09-13,140.61145943021154,141.60253209663824,139.91855953583567,140.99085998535156,22094000
2021-09-14,141.64763485948765,142.01167869452308,140.41387617006407,141.2008819580078,19674000
2021-09-15,141.42573878807053,143.08891341943206,140.0151653694078,143.068115234375,27408000
2021-09-16,142.5936227227182,142.9398308741866,141.05922759081184,142.25633239746094,26190000
2021-09-17,141.68228320733095,142.09782363998602,139.14591763546696,139.47280883789062,53384000
2021-09-20,136.8592025107944,137.68979986076525,135.03704858862534,137.4119415283203,46518000
2021-09-21,138.4321958220038,138.69173475427118,136.97456979718643,137.7224578857422,25332000
2021-09-22,137.99092214087034,139.55899341584305,137.24551278316375,138.961181640625,25056000
2021-09-23,139.65857166387786,140.36088835168275,139.07809668102067,139.88491821289062,20952000
2021-09-24,139.21377034291453,140.98888617782234,138.91907399808437,140.8744659423828,22984000
2021-09-27,139.4772834307907,140.60059702550436,138.74723086445857,139.7422637939453,21882000
2021-09-28,137.34805144334183,137.785387734539,134.08411157822107,134.5496826171875,45772000
2021-09-29,135.68881987904555,135.85821322958458,132.60319159739623,133.0870819091797,30848000
2021-09-30,132.995976429986,134.26489260637973,132.2971210461104,132.41598510742188,37996000
2021-10-01,133.18016825399758,135.61996414886843,132.80920186499142,135.25592041015625,35360000
2021-10-04,134.67891789407685,134.67891789407685,129.8147127344606,132.3996124267578,51202000
2021-10-05,132.7775323428591,135.9310269065087,132.7775323428591,134.7408447265625,32404000
2021-10-06,133.47985735059552,136.45157959216723,133.28174555748294,136.26832580566406,24364000
2021-10-07,137.58280506274824,138.72197425447405,137.34407938421361,137.9126739501953,25110000
2021-10-08,138.26133433756362,139.00822490974625,137.9052259091704,138.46788024902344,26526000
2021-10-11,137.9790418985693,139.3856551740966,137.55010956888324,137.60459899902344,17954000
2021-10-12,138.16524679321643,138.19200026988304,134.48031058391572,135.16282653808594,36332000
2021-10-13,136.1073438593819,136.69921546698336,135.23217255462345,136.28515625,19654000
2021-10-14,138.1593163407756,140.00524590088978,137.51643176271415,139.8205108642578,31894000
2021-10-15,140.27965888530153,140.3821836681898,139.42826334195342,140.0354766845703,30274000
2021-10-18,139.74672063679765,141.4500103351122,139.7397828702763,141.4321746826172,20396000
2021-10-19,142.03590438610263,142.30832126285318,141.25583655099084,141.88682556152344,20164000
2021-10-20,141.9869044494379,142.1929515962264,140.04389134259256,140.4326934814453,23288000
2021-10-21,140.4326672271855,140.81602790844926,139.17563174016504,140.54856872558594,26292000
2021-10-22,137.83839151631784,139.25788299041804,134.7735607983092,136.2698211669922,50588000
2021-10-25,136.25345419885457,136.69920946760487,134.14748690052696,136.15142822265625,34412000
2021-10-26,137.95080257189426,138.7625665768636,137.0008424939082,137.99537658691406,49236000
2021-10-27,138.0909634675946,147.24881500925127,138.0909634675946,144.83924865722656,85782000
2021-10-28,145.74761793016637,145.77089496837942,143.26374634339527,144.47422790527344,36206000
2021-10-29,143.71050193740845,146.84467961742357,143.28604362604932,146.65052795410156,43320000
2021-11-01,146.65054199542533,146.65054199542533,141.8754686677179,142.1444091796875,46924000
2021-11-02,143.21668904679433,145.22705422331256,142.97498573084604,144.0616455078125,33482000
2021-11-03,144.5252514271149,145.28651643687795,143.22810059076318,145.2161865234375,27494000
2021-11-04,145.73768752512296,148.32210355915961,144.92888610521643,146.8699188232422,38412000
2021-11-05,147.76341051453076,148.91049982568654,146.80008886811825,147.44891357421875,38354000
2021-11-08,148.41274287140487,149.19530477650676,147.03138673691146,147.62623596191406,23052000
2021-11-09,147.8263354686144,148.422167196909,145.85706777321636,147.51480102539062,19530000
2021-11-10,146.1097049180465,146.67433950748872,143.17513468728822,144.51834106445312,29970000
2021-11-11,145.10869397753137,146.144839595857,144.22806618195017,144.3925018310547,16518000
2021-11-12,145.23349148333662,147.4469412284045,144.04034683138687,147.27655029296875,22360000
2021-11-15,147.49693200362356,148.1398164573582,146.1839259441634,147.0526580810547,23508000
2021-11-16,146.7530525035929,147.3602657973772,145.923936479964,146.4821319580078,18904000
2021-11-17,146.63218759828888,147.15917066321168,145.85211965055908,146.65150451660156,19594000
2021-11-18,146.84418530798982,149.16114250750712,146.49055568916586,148.42613220214844,35608000
2021-11-19,148.56181312811756,149.54348433592108,147.49546792296061,147.522705078125,33682000
2021-11-22,147.92489515967466,148.4172045095236,144.76991940785044,144.92295837402344,30594000
2021-11-23,144.77534199459276,145.2775666927411,142.75655801969017,144.4078369140625,27218000
2021-11-24,144.10227001877251,144.87095645122443,143.0121488357991,144.74267578125,18040000
2021-11-26,142.9878581645666,143.19488775564477,140.50548313123517,140.8427734375,30470000
2021-11-29,142.64264622326615,144.91849043687807,142.53714381167404,144.15872192382812,32596000
2021-11-30,143.64165054932508,144.62380552713375,140.26676719316237,140.5599822998047,42068000
2021-12-01,142.6426635104405,144.5747786828492,139.58377337669666,139.72195434570312,34020000
2021-12-02,139.91856472972714,142.50842215106744,138.89281831208532,141.61839294433594,29194000
2021-12-03,142.32665239215453,143.0388692426679,138.9785076767276,140.66297912597656,41230000
2021-12-06,141.69219562959748,142.49653820256228,138.8289386103009,141.8056182861328,30618000
2021-12-07,144.2241282234858,146.14040313816378,143.8586030912752,145.88136291503906,32240000
2021-12-08,146.20525307367103,146.9942539766536,145.0259839079488,146.78968811035156,24270000
2021-12-09,146.1998038220425,147.69458257877415,145.72829267560041,146.24685668945312,23270000
2021-12-10,147.29836288030972,147.57324356030594,145.32117483729272,146.6064453125,24458000
2021-12-13,146.3885244478636,146.57525468402127,144.145872243766,144.45196533203125,27070000
2021-12-14,142.61096672120067,143.1181341036915,139.8839104442627,142.550537109375,38446000
2021-12-15,142.05723536266143,145.3380132207217,140.34254884287643,145.06065368652344,36370000
2021-12-16,145.78328493890672,146.28501095434962,142.25336717682623,143.08348083496094,33650000
2021-12-17,141.1568032286509,142.47872745262327,139.9681173823491,140.3891143798828,50416000
2021-12-20,138.68036958927007,140.43814883611964,138.0077689503243,140.272216796875,27192000
2021-12-21,140.7145318622408,142.5129252781147,139.17815633043386,142.1201629638672,28756000
2021-12-22,141.71897652473228,145.11911756537185,141.71897652473228,145.034912109375,26322000
2021-12-23,145.1190840665869,146.84614951123285,145.07153240558975,145.5316619873047,26384000
2021-12-27,145.86796324695013,146.9457052312204,145.78227653939464,146.5123291015625,15976000
2021-12-28,146.83870096738733,146.90111062798275,144.6777759161198,145.30430603027344,18200000
2021-12-29,145.26224494958964,146.02747009567088,144.27464849276222,145.27264404296875,17788000
2021-12-30,145.31128156264066,145.91157226613814,144.6183814888718,144.8224334716797,15688000
2021-12-31,144.6733390453183,145.31572484803414,143.48663330078125,143.48663330078125,18136000
2022-01-03,143.6877102445083,144.47621238059426,142.35836459751644,143.62481689453125,28646000
2022-01-04,144.02551936786173,145.1042591221281,142.36186079715404,143.03842163085938,28400000
2022-01-05,143.0587024090049,143.13745135306127,136.3901632285162,136.47633361816406,54618000
2022-01-06,135.7071485529665,138.62091962175828,135.27129360084805,136.44908142089844,37348000
2022-01-07,136.84333622696138,137.14348910378652,134.48676280437064,135.72547912597656,29760000
2022-01-10,133.80477279843086,137.51100668479543,131.90931129081562,137.36241149902344,44408000
2022-01-11,136.7061624010073,138.89434020648147,135.40405384594243,138.41885375976562,28730000
2022-01-12,139.8195080404844,141.26377260922706,139.36831139738393,140.0973663330078,26108000
2022-01-13,140.20583825361632,141.50350289892143,137.10435430356105,137.2806854248047,31436000
2022-01-14,135.78688828807677,139.41537040651573,135.7071568754875,138.16575622558594,29662000
2022-01-18,134.89142851777413,135.8389098452004,134.1618746973883,134.71609497070312,34872000
2022-01-19,135.2366308573954,136.659099745999,133.74284958736126,133.8428955078125,28648000
2022-01-20,134.96570256305773,136.3287393505402,131.71116467084525,132.05093383789062,29908000
2022-01-21,131.34368942250475,133.59426174993882,128.86031646787782,129.12281799316406,55652000
2022-01-24,124.79054540817465,129.966301316712,123.32647997852636,129.57106018066406,76622000
2022-01-25,127.5264963501833,128.17928120048109,125.30810404425327,125.7385025024414,46960000
2022-01-26,129.88307087009878,131.7463372318321,125.94355325697116,128.0148468017578,49130000
2022-01-27,130.06634259125644,131.40212729229407,127.71719042774222,127.78901672363281,31950000
2022-01-28,128.43682430725084,132.09948115838165,127.27389448111535,132.09402465820312,34362000
2022-01-31,132.8973869656009,134.19603402997248,130.96329190158724,134.0281219482422,39986000
2022-02-01,136.2975094371745,136.4941399156585,133.10192029653288,136.34654235839844,68644000
2022-02-02,149.82433100004454,150.11802980876558,144.15082455441086,146.60496520996094,123200000
2022-02-03,144.33211244662755,148.26419438233108,141.32075845539106,141.7412567138672,71518000
2022-02-04,142.09241348974794,143.50942602373587,139.19052224423842,141.9423370361328,57998000
2022-02-07,142.89030508807886,142.89030508807886,137.5907279348419,137.88890075683594,54974000
2022-02-08,137.71605080771687,138.68037019357018,135.72252350917645,138.0850372314453,54284000
2022-02-09,139.6347846354997,141.18107530667282,138.8655994195183,140.25735473632812,40144000
2022-02-10,138.38665259987917,140.15085547320035,136.65660953339068,137.3133544921875,39330000
2022-02-11,137.2935464759076,137.84478899265827,132.14255018310712,133.01673889160156,39958000
2022-02-14,132.00041169653696,135.01522615488605,132.00041169653696,134.24851989746094,34302000
2022-02-15,136.27375391882413,136.8066922748942,134.54124703407226,135.32083129882812,26680000
2022-02-16,135.35846364202985,136.7843937626377,133.6521963761595,136.43968200683594,25022000
2022-02-17,134.95878467171522,135.82107810404372,131.22977254722994,131.28970336914062,38950000
2022-02-18,132.20892681142413,132.80625486592996,128.96926212956205,129.17381286621094,45620000
2022-02-22,128.61413377590594,130.934551968721,127.01485025120279,128.58987426757812,44990000
2022-02-23,130.40757990733792,130.80628231511255,126.32542227304695,126.3853530883789,32786000
2022-02-24,123.77567056062922,131.74632433141673,123.77567056062922,131.4402313232422,54456000
2022-02-25,132.29314574757424,133.9964355070235,130.50961066397696,133.1920928955078,36406000
2022-02-28,131.79586516819953,134.47189303756042,131.34267336042723,133.78395080566406,38864000
2022-03-01,133.6071519863644,134.97117152488107,131.96281035792023,132.7978515625,26496000
2022-03-02,133.35901024990838,133.98752054186207,131.81717846328633,133.30303955078125,23520000
2022-03-03,134.72793939726262,135.15339520473532,131.7715747427507,132.63734436035156,24604000
2022-03-04,131.67453429885822,132.58982070864644,129.1089360838298,130.66314697265625,30430000
2022-03-07,130.24859827584922,130.49326412434095,125.10453924382728,125.187255859375,45112000
2022-03-08,125.05996493303867,130.01283483137684,124.48988912406125,125.90641021728516,40428000
2022-03-09,130.01282521138089,132.47490076693822,128.6760431854183,132.16236877441406,37026000
2022-03-10,130.02871292731191,132.01580140959095,129.67854460213823,131.18124389648438,27102000
2022-03-11,132.23024024414997,132.53435325187561,128.4096014176675,128.64634704589844,31526000
2022-03-14,129.022259756083,129.17975763176182,124.09415576058076,124.76377868652344,38812000
2022-03-15,125.77913076308056,128.63050764865514,124.53546423512067,127.98018646240234,30920000
2022-03-16,129.50072753440998,132.07621116573054,127.52106056963687,132.0242156982422,35576000
2022-03-17,131.89392469445764,132.81664753613904,130.93900699221336,132.57742309570312,28264000
2022-03-18,132.16683250009095,134.9597594793248,131.01182292044092,134.84237670898438,44566000
2022-03-21,134.8800155945873,135.75816449036662,132.82853776609664,134.818603515625,26832000
2022-03-22,134.81858469875752,139.7204408366168,134.81858469875752,138.54957580566406,35496000
2022-03-23,137.39509925472657,138.2727494521605,136.53578350471344,136.9721221923828,25154000
2022-03-24,137.88789810464644,140.28410290416335,136.45206761789734,140.237548828125,26396000
2022-03-25,140.57830645229447,140.69618802841327,138.42034355673357,140.3376007080078,24126000
2022-03-28,139.5723701734137,140.66398768557863,138.49363060700367,140.1221466064453,35050000
2022-03-29,141.30292164446877,142.4381156620189,140.6996533281546,141.16224670410156,34318000
2022-03-30,141.11715456864937,141.3751971168259,140.26526046966993,140.60057067871094,19884000
2022-03-31,140.71401605414036,140.7685054892629,137.71407413016144,137.7566680908203,37524000
2022-04-01,138.18507141556094,139.1469118661108,137.0038070973183,138.82943725585938,25942000
2022-04-04,139.03549416177395,142.35738462904985,138.98794249570614,141.6238555908203,25942000
2022-04-05,141.52232030143693,141.64266561089818,139.05926203677285,139.2657928466797,21418000
2022-04-06,137.44214998977517,138.04689956099944,134.2396223803811,135.2609100341797,32468000
2022-04-07,134.7279350047782,135.871562838212,132.96223602449658,134.6075897216797,26234000
2022-04-08,134.30549126521612,134.39117797517184,131.71217218120978,132.03114318847656,25142000
2022-04-11,130.58092905766304,130.84739067393326,127.45566939745935,127.60920715332031,36884000
2022-04-12,130.35955472624002,130.35955472624002,125.59389824146888,126.51067352294922,32710000
2022-04-13,126.7934873559408,129.1054869891877,126.53692599863578,128.6696319580078,27928000
2022-04-14,129.24960742552614,129.24960742552614,125.40765674024802,125.53544616699219,31598000
2022-04-18,125.80290070747127,127.00396566233613,124.99261037205467,126.4730224609375,20808000
2022-04-19,126.48789370567695,129.1044900573134,125.80241508106144,128.78355407714844,26490000
2022-04-20,129.65821381786787,130.16043859794559,126.2981884119716,126.83309173583984,31696000
2022-04-21,128.0316847615535,128.87218229541864,123.3527055622705,123.63799285888672,36446000
2022-04-22,123.82174859752627,124.21995976423477,117.8040146386784,118.5078125,56884000
2022-04-25,117.97835957782225,122.11549058545957,117.39392450746956,121.91390991210938,46128000
2022-04-26,121.14175631057378,121.35522489023224,117.39391885369488,117.53160858154297,73054000
2022-04-27,113.39050900268353,116.13687453033563,111.67385011306806,113.2171630859375,91820000
2022-04-28,115.31767110037897,118.52167974527936,113.03934791722725,117.40530395507812,48884000
2022-04-29,115.63414626331097,116.80847271243297,112.74167228320682,113.03388977050781,42676000
2022-05-02,112.336047043813,115.64505948132707,111.53863464466028,115.48409271240234,35534000
2022-05-03,115.33302506917498,117.32556979563245,114.94076162538525,116.22801208496094,24968000
2022-05-04,115.92838177441394,121.6964931840782,114.03093255384537,121.10858917236328,49916000
2022-05-05,119.07094969657601,119.89807801189878,113.92144960759981,115.40731048583984,45840000
2022-05-06,114.09878031188086,116.46328163885201,112.94080049661473,114.65547943115234,39710000
2022-05-09,112.18251024510543,113.99229246586657,110.94479148642294,111.45047760009766,40802000
2022-05-10,114.41872804342833,115.15422955384565,111.83629934235512,113.31671142578125,39900000
2022-05-11,112.16913744806907,115.26765131886637,112.16913744806907,112.53168487548828,37534000
2022-05-12,110.32765083304804,113.2176460554151,108.78928812184641,111.78032684326172,53836000
2022-05-13,113.45341371338583,116.76391499760273,112.53416717091297,114.95661163330078,35038000
2022-05-16,113.87191988539708,115.07497235412629,112.81597375263632,113.3662338256836,25990000
2022-05-17,115.73915830811926,115.798099091998,113.78723513362914,115.3751220703125,23054000
2022-05-18,113.91601089828785,114.31224201290831,110.50397497987214,110.84473419189453,35126000
2022-05-19,110.38115567097562,111.94477566233903,108.96314565159634,109.3435287475586,34144000
2022-05-20,110.89574757041693,111.12606177172583,104.79926453382097,107.88143157958984,48962000
2022-05-23,108.55452759041016,111.09039456188339,107.71600254425863,110.4371109008789,37184000
2022-05-24,104.77500626449768,105.45503592449192,100.92414493774601,104.97113800048828,76780000
2022-05-25,103.99591425389033,105.49614218211859,102.87755826590382,104.80769348144531,40258000
2022-05-26,104.6808904254116,107.62536770750384,104.23314753165975,106.77645111083984,37948000
2022-05-27,108.45101725108991,111.25929369416936,108.1097592407956,111.25780487060547,37914000
2022-05-31,111.68374363227105,114.64407635149765,111.02204096124585,112.6896743774414,50012000
2022-06-01,113.77238639007433,115.99770912994168,112.18251170681881,112.8184585571289,36606000
2022-06-02,112.92543446799303,116.78817573341432,111.88186743338352,116.51378631591797,37992000
2022-06-03,114.9684844405739,115.22504574352156,112.44846568294494,113.4613265991211,26136000
2022-06-06,115.60444124136708,118.22203484000119,115.06903914035705,115.71935272216797,33542000
2022-06-07,114.39198315815538,116.58164964382146,113.96752484797211,116.04524993896484,31590000
2022-06-08,115.66089139138923,117.45284525112088,115.50091467466366,116.08931732177734,26108000
2022-06-09,115.23099254159975,117.18391328926909,113.69411860375493,113.75305938720703,25798000
2022-06-10,111.38508794278529,112.21122625756998,109.3256823347158,110.11368560791016,41452000
2022-06-13,105.77993182097117,107.76603001416353,105.11872789354983,105.3896484375,47252000
2022-06-14,105.53079225978453,106.90719055903303,104.80271985113437,105.70958709716797,33706000
2022-06-15,107.52185574417723,110.37322494977526,106.65461223598331,108.72986602783203,39698000
2022-06-16,106.21034141935115,107.62438376681095,104.14697548134566,105.0340347290039,51684000
2022-06-17,105.03402250297012,107.67489298903801,104.05582771449916,106.13356018066406,51376000
2022-06-21,107.90271913799603,111.42916744939824,107.57632672264717,110.4925765991211,47416000
2022-06-22,109.51439846102454,112.27809328975262,109.34203501668972,110.4366226196289,30774000
2022-06-23,111.17360664482932,111.6797915400438,109.45892779579324,111.18400573730469,28362000
2022-06-24,111.92991405965786,116.9659920122871,111.88781133853583,116.86296844482422,41164000
2022-06-27,117.15815754971578,117.46176417834405,114.0938111747087,114.74165344238281,36420000
2022-06-28,114.71093996164035,116.20373868185764,110.79371689299163,110.95171356201172,35792000
2022-06-29,110.50051652384064,112.0938524988512,109.82741711494367,110.64860534667969,24716000
2022-06-30,108.9631408714663,109.84277107418012,105.74377534571843,107.9359130859375,43170000
2022-07-01,106.91561099098628,108.22019814218504,105.72444648559853,107.71253204345703,35476000
2022-07-05,106.09096331087137,112.30829738922557,104.734864359828,112.19537353515625,39342000
2022-07-06,112.2340168911837,114.49995339678294,110.42522478314434,113.4920425415039,37432000
2022-07-07,113.99526196361097,118.06602306558507,113.75108733780583,117.6633529663086,40936000
2022-07-08,116.14480464976064,118.55684998677997,115.7995865179468,118.22847747802734,38238000
2022-07-11,116.88575614827931,116.88575614827931,114.24339658286063,114.58613586425781,31196000
2022-07-12,115.11956607095853,115.87141447744821,112.6183724999501,112.94575500488281,29960000
2022-07-13,110.64809930840663,113.11958408095617,110.15331111772146,110.30387878417969,43722000
2022-07-14,109.17166113070019,110.04584240505243,107.35147984912258,109.32717895507812,37004000
2022-07-15,110.94479736923233,112.07405123227751,109.85466858314359,110.72389221191406,46770000
2022-07-18,111.57824602434704,112.60844381063112,107.34849870061805,108.00227355957031,43164600
2022-07-19,109.80512272878235,112.94524039032943,108.52728140447425,112.73722076416016,36530900
2022-07-20,112.10326311823246,114.31224656898476,111.41977216468759,112.82638549804688,35600400
2022-07-21,113.20279789657461,113.47025711440008,110.06268006419117,113.2622299194336,32676200
2022-07-22,109.95372026312712,111.28108587114552,105.49613700921657,106.88294219970703,48901200
2022-07-25,107.38812296448917,108.83435998981076,105.29801137565637,106.4966049194336,34690900
2022-07-26,105.5951837606774,106.18952663157644,103.08903282410867,104.03007507324219,47991000
2022-07-27,108.2301313204944,112.8363025263019,106.99191366073327,111.99430847167969,59858500
2022-07-28,111.31080355662644,113.26222799633648,110.40937758534383,113.14336395263672,32816600
2022-07-29,112.01410659400565,115.60988739252207,111.99429088237237,115.22356414794922,37223400
2022-08-01,114.21318346288767,115.61979670741562,113.26222578696031,113.77732849121094,26034300
2022-08-02,112.92543862061498,115.25328606314042,112.64807910337518,114.04478454589844,20236000
2022-08-03,114.61931687482497,117.50189084849441,114.39148908653323,116.96697998046875,28499000
2022-08-04,116.37263636297655,117.66037802315151,115.7881937755093,117.07594299316406,21602900
2022-08-05,115.13442980746709,116.99670637599796,114.90659444147272,116.36273956298828,19159500
2022-08-08,117.27405029484413,119.01746257719415,115.77828150201907,116.19432830810547,19138300
2022-08-09,116.03583449031639,116.21413810759837,114.6193134078761,115.5306396484375,19086500
2022-08-10,117.6603672414906,119.7801947938587,117.2938597333812,118.57169342041016,30930400
2022-08-11,120.13681346327724,120.34483309629736,117.44245097514634,117.71981048583984,24293700
2022-08-12,119.12643720187907,120.53305053710938,118.33397493999934,120.53305053710938,19096300
2022-08-15,119.98824081997587,121.14721828778067,119.47314560121436,120.92929077148438,19494800
2022-08-16,120.37454519947742,121.27597113744898,119.50284282881232,120.55284881591797,19041200
2022-08-17,118.98776077131538,120.14673062684432,118.25473051343378,118.42313385009766,22847000
2022-08-18,118.30425456881134,119.68115184104835,117.60094792710956,119.03727722167969,17987700
2022-08-19,117.93774699026473,118.02690258693414,115.65943115149652,116.10518646240234,21809500
2022-08-22,114.11412767246556,114.54007481677039,112.77685421487422,113.16317749023438,21456600
2022-08-23,112.41033541234246,113.92591234989574,112.36080369174447,112.78675079345703,15870400
2022-08-24,112.43014332846406,113.6980767753064,111.80608446063744,112.61835479736328,17734600
2022-08-25,113.16316633053552,115.61979306048023,113.03439443727451,115.55045318603516,16956800
2022-08-26,113.63864552506944,114.03487661925666,109.15134671028687,109.2999267578125,37245700
2022-08-29,108.95323774657922,109.90418792858209,107.77445976504953,108.38861083984375,21191200
2022-08-30,109.13154119164547,109.45843244169193,106.7838855317196,107.91313934326172,27513300
2022-08-31,109.60700800205056,109.80511976711223,107.11075744038901,107.19991302490234,28627000
2022-09-01,107.25935215267644,109.40889593174482,106.34802588101795,108.7055892944336,28360900
2022-09-02,109.54756736557177,109.69615496666863,106.24896192011391,106.8333969116211,24160700
2022-09-06,106.28859410286454,107.01170889666186,104.7829173782116,105.80320739746094,25068300
2022-09-07,106.05084848113617,108.94333026280533,105.89236057332785,108.41831970214844,23167000
2022-09-08,107.02162214412529,108.56691525636909,106.14991969368934,107.35841369628906,24238300
2022-09-09,108.04190122135259,109.94380140559007,107.99236950049534,109.60700988769531,23197700
2022-09-12,109.94380485678408,110.56787130626519,108.89379884747014,109.81503295898438,22966800
2022-09-13,106.78388621953583,107.2791732473491,103.10884982257862,103.33668518066406,38172900
2022-09-14,103.58432204615924,104.28762867361574,102.68290364328506,104.01026916503906,26395100
2022-09-15,103.04941765722538,104.27772736843421,101.38525294374102,101.93997955322266,34188300
2022-09-16,101.10788657515745,102.15789258323697,99.98854069027041,101.83100891113281,42797200
2022-09-19,100.79090754857049,102.3560163297047,100.59279576557026,102.09846496582031,23036800
2022-09-20,101.11780281015771,101.40507019715866,99.57250212292915,100.18666076660156,26517100
2022-09-21,100.71166392865516,101.91025764699961,98.33428464808382,98.34419250488281,31487300
2022-09-22,97.88853317629787,100.28572070694902,97.85881716221651,99.19609069824219,34298600
2022-09-23,98.69089070275186,98.72061427278281,96.55125466682168,97.80928039550781,31625400
2022-09-26,97.17530428990605,98.93852473541365,96.87813663539869,97.24464416503906,27072700
2022-09-27,98.49277122014274,99.0573980869391,95.95690424751061,96.58096313476562,30072800
2022-09-28,96.72953209823686,99.7507776230388,96.19462134477685,99.1069107055664,32466300
2022-09-29,97.71022581973406,97.71022581973406,95.05548700550042,96.50172424316406,31047200
2022-09-30,96.13521058040764,97.96777098525601,94.65924986585827,94.74840545654297,32941500
2022-10-03,95.84794390746448,98.35409495883162,95.61020070223094,97.71022033691406,27982000
2022-10-04,99.49326750352496,100.88006523212398,99.43382791695585,100.68195343017578,28850800
2022-10-05,98.88899830659031,100.96920207041116,97.86870835694118,100.47391510009766,22176900
2022-10-06,99.7310046577192,101.95979647138323,99.64184905528255,100.46402740478516,22324000
2022-10-07,98.90880951525219,99.58240011798391,97.37342439434227,97.74983978271484,27502800
2022-10-10,98.06683009651893,98.1658859891608,96.09558987026921,96.93757629394531,18225100
2022-10-11,96.51162053902081,98.31446483110562,95.40217499101496,96.26397705078125,26507100
2022-10-12,96.3828523219572,97.81918158553775,95.82812574805676,96.64039611816406,21876400
2022-10-13,94.25311840728581,98.83947334531618,93.49037218865715,98.12625885009766,34574500
2022-10-14,99.04749527967141,99.74090163611203,95.4616221229326,95.64982604980469,25410700
2022-10-17,97.92813420455217,99.97862183015008,97.89841819740245,99.02767181396484,28419200
2022-10-18,102.15789223033175,102.49469131471892,99.0276823713602,99.82013702392578,24060700
2022-10-19,99.06731041769221,100.06778474217612,97.98758079988396,98.69088745117188,23811100
2022-10-20,99.05738782111455,101.35551891626525,98.45313715080744,99.02767181396484,25323200
2022-10-21,96.92765376947044,100.35503852708132,96.79888188427095,100.1767349243164,32458700
2022-10-24,100.84042777161125,101.78146996975107,99.03758354500583,101.55363464355469,27176400
2022-10-25,101.9300544097492,103.83195445761261,101.75175080791956,103.49516296386719,40611400
2022-10-26,95.52104771456979,97.38332404744001,93.79745113215374,94.03518676757812,88114100
2022-10-27,93.62906208630032,94.53048815913598,90.93470684000596,91.35074615478516,60710900
2022-10-28,91.40025834019883,95.63992134750747,91.2615785867917,95.38236999511719,43697300
2022-10-31,94.52057434230903,95.12482511935792,93.09415284479122,93.61915588378906,31675000
2022-11-01,94.55027964071681,95.12481434026306,89.51816976437351,89.61722564697266,47161400
2022-11-02,90.08280280353895,90.32053844962222,86.06106718761413,86.15022277832031,57038300
2022-11-03,85.50635121846325,85.70446300437007,82.55443724057845,82.64359283447266,61288000
2022-11-04,84.59502310696469,85.82333277984429,82.9209505890823,85.76390075683594,51124900
2022-11-07,86.45730530667177,88.06203805206351,86.03135814596484,87.65589904785156,34078900
2022-11-08,88.0620346069336,89.46864794494398,86.7643774616038,88.0620346069336,30429000
2022-11-09,87.61625584851684,88.59692942198522,86.45728623348572,86.49691009521484,31769100
2022-11-10,91.38046223701573,93.50029024149276,90.74649540712433,93.05453491210938,51620100
2022-11-11,93.79744759770195,96.01633107883713,93.03470144146593,95.50123596191406,33090500
2022-11-14,94.19367711771467,95.87765743584981,93.61914994697848,94.79792785644531,30179500
2022-11-15,97.33380422522976,99.19608064116606,95.79841148852762,97.5121078491211,41640800
2022-11-16,96.9772010829533,98.70079781521773,96.71964971365578,97.91824340820312,29105200
2022-11-17,96.0559565217017,98.34417991306272,95.87765290955153,97.43285369873047,26052600
2022-11-18,97.83898502388834,97.96776447326395,95.4616136066945,96.5116195678711,28342300
2022-11-21,96.37294018625333,97.47247787174473,94.46113216672569,94.69886779785156,21647400
2022-11-22,95.04558578779535,96.30361917881427,93.16350096623975,96.13522338867188,23438500
2022-11-23,96.17481715253768,97.8290813234833,96.17481715253768,97.53190612792969,18868100
2022-11-25,97.31399022022332,97.71022134220922,96.48191166578498,96.54134368896484,9701400
2022-11-28,96.12528881346951,96.66019960772836,94.70876788352817,95.14462280273438,26237500
2022-11-29,94.82765839860214,95.21398167866465,93.22292569547149,94.2927474975586,20061700
2022-11-30,93.92622347217593,100.08759477077614,93.52999237293703,100.0380630493164,43647500
2022-12-01,100.06777905920039,101.28618836680111,99.30504042808617,100.0380630493164,28687100
2022-12-02,98.11636587483002,99.82014694810282,97.96777825098889,99.4932632446289,21480700
2022-12-05,98.46305725876209,100.42438954950684,98.0668261466735,98.54230499267578,24405100
2022-12-06,98.36399581432345,98.83946707599033,95.51113801440432,96.06586456298828,24910700
2022-12-07,95.50123458303383,95.9667979738765,93.8271622516159,94.04508972167969,31045400
2022-12-08,94.48093971104322,94.67905903360328,92.56913170384522,92.8266830444336,32213300
2022-12-09,92.8861287032563,93.37151544670037,91.8757464609982,91.95499420166016,28225400
2022-12-12,91.83612275716106,92.67810922014937,90.74649277226557,92.43046569824219,29420000
2022-12-13,96.83851944299002,98.59183215358877,94.13424901149557,94.72859191894531,40593700
2022-12-14,94.3026381663495,95.95690242669573,92.71772133852875,94.17386627197266,28733600
2022-12-15,92.25215497887433,92.75734984088065,89.16156889949431,90.00355529785156,40107000
2022-12-16,89.9044818553861,90.46910862945757,88.67616487944096,89.40919494628906,58011800
2022-12-19,89.4092134382398,89.70638111067228,87.37853366795777,87.60636901855469,29493000
2022-12-20,87.27947454659835,88.33938840975075,86.61579178950325,88.18089294433594,23453800
2022-12-21,88.24032401645682,89.369577647501,87.4874857432677,88.73561096191406,24745600
2022-12-22,87.32900085689239,87.70541622770546,85.50634090497599,86.93276977539062,27658300
2022-12-23,86.28889654155903,88.70589937421238,86.24927267705067,88.388916015625,23003000
2022-12-27,87.96296650718489,88.101646250422,86.18983829581997,86.56625366210938,20097300
2022-12-28,86.16013283342589,87.21013889144778,85.12993493079983,85.20917510986328,19523200
2022-12-29,85.80351972764441,88.01249544149027,85.79361187188182,87.61626434326172,23333500
2022-12-30,86.16012846707217,87.46768582385727,85.75398950597845,87.39834594726562,23986300
2023-01-03,88.74551641039932,90.19176102565882,87.68560258790053,88.27995300292969,28131200
2023-01-04,89.49836324025155,89.79553847603304,86.44739337515158,87.24976348876953,34854800
2023-01-05,86.64551498875126,86.74457088411417,85.0903140033644,85.38748168945312,27194400
2023-01-06,85.97192008580211,86.8634382151229,84.06011192527862,86.51673126220703,41381500
2023-01-09,87.52712197637781,89.20119450702028,87.03183496091958,87.19032287597656,29003900
2023-01-10,85.16955994373511,87.83419899287388,85.02097232508895,87.58655548095703,30467800
2023-01-11,88.33940116805881,90.73658874757064,88.17100537984503,90.65734100341797,26862000
2023-01-12,90.61771831946737,91.0040415982066,88.90402187065258,90.27101135253906,30258100
2023-01-13,89.99365279445307,91.32102597882799,89.28043825448809,91.2516860961914,26329200
2023-01-17,91.19223538103147,91.38044684984735,89.20118718373709,90.42949676513672,32602400
2023-01-18,91.27149058446429,91.92527307231936,89.78562953840836,90.2611083984375,29116700
2023-01-19,89.8648808303919,92.72763928780023,89.77572523421122,92.17292022705078,37000400
2023-01-20,94.20357999199304,97.3734211280702,94.12433226315825,97.09605407714844,63191100
2023-01-23,97.02671291222839,99.09701634497223,96.58095766905522,98.84937286376953,40005100
2023-01-24,97.17530672932803,98.6710755675798,96.28378862846672,96.7790756225586,33078500
2023-01-25,94.66915574421624,95.25359832710816,92.87621924407682,94.32245635986328,42330000
2023-01-26,95.59040203045797,96.65031603046536,94.480956301743,96.60078430175781,30114000
2023-01-27,96.39275438266596,99.37438426539468,96.39275438266596,98.43334197998047,33879800
2023-01-30,96.56114830739395,97.36351075805584,95.49132666819197,96.02623748779297,27226200
2023-01-31,95.95690834730202,97.94795669253232,95.9073766231504,97.90833282470703,29870700
2023-02-01,97.77957157580664,100.23619874627202,96.66022552833587,99.48336029052734,35531100
2023-02-02,104.80273309148161,106.83340527382167,104.61452161152837,106.72444152832031,69883800
2023-02-03,101.95977524535176,106.7937733186172,101.61307588023179,103.7923355102539,65309300
2023-02-06,101.43478195583818,103.37630614338306,100.91967922920541,101.93006896972656,31999600
2023-02-07,102.24705365455104,107.16029998780995,102.14799776201166,106.6253890991211,49010200
2023-02-08,101.08808062599397,102.16780266804861,97.11587673441662,98.43334197998047,94743500
2023-02-09,99.05738716249405,99.08710316944618,92.7474288795508,94.11442565917969,119455000
2023-02-10,94.5502913222284,95.8380406275546,93.36160546921987,93.6785888671875,54980700
2023-02-13,93.84698785432812,94.30265103215068,92.9554696553359,93.71821594238281,50076100
2023-02-14,93.53989314750166,93.9559323693414,91.39034961051733,93.78753662109375,54726100
2023-02-15,93.59932686789149,96.20454109432663,93.26253536526079,96.02623748779297,50169000
2023-02-16,94.47103857692892,96.7592619405205,93.84697216323715,94.6097183227539,42462600
2023-02-17,93.95593454164323,94.65924111600802,92.3313939219174,93.46064758300781,34284100
2023-02-21,92.12338307581045,92.22243896547124,90.85544955020039,90.92478942871094,33629300
2023-02-22,90.83562645698825,91.24176539632087,89.75590449970178,90.78610229492188,30884000
2023-02-23,91.05355410188592,91.07336981273312,88.91391833662863,90.03326416015625,41206400
2023-02-24,88.59695434122311,89.04270968546318,87.74505996813588,88.28987121582031,36585100
2023-02-27,89.02288818359375,89.31015555075885,88.49787761482176,89.02288818359375,27502300
2023-02-28,88.48798288330664,90.37007511496472,88.47807502657972,89.21109771728516,30142000
2023-03-01,89.13184725435819,90.17194536629773,88.82476419108889,89.50826263427734,31111200
2023-03-02,88.81488028847683,91.41017967711313,88.74553284406632,91.13282012939453,32204400
2023-03-03,91.60827284258907,92.84649015332245,91.57854927884937,92.76724243164062,35160100
2023-03-06,93.13376908199567,95.06539301867707,93.11396092623885,94.23330688476562,32639300
2023-03-07,94.08472641631292,94.76821737043342,92.64838951204187,92.97528076171875,27835500
2023-03-08,93.23283087936741,95.05548347587344,93.11395927449436,93.36160278320312,34103300
2023-03-09,93.16348729195221,94.62953257298054,91.0337516903099,91.44979095458984,28813500
2023-03-10,91.30120355228826,91.91536215154204,89.54789090168737,89.77571868896484,35941000
2023-03-13,89.24080055798404,91.6974271975187,88.57711784736642,90.25119018554688,37335600
2023-03-14,91.68752323511042,93.47055938446682,91.56865919680635,93.08423614501953,36050200
2023-03-15,92.34130529029962,96.01633375629301,91.7667705826294,95.20406341552734,50622100
2023-03-16,95.29322910628024,100.23619949907055,94.59983023228206,99.37439727783203,65492000
2023-03-17,99.31495102310215,101.87062619084857,99.15645555604324,100.6621322631836,61028500
2023-03-20,99.17626978959724,100.79090265941907,98.92862629411955,100.26589965820312,32960400
2023-03-21,100.29562522714755,104.10933390947386,100.2659092140549,103.9310302734375,42110300
2023-03-22,103.28715576562607,105.58528732379419,102.3560212715924,102.39564514160156,43427400
2023-03-23,104.06971097429327,105.29802828134584,103.47536803466038,104.60462188720703,40797800
2023-03-24,104.00037359105706,104.4956606455725,102.86121185417542,104.44613647460938,30393300
2023-03-27,103.6338527182764,103.77253247115901,100.96920628828376,101.49420928955078,31120900
2023-03-28,101.47439535781645,101.48429565568745,98.7998412241836,100.07768249511719,32057900
2023-03-29,101.3158981992788,101.52391781326301,99.70126544836577,100.43428802490234,28779600
2023-03-30,99.95881870147095,100.20646218346947,98.8394653260509,99.93900299072266,33086200
2023-03-31,100.34514795022433,102.91073095009241,100.08759659739673,102.75224304199219,36863400
2023-04-03,101.42486512580797,103.54469275309818,100.96920202024347,103.37629699707031,25035400
2023-04-04,103.3465793011073,104.58479670606407,103.0593119562598,103.73290252685547,24420100
2023-04-05,104.78290944385377,105.09989280017604,102.6828975422735,103.48526000976562,28290500
2023-04-06,104.26781577027593,108.14095597289517,103.34658169732893,107.39802551269531,48711500
2023-04-10,105.97160978014296,106.57585296689001,104.12914153667725,105.43669891357422,27067400
2023-04-11,105.5456573857056,105.72396099898825,103.69328137868473,104.35696411132812,26311800
2023-04-12,105.57537185911791,105.74376761435744,103.35648080221837,103.65365600585938,24370300
2023-04-13,104.84234942454029,106.47679804994421,104.84234942454029,106.41736602783203,24843600
2023-04-14,105.88244840996097,107.91312802084542,105.83291668970352,107.84378814697266,26578000
2023-04-17,103.67348835512259,105.15934949683192,103.53480102901426,104.97113800048828,37571200
2023-04-18,105.48622429630001,105.53575601983307,103.08903700390688,103.51498413085938,26596400
2023-04-19,102.60365516744423,103.99046025776919,102.0984603190622,103.197998046875,20905700
2023-04-20,102.93054933979316,105.24848890310409,102.89092547236734,104.29753875732422,27820800
2023-04-21,104.47583674331223,105.0008397327794,103.79233829269596,104.4164047241211,25800100
2023-04-24,104.49565910984984,105.62491297295048,103.71310466831859,104.97113800048828,23542800
2023-04-25,104.83244886590656,105.68434311564164,102.86120115263496,102.87110900878906,46664100
2023-04-26,103.9310154292547,105.34753645837012,101.66260021158149,102.732421875,53347600
2023-04-27,103.4654423247581,107.34849781246507,102.564023992642,106.57584381103516,50089200
2023-04-28,106.03104125953,106.33811677937744,104.09941743610682,106.32820892333984,36139800
2023-05-01,105.83292977932275,106.97209146882285,105.81312162325753,106.18953704833984,26681700
2023-05-02,106.13009965906194,106.18953168173442,102.7324304758186,104.32725524902344,30997200
2023-05-03,104.53526876250336,106.47679281670248,103.97064190774891,104.4164047241211,21795400
2023-05-04,104.49565601153888,104.60461976329854,102.98998675787486,103.70320129394531,23419500
2023-05-05,103.83195210941555,104.88195798673324,103.12864557295947,104.57488250732422,26639300
2023-05-08,104.18857495479786,106.94236950082018,104.16876679983567,106.75415802001953,26511400
2023-05-09,107.36831739425581,109.1117297850802,106.17963159356827,106.33811950683594,36360100
2023-05-10,106.95227902689095,111.87543315591678,106.91265515886795,110.69664764404297,63153400
2023-05-11,114.31223694111618,116.8084800047562,113.33157083298755,115.47120666503906,78900000
2023-05-12,115.58017315602966,116.91744652756881,115.01554628549181,116.40235137939453,41102300
2023-05-15,115.0155501911109,117.36321334174113,114.91649430049983,115.41178131103516,36266800
2023-05-16,115.39195403994484,119.61180106311025,115.33252202302734,118.38349151611328,45035600
2023-05-17,118.48256401873364,120.52314416561975,117.76934948574967,119.70096588134766,33323600
2023-05-18,119.80991915569436,122.14767433938904,119.69105511557814,121.67220306396484,35234200
2023-05-19,122.38541381982782,124.78260095081902,120.99860878655475,121.60285949707031,41353400
2023-05-22,121.78117269366314,125.23827391464934,121.5830533547579,123.87128448486328,35253000
2023-05-23,122.98967145510028,123.45523488676992,121.05804762080852,121.40474700927734,34046300
2023-05-24,119.97832635531356,120.76088072713313,118.73020099136893,119.7603988647461,34182600
2023-05-25,123.34627616670772,124.13873842190023,120.81040904205996,122.31608581542969,42317000
2023-05-26,122.0089958487117,124.07929940606435,121.2957813707238,123.4354248046875,35635900
2023-05-30,124.45572750689844,124.475543220799,120.8500384400081,122.5042953491211,35076700
2023-05-31,121.59296616037301,122.89061576373155,121.34532264477143,121.71183776855469,37325800
2023-06-01,121.6622844805739,123.24720118803752,121.46417272619557,122.55380249023438,30772700
2023-06-02,122.82125958334106,124.96090290179959,122.59343181140923,123.4948501586914,26980100
2023-06-05,122.84109456412024,126.22885612563536,122.67269122575588,124.8222427368164,32305500
2023-06-06,124.82222846227405,127.08072835419054,124.17835386828453,126.10997009277344,26638300
2023-06-07,125.77318888731985,127.8236693200009,120.96890623532141,121.34532165527344,52539000
2023-06-08,121.07787172154566,122.06844579007429,120.09719795231644,120.98871612548828,29389200
2023-06-09,121.09766612502108,122.59343491472501,120.76087460756005,121.0778579711914,23778300
2023-06-12,121.63256209169231,122.88068723973387,120.51321637897131,122.47454833984375,28306400
2023-06-13,123.80194237811752,123.9802460011841,122.01890614745163,122.66278076171875,22278300
2023-06-14,121.93966842264322,122.88071833842668,120.30521966995029,122.5042953491211,30592300
2023-06-15,121.97928756170958,124.27741904880322,121.2462648829115,123.91090393066406,35246300
2023-06-16,124.74299516670932,124.92129880479504,122.11797232280088,122.36561584472656,45535600
2023-06-20,121.77125573189018,123.39579640203785,120.9887014060601,121.93965148925781,26097500
2023-06-21,121.24624114725941,121.50379246519412,118.96791826183117,119.41368103027344,30306300
2023-06-22,118.86888698255561,122.07834481499013,117.70991714827096,121.98919677734375,26952200
2023-06-23,120.23585570034089,121.63256850879797,119.91887235875531,121.18680572509766,34913600
2023-06-26,119.62172031459276,120.85002997860882,117.1551855728241,117.22452545166016,33969900
2023-06-27,115.97640500533596,117.95755299289218,115.00563916614229,117.2146224975586,39535900
2023-06-28,115.98630267450676,119.25519980286133,115.74856703748377,119.04718017578125,27091400
2023-06-29,118.11604334382326,118.9283137332142,117.18490890950874,117.97736358642578,24090900
2023-06-30,119.03726436501533,119.93869024626859,118.56179312274388,118.57169342041016,29532200
2023-07-03,118.11604630300786,119.05709617461561,117.7000070203923,118.76982879638672,14467900
2023-07-05,118.11602863359306,121.45426536658378,118.10612833606906,120.60237121582031,27584800
2023-07-06,118.67076110569717,119.16604807599226,117.28395607737501,118.97783660888672,24745200
2023-07-07,118.96794135463395,119.90899123235957,118.27454254576682,118.35379028320312,21709500
2023-07-10,117.1849086668048,117.19480896554128,115.04526517285233,115.35234069824219,35315200
2023-07-11,115.19384889567219,116.60046213170129,114.2627069372542,116.03583526611328,23078800
2023-07-12,117.68019568942015,119.19577271910916,117.2938724292045,117.80896759033203,30404400
2023-07-13,119.79011606460736,123.65335623874292,119.31463721160668,123.3660888671875,44297900
2023-07-14,123.62364190723412,125.5849742534972,122.32598478947493,124.23779296875,33283100
2023-07-17,124.7528855515559,125.90194740247068,123.02928143896453,123.47504425048828,25716200
2023-07-18,123.42550034342234,123.50474806531028,121.80095983211321,122.59342193603516,26193600
2023-07-19,123.4255126020401,124.00004730657234,120.65191007779664,120.8797378540039,37224000
2023-07-20,120.27550701498885,122.92033808352632,117.10567287563465,118.07643127441406,37906800
2023-07-21,119.48304524220468,119.84955280579004,117.61086088273697,118.8886947631836,72937900
2023-07-24,120.51324754724001,121.84061320168395,119.83965686301278,120.38446807861328,29686100
2023-07-25,120.21605049101268,121.98917869930011,119.87925143125057,121.05803680419922,52509600
2023-07-26,128.8439452407809,129.7453559381363,127.11044103939085,128.05148315429688,61682100
2023-07-27,130.4288745072281,131.98408291547318,127.57601659985137,128.18026733398438,44952100
2023-07-28,129.54727072583006,132.47937651181306,129.3392586434395,131.33030700683594,36591200
2023-07-31,131.47889444011693,132.27135673334078,130.53785207970907,131.468994140625,28055500
2023-08-01,129.5472514351671,131.37981916789192,129.44818800071138,130.30999755859375,23166800
2023-08-02,128.2297899546614,128.86375665408545,126.35760586456863,127.16988372802734,26273300
2023-08-03,126.76374080527408,128.170353902993,126.21892214754122,127.23921203613281,20089500
2023-08-04,128.06138966675982,130.27036518127167,126.70430829144809,126.90242004394531,26147200
2023-08-07,127.94255118761124,130.36945464899543,127.80387142167389,130.2902069091797,22746300
2023-08-08,129.38879135617893,130.27040174998604,128.3189694544306,130.16143798828125,23535200
2023-08-09,130.4189683106613,130.79537612894666,127.78403800787017,128.4378204345703,24912900
2023-08-10,130.08220046399103,130.80531533812552,128.22981658468657,128.46755981445312,20857800
2023-08-11,127.44724985423152,128.70526790592254,126.96186317041614,128.33876037597656,19591100
2023-08-14,128.17038582396773,130.13171836532018,127.74444620408725,130.09210205078125,24695600
2023-08-15,129.86428210238398,130.1812579827869,128.06142982490869,128.5567169189453,19770700
2023-08-16,127.48688507080078,129.0519939800755,126.66471430230392,127.48688507080078,25216100
2023-08-17,128.57650949077134,130.74586899055504,128.07130707221577,128.69537353515625,33446300
2023-08-18,127.29865064608583,128.03168079764703,125.18873089019047,126.25855255126953,30504800
2023-08-21,125.98119528293358,127.51658037118519,125.36703671314525,127.15997314453125,25248700
2023-08-22,127.29866965705796,129.05199001191642,127.11047327831035,127.8633041381836,22054900
2023-08-23,128.9529093119667,132.15247404718667,128.6458338064408,131.1222686767578,27819700
2023-08-24,132.68740946941512,132.9845847488296,128.34870480382898,128.5567169189453,28500700
2023-08-25,128.3189398374532,129.5274412374435,126.05053219547979,128.65574645996094,26762900
2023-08-28,130.07229123940735,131.29069323065173,128.91332127969258,129.77511596679688,20543300
2023-08-29,130.99352005839108,135.28270758219568,130.99352005839108,133.3015594482422,43075600
2023-08-30,133.50957509777203,134.99543623785553,132.8062759558441,134.59921264648438,28315800
2023-08-31,134.72796388348397,136.69921157879557,134.5100363949587,134.88645935058594,30053800
2023-09-01,136.16432303188128,136.16432303188128,133.5789240149797,134.38128662109375,21543700
2023-09-05,134.16332792396915,135.13408608838068,133.3114337876609,134.49021911621094,19403100
2023-09-06,134.73788957021387,135.24307690579013,132.4100344539137,133.19259643554688,18684500
2023-09-07,132.33075932430347,134.30200676190253,131.69679265373736,133.98501586914062,18844300
2023-09-08,133.63835257587766,135.37185721348425,133.5789205495535,135.09449768066406,23558300
2023-09-11,135.2529563461856,136.18409824910339,134.51002590640553,135.62937927246094,20763400
2023-09-12,134.9755962074752,135.57984690018307,133.91568997827457,134.06427001953125,18405500
2023-09-13,133.81663138154605,135.60956781404116,132.88548944943147,135.42137145996094,20749500
2023-09-14,136.30300699996283,137.3926294793097,134.95582557198202,136.7982940673828,24751000
2023-09-15,136.67939311891212,137.21431153088753,135.19353215336167,136.1048583984375,38919600
2023-09-18,135.32230226270676,137.84826875270798,135.32230226270676,136.9072265625,21861300
2023-09-19,136.1246491325453,137.1053226312494,135.33218707333603,136.73880004882812,20353700
2023-09-20,136.77845758196287,136.77845758196287,132.36049096088513,132.4793701171875,29927500
2023-09-21,130.2010691485726,130.98361607921908,128.84398739512656,129.2104949951172,31503900
2023-09-22,129.52744986822796,130.78548307138033,128.37839552385094,129.0222625732422,26397300
2023-09-25,128.60622722629518,129.9335927895909,127.74443266302943,129.87416076660156,20094600
2023-09-26,128.54678661637627,129.13122162334471,126.02082000334302,127.35810089111328,25718700
2023-09-27,127.35810764338333,129.6661317841142,127.35810764338333,129.3095245361328,22746500
2023-09-28,128.61611685030257,132.04350933617025,128.5665851302691,131.06283569335938,22513100
2023-09-29,132.02368227832403,132.78642837940012,129.13120843347878,129.62649536132812,30859800
2023-10-02,129.973228473938,133.15296272774447,129.93359704733973,132.9053192138672,22288000
2023-10-03,132.6774780064036,132.99445381235702,130.5972666540528,131.18170166015625,22989400
2023-10-04,131.53830697235477,134.29211643404554,131.28076318908475,133.96522521972656,26752300
2023-10-05,133.7968292236328,134.21286846430397,132.19208916394834,133.7968292236328,19832600
2023-10-06,132.74683103836537,136.85772266380047,132.74683103836537,136.28318786621094,27597600
2023-10-09,135.6491892677906,137.6303370237333,134.33172419629375,137.115234375,19278100
2023-10-10,137.19453735120857,138.4030391782286,136.03556726102653,136.75868225097656,27786600
2023-10-11,137.27375707281203,139.77990827237048,137.27375707281203,139.22518920898438,25884300
2023-10-12,139.72046035185502,139.88885611158636,136.95675053372017,137.66006469726562,24765500
2023-10-13,138.06621031388815,138.68036136313773,135.33221637344056,136.06524658203125,23420500
2023-10-16,136.86759204420815,138.31383656866015,136.6892959998697,137.78883361816406,28501900
2023-10-17,137.32326271053788,138.58128066351554,135.88691848326934,138.40298461914062,23515800
2023-10-18,138.13555264144586,139.3935859571332,136.0850721525315,136.65960693359375,23375000
2023-10-19,137.19449910407923,138.34356857254127,136.08506106002469,136.45156860351562,26066000
2023-10-20,136.03552714034558,136.5704304415317,133.80673567464444,134.32183837890625,26335700
2023-10-23,133.76710372602042,136.36241783407064,132.68738171446304,135.21334838867188,26317900
2023-10-24,136.53082853876074,138.04640568615673,136.12468953456676,137.5015869140625,44814300
2023-10-25,126.95196926111923,127.10054931723444,123.8910916279868,124.4260025024414,84366200
2023-10-26,122.1080464571952,123.1580599743897,120.1268985739716,121.12738037109375,57061100
2023-10-27,121.72172395426145,122.14767105400718,119.07689332809781,121.01841735839844,44566500
2023-10-30,122.04861726115155,124.21797666183564,121.59295414437162,123.28683471679688,28940100
2023-10-31,123.88118156302635,124.1882646409759,121.53352602850394,122.9104232788086,26292300
2023-11-01,122.9005236105588,125.29771102759383,122.55382420024057,125.25808715820312,30082400
2023-11-02,127.20951079122271,127.76422981075791,125.73355765282807,126.28827667236328,27124600
2023-11-03,126.81328830756881,128.30904961320581,126.65479283923435,127.88311004638672,26393100
2023-11-06,127.83357680477238,129.1114106050115,127.45715385068908,129.0222625732422,19052700
2023-11-07,129.47794507134418,130.66663094824423,128.65576676845674,129.73548889160156,29757300
2023-11-08,129.73551053842374,130.96382804798074,129.54729901280996,130.59730529785156,26425800
2023-11-09,130.71614806102886,131.30058307721072,128.84396385761158,129.01235961914062,23747800
2023-11-10,128.87367527216182,131.54822187953658,128.19017683711922,131.34019470214844,26913300
2023-11-13,130.5378341612988,131.34019664387745,130.0128311760323,130.84490966796875,18324800
2023-11-14,132.92510798519066,134.4208690644548,132.0633135683582,132.3604736328125,32395200
2023-11-15,133.59870244494968,133.7571979029326,132.31096841497518,133.35105895996094,23861500
2023-11-16,133.91569324609222,135.92655713328006,133.05389875585706,135.6392822265625,28013200
2023-11-17,134.71805961336432,134.77749163303557,132.3902047431791,134.03456115722656,37240600
2023-11-20,132.42983139452585,135.37183718191923,132.360483964102,134.9656982421875,27815500
2023-11-21,135.005326368002,135.88693664011163,134.67845024297165,135.67892456054688,22635300
2023-11-22,136.1741959558059,138.10581204793675,136.1741959558059,137.18458557128906,17813900
2023-11-24,136.72893111429622,136.82799456252866,134.7081667590109,135.4015655517578,12514300
2023-11-27,134.7477835762215,137.1152548942663,134.718067564632,135.12420654296875,23436500
2023-11-28,134.79728519765158,135.9562547357021,134.14350285876458,135.90672302246094,18730000
2023-11-29,136.27327307787965,136.98647245548034,133.5689951623546,133.71759033203125,23967200
2023-11-30,133.7770122542541,134.2722992191977,130.04254430639105,131.28076171875,38988300
2023-12-01,130.61709594726562,130.8647394618695,129.43831039935748,130.61709594726562,31442300
2023-12-04,128.65573379480827,128.80431382323027,126.69439428737353,128.05148315429688,36669900
2023-12-05,127.73450033716857,130.89443347071432,127.04110163583205,129.75527954101562,27384800
2023-12-06,130.20103141138242,130.5972549119392,128.6557385982703,128.79441833496094,23576200
2023-12-07,133.76709808625108,137.25392258409158,133.43030657454526,135.6392822265625,56767100
2023-12-08,132.93502840396306,135.11428819124905,132.76663263696403,133.71759033203125,32260100
2023-12-11,131.13220416885352,132.08314684028716,130.1218143548642,132.0336151123047,31138000
2023-12-12,130.56752946104135,131.74631469512764,130.0227108509649,131.27084350585938,29032800
2023-12-13,132.12275123220434,132.24161526306995,130.32981489684366,131.3203887939453,30104800
2023-12-14,132.1227483794993,132.45953986965213,128.46752835972197,130.69631958007812,38722400
2023-12-15,130.37935469916124,132.2515390932176,129.9434996884881,131.35012817382812,50847100
2023-12-18,131.379825680854,135.85720897900194,131.18169880212074,134.5199432373047,32258000
2023-12-19,135.55013468527125,136.17420110593048,134.79730393023888,135.36192321777344,25476800
2023-12-20,137.66007723180817,140.3643401618969,136.76856663088765,137.0360107421875,49107200
2023-12-21,138.17519358404002,139.36387954069625,137.8681029010627,139.09642028808594,27488300
2023-12-22,139.4431269574312,140.65162862641927,139.3836949269829,140.15634155273438,26532200
2023-12-26,140.25536747570143,141.33508949612715,139.85914392608302,140.18603515625,16780300
2023-12-27,140.25536116259798,140.74074783674814,138.57138848007864,139.04685974121094,19628600
2023-12-28,139.4530219081467,139.80962919211896,138.4327317846908,138.908203125,16045700
2023-12-29,138.3138589912108,139.03697381318452,137.4718650054482,138.373291015625,18733000
2024-01-02,137.24402242132257,138.13553292141268,135.19352711017308,136.8675994873047,23711200
2024-01-03,135.95629302037804,138.31386417693605,135.78789723990403,137.6105499267578,24212100
2024-01-04,137.1152338729093,137.84826398130872,135.06475381279517,135.1043701171875,27137700
2024-01-05,135.4609816574128,135.86712058649852,133.8760573616901,134.45059204101562,22513900
2024-01-08,135.00531397852347,137.69967627152062,134.97559796988412,137.53128051757812,21404000
2024-01-09,137.19451070058466,140.15633265456808,136.847803725032,139.6214141845703,24759600
2024-01-10,139.67090948517995,141.652057137452,139.5817614684174,140.9388427734375,21320200
2024-01-11,142.13746611601331,143.8511548726539,139.31432422138022,140.74075317382812,24008700
2024-01-12,141.325205118498,141.85020818261793,140.48322620196657,141.30538940429688,18785500
2024-01-16,140.66152486152347,142.98938008655443,140.11670607322245,141.14691162109375,22670500
2024-01-17,140.01762583777685,140.50299737183,137.59070770767883,140.13648986816406,20968600
2024-01-18,140.71103470348461,142.85067809474862,140.65160268399825,142.12754821777344,25746400
2024-01-19,143.37567301703265,145.06954593689224,143.0190658052267,145.00021362304688,34271900
2024-01-22,145.71342925416275,146.99126295666431,144.46529644501962,144.6138916015625,32200400
2024-01-23,144.51486794451827,145.7927019987696,144.12854461509693,145.65402221679688,21636100
2024-01-24,147.13984438792403,148.4375089281707,146.70400455684052,147.29833984375,25233500
2024-01-25,148.65542520354305,151.60733104989245,148.1304071562973,150.43844604492188,29149100
2024-01-26,149.6757405913846,151.1021544847942,149.58657744214148,150.75546264648438,26115500
2024-01-29,150.62667431742432,152.3304627420992,150.0026078842704,152.06300354003906,27784300
2024-01-30,151.3597295938864,152.1719925180601,149.76490464518363,150.03236389160156,36331800
2024-01-31,142.26624407162646,142.6426670575937,138.55159128366827,138.77943420410156,71910000
2024-02-01,140.78036452188786,141.71150645053427,139.46289935847955,139.8294219970703,40466500
2024-02-02,137.947317214583,141.2756461555597,135.21333866537148,141.0379180908203,62499600
2024-02-05,141.4737891857491,144.0988043000788,141.43415776046106,142.32566833496094,38505400
2024-02-06,143.28651806660818,143.98983223271003,141.8402885413249,142.74171447753906,29128200
2024-02-07,143.39550524527087,144.24739959945848,142.5733269057092,144.16815185546875,25208900
2024-02-08,144.45540497795193,144.95069196678878,143.73229020643873,144.53465270996094,22563800
2024-02-09,145.2973661562678,148.03135967641543,144.80207922754047,147.5955047607422,26829500
2024-02-12,147.02098399107322,147.93231021218233,145.98087831954948,146.13937377929688,21564100
2024-02-13,143.553984129069,145.28748865156425,142.3355823254468,143.77191162109375,27837700
2024-02-14,144.7030413176847,145.13889626470424,142.73179375819484,144.56436157226562,22704200
2024-02-15,141.79074761897706,142.1671705382351,139.13601681883227,141.4242401123047,37590700
2024-02-16,141.64215306484326,141.84026480179804,138.81901168962878,139.1954345703125,31468900
2024-02-20,138.343565378545,140.74075259122355,138.17516961610025,139.789794921875,25144700
2024-02-21,140.1167070205233,141.34502437745533,139.35396071174512,141.2063446044922,23223300
2024-02-22,143.56387475177468,143.63322218318132,141.4539625247731,142.73179626464844,27191900
2024-02-23,142.31576767229546,143.31624199133967,142.07802446605524,142.60304260253906,19493800
2024-02-26,140.8002006468063,141.09737589700708,136.0949737160045,136.27328491210938,53641800
2024-02-27,136.7190286014233,137.9374303971592,135.7977869156524,137.5709228515625,33099200
2024-02-28,136.60015939741334,136.70912315066133,134.13363961519383,135.09449768066406,37328600
2024-02-29,135.9860067089307,137.55111554859022,135.1142966931809,137.15489196777344,42133000
2024-03-01,137.12515439240792,137.561009379789,135.62939306295007,135.84732055664062,31151100
2024-03-04,134.38128712569457,134.38128712569457,130.66663422050593,132.0930633544922,55999400
2024-03-05,130.63691722244587,131.98409860384518,129.4383159101504,131.41946411132812,40194800
2024-03-06,131.8652267449587,132.32089750707752,129.61663429471935,130.16143798828125,35318600
2024-03-07,131.538287941917,133.66803067587983,130.36941811584649,133.11331176757812,37738200
2024-03-08,132.94492038394168,136.78833656643275,132.73689322904636,134.13360595703125,39370400
2024-03-11,134.84683721432617,137.78884306732874,134.84683721432617,136.372314453125,32437800
2024-03-12,135.73834364736848,138.0661984156239,135.73834364736848,137.19448852539062,27563400
2024-03-13,137.68978898902412,139.7600850663766,137.6798886901947,138.4723358154297,23347200
2024-03-14,139.85912940030303,142.2365006810185,139.13601469562042,141.75112915039062,42753400
2024-03-15,141.15679282026272,141.83037587468064,138.7100738688481,139.84922790527344,49475400
2024-03-18,147.20919020973375,150.7158152205623,145.78276135280063,146.28794860839844,69273700
2024-03-19,146.76344216143465,147.3874934806998,144.70304650213203,145.6440887451172,24070400
2024-03-20,146.60495197646654,147.45684622092818,145.3568341780524,147.33798217773438,21311500
2024-03-21,148.06109347483115,148.95260400768646,145.51531110007699,146.20872497558594,24755600
2024-03-22,147.71437517232798,150.15119361758784,147.5756954308877,149.3488311767578,29211800
2024-03-25,148.52666183272117,148.9625167930801,146.42664987640165,148.6554412841797,19229300
2024-03-26,148.80406151559419,150.82482628709167,148.56631825984493,149.24981689453125,22149100
2024-03-27,149.75499733044484,150.2106681039903,147.4964894084391,149.4479217529297,22879200
2024-03-28,149.4280610997528,150.00258059230137,148.75446306803934,149.50729370117188,24485400
2024-04-01,149.2695949177701,154.27199652143653,149.19034718586528,154.02435302734375,31730800
2024-04-02,152.05311284830339,153.24179865539583,150.71583186847434,153.10311889648438,24586000
2024-04-03,152.15218215203225,153.6182275333651,151.29037243888334,153.45973205566406,24705000
2024-04-04,152.05308959817475,153.3111226498397,149.03183626069176,149.111083984375,34724700
2024-04-05,148.6158266126285,151.97387210758342,148.18988701742387,151.0625457763672,23459200
2024-04-08,151.33993071009937,153.8064660014603,151.1715349036156,153.3904266357422,20702000
2024-04-09,154.61871414016727,157.06543347920191,153.7272034586808,155.12391662597656,31079500
2024-04-10,154.73760611782592,155.1338297612773,153.2220136499647,154.6682586669922,22838600
2024-04-11,155.4309745942535,158.17485377315867,154.9852193039768,157.90740966796875,27166400
2024-04-12,156.47109855129364,158.70979067698514,155.6588204974377,156.24325561523438,25353700
2024-04-15,157.36256399444184,157.73898689800492,153.13280938031596,153.4002685546875,27136500
2024-04-16,152.73658329422793,154.18281264085593,151.98373749985862,152.94459533691406,20779500
2024-04-17,154.15312717907076,155.59937192721887,153.1229368286477,154.00454711914062,21763100
2024-04-18,153.87576120493418,155.46068564754503,153.16254671725525,154.53944396972656,19883000
2024-04-19,154.72762351583518,154.88611895037874,150.86439176731446,152.63751220703125,32615600
2024-04-22,152.85546807916526,156.15408123867272,152.60782458474242,154.80690002441406,26446200
2024-04-23,155.4805001575941,157.4715484365775,154.80690198445652,156.7682342529297,21151600
2024-04-24,156.00552495169347,158.0659209529385,155.6885339753658,157.63006591796875,22779100
2024-04-25,149.90356233876008,155.01492770763642,149.44789165697802,154.529541015625,57109700
2024-04-26,172.72639581047983,173.06320248176968,168.05088498922183,170.32920837402344,64665300
2024-04-29,167.46645176767586,167.95183850890314,163.65275062361349,164.58387756347656,45610000
2024-04-30,164.04896224577593,166.51549696973217,161.06733991987724,161.24563598632812,33562900
2024-05-01,162.75129989434402,165.54471052012372,161.5526987871929,162.31544494628906,33493200
2024-05-02,163.23668620505856,165.15840222342754,162.34517563249727,165.0494384765625,24294500
2024-05-03,165.98056527532796,166.37680391626236,161.51308229287275,165.66358947753906,34662400
2024-05-06,165.88152094509854,166.55510397846635,164.46499233146127,166.51548767089844,21871300
2024-05-07,166.91172463075958,170.14099053831322,166.8027608824853,169.63580322265625,28039700
2024-05-08,167.40699381865014,168.54614778977586,167.14945003877577,167.78341674804688,19569100
2024-05-09,167.79335193868405,169.08110133576147,166.59475058606787,168.3579864501953,15346700
2024-05-10,166.4461516776323,168.24900365253,164.62349910506936,167.060302734375,29799900
2024-05-13,162.71167888481415,167.6843645690759,162.45413508764602,167.54568481445312,31327600
2024-05-14,168.16977087590587,169.63581632642092,167.2089127800717,168.73439025878906,25127100
2024-05-15,169.02164233638342,171.02259088483336,168.90276318110884,170.8839111328125,26948400
2024-05-16,171.65655202628884,173.4693041567708,171.0622167291373,172.5381622314453,27867900
2024-05-17,172.53815265408903,174.60846356854617,172.05278112226807,174.4004364013672,24479300
2024-05-20,174.52923506740714,177.0849177951841,174.42027132306535,175.25234985351562,22554400
2024-05-21,175.23252663493534,176.47074407897802,174.1528046513203,176.173583984375,16989400
2024-05-22,174.97499681045656,175.48018412655318,173.5584831966184,174.7174530029297,17880000
2024-05-23,175.4009638726557,176.56983406034217,171.3197882854856,171.9141387939453,21024900
2024-05-24,173.33064549887038,174.1132074738641,172.0131801798613,173.34056091308594,16579400
2024-05-28,172.80562741846637,175.5990532912732,172.7263796864407,174.73724365234375,20572200
2024-05-29,173.77640285215773,175.17311592654391,173.07310372275933,174.24197387695312,23388700
2024-05-30,173.54855608932272,173.56837180086202,170.17069523243458,170.48768615722656,22931500
2024-05-31,170.2400414486173,171.428727178173,167.84285427810815,170.87400817871094,37638900
2024-06-03,170.91362278332906,172.88487038637814,169.54664100969404,171.53768920898438,27459100
2024-06-04,171.6466681505934,172.21130260761575,170.26977084192941,172.15185546875,26879600
2024-06-05,173.54856460290543,174.98489390330127,172.2905313702321,173.756591796875,22068500
2024-06-06,174.2419544852705,175.48017194214412,174.09337443642934,175.0641326904297,23251000
2024-06-07,175.38110389481355,176.1933665954135,172.65702579598548,172.81552124023438,19661400
2024-06-10,173.51964913718612,175.59232118793005,171.32796149412926,173.55931091308594,23726700
2024-06-11,174.75929703239595,175.37415295165962,172.32960833962332,175.15597534179688,21540600
2024-06-12,176.77246257931822,178.9145616902939,174.65020192278865,176.31626892089844,27864700
2024-06-13,174.6502064308114,175.2749891373828,173.43040626625967,173.7080841064453,20913300
2024-06-14,172.77588046564773,175.59233589189165,172.70645343662588,175.32456970214844,18063600
2024-06-17,174.0056144386483,176.88157021499225,173.36099322511703,175.77085876464844,19618500
2024-06-18,175.67165153579245,175.9195792372448,172.65685734434638,173.63864135742188,21869900
2024-06-20,173.9163544591219,175.82043777672718,173.53951456642366,174.83865356445312,20160100
2024-06-21,175.53281739605538,179.35091015505034,175.1460507765767,178.14102172851562,57759000
2024-06-24,178.66664674075304,179.3905914905494,177.18899199121046,177.73443603515625,18298000
2024-06-25,178.13109862440768,182.76238649336386,177.93275948021235,182.50454711914062,23130200
2024-06-26,181.11618097811777,182.98058732909004,180.9674152518489,182.35581970214844,19839000
2024-06-27,182.65327754115623,184.50778692214723,182.49461532269,183.8730926513672,18848900
2024-06-28,182.792147275446,183.59543062581383,180.4517091135773,180.64012145996094,29156600
2024-07-01,181.51283682486664,182.3557971056762,179.79718128044868,181.47317504882812,16006100
2024-07-02,180.54096868108974,184.0317952147811,180.05502490239206,183.70452880859375,17372500
2024-07-03,183.31776335097922,184.54747516508317,182.47480304485995,184.27972412109375,10242100
2024-07-05,184.3193809047392,189.2779352009688,184.25988067435352,189.0200958251953,20967500
2024-07-08,188.32590319025596,188.59366938357218,186.2234808204011,187.46311950683594,21035900
2024-07-09,188.73252116927583,189.7738207632852,187.1557042844581,187.41354370117188,15121400
2024-07-10,187.58211913060845,190.16057363966272,187.46311865958714,189.5952911376953,15952500
2024-07-11,188.27630515494232,189.2779276351132,183.54584030838046,184.0317840576172,25625800
2024-07-12,183.54584610912124,185.55901792595884,182.9607403388162,183.5359344482422,22898400
2024-07-15,183.38715546507632,186.6796425153706,183.38715546507632,184.9838104248047,16474000
2024-07-16,185.80694986210247,187.11600034630766,181.8500180292527,182.3954620361328,18290700
2024-07-17,181.45334926969147,182.028543422423,178.40878946455692,179.51951599121094,20734100
2024-07-18,180.4219307160303,180.98721311089685,175.0071984581459,176.2170867919922,25315700
2024-07-19,177.39725118322656,178.79555205599942,175.66175710285674,176.18736267089844,18881900
2024-07-22,179.09305874265243,181.18556924112812,178.73604223141416,180.1641082763672,24100300
2024-07-23,180.5409660819595,182.0880326108952,180.0351838559027,180.28311157226562,36352700
2024-07-24,172.16102699431354,174.72955472337873,170.3957827136789,171.19906616210938,49585200
2024-07-25,171.0899727872295,171.98250656560228,165.80415174823364,165.89340209960938,44852000
2024-07-26,165.7644579679493,166.69666856249324,162.70007515743842,165.61570739746094,41336900
2024-07-29,167.43054602622254,169.01727432015218,166.5975125369865,168.12474060058594,20293800
2024-07-30,168.8288597911077,169.8106438435088,167.04377724268764,168.87843322753906,18959700
2024-07-31,171.80399306020445,172.80561557083252,168.600756120216,170.11807250976562,25729100
2024-08-01,168.83877635874134,172.60728070774732,167.48013730321483,169.34454345703125,24531400
2024-08-02,165.0603715765524,167.11320535730545,163.30503897249685,165.27854919433594,29130100
2024-08-05,154.21106115128595,163.06703315517944,153.64577861539027,157.9299774169922,53630700
2024-08-06,158.0092930412871,159.23901995455182,155.11349914776707,156.9779052734375,49004600
2024-08-07,159.91336228381462,161.62901768553496,157.1564075430874,157.6225128173828,25138600
2024-08-08,159.17951532110402,162.33316393530674,158.88201414908212,160.68692016601562,25578800
2024-08-09,158.68365838652156,162.43232444231467,157.74153604180353,162.31332397460938,28602300
2024-08-12,162.9877004487663,163.5331293646278,160.49849628320337,160.94476318359375,15895300
2024-08-13,162.05547223997468,163.36452268194483,161.61911704854913,162.79925537109375,18551700
2024-08-14,161.05383649410487,161.8670466571722,156.4027253040999,159.04066467285156,40591100
2024-08-15,159.16958001058939,160.30012969322283,158.28695802267646,159.96295166015625,31524300
2024-08-16,160.1315525357236,163.69179086382167,159.79437447768626,161.6092071533203,24208600
2024-08-19,163.9099897487635,165.30830586389538,162.8984403109757,165.28846740722656,22416200
2024-08-20,165.51655736424223,167.24213992598882,165.437233801864,165.7942352294922,18341500
2024-08-21,163.78105573886796,165.46697644323723,163.3050387245666,164.4752655029297,22902000
2024-08-22,165.87354107961212,166.20080745577815,161.95628649048913,162.44223022460938,22493300
2024-08-23,163.35461289180427,164.80250226287146,162.4719908380613,164.2471466064453,13955700
2024-08-26,165.00084665252095,166.16114646495242,163.09676374502013,164.7826690673828,14190400
2024-08-27,164.46532966550507,165.06036224989415,163.0967789331017,163.31494140625,11821900
2024-08-28,163.67195617574248,164.2273269769617,160.1910564516135,161.5001220703125,16407400
2024-08-29,162.94802283987033,164.59426663919365,158.92167882710484,160.43899536132812,19699800
2024-08-30,161.27203156245238,162.30341943551804,160.34974763264805,162.02574157714844,22123800
2024-09-03,160.37947815101114,160.50840540246534,155.1829079051627,156.0556182861328,38945300
2024-09-04,155.36140311388078,157.68200253835252,154.66720864488983,155.15313720703125,19353800
2024-09-05,155.00440439703507,158.12828743123546,154.68704967070923,155.93661499023438,18688700
2024-09-06,155.99611079160965,156.52171630140364,149.3020629377333,149.6689910888672,37912100
2024-09-09,151.44650905863844,152.3303022884686,146.19340404923173,147.6730194091797,39260500
2024-09-10,149.40086316700538,150.21515232969438,147.30557623537533,147.62335205078125,31118800
2024-09-11,148.87458302778612,150.44356726374062,146.49132465684013,150.10594177246094,29607700
2024-09-12,152.72753482151148,153.74042646617514,151.58554483567272,153.611328125,29621500
2024-09-13,154.34612619677438,157.27556696010407,154.1276742721839,156.3619842529297,29591200
2024-09-16,156.21305455425028,157.14650223678444,155.50801396162132,156.95782470703125,18379800
2024-09-17,157.91114955399144,159.43047957262868,157.27561291320453,158.2090606689453,20715600
2024-09-18,158.7452873120723,159.38082394788734,157.49407882192074,158.6956329345703,23677300
2024-09-19,162.56841287927963,162.64784168369965,160.2149292220262,161.0093536376953,26587700
2024-09-20,162.35989574326507,162.58828768421088,160.92993460407996,162.4492645263672,40896400
2024-09-23,163.2039876996882,164.33603783328329,160.5426675552083,160.72142028808594,24150900
2024-09-24,161.89317053912484,162.0818480701299,159.56949128360392,161.1583251953125,23332100
2024-09-25,160.34405733815197,161.67470976901416,160.17524458071915,160.36392211914062,18869200
2024-09-26,162.49890337717716,162.93583758934093,161.1483863361193,161.59524536132812,20319300
2024-09-27,161.67471259736777,164.54455982870763,161.4959750225079,162.8067626953125,21101300
2024-09-30,162.1811552014193,164.99140790109868,162.12156086139018,164.69351196289062,20413900
2024-10-01,166.52067729796633,167.98042800067057,163.4323631439142,165.8255615234375,28338100
2024-10-02,165.2595227746661,166.35185834560912,163.58130501221132,164.70343017578125,17760200
2024-10-03,163.26354430672865,165.47798988885472,162.77695570651093,164.70343017578125,15073100
2024-10-04,166.8880921706125,167.05690491903522,164.32608104579808,165.8950653076172,19047400
2024-10-07,166.55045841132394,167.30515333490106,161.6151139348849,161.843505859375,22463100
2024-10-08,162.7968151755234,163.58129967642142,161.73426923186602,163.23374938964844,23072700
2024-10-09,162.31021685596906,163.69052341195479,158.62609615330425,160.73130798339844,31181800
2024-10-10,159.74824453659568,161.93291600237342,159.28152064639673,160.94981384277344,14144100
2024-10-11,160.99942432308654,162.7570706789559,160.11563116287005,162.1016845703125,15344300
2024-10-14,162.49890499208357,165.07084076824168,162.26057310515668,163.80970764160156,19016100
2024-10-15,164.63389887361683,166.51071883252447,163.48199935482498,164.30621337890625,20247200
2024-10-16,163.38270428394787,164.64385260964121,162.59821974974642,164.00831604003906,16406000
2024-10-17,164.57433190772997,165.2098684713458,161.62504101734748,161.79385375976562,21453400
2024-10-18,162.05206459531138,163.56146974796116,161.9428310286251,162.28045654296875,19757700
2024-10-21,161.8137333852295,163.35292813982096,161.48603268374447,162.92593383789062,20946500
2024-10-22,161.84350752043144,164.61406084451548,161.84350752043144,163.9884490966797,16568100
2024-10-23,163.61108623567196,164.66370734673023,160.80081863998697,161.6448974609375,18280500
2024-10-24,161.69454543683605,162.19105880543688,159.88722950198394,161.58531188964844,22412500
2024-10-25,162.52868955985642,164.43529913917524,162.2804328674599,164.11753845214844,19828900
2024-10-28,167.57327733196706,167.57327733196706,162.80674552404707,165.55743408203125,32138600
2024-10-29,166.56039624660548,169.19192660016526,165.92485964222502,168.49679565429688,42169000
2024-10-30,179.42006644238907,180.75073380709983,172.84623418689728,173.2434539794922,68890800
2024-10-31,171.92274281377416,175.58701430239046,169.80759078159048,169.9168243408203,44769000
2024-11-01,168.88407180529182,171.11838206105315,167.70236751230738,170.09555053710938,31796500
2024-11-04,168.7450359899921,169.53946045641658,166.83842636200512,168.0598602294922,21492700
2024-11-05,168.24851494635325,169.34085043209328,167.66263280054076,168.55636596679688,18242100
2024-11-06,172.58808035816057,175.706184256144,172.2901692540448,175.2791748046875,33695500
2024-11-07,176.17290261823987,179.8173094537086,175.95443549219976,179.48960876464844,25352900
2024-11-08,179.3902725978056,179.63852928014543,176.83820178259256,177.1063232421875,22006200
2024-11-11,177.33473026430633,179.29099430009822,177.22549670866968,179.09239196777344,17450400
2024-11-12,178.56607957571185,181.21745921136755,178.13907018890748,180.353515625,25134900
2024-11-13,179.2016288670182,179.69814228328764,177.295004014443,177.6326446533203,23184000
2024-11-14,177.03682125408577,177.57306422524127,173.10444351008397,174.35565185546875,31007500
2024-11-15,172.51854448191054,172.92568911299827,170.02605262888574,171.28720092773438,32504600
2024-11-18,172.21072600853026,174.2166446221491,171.69434776937933,174.07762145996094,20135300
2024-11-19,172.50863268758198,177.6227151144133,172.34974474847573,176.87794494628906,23434900
2024-11-20,176.10335508154355,176.44098053014173,172.56818237884448,174.75283813476562,18997100
2024-11-21,172.6873573172244,172.91576439472308,162.55848682005697,166.46109008789062,59734400
2024-11-22,164.6935100313798,165.29925701927786,162.75709554141247,163.61109924316406,38604600
2024-11-25,164.93182234405353,167.4541189743164,164.45517370894052,166.48094177246094,33135300
2024-11-26,166.46108883905265,168.6358199751134,166.41143446812606,167.94068908691406,20486700
2024-11-27,167.8215500668716,168.2981987474697,166.84838792453718,168.04994201660156,19266500
2024-11-29,167.3250068391348,168.2485144405321,165.99435463496883,167.77186584472656,14257200
2024-12-02,167.59314004161567,170.88005637942206,167.3945377088188,170.29417419433594,23789100
2024-12-03,170.29418101536214,171.4758702461707,169.6586444335241,170.1452178955078,22248700
2024-12-04,169.956535651712,173.69032622472676,169.86716687371202,173.15408325195312,31615100
2024-12-05,174.1371760101365,174.83229172271828,171.12830609165766,171.43614196777344,21356200
2024-12-06,170.83040986678466,173.85914482652376,170.66159711852214,173.49172973632812,21462400
2024-12-09,172.94494909205568,175.2315164432607,172.63674520121344,174.34671020507812,25389600
2024-12-10,181.78306850285867,185.2725820417294,179.99356854584033,184.0895233154297,54813000
2024-12-11,184.22870587804087,194.46860797595772,183.7713984925761,194.25982666015625,67894100
2024-12-12,193.86215946833025,194.04110187251197,190.59136355506865,190.83990478515625,34817500
2024-12-13,189.89543056387427,191.60539539173107,188.53342951612586,188.71238708496094,25143500
2024-12-16,191.74457308879215,197.8388085792474,191.49603187198403,195.51246643066406,44934900
2024-12-17,196.09901710347702,200.2446827169294,193.84225864137167,194.27969360351562,43504000
2024-12-18,194.08085519878878,195.85046734497547,186.64450667606317,187.30064392089844,34166100
2024-12-19,190.5118237091531,191.90364849444197,187.28078779996244,187.41001892089844,32265200
2024-12-20,184.6959380592945,191.76445049852148,184.139208190229,190.2930908203125,63462900
2024-12-23,191.49604252749893,193.96158245764806,189.04045395521715,193.49432373046875,25675000
2024-12-24,193.70308928801546,194.96568298339844,192.64927690043314,194.96568298339844,10403300
2024-12-26,194.0112928154141,195.60196287620988,193.2457966910566,194.45867919921875,12046600
2024-12-27,193.81244697780068,194.18029831146464,189.53753481304466,191.63522338867188,18891400
2024-12-30,188.69249985736334,191.42645331502607,188.01645984137915,190.1240997314453,14264700
2024-12-31,189.96504702886492,190.83991706940904,187.41003573761844,188.1954345703125,17466900
2025-01-02,189.53752836365504,190.87965701997763,186.4059150585719,188.32464599609375,20370800
2025-01-03,190.2533357330172,192.08261071335764,188.87144710211905,190.67088317871094,18596200
2025-01-06,192.8481012552134,197.06336585299624,192.71887013485082,195.7212371826172,29563600
2025-01-07,195.9598465030939,199.82714740579908,193.46449803391354,194.34930419921875,26487200
2025-01-08,191.44633065751327,195.1446099087928,191.25743691061763,192.81826782226562,24864800
2025-01-10,193.16625612788005,195.37330356826695,189.19953244831908,190.91943359375,26665200
2025-01-13,188.96094444164697,190.064453003047,186.2667506795452,189.89544677734375,21823700
2025-01-14,190.12409653498483,190.8597688353095,187.21118555715896,188.55331420898438,17174900
2025-01-15,191.963298457138,195.21422195403466,190.7404798677513,194.40895080566406,21776000
2025-01-16,193.00718142531574,194.33935880818177,191.6849402307685,191.78436279296875,17815400
2025-01-17,195.3832141332428,196.0791264849475,192.61943710093595,194.85630798339844,27735100
2025-01-21,197.90841585876197,201.10961291187695,196.71540583129996,196.8943634033203,29971300
2025-01-22,197.89847013086398,199.31018252245178,196.3773989893062,197.21249389648438,26200600
2025-01-23,196.98382282439977,199.13122254170912,194.06097573746507,196.8247528076172,26951400
2025-01-24,196.94408983675294,199.7277396623471,196.8446672702301,199.04177856445312,23877500
2025-01-27,191.28728569008513,195.731204323553,189.61708065071457,190.69078063964844,41728900
2025-01-28,191.62527696108057,194.3393427841272,189.56734841729389,194.160400390625,24157900
2025-01-29,194.41887879385513,195.64169733166847,192.30130277467072,194.26976013183594,18218300
2025-01-30,196.84465797279535,200.22481269836635,196.5165817224703,199.69790649414062,24354700
2025-01-31,200.82132655430865,204.2810164474162,200.622496591671,202.8295440673828,32001100
2025-02-03,199.5189590127464,202.5611012223486,198.93240535424198,200.05580139160156,27838300
2025-02-04,202.20322238534604,205.84186999162728,201.62660485458937,205.17578125,43856400
2025-02-05,189.9550998506434,191.62528964623422,186.93282997802248,190.2135772705078,70373900
2025-02-06,188.39424233982533,190.97907706252056,187.61879495696715,190.48199462890625,29297400
2025-02-07,189.93521824759102,190.0644493766904,182.17079235327273,184.25852966308594,49315000
2025-02-10,186.2567974441607,187.10182849533746,184.77548630303588,185.38192749023438,23105600
2025-02-11,183.95033114344977,185.8491897525843,183.20470746476104,184.2386474609375,21239500
2025-02-12,182.15091151282658,184.0298827457132,180.769022777209,182.53863525390625,22072600
2025-02-13,183.24449120134597,185.19304601185559,182.07136866992408,185.05386352539062,21402500
2025-02-14,183.98016370030402,185.31234109604222,183.2444913440249,184.149169921875,20448400
2025-02-18,184.5169856862868,184.87488560699177,180.67950910251955,182.69766235351562,29916700
2025-02-19,182.99592432628137,184.37781280892617,182.51871429403985,184.1889190673828,19549400
2025-02-20,183.72168304847523,184.22870170428735,181.65381816300632,183.4830780029297,20441500
2025-02-21,184.06963495987821,184.25852872808807,178.03506158410121,178.61167907714844,35199200
2025-02-24,180.9280885264688,182.0514846282233,177.84617104858543,178.20407104492188,29854200
2025-02-25,177.00109982499515,177.69702734245087,173.6706567432134,174.39639282226562,41913400
2025-02-26,174.04844897153603,175.05255001700533,170.57880815600546,171.7220916748047,35431300
2025-02-27,172.97477115402882,173.54143730705212,166.96006996247044,167.5167999267578,39991000
2025-02-28,167.69570724259657,169.61445314978715,165.79686404821965,169.286376953125,48130600
2025-03-03,170.92678194521508,172.35838197888094,164.96179191810995,166.03549194335938,40770500
2025-03-04,165.26996901303033,172.2788190225673,164.8325340548135,169.9226531982422,45388000
2025-03-05,169.525009408903,172.7659816444027,168.07352192530007,172.0104217529297,30954900
2025-03-06,169.5349273025149,173.78995156274516,169.50510357118512,171.3443145751953,28302000
2025-03-07,170.26068506359857,173.94904372851937,169.27647146487496,172.84552001953125,27385800
2025-03-10,167.47083096485238,167.66990508590422,162.9222728186128,165.092041015625,43604000
2025-03-11,164.13654448642717,165.96791089272386,160.61313925258565,163.27061462402344,39587400
2025-03-12,165.7987046838708,166.85373061886358,162.7630068227544,166.3262176513672,28372400
2025-03-13,165.261242942738,165.3508323726828,161.34968247166375,161.9966278076172,31756200
2025-03-14,162.50423247849787,165.70913119386128,161.68807116679397,164.7138214111328,31995900
2025-03-17,164.2559897412009,165.52003755245735,162.90236768488202,163.5194549560547,31184300
2025-03-18,162.9123202600298,163.47965420375513,155.98497172829607,159.91644287109375,42074800
2025-03-19,161.0013078964,165.09203178483114,160.24487791525596,163.12132263183594,34275600
2025-03-20,160.81221119039924,164.11663181906812,160.20507160674322,162.03643798828125,28138500
2025-03-21,160.45391074936325,163.46969843906228,160.13540430124633,163.2208709716797,36625800
2025-03-24,166.28641503242847,167.5305522783625,164.36545922735073,166.89353942871094,30879100
2025-03-25,168.18747918173491,169.82974979049783,167.53058612545505,169.76007080078125,24174400
2025-03-26,168.20736616989782,168.81450579137277,164.0668735115514,164.2858428955078,28901600
2025-03-27,163.85788568655383,164.64417388270883,161.24021559810473,161.47909545898438,24508300
2025-03-28,159.73728296251087,161.06104688273138,152.90945679818688,153.60617065429688,48669300
2025-03-31,152.39189573252094,154.81049144150305,149.95338957359485,153.9147186279297,54603500
2025-04-01,152.89951197653428,157.35851155491952,152.89951197653428,156.33334350585938,30672900
2025-04-02,154.42231653657922,157.6670363544579,153.97443014331054,156.30345153808594,25041700
2025-04-03,150.40127754802887,152.06344323592336,149.68465321481136,150.0131072998047,46883400
2025-04-04,147.3157993550897,150.3614601277394,144.698144884866,144.9171142578125,62259500
2025-04-07,140.8861135726325,152.13311801627722,139.87089326407514,146.0617218017578,76794100
2025-04-08,150.5107562403341,151.52597653644034,142.3591661655056,144.02133178710938,52200200
2025-04-09,143.74266444963052,158.8017091980402,143.23506183090237,157.9656524658203,70406200
2025-04-10,155.80579483834862,156.98026834062628,149.2267962236283,152.10325622558594,48022000
2025-04-11,152.18288035899425,156.9305129193936,152.10326893032627,156.4029998779297,33636200
2025-04-14,159.24957495636372,160.96150910212248,156.8210165083235,158.32394409179688,30333000
2025-04-15,158.38367026397722,158.90122048049952,154.48205725338974,155.57688903808594,27551500
2025-04-16,152.381953334393,155.1588613016161,150.7993990348029,152.61087036132812,28187400
2025-04-17,153.56635949907425,153.9545297569088,147.8035217962651,150.4510498046875,33046600
2025-04-21,148.18173331794077,148.25139710913984,145.41477318745027,146.97740173339844,26049100
2025-04-22,148.19171131036353,151.4762374811885,147.8433467213268,150.75961303710938,26971800
2025-04-23,154.8801740321897,156.79116721631257,153.08861317606707,154.62139892578125,31128800
2025-04-24,155.41763415068155,158.84150262211006,155.0593219807129,158.532958984375,45894000
2025-04-25,164.29580798857202,165.32097594255075,160.2846952290497,161.2003936767578,56034000
2025-04-28,161.66817604969367,162.38480037619334,157.85615258510526,159.85671997070312,29745800
2025-04-29,159.56809722983294,159.98612558310694,156.7812263541152,159.40884399414062,26809000
2025-04-30,157.2390449367046,158.52300314058715,154.67114371616248,158.05520629882812,34981100
2025-05-01,159.69746807136784,161.19043289943403,158.16469753026496,160.54348754882812,30203200
2025-05-02,162.64359387625743,164.19627488526416,161.11080813038504,163.26068115234375,25715000
2025-05-05,162.23551815903613,164.61430827792813,161.95683259435438,163.43984985351562,21341800
2025-05-06,161.40940569190968,164.02707560554774,160.43400623609975,162.4644317626953,21277200
2025-05-07,163.3104457768094,164.22612903746054,147.14660797263102,150.67001342773438,127490100
2025-05-08,154.27303609354425,155.19866702023802,152.1828792070647,153.55641174316406,57498700
2025-05-09,153.4469228058081,154.3228003625665,151.48616112175256,152.03358459472656,32435300
2025-05-12,156.75136032378487,158.35380985703912,155.5171705905775,157.71681213378906,44138800
2025-05-13,158.04526446648646,159.81693019668407,155.42760955592857,158.78179931640625,42382100
2025-05-14,159.209775932056,166.21675084206151,158.86141139731794,164.59439086914062,48755900
2025-05-15,165.06219714400765,165.43047214987737,161.6084704301294,163.19102478027344,33146700
2025-05-16,166.9433081258995,168.5557203255822,164.84320384513654,165.41053771972656,42846900
2025-05-19,163.7384030190307,165.85841766604332,163.44976987123945,165.75888061523438,30426100
2025-05-20,165.6494131078347,167.70971181285083,162.13597050857302,163.21090698242188,46607700
2025-05-21,162.92230000658228,172.32797668139273,162.79290484375014,167.7694549560547,73416000
2025-05-22,171.0440028391721,175.94092545127197,169.90935022401754,170.06858825683594,74864400
2025-05-23,168.26708452621156,169.1628725233235,167.10257379846712,167.6798553466797,35211400
2025-05-27,169.36194132235366,172.35781874405163,169.20268808863054,172.08908081054688,37995700
2025-05-28,172.34787146642654,174.44797603039132,171.10373405145273,171.55162048339844,34784000
2025-05-29,173.1839175950813,173.60194591853366,169.82972818892713,171.053955078125,29317300
2025-05-30,170.54633906565317,171.40230609492238,166.65467413099773,170.93450927734375,52639900
2025-06-02,167.05279205086583,169.0732697161459,166.60490568135657,168.23721313476562,38612300
2025-06-03,166.70444231356663,167.68978928654823,164.50480099371782,165.40057373046875,45084900
2025-06-04,165.9579872104258,167.43104169003885,165.57976456796413,167.2618408203125,26900800
2025-06-05,169.54106580736408,170.12829493792012,166.80396388771035,167.4210662841797,36379100
2025-06-06,170.0287933558417,173.68157889465496,170.0287933558417,172.86541748046875,35731800
2025-06-09,173.93170198198985,175.8549836240846,173.76229627558533,175.47630310058594,28935900
2025-06-10,175.58590961128442,180.47880106496282,174.30041217393423,177.97755432128906,61766100
2025-06-11,179.1434824964821,179.74138229531295,176.1340033305199,176.73191833496094,31646800
2025-06-12,175.56596932852466,176.10409583310096,174.14096047000893,175.087646484375,20941900
2025-06-13,171.83900983498697,176.51266655178486,171.7891810552309,174.0612335205078,27663100
2025-06-16,174.12103189678987,176.32333636040028,174.04130888575864,176.1539306640625,27389200
2025-06-17,175.08766326949169,176.74188163753837,173.97157145760983,175.3367919921875,24973000
2025-06-18,175.39656976170295,175.94465595934807,172.596365522182,172.71595764160156,28707500
2025-06-20,173.34377169523464,173.73241191568036,164.88336954115948,166.0592498779297,75659900
2025-06-23,165.69052617853575,166.7567891470348,161.43540356766906,164.61428833007812,57671000
2025-06-24,166.3382681524042,167.6337405858712,165.5510280582942,166.1887969970703,40524300
2025-06-25,167.04580095926642,171.75931227481541,166.96607794096738,170.0851593017578,35479000
2025-06-26,171.8290485705118,173.08466701517526,169.34773632150527,172.9351806640625,31796700
2025-06-27,172.93517666884486,178.057262279745,171.13148726193396,177.9077911376953,108140200
2025-06-30,180.14995998416325,180.59838864201382,173.97157072832883,175.61581420898438,63378900
2025-07-01,175.12751523681553,175.47628629108172,172.92521085330227,175.22715759277344,35904500
2025-07-02,174.92820819435067,178.2366447594077,174.45986020905642,178.0174102783203,29128900
2025-07-03,177.8778878701253,179.0438083356934,176.43294448317042,178.904296875,21689700
2025-07-07,178.43593621915562,178.67510524325024,175.0677113564662,176.17384338378906,34175600
2025-07-08,177.2301614259221,177.3298037815242,172.20771837081963,173.7523193359375,40442500
2025-07-09,174.63920474769347,178.8146038590092,172.16785249870574,176.00442504882812,43025600
2025-07-10,175.0178914126315,177.8081205641565,173.77224796798342,177.00094604492188,29252400
2025-07-11,176.17385213436023,180.797680390592,175.86493496639972,179.56201171875,34282900
2025-07-14,180.37914463511837,183.02987774300456,179.05377808117527,180.92723083496094,32536600
2025-07-15,182.17286668727073,183.5779561932956,180.9670923041272,181.36569213867188,33448300
2025-07-16,182.6013997121905,183.68759732741276,181.395609966558,182.33233642578125,33104200
2025-07-17,181.5052018275631,183.418508384776,179.8509836397114,182.940185546875,31992600
2025-07-18,184.75383518149354,185.7702845204503,183.069737966418,184.41502380371094,34014500
2025-07-21,185.6008814217948,189.62679452163042,185.50122385959315,189.43746948242188,45803100
2025-07-22,190.8325874995953,190.98205863993607,186.80667432845317,190.6731414794922,44660200
2025-07-23,190.83261008559217,191.85901925237124,188.52068813729787,189.56703186035156,58681900
2025-07-24,196.34330659716778,197.26009837341095,190.33432366848066,191.500244140625,74881700
2025-07-25,191.31091436137532,193.65273031316045,190.59342246149265,192.50672912597656,39785900
2025-07-28,192.97507635824056,193.37369138388394,190.17487232763284,191.9088134765625,38139500
2025-07-29,191.7593429801203,195.23718523880464,191.41057191018163,195.06777954101562,41389200
2025-07-30,194.91831074404357,196.91134044406198,194.0114785811888,195.84506225585938,32445400
2025-07-31,195.0279201110307,195.30694304131825,190.42401135006776,191.23118591308594,51329200
2025-08-01,188.37118289637132,190.16491249625656,187.165408558121,188.47084045410156,34832200
2025-08-04,189.62679933287328,194.5894541087341,189.45739363731957,194.36024475097656,31547400
2025-08-05,194.03140047861146,197.17041596913074,193.21425105621586,193.9915313720703,31602300
2025-08-06,193.82213079278006,195.94471220658852,192.99502167474958,195.40658569335938,21562900
2025-08-07,196.37320958328212,196.85153244317704,193.65272836026733,195.83509826660156,26321800
2025-08-08,196.53265828436582,201.9038726725722,196.48282950116197,200.718017578125,39161800
2025-08-11,200.2396805407711,200.77779182670545,198.3762027845806,200.29946899414062,25832400
2025-08-12,200.66818175308578,203.7872779637538,199.8909014203329,202.63131713867188,30397900
2025-08-13,203.41858472937733,203.81718459405647,196.82164596798347,201.2561492919922,28342900
2025-08-14,200.7977432270797,203.7274993328687,200.5286799587332,202.23272705078125,25230400
2025-08-15,203.13954799676898,205.7205176785909,200.57849766290207,203.18936157226562,34931400
2025-08-18,203.4883288365654,204.55460702217843,201.7842969623296,202.790771484375,18526600
2025-08-19,202.32239574793277,202.73097045946378,199.26310326239187,200.86749267578125,24240200
2025-08-20,200.03040999419306,200.57849617106174,195.9148142419443,198.62533569335938,28955500
2025-08-21,199.05381774902344,201.77429871025083,198.73492573604025,199.05381774902344,19774600
2025-08-22,202.02345924179684,207.8132083154908,200.59845024885027,205.3717498779297,42827000
2025-08-25,205.71053353164982,209.78629043498435,204.56454764589003,207.76336669921875,29928900
2025-08-26,206.7867811726176,207.12560776169755,204.98309181316571,206.41807556152344,28464100
2025-08-27,204.98310175479907,208.1819211161226,204.9332729711404,206.75689697265625,23022900
2025-08-28,206.5276752646478,211.48035462857675,206.1788890311736,210.90237426757812,32339300
2025-08-29,209.77632411753885,213.90189476250458,209.46740696384475,212.16796875,39728400
2025-09-02,207.7135717794173,210.9422703796375,205.48137289081185,210.61343383789062,47523000
2025-09-03,225.42162175778444,230.50383816310156,224.0065573472935,229.85610961914062,103336100
2025-09-04,228.8496136665047,231.56013509073304,225.32195802772998,231.49038696289062,51684200
2025-09-05,231.3907399385365,234.9383302920627,231.09178244912047,234.1809844970703,46588900
2025-09-08,234.85920568133895,237.512309448077,233.0638717332001,233.4329071044922,32474700
2025-09-09,233.56257898038902,239.8462403027557,232.62501483391662,239.0084228515625,38061000
2025-09-10,238.28030242478394,241.0331528996711,237.23303823372945,238.5496063232422,35141100
2025-09-11,239.25778647565335,241.62163412512044,235.63719736660352,239.7465057373047,30599300
2025-09-12,239.7464919977143,241.4520630725996,237.38264448371655,240.17538452148438,26771600
2025-09-15,244.02536743382055,251.75526430827645,244.02536743382055,250.95733642578125,58383800
2025-09-16,251.42612617048883,252.38362748338088,248.82289569604956,250.50851440429688,34109700
2025-09-17,250.56837026681998,250.94738946798665,245.64118152849247,248.88275146484375,34108000
2025-09-18,251.0271682452624,253.33118919660149,249.15205506430715,251.3762664794922,31239500
2025-09-19,252.59309222605677,255.33595897283527,251.1568250217611,254.0592803955078,55571400
2025-09-22,253.7700350469374,255.11653941381564,249.65075806779814,251.87496948242188,32290500
2025-09-23,252.38362744671002,253.7002107757565,249.8302703204236,251.00721740722656,26628000
2025-09-24,251.00722705371746,251.69543970951247,245.80076590550527,246.4989471435547,28201000
2025-09-25,243.76604145127706,245.85063173864694,240.1155467413105,245.15243530273438,31020400
2025-09-26,246.42912138871642,248.77301648715127,245.33196864020064,245.90048217773438,18503200
2025-09-29,247.2071078925349,250.49853584610034,242.14028307987255,243.41696166992188,32505800
2025-09-30,242.18018034462705,242.6589310263489,238.6294169517045,242.4694366455078,34724300
2025-10-01,240.12551089529904,245.66111761710096,237.9910625183314,244.26473999023438,31658200
2025-10-02,244.51411127313986,246.1698091326398,241.6715128807893,245.05271911621094,25483300
2025-10-03,243.85580746990237,245.661109961835,241.03314655883116,244.7135772705078,30249600
2025-10-06,244.14505728413704,250.66810152305118,243.94557911341744,249.7803955078125,28894700
2025-10-07,247.62601181924765,249.7903811872092,244.88314509840285,245.1225128173828,23181300
2025-10-08,244.3246032710778,245.37186749350337,243.18756093367097,243.9854736328125,21307100
2025-10-09,243.83586445575082,244.12510552114733,238.52965682972516,240.9034881591797,27892100
2025-10-10,240.80373872383117,243.45684250665406,235.22824247873842,235.95635986328125,33180300
2025-10-13,239.58694087972822,243.865806618421,239.08823779870895,243.51670837402344,24995000
2025-10-14,240.60426901896764,246.47899033376285,239.88613541009548,244.81332397460938,22111600
2025-10-15,246.6086665065597,251.45606092411225,245.35194025727193,250.3788604736328,27007700
2025-10-16,251.11691742955023,256.2934418791717,249.45125120568702,250.80772399902344,27997200
2025-10-17,250.10953966399788,253.56057134926166,247.16719481275433,252.64295959472656,29671600
2025-10-20,254.0293607582065,256.6624970209002,253.57054725807689,255.884521484375,22350200
2025-10-21,254.07923005269296,254.2188662949897,243.51668810909678,249.81033325195312,47312100
2025-10-22,253.710180894347,255.69500926260113,248.64335615777878,251.03713989257812,35029400
2025-10-23,252.32377625733005,254.37843026888703,251.19671777887123,252.42352294921875,19901400
2025-10-24,255.9144557753844,261.0012332121926,254.65774472843228,259.2458190917969,28655100
2025-10-27,264.13306424820985,269.43927147389144,263.5944564854066,268.5715026855469,35235200
2025-10-28,268.9904881616853,270.02779916193873,265.80875985814066,266.7762451171875,29738600
2025-10-29,267.05547147917497,274.6257797911847,266.97569238760303,273.8577880859375,43580300
2025-10-30,290.8336389163956,290.8336389163956,279.3335478851562,280.7498779296875,74876000
2025-10-31,282.47538175038454,285.25815337777135,276.3114191679317,280.46063232421875,39267900
2025-11-03,281.44802550171426,284.78934178113053,279.07419428639605,282.9840393066406,29786000
2025-11-04,276.03213953132416,280.5404041676455,275.5434202802167,276.8200988769531,30078400
2025-11-05,278.1466483880774,285.6770830892533,276.6206181949745,283.5725402832031,31010300
2025-11-06,284.58986519375543,287.60205105478576,280.41076169575746,284.0113830566406,37173600
2025-11-07,282.47536340962876,283.04389217242976,274.47617771869056,278.1067199707031,34479600
2025-11-10,283.6822445549795,290.0456696400176,282.12626310035637,289.3475036621094,29557300
2025-11-11,287.0035887304013,291.1627853205446,286.5747114373448,290.5543518066406,19842100
2025-11-12,290.9233873275988,291.2525483673142,282.9541227840324,285.9662780761719,24829900
2025-11-13,281.60762197974475,282.1063250073575,276.5208450104115,277.847412109375,29494000
2025-11-14,270.7059931829425,277.8374407083971,269.99784337488455,275.6930236816406,31647200
2025-11-17,285.0387085276487,293.1875295999499,282.83444961203753,284.2806701660156,52670200
2025-11-18,287.17314441506005,288.0508361130442,277.4783570293678,283.5425720214844,49158700
2025-11-19,286.41513772838755,303.0219431129204,285.88651371587775,292.05047607421875,68198900
2025-11-20,303.75007371618807,305.625202125324,287.921243180084,288.69921875,62025200
2025-11-21,295.6511046778972,303.1316497984607,293.0877639113642,298.8826904296875,74137700
2025-11-24,310.3229443803346,318.651290855991,308.79691436510495,317.75360107421875,85165100
2025-11-25,325.3638169665917,327.9770159307299,316.82602366827604,322.60101318359375,88632100
2025-11-26,319.8482042131112,323.658303098724,315.9683100285969,319.1201171875,51373400
2025-11-28,322.5312152935296,326.0021995827445,315.9682963529555,319.3494873046875,26018600
2025-12-01,316.8759202886677,319.02033724928003,313.07580560094704,314.0732116699219,41183000
2025-12-02,315.91839456558273,317.554155160306,313.09574872951146,314.9908142089844,35854700
2025-12-03,315.07061440214585,320.74582687116515,313.2852490348319,318.8009033203125,41838300
2025-12-04,321.3942008459266,321.5238380796439,313.8837336096964,316.796142578125,31240900
2025-12-05,318.6612335259534,322.32172694260385,318.34208673882245,320.4366149902344,28851700
2025-12-08,319.42862865409404,319.81788611091974,310.61578500656543,313.1109313964844,33909400
2025-12-09,311.7635388280278,317.3726229056239,311.2944500995635,316.4643859863281,30194000
2025-12-10,315.2168165746965,320.6861883612462,314.069055340672,319.58831787109375,33428900
2025-12-11,319.45853583973854,320.4965251579071,308.0008443067889,311.8233947753906,42353700
2025-12-12,313.0909556884665,314.25866704717134,304.96674508462553,308.68951416015625,35940200
2025-12-15,310.7155693717638,310.81538131016634,304.288070405232,307.62158203125,29151900
2025-12-16,304.3579426322819,310.16661977978157,302.00250880457793,305.97479248046875,30585000
2025-12-17,307.4120099511304,307.4918412298865,295.54507970361715,296.1439208984375,43930400
2025-12-18,301.1342186567393,303.3698600006946,298.6490626821344,301.8727722167969,33518000
2025-12-19,301.1442091965169,306.65348128006514,300.3856749721532,306.56365966796875,59943200
2025-12-22,309.2783702904479,309.52788491338026,304.70724534166345,309.1785583496094,26429900
2025-12-23,309.02884787804055,314.328535898872,308.7194521900694,313.73968505859375,25478700
2025-12-24,314.15883598568854,314.4682316573388,311.3143938726672,313.48016357421875,10097400
2025-12-26,313.8694546536391,314.4782557314601,311.67371372407564,312.9013366699219,10899000
2025-12-29,310.76548227407176,313.41033130955566,310.0169383701615,312.95123291015625,19621800
2025-12-30,311.8932765746258,316.3346490163796,311.85334570689247,313.24066162109375,17380900
2025-12-31,312.2426007868329,313.9692224596297,310.83533467851674,312.3923034667969,16377700
2026-01-02,316.28474944088583,321.8738834308866,309.72749743587605,314.53814697265625,32009400
2026-01-05,317.0432968268774,318.4006418955826,314.01918050346546,315.92547607421875,30195600
2026-01-06,315.7857038876524,320.3168980142969,311.17467848252585,313.7297058105469,31212100
2026-01-07,313.7496277154789,325.5167449190081,313.5799748421341,321.3548583984375,35104400
2026-01-08,328.3313118537803,329.67869694461876,320.8758135066914,324.80816650390625,31896100
2026-01-09,326.45496079982934,330.1876899539591,325.16745676828174,327.9320983886719,26214200
2026-01-12,325.16743586064183,333.3914583276215,324.3690012716118,331.2156677246094,33923900
2026-01-13,334.29970979162056,339.828932001794,332.9722749179122,335.3177185058594,33517600
2026-01-14,334.40950381083184,335.8666608024698,329.838408937521,335.18798828125,28525600
2026-01-15,336.9944202593897,337.03435112462023,330.0978329050398,332.1338806152344,28442400
2026-01-16,333.7607557246461,334.00028002450074,327.0637915356931,329.35931396484375,40341600
2026-01-20,320.2470363972373,327.0937337673917,319.80788820634325,321.3748474121094,35361000
2026-01-21,320.2969541162656,331.83450818795274,318.729994927537,327.7424621582031,35386600
2026-01-22,333.8006666576773,334.49928930997066,328.11172120927307,329.89825439453125,26253600
2026-01-23,331.8444485977197,333.0421309365838,326.8142558744754,327.2933044433594,27280000
2026-01-26,327.1735452193246,335.1879535299186,326.3651202937951,332.61297607421875,26042100
2026-01-27,334.71886692218493,337.2539439848537,332.8325522369338,333.90045166015625,21636200
2026-01-28,335.40752623810386,336.8846637353836,331.2955302242731,335.3576354980469,27434400
2026-01-29,339.6393000059441,341.62545715973704,325.9060355700189,337.5932922363281,39785600
2026-01-30,339.33989756206086,339.33989756206086,331.64487488391205,337.3437805175781,31024000
2026-02-02,335.56723722383623,344.160506471566,334.9783863513143,343.0227355957031,32006100
2026-02-03,346.66563680855586,348.322417578686,336.81480425638233,339.0504455566406,36506700
2026-02-04,342.2941250868659,342.6434516437907,327.8821583120744,332.3934020996094,70618400
2026-02-05,311.6137920773395,332.0440485608184,305.8649659981283,330.6068420410156,88205800
2026-02-06,326.54477434837446,329.7385737476322,319.2988903139048,322.233154296875,56380500
2026-02-09,320.30690521957837,327.0637807183464,316.6440476026885,323.6903381347656,39640100
2026-02-10,320.3468306795893,321.0454837970353,313.9991629255859,317.9614562988281,39170000
2026-02-11,318.3507205277581,320.43665913490463,309.0587983421378,310.35626220703125,45406400
2026-02-12,311.4840518259579,315.6259882196205,306.603561940612,308.4000549316406,47761300
2026-02-13,307.1325415821482,308.03078810659247,303.1203270701956,305.1264343261719,38499700
2026-02-17,299.45745756709624,303.84890853372514,295.674807618098,301.43359375,39247600
2026-02-18,301.5035060024616,304.7871271852118,300.66514046909924,302.7410888671875,28482100
2026-02-19,301.23402488534225,304.87693233204385,299.4574819671566,302.26202392578125,25834400
2026-02-20,303.72916224594877,315.885507154404,303.30996428502766,314.36846923828125,53210800
2026-02-23,318.43054299285177,318.8996316925602,309.2683735389658,310.8852233886719,31423000
2026-02-24,309.91715008938735,311.6637526652123,305.33606470265187,310.2964172363281,25615600
2026-02-25,311.45411503231185,313.03106442763067,308.83920678711326,312.29248046875,29963600
2026-02-26,312.0330622595087,312.5320915706006,301.76303050890556,306.78326416015625,36431200
2026-02-27,303.5495233120643,311.7635251790807,303.21015662264614,311.15472412109375,44640600
2026-03-02,302.6412753457796,307.8910420913047,300.71499938521333,305.92486572265625,34790200
2026-03-03,298.01026816236094,303.34988694776314,296.1339134078651,302.9905700683594,35497000
2026-03-04,302.30197959238774,304.8769573413998,300.1661195993462,302.54150390625,29536200
2026-03-05,302.4516473530844,302.711121843687,297.4114338033223,300.29583740234375,35752300
2026-03-06,295.5151547022239,299.94653713519574,294.60691775969326,297.9404296875,25576900
2026-03-09,293.99527562141907,306.4198649966507,293.71562375842984,305.98040771484375,29312100
2026-03-10,305.79068968096857,309.1265479913924,305.1914269440574,306.65960693359375,23239700
2026-03-11,306.3699695674413,311.0341973481569,305.54101125974313,308.31756591796875,24125700
2026-03-12,306.43988798140623,308.5572566363961,300.65705267874506,303.1739196777344,24928300
2026-03-13,306.6296377698095,307.3087879643589,300.0677703977713,301.9054870605469,23693100
2026-03-16,303.97293465389924,306.11026747244654,302.64456537566065,305.1814270019531,23519700
2026-03-17,305.48103123176395,311.03417054952814,305.1214918945171,310.5347900390625,21955200
2026-03-18,308.88680583632095,312.08285325242963,306.5497087361953,307.30877685546875,20009800
2026-03-19,303.63335165234247,307.67832164750223,301.9754046785898,306.7494812011719,25075800
2026-03-20,305.0815409313132,305.62088043111504,297.9004465638477,300.6270751953125,44364100
2026-03-23,301.7356863586682,305.60091722739566,300.55715563413514,301.6857604980469,29326900
2026-03-24,298.82932646685043,299.5484356615691,289.97029010977093,290.0801696777344,36864300
2026-03-25,293.07644958925243,295.6332754793409,288.8816409209488,290.5695495605469,29460700
2026-03-26,287.553321534765,287.59328051443134,278.1549756132059,280.5719909667969,39080600
2026-03-27,276.9364513575891,279.02385820883654,273.6105906087015,274.0000915527344,35890600
2026-03-30,276.07755917965534,276.74671205405957,271.772870758184,273.1611633300781,35141200
2026-03-31,277.6955407888773,287.72308014338427,276.74670556560056,287.2037353515625,43875400
2026-04-01,290.47967248402244,300.14767254424095,290.05021252939383,297.0215759277344,37684500
2026-04-02,290.3298413990028,297.7106694379238,289.0913874960174,295.4035339355469,21666500
2026-04-06,295.5034561131459,300.24757156825143,294.81430848233833,299.61834716796875,16945500
2026-04-07,302.3549447988444,305.2513457589993,297.3511421656273,305.08154296875,23205400
2026-04-08,320.0530070056894,321.68096199730417,314.6297110626625,316.9268798828125,33547100
2026-04-09,315.51860784412145,319.1441153425082,310.6746106421415,318.09539794921875,23739200
2026-04-10,319.62350892085055,321.4312640320202,315.9281112234418,316.8469543457031,19152600
2026-04-13,316.74710955552524,321.2315371363443,315.0791651091577,320.91192626953125,18866400
2026-04-14,324.38762340838895,332.8770926852431,323.3489033390031,332.49755859375,27721400
2026-04-15,332.4775916674409,337.0619013824557,330.49003638532656,336.70233154296875,24918800
2026-04-16,338.33029678032364,339.458901613874,334.105526677332,335.6036682128906,20541500
2026-04-17,337.2316773591919,341.89590508018404,335.8234205588037,341.2566833496094,25581900
2026-04-20,340.3378420577138,340.97703331198585,336.1929591105031,337.0019836425781,18784200
2026-04-21,337.2716301294484,338.9195798085849,330.9394885663705,331.8783264160156,23123800
2026-04-22,336.60245884112476,339.3990082413208,334.7547751685775,338.8996276855469,20293000
2026-04-23,340.7572947145818,341.53632713037314,335.7634893621326,338.47015380859375,18650300
2026-04-24,338.31036908905986,344.84224494447176,334.9745105669949,343.97332763671875,26426100
2026-04-27,345.55139138660655,352.7424533316474,342.30541767036533,349.9059753417969,28576900
2026-04-28,348.1181924796765,351.9834237980171,345.6912101596132,349.3466796875,27824100
2026-04-29,347.13938043155986,355.34919736274225,343.7835275027263,349.5064392089844,35376300
2026-04-30,373.6065555628184,385.3619622201579,365.3667768501622,384.3232421875,72040000
2026-05-01,381.1572209075714,386.2808704617397,378.5804000830116,385.2121887207031,30105200
2026-05-04,385.15223320621686,386.90006506467324,379.31947226185457,382.7751770019531,26298600
2026-05-05,385.7515048868787,392.33333678038815,383.5442209432822,387.9487609863281,23878600
2026-05-06,393.7615619135972,399.3546301445318,392.2734176347804,397.546875,31308500
2026-05-07,399.42454979908837,399.6043194807176,392.1934987581594,397.4969177246094,24433500
2026-05-08,396.5081562950806,401.5019617899809,395.86893456144384,400.3034362792969,21461800
2026-05-11,393.16231133568834,396.94762453931395,387.9887360157618,388.1585388183594,30753700
2026-05-12,386.8601198229993,388.0386506028281,382.2957742925754,386.8701171875,26017500
2026-05-13,385.1222825184223,403.1998643489371,384.5230197682841,402.1211853027344,28144600
2026-05-14,396.7878070287349,402.43080112559403,395.349588612008,400.5731201171875,21136700
2026-05-15,395.82900006662373,399.0450119758119,392.69287563304505,396.2884216308594,20309700
2026-05-18,395.1997907850553,408.10376741205215,394.04122422601415,396.4482421875,26837200
2026-05-19,396.4681837278221,396.65795076850566,385.63162007935824,387.1797180175781,39545700
2026-05-20,387.2196997137571,393.37204141137994,382.42562803382646,388.4281921386719,31744400
2026-05-21,385.22215486500835,392.01371791338363,382.5454520468608,387.1797180175781,24852800
2026-05-22,386.87012298265273,388.258385079403,381.29701890681014,382.49554443359375,20442100
2026-05-26,384.03364271938483,388.777757974093,382.1260053488666,388.3982238769531,27747400
2026-05-27,386.1909694394293,393.3920284639016,385.42190388240675,388.3482666015625,23087300
2026-05-28,387.5193014898567,391.38450201712897,384.68282366229704,389.64666748046875,24357500
2026-05-29,384.7626974671623,384.7626974671623,377.9910987617443,379.8687744140625,44415800
2026-06-01,376.05352511273605,378.09100632744554,373.05724175924524,375.9037170410156,28672100
2026-06-02,366.13582064636165,373.07722234401785,357.99592394061045,361.4017028808594,50412300
2026-06-03,361.5814692403301,365.9960065843375,357.6363508187865,358.54522705078125,55441600
2026-06-04,358.4553387971999,372.7875661225121,357.7661912265356,371.7288818359375,44055500
2026-06-05,365.88613605551615,371.6190149899659,363.6688852043904,368.07342529296875,37471200
2026-06-08,364.9454235864071,365.9647879200631,360.2984165590168,363.0766296386719,27942500
2026-06-09,366.85420025674074,371.84098522768176,357.0704802123837,364.0260314941406,29535100
2026-06-10,362.95671584537644,368.3232616719084,354.97185779418805,356.1510925292969,32357100
2026-06-11,355.70134679025995,358.5694982511428,346.13748714351743,357.5401611328125,35538200
2026-06-12,362.3870579560934,366.33453278338226,354.7119986974298,359.4489440917969,24704600
2026-06-15,367.69366113705985,372.7504085202595,366.3145426692825,369.1127624511719,27727500
2026-06-16,369.3626044753487,375.7584875251172,366.8242274297617,373.01025390625,24876100
2026-06-17,368.8929017493238,372.0908279957741,361.78745285393074,363.55633544921875,24543600
2026-06-18,365.51504497617543,369.2426598317581,358.4396065335441,367.7935791015625,44470100
2026-06-22,357.72009076397745,358.68946892539066,341.50050477393233,349.45538330078125,52814800
2026-06-23,340.47114598010614,349.0656275102868,339.98147051143604,345.90765380859375,34007700
2026-06-24,348.8157979233392,353.25294826847323,341.7103492701006,345.0682067871094,44997300
2026-06-25,336.51370015420923,345.34801779729577,335.6242572392167,343.48919677734375,44491400
2026-06-26,342.32993723999033,346.1374872957393,329.98789515004995,337.17327880859375,114706300
2026-06-29,341.6104064955248,354.122383587675,340.4511784786947,353.4228210449219,34213900
2026-06-30,353.64269008629407,358.3896389689017,350.1749177879227,357.14044189453125,35237200
2026-07-01,358.1397942573561,362.7368455226467,356.20103798676814,360.97796630859375,26736400
2026-07-02,359.2490860357571,363.97602803095486,353.19298133516355,359.6788024902344,25974800
2026-07-06,361.31772936423556,367.693635754559,357.15042523629825,366.2245788574219,26915800
2026-07-07,368.8329180211536,372.9202869594668,365.26520405735874,366.7942199707031,24045600
2026-07-08,364.525702555654,367.6037106679975,357.79001132287857,361.6875305175781,22094800
2026-07-09,354.08240970637695,359.41897594546776,350.8544734886641,358.65948486328125,24729100
2026-07-10,357.30034280387986,357.5901650645865,352.52341441108456,356.9505615234375,18146100
2026-07-13,355.96119810970276,357.8999543595846,351.52404777471276,352.2835693359375,15901700
2026-07-14,350.97442351070157,359.92865963343,350.86447830880365,359.2790832519531,18259400
2026-07-15,357.74006858863044,373.40998963278184,357.5302120160503,370.6817626953125,28284600
2026-07-16,372.8203579699616,375.02892981037553,352.07368364698067,354.2322998046875,41158500
2026-07-17,345.77774679993126,348.2961170979314,341.1407126662452,346.5472412109375,29959300
2026-07-20,350.6546131580819,359.4489481797366,350.2948285491913,351.7638854980469,24736600
2026-07-21,351.09433677099497,351.09433677099497,346.77710440528256,346.927001953125,23369800
2026-07-22,347.93634723653764,349.7152025525983,341.51048515922605,341.8702392578125,39334100
2026-07-23,320.92372412122546,324.2815511558238,314.69771503877246,317.4859313964844,69419700
2026-07-24,318.2154780071113,323.97175736278774,317.11617848672984,319.53460693359375,31806600
2026-07-27,324.83120713377,330.2077559724587,324.2415898017393,326.3502197265625,28471600
2026-07-28,327.68937042492354,335.66425552638333,324.2316014627561,333.4956359863281,29511900
2026-07-29,334.455045685483,342.2800028423013,331.40698648547414,336.49371337890625,27501600
2026-07-30,333.98534038388266,336.29385412629074,330.12780397797883,333.4456787109375,30168000
2026-07-31,340.611054758666,358.3496530632621,339.78160132747564,355.9012451171875,46498000
2026-08-03,365.2152604560987,376.4480305309448,363.1166033198653,373.27008056640625,38669700
2026-08-04,367.9834743668337,380.2755612380555,367.263935640354,377.40740966796875,35705700
2026-08-05,383.0937455186354,384.2330278418686,356.54080629618977,362.1971740722656,46926300
2026-08-06,360.5382517887205,363.8961093831237,356.65076635274994,357.52020263671875,25235900
2026-08-07,356.49084652154687,358.6694387836589,353.5527327193329,354.0723876953125,19859900
2026-08-10,354.951850943437,357.38028276908574,352.4834362714388,357.29034423828125,18991400
2026-08-11,355.6613923515014,356.5807842683805,343.1694223006263,343.5791320800781,29081800
2026-08-12,346.0875456512855,346.25744987105145,340.66104092628797,343.3193359375,25012000
2026-08-13,345.5478948342235,347.7065110877775,343.5392066313974,346.13751220703125,17866100
2026-08-14,346.5772111705174,350.22489088982945,344.27870083870846,345.67779541015625,17808600
2026-08-17,346.04755304110785,347.0269344906474,341.7103446182459,343.7790222167969,18291300
2026-08-18,342.19005363605754,344.6484648943574,339.97147845233087,343.9789123535156,19248800
2026-08-19,342.2400076559886,346.5072842825429,340.44117610948047,344.4985656738281,19733800
2026-08-20,342.83962071417653,343.6790774504127,338.3525147854226,340.451171875,18570400
2026-08-21,342.359928876986,345.97762917305914,340.1813365286692,344.5985107421875,20849800
2026-08-24,343.39927531721605,351.3741604480826,342.2699962782288,347.83642578125,26338200
2026-08-25,349.41542326154587,349.9350782600912,345.37800981753963,346.73712158203125,20649700
2026-08-26,346.3973312516375,346.65717399060424,339.96146577825954,341.7803039550781,20420300
2026-08-27,339.45183186724313,341.4705233735174,338.3025461528343,340.4311828613281,23391400
2026-08-28,340.49114263603377,348.91575095848634,340.0514228221321,346.36737060546875,25347200
2026-08-31,343.60912172254496,344.3686432833908,336.94342338566804,339.13201904296875,33493600
2026-09-01,335.7841605001305,336.9834018439635,332.8360433203593,334.8047790527344,23342700
2026-09-02,333.84541044728496,339.78159726283246,332.6062167342666,336.9034423828125,22582300
2026-09-03,340.34122971001256,344.4585782378343,339.841550898423,342.260009765625,20726900
2026-09-04,342.4700012207031,343.5299987792969,337.0899963378906,338.4599914550781,23189300
2026-09-08,335.4200134277344,339.67999267578125,333.2200012207031,338.3599853515625,22915800
2026-09-09,331.6499938964844,331.8500061035156,327.8999938964844,330.6499938964844,33151600
2026-09-10,328.2300109863281,333.2300109863281,327.739990234375,332.6000061035156,23557600
2026-09-11,335.0299987792969,342.9800109863281,335.0299987792969,338.5,24708300
2026-09-14,343.1199951171875,349.9100036621094,342.1400146484375,349.3900146484375,35905400
2026-09-15,346.79998779296875,348.07000732421875,342.70001220703125,344.9800109863281,21928600
2026-09-16,347.0799865722656,348.3999938964844,340.6400146484375,342.8699951171875,18928900
2026-09-17,348.67999267578125,349.5,343.8900146484375,347.3299865722656,19238400
2026-09-18,357.30999755859375,359.44000244140625,348.45001220703125,349.5400085449219,47631800
2026-09-21,350.6400146484375,357.6099853515625,349.1000061035156,354.9700012207031,30455400
2026-09-22,357.6499938964844,364.1700134277344,350.2200012207031,351.1600036621094,29788600
2026-09-23,349.8599853515625,350.0,337.45001220703125,337.8299865722656,35576200
2026-09-24,336.2200012207031,343.0899963378906,336.0199890136719,342.3599853515625,23777200
2026-09-25,342.3500061035156,347.0299987792969,341.1099853515625,343.9200134277344,21880800
2026-09-28,340.70001220703125,343.5899963378906,339.55999755859375,342.75,19318300
2026-09-29,341.95001220703125,342.8399963378906,338.0199890136719,340.9200134277344,21066900
2026-09-30,344.1499938964844,352.6000061035156,340.989990234375,344.0799865722656,37373700
2026-10-01,350.7900085449219,353.2200012207031,335.510009765625,338.239990234375,33269300
2026-10-02,341.32000732421875,345.7699890136719,341.1600036621094,343.5,23738200
