Date,open,high,low,close,volume
2016-10-03,391.34844107823096,393.04913444844055,387.79587236694107,392.3310546875,3656160
2016-10-04,393.0491983405324,397.3576314722726,392.4067325277214,396.5261535644531,5066586
2016-10-05,396.5260539249094,396.7717188389948,391.9153040951396,393.6159973144531,2307574
2016-10-06,394.9387924152444,394.9387924152444,387.739172051961,388.2872009277344,3721882
2016-10-07,389.25092773740363,390.7060024066822,381.7489890231975,382.6749267578125,6288558
2016-10-10,384.3566860744191,389.93118078395463,381.71116316141917,389.2508850097656,5413170
2016-10-13,386.01966989028443,399.851968848551,386.01966989028443,397.7166442871094,9778690
2016-10-14,397.9244326001751,409.186773441347,376.5145852271572,388.19268798828125,33461690
2016-10-17,391.1405697705103,393.72943998323456,384.48897809611503,386.3975524902344,8014858
2016-10-18,389.2698529164706,393.2381378248424,388.2494552508808,392.6901550292969,6388134
2016-10-19,393.80502959425746,395.2033591343127,391.5374382530237,393.7294616699219,3509836
2016-10-20,394.8442892093685,397.0929652000739,390.70595402168124,391.7830505371094,3535490
2016-10-21,395.354603777631,397.64651452416797,390.5797897223456,396.61517333984375,3863620
2016-10-24,396.30959953009284,398.29590369057655,391.7257776560098,392.3369445800781,2902974
2016-10-25,395.927606557259,396.84438023978555,387.79132755429816,388.5552978515625,5636014
2016-10-26,388.4789166025192,389.5675650076014,385.5376261403622,387.40936279296875,2775216
2016-10-27,388.8227087383395,388.8418033336826,382.4053393153963,383.3221130371094,7227790
2016-10-28,383.97153366852484,385.80505799410633,379.3686165999164,381.0302429199219,5840706
2016-11-01,384.5826019740468,384.5826019740468,376.7901197615338,377.9551696777344,6332798
2016-11-02,376.17893465239086,377.2102991204853,374.3454107727348,374.7464904785156,5377194
2016-11-03,374.74645842908546,375.1093489183359,368.6537917343614,369.322265625,5225108
2016-11-04,369.3796825153575,374.03990654402,367.0877713518703,370.9076232910156,6005548
2016-11-07,376.255399281758,376.6373844586938,372.43554751240003,373.5624084472656,4537672
2016-11-08,376.9810859950596,377.3057639883003,370.7547105193397,375.3385314941406,5261108
2016-11-09,355.24616122745954,372.28268823578503,344.1685927590764,366.05633544921875,12764158
2016-11-10,367.6607630498865,367.6607630498865,357.1561698198898,358.8369140625,7287330
2016-11-11,359.0660326154447,360.975958320846,350.9297537733397,352.0184020996094,7096782
2016-11-15,352.95424659763114,359.0469138506136,347.05257190233147,352.7823486328125,9235850
2016-11-16,355.2462336139519,365.5025268392539,354.69235041476685,359.4098815917969,12222616
2016-11-17,356.8696384425125,362.50391959533783,353.87106423953037,355.1697998046875,5706730
2016-11-18,355.2462745334791,356.4877265681391,350.471459015556,351.4264221191406,6040228
2016-11-21,354.06205658474755,354.06205658474755,346.4414479270043,348.02667236328125,7940568
2016-11-22,350.2422105658342,354.73053629881525,348.23678842982144,349.2108459472656,5483126
2016-11-23,352.22845266253785,352.53405939526317,348.5423104228718,351.52178955078125,8251786
2016-11-24,354.558619322955,359.0278502210703,352.6868827704335,355.36077880859375,16780644
2016-11-25,355.41813442864265,376.2554224506973,355.41813442864265,373.3905334472656,12631380
2016-11-28,374.0781019969569,375.66334990403817,370.75482609138766,374.25,7365712
2016-11-29,373.887050323585,376.1407719751198,369.4178195232245,371.51873779296875,6125506
2016-11-30,371.6716332327311,373.19957417099516,367.1069050167616,372.64569091796875,8500918
2016-12-01,372.8175372851867,375.70152074369884,369.37967065038475,372.66473388671875,4611590
2016-12-02,368.5392429739055,370.3727669062092,367.125893352195,368.4246520996094,4453228
2016-12-05,368.95952724614864,369.9908686715379,365.94183473204635,367.3360900878906,3659576
2016-12-06,367.3933854791178,374.15452863808684,367.3361016839696,369.188720703125,3562110
2016-12-07,369.76161856337745,371.67154427909736,366.78213910975893,369.15045166015625,3385980
2016-12-08,370.54476680347415,376.67562506725824,370.54476680347415,376.12176513671875,5941662
2016-12-09,376.25539652339893,385.09836263044406,374.9184484139249,377.9170227050781,8648384
2016-12-12,375.41501472583553,375.41501472583553,368.69208516149274,373.33319091796875,5345020
2016-12-13,374.53646882901575,379.253976474178,370.945798812749,378.2417297363281,4854282
2016-12-14,378.54730867165034,383.87600652927733,375.91160163662306,381.8896789550781,5382614
2016-12-15,380.99203211341717,389.2238081714595,377.7833472397667,379.06298828125,7966416
2016-12-16,383.4367291004321,385.69045104748534,381.1257233635881,383.9524230957031,6436742
2016-12-19,384.31530398535125,385.13658149883605,379.73148154251857,383.7614440917969,4124134
2016-12-20,382.74912311149217,389.2428707091921,382.48172884162335,386.62628173828125,7636498
2016-12-21,388.0968684098347,390.3887790500503,381.3166327658637,382.5771789550781,7343976
2016-12-22,382.94013958684894,384.6590728817525,370.3346287575562,376.14080810546875,7060054
2016-12-23,376.21719951041564,384.506258965209,371.90074848080246,377.5732421875,7306036
2016-12-26,377.4012958892458,379.6932065930266,372.4736785503084,375.3958740234375,3213828
2016-12-27,375.3959117428413,382.7109367998901,374.345452564726,381.5840759277344,4912816
2016-12-28,383.11207028942135,385.7286596470361,380.07528321290533,381.4122314453125,5476816
2016-12-29,383.41762870770054,385.04106574083403,377.45866915895016,379.06298828125,6240124
2016-12-30,381.22117616790285,386.56896821835437,379.21575414898354,386.0341796875,7267768
2017-01-02,386.22521689629815,386.93190348763545,381.73689090667324,382.4053649902344,2335222
2017-01-03,383.55127301127885,383.85687977749694,375.1094106712682,379.63592529296875,6778482
2017-01-04,380.0943372863515,383.5895109042428,379.02478347736263,381.1257019042969,7073586
2017-01-05,382.5962961525214,385.613987999575,377.68779656719147,380.5144958496094,8207074
2017-01-06,380.0370439770796,381.5458667033603,369.78072847023617,371.38507080078125,14393448
2017-01-09,371.38505233197895,373.1803871527238,368.6156600672252,370.6592712402344,10545692
2017-01-10,373.19946544635343,374.7274059394808,369.74250474355716,370.73565673828125,11939854
2017-01-11,372.12990075512994,373.75333748105066,368.21455335732117,370.1817626953125,12241574
2017-01-12,373.4096059589761,383.665921973365,373.4096059589761,382.0042724609375,11855740
2017-01-13,393.4447199929295,397.2645716433463,367.7371230485293,372.7411193847656,31276246
2017-01-16,368.6157111634968,368.787609163214,363.82180165531196,365.0441589355469,12351372
2017-01-17,365.27328643835153,368.23367124347277,363.8026529900035,364.9486083984375,5560094
2017-01-18,365.9799849025547,367.08775122999515,362.80951262975833,363.1914978027344,5952962
2017-01-19,363.2678950992864,366.55295822127255,362.16012878526647,365.97998046875,8876480
2017-01-20,362.88598044932087,364.0892432892539,361.35803947900797,362.389404296875,9124742
2017-01-23,360.97597644877135,365.9417835321936,359.0660506474551,363.9172668457031,7948580
2017-01-24,362.88587364834933,362.88587364834933,359.10421153399454,361.18603515625,6826010
2017-01-25,361.3961626078707,361.6635568916969,357.0797348187615,357.7673034667969,9978090
2017-01-27,356.7168336106515,361.9500349841946,344.22593748578385,359.8873291015625,10635138
2017-01-30,358.1110587849545,363.4588505961431,354.8068780900898,362.6375732421875,11369208
2017-01-31,359.6389510622392,359.6389510622392,345.44819608378987,354.7113342285156,24068534
2017-02-01,351.8465015138483,352.64868429288134,345.75385721042073,350.18487548828125,11531782
2017-02-02,350.2804097435559,360.97599477389343,347.6447026781269,357.49993896484375,11828268
2017-02-03,356.69773275251424,359.4098413392681,351.8274220306823,357.5762939453125,8423958
2017-02-06,358.01555716140615,360.4984604652729,355.45625216990067,357.2515869140625,6727934
2017-02-07,356.3920533101038,362.8093975170929,354.6922151667824,359.9254150390625,9268002
2017-02-08,357.53804188008877,360.6321117628587,356.1819994824432,357.7290344238281,6319962
2017-02-09,357.9201046578728,362.8859118729767,357.74820666829123,361.35797119140625,11907266
2017-02-10,361.45345270330023,371.28957043868724,360.3265918338172,369.876220703125,12252452
2017-02-13,371.6141904492359,376.6754929594063,367.7943394981638,376.00701904296875,13724268
2017-02-14,374.34539224124956,377.7832580883631,371.42319694539515,377.28668212890625,9338818
2017-02-15,377.85975023619324,381.5267986919273,370.06724312460153,375.0330505371094,7259486
2017-02-16,378.5473299274417,387.29480025762996,378.1844393276736,386.6072082519531,12815858
2017-02-17,387.23751453101795,387.23751453101795,379.1967303595186,382.0234069824219,4851208
2017-02-20,380.64815647547215,393.82664257522504,379.50220116245015,385.90045166015625,4650662
2017-02-21,390.4270190935955,391.3437927949128,382.00425105652187,387.1801452636719,7613996
2017-02-22,387.7150104563887,387.7150104563887,376.79024214766537,378.2226867675781,6607838
2017-02-23,381.5649587165705,389.62483569784445,379.44492257659675,385.3656921386719,9542656
2017-02-27,384.7736330063965,390.7708044631143,384.63994753106977,386.7217712402344,5328696
2017-02-28,386.5116607582594,390.6562135821881,385.51850870420145,386.7217712402344,5940132
2017-03-01,386.5689576685196,392.2987347090609,385.8431765842421,391.5920715332031,4282448
2017-03-02,391.30557360516957,392.68071073719534,388.28788177466834,390.8853759765625,2948498
2017-03-03,385.9004459703892,395.0872062459478,382.1379020739173,393.90301513671875,5401612
2017-03-06,389.64390991993446,395.7174592289691,389.51022445616985,394.9344177246094,5286386
2017-03-07,390.38883392984957,391.84039619099264,387.6003469218269,389.5484619140625,4644496
2017-03-08,388.440739779404,388.440739779404,383.6850196143382,384.96466064453125,6179176
2017-03-09,384.96458952766875,386.95091676428893,381.6031252196689,386.39703369140625,3480630
2017-03-10,387.7149841506296,392.54710633309594,387.10381714674475,390.3315734863281,4550324
2017-03-14,390.69438391325895,397.99031384038113,390.69438391325895,395.2782287597656,7878396
2017-03-15,395.3164917370161,395.3164917370161,384.850087959503,386.5499267578125,6373978
2017-03-16,387.0655373525507,394.09404993354434,387.0655373525507,393.0054016113281,6702956
2017-03-17,395.50744429694004,398.37233299916477,389.3383746323399,397.3791809082031,9507846
2017-03-20,392.12688919094427,392.12688919094427,387.7531310808619,390.1978454589844,4427388
2017-03-21,389.9686517889055,395.3355152078986,389.166468979374,394.5333557128906,4869584
2017-03-22,390.56076317130254,397.2454806987709,389.77769819271697,392.566162109375,3990852
2017-03-23,392.7762015323524,398.41048207949774,392.14591675550713,397.4364013671875,4501662
2017-03-24,396.5005541334008,398.7924648509349,392.5660887500167,393.9794616699219,4883896
2017-03-27,392.37511680508334,397.9712084268822,391.3437755796249,393.0054016113281,7684824
2017-03-28,394.01767118528664,396.88255973001725,393.4638113849235,395.41192626953125,4796796
2017-03-29,395.0872893712476,397.8375640089839,391.85948663061447,394.1513977050781,6981186
2017-03-30,394.9726427990538,395.698423905635,389.7203470171515,391.72576904296875,12157180
2017-03-31,390.86626856191197,393.17729715713955,385.04099556355465,390.4842834472656,14153854
2017-04-03,394.2659859860331,394.380553554793,384.31525407374596,385.34661865234375,4315600
2017-04-05,383.8950712556867,384.0478746397071,378.547279218294,380.4381103515625,7398338
2017-04-06,381.2784766246785,384.20064895549234,378.9292586890532,381.83233642578125,5379008
2017-04-07,382.3289573795464,382.3289573795464,373.9634730188913,374.9375305175781,6404508
2017-04-10,376.2171629122547,377.9742851800063,362.92406177022355,364.18463134765625,9528472
2017-04-11,365.1969316566312,371.17500913096995,365.1969316566312,369.4369812011719,8655466
2017-04-12,370.52553485218704,373.16124128158253,366.8393694322312,370.08624267578125,6696752
2017-04-13,370.52556091202274,378.16526319886856,353.96651553109285,355.78094482421875,30973188
2017-04-17,355.24618007304156,356.0483395409458,352.7632766639289,353.2980651855469,7213434
2017-04-18,353.24075810074396,356.77412064460106,351.08253273463293,352.4385986328125,4647518
2017-04-19,352.5723582657384,355.24625480729867,348.6188205622424,351.1208190917969,10071702
2017-04-20,351.9993950786036,355.13167867764014,350.872533969163,354.21490478515625,4549000
2017-04-21,357.0796861583849,357.0796861583849,351.8464853420235,352.83966064453125,3577466
2017-04-24,350.47144413641234,354.6732816137971,348.7525106229367,353.92840576171875,5556666
2017-04-25,353.68006415466994,356.392149427937,351.6364295877784,354.9978942871094,4737060
2017-04-26,355.2270908835997,357.3661983735719,347.6828842565136,349.22991943359375,9084496
2017-04-27,349.8984000312415,354.86420701858447,349.8984000312415,353.4317626953125,7797208
2017-04-28,354.0429373395136,354.253047829797,349.7456042759274,351.0252685546875,5029702
2017-05-02,352.9542220438667,353.8709955827755,349.5545454278095,352.41943359375,3231126
2017-05-03,353.90922304067703,358.7222263541694,350.528663965072,356.8887023925781,4659448
2017-05-04,357.9201268117381,358.9323969017439,354.82605606585685,358.1684265136719,5279806
2017-05-05,357.5380859375,358.05375654333164,351.42632378472223,355.81915283203125,4432788
2017-05-08,358.30204275081803,362.3319811060599,356.01013202959746,361.16693115234375,4707098
2017-05-09,363.115054297368,363.6307482102252,359.8681807009057,361.6062316894531,5649372
2017-05-10,361.7972446577419,362.88589301096545,357.97739315236333,360.4602966308594,3364302
2017-05-11,361.68260018934046,362.8285555450414,358.1301432495718,360.63214111328125,3229482
2017-05-12,364.0318298735457,368.99763657696235,363.4397575833504,368.32916259765625,10979996
2017-05-15,368.0426626318657,368.0426626318657,362.5420675853526,363.4779357910156,7297164
2017-05-16,364.070025796568,366.7630396717857,361.72083118597135,364.7958068847656,6130168
2017-05-17,363.49711845373747,366.11373114494415,360.53673306040884,363.95550537109375,2915508
2017-05-18,360.21198520407546,372.01533529638067,360.15467810755524,367.37420654296875,8057848
2017-05-19,367.27868040649497,367.73706719783155,362.0645743697677,365.9226379394531,4257396
2017-05-22,366.09459345798973,369.3414673781938,365.3879069101719,367.2596435546875,5503052
2017-05-23,368.48195151544746,369.37960721233696,364.4519898895904,365.6743469238281,4039982
2017-05-24,366.7058102234911,368.8067289278965,362.7331546202589,364.719482421875,5636286
2017-05-25,367.0877533233683,376.86656448151075,367.0877533233683,375.60601806640625,10438514
2017-05-26,377.01931511040306,381.9851216924043,374.574601005763,380.34259033203125,4988004
2017-05-29,378.509128432679,380.7246378386203,372.7029489686594,376.3127136230469,6308434
2017-05-30,375.10937613824404,381.9851080837516,373.8297353519718,380.5335693359375,3716910
2017-05-31,379.5213525773903,379.5213525773903,372.37822539383376,373.2185974121094,7763900
2017-06-01,375.93350720354334,379.96705481751076,371.7642249861363,376.74798583984375,5508606
2017-06-02,377.5236727944431,378.31874049669756,373.95553810054594,375.99169921875,3917966
2017-06-05,376.20493743379234,376.980617717161,371.18240286460366,371.84173583984375,5462698
2017-06-06,374.2658013034046,382.9922059970073,374.03310664699694,379.831298828125,7008686
2017-06-07,382.0226287860544,383.5352151606634,366.50901949525013,372.830810546875,12455046
2017-06-08,373.47066794392674,373.47066794392674,367.7306386002087,370.94970703125,6195352
2017-06-09,364.0073928461058,368.8166205024878,357.9764828371272,367.9051818847656,14757662
2017-06-12,365.86906903967525,374.3433922112818,364.6085883006575,373.8197937011719,8591676
2017-06-13,369.8056195613281,373.47071407531166,369.06871373476906,371.47332763671875,4937794
2017-06-14,372.3264939064806,373.06339956108957,368.9135057800474,371.78350830078125,7438110
2017-06-15,372.1907851210523,375.40985342154687,368.2929729304793,369.2625732421875,5528062
2017-06-16,368.09906273844933,369.9413033800932,363.0183664376163,364.66668701171875,10948450
2017-06-19,364.55037869738334,364.66672601597594,359.9156838530451,360.6331787109375,6855860
2017-06-20,362.63053521858905,367.24584240830643,362.2620823468244,365.9465637207031,5184396
2017-06-21,366.50896431033283,368.06032500582626,363.03779001978904,365.8690185546875,3735864
2017-06-22,367.55617963659745,375.7008242213253,362.6693786826277,364.62799072265625,9465242
2017-06-23,366.5089204183094,368.11846641588363,363.7940395263219,365.8302001953125,6403018
2017-06-27,366.50897731332986,367.67249787622933,358.2673733261254,359.5472412109375,6904660
2017-06-28,361.77729907211904,361.8548718390446,357.20078988613085,358.63580322265625,5905224
2017-06-29,360.7689514160156,367.65311482560395,359.37271252136145,360.7689514160156,15914040
2017-06-30,361.0016008709282,363.7940546387796,360.3034933469363,362.8438415527344,4216700
2017-07-03,364.9963960902597,370.387384240632,362.4754348362659,369.1850891113281,5088924
2017-07-04,369.94133854352907,376.20496678923814,368.2154687158704,373.1604309082031,5167726
2017-07-05,371.93870646166454,371.93870646166454,366.6640898533811,368.7972106933594,4226228
2017-07-06,366.5089875717727,371.16306995363647,366.1987201473592,367.28466796875,3829720
2017-07-07,366.062936075151,366.683494552129,361.8742669610626,362.78570556640625,5776886
2017-07-10,365.81091728857723,372.2490557718992,364.569823792353,371.1824951171875,1464376
2017-07-11,371.02737471800845,383.76791712134576,371.02737471800845,378.27996826171875,11539708
2017-07-12,378.1247621269218,380.6651103962078,375.7201484425128,377.1163635253906,6275976
2017-07-13,379.01687331923745,381.42148753387045,373.91676471090835,378.9393005371094,5170392
2017-07-14,387.62682921025004,390.4968320175973,374.67295918069414,377.0,22478180
2017-07-17,378.14419520954186,384.7374786131954,377.7563550093269,381.6541442871094,7698250
2017-07-18,382.4297818283516,389.70178476740256,380.50996831806526,382.2552490234375,8260180
2017-07-19,380.6457660377946,383.4382201902622,375.8559254022438,380.02520751953125,5890278
2017-07-20,379.8119158479587,380.0252232307263,375.0220986862719,375.99169921875,6809740
2017-07-21,377.36856656992126,381.07243625562825,376.7480316332182,380.1222229003906,5980754
2017-07-24,381.4408411557189,385.5131633032889,381.0917755028865,384.17510986328125,6129176
2017-07-25,383.96181121961126,387.45237313978953,382.4880231432469,385.4549865722656,7145614
2017-07-26,387.1033410393176,387.4524067303533,384.11699007510424,385.5325927734375,6870024
2017-07-27,386.2888306448344,389.3915521761182,374.9638923212711,376.6122131347656,12676852
2017-07-28,378.5320297649129,389.00371501455703,373.21861436682724,386.8124084472656,11098428
2017-07-31,384.69873969065225,396.25637399308505,382.70135300580336,392.1840515136719,19158248
2017-08-01,392.1064401119495,394.43348129955746,387.2002521393211,389.9927062988281,7689398
2017-08-02,390.1672352876913,392.7851565980213,382.8758443725572,385.26104736328125,4257584
2017-08-03,384.34958561843007,387.35534675722204,380.1803040388154,381.63470458984375,4640348
2017-08-04,383.1860402438056,383.57388036550986,378.5513460550633,381.5377197265625,5349018
2017-08-07,381.44083871602584,381.5377987665383,374.537287853916,375.5262756347656,6073744
2017-08-08,375.6232602272913,376.30198062522396,370.40680443451697,373.8197937011719,6004648
2017-08-09,375.2935410060516,377.71754201065875,374.09122230463555,375.9528503417969,3922410
2017-08-10,376.1662600285688,382.99223881618235,375.95292895804545,380.5682373046875,9140684
2017-08-11,378.5319678810605,386.6766106325997,376.04978157374296,383.0697021484375,6544156
2017-08-14,383.18603897232583,383.6514518512031,378.9779831345507,380.64569091796875,3816470
2017-08-16,380.85904915964943,382.4491843971626,375.8171269202651,378.22174072265625,6178080
2017-08-17,389.77937839741054,399.18450270202464,387.08388442933983,395.9266357421875,25784260
2017-08-18,394.78247201071906,394.78247201071906,342.9282426552001,358.0733947753906,164404960
2017-08-21,358.36432774047074,358.36432774047074,337.4209579374562,338.7396240234375,90407176
2017-08-22,347.19458224128493,347.9120772054914,333.54260126892325,339.5153503417969,49242598
2017-08-23,341.29935290291286,350.49116975524345,338.93353731177194,346.2637023925781,61284190
2017-08-24,352.93456675445276,356.13424826623765,349.9675798838614,353.7684326171875,42380524
2017-08-28,366.1017137414535,369.9801152352517,363.7940601182668,364.95758056640625,40712108
2017-08-29,365.1321243146483,365.3454316688253,358.96545628587916,359.7023620605469,13369392
2017-08-30,363.4838296181197,364.1819372234679,358.4031089425411,359.3921203613281,16149664
2017-08-31,360.2260089898766,360.2841944944406,354.0593633973432,354.85443115234375,15022452
2017-09-01,355.2422183781876,359.10123291195987,352.93456456779023,356.7935791015625,8433922
2017-09-04,357.2008301038784,357.2396046557644,346.5352244275954,349.1337585449219,10177108
2017-09-05,349.83180433018674,350.99532474370176,347.9895636754546,349.79302978515625,9783392
2017-09-06,349.0562074104969,349.1725547452559,345.1778051059358,347.3497009277344,7735910
2017-09-07,349.0561883209339,349.2501084255567,346.08920125145085,347.4078674316406,6241192
2017-09-08,348.6682959733707,348.6682959733707,342.1137879484991,342.967041015625,8604542
2017-09-11,345.3329317148849,345.8758938045921,338.83660821126557,340.7951965332031,13787642
2017-09-12,342.2883264333895,344.30509998774534,340.8339258420586,342.8700866699219,17241354
2017-09-13,343.4324739663908,344.2469288627742,341.6871931839529,342.7537536621094,11478228
2017-09-14,343.04460444514297,347.7374606788047,341.91985856837266,346.1085510253906,13698006
2017-09-15,346.06980349057443,354.19506036247594,346.03102893957976,352.255859375,13459460
2017-09-18,352.93454534883364,355.9403065866946,351.4995320234779,352.5854797363281,8475860
2017-09-19,352.15883886745513,355.2615599147455,350.41355827835434,353.8071594238281,6033330
2017-09-20,355.64942793000006,355.64942793000006,351.94555912377564,353.9817199707031,5767830
2017-09-21,354.87374335385823,354.97070339302593,352.2170477494165,352.760009765625,8204152
2017-09-22,352.2170599469965,353.03151483545685,344.4020710506846,348.3968200683594,17604088
2017-09-25,349.4440226787518,349.81247560574286,344.82871479725867,347.2527160644531,9088700
2017-09-26,347.89263438615103,352.31402181700344,346.8454611870664,351.34442138671875,7366478
2017-09-27,351.42199570302165,352.1201270004356,347.1557535036071,348.9786071777344,6000138
2017-09-28,347.54359632887645,350.5687688488231,346.8454886980762,347.50482177734375,17537266
2017-09-29,348.2804891927963,349.98699549055794,347.1169686275643,349.01739501953125,5705832
2017-10-03,352.97327031828536,353.71017598701087,349.67662942366957,350.43292236328125,4947522
2017-10-04,350.21972826463804,351.1505542869209,347.9508723841709,348.90106201171875,4991492
2017-10-05,349.0561060468704,350.97591936450465,348.66826592904056,350.239013671875,8611300
2017-10-06,350.6075563265957,357.5886802357536,350.58816905011463,356.8711853027344,8574308
2017-10-09,356.81291453400365,360.303475654445,354.48587378704275,358.32550048828125,3504832
2017-10-10,364.55036495728103,364.55036495728103,360.51681780426924,362.8050842285156,7143220
2017-10-11,362.8051316349715,363.7941194427891,359.91571731653335,360.962890625,5982504
2017-10-12,360.6913993874632,362.37849485132676,356.63846441265656,359.64422607421875,10280972
2017-10-13,361.77730625120324,362.0487991048877,359.741145356398,360.7301330566406,7180728
2017-10-16,362.9990075131991,365.34543577931555,361.85487429097816,364.1819152832031,5758750
2017-10-17,363.3286113542941,363.3286113542941,360.497383277561,360.8852233886719,5625102
2017-10-18,360.2647527922602,360.6913675216497,357.9570989861047,358.50006103515625,7231852
2017-10-19,360.6913611633098,361.46704150989757,358.8297330658763,359.5084533691406,1091434
2017-10-23,360.6912821007891,365.3453631601542,359.9543764643042,364.3757629394531,9154096
2017-10-24,366.8968690974096,367.14897472357916,357.4335577195873,359.333984375,14529328
2017-10-25,356.42509750257034,366.3925940822312,354.97069694148803,362.74688720703125,13984134
2017-10-26,365.3454441750097,369.14627314861036,364.60853837511684,367.4203796386719,33659258
2017-10-27,370.38738944048885,371.43456271045716,366.1211472584518,367.0325622558594,8524956
2017-10-30,370.25164503126007,370.25164503126007,364.97700427007015,366.159912109375,12968326
2017-10-31,363.7610718709923,365.7273479351598,361.79479580682477,362.5223083496094,9954988
2017-11-01,363.7610923110581,365.49142494571186,363.0925536111967,364.5672607421875,5633134
2017-11-02,362.9941545340121,364.1542620050243,361.79473114970017,362.9351806640625,4686138
2017-11-03,360.6150203257307,365.6880220337782,360.59536236610427,364.4099426269531,3699086
2017-11-06,363.0335334952638,367.69359783478,362.83690590283874,365.2160949707031,5066534
2017-11-07,364.2525964853715,377.52495830062793,364.0952848184567,375.75531005859375,13442820
2017-11-08,377.6233321004099,378.25253086327484,372.60932795119857,374.4969482421875,5369994
2017-11-09,374.7722082602659,378.7047602881806,372.90424604700644,375.3620910644531,4723232
2017-11-10,377.0530668879322,379.23562836600064,373.5924260575615,378.3311462402344,6589428
2017-11-13,378.33121295361815,381.2216534768712,373.3368664188455,374.3593444824219,5021216
2017-11-14,374.35928657692756,375.49971223762964,370.93796159003693,373.2384948730469,5733710
2017-11-15,371.6851299969396,374.96880103430163,371.4295045379107,374.3002624511719,7023516
2017-11-16,374.30029614531935,391.64286494023014,373.00255878029975,388.6934509277344,15687502
2017-11-17,387.5530356495723,387.5530356495723,379.55030118612757,381.8311767578125,8057670
2017-11-20,381.06428316398683,381.85079355235416,376.4435346323286,377.74127197265625,5661190
2017-11-21,378.03623101851997,382.0474389869522,377.54466200283935,379.98284912109375,5364656
2017-11-22,380.1204436761982,381.87043401059253,378.82270639534534,380.0024719238281,6084920
2017-11-23,382.0474488536166,391.0726610150738,381.06431079686513,389.8142395019531,11894618
2017-11-24,389.6765778048654,400.84501081183777,389.40129437108124,397.0107727050781,18619912
2017-11-27,395.88999431984814,395.88999431984814,390.6203653093758,392.76361083984375,6017730
2017-11-28,391.05298359112965,393.21588720833194,385.90132602872126,387.2384033203125,4616868
2017-11-29,388.39852241017263,390.08951503295077,385.5080821806115,386.451904296875,3838070
2017-11-30,389.10641737513487,389.10641737513487,380.80871708221696,383.8564453125,17266944
2017-12-01,385.1541413557958,386.64850627215264,376.3648734882379,377.0530700683594,4085000
2017-12-04,385.39011274423507,391.9967955908004,380.8873357081222,387.4940185546875,17811606
2017-12-05,387.49399371726986,394.4349574548956,384.9968328497934,387.1007385253906,9976738
2017-12-06,387.35633471648055,390.9349470910777,386.96307955433184,389.4405822753906,7490094
2017-12-07,388.92939282960833,394.3956497109815,387.5923155485495,393.1765441894531,7549544
2017-12-08,393.6485002110963,396.0080316808931,391.2889687412995,393.9827575683594,5983244
2017-12-11,391.2693257168141,395.96873087404515,390.87607045683484,395.3395080566406,5139098
2017-12-12,394.0416997865189,398.7607620594113,394.0416997865189,397.3843688964844,9320434
2017-12-13,397.5417038031191,400.7270614224976,392.3310722389895,394.72991943359375,5362398
2017-12-14,395.319786143495,399.1540243080303,392.9799129246591,398.4068298339844,6023572
2017-12-15,398.367475995564,403.6371047261751,397.9152229618391,402.2607116699219,10384134
2017-12-18,397.9349533724832,405.3281224576487,395.5360822095035,399.7832336425781,4035448
2017-12-19,400.1175084376923,400.3141360378875,393.0782307497471,394.8085632324219,7118898
2017-12-20,395.2607576984269,400.5697024387927,393.6484211189757,399.4882507324219,4186326
2017-12-21,399.07535257662414,404.63989898213254,392.62598201453466,401.92645263671875,11059162
2017-12-22,399.54729771074847,410.87306708399154,399.54729771074847,408.72979736328125,12906940
2017-12-26,405.0528464508433,409.5752811442265,402.3000601157405,407.25506591796875,10808906
2017-12-27,404.26639784641645,408.63152152959753,404.03045429688075,406.7242431640625,6970172
2017-12-28,405.05291406911596,408.98546663289375,402.6147266790945,406.33099365234375,8433472
2017-12-29,405.0921369047322,412.44603731196577,405.0528209890875,409.79156494140625,6601768
2018-01-01,408.0808841797726,410.7550386259718,405.0528384727151,406.44891357421875,5431340
2018-01-02,407.9040023033556,409.77196471448207,402.30011506997613,404.9349060058594,6112248
2018-01-03,404.4630037335253,405.6820853445986,400.5697673586619,401.6315612792969,6846552
2018-01-04,401.513529168781,401.513529168781,397.030410623139,399.3113098144531,8947614
2018-01-05,399.27198046085834,403.6371273713061,395.61471207810956,397.9742431640625,11025976
2018-01-08,403.04720242573586,408.59209029656233,401.13990059606544,407.4320068359375,5594690
2018-01-09,408.9853809851644,410.91234093883935,404.6202581544522,409.5162658691406,9948236
2018-01-10,411.65951299497425,415.2774411974341,406.2522546460493,413.802734375,9468634
2018-01-11,414.9825811881578,426.05272550643053,414.9825811881578,423.0639953613281,16775298
2018-01-12,426.99648196415524,427.0357978801231,420.99934063322485,424.10601806640625,18016528
2018-01-15,424.71562410767524,429.8082598429778,418.85611191486214,425.1678771972656,10649250
2018-01-16,425.20715333704703,446.2659869308199,425.20715333704703,441.5665588378906,22646966
2018-01-17,442.3531012411883,456.88390965522285,441.6255887235891,453.0693054199219,26154088
2018-01-18,450.277282006473,458.1030714431774,445.2042794466641,453.3053283691406,13204970
2018-01-19,450.27722836912267,451.41767811180114,446.73793137757497,449.66766357421875,5988278
2018-01-22,445.2239337740644,454.9766350153477,445.1649358865489,452.2435302734375,9650214
2018-01-23,454.2097653037192,467.1871871695398,454.2097653037192,462.90069580078125,15403796
2018-01-24,461.99624464759285,480.18429829660766,459.125462383239,466.3220520019531,20604718
2018-01-25,464.82771386528253,465.3782808261491,457.06092253800733,462.23223876953125,13548914
2018-01-29,458.7518065634599,470.4314651161567,458.22087371624605,465.1815185546875,10823002
2018-01-30,463.6085828204634,465.2602355224607,457.2378195310733,460.3642272949219,8628312
2018-01-31,455.8417162723359,458.77144793502487,449.15637872895195,452.34173583984375,9213698
2018-02-01,449.1761423670928,455.3502788014108,439.8756937974486,450.1199645996094,13005454
2018-02-02,446.4430083928212,457.3165253111643,444.41773431864317,449.58905029296875,10244486
2018-02-05,448.31096700240477,454.15079762950455,446.67894817946444,447.60308837890625,9860220
2018-02-06,432.56091750880796,443.72937167777394,430.67332187764094,435.6283264160156,10552078
2018-02-07,438.87281397786194,442.33347902476316,433.97680581953955,436.13970947265625,8342056
2018-02-08,441.54693006158055,450.82774259839414,439.08908521577285,446.0496826171875,8807244
2018-02-09,439.6593458048326,440.5638520330013,434.9402830591635,436.1790466308594,4382690
2018-02-12,438.40091665333665,440.68176801302224,431.7155782458428,433.6818542480469,6291972
2018-02-14,434.940247707936,439.3840506341715,428.7267963959087,431.6958923339844,8345712
2018-02-15,433.7605219312533,444.26041744879774,433.7605219312533,438.2632751464844,7986736
2018-02-16,442.4121246369165,448.9598336825004,439.6986540048525,443.611572265625,9889222
2018-02-19,443.7491331323372,446.73786275403137,440.56377593020557,445.0665283203125,6461840
2018-02-20,434.05542726678016,452.04685267783805,434.05542726678016,447.1114807128906,7188594
2018-02-21,451.26029369803786,452.9906259937837,448.31088001373695,451.2209777832031,13771358
2018-02-22,450.49357812362393,457.74911840152515,448.48793791236096,456.4710388183594,17859974
2018-02-23,457.55231396464694,458.53545172563673,450.9652909660154,454.46527099609375,9459828
2018-02-26,452.6368736190568,454.229576868029,446.0891629357708,447.760498046875,5083608
2018-02-27,450.2574624750706,453.6788110653432,442.6676669219697,452.3220520019531,6616026
2018-02-28,451.2996922501575,467.7770959845779,449.3137821419571,461.1310729980469,17268416
2018-03-01,459.95133823617545,459.95133823617545,454.6227583153903,456.4710388183594,6579852
2018-03-05,456.4709376375852,460.4231712898598,449.58897217675576,454.56365966796875,8101456
2018-03-06,457.1788091400888,458.29957675415466,449.7265949952322,452.7743225097656,6689734
2018-03-07,454.20980103210815,456.17607722705236,447.5441439331633,449.9233093261719,6370416
2018-03-08,451.8502609739008,458.45696806472984,451.8502609739008,454.8586730957031,6093014
2018-03-09,457.10006342456006,458.5354541641935,454.42595750331066,457.51300048828125,4220964
2018-03-12,462.4681903759488,468.7012767082034,460.796855504267,466.30242919921875,7676970
2018-03-13,464.1197044951752,470.72641015540813,462.1337948090826,465.53546142578125,8581052
2018-03-14,464.04118105090043,468.20967697463703,459.75468935379433,464.3558044433594,4429710
2018-03-15,464.041153954149,467.34450736291564,460.895112232426,465.0242919921875,6101500
2018-03-16,464.8276725861583,464.9849842759775,459.8136685036934,460.8558044433594,17954826
2018-03-19,457.7491071063604,464.237818676167,449.35311719123536,450.9654541015625,7526620
2018-03-20,451.692883203798,460.10855352739213,451.692883203798,457.96533203125,8553766
2018-03-21,460.10859578886175,462.27149944427947,457.0411859483548,459.1254577636719,7692994
2018-03-22,457.9457144261182,463.03835044259534,454.32778551921416,456.68731689453125,6813168
2018-03-23,451.06377679971905,461.603036819624,449.2351302657888,459.1648254394531,12008084
2018-03-26,458.8894460334152,458.8894460334152,449.88389346022234,454.3080139160156,8930722
2018-03-27,456.17609033964743,456.68734136694457,452.28285376079043,453.8165588378906,3802088
2018-03-28,452.5384713719352,452.5384713719352,442.9037179080096,445.0863037109375,12558322
2018-04-02,448.7041473096601,452.06649820263095,440.9570396912393,447.19012451171875,8072702
2018-04-03,446.2267277940366,449.70707527596574,443.63125265878887,448.4879455566406,4077168
2018-04-04,449.8839141898438,450.10022373511686,440.44579011593095,442.0974426269531,4813302
2018-04-05,448.1340482693404,452.75479754891757,444.02450202207507,451.28009033203125,7763544
2018-04-06,449.49059871751433,450.670364068479,441.27155717150595,443.1985168457031,5937742
2018-04-09,442.41211143467905,442.7267348047249,435.15657200906486,437.0048522949219,7202882
2018-04-10,437.29974444612435,442.2154340194846,434.70426995234635,437.8503112792969,8926058
2018-04-11,439.65934233933734,444.96828788636867,439.0694595007783,442.1171875,9025574
2018-04-12,444.16203718809436,461.1900054286431,442.4120708652513,457.1984558105469,17044366
2018-04-13,461.68159190656445,466.36133825682964,452.34178116739844,460.67877197265625,21227038
2018-04-16,433.36720689496934,448.31090368445103,433.36720689496934,445.6367492675781,24745084
2018-04-17,443.1986317698742,443.3559434584164,438.4795691423334,442.4907531738281,10397940
2018-04-18,441.5665630912429,446.246309268801,438.02726652070385,442.78564453125,10430380
2018-04-19,442.0188768539661,448.23232866646225,441.6649375473424,445.4991760253906,8525542
2018-04-20,447.9177103681408,469.4287524104194,447.11151793860904,463.4316101074219,24272692
2018-04-23,459.32204507505827,477.5690948228321,454.3080415864393,467.06915283203125,21830638
2018-04-24,466.0074686518785,470.4905880778422,452.28285090243884,454.01318359375,8526216
2018-04-25,453.02995806571437,460.5018063324232,450.3558036946638,456.3136291503906,11594178
2018-04-26,461.6815635791853,464.6899751915391,456.1759912707453,462.64501953125,11302084
2018-04-27,464.0412124305733,468.6029639009661,461.76031269298034,466.08612060546875,7663370
2018-04-30,464.70969335633595,475.03264330526895,464.2968041612524,471.70965576171875,5511678
2018-05-02,471.47360617227963,472.53537586914416,464.43432942758653,470.74609375,10295042
2018-05-03,470.824777418206,473.7545093892017,462.5074205277148,465.0439453125,5332230
2018-05-04,466.0073829075544,466.40063808300386,454.209727644072,461.32763671875,6023368
2018-05-07,464.5327201256385,467.97370323768024,462.27150265201107,465.2209167480469,4638960
2018-05-08,463.21530412129823,463.21530412129823,456.5889636817867,458.3586120605469,5718556
2018-05-09,459.1253917730424,462.8219998173958,457.35574358205423,460.3837890625,3783504
2018-05-10,462.4680934540213,465.2208797245809,457.29677821622766,459.3220520019531,3182862
2018-05-11,461.01310275900477,465.2995461523028,458.55525769184464,464.3360900878906,3311706
2018-05-14,465.7517832637036,468.56356752500784,460.1085807841034,467.69842529296875,4432094
2018-05-15,467.2264453891244,475.05223266393165,467.2264453891244,469.7629699707031,5611974
2018-05-16,466.8922097143332,471.1197028745177,465.8107579756813,467.9539794921875,6205004
2018-05-17,470.33315133034347,470.90335208614874,461.5045925662295,465.1815185546875,9519598
2018-05-18,465.2208066545243,466.6168815315178,461.2882554571065,465.2994384765625,7139660
2018-05-21,463.86422542043283,467.3445246025143,460.1086187746728,463.84454345703125,8475320
2018-05-22,462.07488068274716,471.1197506876009,461.642309544342,469.48773193359375,5636804
2018-05-23,469.93997716113853,474.91466518141664,464.6310318124562,465.9681091308594,9538442
2018-05-24,471.11962220787905,482.74032992084284,471.11962220787905,480.16448974609375,9740570
2018-05-25,483.74316985104224,491.038072378566,480.0859256119601,483.03533935546875,8901438
2018-05-28,484.097179938613,484.72637869500863,474.2657993549694,477.56915283203125,5739794
2018-05-29,477.4316057292763,482.3472968718092,474.3445132879287,478.47369384765625,3388934
2018-05-30,478.59156540649906,483.21231388104826,474.1084466472563,476.5072937011719,6323066
2018-05-31,476.50727575257395,488.42292674215776,475.9370749514464,484.4117431640625,19720340
2018-06-01,483.861208341777,490.09429366933267,478.67021089181645,480.0859680175781,4998356
2018-06-04,480.2039232121115,488.816221838215,476.6253104327567,487.4005126953125,4270156
2018-06-05,488.42291667312423,488.42291667312423,478.5915375130372,480.1055603027344,4710862
2018-06-06,481.8162601910929,488.2460212263906,479.79103427981073,486.6336364746094,4038184
2018-06-07,486.8499520958434,494.71505633002505,486.8499520958434,492.532470703125,6676226
2018-06-08,490.7824655867425,496.288038117363,490.0156371861763,495.5212097167969,6459878
2018-06-11,497.6841982022066,499.4341648535171,493.55501809908696,496.4454345703125,5171290
2018-06-12,497.76272101661823,499.92562440638034,491.7458978395496,494.91162109375,7839820
2018-06-13,498.17573556061956,504.9397061924348,498.17573556061956,501.32177734375,5766928
2018-06-14,504.8269012966414,504.8269012966414,497.2121840106222,499.4683837890625,7598848
2018-06-15,498.38077086509145,520.338533203125,497.57498142149393,516.2088623046875,19957760
2018-06-18,517.3166412730757,520.2376269811986,508.5939637704566,510.62860107421875,8214846
2018-06-19,508.85587136978205,509.01703904340593,498.8036709389048,500.2339172363281,7545700
2018-06-20,503.0138132696903,504.56494735096993,498.7834207672219,500.85833740234375,5371802
2018-06-21,501.9864648820019,506.2370222262851,497.97768362251367,502.2282409667969,5798790
2018-06-22,500.7979851966082,505.83416767042763,500.0727552477904,502.75201416015625,4343118
2018-06-25,506.4989502099156,515.2216280325985,505.2298223986968,512.6632080078125,7731178
2018-06-26,511.27313850292705,517.2762766006008,510.1651785889136,514.8387451171875,4483504
2018-06-27,517.2965383711235,521.1240373402541,509.90343177757103,511.6761779785156,6952142
2018-06-28,514.2144676115797,522.9572619484509,514.1943032062484,519.5729370117188,10996818
2018-06-29,522.9773113882401,529.806354613524,517.0144521352127,526.6637573242188,9966600
2018-07-02,529.4034494856438,539.8787079990583,529.4034494856438,537.7433471679688,4830144
2018-07-03,536.6153416962175,547.0906015718523,536.5548976683331,545.4185791015625,8127452
2018-07-04,544.7336833733119,544.9754103057913,539.4154449514084,541.9738159179688,5025722
2018-07-05,542.7392890275778,542.7997330520012,510.91061661257834,517.316650390625,17019902
2018-07-06,519.8348484911852,524.5084168315977,511.2733367450603,517.41748046875,11215356
2018-07-09,522.5542764365148,524.9716439450877,515.3223383126212,523.2996215820312,6644998
2018-07-10,527.1874453678145,529.987542428366,521.4663632259355,524.326904296875,5974488
2018-07-11,530.8337203755259,540.7247518148152,520.2778539280753,532.0020751953125,11899832
2018-07-12,534.2785372831679,534.6814318967863,517.497966789664,521.4866333007812,13272240
2018-07-13,529.8064195510418,536.4944603341751,523.0982143645385,530.7733764648438,19496158
2018-07-16,530.773345103922,557.7672827560634,518.8073462178975,536.998046875,35344680
2018-07-17,535.7289649982516,543.7062982727681,528.8797563501323,535.0037841796875,11161690
2018-07-18,539.7981983693784,541.248609075933,529.4034981397097,532.8482666015625,6919016
2018-07-19,533.0294661632429,536.6152373365366,527.4292223287124,530.4912109375,5118864
2018-07-20,534.2381908674092,550.8173119813748,532.3446060927276,543.1421508789062,11705738
2018-07-23,544.7738398895999,551.1597082519876,538.3678071284492,546.3048095703125,7675702
2018-07-24,553.7382314895253,556.9613876109062,546.3249625740574,554.84619140625,6172246
2018-07-25,555.591743503698,561.5546042233194,550.1325011157516,557.5054931640625,6936922
2018-07-26,555.410324253683,560.1846150298348,551.6432207121932,553.2749633789062,7362218
2018-07-27,553.2548061422392,559.6205600471839,551.2806620862378,553.3555297851562,6493232
2018-07-30,551.9656053567091,553.1742891640596,543.1019241028058,544.3106079101562,6409970
2018-07-31,543.323578393812,551.965648621167,538.0859481514215,549.991455078125,7943996
2018-08-01,549.4676508874627,551.3410713495545,544.310580562617,545.5394287109375,4675706
2018-08-02,547.775437839763,550.656143800566,543.9681038932414,545.3782348632812,5940742
2018-08-03,550.4345086510656,550.4345086510656,546.3250039575981,549.5884399414062,3970390
2018-08-06,550.374126762335,553.9800133585193,542.9004130913489,548.198486328125,6178930
2018-08-07,553.577119135168,555.9743220672798,548.1984866567196,551.1395874023438,7351528
2018-08-08,552.6907096244703,552.9727161094653,545.2371611741787,549.0444946289062,3992358
2018-08-09,553.4361588470902,559.8018638079582,553.4361588470902,555.974365234375,6409524
2018-08-10,558.3312379721441,559.6204807462038,553.1943329112988,558.190185546875,4779520
2018-08-13,560.0234249355314,568.0208719229582,555.4706968444052,567.5776977539062,9979746
2018-08-14,569.6727382378875,573.9434598800646,565.6639570750765,567.3964233398438,6151320
2018-08-16,570.0756467657172,578.1134228701965,568.5849565433801,575.9579467773438,6626774
2018-08-17,576.5018240784468,579.2213623034343,573.318947282539,576.2802124023438,6390408
2018-08-20,559.2175804883624,567.255306299023,553.375610087007,557.7067260742188,16101876
2018-08-21,560.0234080935192,562.4407753226998,553.4763718478215,557.5858764648438,8361482
2018-08-23,561.232197708478,564.6568019299583,558.1500440728514,563.0049438476562,7717182
2018-08-24,562.6423550314347,564.8179958861109,554.4232946812543,555.3096923828125,7053000
2018-08-27,557.2031050654176,572.0900374768307,556.5584836883293,570.2568969726562,7012950
2018-08-28,570.9820753786122,579.5234684318601,568.6855963623782,574.0037841796875,6496890
2018-08-29,577.5896657904779,577.5896657904779,566.1273345481783,568.1216430664062,5646496
2018-08-30,569.2094824407956,572.7348100166887,562.5012778458025,570.5792846679688,11507962
2018-08-31,574.1649549457745,585.929504117576,572.5533769097572,580.6112670898438,10875864
2018-09-03,583.7941343438154,591.4088502802437,576.1391387934134,577.8514404296875,10976328
2018-09-04,581.7797625760238,603.1331749143405,576.945027706971,593.9874877929688,15370124
2018-09-05,597.8552570282495,599.5473945348575,584.5194567142267,588.1455078125,8658978
2018-09-06,590.280858561791,592.657946497565,583.4719301015618,585.9296264648438,5598659
2018-09-07,591.7312631942992,592.3759338818768,583.2301972026557,590.4822998046875,6510605
2018-09-10,594.470914222908,601.9244634693491,587.7425948460037,588.9109497070312,5629871
2018-09-11,592.9802100194881,600.1114237815681,589.8376129011183,591.69091796875,6963561
2018-09-12,599.8295946349175,601.5217325488671,593.2623919478948,598.6209106445312,4636617
2018-09-14,597.8150005131052,600.3129272492063,587.460580245631,591.20751953125,7896514
2018-09-17,592.254904903453,596.2838498347691,583.8746797737332,584.9625244140625,5427054
2018-09-18,588.2260531429414,588.2260531429414,577.7507946623138,579.4429321289062,7729732
2018-09-19,585.8087071282617,585.8087071282617,574.68882678798,579.9667358398438,4849498
2018-09-21,575.2125462530424,578.0731369872121,557.6060735736288,568.3230590820312,14350769
2018-09-24,569.2900941704692,588.185861555663,569.2900941704692,578.7581176757812,8637881
2018-09-25,578.7580895954392,593.060847813774,577.7508531011902,585.1641235351562,9602273
2018-09-26,589.1929204561964,589.7166537918284,573.7217619821832,578.4356079101562,6599606
2018-09-27,581.7799323847004,588.8708690927052,578.1136005418408,584.0361328125,14592616
2018-09-28,580.973975471734,591.8924085864004,576.3004082515279,588.266357421875,7490031
2018-10-01,594.2695263446412,608.2902778930211,590.6434749974536,601.6425170898438,8252398
2018-10-03,599.3458345283332,605.9130343993181,585.2445273538495,587.0172729492188,7792464
2018-10-04,587.0174259165523,588.0246624057708,566.066906940807,569.8541259765625,6173037
2018-10-05,574.5276821313215,589.4347818780668,571.5462523456788,583.8748168945312,8543578
2018-10-08,584.2373898960903,587.1785398479993,571.5059316739437,575.696044921875,7259306
2018-10-09,577.8314419329602,582.1021642324112,566.187826808468,578.355224609375,6777212
2018-10-10,580.0877738568479,580.0877738568479,560.3459347437569,564.4151611328125,8866251
2018-10-11,551.9655265339553,558.3312800162022,534.4798934483389,542.5780639648438,10985897
2018-10-12,545.0357402556482,551.1999970602849,533.029463580273,546.9696044921875,8909221
2018-10-15,554.8663900373487,568.0813517942266,549.145306734419,563.08544921875,6222176
2018-10-16,572.1102423532452,575.2528394134042,555.5110071068485,560.224853515625,11588963
2018-10-17,572.1102814063898,581.6185832892453,565.1401857701907,568.3633422851562,20360697
2018-10-19,553.5771013197899,554.1411635155058,546.3249995557751,550.797119140625,10421001
2018-10-22,554.9470176236057,560.0637592396047,542.9407391793748,547.8963623046875,6672840
2018-10-23,544.6732243490736,549.5482392154977,526.4220791365574,529.886962890625,9041701
2018-10-24,534.238233801473,537.0584959708624,521.4664947926832,523.601806640625,7058164
2018-10-25,523.7647425186657,534.6391539111992,518.2664345684309,528.448486328125,8270469
2018-10-26,525.6382600547072,528.4077981779974,513.0940014021074,516.1078491210938,5464141
2018-10-29,516.1893224816548,529.9147088064004,514.3972713711559,525.1902465820312,7137446
2018-10-30,522.2170620922068,540.7076784323162,519.2439327441133,537.2864990234375,8793411
2018-10-31,540.7890108665231,564.4520829956576,540.0966016985504,559.11669921875,11947995
2018-11-01,561.804859203421,561.804859203421,537.2864504218718,543.0698852539062,5860244
2018-11-02,542.4589040582644,550.4823395465231,537.6936748428428,539.4450073242188,6654067
2018-11-05,540.4631629462715,544.617419067032,535.168497446421,542.4995727539062,5799426
2018-11-06,544.0473387313722,549.8307234916523,538.1417494790544,542.8662109375,6975525
2018-11-07,548.2016877146847,551.8672264884085,547.3871235427462,550.2380981445312,758956
2018-11-09,553.0889539971688,553.0889539971688,533.9467000664862,537.2049560546875,9694143
2018-11-12,542.4997138000743,550.9712006891774,539.4858165577751,541.0335083007812,7118080
2018-11-13,540.4633199988741,543.925217677842,534.5984481052125,542.25537109375,4137808
2018-11-14,542.2552305095264,542.2552305095264,521.7282090620387,532.0731811523438,7323026
2018-11-15,532.7249577802991,542.4997276478275,526.7786493876293,534.679931640625,5513390
2018-11-16,537.5308410711052,539.6486877323691,524.7421754335104,530.1589965820312,8583785
2018-11-19,536.7977484892699,539.2414408192666,528.8557484167807,530.8514404296875,6018930
2018-11-20,530.8513639265561,534.3539791513658,521.4023917820699,522.4613647460938,5384830
2018-11-21,521.3210094432462,521.3617277036998,498.59465180101137,504.2966003417969,14359086
2018-11-22,506.86244046183975,511.6683878676994,502.3823385373076,505.6405944824219,6632975
2018-11-26,505.84428217619273,511.5462306065202,488.61623238917116,506.2108459472656,15075209
2018-11-27,509.50974995744065,522.1354911634204,509.3468272242785,520.4249267578125,12285851
2018-11-28,522.0947181525065,544.698865360249,521.320872538925,542.8253784179688,17719890
2018-11-29,546.5725131000994,549.7493329885433,536.6348211003245,538.4675903320312,13399070
2018-11-30,538.4268985024097,547.3871040750671,538.3861802386713,543.6808471679688,10445773
2018-12-03,548.3239103507686,553.08909102729,542.4590381755517,546.0430908203125,8260890
2018-12-04,547.8350796199485,560.6237460292634,546.8168744873127,558.1800537109375,7827923
2018-12-05,556.3472890413145,556.8767756014527,547.7943658569312,555.0440063476562,5177288
2018-12-06,550.7268621780997,558.3430676440483,541.3186551597452,544.5361938476562,8039771
2018-12-07,547.3871044011372,558.5873613736308,542.1738739962112,556.1843872070312,5553948
2018-12-10,545.6765280739851,556.998939598886,541.8480667371141,545.1063232421875,5121196
2018-12-11,545.1062823124092,555.4512558826656,538.1010015222698,549.4234619140625,7120933
2018-12-12,551.5414748439125,554.4332179203135,546.2468068247871,552.681884765625,6926183
2018-12-13,555.5327365373633,570.1948908741266,553.903608277723,568.3621215820312,7521474
2018-12-14,568.1176337251358,581.3542978393418,565.6332236348,575.1228637695312,9560576
2018-12-17,579.8474663640096,579.8474663640096,564.289311091188,565.6333618164062,4778465
2018-12-18,559.1982993598615,559.1982993598615,549.4642476431806,551.1340942382812,8021298
2018-12-19,547.0204550621521,547.0204550621521,538.5082511505982,541.5628662109375,8295459
2018-12-20,537.6122530377354,547.0204575224874,534.6798424534375,543.3549194335938,11705260
2018-12-21,537.2049683201853,537.2049683201853,524.1312258124353,526.3712768554688,12802132
2018-12-24,535.1685506059503,536.6347558696816,527.5116290818493,528.6520385742188,8379825
2018-12-26,527.0229691393621,527.0229691393621,519.1624057406502,524.6199951171875,6178552
2018-12-27,531.7067016983813,540.2596245139049,528.6520864071229,535.0056762695312,15333902
2018-12-28,540.3411720606808,540.4633765842592,532.1548113414367,535.1279907226562,4736598
2018-12-31,537.6123013972368,539.2414295832891,534.1911222631178,536.7570190429688,3373319
2019-01-01,538.3861372454661,542.7440351755266,532.8471114590108,541.725830078125,2943390
2019-01-02,542.4997809193178,549.0162948042346,539.2822422452291,544.9841918945312,7416655
2019-01-03,547.3870394041824,551.4598596378444,540.1373995014463,545.0655517578125,6827249
2019-01-04,547.183436177335,548.9347688855626,530.2812310404839,538.4675903320312,7889310
2019-01-07,541.6852317913832,548.6904645262234,538.834256887218,547.142822265625,8046340
2019-01-08,549.7900288483215,551.8264390227971,544.576798914846,545.7986450195312,8621545
2019-01-09,558.9538725093123,561.8862832625952,540.8705402852809,550.7267456054688,18130292
2019-01-10,555.2068215102297,555.5326670081953,547.8350270014034,553.6591796875,9572493
2019-01-11,554.0664652358487,558.3836446676972,547.7943122378211,556.7545166015625,12281903
2019-01-14,575.8967491976039,578.5033639464326,566.8958269222942,571.7424926757812,19312937
2019-01-15,576.0596708446352,594.6317201044906,576.0596708446352,591.8621826171875,19671304
2019-01-16,594.5503747696445,600.9854015274058,593.409965107738,600.1708374023438,9658944
2019-01-17,599.3561653231668,601.9627799972801,593.8985767248444,597.3604736328125,6903771
2019-01-18,594.6317328531462,599.6820397057184,591.6178360445916,595.4055786132812,5902151
2019-01-21,601.3112545854243,611.7376655732226,597.8900752739619,606.8502807617188,8129422
2019-01-22,603.7956221123251,610.1084937094522,597.8900325537222,607.1353149414062,6723375
2019-01-23,604.6915640482205,604.8952050477271,593.9800773043954,595.9757690429688,7212099
2019-01-24,596.3443520371522,602.8966868486704,590.5291748880688,599.5386352539062,7429783
2019-01-25,596.2624664739103,604.3710007806147,593.19105953809,598.1871948242188,5543112
2019-01-28,598.7195641086289,600.0300110106767,588.8910623722355,596.2214965820312,7944693
2019-01-29,594.2148825238887,600.2348203314026,586.843505621456,596.1806030273438,6760819
2019-01-30,596.1806865245783,601.8320462803938,590.61116098154,594.5426025390625,5763026
2019-01-31,594.6243560691161,615.3461039340616,594.6243560691161,613.9127807617188,13825233
2019-02-01,615.3870546312231,624.5193909674094,609.7766381314575,620.0556030273438,6276585
2019-02-04,620.0147567160874,624.5194874452003,613.6262394983253,619.1138305664062,3945391
2019-02-05,611.8242645904229,622.4308665917667,611.8242645904229,618.2537231445312,4694366
2019-02-06,618.8270473717,628.1641442707773,617.8441871733214,625.1746215820312,5880482
2019-02-07,624.9698251095449,630.2117125386012,623.2907994455068,625.7479248046875,3961797
2019-02-08,622.4718876523211,632.5051516309277,618.2947936655327,623.2090454101562,5915169
2019-02-11,628.1232997876875,629.6385074191562,621.6528483006693,624.7651977539062,5500216
2019-02-12,622.7585095010937,622.7585095010937,606.910068202079,614.6500244140625,7310690
2019-02-14,615.1004150192755,616.7384986811111,603.8385898441556,606.1318969726562,4610535
2019-02-15,607.9747550028037,611.4147407694353,600.0300390630551,607.6881103515625,5586389
2019-02-18,608.0156109548535,612.3565721352987,602.8147159425182,606.9508666992188,5346825
2019-02-19,605.3539284257365,606.5415493360142,590.7749906739642,593.2321166992188,9401334
2019-02-20,595.4433634218713,608.5480316677446,594.6652637467041,606.6642456054688,5210675
2019-02-21,604.452949172599,604.452949172599,595.5253720680821,600.726318359375,7202786
2019-02-22,599.9481105676813,604.6166587640241,596.2624225164122,601.9547729492188,3750833
2019-02-25,602.4461888353666,620.833687330221,602.4461888353666,618.294677734375,6547552
2019-02-26,613.1346848978538,616.410852169529,606.2138215287165,608.1385498046875,8319610
2019-02-27,610.1861582642224,611.3328368128035,600.1528959303475,602.2005004882812,5936354
2019-02-28,605.026351277446,608.0568167550541,599.784462343726,601.4225463867188,8559921
2019-03-01,602.4051470182941,608.8755961938228,602.4051470182941,607.6470336914062,3998826
2019-03-05,606.5004545348496,608.1385381392652,598.10527606222,599.9481201171875,4826505
2019-03-06,602.8966506089977,602.8966506089977,595.4433902050448,599.9481201171875,6076668
2019-03-07,601.1768076034632,601.5863285895691,590.1606830791435,592.1264038085938,5951551
2019-03-08,592.126331852435,592.126331852435,582.0521268165346,583.4444580078125,7193994
2019-03-11,584.2225438673331,588.481571501881,581.0283106341827,582.5435180664062,9932198
2019-03-12,580.7006321254626,585.5739407993375,577.9158700288644,579.0216064453125,11997387
2019-03-13,581.5197490877465,588.5634894326691,578.4892840592191,580.250244140625,11348867
2019-03-14,584.79594189222,585.533099630242,578.407424793989,580.1683349609375,6415187
2019-03-15,583.1578682349019,592.7816111446774,581.1921475593172,588.5225830078125,14638664
2019-03-18,590.9796377297374,592.7405977059399,577.7111497423526,581.6835327148438,8065544
2019-03-19,583.8129627677025,595.0338449976608,579.3901672106522,591.5529174804688,8917337
2019-03-20,595.6481578318978,607.974727105565,595.5662736468282,605.23095703125,13471173
2019-03-22,610.1861432695822,611.2918297075571,599.7843023728237,608.6299438476562,8883260
2019-03-25,608.0566695201097,608.0566695201097,598.3509939212969,602.2005004882812,7644966
2019-03-26,602.2005534720806,602.2005534720806,588.9730068678833,596.0577392578125,9406261
2019-03-27,597.9006708681136,599.7844575042842,595.5664211218262,597.6549682617188,7387487
2019-03-28,597.9005461149236,610.1861737748193,597.9005461149236,604.2890625,9277241
2019-04-01,607.7290675919719,622.4718212532326,607.7290675919719,618.45849609375,6584982
2019-04-02,621.6527099721026,627.2221840686457,618.0489061500401,621.9803466796875,7283600
2019-04-03,619.1957373104522,621.2433422618756,611.6605410911428,616.9843139648438,6897127
2019-04-04,615.4281703983835,617.3938411773472,610.2681658765086,612.5615234375,7688525
2019-04-05,615.0184559173798,623.2498153173788,612.6432149009061,621.8983764648438,6276040
2019-04-08,624.969926052837,630.6622773857528,618.7042853691245,628.409912109375,4919911
2019-04-09,630.6622089976705,633.1193344872718,620.9975254033078,622.9631958007812,6730692
2019-04-10,625.7478986172582,627.9593213460419,615.3460583673061,616.4927368164062,7031088
2019-04-11,615.7148101759008,615.7148101759008,606.1320089852018,608.302490234375,8200995
2019-04-12,608.6300336903092,615.5509479457481,606.582428880437,612.4385986328125,7043212
2019-04-15,593.5595374475281,599.0061348267744,583.6491027587775,595.8528442382812,31574803
2019-04-16,596.1805752533975,596.1805752533975,584.877757870613,593.0681762695312,12524411
2019-04-18,591.7579178656855,591.7579178656855,583.772257382377,587.2941284179688,13801105
2019-04-22,587.2939012233514,594.4195747422713,585.614875564208,590.570068359375,6455426
2019-04-23,592.9044603414006,597.9005960105538,588.3997298235129,596.4263305664062,5516668
2019-04-24,596.4263753949793,604.3710925399192,592.9863891065114,603.1834716796875,8285120
2019-04-25,603.1834642051152,604.1663245596916,595.4844497496807,596.7130126953125,8005235
2019-04-26,598.7196484077267,605.9272073644963,597.081564554354,604.4529418945312,6895168
2019-04-30,604.4528960648468,617.393747527244,604.4528960648468,615.3870849609375,9920046
2019-05-02,611.8243367583901,612.9710154847346,597.4911026308508,598.5558471679688,6351352
2019-05-03,592.085341099609,598.7195597269849,588.2358346162913,592.6586303710938,6348116
2019-05-06,585.6148960439806,591.1843703719243,582.0520841550958,588.399658203125,8858265
2019-05-07,590.0379559219923,596.1807717457623,588.6455743371985,593.4369506835938,5747536
2019-05-08,590.529173422661,594.6243826696974,586.8434851003282,589.177734375,6247642
2019-05-09,589.0139189639698,598.1462048614294,586.270098993344,590.570068359375,7396525
2019-05-10,590.3653522409337,594.6243798356219,585.6149195350821,587.130126953125,8352335
2019-05-13,586.8844147369002,594.992948870051,583.2396685863355,589.4644165039062,6808993
2019-05-14,586.8433931546572,587.8671953060086,576.2777349565742,584.6729125976562,10513001
2019-05-15,585.5329979459187,593.9691184176818,583.6491618293123,586.5158081054688,6668929
2019-05-16,589.7101466891902,603.6338584860183,588.9729890096893,600.4395751953125,6468556
2019-05-17,600.4805561055279,602.650987027489,589.7920199034324,592.9044189453125,8155948
2019-05-20,589.4644193300267,594.9520096289493,578.2435361794663,591.6758422851562,11213708
2019-05-21,591.8805261516688,591.8805261516688,579.6358422907001,580.9462890625,8645535
2019-05-22,581.5197629213081,588.2768587580698,579.0626371624857,581.3150024414062,5795713
2019-05-23,585.6149758971854,587.0073571666198,571.2408001232341,574.1893310546875,7233736
2019-05-24,576.4416558761096,582.953048715469,573.6978856183721,580.864501953125,7016424
2019-05-27,579.3902726615264,584.6321109413592,577.8340730215291,579.9635620117188,10247544
2019-05-28,583.157686984615,600.7261413447893,581.3557852571006,596.34423828125,23860490
2019-05-29,594.2149074472032,600.890119029415,592.6996999054012,596.0986938476562,10293077
2019-05-30,595.4434521395088,603.8386314853548,591.7987057425107,600.8081665039062,15089296
2019-05-31,603.2244274898206,608.5072583396358,600.5215989125811,604.2482299804688,8290306
2019-06-03,597.7367944335415,615.0186092640191,597.0815708833176,609.8995971679688,7744761
2019-06-04,603.8385354675024,605.6404373313267,600.480484259276,602.2413940429688,11733702
2019-06-06,603.2242180803795,609.8994279982462,600.8899692081795,602.487060546875,7563925
2019-06-07,602.6918739799049,609.3261423939055,602.6918739799049,605.353759765625,3218358
2019-06-10,606.1728898393411,617.639476432635,606.1728898393411,617.1480712890625,4435148
2019-06-11,618.3765619186238,621.6527291340867,614.690873801228,618.294677734375,5733127
2019-06-12,619.9736783316638,619.9736783316638,610.186119173695,617.3936767578125,8738342
2019-06-13,614.6527402577572,620.6331554374073,614.6527402577572,616.8538818359375,4808577
2019-06-14,617.8505388304515,619.2210685162378,613.1991332422704,615.0264892578125,5556353
2019-06-17,617.1445059168786,618.3904234927539,612.8253148478746,615.1094970703125,3085588
2019-06-18,614.8188980928701,624.9938931988295,614.8188980928701,623.08349609375,6202838
2019-06-19,625.0353340698572,627.4441283933845,621.7959280067022,624.5369873046875,4596253
2019-06-20,612.8253177437448,628.6900320361004,611.2471858914216,627.02880859375,7148684
2019-06-21,627.111865186994,627.111865186994,620.5915832911402,623.1249389648438,13200318
2019-06-24,624.5370048979119,624.5370048979119,616.8538460899207,619.2210693359375,4758178
2019-06-25,617.9751881189896,623.7064299003147,612.4100788393664,621.3806762695312,3677911
2019-06-26,617.1445347485475,624.1632142265122,612.9914759682746,613.9882202148438,5447130
2019-06-27,616.3140444524427,618.5567067750658,604.8100896425549,606.8035278320312,11122346
2019-06-28,610.9150150069773,614.2374624033442,605.1007320633352,608.0078735351562,5919494
2019-07-01,610.4997880503461,612.5763179416738,606.2221161955988,607.426513671875,3224968
2019-07-02,609.6690393396326,616.023239660404,606.4296331571768,614.6527099609375,4837606
2019-07-03,615.4834597895326,617.3108162332071,606.3467282676907,607.426513671875,5958379
2019-07-04,605.5158819085323,611.662428286071,605.1836169759314,609.5028076171875,3274064
2019-07-05,610.4997355426586,611.662612460398,592.6415800131795,596.3793334960938,4926289
2019-07-08,595.0918848721274,602.1520857727191,591.6448253302872,596.0470581054688,7177092
2019-07-09,596.3793250936299,597.9159367807902,588.9453386874891,594.3027954101562,5022638
2019-07-10,588.9037999139508,600.28319236471,586.8272702950723,595.75634765625,7573816
2019-07-11,597.5836330068375,600.9476004512626,589.4020768605993,599.286376953125,6252688
2019-07-12,600.1170554356268,606.8449910726279,597.7082608168605,603.6471557617188,7874441
2019-07-15,633.7567977432616,649.2477279536022,626.4474241078071,647.3372802734375,31064152
2019-07-16,645.3854782594765,654.356077084395,644.5548663183446,651.90576171875,9924322
2019-07-17,651.1165400274348,660.3363097337909,645.1776460197763,659.6303100585938,6754348
2019-07-18,655.3941503431944,663.2434410307003,653.026927281866,658.4259033203125,6534471
2019-07-19,655.1035577163394,659.9210961708561,648.9154894694542,652.362548828125,6812754
2019-07-22,652.819420703429,657.8446124648974,649.5800140755597,651.531982421875,7107151
2019-07-23,653.691436822683,667.8118363474424,652.4870396650913,656.2247924804688,10782564
2019-07-24,654.5222189163345,659.2982376457367,650.8675060447885,653.1101684570312,5745146
2019-07-25,654.7298182973027,664.6556404615401,654.2314714449542,659.921142578125,9773568
2019-07-26,658.0937610019704,660.3364231444071,649.7046015651606,653.6915283203125,4941763
2019-07-29,655.7679313373975,661.9559985868507,653.0269228909963,657.3876342773438,6244316
2019-07-30,657.7614241010374,662.6620027026415,654.9788444940831,658.4259033203125,8673253
2019-07-31,656.8893342491592,664.3233201399,649.2061749529819,659.215087890625,7350584
2019-08-01,653.2346424255967,654.8543455307068,634.9196628746307,638.6158447265625,10066407
2019-08-02,635.459589252547,647.7942057118562,633.1338861988615,644.2225341796875,10838336
2019-08-05,641.7306914846573,652.7778695858208,638.4498152525094,645.13623046875,9976238
2019-08-06,646.8805978778655,650.9506168458519,639.405090081057,643.2674560546875,9331718
2019-08-07,646.9635710510368,650.7428447171175,641.5230230377148,644.6378173828125,5130457
2019-08-08,650.1198285698702,658.4674665399663,648.9154313899069,655.14501953125,8009009
2019-08-09,657.8444290823004,661.7898344334885,651.8640150422499,656.05859375,4362520
2019-08-13,651.3243403242242,652.8609520574535,631.389654765218,635.21044921875,7517099
2019-08-14,643.8072178466534,646.4236654250881,637.9098940526408,643.5580444335938,5940968
2019-08-16,647.8773090505001,647.9188295079282,633.3416001935979,643.3504638671875,5128088
2019-08-19,644.2226199531179,650.369168774426,642.3537430313523,645.9254150390625,3881451
2019-08-20,652.1964805634127,662.8283028507865,651.0751240692448,658.4675903320312,8435344
2019-08-21,658.6751972352819,667.6042746252937,658.6751972352819,664.0326538085938,5926896
2019-08-22,664.4064265229881,665.5692526730729,658.1352666169197,660.9178466796875,5222488
2019-08-23,661.5406941827032,672.7539520577561,661.0007763027058,666.3167114257812,6895015
2019-08-26,661.0838238575743,670.1374603061216,653.6083191054563,666.6073608398438,5412074
2019-08-27,657.0139891189174,660.2949161444673,648.7909113279466,651.7396240234375,16061642
2019-08-28,654.0238806971045,668.6426309841073,653.1101771188349,666.5661010742188,5881134
2019-08-29,660.7517518817881,672.5464507410447,660.7517518817881,670.2622680664062,7830413
2019-08-30,672.7955823400858,678.9005590123404,666.1506876996899,676.8656005859375,8174186
2019-09-03,676.948642467186,683.095190297031,674.4983274256996,676.32568359375,5647088
2019-09-04,673.4185734672525,683.1367424836058,673.0032675323359,682.1815185546875,6199015
2019-09-05,689.4907411771493,695.6372879402418,686.6251714138903,692.7716674804688,7926895
2019-09-06,700.4548363781516,703.5281098070486,693.6022898540571,697.8384399414062,6106841
2019-09-09,695.0559382304439,697.963079505891,687.3727791453338,688.6602172851562,4377870
2019-09-11,683.0121096152328,688.2034336435265,676.2426535002521,681.1847534179688,7981036
2019-09-12,678.1115112304688,680.9770814569157,673.5015750647467,678.1115112304688,4400017
2019-09-13,679.5234324786877,690.2798644652065,679.0250857219021,688.8262939453125,4832021
2019-09-16,691.1105164266216,696.0111461718949,681.5584810254942,687.4973754882812,4846496
2019-09-17,690.6538810282543,693.561023041001,681.5586694490686,690.4462280273438,5540901
2019-09-18,689.3247742734939,691.85813020201,684.4241442243464,689.283203125,3199389
2019-09-19,685.1302366632541,686.9160726082597,677.1148618808455,681.6832275390625,6601607
2019-09-20,683.510488990699,693.5608717639994,666.1506816224282,668.6425170898438,22462366
2019-09-23,670.2206856484727,670.2206856484727,616.2309183302906,634.8781127929688,17279260
2019-09-24,635.4180391346006,663.3681470169731,635.4180391346006,659.5473022460938,13717998
2019-09-25,654.2729825732683,665.3201103460766,649.2477908803714,658.384521484375,9313576
2019-09-26,654.3144921002154,661.9976517979965,646.2990673801368,649.9953002929688,18442824
2019-09-27,653.7330369795699,659.7134523526664,647.9602745659801,649.70458984375,5087642
2019-09-30,652.1134395543996,671.1344740097744,651.3243987374797,669.1825561523438,8178091
2019-10-01,670.3036964207963,670.7605227536503,657.4707344726928,659.1319580078125,5881438
2019-10-03,658.3013262012441,662.7035582960015,651.3242179840394,652.528564453125,5497672
2019-10-04,656.1833900838353,662.4960201402085,653.733074880293,659.0490112304688,8201713
2019-10-07,660.2117414949626,666.1506358965884,652.943888547213,655.8095092773438,3679845
2019-10-09,660.7101443192862,661.0839297560707,646.880438033894,650.908935546875,6335025
2019-10-10,652.3625517149693,660.0872315964925,645.0531270520215,650.4105834960938,10402917
2019-10-11,649.1231670070367,684.2580384600514,645.0531486243522,676.7825317382812,20636344
2019-10-14,653.4838266342182,661.9975974928145,647.8771970444108,652.9439086914062,15150858
2019-10-15,642.1460456706589,644.5133200259127,635.4181094957851,638.1591186523438,13762133
2019-10-16,635.62583024861,644.5133887494457,632.5525557226064,640.775634765625,10767032
2019-10-17,637.0794147890523,640.0280772996819,635.5012316837123,639.1559448242188,9860495
2019-10-18,634.421310522096,642.7274288863458,631.2649956829857,637.7852783203125,10037200
2019-10-22,574.0358037405917,574.0358037405917,530.2210306006513,534.5402221679688,90152532
2019-10-23,529.8722802251152,552.286739279614,517.3403597303704,547.1982421875,60516887
2019-10-24,546.6936639289946,549.3850891568092,531.5544547740378,534.3720092773438,25666433
2019-10-25,544.1703633892095,548.7962320115289,534.9186261445707,536.13818359375,16549337
2019-10-27,547.6188416582735,548.7963562899278,542.9509288946952,545.7264404296875,2945281
2019-10-29,547.53470941113,549.8476440514997,544.1704408433197,547.2403564453125,16709764
2019-10-30,555.4407753889147,564.6925141887414,551.908283034775,555.6089477539062,22879467
2019-10-31,562.1692466354746,584.9201004709493,560.2347513187437,576.6355590820312,27405901
2019-11-01,580.3363499256558,583.700618620877,574.11243230563,578.5701293945312,9713519
2019-11-04,573.4395533756042,616.0816667177445,570.3696891818358,596.3165893554688,29381982
2019-11-05,596.1061921005547,596.1061921005547,581.5977874250915,585.4666748046875,12897805
2019-11-06,585.2144945072711,606.8299298571256,582.0184497035772,599.0921020507812,21372589
2019-11-07,603.0450565081651,609.2268786037793,598.9238075546509,605.65234375,13733737
2019-11-08,607.250505545007,609.1429067049463,593.3728970387845,595.6017456054688,8585630
2019-11-11,587.8217026484983,594.8025479568312,587.0647218715367,592.4475708007812,6951494
2019-11-13,585.8031954931361,588.7469301438554,578.4438588663379,581.4716796875,9973690
2019-11-14,585.6770293556489,596.9893916309301,585.6770293556489,593.20458984375,10539902
2019-11-15,596.358563988633,599.6387459209823,590.681361568176,592.027099609375,7362623
2019-11-18,592.9523207423371,597.1576563504387,588.1582278821685,593.1205444335938,7490916
2019-11-19,597.0737020811224,600.5220575077312,592.9524517408271,599.5548095703125,6495885
2019-11-20,599.5126844977053,601.3630425879865,592.952370663679,599.680908203125,6142171
2019-11-21,601.783514269519,606.7878738165402,597.5781787400324,599.89111328125,9692973
2019-11-22,598.6296193605766,598.8398861745424,576.2151564579559,583.02783203125,14415826
2019-11-25,583.1539176502212,593.0785515939518,583.0277883720895,587.1489868164062,7334511
2019-11-26,592.9523296499538,594.8447307020281,576.9720540991038,580.8409423828125,27253106
2019-11-27,583.9108845926299,586.7705335134103,580.4204352923832,585.1724853515625,3861635
2019-11-28,587.9899829794509,591.5645181173876,583.742604435423,590.3029174804688,4837683
2019-11-29,589.5038365482031,590.6812994589544,581.6398298881824,585.6769409179688,4262379
2019-12-02,591.3543684859007,592.111349551867,580.588717851892,582.6072998046875,9383736
2019-12-03,582.6072540962515,588.4947244395534,579.1168047159983,587.3592529296875,5239013
2019-12-04,586.2237444632668,597.5781498438323,583.1538291413242,596.1903686523438,7427886
2019-12-05,594.1718230081459,602.1199168342883,591.9429748095303,601.2367553710938,4814422
2019-12-06,602.1620814866246,605.5683934327501,596.8212738826318,601.4471435546875,5226096
2019-12-09,602.2040981586572,607.5448541936557,600.7322306003085,603.2554321289062,6435865
2019-12-10,599.6808533083139,604.3067224432308,597.1576519619956,600.9844970703125,4457939
2019-12-11,602.7086571917863,607.839197250365,599.6808361964681,606.451416015625,6043554
2019-12-12,604.3067044091881,606.157062274868,588.3684727803156,590.51318359375,11112042
2019-12-13,589.0413422834619,599.5967758026204,589.0413422834619,598.2510375976562,10302412
2019-12-16,599.092087278873,605.736537927313,597.3258668962052,600.5219116210938,5616324
2019-12-17,605.3161338110555,615.0304506622737,601.3631073142232,613.726806640625,10525565
2019-12-18,614.8199933319228,620.1187053057453,607.8811903976023,616.03955078125,12215295
2019-12-19,616.9226959259063,618.9833205146085,609.4371784680606,614.69384765625,7199210
2019-12-20,614.8200771501741,618.1843456981916,612.5071425234122,615.2826538085938,7794167
2019-12-23,615.7873635134639,620.1188287399051,615.3668299185862,619.0254516601562,4975608
2019-12-24,619.8244009431841,619.8244009431841,612.5491500960696,616.838623046875,2890759
2019-12-26,615.6610080936158,617.8057185516016,611.077182944021,613.0957641601562,3821806
2019-12-27,613.768768983159,620.2870395684547,613.011787994226,619.824462890625,3399094
2019-12-30,619.1094644406946,620.6654693580556,611.6660412277519,616.4180908203125,5368416
2019-12-31,613.7266704707096,620.4972503293636,610.1521353112385,614.9462280273438,6927885
2020-01-01,618.1843417505002,622.3896774086668,616.1237170110657,619.7402954101562,2112415
2020-01-02,621.4644989125743,623.0624955971197,614.7359621321849,617.9320068359375,5658200
2020-01-03,617.2592642182839,629.1182916963388,617.2592642182839,627.4361572265625,7882938
2020-01-06,627.5202226022485,633.9964503630143,619.4459979490006,621.4224853515625,6519403
2020-01-07,620.7075876951653,624.5764762444932,609.857800384513,612.2128295898438,7899363
2020-01-08,609.7315850691181,613.1378964491256,595.7277977645024,604.0543823242188,8639443
2020-01-09,606.9981736921635,615.240621512479,600.7742562352731,611.9183959960938,13521186
2020-01-10,622.7681231962308,624.8287477877989,614.3994955700625,620.8336791992188,9341405
2020-01-13,639.2110333069456,653.9297084159871,635.0056975615051,650.6074829101562,36952038
2020-01-14,647.579625512934,653.4670952274895,645.2666909822158,652.3737182617188,11414418
2020-01-15,650.8598090964978,650.8598090964978,641.0193642733277,645.5610961914062,6047430
2020-01-16,648.2104694964037,649.7243801151758,639.4213074207928,645.0985107421875,5740586
2020-01-17,648.2104877981894,650.0608458665614,641.1034598393667,645.8134155273438,3762957
2020-01-20,648.967384890237,651.3224139506946,641.6921849277924,646.3180541992188,3887680
2020-01-21,646.3179576366163,648.0421347496158,639.8417313572618,641.3135986328125,4448374
2020-01-22,646.3180495074183,654.3502303716543,644.2574247618087,647.7899169921875,9733935
2020-01-23,653.5933028182379,660.658287856233,653.2569067378898,659.6910400390625,12528017
2020-01-24,652.4578666382421,661.4993388475377,650.6495516625163,658.3453369140625,7540490
2020-01-27,655.2333502280002,660.0694863204792,651.3224187974897,654.434326171875,3741610
2020-01-28,656.8733598174657,657.5462031841498,649.3037564392874,654.3501586914062,5121009
2020-01-29,661.5833959122372,666.7980224796606,659.6069086547881,664.1907348632812,6832757
2020-01-30,664.1907593716351,664.1907593716351,654.3502631422793,656.6211547851562,3859680
2020-01-31,656.4949871864937,660.1957033693199,648.9674255427001,652.6260986328125,6092028
2020-02-03,657.7144960957066,665.242057181126,642.9958213109562,645.4349365234375,6416745
2020-02-04,647.7057633307895,664.3589332396054,647.7057633307895,662.6347045898438,5771311
2020-02-05,656.8734746753693,661.0788106207942,651.3224517612754,659.8592529296875,6310409
2020-02-06,659.6908901967885,661.7515146427088,647.6215991108578,648.7570190429688,7341622
2020-02-07,652.6261154386838,655.0651795602332,648.4628224594617,653.7615356445312,2853344
2020-02-10,650.986014881937,654.3502836926963,647.4114792705051,650.3131713867188,3827682
2020-02-11,655.1913091396193,655.2753953206621,646.9488613454889,650.6074829101562,4312817
2020-02-12,652.4999851615826,658.7659466607194,651.9112277990049,656.9155883789062,2948825
2020-02-13,660.2376519080102,667.8072555604587,657.8826743719583,666.3353881835938,4387430
2020-02-14,668.2278557324347,672.1808816342858,659.9012703505496,661.457275390625,5321680
2020-02-17,664.695416391184,667.3447986787821,658.8079458273388,663.9805297851562,2929629
2020-02-18,660.2376778467144,672.0546604125798,659.102257788104,670.877197265625,5083346
2020-02-19,672.8536872683541,676.9328422135535,669.6155994322401,673.232177734375,3985192
2020-02-20,675.5872979828225,677.984319215839,667.6812449546632,670.3306274414062,4564569
2020-02-24,672.9376939711464,682.6099645833293,666.2512523113189,669.3631591796875,6627536
2020-02-25,672.0126764144537,677.9001466709008,668.9848551021477,671.508056640625,6996695
2020-02-26,667.7652996223086,674.073303489259,656.4529357539774,658.3453369140625,8760569
2020-02-27,654.3502406645673,656.6631753198726,649.4720614766744,654.2240600585938,5223386
2020-02-28,630.8003312931837,636.5195773633094,607.2924953467252,615.4088134765625,14123957
2020-03-02,619.866454614692,644.1733144136376,617.1329865312487,623.2727661132812,9821523
2020-03-03,635.0057595290015,638.3700284536584,623.4410851004932,628.2772216796875,7826587
2020-03-04,634.080573675277,640.472663771301,627.0576318534781,638.1597290039062,11013444
2020-03-05,642.3650972154347,650.6075458063879,632.2722904506751,634.6693115234375,7755293
2020-03-06,623.2307080135826,625.7539092606012,613.221989199878,621.5065307617188,9216022
2020-03-09,609.3531944446008,610.4886146457234,586.2238461392502,592.4898071289062,10308654
2020-03-11,580.8830285510021,585.3406740322644,562.7159479085041,576.9720458984375,16165009
2020-03-12,561.8328524429679,563.5149867317193,527.769633095752,530.881591796875,13965574
2020-03-13,497.9116376996316,560.9916593676593,479.4081646770102,540.2593383789062,16903113
2020-03-16,523.1437605776648,523.2699411824093,487.8189407315845,490.46832275390625,19140152
2020-03-17,494.63155815562135,497.91174049341305,462.5869210665155,466.7502136230469,16059887
2020-03-18,477.72611264076613,486.1367836379627,444.0834286519798,449.38214111328125,15390183
2020-03-19,428.31336425218194,469.3153799758813,428.31336425218194,458.8440856933594,16583991
2020-03-20,462.16636880043916,519.3168881847324,460.9047681576718,492.1924743652344,21354894
2020-03-23,454.1761714906409,471.79653507744024,433.9064777042724,442.77972412109375,17146150
2020-03-24,439.037031100093,505.607513341951,439.037031100093,496.0613708496094,20027097
2020-03-25,502.11706128918286,534.0776112539885,475.79167119036754,509.8548889160156,18339548
2020-03-26,517.2563899916772,547.4086321914688,514.817274285489,540.8062744140625,14843813
2020-03-27,559.3515729533858,567.6361133319842,540.1752564818408,548.9644165039062,13495283
2020-03-30,525.7510634950928,558.0480631150446,522.3867948402923,527.0968017578125,14624804
2020-03-31,546.6935643161171,556.7863685804145,532.9841821240443,539.5444946289062,15175521
2020-04-01,533.5308639671249,536.1802457151102,499.59382894866735,506.9952087402344,13083824
2020-04-03,507.5840534689633,509.6867214617925,489.62728934406925,492.6130676269531,10221655
2020-04-07,517.2563422117995,541.8575584877266,515.4901215771391,537.4419555664062,15145605
2020-04-08,529.8722697251504,551.4456612406818,526.8023542952592,531.2179565429688,11806896
2020-04-09,544.002215336272,549.0486181711811,531.6385181238118,535.1289672851562,11931114
2020-04-13,529.0312674456261,548.1235031036816,526.5501089450446,536.0962524414062,8330276
2020-04-15,547.8711577762954,549.4691545480491,534.5822558420756,537.4839477539062,11963447
2020-04-16,521.419576034334,533.9935398591708,507.5840115180687,524.69970703125,17783287
2020-04-17,541.6471957318588,543.3293298800944,526.5079883977386,528.8209228515625,8878320
2020-04-20,538.2829940430695,555.9454047851077,537.4419268648772,549.4691772460938,13322913
2020-04-21,528.0218771208939,543.7498410261695,528.0218771208939,532.5636596679688,11660575
2020-04-22,532.5638486209972,542.4884329412033,528.2323312969759,539.8390502929688,8266728
2020-04-23,544.2124980318446,574.995587025574,536.6849366494273,571.3369140625,14451289
2020-04-24,562.2953662550512,567.7202589968417,550.730694312523,553.422119140625,7319940
2020-04-27,555.9874274603991,572.7667273161079,555.9874274603991,558.9732055664062,7183306
2020-04-28,566.0381694663669,569.4024379327346,549.2588702234253,555.6930541992188,7296571
2020-04-29,560.1507984730159,573.6078747126079,553.4222603532199,569.0240478515625,8639056
2020-04-30,588.7470280016161,605.5683716588051,587.1489798203163,601.7835693359375,16253821
2020-05-04,580.168113799409,589.7562999093207,563.8093473522927,566.626953125,9122740
2020-05-05,573.3975334622045,576.6356214781432,563.5149943816311,566.626953125,6393053
2020-05-06,569.3183892829877,573.1452346488045,558.5106453215642,560.066650390625,7934250
2020-05-07,559.7722589411038,567.1736399581171,557.1649711817623,559.2676391601562,4779548
2020-05-08,565.4074549933629,572.6827071905893,562.253452827167,567.0475463867188,8400321
2020-05-11,574.028359717549,587.5274779099074,570.243557345785,574.3648071289062,7370186
2020-05-12,570.6640780980144,581.1774177829448,568.1408765736312,578.35986328125,7356039
2020-05-13,584.3733839805082,588.6628567943463,575.0796032191812,583.8267211914062,8287101
2020-05-14,554.2632874684809,564.9868943201093,548.8804368286982,553.5484008789062,16888262
2020-05-15,559.1414525725928,559.1414525725928,543.9181571055639,548.6281127929688,9255353
2020-05-18,554.9780976739177,563.9775257855467,549.2168086529995,558.3844604492188,10435442
2020-05-19,558.4685751093036,567.552089859209,550.8989709286053,562.3374633789062,5902208
2020-05-20,562.253303469209,566.0381050632426,554.8098808681391,563.1364135742188,5794636
2020-05-21,560.5713238735805,571.4631550619894,559.6461704295631,565.3654174804688,7213225
2020-05-22,567.720311047897,585.2565401219556,566.4587103566795,582.3128051757812,11867731
2020-05-26,582.8595410224328,588.2844344633843,571.0846007997575,572.3882446289062,7099606
2020-05-27,577.0140285152447,596.4847508898008,567.7202480547613,593.3307495117188,8774636
2020-05-28,594.6343778564392,597.1575788940195,580.3362386434837,594.9708251953125,9440091
2020-05-29,590.3673360247687,597.4432084902894,575.4056904787728,589.0885620117188,28290128
2020-06-01,595.6954391455794,602.4303350491153,589.5146993476467,596.37744140625,12276438
2020-06-02,597.1874640887264,606.693038399021,594.6725314563955,603.6665649414062,7059304
2020-06-03,605.8831226646595,606.9061522562504,593.3511272429256,598.0825805664062,11378568
2020-06-04,598.4662578856301,604.8175127670321,594.6299357196965,603.3682250976562,10782424
2020-06-05,602.7287881465396,606.7356235946554,597.2726651490909,599.78759765625,7718679
2020-06-08,603.2830232478441,618.7561588393119,600.1713187506001,614.5361938476562,10719105
2020-06-09,613.811439805436,621.995571522799,609.5914757500856,611.765380859375,10078029
2020-06-10,609.5489417815735,613.3426483993511,604.6043593738111,610.2735595703125,7263049
2020-06-11,606.9913439239739,608.1848870428197,596.9742817173634,600.1286010742188,8825715
2020-06-12,576.1301990284367,592.6264118888807,575.8744546810099,589.9835815429688,9795316
2020-06-15,590.793561263612,600.5122640371706,584.1865625626119,586.1473388671875,7857344
2020-06-16,598.4661820238586,606.9913413119477,596.0365324401304,597.7841796875,10131760
2020-06-17,596.6758682751924,605.5420019552621,595.0560673358314,599.872802734375,7291916
2020-06-18,603.7518543454688,610.9129576764952,601.8763086992066,608.6112060546875,6670195
2020-06-19,604.4337438301982,606.9060606338522,597.6136169604639,601.4925537109375,22438862
2020-06-22,602.8140505610636,604.1781073987241,596.7612076963795,599.91552734375,7804096
2020-06-23,593.0953775196116,617.6478273297574,590.0262887724396,614.3656616210938,12157390
2020-06-24,611.1687598919627,619.6086373298346,604.7748896965528,608.8243408203125,10220838
2020-06-25,600.8958626332601,601.5352496128797,591.2198271550594,597.1874389648438,14945284
2020-06-26,605.4566964033277,640.7508172534754,605.2861828465436,637.852294921875,26030458
2020-06-29,626.9403176456741,634.8687064238363,622.4219409995899,623.82861328125,8954428
2020-06-30,624.7237941663637,629.9667890492381,617.4347918422964,627.4092407226562,10411290
2020-07-01,628.5173602441739,632.8225552213215,622.1234908622394,623.9564208984375,5477468
2020-07-02,628.6026771769775,652.5584089646596,626.9403125365895,645.0136108398438,17263756
2020-07-03,643.6495449731943,651.3221885556562,641.5182550891772,650.2139282226562,7796572
2020-07-06,652.3451730350218,660.6998183964434,649.1908538179248,651.3221435546875,8810958
2020-07-07,655.9257444851785,679.4125467730032,652.6435270990934,677.0255126953125,19362533
2020-07-08,669.1397645634188,669.1397645634188,658.3128020027929,660.444091796875,8476642
2020-07-09,664.9624556105299,673.4876152978444,660.6998757668727,666.4117431640625,6854166
2020-07-10,659.4211240508266,673.4024072228784,659.4211240508266,666.5396118164062,5206452
2020-07-13,671.7825440752249,686.5736744543672,670.1201276267259,679.497802734375,10804688
2020-07-14,676.0025080790534,687.4688575912256,666.1132922029575,667.7330932617188,8961822
2020-07-15,681.1603549507006,723.3172859485203,677.5797769710528,708.3982543945312,30060599
2020-07-16,767.349644464732,814.5790525199815,762.3624465892135,776.64208984375,90432109
2020-07-17,776.6419971737915,784.229409617077,760.5720930182047,769.9497680664062,31682878
2020-07-20,774.5107148612932,805.6275460032164,773.0188119983243,796.505615234375,18421053
2020-07-21,805.6276173282375,809.6344529216389,792.1578749795978,798.5943603515625,12877784
2020-07-22,800.4698644662415,800.5124798572022,775.7895172205048,782.5244140625,14354201
2020-07-23,780.6062533635381,780.7340995364518,767.8185140654958,774.0418701171875,13051307
2020-07-24,770.0349721831532,789.2165795721606,770.0349721831532,786.7442626953125,18209580
2020-07-27,785.6360267839249,812.277148982619,783.1637618639511,808.5687255859375,16827870
2020-07-28,806.4800976004691,824.851806119034,802.3880314019972,820.844970703125,15818463
2020-07-29,812.6609373858569,818.4154208134515,804.4341365611746,813.42822265625,11152710
2020-07-30,820.1203015642635,829.1996167764545,817.3496248697896,819.6514282226562,12492320
2020-07-31,826.3011335447954,840.9644191611527,812.7034929291409,823.5304565429688,12704346
2020-08-03,818.4153618002468,823.0189690237522,807.7162963834019,815.7725830078125,8479792
2020-08-04,818.7989685101674,827.5372571462865,801.8338800032506,809.7622680664062,11133170
2020-08-05,811.5952436899812,819.2252724065713,799.915763915064,805.3718872070312,9614176
2020-08-06,812.8739689845713,830.6915733865991,803.4962934115978,827.6651000976562,10976491
2020-08-07,826.4716318133721,826.4716318133721,809.0376695187394,810.657470703125,8010948
2020-08-10,808.9523932066882,815.6872378870407,805.8833046142795,811.041015625,5716319
2020-08-11,809.8048840626453,820.120305764603,806.5652819765306,808.5687255859375,6802442
2020-08-12,808.1851112313698,817.3922729779498,803.2405291853771,814.110107421875,6908726
2020-08-13,813.9822447126891,825.6617240082926,808.398275468109,810.9132080078125,5097703
2020-08-14,814.8773894961097,820.9728996474734,811.6378391357582,812.959228515625,4663873
2020-08-17,813.3855432662033,829.0292440186709,813.3855432662033,816.2841186523438,9008210
2020-08-18,821.7402154117917,826.2585399271599,817.307121685347,824.8518676757812,6141761
2020-08-19,827.7078205185552,828.2619247087329,816.241469699841,817.818603515625,6622744
2020-08-20,817.4775744970283,823.1041590171701,810.9984219838175,814.2806396484375,5656501
2020-08-21,821.0153549014003,821.3563820447923,806.9488437881835,808.8670043945312,6513773
2020-08-24,807.3327398393604,811.5953203031374,800.6831247225589,807.6737670898438,5798574
2020-08-25,807.7589104759129,808.7393246898694,795.9089172555522,799.7452392578125,6233918
2020-08-26,802.4305663302522,813.5132726912543,800.0009169029468,810.5720825195312,5153601
2020-08-27,818.4152745596017,819.2251750817397,805.7980494834962,807.3751831054688,6154280
2020-08-28,811.1263207194082,812.0214520709077,795.4400062387288,797.3155517578125,7593610
2020-08-31,797.31555322856,810.3164216452781,779.7110778050032,791.6463012695312,12808355
2020-09-01,789.64287549189,797.1023898352681,777.5797543403642,779.3274536132812,6907773
2020-09-02,780.0521483978669,789.7708517158751,778.7733743840998,787.7247924804688,5678118
2020-09-03,789.8560300980209,809.3786662262877,787.7247402164828,797.5712890625,8827948
2020-09-04,780.0521257419142,792.4136075159664,779.5832523571739,783.590087890625,8650342
2020-09-07,783.3769917778524,790.7512241325386,778.3897418395961,788.6199340820312,6700385
2020-09-08,792.7972459130488,811.5952128631155,789.0461547881181,800.7682495117188,12891964
2020-09-09,797.1023096584689,806.4799838897451,789.4296671056067,790.9215698242188,5528947
2020-09-10,797.3582635433515,803.0701315737617,788.4068448793129,801.40771484375,5171884
2020-09-11,797.0170824659814,813.4280124443884,793.6922498647732,806.2242431640625,6671903
2020-09-14,815.857701751941,844.885857222634,808.4408031475081,834.1015625,21871587
2020-09-15,835.0393887824163,847.4008702906807,828.3471592620098,837.5543212890625,11608203
2020-09-16,840.5808070739487,857.3327679066014,837.1707429478881,854.0079345703125,10059251
2020-09-17,848.2534207458194,870.4188367653081,848.2534207458194,861.8936767578125,15628241
2020-09-18,861.8936222694053,868.5432362481778,851.748661688465,854.348876953125,12897633
2020-09-21,853.3685193738115,878.9439994749248,852.9422613721263,860.9559326171875,14140637
2020-09-22,860.1886861720689,871.6976527363136,845.0139110347917,858.909912109375,12625762
2020-09-23,869.6941766111281,884.0590497105984,859.4213176757776,869.3531494140625,13486204
2020-09-24,855.0734864764644,860.1885821084272,826.9404605006685,831.5440673828125,14427432
2020-09-25,831.885067766525,865.2184731991076,831.2030654016025,862.2772827148438,13311078
2020-09-28,865.1331187915175,866.2840464684381,851.2371201265356,861.382080078125,8554526
2020-09-29,867.8613038077226,876.3864639630048,856.0113103785012,860.1886596679688,8708463
2020-09-30,860.188581289324,872.9337049668505,856.7785175379292,859.5491943359375,8048817
2020-10-01,870.0777466044478,875.1076114583554,862.5330013570299,867.5628662109375,5563358
2020-10-05,867.9040420176624,899.319292855473,867.9040420176624,894.0336303710938,14212509
2020-10-06,899.404314218639,903.666893906879,879.2422914798864,900.043701171875,9090819
2020-10-07,890.7939246516647,913.8970857638473,882.7802540190894,909.2509155273438,9284008
2020-10-08,929.2423392141828,958.227880070405,927.878334575502,932.3966064453125,21482613
2020-10-09,933.5900774075617,949.1059281662157,927.9208262470318,943.5645751953125,10567867
2020-10-12,957.375426332274,971.8681977015069,948.0829815233288,965.13330078125,14633537
2020-10-13,968.0744297648869,994.0761635839289,968.0744297648869,987.0429077148438,17523825
2020-10-14,990.6235060612152,993.0958230601151,964.2807431331294,969.3106079101562,16649573
2020-10-15,1005.9688643324922,1011.0839602528268,931.3737154942777,944.8008422851562,44288251
2020-10-16,949.5748674584532,968.4154490877811,935.1247637728168,961.2117309570312,18365685
2020-10-19,967.6056530512211,971.015717026732,950.8111295985873,959.8477783203125,12902123
2020-10-20,953.8801618783683,975.8750119768656,946.2927487551511,969.7369384765625,10448776
2020-10-21,972.8484390149954,984.1016060989872,967.6054459613897,978.9865112304688,19811433
2020-10-22,973.5732433736274,987.2134989725573,958.0574942566011,962.533203125,11271335
2020-10-23,976.2769499712903,978.000298514929,965.2044566153816,967.2293701171875,9069862
2020-10-26,967.0138459886165,973.3471301581686,950.555890230411,958.5693969726562,6309368
2020-10-27,952.7530542944182,956.1997508535874,928.1523207142468,939.9572143554688,10172479
2020-10-28,943.9641837521251,951.9346709266639,922.0346151674694,927.635498046875,7608392
2020-10-29,921.9915547352799,932.3316469379187,913.4609576311316,926.170654296875,6935616
2020-10-30,923.7147698060699,933.7101697856597,906.7828502367421,913.8916625976562,8800386
2020-11-02,917.6829423850463,930.5649284694773,905.7056510202381,923.9732055664062,7183119
2020-11-03,923.7146779620905,930.0910876342429,911.2204029336852,915.5718994140625,7204782
2020-11-04,920.2679557018483,961.6283132614819,919.2339888367889,942.6283569335938,15702690
2020-11-05,956.3722289660541,967.6601401066434,946.9799590179886,951.288330078125,9568890
2020-11-06,954.7351718714896,966.0230847257787,940.6898380091849,958.828125,8807127
2020-11-09,973.0886777262612,987.4785942243576,966.0660122364769,979.3358154296875,10160320
2020-11-10,959.7757464994585,959.7757464994585,928.884748758151,940.129638671875,15622869
2020-11-11,944.3950019139754,970.5467950267223,936.6399334676015,967.2293701171875,12514800
2020-11-12,972.0546596155181,984.0319522251034,959.6896556836331,963.1363525390625,9180976
2020-11-13,965.075041430288,976.2768053040325,962.4900189978855,968.6940307617188,6363212
2020-11-14,979.7234749476104,982.0069324037593,974.6395766000105,976.6644897460938,1136144
2020-11-17,986.4016527481302,986.6170713226549,958.7419288161421,968.2633666992188,12813968
2020-11-18,972.3993836414027,976.018373389613,949.0910532843459,956.932373046875,9839468
2020-11-19,947.8415787233588,960.5081468378191,942.4992409899427,945.0411376953125,10092343
2020-11-20,953.0116069414402,955.5966293834152,940.1726411093314,950.7281494140625,8063554
2020-11-23,952.1499371201602,986.4446104134439,949.5217888849451,982.1792602539062,10546363
2020-11-24,986.6169909596982,995.1475868529994,976.5784651675503,982.3517456054688,8515426
2020-11-25,979.7235042106132,985.3243861608058,957.5353949463887,961.3267822265625,8958701
2020-11-26,965.0321220292701,965.0321220292701,946.376956967069,959.2158203125,10962256
2020-11-27,963.3516251997514,965.9366474498403,940.0864249489524,947.8414916992188,25306145
2020-12-01,952.1932015231857,982.5240939885103,952.1932015231857,980.4560546875,8933802
2020-12-02,977.1386548170694,988.7281320617266,965.9368889329231,983.084228515625,6741637
2020-12-03,988.340444953867,988.340444953867,967.4017169057504,970.6329956054688,16212632
2020-12-04,969.3834922189254,979.723582802594,960.7667500658683,977.6986694335938,10564055
2020-12-07,988.5988669750417,993.5103679168261,978.8619062909926,985.324462890625,7792141
2020-12-08,986.6168101307302,1005.5736396703599,986.6168101307302,993.811767578125,12308330
2020-12-09,1006.4785790255509,1016.3447064204707,996.9570371585288,1012.6394653320312,10039346
2020-12-10,997.3017249409595,1009.5805821041114,990.925314921022,1006.2200317382812,9488782
2020-12-11,999.283578622774,1009.8390881110338,995.4491703111808,1002.2994384765625,10574009
2020-12-14,1007.6418062519265,1010.399121551592,989.3742505409245,1003.4627075195312,6728187
2020-12-15,996.095403036618,1002.7302524880982,992.6487061402976,994.8890380859375,6905926
2020-12-16,999.5421729542776,1007.2110951458104,994.0274364803186,1004.4536743164062,7788404
2020-12-17,1004.6261253773964,1007.2111483750988,996.2678212405788,998.8528442382812,6658153
2020-12-18,1019.2316361756897,1029.7010021297153,1012.9844962046099,1025.2203369140625,15995676
2020-12-21,1023.6690303078187,1042.410445635424,992.6918824494629,1014.4491577148438,10858352
2020-12-22,1018.4990020339384,1054.5600497238047,1013.415102729625,1051.6734619140625,10901851
2020-12-23,1066.752587290426,1084.7184721056449,1060.333157009501,1079.7208251953125,15878346
2020-12-24,1077.0065537760643,1077.0065537760643,1056.4125203121318,1065.0723876953125,7313885
2020-12-28,1067.1404376231014,1075.3694688214343,1065.0293777750744,1068.734619140625,4607051
2020-12-29,1064.1677813079634,1080.9273046967264,1064.1677813079634,1077.3514404296875,6878105
2020-12-30,1079.6776645800098,1079.9362088880785,1066.8818250271804,1074.3353271484375,5194690
2020-12-31,1071.0611035863476,1084.3309082075723,1067.614406551476,1082.090576171875,7430470
2021-01-01,1083.8997182944406,1090.4484194922798,1082.0902239770498,1086.096923828125,4253550
2021-01-04,1093.4645299158258,1111.5596876212885,1086.7004086676557,1110.0517578125,7208454
2021-01-05,1104.6663089535523,1119.3147701487244,1098.677715421226,1114.8341064453125,8145280
2021-01-06,1120.1764302130741,1121.8997785672482,1092.6459823290795,1104.75244140625,7161715
2021-01-07,1116.7297849912563,1118.151568485968,1081.8319792102795,1087.5621337890625,10954918
2021-01-08,1101.4348924983926,1134.6524703484326,1101.4348924983926,1130.6025390625,13186251
2021-01-11,1156.452988712158,1191.997051488517,1154.6434938259667,1185.8360595703125,20528626
2021-01-12,1187.3870506780231,1187.3870506780231,1171.8769150378166,1182.0015869140625,8309868
2021-01-13,1183.81093271307,1200.13971990124,1171.8767675510776,1195.271240234375,14442997
2021-01-14,1171.8768597797336,1192.5570396581995,1136.074256291206,1180.9244384765625,27521697
2021-01-15,1171.8769303937345,1175.7113385699836,1154.6434461232384,1158.90869140625,15018441
2021-01-18,1152.919971634621,1154.643319873238,1125.3463998167526,1130.5595703125,8861765
2021-01-19,1137.4099028583078,1146.8883187154604,1130.5165095076513,1134.5233154296875,5585744
2021-01-20,1137.8839961542835,1161.8816034699987,1137.8839961542835,1154.1695556640625,8225838
2021-01-21,1163.2600510513976,1172.7815920617124,1150.3349393730487,1154.384765625,6142421
2021-01-22,1143.4416876065104,1168.430239935515,1143.0539762822382,1155.3758544921875,9646591
2021-01-25,1158.9519046092023,1161.4507810538796,1131.378327696567,1141.8045654296875,6542611
2021-01-27,1137.0652043305388,1143.9155770365226,1107.3374457103669,1121.0380859375,8133665
2021-01-28,1113.1107808566571,1117.1174817647845,1096.5235523990264,1099.6685791015625,4660690
2021-01-29,1108.3283245723426,1112.550548750536,1060.720829969721,1067.6573486328125,12183519
2021-02-01,1077.566557633126,1101.1763431636662,1069.337528134791,1086.48486328125,8880279
2021-02-02,1102.9428466076697,1115.3509746689713,1088.8113703485435,1095.4031982421875,6892490
2021-02-03,1100.918109445273,1123.6232045430509,1096.911303208055,1106.9498291015625,8182968
2021-02-04,1107.2514151368716,1114.489499899249,1096.0927756341387,1102.3829345703125,5032240
2021-02-05,1108.4577254721191,1110.4826388299136,1087.4328536980415,1096.1357421875,5477481
2021-02-08,1107.682211859104,1128.7932302881572,1099.0654696431639,1123.2354736328125,6921922
2021-02-09,1126.1222237050054,1147.7502287503414,1118.3240288005893,1124.958984375,7965949
2021-02-10,1116.5575146413062,1123.924766232091,1106.0450258741864,1117.16064453125,5951207
2021-02-11,1110.6982513344253,1116.729971861455,1105.5713309603939,1113.8433837890625,4673317
2021-02-12,1124.484893216906,1140.641285360827,1121.5121591363622,1128.6209716796875,5797875
2021-02-15,1137.410006642959,1144.648091358565,1126.2943878137974,1128.49169921875,4363513
2021-02-16,1132.240033518252,1137.1946607577725,1108.1131530475434,1111.904541015625,6896421
2021-02-17,1111.9045698112661,1115.4374135061416,1098.6347641717502,1104.0633544921875,4575741
2021-02-18,1099.4962778682911,1125.3465038369814,1098.6346036693349,1113.6707763671875,6437551
2021-02-19,1116.816027195596,1119.7457408210937,1100.1857764951576,1112.6800537109375,5389696
2021-02-22,1115.8679945367455,1127.5437210322782,1085.7094000898064,1090.1900634765625,7371303
2021-02-23,1095.3171082349922,1112.4213189416287,1083.5983609236966,1091.1810302734375,6612942
2021-02-24,1085.7527572833285,1100.0134040146577,1078.8162370081768,1098.0316162109375,4537258
2021-02-25,1110.2241360693142,1119.9610970869585,1096.049636849095,1098.2469482421875,8788221
2021-02-26,1093.4645216914641,1098.0314368662373,1072.5689230697005,1079.936279296875,15132388
2021-03-01,1088.5530584727862,1106.820509431112,1084.8478173404203,1091.7412109375,5756286
2021-03-02,1104.8817047902842,1128.793163014445,1102.2535564971179,1124.053955078125,10461434
2021-03-03,1136.7204221811978,1160.6750040567447,1127.0697144069948,1157.7022705078125,9056399
2021-03-04,1150.3349306267892,1175.194207528837,1142.4937173051749,1146.328125,12041941
2021-03-05,1144.7342041454772,1154.6434577003683,1124.5279857096573,1134.56640625,6486176
2021-03-08,1141.5459116696643,1159.899507241126,1134.997104236077,1150.981201171875,5119392
2021-03-09,1145.5958680350614,1163.6479007526516,1136.33287023034,1159.42578125,6518173
2021-03-10,1169.2060649248258,1183.940676764617,1167.5688624571005,1178.89990234375,7925984
2021-03-12,1183.0786532905622,1199.1919184391575,1180.5367565245792,1184.6727294921875,9462061
2021-03-15,1180.493696929162,1189.0242928563487,1170.5844432688077,1183.595703125,6658635
2021-03-16,1194.323480892539,1211.513837869457,1189.5411473533322,1192.5570068359375,9352771
2021-03-17,1199.6660018293824,1206.3439774186643,1190.8338405661386,1195.1422119140625,7626744
2021-03-18,1200.9585220891945,1200.9585220891945,1131.809161445135,1152.1446533203125,10961755
2021-03-19,1146.026633655761,1167.740780430042,1135.6865437280399,1158.477783203125,12767112
2021-03-22,1163.346265133308,1185.663646967112,1151.2828268647472,1181.1829833984375,4862758
2021-03-23,1182.6046462206853,1191.9107691234879,1171.5321544195988,1181.8292236328125,7165335
2021-03-24,1170.0242982818368,1180.8813722284217,1160.028898540296,1166.491455078125,6134303
2021-03-25,1160.4597868345645,1165.4144137321318,1143.958704043089,1149.3011474609375,8749994
2021-03-26,1158.6932492202639,1169.0333395716661,1147.750029005632,1151.3690185546875,4922071
2021-03-30,1160.5889375852169,1206.3438140675257,1151.3259404414841,1193.67724609375,10546381
2021-03-31,1190.8335434091314,1196.0035877365226,1174.7202806626901,1178.813232421875,8220987
2021-04-01,1189.1104006694657,1199.1058003917483,1181.3553328390126,1193.591064453125,5675155
2021-04-05,1198.5888478178297,1227.885771488431,1195.142150915406,1214.87451171875,9479572
2021-04-06,1226.162320506341,1228.747342967001,1211.9015711911009,1215.8653564453125,5793571
2021-04-07,1215.1759757090142,1236.4592852394153,1212.0308440098686,1232.3663330078125,5879234
2021-04-08,1232.1941703487278,1250.8924593912707,1224.4391021437357,1240.681640625,5654434
2021-04-09,1253.7358884927696,1253.7358884927696,1232.2371605200397,1241.715576171875,6052712
2021-04-12,1270.1077622934201,1273.166747756868,1219.2689848339141,1228.531982421875,20384532
2021-04-13,1234.7793092156335,1236.7180764492239,1184.8021983053009,1203.8883056640625,14855206
2021-04-15,1148.0086039057906,1177.3916737330917,1137.4099689394636,1172.523193359375,25342491
2021-04-16,1176.1852898848683,1181.226062947407,1160.3304634750934,1166.491455078125,10879878
2021-04-19,1154.6435435911633,1188.8519706818274,1148.0517142642886,1174.0743408203125,12508028
2021-04-20,1188.2489002289828,1188.2489002289828,1156.7116408102752,1164.423583984375,8560766
2021-04-22,1168.0426436425228,1176.0131309462072,1159.081209853302,1164.2081298828125,6622446
2021-04-23,1157.2285084231075,1161.8815703725743,1146.8884175064454,1149.3011474609375,7316262
2021-04-26,1147.9653111763905,1164.3802447330834,1138.271477623578,1157.7022705078125,7088606
2021-04-27,1159.813344036777,1165.8450627650514,1154.772571565113,1161.967529296875,3636115
2021-04-28,1170.1537686238246,1171.4462801502868,1158.6073112837903,1168.430419921875,4879234
2021-04-29,1178.7703372600251,1179.6320114831685,1164.4665661928148,1168.7318115234375,5412357
2021-04-30,1160.0717660157427,1183.853947742498,1159.7270753735081,1167.0081787109375,8354677
2021-05-03,1155.3328979061107,1172.738676005061,1152.920167887415,1165.0267333984375,4560337
2021-05-04,1166.706806746648,1167.5253551205797,1140.9427284558226,1145.5096435546875,4887060
2021-05-05,1155.5913444106986,1158.0040744447103,1144.131139711262,1155.93603515625,3939788
2021-05-06,1158.9518439960027,1175.9267843211148,1152.4031408587186,1173.255615234375,4810090
2021-05-07,1176.4439891628188,1183.1219651314254,1161.967818537575,1165.4576416015625,4991435
2021-05-10,1163.130918612339,1165.7590670432264,1150.3782033354155,1154.2557373046875,7195348
2021-05-11,1151.972255726806,1155.505098899748,1141.8044581219108,1146.5867919921875,6420988
2021-05-12,1146.0264282686512,1146.0264282686512,1132.6704811722873,1143.44140625,5241898
2021-05-14,1143.3123140362059,1143.3123140362059,1129.913344241812,1134.307861328125,4824609
2021-05-17,1137.6684297752622,1150.2918720076307,1137.6684297752622,1145.5096435546875,5017129
2021-05-18,1152.9198404340602,1158.6068679373545,1145.5956112534254,1154.6431884765625,5620150
2021-05-19,1156.3667204007338,1169.6795440720994,1148.8270715158558,1152.058349609375,4435878
2021-05-20,1161.8814972847088,1162.48462714297,1150.3350421171274,1154.040283203125,4490092
2021-05-21,1161.10597595688,1169.7227178934802,1160.1150295972031,1167.1376953125,4969733
2021-05-24,1168.990087494899,1174.4616965187527,1159.0377104284614,1161.5797119140625,4225371
2021-05-25,1170.1536090309082,1178.770351365451,1167.0946234282085,1173.255615234375,4099340
2021-05-26,1178.6840076135552,1206.3437248389694,1173.6432352288718,1203.97412109375,6850024
2021-05-27,1209.9628153141646,1220.346031032541,1199.1918882971079,1208.2825927734375,15365391
2021-05-28,1214.7452614296749,1218.4073769544673,1202.983387001314,1210.6954345703125,4261312
2021-05-31,1220.667883136561,1220.667883136561,1204.5548928846692,1213.9178466796875,4429904
2021-06-01,1219.3615032530086,1220.232475755332,1200.7662615923773,1208.2130126953125,4791325
2021-06-02,1202.5951340462432,1212.3499823394552,1188.8773188289856,1200.76611328125,9272276
2021-06-03,1208.9967520267799,1218.4903723317955,1199.3725709192988,1210.3468017578125,5115645
2021-06-04,1214.09216769656,1216.6616005621086,1199.895378641077,1206.8631591796875,4194328
2021-06-07,1211.5225932191047,1212.393565608191,1199.5903140165703,1210.3468017578125,5154576
2021-06-08,1215.8776827694026,1238.305225986675,1215.485787648902,1230.640625,7360630
2021-06-09,1231.0323870681418,1241.1356454442755,1223.3677875718358,1232.687255859375,5394317
2021-06-10,1240.2649108243102,1244.619773572991,1235.9100480756292,1240.5262451171875,3496575
2021-06-11,1245.5777030430665,1264.3036110722962,1245.011549675881,1260.2100830078125,6140828
2021-06-14,1281.2005264104598,1286.4263613244386,1265.9149167591186,1273.1876220703125,7132294
2021-06-15,1275.103669819977,1285.5553392447312,1274.2326973679144,1283.726318359375,5403104
2021-06-16,1282.681306907179,1297.2700979732745,1278.1522919101415,1289.56201171875,7661710
2021-06-17,1284.7715259128947,1308.7668610479423,1284.7715259128947,1302.365234375,7677951
2021-06-18,1314.2975085574267,1320.2201641126776,1295.4845237346972,1309.3330078125,13533974
2021-06-21,1300.3620724304985,1311.5105640723955,1292.6974711367075,1306.72021484375,5454052
2021-06-22,1314.907051074631,1325.1409772519048,1308.2876817899016,1316.7796630859375,6427862
2021-06-23,1328.2331212813588,1328.2331212813588,1305.283016154672,1309.202392578125,5529809
2021-06-24,1321.2655046603898,1366.338339114032,1316.2138207830346,1358.0205078125,10785137
2021-06-25,1369.1687419344182,1374.3945768272977,1343.9105399521675,1371.0848388671875,9780240
2021-06-28,1369.9526773998857,1376.2672280750623,1359.239673036804,1368.99462890625,5019178
2021-06-29,1359.5879990996918,1370.6058218938479,1358.0202061563784,1361.37353515625,5913567
2021-06-30,1369.212243234457,1385.7171281600788,1369.212243234457,1376.833251953125,6058722
2021-07-01,1373.3931306494867,1373.3931306494867,1357.889882075595,1359.065673828125,4814317
2021-07-02,1357.8025504266625,1366.9477617714929,1343.562171167975,1365.5107421875,5166064
2021-07-05,1366.6865788207563,1380.491472279574,1359.6317225292362,1375.2220458984375,4058338
2021-07-06,1370.6493623265098,1382.0155958269174,1356.1912402845298,1360.6331787109375,4089574
2021-07-07,1363.986728987557,1367.9061058203963,1345.3478934518514,1362.7237548828125,4797120
2021-07-08,1365.6850347389075,1372.6528155283918,1349.1365553638825,1359.3704833984375,3326813
2021-07-09,1355.2333100346107,1367.3398499422146,1350.8784472131626,1361.2430419921875,3436594
2021-07-12,1367.9059052074665,1374.3946078178155,1335.854074613799,1348.134765625,4588982
2021-07-13,1355.581708354052,1355.581708354052,1338.0751812303984,1345.6090087890625,4456160
2021-07-14,1353.4912324038655,1378.5752823277203,1339.6427487234016,1373.4365234375,5657716
2021-07-15,1356.8879621568644,1390.8122955822987,1355.2330932854072,1376.833251953125,10021355
2021-07-16,1370.6929898779226,1371.4768864021955,1349.6589824626813,1354.754150390625,6265593
2021-07-19,1345.3911156206077,1352.533153580218,1339.1637475912771,1342.7781982421875,5669162
2021-07-20,1339.8167346316677,1356.7135122337859,1339.5554004131357,1350.0506591796875,5069939
2021-07-22,1359.936562140339,1387.3286063361954,1359.936562140339,1385.0205078125,7854575
2021-07-23,1383.5835184231282,1392.2496529655537,1380.5351144285212,1385.23828125,4179719
2021-07-26,1388.4174287474325,1403.7030407175228,1388.4174287474325,1396.9530029296875,4586710
2021-07-27,1397.9108175675212,1401.6560417250942,1391.7269342802642,1395.7769775390625,5892859
2021-07-28,1397.9979854150688,1400.1754167381625,1380.9269451059924,1398.4334716796875,4686788
2021-07-29,1393.643092143495,1410.9754663584183,1393.643092143495,1408.362548828125,4660873
2021-07-30,1402.2656856372244,1413.9367380735853,1398.9124628703291,1402.701171875,6234257
2021-08-02,1417.4642058801662,1423.8223478971256,1410.278682485059,1421.0352783203125,5553389
2021-08-03,1434.4917348838053,1444.638585966481,1424.562626930286,1441.6336669921875,5513668
2021-08-04,1453.7403226615859,1463.14686912244,1427.5676602328276,1436.4515380859375,6740391
2021-08-05,1436.6690522625252,1451.0400976473882,1434.5352122939364,1440.196533203125,5420536
2021-08-06,1443.201464252009,1446.380535210929,1431.8788215028985,1437.27880859375,3754855
2021-08-09,1446.6854412607183,1452.3031718189327,1433.9692629808042,1448.688720703125,5018477
2021-08-10,1452.7821274360933,1463.233797417648,1446.7289110997303,1460.838623046875,6846517
2021-08-11,1458.7048011852285,1466.7177057432823,1452.7821455937024,1461.0999755859375,4899639
2021-08-12,1462.4934728122273,1477.6048241977232,1458.0079432401938,1471.5950927734375,5659579
2021-08-13,1478.0403134331104,1500.2501118966013,1473.0758127751071,1491.279052734375,5612790
2021-08-16,1487.359863555825,1498.0292778847625,1472.030767090066,1484.4857177734375,4564109
2021-08-17,1484.0501084300226,1523.2438721030503,1468.9387563667328,1516.9293212890625,9510390
2021-08-18,1505.9114463640587,1528.9922175200145,1504.1695013711565,1509.7872314453125,6686090
2021-08-20,1494.6759407419665,1519.8470681780625,1494.6759407419665,1509.351806640625,6206972
2021-08-23,1511.790524868996,1526.9454677131089,1508.5243779767254,1514.4034423828125,6189051
2021-08-24,1524.2018576309072,1530.298665061431,1491.7145412231635,1498.81298828125,7602939
2021-08-25,1496.3307234273852,1521.5018494102508,1496.3307234273852,1511.6163330078125,6153253
2021-08-26,1510.2664667041324,1520.718137753988,1498.072850479301,1504.779296875,5302248
2021-08-27,1502.4277064883427,1504.7792899357576,1485.1824068076487,1488.3179931640625,6698514
2021-08-30,1483.3098187310713,1496.8969690174113,1472.2919948958422,1478.9549560546875,6559667
2021-08-31,1480.7838114569747,1493.7177308949172,1468.3288630679174,1486.2708740234375,12255438
2021-09-01,1488.927672275753,1488.927672275753,1457.2678392623277,1461.2742919921875,7801974
2021-09-02,1460.9257408190936,1475.688788882233,1448.1224872534362,1471.15966796875,6830050
2021-09-03,1477.2130299720811,1485.835573126243,1467.0661785417021,1481.219482421875,5339139
2021-09-06,1485.1389236872342,1508.5245163164989,1480.0872401693016,1507.1309814453125,4876026
2021-09-07,1506.7822526440937,1511.0500386698927,1484.1369702344136,1486.445068359375,3520341
2021-09-08,1481.393539587416,1481.393539587416,1465.8031107394431,1474.774169921875,4584896
2021-09-09,1468.37241383131,1476.2111655562676,1465.1062672792443,1473.3369140625,3331674
2021-09-13,1465.8465907578222,1481.9595806146374,1459.0529633172687,1473.5982666015625,4662374
2021-09-14,1477.12592169284,1477.12592169284,1462.0145685181678,1468.5904541015625,4945167
2021-09-15,1474.7740766214572,1493.8048030758805,1472.117568164851,1490.625732421875,4062344
2021-09-16,1493.891966210481,1497.4194473085083,1473.2063696575788,1482.6129150390625,3246568
2021-09-17,1478.0403062981004,1496.3307284738578,1467.1095590889208,1473.0758056640625,7454864
2021-09-20,1467.588794337864,1487.359829336001,1461.4483951332998,1470.071044921875,5660743
2021-09-21,1480.6533768466115,1503.9518932175802,1467.2839690902401,1496.7227783203125,4672222
2021-09-22,1495.4598787260009,1514.5341989673232,1492.0195796575874,1495.372802734375,4553892
2021-09-23,1508.5243325905415,1519.8469748097546,1499.0307113119939,1517.713134765625,3826090
2021-09-24,1531.1697244858785,1557.2989006716446,1526.3357843635558,1536.264892578125,8280446
2021-09-27,1540.5326105890063,1540.750353714178,1496.4178321652648,1499.0743408203125,5045337
2021-09-28,1489.3630166815442,1489.3630166815442,1458.878978328413,1469.417724609375,6557197
2021-09-29,1445.1611060324121,1481.872617800693,1441.4594729447897,1473.9031982421875,7792548
2021-09-30,1483.2660547022504,1483.2660547022504,1454.6110403673977,1459.052978515625,6914031
2021-10-01,1450.2563356034423,1462.3192838563787,1446.9031126334762,1450.2999267578125,5733906
2021-10-04,1456.7015632635075,1470.2016375418839,1450.517679535455,1462.1451416015625,2947154
2021-10-05,1455.3950807569224,1483.2226102398492,1448.4273005977032,1474.38232421875,4373310
2021-10-06,1482.4824144265476,1488.4921465220082,1454.5242157353737,1457.6162109375,4271698
2021-10-07,1469.330441448408,1484.3111242274608,1460.3158983561343,1472.8143310546875,5476108
2021-10-08,1485.2259570483295,1508.0889867346034,1479.2598162798897,1501.426025390625,4738376
2021-10-11,1464.9755914232637,1506.7822670405744,1449.0367538162143,1472.770751953125,8840633
2021-10-12,1460.6209130640477,1471.072583282753,1447.5563252906663,1467.7193603515625,7439300
2021-10-13,1477.1257522003684,1492.5420290685638,1463.277374662343,1488.6661376953125,7104171
2021-10-14,1527.6859172658185,1553.4666845714335,1479.0856043938277,1494.3712158203125,19655776
2021-10-18,1515.4920945995696,1566.8794702210494,1515.4920945995696,1560.913330078125,13438109
2021-10-19,1579.944155219386,1597.799091923905,1552.3343687944996,1587.0426025390625,10324260
2021-10-20,1593.3572134225717,1609.5572816820163,1562.5683548664965,1569.79736328125,5876115
2021-10-21,1579.9441517799685,1579.9441517799685,1521.4583257794832,1527.3809814453125,8779629
2021-10-22,1524.1146865515605,1535.6985561548709,1486.7499477946783,1497.8984375,7369809
2021-10-25,1499.858473364556,1506.5649201472665,1469.5049918830628,1487.2293701171875,5905209
2021-10-26,1502.606020384496,1517.1482962671541,1490.172517699748,1497.0262451171875,5871709
2021-10-27,1501.7716182584402,1523.7828831952202,1494.78606375197,1519.213623046875,5090259
2021-10-28,1510.7781326616437,1515.5230879740864,1486.789920282188,1497.202392578125,5329972
2021-10-29,1492.8968534222288,1504.8470363291535,1459.5505540155075,1465.437744140625,5875091
2021-11-01,1474.0048022483252,1500.1018935472132,1472.6867651673283,1493.8193359375,3636806
2021-11-02,1489.3820710857715,1499.4430457112571,1481.7813682676247,1491.9302978515625,3471772
2021-11-03,1501.6836622957965,1509.108562016102,1492.896747946494,1495.97216796875,3530713
2021-11-04,1506.955720487767,1508.713103252184,1498.1688066656807,1501.419921875,483407
2021-11-08,1520.1360112691098,1529.8016159650406,1496.4113451972798,1526.7261962890625,5245903
2021-11-09,1524.3098926867096,1537.7099364183555,1516.621343004618,1531.1197509765625,4016134
2021-11-10,1516.6210630720104,1538.5443663569954,1513.0623206854493,1529.0545654296875,4780368
2021-11-11,1522.7280167723425,1528.7031604047386,1501.6834034382516,1523.03564453125,4731349
2021-11-12,1531.5591812690018,1566.5750137314162,1527.2097015420263,1564.2464599609375,5069009
2021-11-15,1565.915958976433,1581.6445568553665,1560.116617053724,1570.3533935546875,4354074
2021-11-16,1572.8576289550256,1589.508788323187,1561.4346405883132,1574.878662109375,6034233
2021-11-17,1575.0983554327267,1583.401946486974,1564.6857762457305,1570.616943359375,4732492
2021-11-18,1565.4766573762213,1572.3743637688792,1545.6182521663638,1563.5435791015625,4326924
2021-11-22,1567.5853905552658,1568.8155799150782,1538.7204007522319,1545.9696044921875,6621839
2021-11-23,1524.6172873290966,1535.2934083156665,1502.5621566574846,1526.198974609375,8436160
2021-11-24,1528.9230418655106,1529.3623875671963,1483.2310888902196,1490.2606201171875,7333061
2021-11-25,1493.7753000534872,1516.7969705965193,1491.0952485220696,1513.4580078125,4476260
2021-11-26,1496.0161123736239,1509.8993723813282,1479.716343711144,1486.4383544921875,4494181
2021-11-29,1485.867137758942,1504.319656915026,1466.6677523751573,1490.568115234375,3942776
2021-11-30,1497.7734901514705,1520.0482960069558,1493.8193787950365,1504.890869140625,14808963
2021-12-01,1506.9558896878457,1530.5927119756113,1505.1985067261105,1506.8680419921875,5193264
2021-12-02,1506.9557521388576,1538.1492968624316,1503.748507074007,1536.1722412109375,5559574
2021-12-03,1556.2502305587047,1569.913923973845,1522.3767433293804,1525.0128173828125,6754012
2021-12-06,1520.1363042844928,1523.607092825833,1486.3066813278726,1489.645751953125,3991449
2021-12-07,1494.7419695434742,1515.654868474255,1488.5032818453103,1504.01220703125,4202122
2021-12-08,1522.7722156867264,1546.3211884129332,1522.4207176698017,1540.653564453125,3029169
2021-12-09,1545.6181864523098,1554.7565985466379,1530.680432518433,1549.5283203125,2082171
2021-12-10,1546.4967870719056,1549.7918796579963,1534.1951080838337,1545.8377685546875,1823469
2021-12-13,1552.691619157812,1556.4699276693766,1527.8685881008832,1533.0089111328125,4040584
2021-12-14,1520.9269292908916,1549.1329011030184,1502.8697785484514,1539.59912109375,4768144
2021-12-15,1533.316570661763,1535.908667518198,1512.4036713776811,1523.82666015625,3053149
2021-12-16,1548.8252090590486,1561.9616008149214,1544.7392731469356,1556.689453125,4481031
2021-12-17,1599.2184657386906,1618.5496779619054,1587.575803831527,1599.96533203125,18887243
2021-12-20,1583.1382500746142,1607.6977390246545,1570.4851797435072,1580.677978515625,5773891
2021-12-21,1582.5232944672757,1615.0348779738215,1582.5232944672757,1591.83740234375,5353584
2021-12-22,1603.6117948544356,1607.2583855937914,1592.496327262333,1603.34814453125,4156428
2021-12-23,1609.103704090808,1635.7719679184652,1605.3692654601534,1632.2572021484375,4112933
2021-12-24,1645.7451196749826,1648.2054986567352,1629.0939594879846,1637.4415283203125,3780347
2021-12-27,1634.3660458305121,1647.1070714566104,1621.2296519691486,1639.77001953125,2647733
2021-12-28,1652.554991836044,1665.911166433166,1650.5340658280904,1658.969482421875,3340933
2021-12-29,1655.0151681366292,1664.065732003417,1648.7764809648074,1656.8165283203125,3236635
2021-12-30,1655.8940269931556,1678.124963441618,1646.9752873799528,1663.2310791015625,4584738
2021-12-31,1660.7266893716478,1668.0637408590383,1644.602724183878,1658.7496337890625,4619420
2022-01-03,1658.7497778274603,1681.8594057710459,1658.7497778274603,1668.1517333984375,3329616
2022-01-04,1668.151697346698,1675.3570314082458,1650.1825005622568,1668.766845703125,3921999
2022-01-05,1669.5137232070176,1672.061949815919,1616.7922372110065,1620.878173828125,6995719
2022-01-06,1606.2478877431283,1606.2478877431283,1581.6445284122708,1597.2852783203125,6449205
2022-01-07,1595.2203703081527,1613.2775227404143,1587.6197749785931,1594.2099609375,4834389
2022-01-10,1594.8249406516995,1643.065121465988,1593.0675577969869,1626.2381591796875,7857560
2022-01-11,1629.972440435956,1643.152810574252,1625.710808876999,1630.4996337890625,5142287
2022-01-12,1642.1864712150102,1659.8481478952956,1634.3660958630228,1649.69921875,5362535
2022-01-13,1673.907008333963,1680.4971934061439,1639.9455664762318,1666.7017822265625,14277630
2022-01-14,1653.6974446757672,1698.5107123051318,1652.8187531536228,1695.303466796875,7688506
2022-01-17,1703.3870879152166,1716.8749781188799,1696.3135799399108,1704.2218017578125,5262464
2022-01-18,1688.9326718657662,1709.0547258227377,1679.5745872616628,1687.7464599609375,3690315
2022-01-19,1683.5726913474412,1683.5726913474412,1636.8702228464153,1640.560791015625,5747770
2022-01-20,1620.3068375307487,1623.8216029050018,1595.2641342391942,1602.4693603515625,5533463
2022-01-21,1577.2510967324367,1588.6740851767383,1560.5559597753802,1569.0792236328125,8252758
2022-01-24,1550.89025964962,1554.097504585174,1518.3786791357186,1526.1112060546875,7116712
2022-01-25,1517.1486594985286,1528.9231465624146,1494.2148337525207,1513.238525390625,9137653
2022-01-27,1495.5327130043718,1502.29859365424,1463.0211322868854,1474.9713134765625,11231734
2022-01-28,1477.080383324827,1517.9835147744618,1475.7623460999685,1481.6495361328125,10998502
2022-01-31,1509.591964395572,1537.270746047761,1507.2634105184352,1525.5841064453125,8788872
2022-02-01,1551.8570483269698,1564.070881720928,1524.2661135677781,1557.0853271484375,5119935
2022-02-02,1571.9789834277135,1575.3180537987653,1557.0412289736769,1570.3094482421875,4253717
2022-02-03,1563.1920737397209,1563.1920737397209,1523.6509588896436,1527.6490478515625,3832922
2022-02-04,1521.8935777665583,1541.1808120164233,1502.6941912084785,1529.8896484375,4700077
2022-02-07,1513.2823459720125,1521.8935649371356,1489.733479878767,1506.955810546875,4310209
2022-02-08,1502.562437971465,1515.7428102343724,1490.2607571927513,1508.9769287109375,6053401
2022-02-09,1524.5295040838362,1531.5590349384013,1515.7425905156294,1526.550537109375,3867244
2022-02-10,1542.6745490801131,1558.7106668309207,1536.611557080806,1554.9322509765625,4334630
2022-02-11,1528.9230162412698,1534.1511870988509,1505.1983487478708,1512.535400390625,7551371
2022-02-14,1484.9884794415796,1510.0751620435087,1474.6638553981247,1478.1346435546875,7459637
2022-02-15,1492.8967373992116,1534.8542531207022,1485.3838827787808,1527.3853759765625,4669915
2022-02-16,1527.385123479544,1542.4985706502596,1517.368021395642,1523.03564453125,5350642
2022-02-17,1532.4377256704772,1536.8311824527893,1511.612783427169,1515.56689453125,3937950
2022-02-18,1502.5622537515017,1513.5458959572875,1496.850759804493,1499.8822021484375,5602215
2022-02-21,1494.6541280390445,1526.5506699725988,1486.3065594227182,1520.751220703125,5120890
2022-02-22,1493.6876185215017,1538.5887302005694,1485.911220635109,1523.95849609375,8878515
2022-02-23,1537.7096657542006,1544.9588684641847,1523.1234126628979,1531.427001953125,5478811
2022-02-24,1485.0764924641971,1506.9119549303691,1467.8541604033635,1474.576171875,13592379
2022-02-25,1506.9557211653544,1518.5105342990194,1473.5654486264136,1489.0303955078125,9737281
2022-02-28,1478.1347163040493,1518.4228051512885,1463.0212662482625,1507.4830322265625,15076542
2022-03-02,1502.5623753614689,1506.428639183248,1485.8672378574524,1496.23583984375,6771489
2022-03-03,1511.5250204995646,1523.563157969651,1498.6522763017938,1512.09619140625,7344147
2022-03-04,1489.6015651994855,1525.408239012716,1477.0802130071288,1514.2489013671875,9074499
2022-03-07,1491.1394725869231,1538.5888134942265,1490.2607810886398,1528.7913818359375,9742588
2022-03-08,1509.9870842476325,1581.6444056414032,1509.9870842476325,1562.4888916015625,10984500
2022-03-09,1573.7363895823908,1609.411241059636,1573.7363895823908,1593.3751220703125,10193515
2022-03-10,1620.9658987002945,1620.9658987002945,1590.6070690763233,1604.402587890625,6547182
2022-03-11,1593.9461769078878,1609.2354285026502,1591.310102745416,1600.9757080078125,4758657
2022-03-14,1609.367286068122,1665.1202128221414,1609.367286068122,1661.341796875,10289724
2022-03-15,1659.27699787109,1659.27699787109,1608.0053726067936,1616.17724609375,7140443
2022-03-16,1638.7593724368805,1664.1974441872826,1624.7003107966714,1660.199462890625,5233979
2022-03-17,1689.9872589454178,1689.9872589454178,1610.6853579171534,1629.62109375,17731459
2022-03-21,1635.2445864629065,1658.002713659227,1617.7586073153645,1628.259033203125,8362085
2022-03-22,1625.57917912793,1660.7268370550205,1615.9135731979802,1658.4422607421875,5709382
2022-03-23,1666.877628359794,1669.5137026271,1631.7299714623814,1645.2618408203125,6192824
2022-03-24,1630.9830683752546,1664.7687099000984,1630.9830683752546,1657.8270263671875,3784303
2022-03-25,1662.4841869657494,1664.2415698272353,1632.6086783204876,1648.908447265625,3438588
2022-03-28,1639.6381504800765,1652.7306737771728,1627.9076417562392,1646.579833984375,4008555
2022-03-29,1646.5798912876753,1660.1996084457126,1634.8493821555994,1657.2120361328125,3917785
2022-03-30,1678.3005006424887,1686.208722896825,1665.1201302185948,1672.984375,7795839
2022-03-31,1669.513943325343,1680.9369334638848,1664.4174894355942,1675.532958984375,5399145
2022-04-01,1657.9587249104113,1678.564101084847,1650.4459783492766,1672.6329345703125,6171518
2022-04-04,1660.5073720629575,1663.3631196270292,1645.7892884635107,1654.5322265625,7364074
2022-04-05,1655.278878381211,1660.3752240705198,1631.8617314560988,1635.33251953125,5472024
2022-04-06,1629.9725526181892,1632.169281125761,1601.107561481124,1606.9947509765625,5407453
2022-04-07,1600.1410724456011,1606.3797601498356,1588.2787381336382,1591.3101806640625,5797544
2022-04-08,1601.854417864324,1615.0347888286492,1588.6740468999988,1594.473388671875,5131446
2022-04-11,1593.9463082740529,1593.9463082740529,1548.737675566616,1552.25244140625,8248407
2022-04-12,1544.3000311752362,1544.3000311752362,1518.1589637911889,1531.07568359375,6456184
2022-04-13,1542.0594523193558,1544.3001583273306,1521.8935272961232,1536.4359130859375,6257693
2022-04-18,1410.738990878907,1449.8407567425704,1397.1192746792042,1424.710205078125,30523965
2022-04-19,1438.110326839995,1438.110326839995,1361.9716942234015,1372.5159912109375,17044923
2022-04-20,1383.9389289365774,1402.6550983089535,1373.3946323351558,1395.0982666015625,10678747
2022-04-21,1401.5130018301497,1429.806826423052,1396.4605254912638,1422.4259033203125,7766514
2022-04-22,1409.728504477574,1415.3081733294175,1390.4412714487692,1393.1212158203125,8134245
2022-04-25,1382.0059741881291,1382.0059741881291,1365.5743794932316,1371.7252197265625,7000570
2022-04-26,1385.8719894508067,1398.8766646653621,1376.5140121457584,1389.2110595703125,5345435
2022-04-27,1381.9619804602605,1381.9619804602605,1362.279270492614,1364.43212890625,8819356
2022-04-28,1379.545574627146,1407.4880056040677,1368.517954039761,1390.6170654296875,9245177
2022-04-29,1397.1194023690618,1403.533892844543,1371.4616549914167,1377.392822265625,9831395
2022-05-02,1362.7625430622788,1364.3881007348616,1345.276562373256,1354.0634765625,7072627
2022-05-04,1359.5553049527848,1379.545534836563,1344.5297030639988,1349.274658203125,6220959
2022-05-05,1370.8024136363445,1396.5919819925602,1368.5177304330361,1392.8575439453125,6144870
2022-05-06,1361.9716296199067,1372.3841009487683,1348.8352364842315,1355.68896484375,6171472
2022-05-09,1353.1846449249074,1394.3074419742286,1337.5000261747937,1379.8529052734375,6832202
2022-05-10,1369.0011227639045,1378.7985527649935,1358.5008040403675,1364.607666015625,6212545
2022-05-11,1361.9277121263535,1361.9277121263535,1328.2299179037932,1341.5421142578125,7846080
2022-05-12,1330.3388057853947,1342.201139918884,1321.8155419424827,1325.7696533203125,7034979
2022-05-13,1334.9958431960715,1343.7387794348365,1316.3675217689756,1321.9033203125,6723761
2022-05-16,1326.8241461984453,1328.4497039979815,1299.2771895162246,1308.45947265625,6145331
2022-05-17,1313.5556632643759,1340.0042502931472,1301.2539849010288,1334.248779296875,6516378
2022-05-18,1337.3683872175263,1361.7080974834491,1322.6942829038983,1326.12109375,6594126
2022-05-19,1301.3419230322806,1304.5930382065774,1245.676846021442,1254.0244140625,16561140
2022-05-20,1276.7387215514266,1288.8207294119443,1271.20292231775,1278.6279296875,10488908
2022-05-23,1278.5839899389152,1307.4929619615978,1274.1466621873956,1290.2706298828125,5887569
2022-05-24,1290.4463220800299,1291.2811433666081,1261.1419818568445,1266.1944580078125,5693167
2022-05-25,1260.9221361098096,1267.5123214901744,1229.5089191300704,1239.3502197265625,9630092
2022-05-26,1245.9843537049899,1256.528650069207,1236.3627261774936,1251.2125244140625,13040065
2022-05-27,1268.7863108351823,1289.0401890208304,1263.030946945637,1284.0755615234375,8284860
2022-05-30,1306.614218168776,1344.397951444672,1304.856835225711,1341.586181640625,10904213
2022-05-31,1341.4971403772934,1347.9795623962705,1321.4728713370666,1335.1923828125,16033857
2022-06-01,1343.539700941573,1345.0936959690998,1307.220595475762,1312.9482421875,8738508
2022-06-02,1317.78779937987,1344.2944932066457,1310.3286014773466,1339.0997314453125,7205840
2022-06-03,1354.1066701358748,1380.8353586133414,1347.9794690514807,1351.2650146484375,9395707
2022-06-06,1346.2037716099271,1364.4964924732922,1325.7798357609638,1358.68017578125,6624883
2022-06-07,1349.6224971381034,1349.6224971381034,1334.3045457286844,1337.9453125,4904592
2022-06-08,1349.9332266440192,1349.9332266440192,1324.891750325521,1331.9957275390625,4697608
2022-06-09,1318.675759494895,1347.0472249005495,1315.5677694893513,1345.315673828125,4361061
2022-06-10,1319.6524730579197,1326.6232286366903,1308.5525092706785,1311.3941650390625,6516436
2022-06-13,1281.9127514082513,1281.9127514082513,1253.5856187134593,1264.9520263671875,6987685
2022-06-14,1252.075869762069,1286.618977493986,1245.9931115070253,1279.2042236328125,6090247
2022-06-15,1278.8933715213977,1284.3990185434857,1259.9346552426048,1262.909423828125,4651958
2022-06-16,1276.939671123066,1282.045653813579,1236.0918095989625,1240.7093505859375,6641772
2022-06-17,1235.2483238555576,1240.4874196646322,1214.0251729542306,1231.9183349609375,9692047
2022-06-20,1234.360640156729,1263.0428867444693,1227.2122188224364,1255.7613525390625,4595194
2022-06-21,1264.5078124914492,1292.9237183901334,1263.397816167282,1287.5069580078125,6270787
2022-06-22,1275.2082505737685,1296.1205167768,1274.2758102801847,1276.2738037109375,6253366
2022-06-23,1278.5384065605574,1294.699912173582,1272.4999822666275,1289.771484375,6254281
2022-06-24,1294.699676447172,1303.1356482758742,1268.8589844199196,1279.6925048828125,6114340
2022-06-27,1303.6243570986562,1317.787869343207,1301.0491434910748,1309.440673828125,4511097
2022-06-28,1304.4678285372947,1321.5617738738115,1290.2598739718783,1314.3690185546875,4412178
2022-06-29,1300.6494910925776,1311.5719003108716,1293.811955824604,1299.3619384765625,5060038
2022-06-30,1300.960176372367,1316.0116836459267,1292.0357622839565,1298.1629638671875,9165177
2022-07-01,1291.1478536823045,1318.675765280758,1280.802665224558,1313.7030029296875,4651635
2022-07-04,1314.4577439626057,1325.1137094600226,1298.2517964352844,1321.3397216796875,4800224
2022-07-05,1330.9301027704544,1340.831183761111,1307.1317370251647,1310.6392822265625,7379669
2022-07-06,1316.1891734537298,1331.9955641744978,1305.3556528910078,1324.580810546875,5209162
2022-07-07,1334.7041829822008,1344.3832653678094,1328.1773170972135,1330.84130859375,3323472
2022-07-08,1345.3157123104625,1347.0472634324174,1331.9513115451052,1344.8272705078125,3652582
2022-07-11,1327.5557930054122,1331.9070008962192,1302.1590951666665,1308.153076171875,4702638
2022-07-12,1298.0742548130895,1304.1125702899615,1275.1638853794875,1277.47265625,4710356
2022-07-13,1287.5959081661404,1296.4758799465965,1277.4727186568018,1282.66748046875,5264025
2022-07-14,1288.4838556808252,1290.215406752036,1255.6279613595361,1268.814697265625,6157606
2022-07-15,1284.0439058847987,1284.0439058847987,1252.6532276522264,1270.146728515625,5620018
2022-07-18,1287.5957507176618,1326.3124012665216,1285.8641997914458,1323.02685546875,5835171
2022-07-19,1306.7322778541525,1320.3185695057068,1305.4446169198009,1317.9210205078125,3418540
2022-07-20,1333.105628800247,1354.9060006770792,1331.9956324398804,1345.58203125,5079392
2022-07-21,1347.091397845609,1363.4748985142342,1334.7482183347142,1361.2105712890625,5008061
2022-07-22,1362.1875644368015,1367.5155470877928,1325.0249071257533,1337.590087890625,7020642
2022-07-25,1314.3244515105814,1347.2247865607108,1314.3244515105814,1335.1923828125,7859626
2022-07-26,1329.021061010545,1329.021061010545,1283.1559829173068,1288.6171875,7268273
2022-07-27,1288.483822375233,1308.019759034265,1283.1558396500427,1306.2882080078125,4517285
2022-07-28,1328.7988388509684,1353.7070916560501,1322.9824146761307,1347.44677734375,6636841
2022-07-29,1361.1219644216355,1381.4570107879367,1356.8595350883038,1376.1290283203125,7009465
2022-08-01,1388.8275224964943,1388.8275224964943,1365.6508188965988,1377.3280029296875,2983249
2022-08-02,1373.3319367159932,1373.7314920454614,1357.1703247119033,1370.7122802734375,4374635
2022-08-03,1375.5075317485316,1394.1554711718493,1367.4267796780443,1390.6922607421875,6011955
2022-08-04,1409.6954786756162,1424.214210429917,1398.5510710597634,1420.7066650390625,7402209
2022-08-05,1428.2547116101568,1443.6169980608536,1422.8379503946153,1435.5806884765625,5361971
2022-08-08,1435.8913682028474,1440.3313538806547,1417.2434283560572,1438.0225830078125,3763409
2022-08-10,1439.6210168307325,1439.6210168307325,1410.22833119954,1422.9710693359375,4423829
2022-08-11,1447.4354013336217,1448.6341758452916,1435.0034408313697,1438.510986328125,3462090
2022-08-12,1432.6058852060069,1433.2274398690179,1412.0487289334715,1415.5562744140625,3562286
2022-08-16,1428.7873514369574,1428.7873514369574,1412.8921814722432,1417.6429443359375,3004430
2022-08-17,1417.643043330634,1431.4514427285992,1407.475519060068,1426.345458984375,4067324
2022-08-18,1415.5563420168944,1419.1971089271724,1397.7076196338453,1405.6551513671875,4635706
2022-08-19,1407.7417924309402,1425.1465132491517,1407.5641279788495,1418.2200927734375,4739884
2022-08-22,1408.3633554325027,1419.9073173622771,1397.707390574249,1399.172607421875,3950555
2022-08-23,1374.619490522654,1380.3914715875098,1361.2995342191398,1369.646728515625,5551574
2022-08-24,1363.0755394912346,1372.8435075266768,1359.5235511147102,1365.2955322265625,2888426
2022-08-25,1374.6194842114278,1375.2410388101719,1344.2055841247086,1348.11279296875,4331088
2022-08-26,1363.2088193983936,1371.911126256518,1347.4912051170422,1351.132080078125,3079136
2022-08-29,1304.068208908207,1304.068208908207,1287.5958190364718,1298.02978515625,8079050
2022-08-30,1308.108629152098,1328.5325643697543,1301.8038708297447,1325.7353515625,6725875
2022-09-01,1296.520342709969,1303.6686550621423,1288.5283679870784,1300.2054443359375,8140604
2022-09-02,1312.459816939898,1312.459816939898,1285.8199018463954,1290.2598876953125,5175653
2022-09-05,1288.4837140181623,1302.6916667571634,1284.3545060737747,1297.630126953125,3669352
2022-09-06,1297.6302811685841,1305.3558130293177,1283.5554395953404,1292.1246337890625,3428442
2022-09-07,1278.715746471275,1301.5816704099107,1276.9841955904926,1294.388916015625,3600574
2022-09-08,1309.79562961987,1315.2123898661405,1299.672441718108,1310.5948486328125,4061475
2022-09-09,1321.3399078139614,1349.7558198099607,1314.2359298149615,1342.341064453125,4816910
2022-09-12,1354.9060300810474,1372.7547502634757,1350.7768218512558,1364.14111328125,5494819
2022-09-13,1378.0826553311847,1379.0594304149024,1368.669908200499,1371.9110107421875,4947158
2022-09-14,1329.3315936480085,1331.06314454904,1307.1316672343812,1310.15087890625,14332197
2022-09-15,1309.7958248853374,1309.9733809599834,1268.9923983100107,1272.3223876953125,12784100
2022-09-16,1265.395822315344,1265.395822315344,1215.0907667170163,1222.81640625,20464045
2022-09-19,1236.0918269349809,1248.5237849644993,1225.96863943133,1234.582275390625,6595241
2022-09-20,1250.255623540864,1255.2284946157747,1229.9649090518215,1233.028564453125,7219797
2022-09-21,1225.3472325735095,1233.250428524418,1215.1352658184694,1222.9940185546875,7917054
2022-09-22,1213.3148220155867,1228.9435493746757,1207.6760620818068,1214.735595703125,9168498
2022-09-23,1214.3360624565184,1238.5784272088517,1209.4520782930736,1212.515625,10426200
2022-09-26,1207.676258829922,1242.7077069492407,1203.2362725842238,1225.658203125,9414587
2022-09-27,1237.3794973619085,1248.967902705002,1223.6599857287542,1237.4683837890625,8561254
2022-09-28,1224.5482323479425,1248.3909373097592,1222.7722378122673,1238.48974609375,7022098
2022-09-29,1247.547174377518,1251.9427167580907,1236.9799869799815,1241.9971923828125,6119965
2022-09-30,1233.3835962258331,1260.3343964051253,1221.884076510353,1255.1395263671875,8120130
2022-10-03,1253.8519436659194,1253.8519436659194,1230.7640183576234,1237.64599609375,4943169
2022-10-04,1260.6892210292333,1271.8336260621052,1255.627681795648,1269.3028564453125,6631341
2022-10-06,1283.1558746803535,1296.2982757871803,1282.3566555701389,1292.1690673828125,6180672
2022-10-07,1284.3547342638644,1294.566702109372,1278.8491949585682,1288.6614990234375,3994466
2022-10-10,1266.5947604561948,1300.915873263201,1266.5947604561948,1298.8291015625,5274677
2022-10-11,1298.8289881372887,1313.9249389319289,1261.0446679361762,1264.330322265625,12824774
2022-10-12,1276.0519384547556,1279.6927051868731,1255.2284480932105,1268.6815185546875,5481467
2022-10-13,1270.7238112587875,1276.8953475559135,1256.5158580930706,1260.8670654296875,4821514
2022-10-14,1318.6757298301836,1326.6677039503666,1302.913780870934,1309.1297607421875,14990688
2022-10-17,1311.4828704785755,1327.5555954732513,1310.2396529236003,1323.0711669921875,4286396
2022-10-18,1340.8755527341007,1341.7191065769207,1329.553590285518,1335.2811279296875,4692004
2022-10-19,1335.54770780305,1336.3912617326525,1315.3902159447794,1319.0753173828125,3553171
2022-10-20,1309.7956544303293,1335.5475689920102,1309.0852134280171,1332.7947998046875,4583939
2022-10-21,1332.2623853064586,1337.3239265296984,1324.3147444758008,1332.43994140625,3594485
2022-10-24,1348.423655366755,1351.3540892842454,1341.7636768252662,1347.846435546875,982837
2022-10-25,1356.9483052781436,1361.2107345868535,1350.6879909536958,1355.3499755859375,3914341
2022-10-27,1374.201957292014,1377.88251275016,1357.773970542601,1368.0526123046875,6760137
2022-10-28,1369.892717518689,1371.6431919026134,1352.8363861734367,1358.447021484375,3053981
2022-10-31,1373.7079380791174,1388.205841518274,1373.7079380791174,1380.3509521484375,4542336
2022-11-01,1394.1754919196,1413.879997898497,1388.834101733467,1412.0845947265625,4542692
2022-11-02,1411.1870015279026,1411.8602777690894,1386.9490568451713,1394.4000244140625,2938906
2022-11-03,1381.3383511548413,1385.9615363587588,1365.987675554083,1374.15673828125,3174027
2022-11-04,1364.9104934069014,1364.9104934069014,1347.5849165055247,1359.120361328125,4509682
2022-11-07,1365.7634838564727,1371.598545314741,1338.56307661022,1353.240478515625,4898592
2022-11-09,1372.5856991457824,1372.5856991457824,1347.5398034514983,1356.6065673828125,3334755
2022-11-10,1333.0870997451718,1357.3250470132657,1333.0870997451718,1348.3031005859375,3435763
2022-11-11,1388.430263614367,1412.5335307351531,1388.430263614367,1409.4813232421875,7214098
2022-11-14,1414.0148924987643,1428.602545514008,1408.000225198226,1423.1265869140625,4908813
2022-11-15,1416.4386189277827,1434.392653098893,1411.8603621306952,1430.9365234375,3497614
2022-11-16,1433.764388917107,1444.4021328641024,1430.4877555742369,1438.83642578125,4497697
2022-11-17,1433.8090069491304,1438.8362237690626,1421.0167586560885,1425.0115966796875,3469515
2022-11-18,1428.8716685979427,1434.5272328106976,1414.3289457404594,1430.3978271484375,3126064
2022-11-21,1420.2538323357628,1425.4156170914362,1404.0503824610678,1407.7757568359375,3071764
2022-11-22,1408.4940645666102,1425.550398044472,1402.210152232661,1422.9022216796875,3399329
2022-11-23,1426.3580731866127,1429.140926189157,1417.7401598698539,1421.1962890625,3245067
2022-11-24,1426.4479469523692,1468.639925244856,1422.6327148727294,1463.07421875,5282215
2022-11-25,1464.510573443889,1475.8215929330347,1448.7110454604212,1468.3258056640625,4563255
2022-11-28,1461.4583854460668,1484.3497790755966,1454.276771758371,1457.3289794921875,3825766
2022-11-29,1455.3539549520883,1471.1086636498967,1449.8331771528563,1462.4010009765625,3131710
2022-11-30,1454.2318618548122,1477.3926101335646,1448.12755589009,1467.6973876953125,11868134
2022-12-01,1486.7734674759286,1501.49579683449,1483.272518616262,1487.5814208984375,5407928
2022-12-02,1486.5940827164045,1491.800796645968,1466.799715499316,1470.345703125,4283343
2022-12-05,1470.4353696971718,1476.5846043633042,1457.2391986740056,1472.00634765625,3824966
2022-12-06,1458.765244692734,1459.6629463817758,1443.100394052047,1447.903076171875,4822398
2022-12-07,1443.5042639072717,1457.6879939155688,1433.3601913539392,1441.260009765625,4898087
2022-12-08,1441.2600256218434,1457.777758202631,1434.976113956099,1454.411376953125,4206837
2022-12-09,1461.4582243868986,1461.4582243868986,1401.4019646254637,1408.76318359375,8880658
2022-12-12,1391.437558650479,1405.7558561467295,1373.5284545512598,1388.9239501953125,8037679
2022-12-13,1388.9239336053154,1416.1243371309986,1383.4929044328283,1411.3216552734375,6135067
2022-12-14,1420.1642028852773,1425.9992644015567,1412.0848869396593,1417.8302001953125,4976020
2022-12-15,1408.7632757795202,1409.3916231159728,1378.1964900565588,1382.909423828125,6443866
2022-12-16,1368.9950538345975,1390.9887448634156,1357.369860981026,1366.4814453125,9630453
2022-12-19,1353.689233868756,1361.7237298285659,1342.1089696118938,1353.150634765625,6222740
2022-12-20,1347.4501487795155,1360.9156732509964,1330.7977396833635,1353.105712890625,7396259
2022-12-21,1360.018163169159,1365.4043737163634,1348.662214015589,1355.125732421875,6236361
2022-12-22,1365.8531440573202,1373.4386796309227,1357.100552434212,1366.346923828125,6302640
2022-12-23,1354.362536751784,1355.4398445619386,1340.2686636264464,1343.94921875,6283822
2022-12-26,1347.0012542188153,1355.4396711967759,1343.2757706528168,1348.7069091796875,4115459
2022-12-27,1355.48441917478,1365.8079870575514,1344.3080786478201,1359.8831787109375,4860076
2022-12-28,1351.1307473515324,1368.9501033965662,1345.2059383085596,1355.6641845703125,5029860
2022-12-29,1350.1431072164303,1365.673387588638,1347.4500026142698,1362.3070068359375,4624745
2022-12-30,1371.6881105842783,1373.8426164441485,1350.188200066258,1353.91357421875,5060544
2023-01-02,1359.120516238876,1370.3417886648904,1350.1884272208638,1368.0975341796875,3801140
2023-01-03,1364.3719160112378,1375.862541681665,1360.1078329075388,1366.7957763671875,4551130
2023-01-04,1365.4042617792377,1365.4042617792377,1338.5629595029297,1341.884521484375,7059590
2023-01-05,1351.8490596942972,1351.8490596942972,1318.948269310685,1324.28955078125,9868404
2023-01-06,1319.6215095559523,1324.1100180918568,1298.5255194372007,1300.3209228515625,6443714
2023-01-09,1300.0513365001793,1336.991777074858,1300.0513365001793,1332.593017578125,11498717
2023-01-10,1330.3938176401173,1332.0994726561996,1305.3031008773605,1319.39697265625,7158624
2023-01-11,1319.6214032298747,1341.166242466281,1314.2351934207732,1320.7435302734375,6173092
2023-01-12,1330.3490824935222,1333.087116700985,1306.156063838339,1329.13720703125,6591385
2023-01-13,1331.7405119183861,1363.9680258321482,1317.8261351507858,1349.8292236328125,11610426
2023-01-16,1355.5297139385652,1371.6883462901508,1348.6174539323713,1369.444091796875,6073063
2023-01-17,1370.7904478929847,1384.435469422026,1368.097342887301,1382.01171875,5922644
2023-01-18,1386.7248215371396,1393.098482244262,1382.1016354639867,1387.308349609375,5843098
2023-01-19,1382.3708462159693,1391.0336893900567,1370.0274480510775,1381.47314453125,6165284
2023-01-20,1380.6652340912512,1386.9491460799632,1368.0974101138277,1369.4888916015625,6496429
2023-01-23,1377.9720899793838,1394.4000746897525,1371.777926420586,1389.6422119140625,4855020
2023-01-24,1400.414672506807,1408.3144914155778,1391.2132299470666,1393.143310546875,5200802
2023-01-25,1388.7446156153799,1396.8239314140474,1381.3385761332681,1385.15380859375,4158617
2023-01-27,1387.8469227136595,1392.2905025981806,1353.1956566504216,1363.74365234375,6209955
2023-01-30,1372.4062845546568,1386.0513053859913,1364.5064664421677,1381.38330078125,6964719
2023-01-31,1390.450178190422,1390.450178190422,1358.2226654027863,1376.8499755859375,9448126
2023-02-01,1384.4354819888624,1395.9710362007636,1371.7330909295972,1392.425048828125,6194199
2023-02-02,1393.233077644041,1424.6077091096986,1393.233077644041,1421.735107421875,6916834
2023-02-03,1434.0784025458154,1440.4969913344742,1412.084711865144,1435.7840576171875,7040194
2023-02-06,1434.527157913661,1434.527157913661,1401.8507977317506,1409.2568359375,4570612
2023-02-07,1408.4939008206854,1414.822741340062,1396.0158258630909,1402.569091796875,4336238
2023-02-08,1405.3520131355485,1439.0158269283195,1405.3520131355485,1427.7945556640625,7983338
2023-02-09,1432.9112588662606,1454.0521755088755,1423.7996752366064,1451.58349609375,6904911
2023-02-10,1447.9479689111524,1450.9553573880837,1433.1358902910588,1443.9981689453125,4786762
2023-02-13,1433.6295447624907,1433.6295447624907,1405.8007934239577,1407.1024169921875,4001199
2023-02-14,1422.5877904936112,1432.731863182567,1416.7079103135172,1430.26318359375,5043736
2023-02-15,1421.9595093920875,1435.4250350492096,1414.7778957082892,1433.674560546875,3465747
2023-02-16,1436.3226917714796,1449.2944372484508,1434.3926112378667,1437.9385986328125,4290289
2023-02-17,1430.9365430163343,1431.8342447371726,1414.3290611808247,1421.780029296875,2857734
2023-02-20,1422.8122811217777,1439.0158408168427,1420.6129557658476,1429.5450439453125,2417716
2023-02-21,1435.155504627785,1437.8037900984118,1414.777722133191,1417.919677734375,2723288
2023-02-22,1403.1077157532914,1413.8801358358503,1396.1954567000723,1402.030517578125,3656244
2023-02-23,1409.257050222941,1409.257050222941,1389.7769663588479,1392.0660400390625,4766854
2023-02-24,1400.4146068720393,1408.4939219116857,1386.9490818059621,1392.0211181640625,2790986
2023-02-27,1382.4607685455396,1382.4607685455396,1348.3481002307794,1354.9013671875,4920268
2023-02-28,1360.5568122564098,1368.0975292158796,1329.765706580787,1335.3763427734375,9679811
2023-03-01,1339.7300806437838,1347.3156164114991,1329.94510989306,1343.0067138671875,5125043
2023-03-02,1333.0870811609395,1336.318785501753,1317.1978042286796,1321.5516357421875,4644499
2023-03-03,1334.6579262232572,1337.3959600849184,1322.3145285534606,1327.9700927734375,4615015
2023-03-06,1341.660213441557,1364.8657820936621,1340.4034090570754,1353.240478515625,6561742
2023-03-08,1338.069418507106,1342.9618493256326,1329.5860710220854,1339.9993896484375,4137080
2023-03-09,1342.064064731897,1345.071343562409,1323.7509278183406,1328.9576416015625,5104656
2023-03-10,1310.6444413069564,1323.481619051477,1308.5348642940003,1321.012939453125,3699580
2023-03-13,1314.4145977317767,1327.0722775616289,1281.9178446623562,1288.29150390625,8798403
2023-03-14,1293.58793867944,1300.1860231815615,1266.6568920726509,1274.7362060546875,7402784
2023-03-15,1290.8951691490454,1295.2490008975692,1271.9087544456395,1274.42236328125,7556182
2023-03-16,1272.7614692311392,1272.7614692311392,1255.615279699322,1260.462890625,7323117
2023-03-17,1283.7132927675293,1295.2936653670802,1267.016064862061,1275.3646240234375,9090018
2023-03-20,1274.4670058884406,1274.4670058884406,1243.1821248798633,1260.0589599609375,8221829
2023-03-21,1255.8848065948691,1261.2710173450973,1247.805490469527,1248.433837890625,8536755
2023-03-22,1259.475478387338,1263.2907105920037,1240.7584199586402,1247.132080078125,8356487
2023-03-23,1242.3740984776875,1242.3740984776875,1229.851204859829,1233.935791015625,7607718
2023-03-24,1246.0098280458892,1255.8396167899662,1236.583961191075,1239.4117431640625,7559127
2023-03-27,1244.4389202610448,1252.9670859905164,1233.5318232273341,1246.8626708984375,4170193
2023-03-28,1249.6906260051426,1254.987088423621,1235.1029720803328,1236.6739501953125,6633366
2023-03-29,1237.930550460286,1247.7155201650944,1224.958805711683,1242.01513671875,8813966
2023-03-31,1260.373255884927,1283.668572443724,1251.306490134495,1281.8731689453125,8711975
2023-04-03,1288.201979583624,1288.201979583624,1261.405604921375,1266.5224609375,5242764
2023-04-05,1256.7824202977913,1281.469217839355,1256.7824202977913,1277.92333984375,7506334
2023-04-06,1271.1455548730469,1282.277077411361,1266.073518560293,1276.4420166015625,6948465
2023-04-10,1278.2820832335972,1287.3040276790762,1270.247698163105,1281.5587158203125,4993788
2023-04-11,1282.7260596530837,1286.7207886297933,1246.9077377115614,1262.3033447265625,6942255
2023-04-12,1268.4974270475386,1285.059979527605,1256.7823760661174,1282.1873779296875,5831169
2023-04-13,1265.5350958531417,1266.7021520108399,1241.5215730199645,1247.0872802734375,11267238
2023-04-17,1122.396511196189,1132.1365530010617,1064.0458990402255,1129.578125,53171705
2023-04-18,1140.0362461201344,1140.0362461201344,1124.909994178881,1130.5206298828125,12430884
2023-04-19,1126.0320630409092,1126.0320630409092,1103.6344503031144,1106.14794921875,11307230
2023-04-20,1104.801447731595,1111.2200368576048,1096.4528876003903,1098.248291015625,8621249
2023-04-21,1102.4674657463806,1107.0906515432816,1095.1961036957662,1101.794189453125,8691352
2023-04-24,1102.3776114514949,1104.1730147274745,1093.4005950715969,1100.8515625,8313774
2023-04-25,1100.537247505562,1109.110341734084,1090.7074586862907,1099.5947265625,6808576
2023-04-26,1102.3776768107684,1106.8661852668383,1095.6898430443146,1101.9737548828125,5680192
2023-04-27,1104.1730895812436,1120.1522236538028,1100.043683683095,1118.7607421875,8020704
2023-04-28,1127.2438790677813,1130.2063382433646,1117.5935866641942,1124.595703125,10118277
2023-05-02,1126.2116409241175,1148.833678512012,1126.2116409241175,1146.7689208984375,8886401
2023-05-03,1136.4904547779106,1142.3255163545746,1132.989395915365,1139.3182373046875,5549783
2023-05-04,1139.1384292092687,1145.2877729850925,1133.3482975814445,1143.2679443359375,4505401
2023-05-05,1148.1603035984033,1148.1603035984033,1125.9421898266594,1130.2960205078125,5373791
2023-05-08,1133.3034433741707,1140.3504892363796,1126.7951061867552,1136.1312255859375,5260842
2023-05-09,1136.4903186239899,1141.8765286648618,1131.7324559214633,1140.70947265625,4969897
2023-05-10,1145.8264050289897,1145.8264050289897,1130.3410516063245,1134.0216064453125,6515734
2023-05-11,1140.3054042377769,1145.3774399578563,1124.8649812707113,1127.6029052734375,6888461
2023-05-12,1125.1342831512181,1127.513214317715,1112.2972159671344,1117.8179931640625,8292212
2023-05-15,1122.0373891886634,1139.0937216777986,1118.2221569213568,1129.6229248046875,5534710
2023-05-16,1135.592824992522,1143.6272126089764,1133.5729958571599,1134.9644775390625,5236469
2023-05-17,1131.6428307830922,1131.9570044864442,1115.349521720346,1119.3443603515625,10465667
2023-05-18,1129.8472737459822,1130.7899043107132,1115.3493701951222,1118.5362548828125,6948732
2023-05-19,1127.5584254909388,1143.0437820321574,1124.6408945483902,1139.0938720703125,11094136
2023-05-22,1142.7292411104354,1163.0622048581356,1140.3054905530537,1160.5487060546875,7625947
2023-05-23,1166.293994801615,1179.714700851119,1164.3640238293533,1167.05712890625,7436031
2023-05-24,1163.6907159656682,1171.500676643536,1159.202207626038,1165.80029296875,4824077
2023-05-25,1162.0748961534305,1173.2961678428223,1157.3619620438858,1170.917236328125,4334121
2023-05-26,1172.398361832931,1188.063211884976,1172.398361832931,1182.677001953125,5521606
2023-05-29,1196.3669615854992,1196.3669615854992,1175.8545005172648,1179.9390869140625,4419365
2023-05-30,1180.477725221967,1190.7115464294097,1175.2261922392356,1188.42236328125,6274719
2023-05-31,1184.8315574211917,1194.9307014660071,1179.7147016049091,1183.440185546875,17800782
2023-06-01,1187.2553678657034,1193.4943505359809,1183.2605297506059,1184.517333984375,4277841
2023-06-02,1190.8858847438232,1194.4340008819925,1179.104437792939,1181.7882080078125,10909311
2023-06-05,1186.3369863034209,1191.2951754512299,1180.241587621195,1186.7918701171875,5002553
2023-06-06,1172.326397297681,1172.326397297681,1158.1340462786784,1163.5926513671875,10008100
2023-06-07,1174.0550816558036,1177.2392682391398,1166.7769408938925,1172.6448974609375,5397578
2023-06-08,1170.1430477667195,1175.4197442918237,1165.5032551977433,1167.0499267578125,5034942
2023-06-09,1166.7769126021076,1166.7769126021076,1149.9462124982956,1151.72021484375,5339073
2023-06-12,1158.5889785796096,1178.785773831074,1158.1340948031748,1175.3741455078125,4785588
2023-06-13,1182.606802691583,1188.6112460171735,1180.0139875118512,1187.110107421875,4846587
2023-06-14,1188.4749628140476,1188.7933592845616,1176.5114958499232,1183.0618896484375,3457981
2023-06-15,1177.1935914392234,1177.1935914392234,1166.9132855039109,1170.6888427734375,6161155
2023-06-16,1170.8707552652124,1184.0623838210365,1165.457683142132,1175.1011962890625,8536287
2023-06-19,1177.2392578125,1182.2429795419966,1170.9164175038359,1177.2392578125,4451787
2023-06-20,1177.239178669295,1187.24662145551,1174.6008306327171,1185.791015625,4009180
2023-06-21,1182.6524057587176,1186.1551000366512,1178.1491003379751,1182.1065673828125,4041529
2023-06-22,1173.0543732215287,1173.0543732215287,1158.5890460770524,1165.9127197265625,6676607
2023-06-23,1161.27275111336,1163.9110992338817,1149.354818354435,1150.85595703125,7239467
2023-06-26,1155.6324341119628,1159.044063025893,1148.3542924289115,1155.723388671875,3403244
2023-06-27,1164.5025282959484,1166.322063496411,1159.2258317923613,1163.729248046875,3240024
2023-06-28,1173.600249850804,1179.695648586696,1165.7762703962558,1176.64794921875,5662358
2023-06-30,1190.1578094473005,1218.0877385740087,1186.7461812925758,1214.9945068359375,12821692
2023-07-03,1209.9907163588139,1224.546995653356,1208.580532379916,1213.3568115234375,7732412
2023-07-04,1223.0005235288127,1224.5470838930623,1211.2645002907818,1223.7738037109375,5797775
2023-07-05,1235.3278393695025,1235.4187939129251,1219.9982784398992,1225.7298583984375,5414936
2023-07-06,1221.4085546821386,1225.8663271465525,1216.4957873550766,1222.63671875,5963897
2023-07-07,1213.6300129632032,1224.365315371182,1205.7605007879629,1210.1728515625,6295647
2023-07-10,1215.9499539497926,1220.817188493727,1200.2564625432983,1209.2176513671875,3940315
2023-07-11,1213.129595917475,1229.0051076173486,1207.2616391546826,1226.91259765625,6126128
2023-07-12,1229.0960058756348,1229.9148189122855,1207.26158386156,1212.9931640625,8102770
2023-07-13,1214.4487694545699,1252.5680534152623,1210.7641663190607,1241.9237060546875,9977644
2023-07-14,1256.0707930839553,1300.9678067201296,1256.0707930839553,1297.283203125,12833381
2023-07-17,1297.2830136298498,1327.3053432456984,1286.68431035238,1294.5537109375,11569884
2023-07-18,1304.60684950845,1344.5910945115115,1300.0580111210427,1342.0892333984375,16743977
2023-07-19,1351.9146708665796,1363.559740717556,1328.8975058703597,1341.8616943359375,13687062
2023-07-20,1338.2681331891117,1338.2681331891117,1310.7021306189188,1318.7081298828125,8347221
2023-07-21,1201.075039161913,1228.186155763225,1187.2466172377842,1211.4464111328125,45548305
2023-07-24,1219.998361010124,1228.0953149237007,1213.8574296627578,1215.995361328125,8859789
2023-07-25,1216.359245637285,1221.681363730559,1204.759709076421,1214.17578125,6801982
2023-07-26,1221.817896357927,1228.186269607745,1218.5427551834298,1227.1400146484375,5528885
2023-07-27,1236.0101907567564,1240.7410487249037,1225.5024420215238,1231.052001953125,9191861
2023-07-28,1231.6888321728816,1240.7865080925476,1215.4495028674003,1219.54345703125,6122735
2023-07-31,1227.048864661413,1235.0093299557873,1212.9474689970928,1233.3717041015625,7902180
2023-08-01,1239.1034366209878,1245.471809643269,1234.55459874793,1242.0146484375,6064652
2023-08-02,1245.7447635687552,1248.1555587567932,1226.7760211098619,1234.4180908203125,7419145
2023-08-03,1228.186202359877,1243.2428998554956,1227.2764348025732,1241.1959228515625,6503741
2023-08-04,1245.380890015176,1260.8469392172133,1239.1034713632262,1253.9781494140625,5712345
2023-08-07,1262.666360213914,1269.1256873794193,1252.7498720583947,1267.30615234375,3729093
2023-08-08,1267.1696952534337,1267.8065991644844,1259.482203966465,1264.7587890625,4161877
2023-08-09,1259.1182297003613,1270.0354397844685,1257.7535784398478,1268.579833984375,4090828
2023-08-10,1266.0324754708959,1269.8535657391153,1260.5738702782457,1263.758056640625,3873025
2023-08-11,1266.396413303026,1270.8087636526227,1243.6977576448737,1248.0645751953125,5783517
2023-08-14,1248.0646177377491,1269.1257591782453,1242.378570429603,1267.806640625,4304135
2023-08-16,1283.5000834227826,1291.8243675275844,1278.5873165202784,1290.5052490234375,7735313
2023-08-17,1291.8699868845008,1291.8699868845008,1279.1332405349353,1284.1824951171875,5618346
2023-08-18,1277.0406772674733,1281.5895150593437,1261.0743232513742,1263.4852294921875,5134103
2023-08-21,1264.3495172472738,1280.04300828704,1261.9841437074754,1278.58740234375,3032722
2023-08-22,1277.9505385325194,1279.178813670877,1270.6269757839684,1277.0863037109375,2890714
2023-08-23,1288.2310228104463,1288.7768612022073,1278.8149496217914,1280.9073486328125,2559125
2023-08-24,1293.2345299499723,1296.4642490688886,1286.820624510391,1295.14501953125,5171963
2023-08-25,1285.501488336358,1294.144279659214,1284.0458825352084,1291.9608154296875,4307172
2023-08-28,1291.9610192819164,1296.2369938760085,1284.0460851385783,1287.91259765625,3133464
2023-08-29,1295.509057691945,1295.8729869417455,1287.594124022955,1289.7320556640625,3074444
2023-08-30,1298.2383261733323,1307.0176054605395,1295.5090234553786,1305.6529541015625,3070887
2023-08-31,1305.6529176191962,1314.523151204695,1299.739428562197,1305.92578125,9792735
2023-09-01,1301.831847342556,1315.5238935615507,1299.32998654913,1313.56787109375,3582133
2023-09-04,1312.7945503532342,1337.358273748617,1305.2434354057439,1332.900390625,4609014
2023-09-05,1332.8094095252152,1346.5014550487228,1325.0763856474239,1345.4552001953125,5496840
2023-09-06,1348.1845184505673,1349.0942859762029,1331.2628646848657,1344.135986328125,5075786
2023-09-07,1337.90412243496,1340.4515159698167,1330.1256765994524,1333.901123046875,4411743
2023-09-08,1331.4448248574233,1341.679709913553,1328.442547485381,1336.994384765625,3125838
2023-09-11,1336.9943110540305,1344.6819131501657,1332.3545189621761,1343.2261962890625,4182226
2023-09-12,1348.7304447397828,1368.2904478169532,1343.8176775697427,1365.652099609375,6793161
2023-09-13,1369.2002453382354,1369.2002453382354,1354.3255672096375,1363.1502685546875,4804686
2023-09-14,1369.200240762729,1376.0690305788348,1363.8781225031132,1370.9742431640625,6444213
2023-09-15,1381.0273694792074,1381.3912987705646,1372.8394601739947,1375.204833984375,8657816
2023-09-18,1369.1093400919283,1369.1093400919283,1353.7342448047293,1357.19140625,3991916
2023-09-20,1342.9990909242965,1360.1937233901647,1342.9990909242965,1355.7813720703125,4169337
2023-09-21,1352.4149859666784,1368.790801746706,1342.8168939622524,1366.243408203125,6779195
2023-09-22,1357.2820480014348,1370.9739811590455,1351.1865396006708,1361.1485595703125,5455613
2023-09-25,1355.4170944618959,1355.4170944618959,1338.768415761757,1341.1337890625,4217863
2023-09-26,1345.682751173916,1346.3650768655104,1327.3509120486192,1328.85205078125,3996528
2023-09-27,1324.6214638718475,1336.9942795100794,1319.2083917349964,1334.62890625,3863586
2023-09-28,1335.4480210194674,1339.7238847615324,1305.5166416581312,1309.5650634765625,5814602
2023-09-29,1302.8780821778992,1316.251731755555,1288.2308468786073,1305.92578125,6068968
2023-10-03,1306.4717573853966,1307.3359921507258,1292.142918222993,1304.606689453125,4181867
2023-10-04,1296.41872564626,1319.1173810169118,1290.2322620419864,1314.022705078125,4510406
2023-10-05,1320.982497846701,1342.4985228636597,1319.3448718155562,1331.3992919921875,7384621
2023-10-06,1336.9036191822188,1350.5501345192267,1331.2631039318392,1345.2734375,3598672
2023-10-09,1332.718425809864,1356.46333522133,1330.261986939683,1342.31640625,3567552
2023-10-10,1350.0042495921527,1361.9221836979577,1336.539643834747,1360.2391357421875,5688951
2023-10-11,1361.922136312119,1381.2546983673178,1347.7752053035967,1359.5567626953125,7220129
2023-10-12,1357.2821666354187,1368.6542604790434,1320.9824208754478,1333.2642822265625,11081662
2023-10-13,1278.2233513513881,1308.2456791767233,1273.6745138020951,1302.0137939453125,17973439
2023-10-16,1302.8780961484347,1313.340423053773,1300.9676064898863,1304.7431640625,4850745
2023-10-17,1310.2928671016498,1322.2108011891066,1308.291422679862,1312.2943115234375,3923764
2023-10-18,1311.8847923385383,1322.8020028156968,1308.5641186072812,1310.565673828125,4264837
2023-10-19,1297.4195403384058,1309.746935628435,1297.4195403384058,1304.288330078125,6795691
2023-10-20,1300.9676812379575,1308.700705916645,1296.6462850939854,1298.4658203125,3928622
2023-10-23,1296.964582762976,1303.1055136577397,1278.4508355358098,1281.5440673828125,2636516
2023-10-25,1289.2389333048216,1292.5104566531788,1254.4967997562355,1262.560302734375,6940777
2023-10-26,1248.7372916684367,1266.2004921783227,1246.940214740459,1252.7919921875,6357656
2023-10-27,1256.6622771033196,1276.3371998881837,1256.6622771033196,1272.052001953125,4634358
2023-10-30,1272.0521334622172,1272.0521334622172,1256.155513264206,1269.0111083984375,2667696
2023-10-31,1271.6835518717269,1272.7894712580314,1256.0634389161826,1261.039794921875,3451595
2023-11-01,1265.3249033766447,1269.379603358429,1245.6038569027073,1247.90771484375,3090672
2023-11-02,1262.5142118386507,1268.3199791238953,1254.819348447591,1262.6524658203125,3758060
2023-11-03,1271.775812861255,1282.788209750896,1269.6562183795236,1280.0697021484375,3349045
2023-11-06,1284.5391312922866,1296.8417109189295,1281.6823697767961,1293.20166015625,2736381
2023-11-07,1290.1604881630135,1295.5976155760281,1285.4145181543718,1294.1231689453125,2272209
2023-11-08,1294.7683051059266,1294.7683051059266,1277.6736323081873,1281.86669921875,3550635
2023-11-09,1286.3821608724284,1287.8566074771882,1262.5602919196745,1266.9376220703125,5498051
2023-11-10,1262.4681428598753,1265.4171487849635,1254.2203756878132,1261.4544677734375,2943649
2023-11-13,1271.5914215374528,1273.9874114709824,1263.2975323492624,1265.7857666015625,3462092
2023-11-15,1289.2389232333946,1303.062071087934,1283.7096640915788,1299.836669921875,8551860
2023-11-16,1304.9972320134652,1339.3708365003445,1299.9287446892533,1331.5377197265625,6673907
2023-11-17,1327.9898053316556,1337.1591147047359,1322.4605464148888,1324.764404296875,4901251
2023-11-20,1328.865149180104,1338.0805801730312,1321.1702867996207,1323.8887939453125,3584210
2023-11-21,1328.8652153730889,1336.2375605346595,1324.0271138608082,1326.1005859375,3793135
2023-11-22,1323.5202369954038,1344.4853438157159,1323.5202369954038,1343.4256591796875,3108786
2023-11-23,1352.733312304696,1352.733312304696,1334.1180718038254,1335.5465087890625,3186928
2023-11-24,1332.1369430585005,1338.679877895318,1321.3548191084903,1324.6263427734375,2973195
2023-11-28,1330.7084271755414,1331.6299704076575,1315.088314388403,1329.5103759765625,3755373
2023-11-29,1337.251355220777,1346.0981477081089,1336.0534165206054,1345.08447265625,3875778
2023-11-30,1339.2326879569457,1346.0521303013406,1335.8230230312827,1340.983642578125,10120867
2023-12-01,1345.3608832594507,1345.3608832594507,1332.6896647955414,1338.357177734375,3489187
2023-12-04,1345.8677509348179,1356.4194883018783,1335.592634024112,1349.4617919921875,5511948
2023-12-05,1350.798062419795,1351.8117374373267,1328.8652893459846,1339.877685546875,5123039
2023-12-06,1342.4582175598755,1361.1194695973477,1337.2054656873006,1358.63134765625,5269178
2023-12-07,1357.2949393135057,1357.2949393135057,1347.1119540015106,1350.8902587890625,4424453
2023-12-08,1355.0372784572535,1377.4307129471217,1351.2128512985264,1374.1593017578125,6323433
2023-12-11,1373.0993558033465,1380.471701337861,1365.727010268832,1371.717041015625,3862018
2023-12-12,1361.5799669478545,1373.0992560083268,1352.5027896668134,1360.2437744140625,6103494
2023-12-13,1360.19782972632,1360.2439518858023,1320.7097241735976,1335.316162109375,8549258
2023-12-14,1348.5863495012065,1392.4517835867966,1346.697140932601,1383.6510009765625,12489858
2023-12-15,1403.5565657706456,1463.917651822094,1401.6673570114986,1454.56396484375,18395389
2023-12-18,1444.9337442546357,1468.0184484698,1437.884028140626,1441.6162109375,6467243
2023-12-19,1446.915036424613,1450.4629554436433,1422.1716226248461,1436.0408935546875,4221721
2023-12-20,1442.2612442252062,1459.2636714338232,1409.9611097529205,1415.8590087890625,6592367
2023-12-21,1401.897594233354,1425.3048140325604,1401.897594233354,1415.4903564453125,5319038
2023-12-22,1414.522706978693,1443.1366686825568,1403.5103106025122,1440.2799072265625,6741060
2023-12-26,1414.5687619692478,1426.5488231455345,1403.5102439603677,1422.8165283203125,6878067
2023-12-27,1422.8627642542663,1446.8228885227966,1422.8627642542663,1444.150390625,4225849
2023-12-28,1445.855092876647,1445.855092876647,1432.9996108186176,1440.0494384765625,5702253
2023-12-29,1420.1442885580782,1437.1005945803086,1419.1766231359832,1421.84912109375,4388990
2024-01-01,1418.255192778404,1434.8429728109002,1414.7994052716342,1429.63623046875,2808451
2024-01-02,1424.7058704570197,1427.608754205272,1403.5103756183967,1414.0159912109375,5396313
2024-01-03,1400.6996635455614,1400.6996635455614,1371.2564007445471,1373.0994873046875,7550363
2024-01-04,1386.8764724125788,1400.5153575424802,1375.771943719321,1394.0184326171875,7056038
2024-01-05,1388.5351762892633,1418.8999788505123,1388.07440470264,1412.31103515625,8895403
2024-01-08,1408.9935731336889,1415.4904983479466,1394.525388427754,1403.326171875,4440136
2024-01-09,1420.9274616897512,1431.1565685607613,1406.1366485499625,1409.3160400390625,4412074
2024-01-10,1405.3071677486228,1414.983370728282,1386.9224270844938,1400.6534423828125,4096845
2024-01-11,1405.261293276588,1405.3534251009314,1369.9661425866611,1376.9698486328125,11296088
2024-01-12,1439.450552270239,1491.056974118596,1433.3683893367258,1486.2188720703125,26754401
2024-01-15,1515.8925107048797,1534.3233755421343,1507.6447436874366,1522.4815673828125,13228305
2024-01-16,1515.7542704008683,1519.1639351762556,1497.5076704042556,1503.5438232421875,6500917
2024-01-17,1493.1303945709744,1518.2424471875822,1493.1303945709744,1511.51513671875,9209876
2024-01-18,1513.7730508709333,1519.6248280436816,1500.5028054955274,1513.7269287109375,6375464
2024-01-19,1522.0207083253042,1534.830181149936,1515.1552565650597,1529.0244140625,4522736
2024-01-23,1520.6384796288353,1543.3084208611072,1509.2113209406687,1513.312255859375,9401255
2024-01-24,1529.669692631178,1548.1926898142694,1515.9386754431387,1543.95361328125,8999681
2024-01-25,1541.695746187862,1548.6995649327355,1527.9187194984197,1538.1478271484375,8865304
2024-01-29,1534.5079025994237,1547.593772923592,1518.3347721169375,1526.628662109375,4253785
2024-01-30,1532.0194213135253,1557.4079810311105,1518.9335530973535,1521.8824462890625,4995943
2024-01-31,1518.93352092331,1536.442841049227,1509.5798353047996,1530.591064453125,6763779
2024-02-01,1529.346948648717,1545.4278312937574,1520.8686843443536,1527.0430908203125,5760011
2024-02-02,1535.3370559365164,1583.6719506012253,1534.3693906028748,1560.4951171875,7858483
2024-02-05,1561.785455468717,1567.3147150838886,1549.8975247974827,1554.8277587890625,3634135
2024-02-06,1554.4129683538292,1597.034340689009,1542.6171705805966,1593.7628173828125,7694265
2024-02-07,1593.3481668011993,1593.3481668011993,1554.5050990563916,1560.86376953125,4613877
2024-02-08,1564.7803892211357,1572.4752526176906,1550.7729772594932,1559.34326171875,5919715
2024-02-09,1552.5238399589869,1560.080561966992,1529.577503446997,1538.378173828125,4600004
2024-02-12,1539.2998647238455,1560.1267212932257,1539.2998647238455,1548.284912109375,3555808
2024-02-13,1550.9571831806093,1556.5785741207376,1532.9870910403704,1552.3856201171875,2696481
2024-02-14,1529.9459605809961,1538.4702350970776,1507.1838887623073,1535.4752197265625,3768579
2024-02-15,1545.4278829759044,1555.3344719693396,1531.2360957797196,1544.828857421875,4834391
2024-02-16,1556.4863775731233,1574.9172405402414,1555.5187122701257,1568.1439208984375,4880654
2024-02-19,1571.2311682439513,1577.2211990906292,1555.2884257624896,1566.39306640625,3690993
2024-02-20,1552.800375906301,1561.324650966914,1537.8252980971156,1553.03076171875,3706389
2024-02-21,1542.663439133254,1542.663439133254,1516.2151921931338,1525.6610107421875,4300508
2024-02-22,1534.3694366019563,1552.4316609246032,1515.3856690741432,1549.4366455078125,5841277
2024-02-23,1563.858914132195,1565.1951068635992,1540.7282007765268,1545.289794921875,5373072
2024-02-26,1543.5387967991637,1543.5387967991637,1515.938621902185,1529.9000244140625,2782438
2024-02-27,1530.683233844853,1539.9907975363865,1523.1266247075048,1533.0792236328125,5159088
2024-02-28,1538.9770993537304,1555.3806128350852,1531.6508761234932,1540.1290283203125,3188916
2024-02-29,1534.369410109207,1550.2660301238518,1523.5873997921522,1542.5711669921875,7814722
2024-03-01,1538.05555376044,1540.774061120071,1521.467776667757,1524.87744140625,6387291
2024-03-04,1527.7803779385492,1533.8625405850848,1505.479077403563,1508.75048828125,4445156
2024-03-05,1505.8015436860508,1508.8886908149464,1476.3121621695554,1480.4591064453125,4596579
2024-03-06,1477.049450044554,1493.0382016771937,1452.352047887815,1490.6422119140625,6420684
2024-03-07,1489.7667940250446,1500.6870590284748,1478.3396352373709,1489.6285400390625,6348359
2024-03-11,1481.9797912201366,1487.186533050453,1463.4106723438592,1475.0220947265625,6752895
2024-03-12,1474.469015504546,1497.5075938718044,1472.3034116366352,1486.4029541015625,4614222
2024-03-13,1486.3569240580796,1497.0468017752844,1473.1328027552288,1484.974609375,5688997
2024-03-14,1487.7393497230903,1527.6882245455754,1481.8414508033693,1523.58740234375,8803799
2024-03-15,1512.3444475668186,1516.6757678865583,1491.3793408128192,1505.801513671875,11809997
2024-03-18,1502.11543929507,1504.5575513115562,1473.4093456712776,1476.9112548828125,4958904
2024-03-19,1467.4193112677192,1473.5475961267095,1435.764324431153,1438.943603515625,6870411
2024-03-20,1440.3720813461923,1451.3844780457566,1430.5576233604784,1432.95361328125,4759059
2024-03-21,1441.2935411478331,1453.2274803947662,1422.3097740379771,1432.72314453125,11062497
2024-03-22,1401.6671085042765,1408.9473217702673,1380.6558800265154,1390.4703369140625,14673890
2024-03-26,1374.9424783172167,1389.1802760076575,1371.164173630106,1375.54150390625,8351081
2024-03-27,1378.6285343195814,1381.3931637333237,1365.3122809739452,1367.4317626953125,6857402
2024-03-28,1370.47310016729,1393.189164332538,1370.47310016729,1380.5179443359375,12499530
2024-04-01,1405.3533500790074,1409.9149438246613,1375.6797046680076,1378.1217041015625,6580002
2024-04-02,1368.353462463362,1376.0023163808078,1364.6672894897633,1366.5103759765625,7279400
2024-04-03,1362.9623414349414,1377.7991638971826,1359.2761687738598,1364.48291015625,8736248
2024-04-04,1373.6062588459959,1378.3061066574217,1352.8254147328123,1370.0582275390625,11186915
2024-04-05,1363.93009899174,1370.0582714607572,1360.24392608138,1363.0545654296875,5072482
2024-04-08,1366.6486630791478,1373.97488704448,1358.4469055155266,1360.8428955078125,6610887
2024-04-09,1373.0993855776476,1395.0321590156452,1370.6112639030227,1377.56884765625,9423230
2024-04-10,1382.6373994109804,1391.3920603288602,1368.0770834855082,1388.5814208984375,6744595
2024-04-12,1386.0009366054892,1388.581302495331,1363.4231287950938,1368.26123046875,12275616
2024-04-15,1363.8838870765444,1374.8962829242955,1346.420689060188,1352.963623046875,8531224
2024-04-16,1337.159257468646,1340.983684459676,1302.1867360834249,1303.476806640625,16173541
2024-04-18,1309.6052233123307,1331.353623726344,1297.0722563358727,1307.900390625,22107945
2024-04-19,1276.3373231980736,1314.903883353496,1270.5776782377934,1300.52783203125,20603621
2024-04-22,1308.4992564312556,1324.1193692022916,1302.1867077963823,1320.341064453125,5859087
2024-04-23,1329.7870343625723,1333.3349537089287,1320.5716009990065,1329.234130859375,4856174
2024-04-24,1330.9848800805114,1330.9848800805114,1315.0882599841418,1318.4979248046875,4268213
2024-04-25,1308.5913232271268,1331.5377710414832,1308.5913232271268,1325.59375,9089398
2024-04-26,1326.7457701482465,1331.9986341616486,1315.0422158870554,1318.0372314453125,8062444
2024-04-29,1317.7607514168,1326.838042603384,1316.1941728580287,1322.1842041015625,5055957
2024-04-30,1322.1380131744238,1323.8429581264434,1306.3336369406475,1309.0982666015625,6936588
2024-05-02,1302.1406139236367,1312.2775896866656,1301.08081668616,1303.476806640625,10076354
2024-05-03,1310.5266461015717,1313.0148803966708,1293.109456008172,1305.1817626953125,8842345
2024-05-06,1308.5913151241766,1332.2749298443393,1305.9188174045357,1314.0284423828125,6445422
2024-05-07,1313.1530130338447,1330.1094313833817,1304.536606119083,1327.897705078125,6080661
2024-05-08,1322.6448266752147,1326.791770914921,1313.751912640343,1315.318603515625,6234983
2024-05-09,1315.5489046143746,1336.1913801730982,1313.060670734901,1326.607421875,6088406
2024-05-10,1322.460619610937,1323.289918499904,1302.1405469699123,1313.10693359375,8777481
2024-05-13,1313.199189050727,1313.199189050727,1300.4818466437416,1311.770751953125,3735954
2024-05-14,1314.4891762078207,1321.2624958851497,1306.7943133773022,1312.9224853515625,3463230
2024-05-15,1314.120547134986,1319.4655424641765,1307.255095585117,1308.545166015625,4327544
2024-05-16,1321.4468679639122,1341.5365553493355,1315.0421875208667,1339.3248291015625,9249145
2024-05-17,1342.6884167000094,1342.6884167000094,1326.3310252131012,1330.98486328125,7542860
2024-05-21,1317.8067987413262,1331.3534390178734,1316.332352094495,1321.6312255859375,6752663
2024-05-22,1316.6548867308702,1345.406990441256,1315.963729310014,1340.6611328125,7173285
2024-05-23,1340.5688666610595,1362.17912249703,1336.2376585581328,1356.8802490234375,8641428
2024-05-24,1353.0558377538796,1359.737026123514,1345.4531061608475,1350.1529541015625,5277938
2024-05-27,1356.373491379203,1363.5154519951307,1345.6836115365593,1355.9127197265625,5821844
2024-05-28,1359.7370687266528,1360.1978403527887,1345.7296562893546,1351.9500732421875,6186922
2024-05-29,1350.4294036068611,1350.5215354265988,1336.237616082271,1337.113037109375,7401634
2024-05-30,1329.6025651299135,1336.0993771509409,1310.0197722599248,1315.456787109375,9663150
2024-05-31,1325.1858078435043,1350.5182603744363,1315.9739443356261,1322.4598388671875,37113815
2024-06-03,1353.5731158092904,1353.5731158092904,1319.7337879140582,1321.519775390625,10589244
2024-06-04,1324.4336953647442,1330.0735833506835,1276.8236180013437,1310.0050048828125,13736134
2024-06-05,1316.1148183429186,1351.6930870098186,1316.1148183429186,1344.2672119140625,9233424
2024-06-06,1358.2259161135482,1385.814458709679,1351.2231014159079,1383.887451171875,12660930
2024-06-07,1392.1124223339962,1447.289283385155,1388.5874921626576,1441.555419921875,24075302
2024-06-10,1433.753506313127,1437.9834221145236,1407.434030215548,1409.7369384765625,6810606
2024-06-11,1410.0190163300265,1416.0348049461413,1404.2850385180848,1405.97705078125,4853054
2024-06-12,1416.5519427607585,1418.1969101793593,1393.7573942458623,1396.060302734375,9564320
2024-06-13,1405.2721826102318,1414.6719965407349,1399.961264790733,1404.28515625,7307565
2024-06-14,1413.4498626747718,1413.4498626747718,1396.8592841989566,1399.5382080078125,4237727
2024-06-18,1407.151975588544,1416.5517883847267,1405.6480284899164,1408.2799072265625,5420939
2024-06-19,1414.6718886285164,1424.6827126496337,1406.8699977638037,1420.6407470703125,5493456
2024-06-20,1425.2936379231433,1426.4215695435462,1409.125891319924,1424.4476318359375,7927010
2024-06-21,1452.2712899886412,1464.256053061363,1432.2496398990345,1440.70947265625,17301941
2024-06-24,1433.0485032665965,1437.3253492351942,1424.4476516241698,1435.492431640625,5564989
2024-06-25,1434.4115183965616,1451.237207255743,1429.1006009006553,1449.4041748046875,4551525
2024-06-26,1448.5112883548547,1455.89011914625,1442.8714001458156,1448.229248046875,4851004
2024-06-27,1446.1141853395814,1483.6665071274144,1440.0983968135813,1478.9195556640625,14757754
2024-06-28,1478.1676356666337,1493.1602914681441,1470.3657449978248,1472.7156982421875,8197544
2024-07-01,1465.900805673246,1503.876072321398,1465.900805673246,1495.322265625,6801771
2024-07-02,1500.3983274471718,1535.7417213583608,1491.280553383894,1523.7569580078125,10493173
2024-07-03,1527.469729765856,1537.8095248596555,1509.6100836947476,1529.7257080078125,7269965
2024-07-04,1530.4776709701966,1560.3691254148293,1530.2897205875556,1551.580322265625,8008311
2024-07-05,1552.332191113537,1565.8679458210338,1535.3185512266714,1548.572265625,7065022
2024-07-08,1544.483343885064,1566.008939897241,1541.5694246287367,1561.9200439453125,5880533
2024-07-09,1560.2750121000736,1566.7138611771477,1551.9091554243114,1557.6900634765625,5191182
2024-07-10,1557.5490553427878,1573.5287378659184,1539.2664644712022,1549.32421875,9852770
2024-07-11,1556.6091866425368,1565.0690191786375,1543.4964921091096,1553.5072021484375,8857679
2024-07-12,1579.1686539269024,1616.5329122564228,1566.6199259649964,1609.0130615234375,17078316
2024-07-15,1622.5957659620963,1624.2877782953476,1600.4592739409936,1604.59521484375,6942230
2024-07-16,1615.4519041715741,1633.593589888385,1597.9682742375035,1622.454833984375,6886281
2024-07-18,1615.827863817848,1659.4430193327232,1615.827863817848,1652.5341796875,11248896
2024-07-19,1733.3255702708213,1733.3255702708213,1679.2295989019908,1685.3394775390625,29819116
2024-07-22,1692.1072854937383,1713.5858343024156,1685.33935158603,1702.1650390625,8462126
2024-07-23,1701.36633287668,1729.5187298905632,1676.2218304432815,1726.65185546875,7113056
2024-07-24,1727.2156416274588,1731.7745279912915,1710.3899533806657,1723.878662109375,6002845
2024-07-25,1710.7660645530111,1721.0118842620095,1703.246213719811,1715.324951171875,5815599
2024-07-26,1715.7949342558115,1769.9848820315087,1715.7949342558115,1766.1309814453125,11369047
2024-07-29,1779.9486525351583,1788.78450012986,1752.1252276626687,1758.799072265625,4635931
2024-07-30,1758.7990290172347,1767.1178407699306,1748.365259289592,1764.4859619140625,2721265
2024-07-31,1764.344953812893,1772.0058245898792,1753.1122228334534,1756.1201171875,5004209
2024-08-01,1744.699358548906,1755.7911843622094,1734.3595637121655,1741.409423828125,7475014
2024-08-02,1732.3856829456133,1747.8953757120823,1707.1472058471231,1711.89404296875,7400938
2024-08-05,1677.8196096487513,1689.6164211011132,1615.4049418548652,1646.7532958984375,10736703
2024-08-06,1654.5551502330297,1689.0994653436978,1640.126459251215,1646.0013427734375,7690163
2024-08-07,1688.2065718679119,1689.9925594528395,1656.341179884447,1684.11767578125,5094329
2024-08-08,1673.1198103688212,1673.1198103688212,1623.4418174161967,1638.528564453125,6227910
2024-08-09,1664.9419144885312,1673.8717370362467,1650.6071993461458,1664.471923828125,4258524
2024-08-12,1666.634058979033,1695.2564465708763,1661.9810822256,1689.5225830078125,4315329
2024-08-13,1701.366147109179,1701.366147109179,1681.673584839887,1689.5693359375,4176918
2024-08-14,1693.8464406687062,1715.4660123309595,1689.5694795075585,1713.821044921875,7450718
2024-08-16,1738.9653871768742,1750.1041425189478,1719.6957707243737,1747.378173828125,7335657
2024-08-19,1748.3653628246682,1755.46226812506,1738.2135180462226,1752.8773193359375,2585989
2024-08-20,1767.165030694927,1772.5228787734409,1756.073204285589,1759.8331298828125,3870333
2024-08-21,1762.5588344138969,1766.2247842698705,1755.0389843478197,1760.3028564453125,1966902
2024-08-22,1770.9248323444356,1779.9956751616294,1757.4830533776285,1767.39990234375,4300287
2024-08-23,1765.4730331765138,1769.6089743171249,1745.545473240602,1750.33935546875,5015935
2024-08-26,1757.7651122966831,1775.3897624868237,1752.125224235838,1763.5460205078125,3728589
2024-08-27,1763.54596510821,1788.5494451104064,1761.431007151832,1786.0584716796875,3830679
2024-08-28,1792.450420519267,1833.903574209478,1783.5205978872887,1822.7177734375,6514531
2024-08-29,1816.9838956969513,1833.4335688344042,1805.610144647818,1817.3128662109375,7228284
2024-08-30,1821.6839001205192,1832.9636765918535,1812.284086394407,1827.041748046875,13466759
2024-09-02,1826.712755054023,1857.1681741009113,1826.195834151735,1846.5933837890625,5573739
2024-09-03,1848.943412636329,1848.943412636329,1820.226934986873,1824.7388916015625,4694322
2024-09-04,1805.7980647866775,1811.5319278069883,1786.0115271331308,1807.0670166015625,4778310
2024-09-05,1810.638983993486,1823.5637269032381,1794.9882723576418,1817.1248779296875,4081810
2024-09-06,1806.6441381891027,1820.2738676395406,1783.00358450389,1787.7034912109375,5848106
2024-09-09,1776.5648545358595,1805.5632579164233,1775.624873131343,1780.935791015625,4772612
2024-09-10,1790.5704823041315,1818.8638977650467,1782.2046254069915,1797.5263671875,6909600
2024-09-11,1799.7822173243185,1810.4040523138208,1790.6644442667855,1795.50537109375,5312946
2024-09-12,1809.4642374562259,1838.9796770575238,1796.1165471605727,1833.38671875,8555092
2024-09-13,1833.38646078049,1841.0473312410704,1819.47480653783,1827.4176025390625,3843127
2024-09-16,1828.9686923682912,1834.8435757434945,1817.0309752474043,1833.1986083984375,1570181
2024-09-17,1830.848761182198,1840.9065162060651,1825.5848883216336,1835.3607177734375,2793127
2024-09-18,1822.388800311061,1822.388800311061,1768.3869188956942,1778.585693359375,6385468
2024-09-19,1795.9282898631557,1809.370068657787,1766.036952686509,1780.5125732421875,7976570
2024-09-20,1790.6643987818527,1800.0642118988178,1755.3211244108263,1791.369384765625,15242974
2024-09-23,1794.4243751721033,1803.73021337189,1765.7078993837924,1782.6275634765625,3636672
2024-09-24,1774.6847802570394,1796.210376017183,1759.0811128709156,1784.6485595703125,7277616
2024-09-25,1773.1338507441149,1787.4685667691454,1764.1570974239128,1781.5467529296875,4268341
2024-09-26,1783.896554606288,1802.8370859804254,1779.3845984749128,1786.199462890625,8952803
2024-09-27,1816.137952637302,1856.0871602157958,1789.0665584656958,1792.3094482421875,14908931
2024-09-30,1767.1649937536263,1787.1395980713203,1758.2351706468926,1763.029052734375,6986955
2024-10-01,1762.4650370326212,1794.3773580722982,1762.4650370326212,1790.053466796875,4029072
2024-10-03,1776.0946700907043,1797.1032292411892,1768.1048290238766,1779.7606201171875,7503887
2024-10-04,1776.1418246086153,1836.8175525476968,1772.8048448832324,1803.0252685546875,10001483
2024-10-07,1807.7721694283628,1825.4438655173053,1801.0513942623245,1818.2060546875,6112575
2024-10-08,1821.5897622643915,1840.4363182559603,1791.933306709296,1831.6005859375,5637391
2024-10-09,1835.3605115538048,1858.3430081700687,1828.3575821051584,1835.5484619140625,4857163
2024-10-10,1840.3893918331603,1846.1232547571165,1799.2181654069389,1803.8240966796875,4782119
2024-10-11,1802.8842276209207,1830.1436867455332,1795.4583520140732,1818.9578857421875,4709431
2024-10-14,1816.1849669571325,1851.2932470173037,1815.1979406537325,1841.3294677734375,3751378
2024-10-15,1842.3633853617557,1871.925751948734,1834.6085394794932,1841.7054443359375,5353705
2024-10-16,1837.6635261263593,1841.9404871358424,1801.3332242595482,1804.858154296875,3111512
2024-10-17,1819.0518851747047,1859.2831333510103,1814.3050481446446,1849.977294921875,8162822
2024-10-18,1780.1367445813487,1820.6028732629586,1757.0601563072833,1766.7889404296875,10526196
2024-10-21,1777.5988008145812,1784.8367264336412,1727.6858114732324,1741.550537109375,4654601
2024-10-22,1746.6732140121014,1765.0969393741664,1736.098424337156,1740.4693603515625,4125240
2024-10-23,1734.500561986716,1772.804801466981,1733.3255853155424,1760.9610595703125,4311910
2024-10-24,1749.6811205471658,1770.924673834423,1748.3651238492712,1751.5140380859375,2906475
2024-10-25,1751.60811836117,1763.7339001545147,1735.581505943881,1750.292236328125,4689120
2024-10-28,1748.0832475331754,1768.9509020729429,1745.5453438193326,1753.3941650390625,7018940
2024-10-29,1754.9627985871089,1760.2866061853301,1738.8011693476826,1748.59326171875,4621252
2024-10-30,1741.6532608340028,1748.308049494395,1707.7613496606602,1713.227783203125,5919715
2024-10-31,1699.7282140714156,1699.7282140714156,1660.369867072741,1670.5897216796875,7395236
2024-11-01,1677.4819828348002,1678.9080088899161,1665.6460129974564,1674.011962890625,371966
2024-11-04,1639.4546463788554,1679.8587185569368,1633.275200045737,1676.6739501953125,7336722
2024-11-05,1673.2039554066878,1681.2371893406507,1658.9436944231081,1667.68994140625,3160880
2024-11-06,1677.0067780250674,1737.089967643031,1675.7233776805178,1733.7625732421875,10421494
2024-11-07,1723.5426610222241,1735.6638830746192,1698.8724555004114,1714.1309814453125,4550965
2024-11-08,1728.3437169759088,1749.829154713953,1723.7329222391422,1739.704345703125,4210960
2024-11-11,1738.8011800020988,1775.8778590726738,1732.669314114394,1768.367431640625,3804234
2024-11-12,1778.8248092339409,1788.2366040442323,1769.2229240437619,1776.6383056640625,5012450
2024-11-13,1769.3181384269985,1780.8213927172376,1764.7549244206982,1776.2581787109375,4257495
2024-11-14,1773.5961711004963,1783.4833086013102,1764.469627272938,1772.5980224609375,4311431
2024-11-18,1758.005024675079,1758.005024675079,1706.477991896976,1722.11669921875,4839244
2024-11-19,1735.4737552340218,1767.987103735295,1730.7679155470983,1734.7607421875,4669769
2024-11-21,1751.16006482196,1774.9271666789355,1730.8154024223286,1743.6021728515625,5436504
2024-11-22,1762.6632608249854,1819.6568388300636,1743.5545347717343,1808.438720703125,6301486
2024-11-25,1821.5107285834974,1824.6480325215346,1789.1874693080074,1796.5076904296875,12764638
2024-11-26,1811.0054643107326,1842.9960045611826,1803.7328244508496,1829.2586669921875,6850495
2024-11-27,1834.9153604909611,1845.6581372544963,1817.4703304442407,1829.591552734375,4447143
2024-11-28,1820.4648690644453,1820.4648690644453,1760.3341042723987,1765.0875244140625,8468790
2024-11-29,1759.811276019277,1784.4340168837268,1754.0121263454853,1766.2283935546875,5244346
2024-12-02,1767.321793063357,1789.9481217185034,1744.6954644082105,1787.0960693359375,2868263
2024-12-03,1793.9408410909798,1806.0620629902432,1778.8725217831325,1798.789306640625,4715792
2024-12-04,1791.0887427426558,1819.5616835014869,1782.53258632828,1796.079833984375,4705573
2024-12-05,1806.2997139926326,1853.7388717964993,1795.7946087095554,1839.4310302734375,9050038
2024-12-06,1837.4822303839658,1842.3781605401093,1818.088252003757,1827.5950927734375,3573331
2024-12-09,1829.3062538776032,1835.0103583375276,1803.6377838079438,1828.783447265625,4274645
2024-12-10,1843.3763652761136,1868.6645376907804,1836.7215769538172,1852.4554443359375,6174921
2024-12-11,1858.5873457085745,1880.4530791874988,1855.7352935156714,1876.79296875,5025612
2024-12-12,1877.7911587179638,1900.2273959695365,1873.3705705619063,1889.00927734375,6462130
2024-12-13,1872.6099443049989,1907.500003205855,1857.4465798294907,1901.0828857421875,5362693
2024-12-16,1897.042541916786,1900.9879041439099,1880.0728539329739,1882.402099609375,3119221
2024-12-17,1870.9463322304846,1884.2559097971648,1861.439491111427,1879.1221923828125,5811050
2024-12-18,1869.8054617493733,1887.060284654621,1864.8618349910091,1881.54638671875,3064095
2024-12-19,1838.623014099366,1863.1031292043601,1825.3134369549032,1850.2213134765625,5323592
2024-12-20,1877.7436779576376,1882.3068918972044,1816.9949422253026,1827.357421875,11056720
2024-12-23,1834.8678004850174,1844.3270603797318,1814.8558547757257,1829.4013671875,2781793
2024-12-24,1832.015755380025,1846.2284355881454,1749.2586619372746,1814.9034423828125,2360544
2024-12-26,1814.9034908105154,1825.0757640546135,1808.4863732653307,1813.3348388671875,3623321
2024-12-27,1815.236249934069,1829.25884045684,1810.007487366256,1822.2237548828125,3937500
2024-12-30,1821.2253729676181,1821.5106246003575,1793.4654453593812,1812.0037841796875,7789055
2024-12-31,1798.9794709559926,1803.4476395627287,1754.0596496753712,1787.2860107421875,3613063
2025-01-01,1781.5820268405544,1799.597444352464,1781.5820268405544,1789.662841796875,1838368
2025-01-02,1793.9409285299619,1865.8602051810894,1792.3248119514092,1861.296875,7083645
2025-01-03,1856.6384617090841,1856.6384617090841,1827.214835312903,1843.1387939453125,6218003
2025-01-06,1855.7354066651392,1875.6997732327457,1832.9189877307317,1842.283203125,7164403
2025-01-07,1849.08049857111,1861.9623140172655,1828.7834170796311,1835.6282958984375,4294832
2025-01-08,1834.8202633622047,1842.9961231909604,1795.6045452981161,1837.81494140625,5482050
2025-01-09,1838.670663062687,1855.5927707165636,1816.3295863112587,1822.7467041015625,6833503
2025-01-10,1841.475056372847,1880.2630131182193,1836.9593070090002,1869.947998046875,8036913
2025-01-13,1859.538056114521,1885.0164358188285,1852.8832675701437,1865.4322509765625,5804152
2025-01-14,1871.7543886244132,1874.5589763818855,1835.8660634362316,1844.374755859375,5792162
2025-01-15,1850.981884706997,1861.4869901029845,1841.5700892018165,1853.501220703125,2985439
2025-01-16,1868.9973329214629,1869.948017007702,1822.3187674971882,1833.3466796875,7533579
2025-01-17,1759.7161759087412,1766.3709642563163,1722.6394979722525,1725.9193115234375,16409953
2025-01-20,1733.0496195308024,1737.8030402662885,1704.7193015774908,1723.8756103515625,4333011
2025-01-21,1729.3418737355341,1741.3204695981628,1704.6240883474466,1711.896728515625,7169109
2025-01-22,1718.2664752007781,1773.7864501626696,1716.1274359637641,1764.8974609375,8373913
2025-01-23,1766.370941552174,1786.8582289789933,1761.3322697336553,1773.4534912109375,5907471
2025-01-24,1773.501188842313,1801.4513245969808,1772.312833717117,1782.96044921875,4887027
2025-01-27,1757.5772848453794,1771.1245336940863,1722.639643077662,1732.146484375,7652371
2025-01-28,1739.7518311714375,1771.599747206543,1734.9033656716754,1739.51416015625,6999495
2025-01-29,1754.0120684956396,1795.5094503993766,1749.7339902797964,1788.474365234375,5145155
2025-01-30,1780.7738303869369,1794.1308715011382,1753.0613674474346,1768.2247314453125,7336056
2025-01-31,1778.7300025936208,1803.8755513464537,1778.7300025936208,1787.0960693359375,5820470
2025-02-01,1787.571323971164,1797.3633003755383,1754.9628135718901,1760.0489501953125,1701402
2025-02-03,1745.4559465267448,1784.0062318529979,1742.0335070965566,1771.40966796875,4823228
2025-02-04,1795.8423067996916,1816.9474478919842,1782.5327290891591,1805.1590576171875,7334787
2025-02-05,1812.0038151596648,1825.0281403385413,1800.88085809743,1803.4952392578125,4996744
2025-02-06,1822.46137881177,1829.116167362465,1806.2997494743677,1821.177978515625,4765255
2025-02-07,1824.647881405861,1828.8307982430788,1796.2698706401704,1809.7696533203125,4126260
2025-02-10,1811.0531389851265,1811.0531389851265,1785.9550565261386,1787.5712890625,3828734
2025-02-11,1790.2331848086437,1809.1518213900456,1777.7792464526458,1783.150634765625,4411601
2025-02-12,1792.0396375530902,1801.1661822584174,1755.9136395546725,1771.2672119140625,5633947
2025-02-13,1776.3532848619434,1781.106705479717,1745.1233346132335,1752.3485107421875,5237744
2025-02-14,1762.568310549922,1767.6069826690268,1738.1832403249714,1764.8499755859375,5292961
2025-02-17,1747.8801254076848,1761.3797918708847,1732.2888845014002,1751.4451904296875,4428956
2025-02-18,1751.445375977347,1769.8410902296603,1746.977091046225,1760.619384765625,4365260
2025-02-19,1756.2937934312417,1758.004955145868,1716.840404092615,1721.498779296875,4611411
2025-02-20,1716.5077280780874,1740.7025920720746,1716.5077280780874,1735.14111328125,2218020
2025-02-21,1731.956275207461,1739.6092122968646,1717.1255109603246,1725.4915771484375,3379879
2025-02-24,1711.2788452920981,1718.8367369576058,1663.9347338827708,1677.1016845703125,7594720
2025-02-25,1659.0864344677666,1690.7441464007027,1659.0864344677666,1680.5242919921875,5092963
2025-02-27,1668.640674098442,1688.2723238346587,1664.7428925260701,1677.2919921875,5757079
2025-02-28,1668.4981483304996,1668.5456129045258,1599.478390980019,1604.469482421875,12182167
2025-03-03,1608.8427856333933,1643.3525496222132,1608.8427856333933,1624.3388671875,7504969
2025-03-04,1611.4095762179882,1615.2123126810395,1587.6424733239176,1605.0400390625,6759673
2025-03-05,1608.9852468032536,1647.4879525703643,1608.9852468032536,1627.0958251953125,8180782
2025-03-06,1630.42326495067,1637.3633054431778,1607.7018912844446,1631.2313232421875,10610547
2025-03-07,1619.109945155919,1620.9162680194895,1592.8710891886537,1602.853271484375,8019331
2025-03-10,1602.8533592169706,1634.225933863566,1593.5366088108908,1617.5413818359375,7558981
2025-03-11,1597.149102761885,1597.149102761885,1556.3172718227022,1579.656494140625,12671234
2025-03-12,1556.174800445261,1556.174800445261,1486.6798171088662,1512.395751953125,14870008
2025-03-13,1520.381526929375,1526.8462251444753,1492.8592690164621,1501.938232421875,7822888
2025-03-17,1468.9496345204805,1515.3905319411103,1468.9496345204805,1511.6353759765625,7526032
2025-03-18,1511.6353759765625,1511.6353759765625,1511.6353759765625,1511.6353759765625,0
2025-03-19,1523.9465678973438,1523.9465678973438,1495.2359553339961,1508.307861328125,7387068
2025-03-20,1513.4891497172634,1551.4214700841842,1513.4891497172634,1535.8778076171875,7186750
2025-03-21,1500.131882621123,1524.8022038807094,1486.5371700431922,1514.011962890625,10074677
2025-03-24,1519.1456594946171,1527.844442496362,1495.140885206093,1514.2021484375,8857726
2025-03-25,1525.8478634077803,1555.461694060302,1525.8478634077803,1548.141357421875,9890140
2025-03-26,1545.8123648464964,1556.9829031533513,1516.3411573986234,1520.5716552734375,6651302
2025-03-27,1516.8640098840594,1540.0606082841557,1507.7849306219216,1524.469482421875,9426573
2025-03-28,1511.5877308709687,1519.620965158934,1483.0672076469882,1493.1920166015625,6799047
2025-04-01,1463.3404602190724,1471.0885586286036,1442.9957978349414,1451.21923828125,12680733
2025-04-02,1459.4902057913214,1478.9317655581158,1459.4902057913214,1473.7030029296875,6193478
2025-04-03,1458.967226269639,1458.967226269639,1411.8133230002038,1422.6986083984375,10459504
2025-04-04,1388.4740776445042,1399.4069443976105,1376.5905268259103,1380.060546875,9590254
2025-04-07,1285.3249277060586,1336.5668248830998,1242.5441423903983,1327.8680419921875,21715252
2025-04-08,1360.4289830692378,1384.671428260199,1345.218037067066,1358.3375244140625,12805001
2025-04-09,1335.758736096975,1339.9416532809853,1313.7503760547593,1334.4752197265625,8546854
2025-04-11,1341.653050406826,1367.8444460129276,1328.1533814570482,1339.9417724609375,12567440
2025-04-15,1374.3089224037624,1376.3053358191778,1339.513907284088,1355.675537109375,10178530
2025-04-16,1354.7249077086744,1357.1016180730755,1327.9156612183533,1343.4117431640625,12022740
2025-04-17,1329.0562651695689,1359.2880635441882,1310.3278363222762,1349.4959716796875,14264227
2025-04-21,1340.4645789137878,1399.2169026224717,1340.4645789137878,1379.442626953125,15648970
2025-04-22,1368.985143422317,1368.985143422317,1349.3060284057444,1352.6334228515625,9399738
2025-04-23,1374.6891479419496,1414.4277879886072,1368.6047467603623,1402.1639404296875,11136642
2025-04-24,1397.4105217628291,1409.7694145318515,1389.4247524558623,1398.8365478515625,7114292
2025-04-25,1402.7343459374797,1427.642222162945,1391.3261370921732,1407.2025146484375,8329979
2025-04-28,1407.2024661808139,1416.1389193452367,1393.0373668593481,1409.0087890625,5886253
2025-04-29,1408.9139315851942,1435.3429977745961,1401.403503476668,1423.6495361328125,8056743
2025-04-30,1422.9840278751349,1434.3922372400868,1409.4842438297574,1426.1212158203125,7704183
2025-05-02,1425.740942139582,1448.082019175758,1422.4135476873855,1432.5859375,7402310
2025-05-05,1440.2864278864722,1447.8919007730015,1428.6881281546378,1434.2020263671875,4282493
2025-05-06,1431.730100318134,1440.8566434846055,1425.1703575249446,1436.9588623046875,4270530
2025-05-07,1426.026145690909,1443.8990531370239,1422.7937965506155,1433.9168701171875,5691799
2025-05-08,1433.631664427957,1441.7124795125974,1427.1669659401214,1436.864013671875,8424409
2025-05-09,1426.6915991963783,1436.8639888159648,1420.4171072727893,1433.2513427734375,4478653
2025-05-12,1461.2014458755218,1551.516434397431,1456.4480254270004,1546.66796875,11372857
2025-05-13,1529.6507024801845,1532.6928451513845,1487.4403056280353,1491.2430419921875,12846210
2025-05-14,1496.3767741072957,1516.3411402167324,1492.0986956552736,1513.869384765625,4870057
2025-05-15,1511.3975456512203,1538.7771765983814,1493.5246391320036,1533.453369140625,11151167
2025-05-16,1533.0731584594146,1533.0731584594146,1503.5069061207216,1511.49267578125,4576751
2025-05-19,1498.7534529196623,1506.8342676039738,1478.9791776249906,1482.8770751953125,8855798
2025-05-20,1492.5740269319685,1505.4082621953962,1481.1658178089215,1483.6375732421875,7143998
2025-05-21,1490.577561992386,1493.5246593705174,1475.556707413097,1491.14794921875,4157309
2025-05-22,1478.7889435849781,1483.82761514235,1464.0533417684774,1471.1834716796875,6158990
2025-05-23,1473.5603223754533,1508.9257236923431,1473.5603223754533,1487.6304931640625,5038421
2025-05-26,1489.3416207391451,1505.693456152503,1485.6339297061554,1502.55615234375,3170102
2025-05-27,1501.985940722686,1504.8379932276155,1479.6448627674063,1492.669189453125,7775714
2025-05-28,1503.0315254066693,1509.4010623010483,1492.5740005619675,1494.2852783203125,3623370
2025-05-29,1510.6371345194693,1529.5557725671263,1498.8486276920114,1507.40478515625,8609500
2025-05-30,1514.5387348868949,1515.5027951891782,1499.2101525439637,1506.5369873046875,13148092
2025-06-02,1503.9340358386107,1503.9340358386107,1483.6887699715526,1497.9569091796875,4374509
2025-06-03,1502.9700087561519,1510.9717563250315,1480.410974183671,1487.5450439453125,6853403
2025-06-04,1487.545069852834,1501.3311794658816,1486.0025968815146,1495.4503173828125,4548307
2025-06-05,1492.2689554139665,1511.3572786610305,1486.195328477135,1498.43896484375,6948539
2025-06-06,1498.8244913615613,1512.5142181403369,1487.641415492617,1507.5975341796875,3960020
2025-06-09,1521.2871674371763,1530.9277705261318,1514.5387452749073,1516.3704833984375,2903202
2025-06-10,1527.0715350387688,1549.726952383094,1520.8051430073597,1538.6402587890625,8591925
2025-06-11,1532.9522867625028,1575.8529708756475,1532.9522867625028,1572.478759765625,10597410
2025-06-12,1558.8854834598367,1569.4901466126246,1540.6647205061456,1550.787353515625,10483574
2025-06-13,1519.3589933969258,1551.1729824718614,1513.7673967286814,1544.424560546875,6968315
2025-06-16,1542.4964798976407,1576.0458254086714,1539.7006814911979,1565.441162109375,5591842
2025-06-17,1562.45249586964,1588.192976732241,1557.5358118299073,1580.9625244140625,7622083
2025-06-18,1562.7417700471647,1585.589952431105,1562.7417700471647,1574.214111328125,5629707
2025-06-19,1565.5375611980423,1571.4183055533617,1553.5831898154863,1560.2352294921875,5147760
2025-06-20,1560.8136276168789,1572.0930860674746,1551.076642111549,1564.573486328125,9202821
2025-06-23,1543.4605584963404,1543.4605584963404,1518.7806380620095,1527.071533203125,7943676
2025-06-24,1543.4604830931148,1551.172965207259,1519.9373891083474,1524.7576904296875,8083992
2025-06-25,1532.8558375256184,1561.6812632899293,1528.1319186406413,1556.8609619140625,7813533
2025-06-26,1550.9801998907828,1565.6338688312192,1548.8591966999713,1557.92138671875,6519233
2025-06-27,1560.8136478253264,1571.0326636135578,1544.8102701550988,1550.208984375,8912268
2025-06-30,1556.9573602116636,1556.9573602116636,1536.8084767193552,1544.2318115234375,6294505
2025-07-01,1551.1731318297038,1559.5604099565173,1542.9786187031953,1549.05224609375,4178937
2025-07-02,1559.8495930029494,1589.735462831807,1545.7743359105034,1552.619140625,8653641
2025-07-03,1560.331649069145,1573.7321112354073,1556.9574379034102,1560.5244140625,5259695
2025-07-04,1566.5979433677658,1584.3366759246808,1554.3544249759318,1581.733642578125,4411273
2025-07-07,1581.0590301119776,1584.915271648836,1564.670003580329,1568.5262451171875,3294523
2025-07-08,1569.490144015709,1587.035994129852,1563.2237521630664,1579.8055419921875,4590681
2025-07-09,1578.9380931561673,1579.1308581535004,1565.2483655342028,1574.9853515625,4580828
2025-07-10,1579.9985303020203,1579.9985303020203,1549.3413641152463,1557.728759765625,5330179
2025-07-11,1522.3475129338776,1549.341199857552,1506.826166489392,1537.5797119140625,11391755
2025-07-14,1534.5911874414394,1534.5911874414394,1503.7412587495296,1513.8638916015625,9173426
2025-07-15,1508.8507771918205,1545.967099361679,1507.790334380739,1528.614013671875,7614807
2025-07-16,1522.2513030563432,1554.0652948238287,1521.769272878048,1550.1126708984375,6223491
2025-07-17,1540.5684750083872,1552.1371994765352,1523.3117708067696,1526.589599609375,7374814
2025-07-18,1534.8803087969368,1541.821613244393,1523.2152032454187,1529.095947265625,5161833
2025-07-21,1523.2153333190533,1531.8918763569468,1510.4897839367352,1527.36083984375,3682661
2025-07-22,1508.7544033781517,1528.806905141675,1508.7544033781517,1514.4423828125,8473741
2025-07-23,1519.648319505044,1534.6876368616054,1494.2934861823694,1517.9129638671875,8035026
2025-07-24,1523.21527148752,1525.14339208434,1492.558106924831,1496.70361328125,14169664
2025-07-25,1487.930738061539,1493.8114825426642,1456.9844249801497,1461.2261962890625,10851259
2025-07-28,1459.4908778130184,1464.6968268487494,1429.2193615593824,1461.515380859375,6439855
2025-07-29,1458.5267960319763,1462.6721845547067,1442.3305365336291,1459.2979736328125,7070448
2025-07-30,1465.2753927209724,1467.0106307922656,1451.8749299240865,1464.40771484375,5719051
2025-07-31,1455.4418850255533,1472.21655890233,1443.198365471235,1454.76708984375,6851407
2025-08-01,1440.2096707795008,1444.8370894973941,1412.83033538686,1416.782958984375,8702978
2025-08-04,1408.9741142502269,1429.5086455065348,1398.8514812022438,1427.291259765625,8610216
2025-08-05,1425.5558755811649,1425.5558755811649,1402.7076942328947,1407.8172607421875,10213323
2025-08-06,1399.8155998166778,1403.768223634903,1378.895537719122,1385.0654296875,10566934
2025-08-07,1378.60613953599,1390.1748623852432,1363.3739407112198,1385.2581787109375,9892020
2025-08-08,1373.785961785155,1381.6912093691872,1366.169861688454,1371.9542236328125,10048009
2025-08-11,1368.8692198674414,1381.884033692687,1363.1812406590395,1376.870849609375,6625368
2025-08-12,1376.8709588997938,1389.2109785794498,1369.9297713819558,1372.9183349609375,9899184
2025-08-13,1373.7860181657672,1382.462561438393,1371.279484756972,1375.3284912109375,10318063
2025-08-14,1374.9427475738962,1417.1686356270611,1374.9427475738962,1395.6700439453125,12902347
2025-08-18,1412.0590009823861,1412.0590009823861,1378.2205097468736,1384.19775390625,7254561
2025-08-19,1381.2092603896435,1397.309139357621,1381.2092603896435,1388.2469482421875,3986094
2025-08-20,1388.921654258322,1445.1264179190935,1388.921654258322,1442.427001953125,10413061
2025-08-21,1453.802949118853,1453.802949118853,1430.9547668193538,1442.619873046875,6565539
2025-08-22,1444.258688328196,1450.2359327005538,1432.6899649169563,1434.0396728515625,5543397
2025-08-25,1452.549588321255,1483.6887826854402,1452.549588321255,1477.0367431640625,10694531
2025-08-26,1468.2638125760993,1483.1103644867733,1464.021923789744,1474.6265869140625,15994798
2025-08-28,1474.6266696224122,1474.6266696224122,1444.162386475055,1446.1868896484375,5443364
2025-08-29,1447.922152992462,1447.922152992462,1414.951220922169,1416.782958984375,8169075
2025-09-01,1423.6278448203498,1449.368326287933,1423.1458146544753,1445.5120849609375,4546057
2025-09-02,1445.5120710387366,1458.4305028963795,1432.8829043510907,1444.837158203125,5218763
2025-09-03,1446.0904115917858,1447.9221496497632,1420.0607841831338,1425.9415283203125,4623483
2025-09-04,1430.665555379037,1430.665555379037,1407.6244895421655,1410.4202880859375,5787724
2025-09-05,1417.1685500698275,1419.771465639559,1381.4983212585462,1392.681396484375,5466487
2025-09-08,1398.8515684147906,1405.5999908675153,1376.967445534214,1381.402099609375,3811567
2025-09-09,1427.7733097648295,1453.0316426482493,1419.5787971834648,1450.2359619140625,13072640
2025-09-10,1455.8274419814547,1479.7361846012639,1455.056264347903,1477.518798828125,7281071
2025-09-11,1469.1314991861996,1472.6020926929066,1452.3568266067848,1455.4417724609375,8003662
2025-09-12,1481.7606968153777,1487.4486761823323,1466.4321143461764,1470.7703857421875,12856963
2025-09-15,1470.7703889313757,1472.6021270614033,1447.2472937742573,1454.1885986328125,6167414
2025-09-16,1454.18869843609,1459.5874130189484,1449.4647790449067,1456.9844970703125,8923112
2025-09-17,1462.3832147820146,1471.830935901443,1459.58741614181,1467.685546875,4795698
2025-09-18,1494.2935138953433,1499.1138155530703,1483.2068200825713,1485.2313232421875,9331945
2025-09-19,1489.0875921991392,1495.546867150236,1465.4681136380061,1484.845703125,12988129
2025-09-22,1429.4121385641438,1460.2620677071914,1428.7373434373958,1445.6083984375,15655204
2025-09-23,1439.3420265057648,1458.6232324870878,1439.3420265057648,1443.6802978515625,9832164
2025-09-24,1433.7504516255494,1442.909024606748,1429.4121802134027,1440.884521484375,4937004
2025-09-25,1435.4857737282794,1448.6933526456728,1423.4350200871756,1431.436767578125,9491867
2025-09-26,1421.9889772759154,1425.555953399892,1389.4036912657584,1396.8270263671875,8597058
2025-09-29,1407.5280279964163,1412.3483294621576,1384.872611107433,1389.982177734375,10513117
2025-09-30,1391.1390030128964,1400.0083106366037,1386.4150840398418,1389.982177734375,7556305
2025-10-01,1394.031143886091,1397.405354815276,1376.099646484765,1393.83837890625,6250692
2025-10-03,1387.282784330546,1396.2485922754322,1381.6911874663804,1394.609619140625,6877533
2025-10-06,1394.6096065704758,1425.6524188431904,1390.4642178899833,1422.9530029296875,4630590
2025-10-07,1424.5918193613172,1429.6050033943986,1401.743637948074,1406.0819091796875,5570320
2025-10-08,1404.6358503769075,1444.1623224877194,1402.707729786136,1441.2701416015625,4657192
2025-10-09,1448.0185870707542,1459.5873108023447,1433.557682406266,1455.0562744140625,7028753
2025-10-10,1455.7310370996563,1467.0104954131987,1444.933608930849,1460.4549560546875,3738353
2025-10-13,1443.1982662450723,1450.6214834671307,1430.087069727637,1439.5347900390625,5859355
2025-10-14,1445.1264411305913,1459.9729938155936,1433.075686951717,1436.353515625,5600789
2025-10-15,1430.569218120133,1435.1002548224249,1414.7586043879573,1421.41064453125,6986098
2025-10-16,1420.9285143742625,1421.5069270236047,1408.0100826842827,1418.61474609375,8005748
2025-10-17,1402.6114532010124,1405.9856644896408,1382.4625679694304,1389.307373046875,16959378
2025-10-20,1401.4544470050912,1414.276496397426,1397.8874708768014,1408.395751953125,6994246
2025-10-21,1424.881136066363,1432.5936185349226,1417.1686535978035,1419.482421875,1698704
2025-10-23,1455.7310466373283,1490.4372172856354,1451.8748054541832,1473.566162109375,20358624
2025-10-24,1484.1708637038648,1487.5450748262833,1463.4435668090073,1470.57763671875,8652257
2025-10-27,1478.0165606695539,1483.2043487095048,1466.3685916918344,1472.633056640625,7273211
2025-10-28,1467.9347848431598,1474.5908017388306,1458.9296979699484,1468.4241943359375,8211019
2025-10-29,1468.4241778932897,1488.0005573851865,1465.1941469679696,1478.408203125,4884976
2025-10-30,1475.0801523386458,1476.2546872805226,1457.5592692997866,1462.1597900390625,5608867
2025-10-31,1458.4403008415877,1465.3898918009988,1449.3372364048548,1450.9034423828125,4819814
2025-11-03,1450.9033496746388,1459.8105780526128,1442.974820743242,1454.0355224609375,5470600
2025-11-04,1448.3583414401685,1450.511814804534,1431.9142548968182,1436.808349609375,8691330
2025-11-06,1447.2816360762577,1451.58846323567,1430.9354078512456,1435.6336669921875,7944752
2025-11-07,1438.8638806951196,1449.533031326473,1418.4065403991735,1445.5198974609375,8765759
2025-11-10,1458.5381171839108,1487.8048281611332,1458.4402591842686,1481.4425048828125,9787975
2025-11-11,1492.6989304110698,1500.9210336624128,1479.0933228205395,1497.88671875,13692989
2025-11-12,1507.3812396717751,1526.1745164244364,1505.5214596999074,1518.8333740234375,14635417
2025-11-13,1524.1189242683809,1524.5104757353395,1497.8866487683968,1509.14306640625,19655689
2025-11-14,1487.8047537888665,1497.59294295853,1457.2656513734084,1470.9691162109375,9739549
2025-11-17,1464.3132041198487,1478.212385937251,1460.8873376663598,1475.66748046875,7910354
2025-11-18,1474.1013313334302,1474.1013313334302,1451.784211591062,1454.91650390625,7525119
2025-11-19,1458.9296699222182,1510.317665675936,1458.9296699222182,1508.4578857421875,10981126
2025-11-20,1522.0634729079381,1522.0634729079381,1501.5082748815287,1503.955322265625,7387584
2025-11-21,1498.5718033380108,1518.6375916910017,1493.9714020948772,1512.2752685546875,9186302
2025-11-24,1530.4813442936104,1551.4280945139647,1508.3600590826622,1515.2117919921875,19270381
2025-11-25,1516.1905908718425,1517.7566773334454,1493.5798964672151,1498.1802978515625,8107952
2025-11-26,1499.6485223505715,1527.251289037942,1499.6485223505715,1524.902099609375,7575038
2025-11-27,1530.8728564928056,1540.954739594805,1519.3227449478784,1533.2220458984375,7552252
2025-11-28,1531.8516566735827,1535.179665000364,1524.0211050739736,1527.055419921875,4453221
2025-12-01,1529.4045743430058,1540.6609920101703,1523.042251313739,1530.872802734375,5341800
2025-12-02,1533.8093151456649,1546.4361036663386,1523.1401645511503,1527.9364013671875,6335969
2025-12-03,1522.1613705980963,1552.406900951154,1521.182551618934,1545.261474609375,12895312
2025-12-04,1534.7880917871573,1565.1314788059085,1534.7880917871573,1563.7611083984375,12609619
2025-12-05,1575.8985332981872,1597.2368345243183,1566.1103436503722,1581.9671630859375,10344725
2025-12-08,1582.8481284293375,1595.4749170068917,1566.306063981828,1576.681640625,7550413
2025-12-09,1567.2848235795727,1572.8641631737528,1548.883099378693,1565.1314697265625,6957599
2025-12-10,1573.9408513587562,1573.9408513587562,1549.2746619298632,1551.2322998046875,5116140
2025-12-11,1564.1527099609375,1573.3536321517727,1547.023378030827,1564.1527099609375,5159319
2025-12-12,1567.4806809838458,1567.8722324584342,1549.0788370408115,1564.348388671875,4633912
2025-12-15,1551.4280562362142,1576.6816332735752,1551.4280562362142,1572.766357421875,4190558
2025-12-16,1566.1103574156468,1569.0468143358012,1552.0153403019585,1559.1607666015625,5499258
2025-12-17,1553.5814245843821,1572.8642300238714,1552.4068896118622,1568.0679931640625,4817628
2025-12-18,1576.3879761796316,1595.4749463972676,1572.6684162407605,1592.3427734375,6577293
2025-12-19,1615.0513027562847,1619.847539612933,1595.2792073285575,1603.9906005859375,13149023
2025-12-22,1628.7547583833573,1657.3362243784013,1628.7547583833573,1653.8125,23098923
2025-12-23,1643.4370603643276,1643.4370603643276,1621.3157754082474,1632.9637451171875,6593060
2025-12-24,1625.8182910699556,1632.2784723030877,1617.4983299175808,1628.16748046875,4271167
2025-12-26,1628.167521100225,1633.453167508233,1616.7152673020842,1621.0220947265625,2006491
2025-12-29,1622.8818655924697,1637.6620082639456,1602.4245250544589,1609.863525390625,4062817
2025-12-30,1612.1148331917736,1612.9957941560388,1582.554548282334,1587.2528076171875,9395937
2025-12-31,1586.6655664923117,1594.1045668429529,1575.1154547350545,1581.1842041015625,6538656
2026-01-01,1581.184158007412,1604.8715288376811,1579.9116455766828,1595.2791748046875,3658165
2026-01-02,1601.2499777187402,1608.6889779975038,1593.0278744696911,1605.6546630859375,2524526
2026-01-05,1602.3265912739637,1602.3265912739637,1549.568226955718,1572.374755859375,5917885
2026-01-06,1566.2081943610224,1585.5888575673962,1565.1315174017209,1578.0518798828125,4466729
2026-01-07,1580.7926463324388,1607.2207586859843,1580.7926463324388,1604.2843017578125,4508079
2026-01-08,1604.186403368615,1609.472049603195,1574.5281413468902,1579.128662109375,3942131
2026-01-09,1575.898487352098,1596.747378487979,1572.9620305433675,1579.91162109375,6816681
2026-01-12,1575.996349102621,1579.1286413969012,1558.867017677559,1562.09716796875,6985362
2026-01-13,1583.7290294043642,1583.7290294043642,1552.7983751003353,1565.1314697265625,8080618
2026-01-14,1554.3644397699236,1582.7501883551427,1549.5682031809922,1565.91455078125,7557157
2026-01-15,1565.91455078125,1565.91455078125,1565.91455078125,1565.91455078125,0
2026-01-16,1628.461030733189,1658.119292555676,1618.3792672921977,1654.00830078125,19335957
2026-01-19,1649.309891747184,1649.309891747184,1631.201741600405,1645.59033203125,5104958
2026-01-20,1637.5641409981627,1644.6115898062917,1617.889903547792,1623.7628173828125,6406503
2026-01-21,1616.0301458476063,1621.9030597634667,1596.6494821313709,1619.358154296875,6224582
2026-01-22,1630.712428320841,1635.8022392467942,1618.7708845027832,1628.265380859375,6228892
2026-01-23,1631.8869227568262,1640.2068839190629,1626.9928279555104,1635.4107666015625,5869137
2026-01-27,1650.0930280724322,1653.6167523834592,1625.9161283991023,1647.05859375,10673087
2026-01-28,1644.4158380681818,1653.029492632909,1615.05126953125,1631.2017822265625,8588664
2026-01-29,1622.8818691859371,1631.2018305177105,1607.318623503672,1624.35009765625,4749582
2026-01-30,1619.9454090553113,1619.9454090553113,1583.8269648597889,1606.241943359375,9207926
2026-02-02,1626.7970461591942,1626.7970461591942,1583.7290136495644,1594.8875732421875,6784887
2026-02-03,1690.616056346825,1691.3991593070652,1617.9877374621406,1620.9241943359375,8805868
2026-02-04,1540.66097646391,1551.3301265638145,1478.1144237257668,1503.2701416015625,28828622
2026-02-05,1501.5082372972433,1518.1481590925844,1483.5958031001303,1488.00048828125,10628127
2026-02-06,1489.86026239605,1492.6988611765453,1448.6520095352703,1475.177978515625,13900866
2026-02-09,1489.8602864300617,1495.6353420798034,1461.376679139494,1465.4876708984375,8294615
2026-02-10,1468.2284271414342,1483.7916723660803,1459.4190565785855,1466.0750732421875,8657000
2026-02-11,1469.4029562852068,1474.003477029586,1437.885033967625,1440.7236328125,7934411
2026-02-12,1398.6344233110094,1405.2903204885395,1351.259562174479,1356.64306640625,26048896
2026-02-13,1266.493817560756,1348.1273389393946,1254.3564391221673,1340.1009521484375,45785709
2026-02-16,1344.6035807140283,1346.854912154694,1309.953484521095,1336.6751708984375,14621891
2026-02-17,1340.9819956812096,1400.6899531531467,1338.0455387563604,1361.73291015625,25347684
2026-02-18,1361.4392729027982,1371.3253201935424,1316.805153615715,1344.603515625,20241373
2026-02-19,1355.6643110050506,1372.3042339560152,1334.326009074035,1341.471435546875,14574228
2026-02-20,1330.4106332686276,1336.0878308198503,1309.8554358713993,1324.5377197265625,12633552
2026-02-23,1323.3632672728343,1323.3632672728343,1290.0834217940796,1299.3822021484375,12887826
2026-02-24,1273.4434027288626,1275.988307999553,1237.3249610296912,1248.4835205078125,27839061
2026-02-25,1258.9568742250233,1295.564726518415,1258.9568742250233,1262.7742919921875,16669618
2026-02-26,1277.848187510079,1286.168148899459,1259.054910753846,1261.7955322265625,11493914
2026-02-27,1298.207628321947,1306.723305439908,1266.7874442662774,1272.5625,23141724
2026-03-02,1263.6552272829085,1271.290062662244,1246.0364867011174,1261.5997314453125,9700361
2026-03-04,1264.6340504084835,1289.104523520103,1264.6340504084835,1279.7078857421875,15154950
2026-03-05,1292.0410271405913,1292.0410271405913,1262.7743163409898,1278.141845703125,10362147
2026-03-06,1275.4011212294208,1299.0884925711757,1275.4011212294208,1280.686767578125,8724291
2026-03-09,1262.676497890922,1290.0834296280893,1255.3353554613236,1287.14697265625,10068514
2026-03-10,1292.0410437407636,1293.0198627132945,1256.9014187299574,1268.1578369140625,9600171
2026-03-11,1260.7188580118502,1271.975276386956,1244.3726286871142,1249.2667236328125,7868891
2026-03-12,1245.5471752363726,1251.5179472285731,1231.3542997621664,1238.9891357421875,7599940
2026-03-13,1224.5025045780033,1242.7085131232232,1216.280401513626,1221.8597412109375,7366098
2026-03-16,1213.931245180508,1227.7326883178384,1198.2701415781937,1223.3280029296875,12314450
2026-03-17,1218.6295738865974,1218.6295738865974,1189.3628638376754,1206.785888671875,11223276
2026-03-18,1211.7778669014497,1263.459555545422,1208.7435520363658,1240.261474609375,12365381
2026-03-19,1217.846529327881,1228.4178221249233,1189.3629208552388,1194.9422607421875,9156461
2026-03-20,1215.6930991638783,1238.0102183433878,1203.1641691885866,1229.2987060546875,27299975
2026-03-23,1211.9735596886824,1234.3885372371806,1201.4023868626336,1230.1796875,12420293
2026-03-24,1242.1213008151199,1269.5282325903943,1224.5025589595862,1251.224365234375,13613495
2026-03-25,1243.100095463166,1263.263742406015,1230.4733068170258,1252.00732421875,10824030
2026-03-27,1257.9780904958054,1267.3748481809973,1236.444073189259,1242.806396484375,13092541
2026-03-30,1223.5236944376795,1238.6953882487069,1216.6719617488286,1224.1109619140625,14108486
2026-04-01,1262.6764804554484,1275.4011271577126,1242.610691424955,1248.6793212890625,8137156
2026-04-02,1233.3119397486187,1277.7503462365091,1233.116223742555,1273.247802734375,12873492
2026-04-06,1273.8350657038357,1292.041075138383,1271.4858762157266,1278.5333251953125,10208682
2026-04-07,1274.4222980187042,1316.609371698259,1266.1023367797188,1311.0301513671875,15355792
2026-04-08,1320.4267760360608,1347.7358488962445,1302.8080347694565,1317.68603515625,16030133
2026-04-09,1301.7313192842819,1309.170319257509,1286.1680743957882,1303.395263671875,14894607
2026-04-10,1290.0834192154255,1290.9643801968148,1256.1184483091881,1265.12353515625,19233369
2026-04-13,1245.0577246851824,1261.6976471062894,1238.8911174058185,1249.756103515625,10366082
2026-04-15,1278.631284802942,1294.4881045276459,1272.9540869097948,1277.6524658203125,12098912
2026-04-16,1294.0965334739733,1302.808046184627,1281.2740288923192,1291.2579345703125,18527029
2026-04-17,1285.1893342368037,1300.165312581974,1278.4354593069281,1290.7685546875,12064048
2026-04-20,1292.0410136169874,1296.8372503675125,1280.3930442184933,1284.7977294921875,7172300
2026-04-21,1282.2528368892558,1296.9351212811175,1271.7795218169556,1285.385009765625,10057440
2026-04-22,1267.5705813427946,1270.2133447995752,1229.2987830540255,1241.729736328125,20088378
2026-04-23,1227.438951608261,1238.891085420282,1200.0320212693207,1214.32275390625,14792854
2026-04-24,1174.5826894228176,1197.9764852174349,1127.7950978335834,1130.144287109375,42078914
2026-04-27,1130.1443119385692,1154.9084786451926,1130.04645394258,1145.5118408203125,19579883
2026-04-28,1138.0727223885278,1144.6308809119316,1125.4460537763027,1127.697265625,12720276
2026-04-29,1133.961747660014,1153.2444330805374,1132.2978032475876,1142.7711181640625,8303109
2026-04-30,1142.7711514334947,1164.5988623339997,1135.0384576467616,1156.768310546875,12205669
2026-05-01,1156.768310546875,1156.768310546875,1156.768310546875,1156.768310546875,0
2026-05-04,1169.6886601132755,1169.6886601132755,1140.5198072387318,1143.652099609375,7735811
2026-05-05,1144.728787187228,1160.0961972461241,1135.5278649580357,1153.1466064453125,8164108
2026-05-06,1161.8580797644604,1166.2627649868193,1139.443102180398,1142.4774169921875,9856963
2026-05-07,1148.1546369607545,1150.5038263553197,1134.6468875555572,1138.07275390625,12013987
2026-05-08,1136.4088093734103,1158.4322359116547,1134.2554554613432,1154.2232666015625,7582770
2026-05-11,1151.0911273032605,1161.8581361470833,1147.2737093616843,1152.0699462890625,7336288
2026-05-12,1137.3876630949442,1137.3876630949442,1099.2137225952,1116.1473388671875,16891948
2026-05-13,1112.5255790772605,1118.398492694932,1097.2560275682617,1099.3115234375,6664111
2026-05-14,1096.0815207310736,1098.137016652994,1065.933848927119,1071.8067626953125,16914842
2026-05-15,1078.658538900176,1109.1976439317652,1078.266987402901,1095.2984619140625,17482450
2026-05-18,1095.2984136735845,1121.8243835304838,1094.319594715878,1118.3006591796875,12096377
2026-05-19,1137.3876555901809,1173.0166903851343,1137.3876555901809,1171.5484619140625,32175705
2026-05-20,1161.8580984968487,1181.3366195800531,1159.802602590221,1168.4161376953125,15121010
2026-05-21,1170.7653346096859,1176.3446743746752,1152.0699163634372,1156.180908203125,10021033
2026-05-22,1157.4533539662823,1166.5564175672662,1147.6651649263981,1149.622802734375,8803066
2026-05-25,1157.9428754813864,1159.900513478819,1141.4008105061328,1143.75,5856136
2026-05-26,1141.5965459846338,1155.6914427435413,1138.2685377836078,1142.966796875,8005767
2026-05-27,1136.4088302961693,1142.5754376343073,1130.5359164445094,1135.3321533203125,6371871
2026-05-28,1135.3321533203125,1135.3321533203125,1135.3321533203125,1135.3321533203125,0
2026-05-29,1156.96396849116,1184.370898370815,1129.1654871448488,1136.3109130859375,69085430
2026-06-01,1150.1122640819906,1191.222659904496,1148.8397516554953,1177.02978515625,19439331
2026-06-02,1206.3943648530496,1251.811588367994,1206.3943648530496,1243.8831787109375,36032600
2026-06-03,1215.7909483013548,1223.425783618914,1190.2437985614154,1196.7039794921875,18534303
2026-06-04,1182.4132636253246,1189.4607121046952,1170.8631524946943,1175.855224609375,12755957
2026-06-05,1194.159169493737,1197.8787294549086,1169.0035692089534,1172.1357421875,8692290
2026-06-08,1152.559265415463,1175.26781631171,1151.5804465064052,1162.4453125,8631711
2026-06-09,1168.3182691086097,1168.3182691086097,1142.5754025403635,1155.300048828125,10984054
2026-06-10,1160.0999755859375,1171.4000244140625,1143.300048828125,1145.300048828125,8887626
2026-06-11,1129.699951171875,1133.699951171875,1109.0,1114.5999755859375,9372176
2026-06-12,1120.0,1123.300048828125,1111.5,1116.4000244140625,8075333
2026-06-15,1130.0,1151.0,1123.0,1134.9000244140625,7856192
2026-06-16,1136.9000244140625,1153.800048828125,1123.199951171875,1143.5999755859375,10456090
2026-06-17,1149.0,1162.5,1148.0,1157.699951171875,5995119
2026-06-18,1142.9000244140625,1142.9000244140625,1125.300048828125,1127.5,16781447
2026-06-19,1062.300048828125,1066.0,1030.0,1051.4000244140625,45665442
2026-06-22,1055.0,1080.300048828125,1055.0,1065.4000244140625,10178505
2026-06-23,1053.800048828125,1055.300048828125,1026.0,1029.300048828125,19323064
2026-06-24,1040.9000244140625,1065.5,1037.699951171875,1056.5999755859375,12346266
2026-06-25,1065.0,1068.0,1039.0999755859375,1041.199951171875,15866779
2026-06-26,1041.199951171875,1041.199951171875,1041.199951171875,1041.199951171875,0
2026-06-29,1037.0999755859375,1046.5999755859375,1029.0999755859375,1036.699951171875,15080892
2026-06-30,1030.0,1030.4000244140625,996.0,1000.4000244140625,24128263
2026-07-01,1006.0,1014.0,982.4000244140625,985.2999877929688,13037982
2026-07-02,1006.4000244140625,1045.0,1006.0,1040.9000244140625,18741111
2026-07-03,1063.0,1068.699951171875,1042.0,1047.199951171875,11653534
2026-07-06,1050.0999755859375,1053.0,1033.0,1042.199951171875,5559747
2026-07-07,1040.5999755859375,1087.5,1040.5999755859375,1071.800048828125,18866296
2026-07-08,1071.9000244140625,1079.699951171875,1064.4000244140625,1069.300048828125,13022221
2026-07-09,1062.699951171875,1062.699951171875,1040.4000244140625,1050.800048828125,9003333
2026-07-10,1075.0,1091.300048828125,1064.699951171875,1068.0,9747266
2026-07-13,1057.0999755859375,1114.9000244140625,1057.0999755859375,1102.5999755859375,20994760
2026-07-14,1107.800048828125,1113.5,1090.0,1092.9000244140625,14819413
2026-07-15,1079.0,1088.0999755859375,1073.0,1076.300048828125,8501933
2026-07-16,1082.5,1097.300048828125,1077.9000244140625,1082.4000244140625,8592146
2026-07-17,1105.0,1116.800048828125,1092.0,1096.5,12547728
2026-07-20,1102.0,1103.800048828125,1083.199951171875,1087.0999755859375,6372645
2026-07-21,1080.0,1094.5,1067.199951171875,1073.5,9485229
2026-07-22,1064.0,1069.300048828125,1046.199951171875,1052.0999755859375,7517203
2026-07-23,1046.9000244140625,1058.5,1032.0,1047.4000244140625,13794578
2026-07-24,1028.0,1043.4000244140625,1013.9000244140625,1040.9000244140625,29036900
2026-07-27,1065.0,1082.0,1057.4000244140625,1079.199951171875,15956349
2026-07-28,1097.0,1118.5,1097.0,1105.699951171875,28100895
2026-07-29,1147.0,1164.5,1128.4000244140625,1155.5999755859375,34400369
2026-07-30,1168.0,1187.699951171875,1151.300048828125,1155.0999755859375,22630218
2026-07-31,1118.9000244140625,1139.300048828125,1107.199951171875,1130.0999755859375,14367075
2026-08-03,1145.0999755859375,1180.0,1138.0999755859375,1180.0,8582270
2026-08-04,1168.0,1175.699951171875,1153.300048828125,1167.5,9243589
2026-08-05,1174.699951171875,1177.5,1162.300048828125,1174.0,9964155
2026-08-06,1174.0999755859375,1185.800048828125,1163.0,1165.0,8521064
2026-08-07,1160.0,1183.0,1155.5999755859375,1175.0999755859375,7581410
2026-08-10,1178.0999755859375,1195.0,1175.199951171875,1183.0,9377001
2026-08-11,1188.0,1193.5,1182.0,1190.699951171875,10160091
2026-08-12,1185.5999755859375,1190.4000244140625,1163.300048828125,1176.0999755859375,7529777
2026-08-13,1170.0,1175.0,1157.0,1175.0,6234215
2026-08-14,1170.4000244140625,1174.0999755859375,1158.9000244140625,1169.199951171875,5844763
2026-08-17,1163.9000244140625,1166.5,1129.699951171875,1139.9000244140625,5817153
2026-08-18,1124.5,1131.9000244140625,1112.5,1115.0,8851110
2026-08-19,1125.5999755859375,1134.699951171875,1113.800048828125,1119.800048828125,8408573
2026-08-20,1143.0,1144.699951171875,1125.699951171875,1130.0,8559841
2026-08-21,1133.0,1133.5,1118.0,1121.0,6094967
2026-08-24,1126.5,1144.5,1122.0,1130.0,8565354
2026-08-25,1132.0,1144.0,1119.9000244140625,1144.0,8121237
2026-08-26,1142.0,1142.0,1118.300048828125,1120.0,6323984
2026-08-27,1120.0,1130.699951171875,1107.199951171875,1110.800048828125,6933998
2026-08-28,1123.5999755859375,1145.0,1123.300048828125,1144.0,9621969
2026-08-31,1138.5999755859375,1143.9000244140625,1111.0999755859375,1133.800048828125,8808120
2026-09-01,1128.0,1156.0,1125.5999755859375,1156.0,13516123
2026-09-02,1137.699951171875,1147.800048828125,1118.5999755859375,1140.0,8564358
2026-09-03,1144.0,1144.0,1122.5,1130.300048828125,5786250
2026-09-04,1133.0,1146.699951171875,1125.4000244140625,1130.0,5881388
2026-09-07,1109.5,1109.9000244140625,1085.0,1087.5,7668346
2026-09-08,1095.0,1095.0,1078.9000244140625,1082.0,6269037
2026-09-09,1059.0,1059.0,1026.5,1035.0,13530457
2026-09-10,1039.5999755859375,1046.5999755859375,1027.300048828125,1036.5,8998529
2026-09-11,1032.0,1047.300048828125,1029.699951171875,1037.699951171875,6168088
2026-09-14,1037.699951171875,1037.699951171875,1037.699951171875,1037.699951171875,0
2026-09-15,1085.0,1097.699951171875,1071.699951171875,1077.0,14816117
2026-09-16,1082.5,1085.0999755859375,1053.5,1060.0,6230590
2026-09-17,1054.9000244140625,1063.5999755859375,1048.5999755859375,1058.5999755859375,5469865
2026-09-18,1061.9000244140625,1061.9000244140625,1038.0,1051.4000244140625,22124953
2026-09-21,1041.5,1044.5,1030.300048828125,1038.5,6074358
2026-09-22,1037.699951171875,1041.0,1019.2000122070312,1029.4000244140625,9341109
2026-09-23,1021.7999877929688,1029.4000244140625,1015.0999755859375,1020.5,5108734
2026-09-24,1015.0,1022.7999877929688,1005.2000122070312,1014.5,6891893
2026-09-25,999.5,1004.2000122070312,991.5999755859375,1000.2000122070312,10240700
2026-09-28,1002.0,1009.5,986.5999755859375,1003.2000122070312,8567672
2026-09-29,1002.5999755859375,1015.4000244140625,980.4000244140625,1015.4000244140625,12992711
2026-09-30,1004.0,1024.0,992.2000122070312,994.0999755859375,13508984
2026-10-01,1010.0,1035.0,999.1500244140625,1035.0,15166446
