Date,open,high,low,close,volume
2016-10-03,163.86645950248916,163.86645950248916,162.0882185725477,162.59149169921875,6714964
2016-10-04,163.06122284433357,163.69870145550613,161.28298184105773,161.85336303710938,8002732
2016-10-05,162.25596626811455,163.22896377648823,160.5112847474113,161.18231201171875,6470467
2016-10-06,162.39015207103043,162.39015207103043,158.1290948993978,159.30340576171875,8986109
2016-10-07,159.63894970214582,161.21588786014598,158.8672656107883,160.34353637695312,4164582
2016-10-10,162.3901762708691,162.79280327423837,160.74615145212522,161.11521911621094,5241260
2016-10-13,161.11523110181565,162.0211206597786,159.00147107739375,160.34353637695312,11089281
2016-10-14,160.3771033798689,161.38364974424442,159.73961409115927,160.9810333251953,9579094
2016-10-17,160.9810201949089,162.22242869418494,160.0415713269142,161.45074462890625,6379993
2016-10-18,161.71915181600886,165.4433878612813,161.249427392866,165.040771484375,12234489
2016-10-19,164.8394584036214,164.8394584036214,159.9744599943308,160.67904663085938,8734555
2016-10-20,161.71915678096448,161.95401899974647,159.77316161591668,160.61195373535156,4572220
2016-10-21,160.37705876224672,161.81978048768286,160.20929399252003,161.14874267578125,10999941
2016-10-24,161.71916304068182,162.3901903821006,160.84682218008487,161.9540252685547,9944640
2016-10-25,162.99410234683427,162.99410234683427,159.80668847534693,160.2093048095703,6177333
2016-10-26,160.94744007239814,162.72568082384876,156.6863826429818,160.2093048095703,24852951
2016-10-27,161.85337373468676,164.26909350880032,160.8132680300246,163.1283416748047,15943817
2016-10-28,163.93357451050557,163.93357451050557,160.71261126718562,163.1283416748047,9674418
2016-11-01,162.92701862518632,162.92701862518632,160.47773965096263,161.0145721435547,5730426
2016-11-02,159.0349841358883,160.34350043385143,157.76002717218248,159.23629760742188,4867894
2016-11-03,159.06859305171753,162.5915161006325,158.36400631523335,161.24945068359375,9210542
2016-11-04,168.7649917481621,172.05305176918597,165.7788913232051,167.12095642089844,36621117
2016-11-07,170.3083734537481,174.23392270909125,165.7453350243512,172.1201629638672,25202734
2016-11-08,172.1201805086184,172.72411040688525,169.234736479843,171.51625061035156,10317962
2016-11-09,160.47773454382144,171.11362096517584,160.07511816231917,166.5170440673828,23914156
2016-11-10,169.67087228332502,169.7715290212432,164.77232589482858,168.4630126953125,12012673
2016-11-11,166.4163967554027,167.05387538732532,161.71916283735655,163.02767944335938,13232720
2016-11-15,162.3566298691507,165.67824952656454,158.2297774605794,159.3705291748047,22012736
2016-11-16,159.67245732404257,160.44414116544215,153.02921976111767,154.94166564941406,31846924
2016-11-17,153.29766739786567,157.0219139760294,153.2641186924059,155.34432983398438,9640577
2016-11-18,154.3377873791424,155.27723628776445,152.391792144714,152.8950653076172,8575440
2016-11-21,153.1298957049452,153.39830658490058,150.04313868494975,150.4457550048828,7878052
2016-11-22,150.98259835239617,153.06279877322748,149.97605216278504,151.72073364257812,9570300
2016-11-23,152.49240300588264,152.86147058982772,149.97602731525595,150.74771118164062,10720504
2016-11-24,150.98262055638705,151.15037473482482,149.03662529908596,149.97607421875,18697423
2016-11-25,150.64710279653605,154.6397607377214,149.67410515993777,153.5325469970703,7890103
2016-11-28,153.26412058912226,157.15612137625422,152.52598525884832,156.8206024169922,9472016
2016-11-29,156.38442357510743,158.12911574823116,154.5055259476671,155.0423583984375,8945347
2016-11-30,155.67984662721818,157.29033344598153,153.7674001758771,156.01536560058594,11507955
2016-12-01,156.21667693770934,157.692947639781,155.04236586401387,156.6864013671875,5358757
2016-12-02,156.35085622110438,156.35085622110438,152.99568836286628,153.33120727539062,8693600
2016-12-05,153.59963627223138,156.4850801200331,152.62663875457767,156.0489044189453,5320355
2016-12-06,156.3508825834163,156.3508825834163,153.76739821823062,154.47198486328125,5100487
2016-12-07,155.34434766052726,155.34434766052726,151.98916835790945,152.45889282226562,8419775
2016-12-08,153.7003049533409,157.89426559648936,153.19703180286405,156.5522003173828,7648947
2016-12-09,157.05548719324182,160.7797237191455,156.04893017081832,158.46466064453125,8648965
2016-12-12,157.15610166508546,157.4916099487624,155.64627185452753,155.88113403320312,3155645
2016-12-13,157.5587387021949,158.96791195953358,155.81404648356067,158.12911987304688,7727181
2016-12-14,158.36396905232107,158.6994879860099,155.67982821631378,156.45152282714844,6556449
2016-12-15,155.6798380361033,157.29032476599272,153.3312266191453,154.13645935058594,5538310
2016-12-16,154.8746201954436,154.8746201954436,151.6536570594818,151.88851928710938,13422991
2016-12-19,151.2174886315606,153.6667571523558,151.2174886315606,152.32469177246094,5665425
2016-12-20,153.33123217545054,154.8746109168957,152.6601942414293,154.30422973632812,6145411
2016-12-21,153.66672416128944,154.20355657809696,151.31811290907862,151.8549346923828,13379223
2016-12-22,151.15033191542503,153.26409138586186,150.4793047582641,152.69371032714844,6668113
2016-12-23,152.66019347539483,152.66019347539483,150.17736589218038,150.7812957763672,11177602
2016-12-26,150.91552743992744,151.55301677479017,148.96953199004525,150.98263549804688,9071721
2016-12-27,151.6536455077783,157.62584686953448,150.54643187129787,157.0554656982422,16206836
2016-12-28,156.1495547208147,158.63238210368087,156.1495547208147,157.99490356445312,14711711
2016-12-29,157.89422830494547,159.03497980103603,155.88112554498895,158.36395263671875,14593942
2016-12-30,159.3369832682858,162.65860298406434,158.56528857631983,162.1553192138672,10821396
2017-01-02,162.3901839322853,162.55794873610557,160.10866979506847,161.68560791015625,5075736
2017-01-03,161.65204603889129,164.8730089998676,160.54484301172883,163.29608154296875,7798116
2017-01-04,162.96053871028872,165.74532554056393,161.1152006019143,164.70523071289062,9668664
2017-01-05,164.06776094203428,166.3157262728628,163.79935002795142,165.5775909423828,9532162
2017-01-06,165.74533757793623,167.08741335440828,162.52438548821385,162.85989379882812,8404984
2017-01-09,162.96051496207878,165.4768905432436,162.4572419725461,164.97361755371094,5041639
2017-01-10,165.074304641397,167.6577887253288,164.87299115515458,167.05384826660156,12438618
2017-01-11,167.6242296490442,168.09395402867068,165.47692123746705,166.11441040039062,7931415
2017-01-12,166.2150630031321,166.2150630031321,163.83290294218924,164.1684112548828,5816779
2017-01-13,165.07432182877395,168.42949023679952,162.72569968975424,167.52359008789062,4553691
2017-01-16,167.25519146101828,168.32884585584327,165.81246936486332,166.95323181152344,4813933
2017-01-17,166.9532365766743,169.3018483218528,166.9532365766743,169.06698608398438,4996927
2017-01-18,168.8321153235402,170.64390508127852,167.62425548504797,168.32884216308594,7534139
2017-01-19,167.59069149800357,170.9458597731605,167.45648604301778,170.54324340820312,9538148
2017-01-20,170.6103548390834,171.98597947436372,170.24128714916785,171.38204956054688,11261533
2017-01-23,171.1807088113515,174.56942553123483,171.14716010856148,174.23391723632812,11101905
2017-01-24,174.20036875351275,174.97206340028612,172.69054943185407,174.36813354492188,8341113
2017-01-25,174.4352187264488,178.76339479223395,174.20035654174342,178.15945434570312,18123606
2017-01-27,176.81739393152262,179.13246713700232,171.85174985294222,172.72409057617188,25440485
2017-01-30,173.39515495146065,175.1398366646205,171.44914908654454,171.85177612304688,9253765
2017-01-31,171.91883427797268,174.43521014741182,170.84518014833853,173.1938018798828,10380649
2017-02-01,174.46878011425392,181.24622462745256,173.4622338971916,180.97781372070312,35144107
2017-02-02,181.85015413927243,187.8223549381663,180.8435867159705,184.06455993652344,30867395
2017-02-03,183.86327819402132,184.8698245240868,181.51465591252835,183.22579956054688,9356904
2017-02-06,184.467184692093,187.21841223741708,183.930341650439,185.7421417236328,8538188
2017-02-07,186.94999704879197,196.04249274058685,184.93690480667678,185.94345092773438,25251605
2017-02-08,184.86976397530543,187.2183854875749,182.521142463036,184.40003967285156,11114871
2017-02-09,185.20534275469086,186.81580827694242,182.957377371163,186.3125457763672,5070408
2017-02-10,187.0171444438249,187.28555539672206,182.21926410189454,183.4271240234375,7975779
2017-02-13,184.80273042627792,185.44020907120358,180.23970188327198,181.58175659179688,9312915
2017-02-14,181.17912058895365,183.52774252084504,180.60873945785096,181.7159423828125,6911954
2017-02-15,181.98434655337903,184.86979017247975,181.98434655337903,183.4606170654297,7827599
2017-02-16,181.21265556216147,182.1856636555326,178.29366318255822,178.93115234375,10982700
2017-02-17,179.40087657999877,180.4409820788799,177.15291143303142,179.9376983642578,9700816
2017-02-20,178.49501112019712,179.46799807639553,178.19304085089018,178.52854919433594,5934404
2017-02-21,178.49500711114132,178.66276127909637,175.00562258943418,176.58255004882812,10251239
2017-02-22,177.42132252203143,178.66274150813888,175.57598434471413,176.78384399414062,8815003
2017-02-23,177.1528984940659,179.9712445560885,175.54241199190938,178.26010131835938,12837302
2017-02-27,178.19303120393278,178.49500145689174,173.02606263233272,177.5555419921875,5270544
2017-02-28,176.4818748888591,177.5555290989089,175.07271237789033,175.94505310058594,8558167
2017-03-01,176.07927773078728,180.9778249332226,176.07927773078728,180.17259216308594,15139871
2017-03-02,180.1725911754053,181.34689161712672,176.81741211754348,177.6562042236328,10453722
2017-03-03,175.8108508517589,176.75029963183025,173.22736670656263,175.50888061523438,10371862
2017-03-06,176.28058291730494,177.85751030958485,175.50888825714406,177.22003173828125,9927375
2017-03-07,177.35423805006593,177.82396246282235,175.240478192662,177.3206787109375,7183529
2017-03-08,177.45487341168976,178.15945998812057,176.81739487594436,177.25357055664062,5993605
2017-03-09,178.5620846216363,178.69627943423876,176.012149245115,177.79039001464844,9847115
2017-03-10,177.7903901574949,177.85749819735344,176.24701157578252,176.78384399414062,5880374
2017-03-14,178.62916810983316,182.286306106905,177.9581409315878,179.2331085205078,18508020
2017-03-15,177.95816463036812,181.6488518194673,177.95816463036812,179.9712677001953,14475482
2017-03-16,181.34686718773582,182.017905035613,179.50152905632822,180.13900756835938,9020039
2017-03-17,185.74215563827457,193.86166533935727,185.74215563827457,188.72825622558594,54015422
2017-03-20,189.83546663933876,190.7078180729613,186.4132008516037,189.1644287109375,16509511
2017-03-21,190.03677329564624,193.660352458009,189.90255720799962,193.1906280517578,13734401
2017-03-22,191.24465909242235,193.1570950498411,186.95004144027632,187.78883361816406,12874461
2017-03-23,186.21187903068858,189.56704725585385,184.60139232784707,186.2789764404297,17547913
2017-03-24,187.11776855321241,189.9025556288994,187.05067114345104,188.5605010986328,7398317
2017-03-27,188.1914156823155,189.8354403018516,185.40660760245993,188.9630889892578,12623097
2017-03-28,188.96308027304272,189.36570720905357,187.9229961333561,188.22494506835938,6532115
2017-03-29,188.0236750620487,190.37229728665497,188.0236750620487,190.0367889404297,8828112
2017-03-30,190.57360963231105,191.00977473313063,187.92303841916325,189.7348175048828,14948411
2017-03-31,188.56051422997874,189.90256885370593,187.05068416965247,188.09078979492188,9929324
2017-04-03,189.76834214494465,190.30516390425282,186.98355534315195,188.92955017089844,7507187
2017-04-05,190.0367504033259,190.23806387704107,186.34605300822682,187.18484497070312,10685034
2017-04-06,186.6816079568712,187.3190865323798,183.3264396503979,183.93035888671875,16243974
2017-04-07,183.19220323179792,183.9638978114141,181.78303014741422,182.9573516845703,9480161
2017-04-10,184.5343180793586,184.5343180793586,182.58832281655813,183.56130981445312,5687364
2017-04-11,183.2593365122095,189.63414333509218,182.38698512366426,189.26507568359375,11355730
2017-04-12,189.0302338854625,191.110423816395,187.58750127604932,189.1644287109375,7507416
2017-04-13,189.16438393657145,189.23150260043104,186.21184327086962,187.3190460205078,4085766
2017-04-17,185.57437004000118,189.56701617050945,184.90333225160387,187.28549194335938,5017073
2017-04-18,188.0236570182441,190.57359251268332,186.61450508572025,187.25198364257812,4497780
2017-04-19,188.66118187118494,188.89603346876,186.44675439699273,187.0171356201172,5143709
2017-04-20,187.6881711800133,188.89603102896712,186.78228161005055,187.553955078125,4400814
2017-04-21,189.2315226578345,189.2315226578345,182.99088987967085,184.09811401367188,9041742
2017-04-24,185.4737360885529,186.24543070334073,181.95081385053177,185.70858764648438,7392939
2017-04-25,186.54736808110073,189.23151939763892,183.7961406287564,188.7617950439453,13211107
2017-04-26,190.1038703119091,196.54579589842572,189.23154017854228,195.20372009277344,19671557
2017-04-27,195.5392746030618,195.8747829637381,190.9091486372733,191.78147888183594,14075606
2017-04-28,191.78142844001945,192.2511527816271,186.11119827368756,186.54736328125,12851433
2017-05-02,188.22499135266787,188.76183448835977,185.54086074224884,187.3526611328125,7298698
2017-05-03,187.5539217518377,187.5539217518377,184.8697915941044,186.0441131591797,6271881
2017-05-04,186.48028107040574,189.36572475617837,185.30598075423345,188.69468688964844,8070845
2017-05-05,188.52692502779595,188.52692502779595,185.47372731703808,185.97698974609375,4192254
2017-05-08,186.24544889997816,186.8829274960834,182.89025921809184,183.15869140625,11038927
2017-05-09,183.52777545538393,185.64152493990048,181.85019109827277,182.18569946289062,7008749
2017-05-10,182.65539628982296,185.00401828773167,182.521180204082,183.82969665527344,4754549
2017-05-11,184.86981531279463,187.31909423195782,183.86326903288116,185.64151000976562,9778012
2017-05-12,186.07764437014598,186.07764437014598,183.89679800168278,184.50071716308594,4672675
2017-05-15,185.13820465689685,187.15131824908778,184.86979376467275,186.5138397216797,5673245
2017-05-16,186.88291986954073,190.77490996788717,186.54739028154026,190.20452880859375,11635819
2017-05-17,190.64066764020401,190.84198111189463,187.38615655988676,188.99664306640625,8617269
2017-05-18,186.54739831700735,188.59405020403875,185.90991971945792,186.4803009033203,8229448
2017-05-19,189.39927966352138,198.39111881031081,189.19796618156977,192.0498504638672,37099971
2017-05-22,196.24384400877602,204.53110865300033,195.4721705520011,203.7258758544922,37323445
2017-05-23,202.5850975163739,203.9271733420762,200.13583997162925,201.41079711914062,20546707
2017-05-24,201.3101546669248,202.61867124646906,199.90098132995328,201.24305725097656,9822098
2017-05-25,201.3101448837847,204.46399975120966,198.1898280891991,201.3437042236328,23646915
2017-05-26,202.65220833330267,210.57040435696447,201.00816232054174,207.4165496826172,22579834
2017-05-29,203.9942591853002,214.63014463648346,203.65875088140453,211.94601440429688,20422509
2017-05-30,209.96647139081452,211.50986071242073,208.05403567531215,208.9934844970703,8876322
2017-05-31,208.99348095158,210.3019974120441,206.0073803760085,209.22833251953125,12782086
2017-06-01,209.36256592919972,212.54998026503688,208.5573118764352,210.83883666992188,8570891
2017-06-02,212.11372856936487,214.6636635060919,211.50980948279982,214.19393920898438,11500232
2017-06-05,214.69352711205156,216.90862725304567,213.5348586813522,216.3633575439453,9847609
2017-06-06,216.39738844974414,217.41973379216904,210.8085427635556,212.0012969970703,10220219
2017-06-07,212.17172906702493,214.5231303311216,211.52424426686235,212.8192138671875,11978598
2017-06-08,213.3304094593004,213.50081841320622,210.87677109269373,212.37623596191406,8081100
2017-06-09,211.7968322576038,213.05771553772885,207.67334302030733,208.55938720703125,10453119
2017-06-12,209.24100663202586,209.58178130568464,206.17394816578178,207.4689178466797,6507632
2017-06-13,207.91193181556864,208.55941659676054,205.96945587116625,208.04823303222656,5303687
2017-06-14,207.84376613836483,208.5594231512035,203.89068511782347,204.36778259277344,15135338
2017-06-15,206.48067175078842,206.48067175078842,204.12927018758137,205.7650146484375,7713717
2017-06-16,206.17396986580064,211.0130960258851,206.17396986580064,209.10470581054688,12798297
2017-06-19,210.6041631585767,212.54663961492437,209.99076432029963,211.89915466308594,7251573
2017-06-20,212.64887538636262,212.78517663832238,209.99076336399148,210.39968872070312,8579082
2017-06-21,210.87671109094705,211.96722872183253,209.37726824920105,210.5700225830078,8598645
2017-06-22,210.36558441781997,214.1482782571143,210.0588742576757,212.17173767089844,9289243
2017-06-23,211.28571415558739,213.2622549369277,210.3315190748258,211.96728515625,7453263
2017-06-27,212.47842799434204,215.7158737541447,211.9672659906859,212.8873748779297,10061814
2017-06-28,212.3762177562927,212.3762177562927,209.30915926053777,210.16111755371094,8224059
2017-06-29,210.67231922950214,213.50081841320622,210.3315229225213,212.37623596191406,10311615
2017-06-30,211.4560925682928,221.30473154924542,211.4560925682928,220.58909606933594,24090343
2017-07-03,235.82204086688367,241.81983344502,231.93711121074983,233.43655395507812,48892799
2017-07-04,233.6410614316026,234.0840727795569,229.17679704557392,229.85836791992188,11664585
2017-07-05,229.85836471278455,230.26731155185269,225.08739025974316,225.63265991210938,12439637
2017-07-06,227.84774420189893,230.88071626933026,225.80305315454535,229.75613403320312,13946670
2017-07-07,230.36954252092178,230.50584372999722,226.99577438433448,227.8477325439453,10301830
2017-07-10,226.58691653596892,228.3248978738667,225.59863527257394,227.16622924804688,1316454
2017-07-11,228.3248914706895,228.35897758255132,224.9170579144354,225.18968200683594,8657755
2017-07-12,223.82653591898634,227.37067031525797,223.14496496560213,224.1332244873047,10643992
2017-07-13,226.2801712285748,231.39192091351273,225.59860028375067,230.8807373046875,18165609
2017-07-14,231.6986735581832,231.6986735581832,228.1886030695938,229.790283203125,5801768
2017-07-17,228.32484880086898,228.32484880086898,218.57844751544306,221.61141967773438,21102802
2017-07-18,199.46054724503682,199.46054724503682,188.38508795023506,193.93984985351562,155236591
2017-07-19,196.15489994315803,199.63088330338883,195.06438222964223,198.6426239013672,40641441
2017-07-20,200.38060463048865,200.99402489403525,196.5638250372909,197.31356811523438,15896377
2017-07-21,198.67673044444126,198.84711779799974,195.30298308099222,196.9046630859375,13681787
2017-07-24,197.65439110684397,201.30076267393696,196.35942125697267,199.86949157714844,18479650
2017-07-25,201.06221993778374,201.16445667097028,198.23372072156175,198.60858154296875,9927828
2017-07-26,199.0175378441691,200.55104571249282,198.6767415172278,200.14212036132812,9564282
2017-07-27,200.85771730974525,201.33481479507105,195.43925764086532,196.66607666015625,19620418
2017-07-28,200.58508870444393,200.89179885250616,195.7118772435467,198.71078491210938,19206912
2017-07-31,197.313586969043,197.85883507707786,193.90575389258262,194.4169158935547,22065527
2017-08-01,194.4510142077574,196.66609288601666,194.24654075420094,196.18899536132812,14063559
2017-08-02,197.51805348203263,197.58622570122253,193.7694454597833,194.55325317382812,10247374
2017-08-03,194.2465460224078,194.51917010093382,191.28172406708865,191.79290771484375,10592033
2017-08-04,191.11133081338525,193.83759311524253,190.60014718142406,191.34986877441406,11717562
2017-08-07,191.92919843237237,192.88339345532066,190.46384139052049,190.73646545410156,8776750
2017-08-08,190.90684996954494,191.79289436369749,186.40852058576,186.85153198242188,13231816
2017-08-09,186.74932292454847,187.70351807473278,184.29568442431216,185.96551513671875,10291858
2017-08-10,185.82916937732733,187.19228955050158,184.5341782117783,186.13587951660156,10380837
2017-08-11,184.70462019338075,187.0560218136938,184.09119980503962,185.04539489746094,14964550
2017-08-14,187.0219126339215,187.0219126339215,184.36380114731418,184.87498474121094,10066349
2017-08-16,185.38615900744577,192.03143816390312,184.94314759729176,190.29345703125,19412233
2017-08-17,192.09960451686212,192.81523997301935,189.40740682767714,190.8386993408203,14231781
2017-08-18,190.3275205420098,193.56496643212463,188.65769003486102,192.099609375,15442589
2017-08-21,192.44035224171856,194.24650528388256,191.4861573665819,191.92916870117188,13592218
2017-08-22,192.20181740678225,194.2465084001199,191.07721359953786,192.81521606445312,12417415
2017-08-23,193.22416016706563,194.65545248246286,191.92916906218676,192.57667541503906,9084531
2017-08-24,192.2018477274694,193.22419338541778,191.58842737220272,191.82696533203125,11235986
2017-08-28,192.2699764716047,192.88337515626102,190.36158660675923,192.50851440429688,10358573
2017-08-29,192.44037143494856,192.81523220179466,190.42974477603406,191.0090789794922,6377756
2017-08-30,191.6225090288151,192.81524200190384,191.24764824291617,192.20184326171875,6785885
2017-08-31,192.8834001959467,192.98563692346605,191.1113329203274,192.3722381591797,11654017
2017-09-01,192.33813291947095,193.80351146761305,191.31578734679127,193.29232788085938,7526993
2017-09-04,193.19007600715676,193.4627000317613,192.2018166180685,192.9515380859375,8807199
2017-09-05,192.64484196667573,193.49680020582733,191.929184949325,192.78114318847656,8121365
2017-09-06,191.17946921744144,191.52026548392075,187.60124882479207,187.907958984375,14710804
2017-09-07,188.79396798044473,189.16885032646792,183.7163048680864,184.29563903808594,19958290
2017-09-08,184.8068227252795,186.272179602649,184.02301512994603,185.62469482421875,10090288
2017-09-11,185.6587971411641,187.02191742509632,185.0453768127732,186.47666931152344,9672742
2017-09-12,187.771666467425,189.64597063270972,187.15826765007353,189.23704528808594,11906324
2017-09-13,189.06664872992667,189.1347993505766,184.67053408264047,185.04539489746094,12593161
2017-09-14,185.59064289618888,185.72696573819584,184.29567310086048,185.38616943359375,7312288
2017-09-15,185.38617751456627,185.8973611933366,182.79623781101418,183.54595947265625,13653947
2017-09-18,184.70460101360837,185.18169851027713,181.46715525770105,181.9783172607422,10543289
2017-09-19,182.65989969107335,184.02304165326902,180.00179878578749,182.5576629638672,35187337
2017-09-20,183.6140739908757,185.38614106077273,182.48949171954717,185.07945251464844,9974675
2017-09-21,185.3861389287931,185.6587845679439,182.0464782587069,183.71630859375,8058682
2017-09-22,183.6822186374451,184.6704996563714,182.01238833741277,182.96658325195312,7142399
2017-09-25,183.00067723909046,183.7844632662893,177.82076639435255,178.74087524414062,18260404
2017-09-26,179.45653149256623,179.76324165991664,177.9230022566428,178.877197265625,9950366
2017-09-27,180.6833217678655,180.95594578401156,175.02631403056492,176.1849822998047,18208892
2017-09-28,177.4799970465635,179.52469916559812,176.59395262138585,178.2637939453125,22436773
2017-09-29,179.11578490965266,179.18394633955756,175.46940221953233,176.04873657226562,12640792
2017-10-03,178.91126633775812,179.08166446937463,176.18500423603396,178.1615447998047,11940746
2017-10-04,180.00180093831258,183.00069817042413,179.3543052584022,182.2509765625,11194466
2017-10-05,182.25096208662666,183.614082356023,180.20624928128967,180.78558349609375,7204474
2017-10-06,181.16042729110308,182.31909561211555,180.37663050955763,181.39898681640625,8158755
2017-10-09,182.6598663330078,183.44367389816978,181.56937024306578,182.6598663330078,6323114
2017-10-10,182.0464799850486,182.59172806686666,180.7174134846864,181.4330596923828,5683301
2017-10-11,181.63753891944324,182.48949717478075,180.2403217644745,180.8878173828125,7959877
2017-10-12,180.99005776103232,183.47778196514994,179.93362604692092,181.9783172607422,9518815
2017-10-13,181.46715349327062,182.38726237046097,180.06993632363628,181.26268005371094,12504487
2017-10-16,181.2967463118333,183.9889220357489,180.95595008293552,182.319091796875,9504724
2017-10-17,182.65990472506962,183.13700226490366,181.26269821585223,182.14874267578125,11038203
2017-10-18,182.65987122778128,184.5341749331114,182.04647256095797,184.2615509033203,7508323
2017-10-19,184.7046000868405,184.90905192653403,183.34145821724704,183.7844696044922,1283342
2017-10-23,184.0230321253545,185.8973360257079,181.16044711345367,182.0124053955078,10144269
2017-10-24,182.96659836128043,182.96659836128043,181.36491853692715,181.9783172607422,8723712
2017-10-25,182.93253704194655,185.04540075646824,182.79623579633108,183.51187133789062,6169387
2017-10-26,184.56829168596855,184.56829168596855,182.08056729988513,182.93252563476562,9616793
2017-10-27,184.43194479604125,188.1124233314799,182.28501698439135,183.57998657226562,23852749
2017-10-30,183.34145871092912,184.43195492887762,179.55876485357422,180.71742248535156,18266520
2017-10-31,181.33083390652718,181.94425423616644,179.86546609780007,181.09228515625,8452918
2017-11-01,181.97833064799147,184.84091583859023,181.501233116225,183.92080688476562,7516426
2017-11-02,183.8185605990564,183.98894793707893,180.81966352679325,181.05821228027344,10056813
2017-11-03,181.97831358124705,182.5917338934875,180.5470319205947,180.8878173828125,6210456
2017-11-06,181.46714723375658,182.59172951171536,180.13809152329117,180.54702758789062,9368140
2017-11-07,181.09228042228486,182.45541147377156,179.69507406462483,180.8196563720703,9872847
2017-11-08,180.8537420767149,181.63753891944324,180.41071989579038,180.8878173828125,6186540
2017-11-09,181.56939261122363,181.63754322503425,176.73026701409924,177.24143981933594,21026098
2017-11-10,177.5822005622848,180.751484473944,176.7983930097038,178.36599731445312,17438746
2017-11-13,179.25209696904577,179.4565704583438,175.8442630829676,176.04873657226562,7681031
2017-11-14,176.18502821563413,177.7867082284242,174.48111147004204,174.85597229003906,8656529
2017-11-15,175.1626687504328,175.40121750812293,170.664328462858,172.640869140625,17666898
2017-11-16,173.59505173496777,174.20846123930968,172.02744726822428,173.86767578125,10343428
2017-11-17,174.82189257978865,176.52580928250106,174.4811070791631,175.84423828125,10383570
2017-11-20,176.2531428352186,177.6844243131364,175.33302328474545,176.66207885742188,8221147
2017-11-21,176.8665717546532,176.8665717546532,173.93583627161019,174.3447723388672,17266541
2017-11-22,174.4811042593348,176.28725766308676,174.2084801834064,175.94647216796875,8941555
2017-11-23,176.08278420593294,177.6844641525311,174.75372833526322,175.94647216796875,7814131
2017-11-24,176.18497691470358,178.19560327325445,175.8782776060167,177.718505859375,7630740
2017-11-27,177.2073703630339,177.54815586535113,175.367141611019,176.69619750976562,5022804
2017-11-28,176.5939403549385,176.6621017676848,174.48108776559928,175.16265869140625,18183221
2017-11-29,175.84422504943825,176.32132255433064,175.162664899888,175.87831115722656,9032800
2017-11-30,175.7760877681561,175.98055042832345,173.56098741295213,174.5151824951172,22967997
2017-12-01,175.12860041867708,176.93475393875178,173.5609956805069,173.9358673095703,6847473
2017-12-04,174.48108528559192,174.6855587205105,172.8112441013891,173.86767578125,6347174
2017-12-05,173.79954403727245,174.03809281859344,172.0956272565271,173.0157470703125,9337698
2017-12-06,172.60680147394442,172.60680147394442,170.97103540581983,171.48220825195312,8562019
2017-12-07,170.39169119664373,173.18611483290488,170.39169119664373,172.67494201660156,5635445
2017-12-08,172.9475424835359,179.38834717132346,172.7089937617507,178.706787109375,13638732
2017-12-11,180.37662568381052,182.31909073440025,179.4565061123047,181.46713256835938,17842707
2017-12-12,180.27442075581405,180.75151827693594,177.54814766362966,178.2637939453125,9599026
2017-12-13,176.93473871735415,178.84312880841458,175.57160756677447,176.5258026123047,8986735
2017-12-14,177.82076406421243,181.39899510098232,175.5375134217612,180.10400390625,8353203
2017-12-15,181.29676559595518,182.01240103135714,179.55876296593885,180.34255981445312,12742052
2017-12-18,180.95595582083666,180.95595582083666,176.55985281510144,179.3883514404297,9650962
2017-12-19,179.52468051969893,180.88781152400546,179.3202070889082,180.10400390625,6107682
2017-12-20,180.41070735890835,180.41070735890835,179.04757640517622,179.45651245117188,7728106
2017-12-21,181.22858721450166,181.22858721450166,178.29785175828394,179.2861328125,7032195
2017-12-22,179.59286029110064,180.06995784013873,178.67275130396672,179.3202362060547,6652053
2017-12-26,179.42246385258628,180.6152076647842,179.01351694530993,180.03587341308594,9917650
2017-12-27,180.06993585779315,180.13809727094142,178.33194402727435,178.6727294921875,6325599
2017-12-28,179.52467810428118,179.96768946448245,177.92298758532635,178.46824645996094,16501935
2017-12-29,178.91125601026738,179.93361233970987,178.74086868890035,179.4224395751953,6818477
2018-01-01,179.4224437171689,181.5012101274062,178.05930191311077,178.7749481201172,10863895
2018-01-02,178.97939999582078,180.06990682748634,177.51403245330886,177.718505859375,5907460
2018-01-03,178.09338661688486,179.01349544692775,177.61628914930205,177.99114990234375,11443370
2018-01-04,177.85485784167147,179.0816769530093,177.61630908111053,178.2637939453125,9729737
2018-01-05,178.50232800874912,179.5928349957522,178.50232800874912,179.18389892578125,9566733
2018-01-08,179.93361717835873,181.84200707097307,179.4224444000981,181.0241241455078,14989106
2018-01-09,180.95598400990585,185.38616300957324,180.44481117154652,184.3979034423828,26728897
2018-01-10,186.37439186234545,186.7492525586133,183.3755062922026,183.61404418945312,17074502
2018-01-11,183.68223005383987,184.70459724069525,182.72803507999348,183.88670349121094,11722150
2018-01-12,184.19343473664114,184.94315635895643,181.3990217081624,182.3531951904297,8494789
2018-01-15,182.65986156419606,184.77272468432923,181.97829072536356,182.38723754882812,10944192
2018-01-16,182.79618621059151,183.13696083302216,177.75258787350015,178.36599731445312,13433905
2018-01-17,178.57050347418524,181.97832592630127,176.90066215632908,181.33084106445312,17006334
2018-01-18,182.65989010623363,187.60125245886422,181.73978121048944,186.34034729003906,27461089
2018-01-19,188.11242656876382,189.134772134723,184.7727442258581,187.1241455078125,26700710
2018-01-22,187.4308663480484,187.7716410225285,185.1817016544906,186.51075744628906,8660321
2018-01-23,186.7492800031941,188.96438000719473,186.44256986094902,188.52134704589844,18947034
2018-01-24,188.5554549064306,192.2018477274694,188.1465080029195,191.82696533203125,17971710
2018-01-25,191.52025598617107,193.01969900200163,189.8844901503436,191.69064331054688,13629982
2018-01-29,191.62250013545062,193.08785710292744,187.43085946887908,187.87387084960938,9938281
2018-01-30,187.43083746341958,188.4190968276103,185.35206042745844,187.567138671875,13560150
2018-01-31,186.68115051307277,188.11244307130968,183.92080212224653,184.97723388671875,19675610
2018-02-01,185.38615909668044,197.8588452120461,182.25097151447142,187.63534545898438,61648368
2018-02-02,187.02190303224066,194.68952694206965,184.5682651091615,187.6693878173828,36356576
2018-02-05,186.4425690734347,191.9973513120448,185.2839223201145,190.32749938964844,20465290
2018-02-06,183.98891976967386,188.9984320254224,182.7621008825686,186.4084930419922,16432103
2018-02-07,189.47553535267713,189.9867189052145,186.74927347440558,187.5330810546875,13455081
2018-02-08,187.90796167484459,188.72583384461444,185.8291843426212,186.81744384765625,10156564
2018-02-09,184.7045925561663,185.72693811626473,182.52357861423687,184.94313049316406,14751166
2018-02-12,185.6928741738282,186.6470692373611,183.54594608129412,183.92080688476562,6972242
2018-02-14,184.02304566888031,184.70461666485087,180.6833629092057,181.63755798339844,11738542
2018-02-15,181.6375615271637,183.95489863850904,180.47889297149106,182.72805786132812,12188244
2018-02-16,183.92080688893094,184.53420565788457,181.02414638897326,181.6034698486328,6401588
2018-02-19,181.2967810936288,182.52360023120931,178.91128263657674,180.00180053710938,6303342
2018-02-20,179.93361233970987,181.16043129471012,178.67271808051885,179.4224395751953,9659227
2018-02-21,179.93361874936642,183.3073655955912,179.55875798867478,182.79620361328125,10961665
2018-02-22,182.11462888086334,183.34144785381983,180.92188521259632,182.04647827148438,19855003
2018-02-23,182.2850314708781,184.02303416180004,181.36492256430947,183.37554931640625,6780714
2018-02-26,183.0347511511876,183.68223598990215,181.29677007902296,181.671630859375,8701511
2018-02-27,182.65990857356735,182.79623141674801,180.95599183837857,181.5694122314453,7716072
2018-02-28,180.61518616986325,181.50120889574399,179.28613048021504,180.64926147460938,13969189
2018-03-01,180.06990575309334,181.3648859830985,179.14978623169793,179.93359375,8081243
2018-03-05,179.4565392862048,179.4565392862048,177.20736369586504,177.3777618408203,6878708
2018-03-06,177.92299169110927,178.84311133810706,174.14029798756647,174.82186889648438,8495423
2018-03-07,174.82187981810557,177.5481420232671,172.81125307147775,177.1392059326172,15736814
2018-03-08,177.4118237514093,178.50233075519097,175.6738319267746,176.42355346679688,6259151
2018-03-09,176.5258101588146,177.8207907474541,176.01463730554636,176.69619750976562,6345666
2018-03-12,179.93361683544518,184.60235484234855,179.21797062707867,184.09117126464844,20666810
2018-03-13,183.78447933426426,185.38615923537586,182.1146488163135,183.64817810058594,8647577
2018-03-14,182.6939697265625,183.37554064769407,180.81965509365762,182.6939697265625,8211627
2018-03-15,181.9783107337956,183.95487286397952,180.75150252975283,180.99005126953125,5771710
2018-03-16,181.56939496043196,181.56939496043196,176.4235591333384,177.5481414794922,21477001
2018-03-19,177.5822161879917,178.7067984619569,176.0486870504655,176.62802124023438,13423983
2018-03-20,175.9464327182567,177.17325158527913,175.50341059389368,176.66207885742188,7769207
2018-03-21,177.2414158190031,178.33192269603535,176.32129625383942,176.55984497070312,13418488
2018-03-22,177.20739447731552,178.1956758086449,175.74202633831857,176.04873657226562,8319663
2018-03-23,174.48109436035156,176.3894843844101,173.6291360710989,174.48109436035156,11616470
2018-03-26,172.36822395191763,177.20733832854137,172.09558911909997,175.91236877441406,12981125
2018-03-27,176.3894757312086,177.548133331536,175.09449530692368,176.45762634277344,9107151
2018-03-28,175.84422110167336,176.49171672972759,173.3565077109398,174.1403045654297,12743051
2018-04-02,175.162659658168,176.49171541053715,174.1062279574607,176.01461791992188,7299774
2018-04-03,175.8441968794158,177.2073277605588,175.50341145902686,176.1849822998047,5294559
2018-04-04,176.86659868139392,177.07106134594358,175.23083256250402,176.25318908691406,8716184
2018-04-05,174.14030142764312,177.20734897753462,174.14030142764312,176.96881103515625,9464602
2018-04-06,177.54813338752626,178.5704897650464,177.24143403455994,177.78668212890625,6333848
2018-04-09,177.99114681447858,181.70567897574512,177.82075949347507,181.16043090820312,9572467
2018-04-10,181.53532043699312,183.13700038985922,180.68336209607156,181.7738800048828,15248015
2018-04-11,181.91016622425045,182.35317761268848,179.52468954686685,180.71742248535156,5433736
2018-04-12,180.68337707351995,180.71745238586522,178.16157715123552,178.53643798828125,6360898
2018-04-13,179.2520240036341,179.5928094136069,177.20732234420964,177.718505859375,5183544
2018-04-16,177.54815410560627,180.54705137569363,177.20736860666668,180.24034118652344,5412918
2018-04-17,180.88779466389178,182.93248557956403,179.0475663595392,182.38723754882812,13716437
2018-04-18,183.13697272056086,190.088961236503,182.65987525769398,187.6693878173828,24733011
2018-04-19,188.96439638205254,190.83870030125783,187.60125447672385,189.0325469970703,13317329
2018-04-20,188.11241704693145,190.32749539424944,186.40850065630545,188.24871826171875,11206130
2018-04-23,188.11243323083147,188.93030539239854,187.4308622957781,187.77163696289062,12198602
2018-04-24,188.1124267578125,190.0548811750043,187.19229630677972,188.1124267578125,8774762
2018-04-25,187.77163884613535,188.31688695931527,185.86324884917713,186.81744384765625,5118640
2018-04-26,187.12413138071298,190.22525395030397,186.06769978867462,189.6459197998047,21064135
2018-04-27,190.5660560928189,191.4861649011817,189.74816239576174,190.4297332763672,10107682
2018-04-30,190.56608171425438,193.46273134524628,190.56608171425438,191.82696533203125,6146923
2018-05-02,192.26998998087927,196.76831932051067,191.00908481712113,195.78005981445312,16690653
2018-05-03,195.95043746797478,197.4498805070977,192.91746528399344,194.24652099609375,9727173
2018-05-04,195.60966040613226,195.60966040613226,188.01018698685454,188.89620971679688,11324148
2018-05-07,189.68004033588616,193.15602426905505,188.72584527959197,192.3722381591797,6725168
2018-05-08,192.9855888903993,194.89397852799982,192.201802975604,192.6788787841797,6842664
2018-05-09,191.86104764967965,193.56496424619996,191.86104764967965,192.4062957763672,4376684
2018-05-10,192.84933862801685,193.53088802076553,188.99847223466992,190.94094848632812,5890656
2018-05-11,192.13366150095925,193.5649539580614,190.66830453826785,193.326416015625,4042002
2018-05-14,192.88337997382797,195.8141154535184,192.20183066292637,194.11019897460938,6728839
2018-05-15,194.14430067358342,194.9281083650664,191.315801683517,192.099609375,8077078
2018-05-16,190.80459827575706,196.836478022766,190.53197423760034,194.8258514404297,18758524
2018-05-17,196.29118121165905,196.76827861268936,189.78222649825003,190.1230010986328,11169294
2018-05-18,189.8504208815867,194.6213959921752,188.11243977766657,192.4062957763672,16016090
2018-05-21,192.40629780254503,193.5649662845794,189.8163583730908,192.4403839111328,8909610
2018-05-22,192.20185572281838,192.95157734322325,189.5096578307606,189.98675537109375,4913188
2018-05-23,190.1571293715962,190.42975343252914,186.0336607488457,186.3744354248047,8195839
2018-05-24,186.74927910451729,188.6576689570893,185.21575000149858,187.32861328125,6524303
2018-05-25,189.34325253018147,191.15048691253565,186.80615866586456,189.2737274169922,9600297
2018-05-28,190.455380627541,192.88820873202005,189.3432432252091,191.3590087890625,7266559
2018-05-29,191.01146426810678,193.06199254722247,189.37799856223606,190.4901580810547,9171106
2018-05-30,189.41275959136388,190.24686270161888,188.12683135390478,188.99569702148438,8313920
2018-05-31,189.2042299475114,189.55176740575607,187.39699551153166,188.82192993164062,13721531
2018-06-01,188.474383898105,188.85668389658176,187.04942751332516,187.6402587890625,6862252
2018-06-04,187.84879967436817,189.0304622862823,185.9372995842155,186.91043090820312,8291604
2018-06-05,186.97992071302238,187.57075197701226,185.48546127537102,185.93728637695312,6011246
2018-06-06,186.28482057959354,188.4743768797933,186.14581441959814,187.9530487060547,7577818
2018-06-07,188.0225766741394,189.27374242722343,187.74454228784353,188.40487670898438,7059595
2018-06-08,188.43961358922292,188.71764793763037,185.5897229664174,186.21531677246094,7030323
2018-06-11,186.63239559453905,188.99569877696499,186.38910175001485,187.15370178222656,8903144
2018-06-12,187.18845105846935,190.8724447865593,187.15368850328832,187.84878540039062,8774931
2018-06-13,188.71766647881444,188.92619776798347,185.7287694029024,186.18057250976562,8118945
2018-06-14,185.24222153168813,186.91044997577953,184.89468403602626,185.7635498046875,9522749
2018-06-15,185.93728467265908,186.1110533888274,183.22642220602506,183.8520050048828,11231098
2018-06-18,183.81723517501115,184.5470835805856,183.15690086200368,183.88674926757812,6522996
2018-06-19,184.13006123180566,185.69401290737613,182.56609854148257,184.92941284179688,7618626
2018-06-20,185.20741044989254,185.58971040676872,182.84410763361277,183.33067321777344,9907628
2018-06-21,183.78247507239053,184.06050940020117,181.0021097647834,181.3148956298828,7412366
2018-06-22,181.10638551222897,185.45071343235958,180.7240745216866,184.30380249023438,17468481
2018-06-25,184.30379365749323,184.47757337482065,180.55029715792656,182.53131103515625,14142177
2018-06-26,182.42706597472701,184.99892236902338,182.2185457110759,184.06053161621094,10475574
2018-06-27,184.13003799778235,184.19955209258742,181.76672399567738,182.63558959960938,10423520
2018-06-28,182.1142854225444,183.50446828498704,180.02900562150447,181.07164001464844,15200725
2018-06-29,181.97526091728167,185.9720296018024,180.9326155513292,185.03366088867188,11327082
2018-07-02,185.58973460080762,185.65925971439464,180.7588516964447,182.84413146972656,18794988
2018-07-03,183.1569130901845,185.41596153554576,181.52344746068871,184.51234436035156,10784961
2018-07-04,185.10318534152108,185.10318534152108,182.253316317247,183.7825164794922,8184810
2018-07-05,183.92151112481002,190.3163563949493,183.1569111374321,189.41275024414062,16069118
2018-07-06,189.58648610189488,190.9766796722558,187.77925208402496,189.51698303222656,13434995
2018-07-09,191.15047623411184,191.84557312064905,189.20421376360858,190.73341369628906,10158808
2018-07-10,191.49802724819415,192.88822111989396,189.829821037559,192.57542419433594,11928591
2018-07-11,192.43642076703796,194.8344865048137,190.28162684404913,191.6717987060547,11800272
2018-07-12,191.67174811389825,193.3399759374769,189.96877977137942,192.6796417236328,10284221
2018-07-13,193.23574540542896,193.44427667492442,187.1189456575753,187.9530487060547,19306087
2018-07-16,187.88354900663157,189.96881768010135,187.4664864601365,188.7871551513672,10676970
2018-07-17,188.40485808130222,189.76028934892318,187.18845500783604,187.5707550048828,10419746
2018-07-18,188.43962336282127,188.57862952948352,186.00679515119717,186.66712951660156,7321779
2018-07-19,186.91042622631048,190.8724545091573,185.06842926843848,189.9688262939453,9301711
2018-07-20,189.93407033470336,191.01146731309203,188.1268358710055,190.4553985595703,6825663
2018-07-23,194.27841367536828,199.24833636854208,192.64494781819374,197.51060485839844,27059765
2018-07-24,197.75388209006908,199.49161345403445,197.09352566697856,198.55322265625,12577993
2018-07-25,197.5800661873233,199.45682551456372,196.85022880031408,198.9007568359375,13814116
2018-07-26,199.49160906483863,202.3762404220132,197.54534645529822,199.630615234375,21495638
2018-07-27,208.52781425029136,213.4977366806793,205.05235141377,210.30030822753906,78783846
2018-07-30,209.91801638158054,211.0301539584681,208.52782238096515,209.25765991210938,17738557
2018-07-31,209.04913908056193,209.46617963408428,205.4346480965052,206.92910766601562,15124149
2018-08-01,207.17236959161423,210.57832912148422,205.81693829101826,209.6399383544922,15187911
2018-08-02,208.87530096532458,210.96059137821368,206.65100440927606,207.97169494628906,10226827
2018-08-03,208.5278272537423,212.28132470770666,207.2418988745994,211.27345275878906,12950643
2018-08-06,212.00327349934452,213.32394230543298,208.52781072163413,209.7789764404297,7979881
2018-08-07,210.5783170589331,211.44718266263357,208.35402023227977,209.29238891601562,7465742
2018-08-08,208.70155998568168,210.19601941484726,208.5277912689073,209.18812561035156,6690368
2018-08-09,209.74417479837317,211.72519966786703,208.56253441656165,210.2655029296875,9576528
2018-08-10,209.9180019281616,213.32393954500125,209.32717062005565,211.86424255371094,15347074
2018-08-13,211.30817339202005,213.94953299437802,210.7173420850648,212.66360473632812,10341087
2018-08-14,213.393440684908,215.6177374651276,213.28917505228037,214.01901245117188,12790249
2018-08-16,214.01900416115737,214.436066675513,212.07274180016583,213.70620727539062,19393491
2018-08-17,213.94953008548612,219.16272410356012,213.94953008548612,218.0853271484375,26392504
2018-08-20,218.39810050267133,218.95416918416274,216.38233501013863,217.7725067138672,19958265
2018-08-21,218.60666640464788,220.34439783178487,216.86893497751086,217.4945068359375,14143291
2018-08-23,218.2591142314356,219.92734262577363,213.63675112355637,216.8689422607422,11745180
2018-08-24,216.17380691675004,216.86890379355668,213.39344143902542,215.75674438476562,5655583
2018-08-27,216.31278872937847,218.8498821309084,215.82622317332476,217.84201049804688,5482067
2018-08-28,218.25909127253155,219.51025692929716,216.17382252109007,216.62562561035156,6864300
2018-08-29,216.66037257836368,219.2669693448733,215.4787100904655,217.4249725341797,10748094
2018-08-30,217.91157712301444,222.8467371938997,217.91157712301444,222.32540893554688,25934792
2018-08-31,223.8198685898211,224.23690916699744,220.48341179537468,222.32540893554688,18781195
2018-09-03,224.4801430717681,224.4801430717681,216.20855044529642,217.70298767089844,9463966
2018-09-04,216.86891175341546,217.00791791617763,213.3934492713224,215.20068359375,11615187
2018-09-05,215.7567619793894,218.57189024084934,214.9573994043999,215.65249633789062,10529696
2018-09-06,216.45188316937356,216.69515500713027,214.12332029745838,216.03482055664062,7902786
2018-09-07,216.5908664048187,217.70300376847806,214.1580383849368,215.79150390625,7465327
2018-09-10,215.61778268677125,216.0000827434186,212.38559145642915,213.0806884765625,10006954
2018-09-11,213.15015259453992,213.21965567499242,205.43462774973318,206.58152770996094,27008217
2018-09-12,206.96384912310313,213.81050906781056,205.33038337159454,213.2544403076172,20171661
2018-09-14,213.3934760493118,214.54037616878261,212.03804463002712,213.49774169921875,13317349
2018-09-17,212.0032680689894,212.7678680981405,209.57043978100683,209.91799926757812,6049990
2018-09-18,210.057005732208,211.9337652797047,208.04124001349183,210.786865234375,8515415
2018-09-19,211.65569662642545,212.4550370552309,207.1375782330005,208.2845001220703,6387203
2018-09-21,208.80586165446115,213.11544993936968,208.80586165446115,211.27345275878906,16966413
2018-09-24,212.00322509001444,212.94159365746557,203.31457012972692,207.1028289794922,15009283
2018-09-25,206.37299221002456,210.1612514743449,203.21032674546444,209.3271484375,13785151
2018-09-26,210.61306255462142,210.61306255462142,201.4031001557447,203.7664031982422,20657879
2018-09-27,204.0096946951704,205.12183210727292,201.22932913541146,203.87066650390625,12550275
2018-09-28,205.0523517711933,208.52781461377268,202.8280546707623,206.96385192871094,25554548
2018-10-01,209.11863619503004,210.57833316442796,203.94018270203412,206.5120391845703,9373133
2018-10-03,206.4425107450226,208.52777928548687,204.8090232186072,205.19134521484375,7861709
2018-10-04,204.25296158388898,205.53888971154072,198.20566498454426,199.56109619140625,8417940
2018-10-05,198.44894330670746,198.79650277319988,191.21998397540077,192.193115234375,18301682
2018-10-08,193.93085386215603,194.2088882282343,187.08419426265561,189.89932250976562,17063274
2018-10-09,191.49803520685276,191.49803520685276,186.1110722817655,186.6324005126953,10946626
2018-10-10,187.60551593128227,188.4743815560693,185.728756488761,187.74452209472656,11921765
2018-10-11,184.19959058417697,187.18848800510312,183.2612106893497,184.33860778808594,11018554
2018-10-12,185.9372749441411,192.99246509335788,185.79824676077908,191.2894744873047,13942941
2018-10-15,193.89611736752883,197.12830861295726,191.84561088839854,196.36370849609375,18623988
2018-10-16,196.71124364080237,197.2325719094784,192.0888804333983,196.4679718017578,12325066
2018-10-17,197.33682674870448,202.72378976861123,195.70336096904575,199.1092987060547,15896854
2018-10-19,198.10141740263214,202.65427705156588,197.92764867402101,201.194580078125,8341467
2018-10-22,202.96708439534592,203.73168446407107,199.70013079410495,200.5342559814453,12965700
2018-10-23,198.79647827148438,202.41094647690218,197.09348776342202,198.79647827148438,11261603
2018-10-24,200.67324329377448,201.33357765200208,199.0397776614736,200.01290893554688,9024700
2018-10-25,198.79653481513952,201.2293633546974,197.75390030661654,199.87393188476562,9953333
2018-10-26,201.36836386041222,201.43786695115168,191.84560330788668,195.2515411376953,22302628
2018-10-29,195.9465870285937,198.275149241356,193.89605913578063,197.05874633789062,11779416
2018-10-30,196.88499109780355,197.3020315914802,193.23573807899754,193.8960723876953,7110853
2018-10-31,194.31314983000286,195.32104366190117,189.65602472861653,194.69544982910156,14021856
2018-11-01,194.62592926270483,195.8770947864057,191.01143884451267,192.81869506835938,9816770
2018-11-02,193.4442726900435,198.7617318346301,193.4442726900435,196.88499450683594,12093152
2018-11-05,198.27518134514384,198.27518134514384,193.51379052500872,194.34791564941406,7665505
2018-11-06,195.39055080617854,195.91187901101506,191.91508818594497,192.7491912841797,10142476
2018-11-07,195.32103991312997,195.32103991312997,193.79183994608496,194.66070556640625,994001
2018-11-09,193.93083474808546,194.41740034814183,191.7760410864785,192.7144317626953,15613827
2018-11-12,193.09676055610683,193.37479493628456,189.9340726688872,190.35113525390625,7318920
2018-11-13,190.42062891781416,193.166254084136,189.86456018497805,192.43641662597656,6958821
2018-11-14,193.30526238810833,193.51377161933536,190.907174919232,192.15834045410156,7182329
2018-11-15,192.43640508313752,194.10461118158247,190.10784262086787,190.80291748046875,12621945
2018-11-16,191.70656179650723,193.44429315097224,191.3242617797051,192.22789001464844,13122152
2018-11-19,192.78395361709832,198.10141318224012,192.19312232880438,197.75387573242188,17364041
2018-11-20,198.10141028779913,199.24831029084646,195.87711336475186,197.3020477294922,8096904
2018-11-21,197.75385277320083,197.96236200118165,194.62592796997404,195.8423309326172,5867663
2018-11-22,196.01610591062982,197.753836877295,194.34787801437142,194.97344970703125,6937634
2018-11-26,195.49482250511235,199.0397883193405,195.11252248622014,198.55322265625,9292657
2018-11-27,198.86601225639177,199.10928406421507,196.572212227614,197.9971466064453,7146777
2018-11-28,198.3794483315189,200.15194220340138,195.1820200684485,196.1551513671875,9197861
2018-11-29,197.16306894490202,201.09033513979136,197.024040729996,199.87393188476562,14183469
2018-11-30,201.22935790552268,201.57689538911708,197.9624042240085,198.65750122070312,8972623
2018-12-03,199.665380189269,201.22934280711,196.39844878238134,196.67648315429688,8895477
2018-12-04,195.32104919971405,196.91975232413466,195.28628664262737,195.91188049316406,6548740
2018-12-05,195.3210095067171,195.8770781300766,190.59438214916267,191.3937225341797,11894383
2018-12-06,190.8029617194846,191.0810181631972,188.71769259819283,189.7950897216797,10055005
2018-12-07,191.11572991141801,191.984595586009,189.96882986449845,190.4901580810547,8415885
2018-12-10,189.06518305337764,189.27371431950834,187.08418008414003,187.98780822753906,6940479
2018-12-11,186.5628498558025,191.88030896532683,186.4238436995872,190.9419403076172,10633126
2018-12-12,191.63705350852348,193.02722533665616,189.48225963803827,191.8803253173828,10473073
2018-12-13,193.9308430540818,194.20887740466478,190.1078431966879,191.3590087890625,16430755
2018-12-14,190.69868941740287,192.71445513943908,190.38589248738757,191.6717987060547,8925774
2018-12-17,192.54067271833765,195.59909500619514,191.77607265374957,194.52169799804688,12703296
2018-12-18,193.96559009880448,195.04298688960014,192.54063387544534,193.33999633789062,9172963
2018-12-19,193.93085470731592,197.406317342696,193.58331725557943,197.02401733398438,13639278
2018-12-20,195.3210716401769,197.68437505599337,195.3210716401769,196.4679718017578,5155693
2018-12-21,196.71119479393528,197.40629163639636,191.88030147865703,192.3668670654297,7079146
2018-12-24,193.82658413226824,195.1125123240683,191.32425286084876,191.8455810546875,8869498
2018-12-26,192.0888625108144,193.7918533432567,191.01146554241325,192.29739379882812,8821251
2018-12-27,193.9308442693423,195.7728411293119,192.74918174983296,195.14724731445312,11881735
2018-12-28,194.0351170420167,197.4063139785236,194.0351170420167,196.18991088867188,13702437
2018-12-31,196.57218962272628,197.3020269917718,195.3905271876039,195.7728271484375,5662393
2019-01-01,196.15511763786586,197.09348621832962,194.486889694097,196.50265502929688,2586466
2019-01-02,196.18991455438612,196.8850114885047,192.92298319648302,195.0430145263672,10316782
2019-01-03,195.0430089697331,196.32891513023893,193.0619838654083,193.8265838623047,6350450
2019-01-04,194.03513489780855,196.67649462937223,194.03513489780855,195.2863006591797,8105747
2019-01-07,197.61482387686323,198.27515817016658,195.32102411186173,195.7728271484375,10133320
2019-01-08,196.016167901576,198.4489744006932,195.5643427272919,197.58010864257812,7768619
2019-01-09,198.5184548486565,202.7585170317281,197.82335799268543,201.85488891601562,12651287
2019-01-10,202.09819064214125,204.14869670771765,200.8122625097187,201.298828125,10684824
2019-01-11,202.89757302104752,205.74746422167044,202.6195386162684,205.29563903808594,17419014
2019-01-14,204.70483938094694,204.91334867226578,201.5769136275629,204.56581115722656,6646635
2019-01-15,205.22608684434925,206.72054619568587,204.35722127622375,206.1297149658203,7490965
2019-01-16,205.74742955437296,206.12972955021718,202.75853266972638,204.39199829101562,8083821
2019-01-17,204.426753381461,205.4694098348672,201.68115013283696,204.322509765625,11009380
2019-01-18,203.83591283715862,205.1218188833135,202.0286566147497,202.58474731445312,11418250
2019-01-21,203.55786075451996,203.80115457128952,200.67322968397733,201.50735473632812,8519267
2019-01-22,201.47259450932873,202.27195701722906,198.20566342856475,201.40309143066406,10727385
2019-01-23,202.61951041272394,204.63527608891897,191.15048817185388,192.7491912841797,41735950
2019-01-24,194.13939301993568,196.9545213812498,193.131499126198,193.86135864257812,29105831
2019-01-25,194.62595399521442,196.50269150450558,193.58331959788555,194.06988525390625,9240591
2019-01-28,193.8613308640379,194.24363083181257,190.5943998613269,190.97669982910156,9338450
2019-01-29,191.3589888975381,193.93082289521854,190.9766889515383,193.54852294921875,7267917
2019-01-30,194.69544445688595,194.76494753766704,190.59441021875986,191.49801635742188,10852162
2019-01-31,192.19313197857298,194.34792595824575,190.17736620351013,193.68759155273438,15937442
2019-02-01,195.07775341875103,198.24041910855163,194.00035648432356,195.21678161621094,19060690
2019-02-04,195.94660259090554,195.94660259090554,191.8803090333857,192.61016845703125,6289877
2019-02-05,192.78395888152033,193.09675581260063,189.41276181411098,190.55966186523438,10205529
2019-02-06,191.15046912945482,193.51377202043963,190.83767223771375,193.02720642089844,8409442
2019-02-07,193.16625963905346,195.32105357763885,192.54066577449476,194.83448791503906,6177040
2019-02-08,194.2783819131942,195.4600444339858,190.87244457138684,191.49801635742188,4575570
2019-02-11,191.70654032330404,193.37476840499207,186.59761247579235,192.61016845703125,10335615
2019-02-12,192.57541182655078,194.97347737614356,190.87244316816668,191.3590087890625,7624089
2019-02-14,192.54068111002786,194.76497831200197,192.54068111002786,193.16627502441406,10378675
2019-02-15,193.93084983090418,195.2862811058001,191.4285185587122,194.69544982910156,38998388
2019-02-18,193.79183086405266,196.3289024952492,190.38587162375234,190.9419403076172,42232590
2019-02-19,190.45540840524507,194.069899548998,190.45540840524507,191.7760772705078,35777932
2019-02-20,192.7144490363613,192.88821775992088,190.6291582651358,191.74131774902344,6208106
2019-02-21,191.77604241648527,192.36687365132994,190.59440197629763,191.18521118164062,7264425
2019-02-22,191.56752273311346,191.8107945068075,189.82979167701157,190.6638946533203,9100951
2019-02-25,190.80291610472145,192.64491293428767,189.76028179333545,192.33213806152344,31204722
2019-02-26,191.11571636887194,192.54065068714866,190.49014458283693,191.49801635742188,12233273
2019-02-27,191.84559509910738,193.8613608803464,190.3858980790023,191.22000122070312,13634026
2019-02-28,192.7491909710296,192.7491909710296,190.6291596573116,191.8803253173828,44873000
2019-03-01,192.1583612343251,193.9308551126954,192.01935506514144,193.37478637695312,9170950
2019-03-05,194.62592857659104,197.4062939495135,191.88030372702312,196.39842224121094,14103324
2019-03-06,198.10141349416685,201.0208073834501,197.92764476898412,198.62274169921875,20817638
2019-03-07,199.2830442953525,202.27194079220482,198.69221310034098,201.64634704589844,14837761
2019-03-08,201.7853937757372,203.66213112822192,200.46470308859742,202.96705627441406,13169854
2019-03-11,203.6621208943371,204.98281151511307,202.34145230306225,203.62738037109375,15287916
2019-03-12,204.35724398322694,205.50414401704938,203.76641268771164,204.70480346679688,14686757
2019-03-13,205.05233694586977,206.44253079419227,204.46150566180788,204.9828338623047,11496644
2019-03-14,205.33038399710125,205.7474465832692,201.88968374973018,205.39988708496094,10503481
2019-03-15,205.71269370901035,206.12975631481254,201.12509316320987,202.13296508789062,22219476
2019-03-18,202.96707392365164,204.4962739822058,202.48050826597492,204.04444885253906,9519926
2019-03-19,204.77428070389914,208.52777725793987,203.90541514890356,208.14547729492188,16363247
2019-03-20,208.52778354283055,209.88321473065548,206.16445858785298,207.76318359375,16221492
2019-03-22,208.52783824723022,208.52783824723022,206.12977213878696,207.27667236328125,8378083
2019-03-25,206.44252844432856,206.44252844432856,203.80116897438288,205.08709716796875,8324586
2019-03-26,205.05229904952495,205.99066760749292,202.30667441684153,203.9401397705078,11178168
2019-03-27,204.35724602380202,206.2340055712086,202.68901776271886,203.73167419433594,8757278
2019-03-28,204.42674504290167,209.91799537517113,203.6621450279282,208.52780151367188,18436077
2019-04-01,206.4425490100262,207.9717491604106,206.1297520621279,206.61631774902344,6442182
2019-04-02,206.72056253267067,208.52779688893582,204.80904050812708,207.06809997558594,10228747
2019-04-03,207.13762136392077,207.83271834068327,205.15661811112813,205.85171508789062,9413878
2019-04-04,205.7474093230362,206.65101539008666,204.1834469376401,204.9132843017578,7233298
2019-04-05,205.0871072194025,206.02547598610212,203.41887894454425,204.7395477294922,8107661
2019-04-08,204.80902616997054,205.0523199865814,202.75852015311605,203.4883575439453,5492542
2019-04-09,203.31458859750532,206.23398221642063,203.1408198884155,205.95594787597656,6413515
2019-04-10,205.78216446245605,206.1297239225092,204.00969272534402,204.8437957763672,5540095
2019-04-11,204.73955388247876,206.75531967832228,203.6621568815354,206.02548217773438,11179559
2019-04-12,206.19925839755024,213.67151255759916,205.46942087047148,212.5246124267578,22658578
2019-04-15,214.0190585298376,215.47875567139778,211.55148942854967,212.350830078125,13098155
2019-04-16,213.25442108929548,215.44395540367833,212.80261801604257,213.53245544433594,10121522
2019-04-18,214.2623189222067,214.2623189222067,210.99536562280412,211.58619689941406,9178504
2019-04-22,211.20391089220982,212.35081096531368,209.25764821197123,209.7789764404297,6929432
2019-04-23,210.02224768035973,211.86422248710497,209.60518514249168,210.89111328125,7784732
2019-04-24,210.8911077862631,213.53244504526523,207.48514855125842,213.01113891601562,11888770
2019-04-25,213.56723906938396,215.339733040824,209.91800750889445,211.41244506835938,24135743
2019-04-26,211.72522276079084,212.97638838290962,210.3002884191145,211.69046020507812,4834044
2019-04-30,211.69045281525706,213.77574346566237,208.1802499024201,209.46615600585938,11593138
2019-05-02,209.2923726283419,213.04586910068085,208.9448352257089,212.00323486328125,7781859
2019-05-03,211.48193359375,213.7062305298486,210.82159922716662,211.48193359375,6112578
2019-05-06,211.30818740201335,213.741015877392,209.04914969805915,213.3934783935547,6997113
2019-05-07,214.26231824846775,215.13118388260264,209.11862752612842,209.8484649658203,8989234
2019-05-08,208.52779591943352,210.89112101467987,207.58942720432248,208.97959899902344,8179360
2019-05-09,208.11072604535093,209.4314167407365,205.9906948571952,208.42352294921875,10617358
2019-05-10,208.52781461377268,208.84061155668604,206.37302060193184,206.96385192871094,7170576
2019-05-13,205.12178599410717,210.96057218354332,199.97811857522032,201.0902557373047,37262425
2019-05-14,202.27196242455997,207.311387367256,200.77750300155597,204.60052490234375,21959611
2019-05-15,206.82483915396003,208.04124229825834,202.96707640293712,206.47727966308594,18583184
2019-05-16,206.4425023959104,206.4425023959104,203.8359058109974,204.8785400390625,7637614
2019-05-17,205.12186987096933,210.16129576740468,205.12186987096933,209.50096130371094,11626049
2019-05-20,213.28921274250231,213.77577843757805,209.98751852802457,213.3934783935547,11437612
2019-05-21,213.39346049755724,215.47872928471412,212.21179790439984,212.6288604736328,10923996
2019-05-22,214.20371550672354,214.66451380712056,210.41092017328845,212.5022735595703,14266773
2019-05-23,216.22415035975263,216.6495164454601,203.46339246953752,204.31410217285156,32589058
2019-05-24,206.65357841472485,206.75991994011747,203.6760606399345,205.90921020507812,11298665
2019-05-27,206.47634945190362,208.10688205653497,204.91670370796885,206.19277954101562,9371741
2019-05-28,206.8662624904724,207.0080586810657,204.24322394336164,204.81036376953125,16199349
2019-05-29,204.7394933612483,206.79539224740245,203.88876108552685,204.2432403564453,7534947
2019-05-30,204.88126345730356,206.33456777838498,204.38501046131194,204.63314819335938,8989691
2019-05-31,205.12937751188926,206.65356852272154,196.69307755380837,197.472900390625,27294002
2019-06-03,199.49336680826855,199.56425366576988,195.1688865429761,197.472900390625,20323304
2019-06-04,197.9691619873047,200.02506068956112,197.65015988054714,197.9691619873047,14384170
2019-06-06,198.78444216137552,198.78444216137552,195.16889766928125,195.48789978027344,11071548
2019-06-07,196.2323008878742,196.2323008878742,194.38908511315182,195.13345336914062,7995725
2019-06-10,197.29566243055004,198.89076268951334,196.30315660133286,198.0754852294922,8947150
2019-06-11,199.1388994684368,199.49337871329877,197.9337329465916,198.39453125,8787243
2019-06-12,199.49336887607268,199.49336887607268,197.26021939467728,198.4654083251953,8565517
2019-06-13,197.7210500229345,199.45792417916047,197.4729123045582,198.92623901367188,7475823
2019-06-14,198.8552819423601,198.8552819423601,196.48035919599988,197.118408203125,8212601
2019-06-17,197.68560272948253,197.68560272948253,194.56631107770787,194.9562225341797,10398919
2019-06-18,195.771505603825,196.97667220519884,194.24729193335014,195.02711486816406,14378973
2019-06-19,195.45244594522876,197.7210274763538,195.38155909153406,196.51583862304688,9394923
2019-06-20,196.37403869628906,197.04754243187094,195.20430452622423,196.37403869628906,10973042
2019-06-21,196.1259567923759,196.1259567923759,193.71557872238753,194.4245147705078,19311989
2019-06-24,194.42450468628468,196.72854110614628,194.42450468628468,195.84237670898438,9279182
2019-06-25,194.991652037397,198.50087756524601,194.42451219365861,197.43748474121094,12856683
2019-06-26,197.40200669804645,197.57923506971355,195.91324793346305,196.6576385498047,7707084
2019-06-27,197.04755295571613,197.22478133008238,193.39655407775027,193.89280700683594,24205884
2019-06-28,194.3181432846758,195.2752169127463,193.18386375702107,194.1409149169922,8775151
2019-07-01,194.53083443718205,195.84236485539225,194.35360606209696,194.92074584960938,5236646
2019-07-02,195.20430759119336,195.41699061965346,193.68011666739486,194.1409149169922,10360661
2019-07-03,194.45995035698581,196.76398667028658,192.93573687967285,196.16139221191406,18818695
2019-07-04,196.69308845259442,197.2602282802317,195.0979880277755,196.8348846435547,10071080
2019-07-05,196.83488605865367,199.81240387730827,189.99368600875215,198.1109619140625,38474130
2019-07-08,198.60720968384496,200.5567668468837,195.52335041897362,196.69308471679688,12637923
2019-07-09,196.33861755466702,196.76398362884922,192.93573389740985,193.60923767089844,8003290
2019-07-10,193.92825375177364,195.1334427368529,191.9432418864906,193.64468383789062,8477115
2019-07-11,194.24724282223147,196.30314117314367,193.96367296018474,195.41697692871094,8727346
2019-07-12,195.23979116837035,195.9841594101276,193.60925848884833,194.9916534423828,10872126
2019-07-15,194.95622897737357,195.38159511416563,191.8014825550742,192.08505249023438,8865479
2019-07-16,192.12046405906443,193.36108505559324,191.8368717194193,192.7939453125,6602372
2019-07-17,193.14841319468104,193.6446661155849,191.90779212647138,193.46743774414062,6536611
2019-07-18,193.5029131396885,195.02710425914748,193.04209236283626,193.53834533691406,9447100
2019-07-19,194.3181571464967,194.42449866831268,189.99367681964927,190.20635986328125,8294444
2019-07-22,189.993695416289,190.1354916152897,187.1579736492033,187.44154357910156,14037538
2019-07-23,188.22137594699177,192.61676625120282,187.86691913386053,191.87237548828125,14951457
2019-07-24,191.62426392579775,193.78650445124597,189.9228217599698,192.01417541503906,12537555
2019-07-25,192.12049395696536,193.1838867577756,189.21386300210847,189.88734436035156,18350433
2019-07-26,190.5253798917222,192.12048021287688,189.21384946595717,191.6951141357422,4972441
2019-07-29,191.411537028635,192.22681448972622,188.93027245233534,189.81643676757812,5738104
2019-07-30,189.99366477673482,191.48242351969157,188.96572675513818,190.6317138671875,13743007
2019-07-31,190.41901948116737,192.19134800259718,188.57580410994785,191.5532989501953,14175457
2019-08-01,191.7305886318245,191.90781702626393,188.9302991145118,189.67466735839844,6153824
2019-08-02,189.42656514667226,189.42656514667226,186.5199451329315,187.512451171875,9233326
2019-08-05,187.44152271363353,187.5124208052417,182.65623293456642,184.18043518066406,12001827
2019-08-06,183.43606265043005,185.38563105118035,183.01070778698215,183.5424041748047,9770895
2019-08-07,183.64873818071578,183.86142122075796,179.43059944688062,179.8205108642578,8816780
2019-08-08,180.77757388569205,183.400623692713,179.3597130722392,182.72714233398438,6616227
2019-08-09,183.5069651239915,183.5069651239915,179.71418099040355,180.21043395996094,10309668
2019-08-13,179.9268807661897,180.0686657372331,172.979349780751,174.60989379882812,21801393
2019-08-14,174.60986667167404,179.78506786397995,173.01476633565738,176.34674072265625,14340858
2019-08-16,176.34674948345162,179.64328060547868,175.38969822153618,179.35971069335938,10735480
2019-08-19,179.7141739191624,182.40811048072442,177.90640173493463,178.33175659179688,13006987
2019-08-20,178.36719215828805,178.61531862236535,174.00726855698682,174.75164794921875,15577976
2019-08-21,174.89345193170288,175.03523689317262,170.74619968102044,171.1715545654297,15303762
2019-08-22,171.70324483017328,174.39718129346542,169.43466320822722,170.1790313720703,10917955
2019-08-23,169.43466348375065,169.75367680676644,166.35080436831382,167.37875366210938,17073495
2019-08-26,170.63983311343603,172.58940132420045,166.56347955863717,171.91590881347656,13352257
2019-08-27,172.9438771553193,174.60987566871214,172.05771275277138,174.042724609375,15089362
2019-08-28,174.50352506124733,175.5669177953422,172.34128493028422,174.3617401123047,9237042
2019-08-29,172.943865532645,174.00726948466706,170.24992907547926,170.9943084716797,11532941
2019-08-30,172.0931795069743,175.2479259003906,169.47012954562834,174.14907836914062,12225631
2019-09-03,173.2983456226037,173.2983456226037,170.60440897725002,171.24244689941406,9913882
2019-09-04,171.27788231360427,173.369235603623,171.065199271487,172.44761657714844,7303230
2019-09-05,171.5614548039201,175.0352254520464,171.5614548039201,173.15655517578125,8777107
2019-09-06,173.1919866328482,174.29083397901553,172.44760725970738,172.90841674804688,9039911
2019-09-09,173.4401301194702,174.7516606250337,172.41218076060073,174.042724609375,9435127
2019-09-11,173.40468800032144,174.00728249478354,172.2703971071197,172.80209350585938,9314093
2019-09-12,173.19198570063844,173.68823861339453,170.14358137030788,170.67527770996094,8395088
2019-09-13,170.85253098833437,171.88048032302513,169.15108908439402,170.0727081298828,14572355
2019-09-16,169.78913332207262,170.7461958329886,168.93842357242622,169.71824645996094,7357494
2019-09-17,170.001815536021,170.21449858940662,167.8750187043178,168.15859985351562,11083300
2019-09-18,168.51306047018815,171.77414827083734,165.92546527592276,169.61190795898438,20724917
2019-09-19,170.10816349081622,170.10816349081622,167.37877206074862,167.80413818359375,8810026
2019-09-20,168.01679004114027,176.16950869607115,166.10267641799564,168.76116943359375,66016326
2019-09-23,177.23290695318693,184.6766898765405,177.16202009495476,180.67123413085938,54044544
2019-09-24,180.77757520155654,182.9043720542421,179.9268654477232,181.48651123046875,17828419
2019-09-25,180.8484780605014,181.66374440457355,172.05772050032044,175.4960479736328,21390350
2019-09-26,175.31879985038557,178.22541953015846,174.57442040670645,177.51649475097656,18534981
2019-09-27,177.23291117978678,182.90436550588123,177.23291117978678,179.3242645263672,18211017
2019-09-30,180.60031103218313,184.889347319073,176.8075276204077,184.2158660888672,21381205
2019-10-01,183.6841853306034,186.05910854568697,180.77756573869308,181.4156036376953,16035574
2019-10-03,182.69168070122564,185.84642659472397,181.52193525517296,185.49195861816406,12832216
2019-10-04,186.44903485726252,187.08707280720643,180.91937636909915,182.3726806640625,18781574
2019-10-07,182.5498920534442,182.90436004462575,177.72915882871663,178.5798797607422,22082491
2019-10-09,178.1545195078736,178.79255737902685,174.60986217167766,175.177001953125,22332047
2019-10-10,175.1061068866422,175.5669163925616,172.02225899516685,172.41217041015625,25230638
2019-10-11,172.4121665641006,174.53896320190435,170.923407794233,172.94386291503906,26037798
2019-10-14,174.00726381826453,174.68074510211207,172.2703786170238,173.05020141601562,15280471
2019-10-15,173.72370669375303,176.66576973660474,173.72370669375303,175.53147888183594,10373904
2019-10-16,175.3896943154004,175.53147926830232,171.6677971740345,172.731201171875,16681940
2019-10-17,172.97932853173864,174.89344225677027,172.87298700800622,174.2908477783203,14175284
2019-10-18,174.39717996710115,175.67325571548443,173.75914209290949,174.75164794921875,13327812
2019-10-22,173.6882747194064,178.01276689154165,173.65283128514153,176.45310974121094,18979485
2019-10-23,177.5164813997875,178.6153175333876,176.55941897731,177.97727966308594,13325639
2019-10-24,179.07614123646965,180.06864716546121,175.77961010606245,176.55943298339844,17438024
2019-10-25,182.1245624681209,182.33724553914251,175.1061334649269,175.60238647460938,33846376
2019-10-27,177.19747017480657,178.01274771342932,177.0202417885238,177.51649475097656,3252338
2019-10-29,177.90642800276794,180.8484914737404,176.91392195616223,179.53697204589844,12397313
2019-10-30,181.48649923343214,187.15795338766912,180.28131031075975,183.89686584472656,35611812
2019-10-31,184.32220655499,186.34266159139275,181.6282702511362,182.65621948242188,17296427
2019-11-01,183.86143332482598,186.44902846813625,183.43606721673865,185.2438507080078,13055757
2019-11-04,186.41360406123374,187.83146502010297,184.35770510917078,184.8539581298828,8199342
2019-11-05,185.03118449454973,187.15798152640352,183.32975360949794,186.37815856933594,10674212
2019-11-06,186.41360314210215,187.01619769771736,184.32224953169126,185.27931213378906,9198544
2019-11-07,186.37812517422566,188.78848048197477,185.74008730239794,188.46946716308594,15351749
2019-11-08,187.76052504975667,188.18587984690586,184.32219831178344,184.67666625976562,12357632
2019-11-11,184.74758952661617,185.98822189664452,183.47151372717286,183.93231201171875,7524183
2019-11-13,183.54239637440108,183.7905228427132,179.46604259560235,179.96229553222656,10664859
2019-11-14,180.13951137902419,181.4155870604243,179.53692819850988,179.9977264404297,9222757
2019-11-15,180.2458772942635,181.30928132876667,177.23291604758103,177.6937255859375,17386229
2019-11-18,178.26085963907732,178.82801068590598,176.34674591987556,177.76461791992188,8167820
2019-11-19,178.47353380940658,178.50897723742975,176.3821918112385,176.7366485595703,12621028
2019-11-20,176.73665062548966,178.15452257159114,174.89343507003807,177.72915649414062,10362358
2019-11-21,178.22540423221878,178.22540423221878,173.72369576015168,174.1844940185547,10793493
2019-11-22,175.2124722727834,179.11159818785168,174.85801547200134,175.5669403076172,17000856
2019-11-25,175.63780212402344,176.09860036346666,174.5743982392056,175.63780212402344,10994413
2019-11-26,176.275857320869,177.51648969164205,175.6023647572776,176.6303253173828,20539741
2019-11-27,177.0557060531139,177.26838912892032,174.82256745930314,175.07069396972656,9182137
2019-11-28,175.31880275052194,175.77961229015105,174.14906841998385,174.89344787597656,11416080
2019-11-29,174.9288668070244,175.389676282114,173.68823455412894,174.6807403564453,10185713
2019-12-02,174.3971962341254,175.0352341678305,173.36924685393672,173.65281677246094,10356741
2019-12-03,173.65279309573512,174.25538751597662,172.02224943546088,173.01475524902344,8442322
2019-12-04,172.62486598715492,173.01477743046476,171.56146195026815,172.37673950195312,12406762
2019-12-05,172.37675702373812,175.4606054526702,172.3413135891211,175.07069396972656,11699738
2019-12-06,175.10613479828567,175.21247633460624,171.91594487892914,172.51853942871094,10773814
2019-12-09,172.27040205938434,172.4830851186146,170.8525412106356,171.1715545654297,6981671
2019-12-10,171.27790115698465,171.3487992568405,166.5989523539964,167.02430725097656,15972570
2019-12-11,167.02428202014522,169.29286359611544,167.02428202014522,168.44215393066406,14331297
2019-12-12,168.76119358813617,170.28539601920727,168.44218022231053,169.11566162109375,10704007
2019-12-13,170.14360216065418,171.91593099876357,169.5764623248037,171.27789306640625,8521473
2019-12-16,172.27040353254995,172.5539734579144,167.55601139567355,167.9459228515625,12476974
2019-12-17,168.37127687814387,171.34879478139024,168.37127687814387,170.8879852294922,16534369
2019-12-18,170.56898332159335,175.3542626194726,169.9663887672945,173.79461669921875,17794641
2019-12-19,174.43260981549307,175.74414012382033,172.44759825740803,173.22743225097656,9699414
2019-12-20,173.22744388513118,173.75914023559923,170.2499263480301,170.9588623046875,14495913
2019-12-23,171.56142220630704,172.12857314140388,169.18651066560636,169.36373901367188,19817033
2019-12-24,169.4346706474872,170.28538036753093,168.86751960007408,169.25743103027344,8200254
2019-12-26,169.36380492204643,169.7182729901681,167.55603237889466,167.8750457763672,15017235
2019-12-27,168.37127773960916,169.0447703549139,167.62689825998896,167.9459228515625,9048085
2019-12-30,168.72570774504686,170.78160609176868,168.37123980118648,168.86749267578125,13680470
2019-12-31,169.11564072280618,169.3992106205097,168.3003744583959,168.51304626464844,7417112
2020-01-01,169.15108762175117,169.15108762175117,168.08769486652156,168.796630859375,4370931
2020-01-02,168.86752761676144,170.81709609436126,168.79664075375123,170.03726196289062,8726602
2020-01-03,170.85254435618046,170.85254435618046,168.72574742687547,169.08021545410156,9642051
2020-01-06,168.37129176784026,168.938442899874,166.59896273556993,166.66986083984375,7930726
2020-01-07,167.34329879725854,168.65481789611448,166.3153495737148,166.8470458984375,8740894
2020-01-08,165.89001436199712,167.16609018573007,165.35830674039943,166.03179931640625,7314466
2020-01-09,167.02429572901525,167.7332317424621,166.63438429183475,167.1660919189453,9816703
2020-01-10,168.4421686121907,169.25743492115322,167.87501755173992,168.72573852539062,10357864
2020-01-13,169.080211547456,170.49807238954875,168.9029719209124,169.61190795898438,12715178
2020-01-14,170.32083109217734,172.8375392323802,168.93841378651592,172.44761657714844,12299570
2020-01-15,171.95135799011226,172.27037128792324,170.92339754348427,171.8450164794922,5687654
2020-01-16,171.9159099918512,172.90841581736342,170.21447945815152,170.67527770996094,9730522
2020-01-17,170.67527880828555,171.6323412130597,169.71822763756123,170.10813903808594,7677106
2020-01-20,170.17903958466198,172.44762131608647,170.17903958466198,171.49057006835938,8329721
2020-01-21,171.17157039872265,171.17157039872265,168.7257599275434,169.04478454589844,9939680
2020-01-22,169.86001680827033,169.86001680827033,168.0876881312049,168.76116943359375,7949731
2020-01-23,168.79664238690097,169.25744070307923,167.94592138418918,168.65484619140625,6356150
2020-01-24,168.30038064013107,169.5055583666629,168.0167994979612,168.8320770263672,7063834
2020-01-27,168.01679933344346,168.3003804753357,166.10268560443726,166.31536865234375,7100949
2020-01-28,166.42170063557674,167.23696688239568,163.4087396438501,163.58596801757812,15144538
2020-01-29,164.11770375954504,168.47762810122433,163.86957725333227,167.76869201660156,21258057
2020-01-30,167.98134409504598,168.01678752252198,165.18106617534562,165.92544555664062,10794458
2020-01-31,167.13064663957002,169.0093170700541,165.92546882989532,166.70529174804688,19166671
2020-02-03,152.4202932823229,153.76726706240552,145.33097888324502,147.1741943359375,82836335
2020-02-04,149.44280640976473,154.26354028845847,148.27307199082844,152.88113403320312,37145337
2020-02-05,153.3419006742978,154.19262154586596,149.9390284220746,153.4482421875,22072147
2020-02-06,154.5471107346043,155.89407346266808,150.1517320676435,151.39236450195312,28443398
2020-02-07,151.56956534998318,152.9165390673344,150.82518602466138,151.28599548339844,17793265
2020-02-10,151.71142063425143,151.74687530955222,148.911141626583,149.26560974121094,9987781
2020-02-11,153.48369132139723,153.80271587286725,150.1517170320878,150.71885681152344,30951617
2020-02-12,151.28601404546004,152.27851993433143,150.1517232058999,151.0378875732422,10310789
2020-02-13,151.03790332647839,151.3214732574321,149.72638397027868,150.22262573242188,9505645
2020-02-14,150.47073479618692,150.93154430613362,146.60706404096567,147.24510192871094,14260540
2020-02-17,147.45780622302763,147.91860456534084,144.62207313117221,145.18922424316406,16161290
2020-02-18,145.01195420011595,145.04740886059213,142.14077827642146,144.5157012939453,21741128
2020-02-19,145.50822919405925,146.8552031772824,144.51572323105813,146.5361785888672,9403278
2020-02-20,146.74885774786407,147.84770521113435,145.6500102845938,147.06787109375,16193373
2020-02-24,146.74884914112738,147.06786246830336,143.06240675990864,143.91311645507812,17233132
2020-02-25,144.48028460000376,145.61457556197334,142.84974064004425,143.0624237060547,15903285
2020-02-26,142.24712737774794,143.16874638639868,139.16327949694028,140.7938232421875,18557438
2020-02-27,140.65203290511587,141.18372924570133,138.87970428046458,140.0494384765625,17936226
2020-02-28,138.2416664249521,141.71542558628678,136.15031325551965,140.0494384765625,33885063
2020-03-02,141.4318477588589,144.23212548044174,137.28459631393724,138.45433044433594,19274852
2020-03-03,139.6595452624392,139.97855861470816,136.5047990010675,137.42640686035156,18638624
2020-03-04,138.20621391222906,138.63157997854913,132.25119009019735,132.9246826171875,28729502
2020-03-05,132.96013770455568,135.54773282070403,132.2512016878858,133.31460571289062,20797182
2020-03-06,131.0460225242147,131.0460225242147,127.43046685275249,128.84832763671875,27795285
2020-03-09,126.89875635113006,126.89875635113006,123.70856713346116,125.6226806640625,22633662
2020-03-11,123.35410760378242,125.3036646939953,122.1843621156044,124.52384185791016,29032759
2020-03-12,119.80946636922889,119.91579666975024,106.72967106371385,110.45156860351562,54043896
2020-03-13,106.33973991158167,116.26478694673652,95.4221982835561,115.02415466308594,63962722
2020-03-16,112.011217859967,112.08210472911618,102.9723331916913,104.39020538330078,34535653
2020-03-17,104.92188582451023,110.45155507247983,103.53946851251781,105.73715209960938,49492914
2020-03-18,107.82851981566678,109.63629222148691,104.46109027540494,106.83601379394531,52178352
2020-03-19,106.83601464644147,115.94578608414483,102.61787525451862,114.74060821533203,93204936
2020-03-20,117.04461842987477,125.12643935278756,117.04461842987477,124.4175033569336,64384067
2020-03-23,112.0112027970472,114.84692433082279,105.77259744825989,109.38815307617188,53330913
2020-03-24,115.52041090164579,116.05210725735742,104.49651620737106,106.12705993652344,54576761
2020-03-25,107.04870449169499,107.75762939053466,98.54151583319702,104.46109771728516,64913270
2020-03-26,106.33975141229368,113.00371180372137,101.55446136299486,110.87691497802734,60694283
2020-03-27,114.84692612766364,117.68265893985641,109.88440774888983,115.69764709472656,33893412
2020-03-30,110.62880737279508,116.90285739412462,110.62880737279508,112.86194610595703,29203338
2020-03-31,116.26480033474783,123.24777412018514,114.52791493763289,121.72357177734375,44272500
2020-04-01,121.7235573048417,122.46793667224404,116.6546979083828,117.96621704101562,18840671
2020-04-03,119.02961617257364,129.55725816754148,118.39157828506501,126.11894226074219,65288649
2020-04-07,131.64859046041482,131.64859046041482,123.10597208605,128.70652770996094,37509626
2020-04-08,128.2102958377658,130.44343426201596,125.23278917281691,126.65065002441406,39007671
2020-04-09,130.44342546699414,132.03851460472436,127.60769272094504,131.32958984375,44268652
2020-04-13,130.7978836140739,132.32208577794378,128.35206247926897,128.74197387695312,18427550
2020-04-15,130.47886559735142,137.35550862625428,129.5218143857226,134.2362060546875,50983406
2020-04-16,134.44890071576867,135.54773697098562,131.47138283544885,132.1094207763672,28122965
2020-04-17,135.01602374636522,135.68950503512178,132.53475915507804,133.35003662109375,27694463
2020-04-20,134.66156136258832,134.66156136258832,127.25323317651578,128.10394287109375,37141676
2020-04-21,126.18984386805636,130.65612083671286,124.80742641119386,127.32413482666016,24232310
2020-04-22,126.89877922808613,130.1244124535568,124.7719822882107,129.2028045654297,26132520
2020-04-23,129.69907719075047,130.44345679408045,127.35959683256294,127.99763488769531,34237726
2020-04-24,128.31664701586584,129.59272300165796,127.11145789925537,127.6431655883789,18744844
2020-04-27,127.78492792683022,129.23823206221158,127.1114353845838,127.50135803222656,13589672
2020-04-28,127.60770014602528,128.17485122185602,126.22528273912368,127.21778869628906,18488267
2020-04-29,127.962177794206,129.66361991569232,127.35958324142742,129.1319122314453,22287597
2020-04-30,131.0814598122155,131.0814598122155,127.92671381783947,129.06100463867188,31326446
2020-05-04,128.84832823031704,128.84832823031704,120.97919017070329,123.38955688476562,31461042
2020-05-05,124.06304127599046,125.79992668483521,121.93625565509613,123.28321838378906,18389548
2020-05-06,121.51088749260028,121.51088749260028,113.78353432950695,116.19390106201172,68112675
2020-05-07,116.26481281596794,117.57633224532955,113.78354769657867,114.13801574707031,25183509
2020-05-08,116.229357068099,116.37114204016899,111.37317964700642,112.18844604492188,26281664
2020-05-11,113.42907058199586,115.91033550310782,112.01120972738246,112.3302230834961,18792383
2020-05-12,112.33023654618707,117.6117803775135,111.65675508719103,117.00918579101562,22211224
2020-05-13,122.92873213637316,123.07051707446674,116.619240603937,117.25727844238281,20785966
2020-05-14,116.61927704222545,119.27777073875122,114.81150447412276,116.1230239868164,15525762
2020-05-15,114.98870824527182,117.32818803844432,114.24434005576978,116.72559356689453,15526021
2020-05-18,117.68265792001966,118.60426573982153,115.66220266203625,116.79649353027344,21602419
2020-05-19,118.03713676056063,121.68813617898749,117.04463075546768,121.05008697509766,20917906
2020-05-20,121.90079404918467,125.48090619089041,121.2273127231838,124.59474182128906,26295911
2020-05-21,124.48841285917388,135.0160448347266,122.39705934357302,133.95265197753906,60630670
2020-05-22,133.27915512904232,136.04398995103895,130.86878832623393,132.1094207763672,40516307
2020-05-26,134.6970135003578,138.20621620132133,133.137356621435,135.90219116210938,55283582
2020-05-27,136.46936368649625,137.46185846796058,132.49933962443131,136.2212371826172,25491463
2020-05-28,136.32757136534764,136.75293751785293,133.98810246277736,135.1578369140625,25524647
2020-05-29,135.01605220130452,140.3684826802039,133.9881027208571,139.90768432617188,37214719
2020-06-01,142.4952523332454,145.5082133254732,141.07739164103523,142.17623901367188,29606349
2020-06-02,143.13330802770324,143.13330802770324,139.44686527534475,139.83677673339844,23502975
2020-06-03,141.78633342482573,142.4243713242157,138.6670307866687,139.4468536376953,19710133
2020-06-04,140.191242928999,143.55867227810478,138.2416856641807,141.89268493652344,22843181
2020-06-05,143.06240695530525,143.20419190469383,140.82926872582206,141.7863311767578,15193091
2020-06-08,143.84225913649738,144.3739556136784,139.659562957126,140.120361328125,20304292
2020-06-09,140.54568728574455,146.18168630583824,140.12032123845862,140.72291564941406,41451482
2020-06-10,141.39643516764005,144.0194738682782,140.58115757723914,141.11285400390625,28247205
2020-06-11,141.78632582322072,142.67249014897743,137.24916267789848,137.7099609375,20611505
2020-06-12,133.95263504304359,138.38345677792645,133.17280098110203,137.4618377685547,23431727
2020-06-15,137.4618565821954,137.4973112494431,132.0739829062376,132.71202087402344,25404661
2020-06-16,135.26415209676017,135.37049361416646,128.9546602484532,131.15234375,28700454
2020-06-17,130.4434007042306,131.15232533062604,128.10392135200465,128.45838928222656,24952658
2020-06-18,128.45839426070432,132.92467013330648,128.1039263167448,132.28662109375,30000032
2020-06-19,132.64112223092408,133.24371676304867,130.15986847037556,130.4788818359375,31707306
2020-06-22,132.21574769001296,132.92468365002162,129.840824581439,131.15234375,32605144
2020-06-23,131.43594573763852,132.92470474954166,130.97513616708227,131.7549591064453,27569189
2020-06-24,132.85379868604008,138.02900025006082,131.96763426550334,136.008544921875,56757828
2020-06-25,136.29209725503418,144.26757601081985,135.86674243231684,143.2750701904297,78484846
2020-06-26,146.039923849098,148.45029062991594,137.03649466092364,138.3834686279297,74727243
2020-06-29,143.55867415216287,143.91313094381061,139.09239724964556,139.83677673339844,95027403
2020-06-30,141.36096331441308,141.36096331441308,137.53273602697882,137.99354553222656,42797633
2020-07-01,137.9935711044588,144.51573607310513,137.9935711044588,143.84225463867188,46004000
2020-07-02,144.9410877976218,146.5716316859501,143.5941138288155,145.93359375,40835235
2020-07-03,147.45775741143265,147.81221410078655,146.0398857178241,147.13873291015625,39352660
2020-07-06,149.6339791078467,150.82895991070768,148.5883694259526,149.22320556640625,36046969
2020-07-07,149.37254843856078,149.74597025279502,144.8913683165157,145.0780792236328,32467210
2020-07-08,145.07810198371538,147.8414972203398,145.07810198371538,146.6091766357422,22093693
2020-07-09,147.05726877023096,147.13196023509485,145.0034014255187,145.9743194580078,19492371
2020-07-10,145.75028601143325,146.75855589531298,144.8913990871198,145.15280151367188,16815128
2020-07-13,146.3104042785089,148.4389629568789,145.71290810179872,147.542724609375,21079233
2020-07-14,147.4307293955174,148.9991439284752,143.95781826403987,146.31044006347656,19185879
2020-07-15,146.6465315155611,149.3725872118755,145.26483967292154,148.4016571044922,24692471
2020-07-16,148.40163997736875,148.51367127183926,143.39766622697857,144.77935791015625,22997164
2020-07-17,144.36856637017786,145.93698062677876,144.14450380919953,144.9287109375,15455455
2020-07-20,145.63824131883703,145.8996437001123,143.6590535513419,143.9204559326172,19643434
2020-07-21,143.472349805969,145.040764301371,143.0242364509079,143.58438110351562,29089491
2020-07-22,144.14450433414282,147.80413761287255,143.77108251131725,146.79586791992188,33826583
2020-07-23,147.61744353680882,150.4928702428517,146.98261921363462,149.8953857421875,32700809
2020-07-24,150.11940096761876,150.642205699475,147.35600621853902,149.07379150390625,62500933
2020-07-27,149.74597497573924,149.74597497573924,145.75025965534778,146.683837890625,23517850
2020-07-28,147.1319771896199,148.36429773845182,145.6755940555004,145.93699645996094,20029937
2020-07-29,144.48062695926197,148.02822966382334,144.44328713656557,146.90792846679688,15402845
2020-07-30,148.17757906464908,148.17757906464908,143.7710900733725,144.40591430664062,16943579
2020-07-31,144.51793777185432,147.094621723191,144.51793777185432,145.00340270996094,17294202
2020-08-03,144.8913429436266,144.8913429436266,143.3229289920539,143.84573364257812,13776301
2020-08-04,143.84576720646703,146.23572849934158,143.84576720646703,144.62997436523438,17849565
2020-08-05,145.26481990264398,145.33949954066262,143.1736006761237,143.99514770507812,50646546
2020-08-06,145.04075950707517,146.08636913611406,144.21921246572316,145.899658203125,18574935
2020-08-07,146.01168130306456,147.13198243431208,145.0034233035797,146.42245483398438,21717194
2020-08-10,146.68382486493363,149.1111375292053,146.68382486493363,148.51364135742188,17108987
2020-08-11,149.37258230345196,155.12342393496266,149.37258230345196,151.6505126953125,57266693
2020-08-12,151.23970865884303,153.03217365172603,149.67129439311807,152.50936889648438,22106836
2020-08-13,151.98659885361508,152.50940372826065,147.20667533407055,150.45553588867188,23573090
2020-08-14,150.5675337642872,151.87453382557626,146.01166203463035,146.683837890625,29858596
2020-08-17,147.91617532570137,148.99912469625824,147.01993687467615,148.43898010253906,12192938
2020-08-18,149.2978850997635,149.2978850997635,147.3186970369344,148.2896270751953,12969115
2020-08-19,148.32696660193616,150.6422367233129,147.95353288297204,148.21493530273438,16070316
2020-08-20,147.13197150361634,147.28134260966056,145.30215474310685,146.23573303222656,17561721
2020-08-21,147.87881629284874,148.77505469914138,146.6091560661308,146.9825897216797,17897538
2020-08-24,147.31870202183543,148.62571416746994,146.64652603767,146.90792846679688,15304895
2020-08-25,147.3186881206096,148.10289533399128,145.71293387467335,145.93699645996094,15784633
2020-08-26,146.7585473126901,146.79588713283502,144.6299882024256,145.6009063720703,23502769
2020-08-27,148.2522474904878,148.55100151104799,144.8166768525948,145.0780792236328,49030500
2020-08-28,145.33951410501922,146.60918642981792,144.92874054937872,146.04904174804688,35979788
2020-08-31,148.6257068248524,148.6257068248524,141.90394731527576,142.72549438476562,100730476
2020-09-01,142.72549013995078,143.6590684793555,140.59693105270298,142.05331420898438,41311165
2020-09-02,142.8748458532291,144.14450610369485,141.64252541847958,142.9121856689453,21378178
2020-09-03,142.94953636134915,144.33123983434172,141.90393859587132,143.09890747070312,16295787
2020-09-04,141.90396921994386,141.90396921994386,138.6924482528235,139.43931579589844,42983034
2020-09-07,139.85005885396285,142.27736008619775,135.03279620795442,141.23175048828125,33918419
2020-09-08,141.60519682756865,142.31472445246388,137.8708832643596,140.52224731445312,26574542
2020-09-09,138.54303671571876,139.10318129213783,136.15307547688175,137.27337646484375,28901363
2020-09-10,137.4974590785118,138.69243997503347,136.8252830639138,138.09495544433594,18469229
2020-09-11,138.0949374997173,139.2899182409583,136.4891832382177,137.3854217529297,19997552
2020-09-14,138.7671340149685,138.80447384004322,136.6759144487545,136.93731689453125,32185628
2020-09-15,137.422769092005,137.57214021344282,135.03280747874837,135.7796630859375,31956903
2020-09-16,135.81701493219097,137.0493355621172,134.47266300224862,134.9207763671875,52591750
2020-09-17,135.03281904310347,135.55562393047228,132.79222835939808,133.3897247314453,35240133
2020-09-18,134.09921642642576,134.32327900498044,132.1947200140848,133.76312255859375,30929813
2020-09-21,134.43531121825418,134.88343641789464,130.73834933197463,131.2611541748047,24811451
2020-09-22,131.2611566322433,132.00801225375034,129.76742171897737,130.103515625,19242719
2020-09-23,130.66363313202316,132.60548101443976,128.23633215534502,128.8338165283203,64164525
2020-09-24,128.23635172108087,128.2736915413081,124.09126478697456,124.39000701904297,32698988
2020-09-25,126.14515588277247,127.86294178927234,124.72611226389151,127.52684783935547,27650738
2020-09-28,127.7135648790677,130.55164015356024,127.34013111884126,129.4313507080078,24087933
2020-09-29,130.51427801441463,130.51427801441463,126.21982009383926,126.51856231689453,26602326
2020-09-30,126.9667014427808,128.53511618510728,125.99578310306184,128.2363739013672,19193371
2020-10-01,130.32757216182262,130.40225180293376,127.04137207479769,127.60151672363281,20517295
2020-10-05,127.78822395937863,129.0578961727382,126.03309858748456,126.40653228759766,25234767
2020-10-06,126.59325945033657,128.16167409081962,125.5476615251411,126.89201354980469,22728054
2020-10-07,126.96669547343176,127.63887149780821,126.219839799195,126.59326171875,16913783
2020-10-08,127.04140113836745,127.26545194808291,124.6514390437965,124.83815002441406,26484289
2020-10-09,125.09952135821744,126.14513099370704,124.24063449199392,125.36092376708984,23234939
2020-10-12,127.34009962478936,130.85035006547534,126.9666659569214,128.60977172851562,68801924
2020-10-13,129.09524030927417,130.58896332455305,126.59324745348498,127.0787124633789,37058708
2020-10-14,127.37744539749053,127.7135392648254,124.76343327042585,125.32357788085938,39688050
2020-10-15,125.24888698643232,125.32357845789217,122.89627724475433,123.26969909667969,28161148
2020-10-16,123.60577875069146,124.57669675726447,122.3361067277609,123.7551498413086,21006060
2020-10-19,124.57673362374089,126.14514829205275,124.09128039435396,125.65968322753906,19748904
2020-10-20,125.47296839106689,125.69703100393909,124.50205012716462,125.06219482421875,16770677
2020-10-21,125.58498154065035,126.14512615671977,124.42734065501543,125.2115478515625,17113482
2020-10-22,125.1368572907022,126.29448624015447,124.72607198397876,125.88371276855469,22893091
2020-10-23,126.18249570994297,127.71357064546288,125.28626884708628,127.52684783935547,20921450
2020-10-26,128.08696305724777,128.1616426874712,125.65965020763711,125.88371276855469,16699886
2020-10-27,125.84639120202071,126.44387567094199,124.5393791323487,124.87547302246094,47652264
2020-10-28,125.84639493859146,125.84639493859146,123.23237072163307,123.60580444335938,17468592
2020-10-29,123.23236096142583,123.94188852704775,122.0747200662991,122.37347412109375,21816186
2020-10-30,122.48551948035234,124.57672709335235,122.00005444128702,123.41909790039062,16976909
2020-11-02,124.57670749287254,124.87546153497571,122.82158223296624,124.53936767578125,14924105
2020-11-03,124.87546771664726,127.5268197287393,124.80077624364297,127.04136657714844,23473408
2020-11-04,127.00401400596543,128.31101405374565,125.62231065755688,126.81729125976562,19533203
2020-11-05,127.90025810265305,130.70099316321662,127.11605086548023,130.5142822265625,28037401
2020-11-06,131.8213023014842,132.3441071580456,129.50602026953337,129.9167938232422,35571152
2020-11-09,129.9167940358912,132.41878701994094,128.3483912987658,129.0579071044922,36645472
2020-11-10,130.7009948114791,134.09922621541625,128.34838490541728,133.20298767089844,59672371
2020-11-11,134.13657348756308,138.84181723131684,133.38971785491447,138.39369201660156,65757234
2020-11-12,138.3189796556489,140.97034315348384,137.3107099961419,140.41018676757812,48153554
2020-11-13,139.8127133195798,141.00769397761255,138.58039284461228,139.73802185058594,29284742
2020-11-14,141.19440416447205,141.9039316932961,140.44754865403115,140.8583221435547,8066280
2020-11-17,141.15707951209032,141.45582174836025,139.21523130608495,139.9247589111328,21757459
2020-11-18,139.51397765632115,140.746298189078,136.48918013489538,137.46009826660156,27620283
2020-11-19,136.52650592083336,143.24827618476374,136.45182629113748,140.33551025390625,50871154
2020-11-20,141.00770040030264,143.39766182522723,138.953821013348,143.17359924316406,47052232
2020-11-23,143.3976559636021,143.77108964006771,140.89566334991915,142.53875732421875,24073204
2020-11-24,142.35206791215623,146.72121773319734,142.35206791215623,146.04904174804688,47160760
2020-11-25,146.38511218227495,147.84149534014134,143.77109993017189,144.77935791015625,43263598
2020-11-26,145.71292365355498,146.27306824235737,143.8084273175772,145.48886108398438,25155854
2020-11-27,145.22747060601506,146.19838868276906,144.29389234583357,144.62997436523438,32594141
2020-12-01,145.63828028000782,146.64653842385331,143.69643180889022,145.19015502929688,16505446
2020-12-02,145.6382473551362,148.43898219840088,144.5552861341644,146.34776306152344,29520716
2020-12-03,147.28135227765344,147.28135227765344,145.30216428117984,146.53448486328125,29087754
2020-12-04,147.01994371725593,148.88710033997026,146.75854131667094,148.02821350097656,23005484
2020-12-07,148.02819749935747,152.17328380689588,147.58007238386782,151.72515869140625,37068111
2020-12-08,152.2853386257558,152.8828230919354,149.03647837674689,151.20237731933594,32042241
2020-12-09,153.10689739250267,155.1981050191727,152.84549495977814,153.4056396484375,41212760
2020-12-10,154.33919156535345,159.56722748675287,151.72516768709164,158.8577117919922,67739601
2020-12-11,160.1647407753573,162.77875309667,159.34319370765544,161.5464324951172,62645643
2020-12-14,162.77874341092746,163.2642083925583,160.57550475456392,161.2476806640625,28029531
2020-12-15,160.76221404477897,161.62111270852063,158.03617061600562,159.4925537109375,24151252
2020-12-16,159.64194810441737,160.9863001058097,159.45522531609123,159.8286590576172,20304621
2020-12-17,159.9780122236646,160.65018814888379,157.77477351577258,159.11912536621094,23248344
2020-12-18,159.15646253614784,161.28502156976185,156.6544698091564,160.2020721435547,24690701
2020-12-21,160.2020570167339,160.35142811295577,148.7377159068103,151.57579040527344,43445980
2020-12-22,151.68784840937394,154.04047021836303,147.05729627022717,151.9119110107422,42564860
2020-12-23,151.61313399621568,155.53416975140067,150.8662784965071,155.16073608398438,24608258
2020-12-24,156.84117221583008,157.32662530259785,153.5549727098237,155.79556274414062,23645158
2020-12-28,156.094339709379,156.99057828984422,155.23545278631403,156.4677734375,16347233
2020-12-29,157.2146330924289,159.45521167972097,156.91587902368136,157.99884033203125,27568853
2020-12-30,158.85771409579536,159.45519851370628,156.5050925712413,157.7000732421875,19654130
2020-12-31,157.25198613933557,157.81213083327245,155.75826301046186,156.09434509277344,18947950
2021-01-01,156.76649261250722,159.97800089844017,156.31837930579243,159.7165985107422,20279389
2021-01-04,159.82862170688622,161.32234448879203,158.40959038988132,159.38050842285156,27927482
2021-01-05,158.67103130830117,159.26851583215344,157.2893276354215,157.92416381835938,18718244
2021-01-06,157.92416065117507,157.9615004743854,152.733463655021,153.4056396484375,50957586
2021-01-07,153.92842857889752,155.04871784024158,150.9409708234384,151.46377563476562,36298522
2021-01-08,152.62141797118514,153.8537385371591,149.55928054853393,150.49285888671875,58600546
2021-01-11,152.35997402493928,153.92838804592054,150.30610697493185,151.23968505859375,44625924
2021-01-12,151.61315029710536,154.52591664694873,150.56755248509452,154.18983459472656,36989137
2021-01-13,154.93669350306484,159.08179236043472,153.2935993566258,157.7747802734375,66387977
2021-01-14,158.33488934599683,161.69576836073847,158.03614717471376,159.94064331054688,50164605
2021-01-15,160.5008204549724,163.18953604824767,157.7374370563878,162.70407104492188,60567280
2021-01-18,163.1148532882028,165.803557190015,160.27677826241498,164.1231231689453,70211602
2021-01-19,165.05670927994018,165.57950232071144,162.44268490045167,163.45094299316406,33009228
2021-01-20,163.18952357078066,163.56294541465226,161.09830443650287,162.5546875,46392916
2021-01-21,163.56293201620005,163.93636566460572,158.4842675362283,159.6045684814453,30116008
2021-01-22,159.82865500015055,160.38879968065626,156.20637265307076,157.364013671875,25663922
2021-01-25,158.33493404784323,158.70836778493802,154.48858904250667,155.19810485839844,25929487
2021-01-27,155.34746881968542,158.8203796631308,154.67529290918387,157.32664489746094,50338134
2021-01-28,156.2810680607777,157.58806840309313,153.66704370589417,154.3018798828125,22984352
2021-01-29,155.75825718476625,155.9449681307197,151.12770500683666,151.7998809814453,24679902
2021-02-01,152.3600094208445,162.77874183475117,150.71691539911896,161.28501892089844,59968324
2021-02-02,164.3098212056346,166.92384525764328,162.0692308517879,162.96546936035156,50324035
2021-02-03,165.43012877926606,165.80356251876972,161.09833053937706,161.88253784179688,55709225
2021-02-04,161.39705127991013,172.8240535415729,161.32235980791654,171.74110412597656,109894300
2021-02-05,173.38417365564771,178.3881583534298,169.72455241788947,175.0272674560547,130323308
2021-02-08,177.3799194884373,177.7906930097986,172.89875057309817,174.09371948242188,43093963
2021-02-09,175.2140243052343,178.64959549781003,170.4341012260203,171.03158569335938,73377134
2021-02-10,171.03158840659154,172.60000291092584,166.6250989671229,169.94863891601562,49104142
2021-02-11,171.0316024328406,171.25566504758524,167.67072238730344,169.12710571289062,45311749
2021-02-12,168.60427341930617,168.60427341930617,161.1729868682818,162.4053192138672,114826417
2021-02-15,163.15220514017173,165.0567137403194,162.44268929019128,163.2642364501953,33000365
2021-02-16,163.60031921026544,165.65418697004534,162.25596725202294,163.00282287597656,30271502
2021-02-17,162.51734797688835,163.11484427490046,161.73315257813064,162.62937927246094,20615018
2021-02-18,162.96548977634936,164.75795518290832,162.74142716235707,163.45094299316406,24997592
2021-02-19,163.45091773774112,163.4882693910528,159.82863582523277,161.28501892089844,29208388
2021-02-22,162.23590335218623,162.23590335218623,157.64431729214076,158.44784545898438,53531490
2021-02-23,159.17487300557852,161.12629185630135,158.40960452893054,159.5574951171875,27703323
2021-02-24,160.01665581786065,160.55234130864272,158.02696511971078,159.82533264160156,13667471
2021-02-25,160.3227591285313,161.6237130772557,159.7870736351406,160.05491638183594,26953713
2021-02-26,158.60090382905761,159.17486120735873,155.34853123444574,155.99900817871094,45101885
2021-03-01,157.223422921278,158.98353050229608,156.15205203485715,158.3330535888672,16850430
2021-03-02,158.40959894695615,161.31759722766054,158.02696472211525,160.6288604736328,26590262
2021-03-03,162.2359140457144,162.2359140457144,159.78706960250685,160.66712951660156,21648963
2021-03-04,159.7871084278312,161.70026785602997,158.86878850681495,160.47584533691406,25858155
2021-03-05,159.17487014358213,160.70539494264392,158.56265294792854,159.59576416015625,17990773
2021-03-08,160.47579213787654,161.31758006694963,158.94526752804242,159.1748504638672,23874105
2021-03-09,159.71057221683358,160.51410060925244,156.68778186062,159.02183532714844,23463213
2021-03-10,160.01665294267244,160.09317251042947,157.49127679911658,158.02696228027344,20358192
2021-03-12,159.1748616311007,159.1748616311007,155.7311658589829,157.03211975097656,31973696
2021-03-15,157.52954910017226,157.64432845209234,154.27717642129102,157.2234344482422,42699297
2021-03-16,157.95044310359938,159.8636020762639,156.8408002279453,159.06007385253906,50641203
2021-03-17,162.38897306131744,163.68992703932688,159.5957661772309,161.16455078125,81604999
2021-03-18,163.00118658883548,167.66929263672276,162.15938643731684,166.55966186523438,95536034
2021-03-19,167.59276495414815,173.06439937312763,164.95260933554087,170.6155548095703,139352860
2021-03-22,170.88339307926893,173.25571800925047,169.50591956424753,172.94961547851562,47823778
2021-03-23,172.1843836598259,174.55669696783877,169.35290433130154,170.04164123535156,43165463
2021-03-24,169.12328720095041,170.50076063237992,164.7230120501304,165.25869750976562,28672557
2021-03-25,164.6465122354974,165.25871733325204,159.9784059216144,161.92982482910156,42248040
2021-03-26,163.95773957512623,164.1107908160884,160.9732100595821,161.39410400390625,27083832
2021-03-30,163.19249289174041,164.53170658620238,161.01149119696362,164.1873321533203,28862387
2021-03-31,163.80473487434085,167.82236443954616,162.7716235459279,167.2101593017578,37890481
2021-04-01,168.35802622671164,168.81718001522145,166.29181598834586,168.3962860107422,30182056
2021-04-05,166.52139244074635,168.35803191021654,161.08802998312458,162.6568145751953,32586507
2021-04-06,163.6134005183798,164.49346050234212,160.82019354591165,162.7333526611328,26663018
2021-04-07,162.77160005519087,164.6847590247519,162.58028900892052,163.61338806152344,15790468
2021-04-08,164.4169118163406,165.37349127512854,162.88638710762268,163.19248962402344,14660557
2021-04-09,163.57513874222084,165.25871486259157,162.65681898260263,163.0777130126953,16994483
2021-04-12,160.70542090017585,161.47067735995546,156.87910222112762,157.10867309570312,35840817
2021-04-13,158.40961409348083,160.47582455312724,157.64434557062702,159.71055603027344,21027436
2021-04-15,159.94011557786857,161.04974628472127,157.64432247240504,158.1800079345703,18205903
2021-04-16,159.17485332870024,160.13143274290226,158.0269507556297,159.13658142089844,13824608
2021-04-19,156.87911817217326,157.72090642687996,155.92253840514874,157.33827209472656,16400507
2021-04-20,157.79740891469822,158.4096262051332,154.96594184242596,155.76947021484375,22187707
2021-04-22,154.58325015917202,157.87388200922726,153.4736196168708,157.56777954101562,24030915
2021-04-23,156.30512363085197,158.4095936064564,156.30512363085197,157.14691162109375,20381213
2021-04-26,157.4913073889513,158.21831618413785,156.64951921983538,157.10867309570312,20652091
2021-04-27,157.10866421783987,158.37135852687845,156.9173531453847,157.18519592285156,11885588
2021-04-28,157.6443408733102,158.0269751233358,157.10865534861748,157.26171875,13197445
2021-04-29,158.48614114761713,158.83050348409924,156.15207585939228,156.34339904785156,13601150
2021-04-30,156.0372861019695,157.4147596095508,154.58328089876056,155.0424346923828,17130954
2021-05-03,153.9710351345809,154.46846074704467,153.05272771778786,153.77972412109375,21405441
2021-05-04,153.97104994113286,154.85110979191376,152.36400574384825,152.7466278076172,18962501
2021-05-05,154.16240529683733,154.58329935625846,152.67014013099293,154.1241455078125,14396547
2021-05-06,154.8128794730194,157.6060865543553,154.65981606632644,155.15724182128906,14872429
2021-05-07,155.31027225446243,157.98869961133553,155.31027225446243,157.14691162109375,20213092
2021-05-10,158.52439481150648,158.75396565138877,156.8790785132281,157.2999725341797,16922951
2021-05-11,156.0372957339806,158.02697442254558,155.92250424681046,156.1138153076172,14277000
2021-05-12,156.03728164762475,157.07038068546188,155.23375343668795,155.53985595703125,17174525
2021-05-14,156.87907692112583,163.15423951290225,156.11380845804487,162.42723083496094,64021335
2021-05-17,165.90918124903519,166.06223251139312,161.9680718314961,162.695068359375,39465392
2021-05-18,163.84297380775166,164.22560803352087,160.43754981382045,160.74365234375,31653409
2021-05-19,160.74365883361997,161.77677007223627,158.83049975424655,158.98355102539062,25345241
2021-05-20,159.51923775287705,160.1697147552306,158.2565556612838,158.40960693359375,21688686
2021-05-21,158.86876583198583,160.5906139222978,158.71571455478053,159.97840881347656,23509878
2021-05-24,160.32274681794547,162.2741654644753,158.98353318730196,161.853271484375,29977506
2021-05-25,163.00116022407812,163.30726270600246,160.89667837574467,161.39410400390625,26310600
2021-05-26,162.0828705229793,162.58029624281497,160.93497994085388,161.16455078125,18253046
2021-05-27,161.4706577320576,163.8812425724524,160.9349843386851,161.58544921875,49385674
2021-05-28,162.61856480354263,163.3838211906822,161.89156820408112,162.92466735839844,26583388
2021-05-31,164.5316966316598,166.7509579758039,164.07253074893097,165.75611877441406,75852502
2021-06-01,166.8275201038779,167.89889119010536,163.95778132007536,164.72303771972656,40247686
2021-06-02,161.08805792853158,162.58032320883484,159.63405244018773,159.94015502929688,100377464
2021-06-03,161.27935073307944,161.27935073307944,159.7105539199728,159.97840881347656,48454441
2021-06-04,160.3227703917066,160.47582166818276,159.17487975477775,159.7488250732422,31286264
2021-06-07,161.011519858063,162.5420448698711,160.85846856955382,161.81504821777344,32643869
2021-06-08,162.3889806021556,163.95777740573968,161.62372422077416,163.4986114501953,22080199
2021-06-09,163.76642067376383,164.34036587392697,161.85326192207796,162.6185302734375,25846432
2021-06-10,164.32832399838225,166.4542880114318,163.38346496740442,164.80076599121094,31902690
2021-06-11,165.58816839405145,165.70626642019633,163.58031478948354,163.69842529296875,22249404
2021-06-14,163.73780878355234,164.131506344757,161.57249091293912,163.22601318359375,18358717
2021-06-15,163.4228418148021,164.09212636414568,162.98977827754229,163.02914428710938,15426377
2021-06-16,163.02913909746297,164.84013768532822,163.02913909746297,163.6590576171875,20878518
2021-06-17,162.95041970304175,163.77718080571756,161.41500800912107,161.9268035888672,22304032
2021-06-18,162.2023984071566,162.5567299584539,159.44654040999185,161.06068420410156,24475206
2021-06-21,159.91895153991112,162.20237968242094,159.36777750863766,160.98193359375,19809308
2021-06-22,162.2811236734534,162.39923417655115,160.9031885995469,161.4937286376953,18737552
2021-06-23,161.92679821514892,162.0842872100579,160.3126545520688,160.58824157714844,13059519
2021-06-24,160.9819351581897,161.13941167189247,159.485889562003,160.0370635986328,23299321
2021-06-25,160.6275999261074,161.88742448390704,160.43075740787063,161.45436096191406,14411660
2021-06-28,162.1236358025854,162.1236358025854,160.11578234528454,160.31263732910156,15190488
2021-06-29,160.3126522860979,161.65120890517827,159.95832076857215,160.07643127441406,13839294
2021-06-30,160.86381314428692,160.94254515683505,159.4858781512992,159.60398864746094,16556397
2021-07-01,159.76147794208526,160.4701284984582,159.17093789133125,159.8402099609375,10583793
2021-07-02,160.07643315882655,160.3913861932189,159.24967208554114,159.36778259277344,13187847
2021-07-05,159.8402122245221,160.7063517855465,159.60400368727977,160.35202026367188,10642939
2021-07-06,160.03704265398108,160.4701061293221,159.24964771117627,159.44650268554688,11515716
2021-07-07,159.446518080368,161.57246965839852,159.2890415720702,160.43075561523438,18568033
2021-07-08,160.23390601841587,161.02130106376384,158.89534941413285,159.05282592773438,21730892
2021-07-09,159.05282364486428,159.32841065904657,158.18669659381723,158.541015625,12289809
2021-07-12,159.0528278043318,159.4858913411806,158.226066740164,158.34417724609375,13589278
2021-07-13,159.05280287022654,159.21027936099904,158.54099491721192,158.9346923828125,11247522
2021-07-14,158.93471202896475,161.533105641249,158.81660152695088,160.7063446044922,21269167
2021-07-15,160.9425514174911,164.1708510363546,159.76147136460884,162.39923095703125,29963443
2021-07-16,163.5409487807686,165.07636037139565,163.147251261598,163.69842529296875,30137464
2021-07-19,162.83229049013835,164.95824201970493,162.47795899654074,163.58030700683594,17099088
2021-07-20,163.93463866078753,164.80076567619818,162.51733763969014,162.83229064941406,24567907
2021-07-22,162.98977661132812,163.97401418182798,162.08428353649808,162.98977661132812,19016769
2021-07-23,162.98978054728622,168.18655554411333,162.59608301411097,167.24168395996094,46241640
2021-07-26,168.5014930373074,169.56447503109806,165.9818440302047,166.25743103027344,49084040
2021-07-27,166.92671518699555,167.71411017911274,163.73778168946245,164.28895568847656,25378089
2021-07-28,164.01336156748636,165.3519305004968,163.34407710098114,164.64328002929688,15304399
2021-07-29,164.6432834460965,165.50941043138877,161.926779519006,162.2417449951172,16204679
2021-07-30,162.28113119115508,163.06852626338937,161.1000510601445,161.37562561035156,15515733
2021-08-02,162.55672857727998,163.3834897126073,161.76933345487063,163.22601318359375,10046707
2021-08-03,163.38346284463205,166.06058835229933,162.55670184526338,165.273193359375,19179805
2021-08-04,166.06058649428675,166.21806299564176,163.85589052063813,164.2495880126953,11421835
2021-08-05,164.2495924312894,170.66682554017152,162.91102341775309,169.48573303222656,48995450
2021-08-06,169.6038420174293,170.07627152998805,167.39914600414244,168.69834899902344,24489836
2021-08-09,169.28892688966585,170.9818152851485,167.47792797027978,168.34405517578125,21142199
2021-08-10,168.50150672481868,168.85583824397807,164.21023734926786,165.2338409423828,18855165
2021-08-11,165.23382718354924,165.82436718896733,163.34408419340386,164.28895568847656,16012451
2021-08-12,165.54877883173876,168.65896781361658,164.052745827261,164.48580932617188,28758718
2021-08-13,165.23384298110693,167.16295216209318,164.72203493956422,166.49366760253906,19576945
2021-08-16,166.45430545298632,167.91097263638235,165.74565486682863,166.06060791015625,11621038
2021-08-17,165.9818398527029,166.53301383896817,164.40706238223333,164.72201538085938,8161139
2021-08-18,165.03700030181625,166.53303346022534,164.0527627071405,164.5251922607422,11149120
2021-08-20,162.98976384435466,165.90311031848736,162.7535428531889,164.48580932617188,20168965
2021-08-23,164.9582477503513,165.50942177464665,162.20237762887444,162.4385986328125,10319044
2021-08-24,162.9897918618109,162.9897918618109,161.1787930653604,162.00555419921875,12971124
2021-08-25,162.517333984375,163.6984139829449,162.20236850439548,162.517333984375,10994627
2021-08-26,162.51732224918266,162.87164123223286,160.90316639186474,161.1000213623047,15407558
2021-08-27,161.41497625713836,162.87164316444998,161.3362317725605,162.12362670898438,10879860
2021-08-30,162.20235554369583,163.93462187447912,162.20235554369583,163.7771453857422,12550267
2021-08-31,163.81654920710614,166.6117856015037,163.18663062939757,166.3755645751953,26802390
2021-09-01,166.13934741626636,167.1629635692028,164.80079068315655,164.95826721191406,16867486
2021-09-02,164.56453509507128,166.53301000720035,164.56453509507128,165.1550750732422,14872714
2021-09-03,165.1550868255795,166.33617934330618,165.1550868255795,165.82437133789062,10622796
2021-09-06,166.13932252376608,166.29681150626882,164.60392347909217,164.80076599121094,11041632
2021-09-07,166.06060435526612,168.77709613116127,165.47006429233338,166.72988891601562,38933378
2021-09-08,167.12357951699698,167.7141320768607,165.11573824548404,166.33619689941406,17897021
2021-09-09,166.17869784420927,168.42275983540185,165.7850003501275,167.4385223388672,19784972
2021-09-13,167.98970759657496,169.40700868840878,166.76924902630796,168.61961364746094,16661794
2021-09-14,169.21015772069546,171.06053486327144,168.6589836743691,170.155029296875,20377545
2021-09-15,170.94241821200308,171.0211502287393,169.5251171373494,170.07627868652344,21028598
2021-09-16,170.82429861341524,183.97371757815284,170.31249062252212,181.69027709960938,154986538
2021-09-17,183.4619160804491,186.8476921958144,180.39109298108522,182.0052490234375,82563658
2021-09-20,181.88714209261795,188.46185193671064,181.29658957935078,184.05245971679688,73101936
2021-09-21,184.99733063051883,190.90275592435293,182.43831549865877,190.1547393798828,58854434
2021-09-22,191.72950744628906,193.5405059437902,189.52481145327206,191.72950744628906,54648494
2021-09-23,192.9105985262928,193.38304053896022,190.3122173659831,190.94212341308594,22630330
2021-09-24,192.1232181484446,192.1232181484446,187.16265182316474,187.75320434570312,25779310
2021-09-27,188.81618509788893,190.4303412927185,185.4304086626946,187.95005798339844,23772123
2021-09-28,188.85553596345167,190.23347102478863,186.06029983255104,187.2020263671875,16319138
2021-09-29,185.82409326540423,190.07599651893244,185.58787225887255,187.4776153564453,16045073
2021-09-30,188.89492781591272,189.28861288071886,185.23356438089178,185.9422149658203,16987893
2021-10-01,185.19416062390127,186.6114616003761,183.38316215899692,185.31227111816406,16570661
2021-10-04,185.82409450896697,187.67445913294048,185.35165249274198,186.29652404785156,11098123
2021-10-05,186.13906050244412,186.96582161109455,184.6430148090755,184.8004913330078,9578825
2021-10-06,184.87920502421116,186.13902948306563,181.57216114071596,182.08396911621094,18179336
2021-10-07,183.46191239359283,184.9973239124191,182.91073838799676,183.42254638671875,10770973
2021-10-08,184.8398627074884,184.87922871762098,182.0446264412615,182.43832397460938,10114327
2021-10-11,182.67452125970172,188.57994646411387,182.43831273611644,187.438232421875,22000303
2021-10-12,187.87128668755778,191.33580712872276,187.39885718631047,189.9972381591797,30347455
2021-10-13,190.98149547787875,197.5561926521574,189.09175244542632,196.21763610839844,52091422
2021-10-14,199.40659298852884,206.17814594552772,197.12315218426303,202.00497436523438,88696178
2021-10-18,205.50883531332843,208.89461136276043,202.63486726293698,206.7292938232422,62614961
2021-10-19,205.82380025946435,206.72930581202263,192.94997981912402,193.65863037109375,61336411
2021-10-20,193.6586298649954,195.66647101077237,190.82401518718382,194.17042541503906,49663940
2021-10-21,195.27275843238885,195.5483454293724,191.41455295195846,192.67437744140625,23385990
2021-10-22,192.67439144816584,193.54051850812448,184.01309589389874,186.29652404785156,36905793
2021-10-25,184.32804474910344,186.33588584060786,181.49344262525247,183.77687072753906,23194065
2021-10-26,184.32803987667015,188.18625792563452,183.14695984873234,186.37525939941406,19663381
2021-10-27,189.1705054451144,189.9972540219873,185.98157173276883,187.75320434570312,26909428
2021-10-28,185.11543134763772,185.78471584012243,176.4935023898005,177.2415313720703,48064941
2021-10-29,177.1627997576443,179.721814940213,175.03684810701768,175.74549865722656,27668175
2021-11-01,176.4935245552432,179.17065038405704,175.1943338906735,178.61947631835938,24090945
2021-11-02,179.5249664445833,180.50920398031298,176.76909635360414,177.63522338867188,14896284
2021-11-03,177.95020460747324,178.61947670813132,174.56441570622468,175.15496826171875,18530527
2021-11-04,177.04471623620105,178.9738256580817,176.3754315930711,178.38328552246094,7295341
2021-11-08,180.86353150438808,181.65092656091036,177.71397623298014,180.94227600097656,21051238
2021-11-09,180.98165141275842,181.80841252185562,179.40687369524335,180.1155242919922,11964518
2021-11-10,179.09191715793088,183.34382065558341,178.89506214873856,181.76904296875,13948380
2021-11-11,181.41468444033944,182.2808238926723,179.95801748033549,181.0997314453125,8448263
2021-11-12,182.04462210226785,184.20993976806014,180.43046599721686,183.3831787109375,12312123
2021-11-15,184.209937183005,188.18626589870001,183.54065264939214,187.4776153564453,40247848
2021-11-16,188.22563926715938,188.69806882135492,185.03670546365245,185.3910369873047,15241184
2021-11-17,185.82409830554505,193.10745892352983,185.54851128289675,188.5799560546875,48496295
2021-11-18,188.97366325729448,191.3358360755786,186.06031636549935,187.00518798828125,21005037
2021-11-22,187.32010739483832,189.56416929758274,180.74541065990203,181.80838012695312,23443628
2021-11-23,180.43044915228364,183.22568509092432,180.43044915228364,182.35955810546875,13950744
2021-11-24,183.02886519877396,183.22570772802808,178.69821725911552,179.28875732421875,14684422
2021-11-25,178.7375908175018,182.83201791308832,177.7533531749856,182.1233673095703,24825493
2021-11-26,180.23359921703792,181.1390921706827,175.66673101290144,176.37538146972656,28067913
2021-11-29,174.80061889109334,176.09980942592364,173.38331785721667,174.40692138671875,22985358
2021-11-30,174.80061689953843,177.3202659260209,173.2258393773218,174.13133239746094,24408641
2021-12-01,174.80061006225222,175.82421354005405,173.69826209661676,174.7218780517578,13496307
2021-12-02,174.72189935988953,178.06829719281234,174.24945732994973,177.5171356201172,16517389
2021-12-03,177.16278385537166,178.10765532995123,174.28881590342212,174.5250244140625,14325920
2021-12-06,174.52505487468446,174.9581184433389,171.2573888648951,171.5723419189453,13644352
2021-12-07,172.35973570092753,174.76127455487003,171.7298171203481,173.7376708984375,9246755
2021-12-08,174.0132542113658,177.67461767071597,174.0132542113658,177.12344360351562,10241656
2021-12-09,175.58803728057515,186.17843043759697,175.58803728057515,185.35166931152344,39714672
2021-12-10,185.98157652873255,188.14689424274292,184.0524673524883,185.90283203125,36517117
2021-12-13,187.3988663148101,187.98940633947024,184.3674092214562,184.72174072265625,22903720
2021-12-14,185.03672015212368,186.69024243907808,179.17066012117124,179.99742126464844,38953007
2021-12-15,181.09974640239682,182.83200049545155,175.90297164589242,176.41477966308594,35987634
2021-12-16,177.95019449483559,178.06829252188194,173.85575523701598,175.50927734375,25131188
2021-12-17,175.4305466037897,175.46991261309196,170.66683524864052,171.6116943359375,30827201
2021-12-20,170.2731412403354,170.2731412403354,165.19447675119494,167.24168395996094,38778895
2021-12-21,168.50146863615325,169.64318247757765,166.1786749525209,167.3203887939453,20142586
2021-12-22,168.50150491604217,168.65898143042014,166.2180767415507,166.92672729492188,17903428
2021-12-23,168.4227585619641,172.0053770331392,167.87158456988493,171.09988403320312,23065082
2021-12-24,171.6510772705078,173.5801739817325,170.43061865444832,171.6510772705078,17220191
2021-12-27,171.96602220153298,172.00538820999964,169.80070457576272,171.29673767089844,8467106
2021-12-28,171.6510845292613,173.69829183536575,171.6510845292613,173.26522827148438,12014352
2021-12-29,173.22585486162396,173.46207587814067,170.3125080748343,170.66683959960938,11923119
2021-12-30,170.54872069630147,171.5723242552535,169.68259364816203,170.07627868652344,10116360
2021-12-31,170.7849366577326,172.28096970494306,170.1943841629497,171.6904296875,7875890
2022-01-03,171.6904356113912,173.1077366930921,170.9030405760728,172.51719665527344,8064567
2022-01-04,172.83214369843446,174.56439774339023,172.4778246789389,173.4226837158203,9398805
2022-01-05,172.9502393151556,174.40690622967438,172.16284437483594,173.6588897705078,11663111
2022-01-06,172.43843323424275,173.54078117176047,171.8085272569977,172.2022247314453,9295303
2022-01-07,173.06838206655362,173.73766664285645,171.25738334809128,171.96603393554688,9196075
2022-01-10,173.14709324441756,176.92656674829976,172.35971072944602,175.82421875,16451394
2022-01-11,175.86360905874932,176.57225960854288,174.1707209410569,174.76126098632812,8329596
2022-01-12,175.194316543933,176.09980957515606,174.48566602639414,175.3911590576172,13665682
2022-01-13,176.296663045805,177.79270855985848,175.39115754505113,176.33602905273438,11944029
2022-01-14,176.33604088888322,177.00532543830553,175.03685027695096,175.2730712890625,10976796
2022-01-17,175.27307692996044,177.635237217736,174.28883931760697,176.8478546142578,12792728
2022-01-18,176.84783269273032,178.97378417460632,173.46205672411227,173.81637573242188,14948456
2022-01-19,173.81640263606062,175.11559332985286,172.2022588911687,173.50144958496094,11915686
2022-01-20,173.65890873146816,174.9187332871304,171.65106763496712,172.24160766601562,17997322
2022-01-21,172.04475687190978,173.61953437139798,170.0762694008751,170.9030303955078,17225050
2022-01-24,170.90304955095164,171.45422360915106,166.06060601373204,166.76925659179688,18023332
2022-01-25,166.9267181427398,169.05266968629255,164.997609112032,168.7377166748047,19028606
2022-01-27,166.33617843812,169.68258850412488,166.2180679392561,168.97393798828125,24041247
2022-01-28,169.36763022142728,172.63530841212494,169.36763022142728,171.3361053466797,15865353
2022-01-31,172.04475951200226,173.81637954711036,170.94241150224272,173.38331604003906,15618203
2022-02-01,174.01323708081785,180.15487076062183,172.55655755632915,179.32810974121094,44871108
2022-02-02,181.0997449851291,183.69813858171662,180.31234996135345,182.79263305664062,42714702
2022-02-03,182.7926390629933,185.19417774387864,182.51705204335036,184.6036376953125,28918394
2022-02-04,186.80832597353665,187.79256350541536,182.3202018299825,184.4855194091797,58889867
2022-02-07,184.2493239589054,184.8398640244644,179.9186760159046,181.25723266601562,25101983
2022-02-08,181.33595263285144,182.91073008708474,180.35171516428824,182.08396911621094,16825239
2022-02-09,182.9107531505279,183.46192720060864,180.11551689007288,181.21786499023438,12351873
2022-02-10,180.07613243407573,183.77686141067338,179.32810345568086,182.87136840820312,20317032
2022-02-11,182.67452286561428,183.69813889372924,180.94226878317374,183.0288543701172,18793513
2022-02-14,182.22433760999692,182.22433760999692,176.17707121061332,176.94305419921875,23621214
2022-02-15,178.1928030590604,180.20855825834957,176.21735938618892,179.80540466308594,13371177
2022-02-16,180.45042418382278,181.17609548010213,178.87813424571283,179.6038055419922,11664158
2022-02-17,179.84572640187724,180.89391558745996,178.07186581442502,179.52320861816406,14564261
2022-02-18,179.52321159758395,180.16824717571552,178.59595698273242,178.91848754882812,9004891
2022-02-21,177.62839159080303,178.4346860088846,175.08853542553078,175.77389526367188,16750193
2022-02-22,173.3549866637555,174.8869652254956,171.74238504862487,173.23403930664062,26741024
2022-02-23,174.8063315270111,175.37074401574475,173.395300305177,174.1209716796875,11438476
2022-02-24,169.32348982181588,171.9842807836957,166.90458081654236,168.11402893066406,42933709
2022-02-25,170.53293328412147,174.56444392392865,169.7669503512076,172.5083770751953,24543858
2022-02-28,171.90362662434035,174.52410558221368,169.96849465939886,174.0403289794922,20806226
2022-03-02,172.8712091179761,174.64508251587702,171.29893169849586,173.59689331054688,20039140
2022-03-03,174.20159506878568,177.54774545797346,174.16127076744968,176.9027099609375,29631546
2022-03-04,175.53199170414678,183.35311743906755,174.96757925141762,181.82115173339844,69409780
2022-03-07,178.99910345799256,183.03061399137795,177.46713763260496,181.37770080566406,47001716
2022-03-08,180.531072936269,184.19974120325904,180.41012558205549,182.94998168945312,37424203
2022-03-09,183.5950304753054,186.5783519123669,182.30494656552446,184.8448028564453,43923809
2022-03-10,186.2558545016902,187.4653027094478,183.71599793296195,187.06214904785156,37523806
2022-03-11,186.98150411294063,191.17427359369893,185.57047285089945,190.56954956054688,43305144
2022-03-14,190.4889145512315,193.06908236240744,189.72293162439257,192.7062530517578,36465969
2022-03-15,192.70624626148398,194.6413656631645,190.20670159540308,191.77899169921875,34269168
2022-03-16,193.51254142306126,195.9314502671168,192.78687004754755,195.6089324951172,22462538
2022-03-17,197.7456309214188,197.86657827762363,195.68955141999467,197.4634246826172,35541798
2022-03-21,198.2697246450044,199.76139171057582,196.5764999418318,197.14089965820312,29052540
2022-03-22,197.18122353310247,202.18030013074568,196.37491632227864,201.37399291992188,38368305
2022-03-23,202.74470871623146,204.55889363144337,200.36612406118485,203.1881866455078,42051087
2022-03-24,203.1478591533221,206.81654045540617,202.74470553659432,205.48614501953125,39712133
2022-03-25,205.84899318619688,206.2118353075967,200.97086336412806,204.27670288085938,30412482
2022-03-28,204.80078926430573,208.02599270887956,203.63165269622195,207.260009765625,25876007
2022-03-29,207.26000492886845,207.62283423882658,204.5992012887139,205.28456115722656,18820674
2022-03-30,205.68770858744202,206.73589773439286,200.48706160287966,200.93052673339844,18281803
2022-03-31,201.25305164629907,205.08299184798207,201.1724285889963,202.09967041015625,26644916
2022-04-01,201.57557023616474,205.88928713001454,200.60801688248176,204.2363739013672,14856664
2022-04-04,204.07511695312473,207.94536873581413,202.4625152379283,205.9699249267578,16520039
2022-04-05,206.45368757316572,211.13024628404852,205.68770468535183,209.1951141357422,28230046
2022-04-06,207.62281791244874,212.3396880102015,207.46155903436684,209.31605529785156,20352716
2022-04-07,208.02597009640755,211.41244484442637,206.25210967241398,206.93746948242188,16679649
2022-04-08,208.02596033378492,216.7743402452451,206.4133588624673,215.927734375,39283623
2022-04-11,216.6937602854633,220.2414816723696,214.47643441864687,215.68588256835938,47924937
2022-04-12,215.2020876863866,216.6131317873587,212.13814308084844,213.50885009765625,24460888
2022-04-13,213.91200417879702,218.1853969126668,212.58160868930068,217.3387908935547,22239115
2022-04-18,216.08900433968375,219.71737402227495,215.48429309529098,217.78224182128906,25339139
2022-04-19,219.31421740068245,219.71738380228194,208.67104092963092,210.88836669921875,24280577
2022-04-20,211.97687196073184,214.03293875590498,207.66315517742856,209.2757568359375,25454589
2022-04-21,209.39669288014898,213.22662001500314,209.316057051918,209.9611053466797,24313956
2022-04-22,209.63856971444827,212.05747840120043,208.46943328420753,210.5255126953125,16274820
2022-04-25,208.67102874228564,208.83228762728925,203.59131636804125,205.80865478515625,25140992
2022-04-26,206.89715627408512,210.2029953723481,206.61495002995184,208.79197692871094,21327644
2022-04-27,206.57465926021928,208.42915579700934,206.21182992532042,207.6228485107422,17219401
2022-04-28,209.2354289141799,212.62189085401022,208.14691553318147,210.5255126953125,28999835
2022-04-29,212.0574950162911,212.0574950162911,208.42913809038868,209.2757568359375,21206335
2022-05-02,208.02599346363607,213.26696505137113,207.26001051760238,212.17845153808594,19696250
2022-05-04,212.86381367164174,214.51672694674448,208.5097851266085,209.43702697753906,26951488
2022-05-05,211.25120763591215,213.83137548657163,209.9611237105824,211.29151916503906,18623544
2022-05-06,208.83229041541125,215.5649160336017,208.7516545833183,215.00050354003906,35818441
2022-05-09,214.5973773569641,214.5973773569641,210.08207710029316,212.01719665527344,22228031
2022-05-10,211.25121192648461,215.12146378107974,208.9129259801252,209.43702697753906,18727774
2022-05-11,208.8322795180187,211.41244713194274,202.98658447274707,206.13116455078125,18012072
2022-05-12,205.60708895978848,206.73591402717284,200.89023103826133,203.9138641357422,20816708
2022-05-13,205.56677094000975,210.3239530187892,205.20394162382166,208.50978088378906,12380764
2022-05-16,209.59829479661943,209.59829479661943,203.99449359145518,204.8814239501953,8502159
2022-05-17,205.60708323996352,214.0732582327937,205.4458243458276,213.42822265625,18483427
2022-05-18,214.47642438514129,215.92776720771263,212.1784500095351,215.1214599609375,20978307
2022-05-19,211.7349614590454,225.15988747281762,211.7349614590454,222.2572021484375,81302807
2022-05-20,223.3457116098055,227.65944101962165,223.3457116098055,225.76463317871094,33617466
2022-05-23,225.76464837799926,226.1274904708716,220.16084753074523,221.32997131347656,22535903
2022-05-24,221.73312880083532,221.73312880083532,217.70161829733135,218.38697814941406,16146766
2022-05-25,220.08024284393872,220.84622584568157,218.10478609832631,219.87864685058594,15877459
2022-05-26,221.56416891010562,221.56416891010562,217.92994734473876,220.28395080566406,19129574
2022-05-27,222.1836579007296,223.58779852646944,218.92111202678953,222.34886169433594,13986762
2022-05-30,223.4225742982746,223.835570655958,221.02728966132824,222.22494506835938,12274291
2022-05-31,222.22495270655295,226.72642206707778,220.0361530846581,223.54647827148438,24102167
2022-06-01,223.5464731047105,226.39603544320983,223.1747842317455,224.5376434326172,15265925
2022-06-02,223.58777115429237,226.6851259439993,221.23376790201527,225.9004669189453,14789457
2022-06-03,227.13944148994833,227.71761552756038,224.33116011379857,225.23971557617188,12968807
2022-06-06,224.9919394421526,227.80019452013295,222.7618321997438,226.97422790527344,11345943
2022-06-07,225.65269149342043,227.13942085836277,224.86803240874488,226.23086547851562,11245578
2022-06-08,226.27215548923564,226.64384438903687,219.87096009350418,221.2751007080078,14915091
2022-06-09,221.1925041323462,224.41375546325983,219.4992765736481,223.71168518066406,10239939
2022-06-10,222.22497420502103,223.83560000379418,221.97718159334525,223.13352966308594,8693455
2022-06-13,220.0361484176604,222.26622930546105,217.22786738607,218.59071350097656,11519902
2022-06-14,217.39309213770935,220.90343088861292,217.26920891563432,219.2515106201172,7708043
2022-06-15,219.70579401250606,220.7795270988101,217.26920155538315,217.55828857421875,5254329
2022-06-16,220.53170814656917,221.27508589641178,214.33701136157097,215.32815551757812,14843837
2022-06-17,213.9240295926705,218.17773249664828,213.55234071513075,217.4756622314453,17296080
2022-06-20,217.4756529971805,219.82965627786217,215.86502744001368,218.1364288330078,17738981
2022-06-21,218.87979946406426,223.71167626793147,218.13643480874302,222.92701721191406,14417711
2022-06-22,220.5317061546247,223.2573983689782,218.797197353,219.12757873535156,11756920
2022-06-23,219.29275512695312,220.7382030297425,216.73227994785418,219.29275512695312,9416459
2022-06-24,219.78837686342553,221.64679523247406,219.045012133518,219.58187866210938,7283228
2022-06-27,220.53173034256227,223.54649678071468,220.11876011360724,222.96832275390625,8487729
2022-06-28,222.10105127933483,224.86802481621402,221.81195120798998,224.5376434326172,11673046
2022-06-29,222.39015265713823,227.13944125964449,222.30756384531153,226.3547821044922,16635367
2022-06-30,226.27212959910267,226.8916110278901,224.66150406137047,225.9004669189453,20003893
2022-07-01,225.90045434035235,235.39900326446553,224.00072884926152,234.8621368408203,36520000
2022-07-04,235.93591633284515,242.2545230953778,235.2338460062172,241.09817504882812,41417701
2022-07-05,242.00671536934345,242.00671536934345,236.01851657460995,236.96835327148438,19283789
2022-07-06,236.30757589475996,239.52882702764057,235.64681314368588,238.95065307617188,18997440
2022-07-07,240.3548062515425,242.13060951099857,238.28990291252288,241.13946533203125,14326277
2022-07-08,241.92410786435488,243.20435203531412,239.8592046665794,242.04800415039062,11538313
2022-07-11,242.00672764809948,245.26928663623846,241.22206852081908,243.65866088867188,12828405
2022-07-12,242.00670805701247,243.94771506014015,240.27218614796118,241.75894165039062,14616684
2022-07-13,242.0067492468052,243.49347882516113,241.75898279801328,242.8740234375,9634877
2022-07-14,243.08048912957122,244.77370370175507,238.82678586385754,240.23092651367188,13930984
2022-07-15,241.1807500570067,242.83265686602522,239.1158469128977,242.46096801757812,11450042
2022-07-18,243.65865576567,244.7324149671778,242.62620405629954,243.9064483642578,11751684
2022-07-19,243.6586589980178,244.15424420176777,241.75895934550684,243.32827758789062,9542292
2022-07-20,243.57607621984496,247.37550179604554,242.50231697751036,246.30174255371094,16397373
2022-07-21,246.96250085049297,249.60557832547528,246.13653423135128,247.41677856445312,16660697
2022-07-22,247.78845911775784,249.85336250745388,246.2191409182665,248.24273681640625,10351425
2022-07-25,246.96249944716914,250.22505841224836,246.79732183055046,248.697021484375,11050533
2022-07-26,248.61442817639366,250.8858166921778,248.16015047323685,249.8120574951172,10114261
2022-07-27,250.14239698870463,251.91822618894744,248.28400517259828,251.21615600585938,9706094
2022-07-28,251.83564053961942,252.08343309875704,249.77073744962433,250.6379852294922,11256515
2022-07-29,251.91824273043244,252.66162044737752,248.903476729125,250.3076171875,17584873
2022-08-01,251.0923146567179,255.05694406650312,250.34896300308267,253.98318481445312,16501510
2022-08-02,256.04808239546793,261.54072247929173,254.56135294553908,256.00677490234375,40483892
2022-08-03,256.79143405649836,256.79143405649836,250.80320937351948,254.52001953125,18376724
2022-08-04,254.39615353326226,256.33718690964423,253.6941093778855,255.63511657714844,16514348
2022-08-05,255.63508166023612,257.53478110618533,255.30470028603258,256.7501220703125,10477269
2022-08-08,256.8327305228681,259.310630284681,256.08937891830647,258.64984130859375,8627072
2022-08-10,258.6498100589064,259.43449523713565,256.6675219014942,257.0391845703125,9267241
2022-08-11,258.5259271208392,258.8976159859567,252.16603981092365,252.95069885253906,11305242
2022-08-12,252.95067304839398,255.55244248457214,251.5052514009868,254.85037231445312,6669853
2022-08-16,254.8504166742715,257.2870089516655,254.8504166742715,256.5023498535156,8941455
2022-08-17,257.4521656758656,258.73240972917205,256.87399178653726,258.15423583984375,8283028
2022-08-18,258.5259827190305,261.00388284225824,258.1956012713577,260.71478271484375,10264507
2022-08-19,261.12774877710746,261.12774877710746,257.03922321144205,257.70001220703125,10823811
2022-08-22,257.0391740312692,261.82976899137867,256.87399644681454,259.6822509765625,11793184
2022-08-23,258.48461183173214,261.0037924023014,257.78254168228005,260.92120361328125,9698555
2022-08-24,260.79737295362673,263.8534206873481,258.567265672125,259.4345397949219,11783894
2022-08-25,260.54956323669603,261.334222321047,257.3696194085465,257.98907470703125,8057930
2022-08-26,259.97136557331953,260.50823201853126,257.6999773315222,258.4433288574219,7224507
2022-08-29,256.0481077700973,260.1366076182965,255.09824475105745,258.98028564453125,11798961
2022-08-30,259.5583881513092,265.4640241874967,259.5583881513092,264.7206726074219,18516092
2022-09-01,263.89469213490935,265.87698036201425,261.00382241565404,262.3253479003906,13765474
2022-09-02,263.2339252895259,267.8180359140448,262.6970587884709,266.9094543457031,26750910
2022-09-05,268.4375179720169,272.2369437035537,267.40506618117934,271.6174621582031,18144801
2022-09-06,272.56729513005047,272.56729513005047,269.5938363939382,270.21331787109375,12431779
2022-09-07,269.26345001530615,271.16314954823065,268.6439685496152,269.3460388183594,8397233
2022-09-08,271.74130247453473,273.06285410660143,270.5023658162386,272.48468017578125,11331350
2022-09-09,273.0629049741503,275.2929861390914,272.5673197476658,272.9803161621094,9770432
2022-09-12,274.2192243139073,274.54960570456757,272.5672911834894,273.3106689453125,9048240
2022-09-13,273.97146125480594,276.6971276543581,273.06290578828856,276.2015686035156,10925371
2022-09-14,273.393205544357,280.0008844500612,273.3518980619933,276.98614501953125,12739464
2022-09-15,277.8534655447925,278.3903582477678,274.9625954495669,275.9537658691406,8742900
2022-09-16,274.508300130491,276.3667183709045,272.3195004971111,273.64105224609375,12973988
2022-09-19,271.82391455711326,278.26641652426684,271.82391455711326,277.1926574707031,14918717
2022-09-20,279.79449053430193,280.49656090051,276.69713513009464,277.5231018066406,9892945
2022-09-21,277.5230729805043,285.1219237320476,277.1101027736864,281.611572265625,21800547
2022-09-22,281.6528989693943,288.0540946744189,281.57031015782064,284.998046875,25111230
2022-09-23,287.02159240818236,288.7148328987913,283.5525749841519,286.113037109375,23718397
2022-09-26,284.8328187184961,285.7413740994733,274.0127429512819,274.7148132324219,16829922
2022-09-27,276.6970774368484,280.4552211049659,275.87111093252213,276.57318115234375,10375837
2022-09-28,274.1778611089896,275.29290134802426,267.8592561259405,268.3961486816406,16151900
2022-09-29,271.74133906460094,276.6145237344205,270.70888734748166,275.08648681640625,18985406
2022-09-30,275.0865002748844,277.3166076109009,272.69121531523365,274.3844299316406,12906555
2022-10-03,274.9625709433268,275.0451859223406,266.9920578666383,267.94189453125,9462192
2022-10-04,271.49352864433814,275.8711012267362,270.9153547293627,274.9212646484375,9142294
2022-10-06,276.6971338109163,280.2487669437231,274.67353771357847,278.0599670410156,23091432
2022-10-07,278.1838469589442,278.22515445213264,273.64106979296014,275.9537658691406,10910698
2022-10-10,272.5673072579149,273.7649627746661,269.3047744720419,270.79150390625,9750594
2022-10-11,271.7413420607075,272.93899758370264,268.52009057360976,269.5112609863281,11018577
2022-10-12,270.87409895119845,273.7649690779184,268.2310214320715,272.64990234375,10735673
2022-10-13,272.5259991002834,273.6410395218355,270.91537352376776,271.4522399902344,7546587
2022-10-14,274.467022634996,275.78854822524454,273.2693671638556,274.30181884765625,6672357
2022-10-17,273.47585731860227,276.49062362060135,272.2369205105713,274.42572021484375,7195922
2022-10-18,275.8298297826807,281.6528504493247,275.49944841618117,281.0746765136719,21691854
2022-10-19,283.387392555128,286.98033271098154,280.6617264534334,286.07177734375,16923690
2022-10-20,286.6086077751515,289.8711661304094,284.79149726928165,288.8387145996094,19186222
2022-10-21,291.729568717296,291.729568717296,284.543715221326,285.4522705078125,28426343
2022-10-24,288.2192496855203,288.83873111025656,286.60862415832094,287.1867980957031,3292671
2022-10-25,288.63222623013723,288.6735337184043,283.8416570300089,286.03045654296875,17906260
2022-10-27,286.31956734460533,287.723708001335,284.0068974229033,285.6175231933594,19273344
2022-10-28,287.062945166563,287.9301931150614,285.03934916865416,285.6175231933594,13572499
2022-10-31,287.4346433394769,289.4995468975155,284.7502582431789,288.0128173828125,14358449
2022-11-01,288.4670683655667,289.49952004883465,286.7738538875155,288.6735534667969,20422565
2022-11-02,287.8475766628655,294.24877163638735,287.8475766628655,292.92724609375,17427813
2022-11-03,292.3904012444327,296.1072117408969,291.56443463062345,292.1426086425781,11149636
2022-11-04,292.3904051502257,294.04231222279236,291.1514421244024,292.05999755859375,8709851
2022-11-07,293.21632322879685,294.3313898669706,289.08651659676076,291.9773864746094,10437370
2022-11-09,291.9773987935478,298.54379789803886,291.72960619683226,297.92431640625,21404869
2022-11-10,296.52022788733814,297.26357956529773,292.4730095340736,294.0423278808594,20071989
2022-11-11,297.3460995498256,298.1307847187009,292.9272194690169,294.33135986328125,11372654
2022-11-14,294.33137689069605,294.82693586425324,286.27824907784293,286.7738342285156,18319254
2022-11-15,288.21925534997126,288.21925534997126,280.1248200675382,285.1632080078125,16046491
2022-11-16,285.53487389943587,286.4847367209948,282.18972645678036,284.2133483886719,7897812
2022-11-17,284.21337701643785,286.98035078256225,282.97444018102414,283.88299560546875,10379179
2022-11-18,283.88295225040315,284.75020004960976,280.6617012640111,281.69415283203125,8140173
2022-11-21,280.0835655895584,280.8269172079522,276.20155135197825,278.51422119140625,9553090
2022-11-22,278.3490578729959,281.65289827612287,277.2752986167039,281.0334167480469,6746019
2022-11-23,282.4788540067165,282.4788540067165,278.7620173361109,280.6617431640625,8067471
2022-11-24,280.6616911226519,282.89177176981025,278.80327313194437,281.44635009765625,8454385
2022-11-25,281.6528504493247,282.39622815678473,279.0097733402139,281.0746765136719,7200274
2022-11-28,280.82694811856436,282.272396376565,279.7944962959014,280.8682556152344,10284123
2022-11-29,280.82692817476186,284.95673517212254,280.82692817476186,282.7266540527344,10582296
2022-11-30,281.85935595842886,284.2546406719797,280.00093773220857,280.826904296875,23425220
2022-12-01,282.2310338897691,282.2310338897691,278.1838162038997,280.4552307128906,17270904
2022-12-02,280.2900723859349,281.4877279790107,278.14257999458243,278.47296142578125,8711914
2022-12-05,278.88589919678276,279.87706955208654,275.99502928900836,278.1425476074219,10090597
2022-12-06,275.95372466215963,279.34015328437266,275.95372466215963,278.5968017578125,6571118
2022-12-07,279.58799403430766,282.0658677860122,278.05995705372226,280.9095458984375,10191144
2022-12-08,280.9921310785629,282.60275684949386,278.76202378915127,279.5054016113281,6439244
2022-12-09,280.62041282855523,282.89180119697886,279.1749910060446,281.9832458496094,8445424
2022-12-12,281.65286003696474,284.1307596357325,280.9095084813154,283.469970703125,11646572
2022-12-13,284.543715221326,285.7826518686154,282.8091934442751,285.4522705078125,11105261
2022-12-14,285.7826945788267,286.8977351103185,283.9242762415949,285.287109375,7664099
2022-12-15,284.7502025087757,285.86524288227514,279.1749744641637,279.8770446777344,8469001
2022-12-16,278.762012546044,279.9183605491572,273.64106151591244,276.77972412109375,12907968
2022-12-19,278.1838552176297,282.7679400128939,276.98622582791455,281.23992919921875,8113695
2022-12-20,280.86821685923945,281.6115684568815,278.1425507060231,280.9508056640625,5693354
2022-12-21,281.652891678751,281.85937679089994,276.284147877286,276.8210144042969,7316532
2022-12-22,277.2339891548351,278.6794110041144,272.4847010607174,274.5909118652344,6838031
2022-12-23,273.3106574917627,274.13662402235815,268.72657335064105,269.84161376953125,10461859
2022-12-26,269.6764342665518,276.7797261273581,268.85049383872786,276.3667297363281,9934633
2022-12-27,277.19269381349454,277.85345662057523,272.69119810816125,275.1690979003906,6986433
2022-12-28,274.9213242160267,276.6971276543581,273.80625745311204,276.2015686035156,8035558
2022-12-29,276.1601786120403,277.3165263471053,273.8474831419103,276.98614501953125,8417520
2022-12-30,277.02747795521594,278.1425445928473,272.9802863053131,273.8475341796875,7228324
2023-01-02,273.3106391836569,275.8711012267362,272.2781876338518,274.9212646484375,6181118
2023-01-03,273.8062725577751,275.33430964354,272.77382072731143,273.47589111328125,6228015
2023-01-04,274.0953268419764,274.6321933273518,269.263449942248,270.08941650390625,6947412
2023-01-05,271.45226701413833,275.7885590204129,271.08057811091294,275.4168701171875,8486143
2023-01-06,276.449333730576,278.8033373751231,275.1278080317646,276.7384338378906,8603181
2023-01-09,278.30769229179083,281.900632050493,277.6469295845003,279.21624755859375,11027747
2023-01-10,279.09242114332676,279.50541757160306,274.67353998290116,275.3756103515625,7217255
2023-01-11,276.779739173355,276.779739173355,273.6410763974821,274.0540466308594,4760847
2023-01-12,275.3755672187192,275.5407448224612,270.9979680628125,272.4433898925781,6894087
2023-01-13,272.4433758617799,274.42569024440866,269.59381366137814,271.5348205566406,14967746
2023-01-16,272.8563791983161,274.3843897904284,270.5436833888196,272.73248291015625,8571826
2023-01-17,272.7325057046308,275.45817191772255,271.82395030026686,274.42572021484375,14240647
2023-01-18,275.87109690402974,277.97730745639035,274.5495715060012,276.4079895019531,13039078
2023-01-19,275.87111972660165,277.23397889959773,273.93011277697354,274.3431091308594,8667564
2023-01-20,274.21923750517345,276.8623149347169,271.9478489744216,276.3667297363281,13608325
2023-01-23,277.52305354205777,279.2988828966497,275.08646143199167,278.9684753417969,7399204
2023-01-24,279.0098233197633,281.4464157834227,278.8446456954824,279.9596862792969,12776694
2023-01-25,279.9183584089669,281.652880400375,276.90359212553494,280.20745849609375,12978859
2023-01-27,282.313610230943,288.1366570138262,282.0658176643802,285.78265380859375,21850457
2023-01-30,286.52605636311534,290.5319667310704,282.3549422107496,284.7915344238281,14634225
2023-01-31,285.7826797040602,293.2163264889536,281.694180516648,291.02752685546875,17794183
2023-02-01,291.5644403392269,302.05413539091774,271.8239609151385,298.50250244140625,67003785
2023-02-02,298.6676336111198,317.74734556244954,297.67648960243076,312.708984375,57892084
2023-02-03,315.4346426300177,315.72371647601835,307.2576196745923,314.4021911621094,23153980
2023-02-06,315.9302934201292,320.6382741400663,313.5349824805341,316.67364501953125,26783409
2023-02-07,317.0866104420805,317.0866104420805,304.3255277315778,308.2901306152344,21438758
2023-02-08,309.5290609057974,311.63527168634687,306.88598364627336,310.1898498535156,10821785
2023-02-09,308.90957327755774,313.86534589236504,307.38153662557113,309.1160583496094,12318006
2023-02-10,307.42286491190487,311.3461600776877,305.85352066847634,306.7207946777344,10674456
2023-02-13,308.08365437884055,309.8594576851963,305.6057546003046,309.0747985839844,10282470
2023-02-14,309.7355973927891,320.18401098988426,308.7031194861325,319.1928405761719,30246745
2023-02-15,320.4781768449944,321.4016217851001,317.79178430847446,320.85595703125,12679568
2023-02-16,320.6880577862099,323.4164348691722,319.84855509867435,321.1497802734375,10151755
2023-02-17,319.8905256882678,322.8287716643076,318.3794315586062,321.86334228515625,7967611
2023-02-20,322.9546573517298,325.3052538338516,320.1003540216937,322.4089660644531,8105569
2023-02-21,323.20655768511017,323.9620914605294,320.4361962256067,320.8979187011719,8577674
2023-02-22,320.68801045477653,323.12254926502857,319.00903193362467,322.2410888671875,9306194
2023-02-23,322.74481324821056,330.7620059629958,321.6114727530318,325.38922119140625,19555814
2023-02-24,326.5645077421095,326.5645077421095,319.8485137168499,323.29046630859375,13407431
2023-02-27,323.29049611026613,324.71764796537934,317.41400412221884,320.85595703125,8455904
2023-02-28,321.1077823154553,322.5768918805146,314.8115528547274,316.2386779785156,16997837
2023-03-01,314.1818999265662,319.34481521626765,313.63623525418024,317.91766357421875,8065784
2023-03-02,318.58928429660216,318.7991532971468,314.5597090253691,315.2732849121094,5212922
2023-03-03,316.49054096598246,323.5423309457619,315.73500724306933,323.16455078125,8495772
2023-03-06,323.9620778799033,329.50277396052957,323.41641314241326,325.8509521484375,11126980
2023-03-08,325.72501321339706,330.0484263258889,323.29047429863346,329.4187927246094,9261146
2023-03-09,329.1669887938517,330.42622947791915,323.7522192644157,325.3052978515625,10005328
2023-03-10,324.84357612206804,327.57192650942363,321.9472879541555,325.72503662109375,8684320
2023-03-13,326.732420792291,328.15957264032426,321.1078088957629,322.0732116699219,9130473
2023-03-14,323.7942222975568,324.42382937267837,316.65848920338294,318.7572326660156,10623744
2023-03-15,319.84855410474245,322.61891562561215,317.3300726560751,318.50537109375,8748113
2023-03-16,319.5127424430228,320.9818787200227,316.364627485881,320.226318359375,16315136
2023-03-17,323.2065353391372,323.2065353391372,310.3202381474808,315.2732849121094,50787703
2023-03-20,313.38439325220804,318.46333984958386,312.29303726156525,318.0016174316406,10512002
2023-03-21,318.00165648015326,318.00165648015326,314.0140387776578,316.4485778808594,12057999
2023-03-22,316.44852971192387,318.0435925137934,314.1399176901358,317.1201477050781,4958761
2023-03-23,316.4905454279664,321.3176655373776,314.3078599013099,319.5547180175781,10127917
2023-03-24,320.2682600185091,321.5275005119195,317.3300144631462,317.91766357421875,10317108
2023-03-27,317.288096993697,322.70286684618475,315.9449139455191,319.1769714355469,11232922
2023-03-28,319.17694399547383,320.9818759931685,317.45598088565663,318.7991638183594,9523719
2023-03-29,319.1769298348087,322.36702906761235,316.61646420259467,321.3176574707031,10551626
2023-03-31,320.68805542360855,322.7867988239288,319.0090766670201,321.9472961425781,9877493
2023-04-03,322.3670265271102,322.3670265271102,317.7497755734311,318.0855712890625,7331070
2023-04-05,318.08557963436516,324.9275006639533,318.08557963436516,324.3818359375,12055499
2023-04-06,324.591702641501,327.65584858262633,322.53491726045695,325.1793518066406,13394394
2023-04-10,325.1793499002608,327.4040198262392,322.9966378104752,326.1867370605469,7044256
2023-04-11,326.18673389143686,334.2039264718616,325.7250114550278,332.44097900390625,18939829
2023-04-12,333.9101112023239,333.95209564371703,329.1669601754004,330.38421630859375,10122932
2023-04-13,332.02125181138524,332.9446967142466,330.51015773342004,332.1051940917969,6292395
2023-04-17,329.83856600767695,337.4779786716556,329.83856600767695,335.9249267578125,11466474
2023-04-18,335.7990011265133,337.47797976938756,333.2804932530353,334.53973388671875,9860308
2023-04-19,332.4829793344839,336.93231935583754,332.4409948905821,334.7496337890625,10119480
2023-04-20,335.79898884640755,338.0236587472074,333.8681302200744,336.05084228515625,6924577
2023-04-21,336.05083994817016,343.35445659053994,335.00146836475506,342.7248229980469,14801099
2023-04-24,344.1939561128873,344.1939561128873,339.32485178856473,343.10260009765625,6212135
2023-04-25,343.10259721867857,347.1741567634121,342.0112412126051,345.49517822265625,9180650
2023-04-26,345.87292911070205,346.712431677691,343.3964324563322,346.08282470703125,7914219
2023-04-27,346.04085775788565,350.4062553632205,345.03347059024406,349.23095703125,13100076
2023-04-28,350.90995450060126,359.51479684583404,347.30011703160113,357.2481689453125,13208557
2023-05-02,357.62596272189217,358.4654388022184,353.5963604694285,356.3247375488281,10648421
2023-05-03,355.94690082718654,359.7246490132277,354.3098801607166,358.59130859375,7607609
2023-05-04,357.0382411418143,358.4653661528044,355.9468852100146,356.4505920410156,8292456
2023-05-05,357.58397346453967,362.578978463399,356.2407904691982,359.9345703125,12890455
2023-05-08,361.82344879965785,363.88020776198437,360.43828134264857,362.2012023925781,7522610
2023-05-09,363.33451927997135,363.62833056708234,353.8481901134796,355.7790222167969,10377820
2023-05-10,355.9049019896942,357.9197027144838,354.43579253572534,357.0802001953125,10130159
2023-05-11,358.67530870562666,358.80123542986723,351.66550301604906,352.92474365234375,16597954
2023-05-12,352.9247513954721,354.8555835326713,349.2729295245968,352.96673583984375,11564770
2023-05-15,352.5889408216,359.89255764989645,351.79142265487985,359.13702392578125,9503538
2023-05-16,360.98391120139394,360.98391120139394,355.5271841877558,355.9049377441406,8302077
2023-05-17,356.07288506748245,360.1024607249822,354.7716598908181,358.9691467285156,9844782
2023-05-18,360.9839237326619,363.040682567462,350.99391424061633,352.33709716796875,24919291
2023-05-19,353.38645758005697,355.19138951321884,345.327280453651,352.4630126953125,26759905
2023-05-22,354.22600218807486,357.41607522050305,351.83342080764004,356.57659912109375,16015615
2023-05-23,357.6259471532527,361.99131836291735,356.11485302589,360.2703552246094,9068926
2023-05-24,359.5568124748358,364.9715824510116,358.4654562686763,363.9222106933594,11921823
2023-05-25,366.8184347059653,371.4356593216248,365.01350269777276,370.3443298339844,18905572
2023-05-26,372.2331203493089,373.3664607131811,368.9591057831118,372.4010314941406,13496209
2023-05-29,373.57638433239805,379.2849650000539,372.8208239793013,377.018310546875,20589822
2023-05-30,378.5340810421522,387.5038840272775,378.5340810421522,386.1734313964844,19627897
2023-05-31,385.6583907555271,387.97595767203387,379.7786593147629,382.3966369628906,14821960
2023-06-01,383.6842103628602,383.6842103628602,376.8173641905987,377.418212890625,9142172
2023-06-02,377.6756973540104,381.881637964553,377.5040146499432,380.5940856933594,9558309
2023-06-05,381.9675208133215,383.5554840410403,377.76157959607434,378.2336730957031,7427630
2023-06-06,378.3623832934819,380.7657779886173,378.01904508042327,380.0791015625,6703067
2023-06-07,381.109123419648,382.5254037767352,380.036181282122,381.06622314453125,7833952
2023-06-08,382.568342319929,382.61126980001274,379.30658833417493,380.1649475097656,7294955
2023-06-09,373.51268476799805,381.70995582008555,373.51268476799805,376.3452453613281,7329661
2023-06-12,377.6757170059225,378.49114868429234,372.39683403052095,375.0577392578125,9054977
2023-06-13,378.5340739069618,383.1691806856377,376.2165069157611,382.3108215332031,16732376
2023-06-14,383.04040760452125,384.32793267131706,380.8945234252868,381.5382995605469,9039402
2023-06-15,381.9674822471672,385.1863086570211,381.7528992605887,384.6283874511719,7787525
2023-06-16,385.40093181236045,391.0660810300958,384.45674481002595,388.9201965332031,12181426
2023-06-19,390.3364491318434,391.32356354688983,388.19056478835836,389.3493347167969,4350517
2023-06-20,390.37929934637066,390.37929934637066,386.3879691252716,388.7055358886719,4644353
2023-06-21,387.975980209531,389.8643540714859,382.01042067086826,383.72711181640625,6292873
2023-06-22,384.5425372089923,385.95884478597384,382.697090857317,384.24212646484375,6892713
2023-06-23,384.11336642917564,384.24212166183725,379.99328059518047,381.7528991699219,6325479
2023-06-26,383.59837410939156,387.460976969883,381.1091514318163,382.568359375,5688287
2023-06-27,382.9116733684778,383.8558602828028,380.3795233692762,382.0533142089844,5052984
2023-06-28,381.96750739402796,386.7742971877239,381.5383413926168,385.70135498046875,12548096
2023-06-30,386.2592493189664,387.93304013384915,383.34083366071934,387.63262939453125,9456776
2023-07-03,387.6325991412775,399.94995536276974,386.30214664819135,397.6324157714844,11111199
2023-07-04,399.1345954746655,401.7096731766668,394.67117098382835,400.2933654785156,8022597
2023-07-05,400.2932995882701,412.56778292695236,398.53368113063436,407.80389404296875,16878943
2023-07-06,409.73524186519836,409.7781693460262,403.8555371781294,406.77392578125,9835812
2023-07-07,406.0013780885266,408.1472622331097,401.36624439695015,402.0529479980469,7605499
2023-07-10,403.42633094153337,404.1988623491033,398.0186926997213,399.8641662597656,6772454
2023-07-11,399.9929153943561,407.3318276357208,399.9929153943561,406.1301574707031,8783282
2023-07-12,410.0785501321813,410.0785501321813,403.81258018675834,405.4005432128906,12816220
2023-07-13,406.7738992013875,409.220221374186,404.28467675429124,405.1430358886719,8214385
2023-07-14,406.00141282113736,407.718103961429,404.58510522527325,405.9155578613281,5277090
2023-07-17,407.28892444643,408.4047668496178,403.9413428294161,405.4434509277344,6325310
2023-07-18,405.61513206815613,407.0314124077616,404.28467948145015,405.57220458984375,5558415
2023-07-19,405.7868136998256,412.3961495805734,401.7954828864581,411.0227966308594,14401395
2023-07-20,411.92403489665855,423.76932589488507,408.83396371516045,422.4388732910156,21030102
2023-07-21,422.1384452121807,427.2027452802702,418.01835927513474,420.97967529296875,14510084
2023-07-24,423.5547346399295,428.919472774112,401.8383804408482,404.5851135253906,40477929
2023-07-25,401.6237788744661,402.13879980516936,390.89435750965157,396.8170166015625,45211370
2023-07-26,399.0487678099579,406.0014422422148,396.6024453526449,405.357666015625,18842179
2023-07-27,407.203106248586,407.8468552185177,395.78698105932125,399.177490234375,14528232
2023-07-28,401.45213724855495,402.95424541008026,397.7612172595792,402.09588623046875,10362522
2023-07-31,402.5679733624371,403.16882205833537,397.847038754469,399.73541259765625,8510403
2023-08-01,399.9929052562195,402.4392002067626,398.10453149712134,398.962890625,6686176
2023-08-02,398.79125281075716,398.96293553714946,393.1261036919994,394.92864990234375,10715605
2023-08-03,394.92861065300184,398.0616092694034,389.9501657308603,391.4523010253906,11026824
2023-08-04,391.66694545474934,396.04454238658985,389.90729942202995,390.5081481933594,7097614
2023-08-07,389.77853349008217,391.8814903834742,387.07470068003323,390.4652099609375,9513953
2023-08-08,392.26775569479224,392.26775569479224,387.160528038295,388.2763977050781,6638681
2023-08-09,388.2763827929899,394.75696314088793,383.5983485127932,393.68402099609375,10134166
2023-08-10,393.89862551816555,394.2419637588224,385.4009156497953,387.7613830566406,13702317
2023-08-11,389.6068336069002,389.6068336069002,381.75290040770386,385.1863098144531,12028396
2023-08-14,385.18630510626537,387.3321893597199,382.01040620449373,385.57257080078125,7854074
2023-08-16,387.1176226200887,392.61108871575766,384.71422780276777,386.4738464355469,15494896
2023-08-17,386.25926638958845,386.25926638958845,377.6757289500683,378.5340881347656,16896158
2023-08-18,378.53405879533585,380.55118776098124,376.38817460177904,379.09197998046875,20068497
2023-08-21,379.3924652235636,384.9717593818017,378.83451676513033,384.37091064453125,9940689
2023-08-22,385.4008752214677,390.6797579257352,383.6841841982633,389.9072265625,10234488
2023-08-23,391.0660006259484,391.1089008966797,385.0575143885174,386.6454772949219,8770272
2023-08-24,386.7742583423534,389.26348074873505,385.65838876553767,387.0317687988281,6322751
2023-08-25,387.0317889070838,387.1176166624597,379.43533886130297,380.55120849609375,9628041
2023-08-28,381.9674512978794,383.55541423659986,378.53404217964237,378.87738037109375,7176903
2023-08-29,380.20788853953746,381.1091480236043,376.98906191915603,377.7615661621094,9845106
2023-08-30,378.53406600187367,381.10911620167593,378.10487283275666,380.0791015625,7648569
2023-08-31,380.25077367486637,381.88166426278127,374.3281416344115,377.418212890625,20666732
2023-09-01,377.6756754805392,381.96744359269115,376.2164677935141,378.5769348144531,11879159
2023-09-04,380.5512188793833,380.5512188793833,374.8002422414889,375.52984619140625,14128562
2023-09-05,376.73154710205716,381.5383368383768,376.388208864281,380.3366394042969,8701612
2023-09-06,381.0662183857372,384.97172118866524,379.39242758395017,384.0704345703125,13358433
2023-09-07,385.22924329069207,385.40089880165283,381.62415111580424,382.7400207519531,8401953
2023-09-08,384.45676112956284,384.45676112956284,379.26373239628776,379.9504089355469,10322317
2023-09-11,382.82588123110634,384.62842747263056,379.95039274132205,383.85589599609375,9679540
2023-09-12,385.3150974708065,389.9502046405092,382.48253651216504,387.24639892578125,14961276
2023-09-13,388.14764959981886,392.26776290387056,387.20346263508355,389.2635192871094,12268130
2023-09-14,391.323535820513,391.323535820513,383.81294115046234,386.21630859375,14986708
2023-09-15,384.58547658403967,388.0618136094338,383.68421711999105,384.8429870605469,15657801
2023-09-18,384.84299127782964,389.6926812927718,382.9975176451221,388.0188903808594,8513132
2023-09-20,387.71850061827604,390.63688940000134,385.87302688564,388.79144287109375,10343224
2023-09-21,388.6626827680115,389.30643178942125,381.5383528272174,384.1134033203125,11132308
2023-09-22,384.1133872235612,384.88591866135266,379.607035447625,380.3366394042969,7795399
2023-09-25,380.33663337876266,381.79581406526216,376.2594476637083,379.9074401855469,6005673
2023-09-26,380.76580094782963,381.538332376587,377.4182191640011,379.7786865234375,5533023
2023-09-27,379.7786864629706,386.08758431524456,376.6457148790023,385.5296630859375,10894817
2023-09-28,386.21632194812275,386.21632194812275,377.3323741461521,378.3194885253906,10610213
2023-09-29,379.3924850447944,382.48255665398835,376.9890899701481,381.4525146484375,8474326
2023-10-03,378.5340627133526,380.16492601214424,377.0319274400804,377.46112060546875,7770032
2023-10-04,377.46115436989305,379.13494529606385,371.92476062833526,374.3281555175781,13912656
2023-10-05,377.6757265216054,378.1048925093312,373.4268853097046,374.28521728515625,10416552
2023-10-06,375.8302289301865,380.76577349254103,374.800214303173,379.5211486816406,8742804
2023-10-09,378.4911471763749,380.42244847223975,375.31524823018594,378.0619812011719,5827256
2023-10-10,378.0620322567774,381.8387804005191,378.0620322567774,381.4525146484375,5207891
2023-10-11,383.85585448811497,385.7871557668888,381.7957979771746,384.75714111328125,7946195
2023-10-12,385.95884797824914,388.4051430421808,382.95460449328624,386.860107421875,12227957
2023-10-13,386.1305122393563,387.8043031329266,383.68421711999105,384.8429870605469,7926432
2023-10-16,384.54257326514346,387.1176509882875,382.99753751274835,385.3580322265625,4377288
2023-10-17,386.08755201155043,390.1218371284394,385.4008756015914,389.2205505371094,7203352
2023-10-18,389.90727986406307,393.29778930443706,387.11764636860767,387.6755676269531,7160492
2023-10-19,386.0447398228843,390.4652644266877,383.5555168660185,386.6026611328125,9830006
2023-10-20,381.9674678638267,385.40087713097085,375.40106005869103,376.21649169921875,13521824
2023-10-23,375.95897908119,377.632769829808,371.75306567489804,374.15643310546875,7555671
2023-10-25,375.0148212342857,375.9590081702813,366.56003908686273,371.40972900390625,11308597
2023-10-26,368.705906299922,374.7572933458955,368.705906299922,372.8260192871094,19525305
2023-10-27,372.8260255716831,374.92898237526947,370.98055203087665,372.3110046386719,13638258
2023-10-30,372.9976610489118,375.22937296590027,367.67587810725513,369.4784240722656,7911426
2023-10-31,369.09216053859353,371.9676486039867,367.2896145631058,367.7187805175781,8952141
2023-11-01,369.09219766402157,370.03638462181203,365.22959487034984,367.4613342285156,8297973
2023-11-02,369.1350977801737,371.4097100435163,367.9334004313936,370.07928466796875,8465990
2023-11-03,371.4955669301622,372.86891979091905,370.03635911281424,371.8818054199219,14334179
2023-11-06,372.0964512103112,374.9290121594388,371.2810194707497,373.68438720703125,7589690
2023-11-07,373.2981300796239,373.2981300796239,370.93763553590844,371.40972900390625,5321353
2023-11-08,371.79598534060756,375.5298327139069,371.0663814168752,375.0577392578125,7248663
2023-11-09,375.78737344952606,375.959028972627,372.43979150805103,372.86895751953125,8085620
2023-11-10,372.86891251152394,375.9589835916255,371.23804922028273,374.7143859863281,4236307
2023-11-13,376.3023389149238,376.3023389149238,373.3839504081949,374.2423095703125,3888975
2023-11-15,376.04483329093347,379.8215807352238,375.5298123835396,379.3494873046875,7722827
2023-11-16,379.3495286654918,381.5383405568395,375.61568108723014,376.5169677734375,11276031
2023-11-17,377.0319519042969,378.96325326454786,376.2165202019907,377.0319519042969,6911592
2023-11-20,377.54696335478775,377.93322905786397,372.9547840084122,374.9289855957031,4502356
2023-11-21,375.22941341727187,377.07488705791997,373.81313297859464,374.4569091796875,6228803
2023-11-22,375.10067305032794,378.0190615906513,373.21227199044085,377.418212890625,5074887
2023-11-23,378.4911256402476,379.6069951974984,376.1735859800582,377.9761047363281,6611803
2023-11-24,378.53405583244916,379.6069979208294,374.97189136347384,375.7873229980469,7084608
2023-11-28,375.95900860246815,376.817367782649,373.2981305087519,373.5985412597656,9082513
2023-11-29,374.24235458855776,376.38823915012097,372.65439130780766,375.2723693847656,14316126
2023-11-30,374.8431490638451,376.34525715789107,372.95477527576713,374.07061767578125,15710110
2023-12-01,375.87318455434155,387.074699876353,375.4440185618797,386.08758544921875,20081576
2023-12-04,390.5510579725975,391.752755460777,387.1176482365395,389.7356262207031,13293194
2023-12-05,390.55104366710236,392.95443855542743,386.3451026125334,387.7613830566406,12603697
2023-12-06,389.6068005413992,398.70535782026695,388.0617650793012,397.6324157714844,21203900
2023-12-07,398.9199628127044,398.962890290366,392.6110653938614,393.2119140625,11746535
2023-12-08,394.7998770071899,396.2161846263528,384.97174185663044,385.5296630859375,19386851
2023-12-11,387.5467814518858,389.3493275315955,385.65840761706403,388.3622131347656,6854157
2023-12-12,389.8643835355376,394.8428290394338,388.276420302644,388.9201965332031,10549319
2023-12-13,391.66692673487756,393.8557114943193,388.92019351204266,391.1089782714844,11718443
2023-12-14,394.8428221410115,395.7011813655176,385.7871908104874,394.92864990234375,14924265
2023-12-15,396.4736590030865,397.3749456496042,390.5510269980168,393.2977600097656,16397959
2023-12-18,390.5510560880987,391.4094153189034,386.55969790653415,387.6755676269531,12490839
2023-12-19,389.1347414653695,393.1260720931,388.0188718428308,391.4952087402344,10664235
2023-12-20,393.98443362414525,394.19901661338577,385.6584068932969,387.11761474609375,10766954
2023-12-21,385.40089173377436,389.47807729462164,381.49538888446534,387.5038757324219,11584223
2023-12-22,388.834316199954,391.32356599323725,386.73135932353364,390.72271728515625,11450973
2023-12-26,391.45228557791097,393.8985804641823,390.29348854404384,391.7956237792969,6097422
2023-12-27,392.26777941470783,393.55530467501916,389.47811868092634,392.3536071777344,7833901
2023-12-28,392.4394013307172,398.8770542846564,391.4952144071042,398.362060546875,21493169
2023-12-29,398.36204296714664,401.6237695761511,396.0015485585568,396.64532470703125,13384631
2024-01-01,397.8470603431591,403.38345414177104,397.11745637256826,401.7525634765625,9706230
2024-01-02,403.4263381690342,404.5851080974229,397.93287207365034,403.7267761230469,10924918
2024-01-03,403.6408968636394,412.610699407938,402.8683926924601,409.6493835449219,24961710
2024-01-04,412.00984030098505,413.25446508333243,407.03139557904353,408.9197692871094,12240910
2024-01-05,411.494898602191,411.494898602191,405.1430730693269,406.8168640136719,9564086
2024-01-08,407.71809516963697,408.1472883482497,398.7482923424567,399.5637512207031,8311403
2024-01-09,401.2804409887197,403.3834249883553,397.9757868226536,398.748291015625,5916180
2024-01-10,398.7482655551929,400.63666644752294,394.8856904295139,397.6753234863281,6123200
2024-01-11,398.36208711528,400.4650440938136,395.78700943972615,397.1174621582031,6786448
2024-01-12,397.6324644529848,401.45213970243634,395.1432418595045,400.5937805175781,9714589
2024-01-15,403.42635918424696,403.8555523975188,400.07877725787444,401.3663024902344,7167978
2024-01-16,401.53794073992424,407.7180829336906,398.4907971207317,405.4005432128906,12531058
2024-01-17,404.62802038529264,409.4348098392072,399.3062372068339,400.5079345703125,11536527
2024-01-18,399.349141029534,401.5808802693785,390.1647552149102,399.5637512207031,9495938
2024-01-19,402.1817139863782,406.00138895410885,400.33624051486,404.7138366699219,12673308
2024-01-23,406.64515567762464,406.64515567762464,391.7527208406185,394.241943359375,8728196
2024-01-24,394.9286481749363,401.1946460030682,393.2119569371608,397.9328918457031,22459072
2024-01-25,397.88999716827067,399.09166744976585,388.0618342792077,391.1089782714844,20435547
2024-01-29,391.3235683388679,392.48233828149625,384.1133837986769,386.08758544921875,18557346
2024-01-30,383.6842314107858,389.43518105083274,375.4440318742717,376.001953125,45190319
2024-01-31,377.6757423653789,379.82162680148224,376.5598726652632,379.0061950683594,20648695
2024-02-01,379.3924432943424,384.3279609474678,377.07487624062026,380.1649475097656,19903526
2024-02-02,381.9675072297848,383.8558811611456,377.2465724013829,377.7615661621094,17816750
2024-02-05,379.39246251908435,380.80874298889853,374.7144278982351,376.001953125,12505666
2024-02-06,377.6757242063142,378.44822842023024,368.66299368578547,370.29388427734375,19487043
2024-02-07,373.3839399508634,373.3839399508634,369.7788478931724,370.63720703125,13376903
2024-02-08,373.85348568627575,373.9406232696203,356.07584440751333,361.260986328125,50039587
2024-02-09,357.3830233416138,369.67052751049914,356.07584909868194,362.0888671875,33527317
2024-02-12,363.8753311411971,364.2674916906546,353.8536253524433,354.55078125,11326971
2024-02-13,354.594343222423,357.99301254890315,351.45711424703876,354.463623046875,16207766
2024-02-14,353.810073006866,359.2566552825192,352.4157335824784,358.6466369628906,12618012
2024-02-15,359.9102525686611,361.26100948205914,351.3264405397178,351.98004150390625,21169031
2024-02-16,352.93863534518886,356.9037408495518,348.0584884974271,352.5900573730469,38963810
2024-02-19,352.9386081144379,359.692364493742,352.59003016919024,356.64227294921875,17602580
2024-02-20,357.6880778097314,357.6880778097314,352.3286325610428,353.8972473144531,14626643
2024-02-21,354.68148590472214,357.38299941308475,349.71420201905624,351.5007019042969,20162369
2024-02-22,354.5943771137186,361.7838769804783,351.5878680265273,361.1738586425781,19321180
2024-02-23,362.43745298945976,362.43745298945976,357.73160904171374,358.51593017578125,11576964
2024-02-26,358.2544765395862,359.9538113149577,354.94294457199726,356.5987243652344,8289561
2024-02-27,357.29588340568495,359.69237410510254,356.03226415387263,358.29803466796875,8083518
2024-02-28,358.29802027340105,359.34378171395946,354.50721790803016,355.81439208984375,8949664
2024-02-29,356.42440777306143,358.21088006238347,352.50285763753504,354.07147216796875,15468800
2024-03-01,356.3372848204357,360.04094973021984,355.1172481779193,356.8601379394531,12873024
2024-03-04,359.25663171220066,359.86664999180675,355.94509996306965,356.51153564453125,7103794
2024-03-05,356.9908877579181,358.5159474971022,352.0236031921604,353.9407958984375,10108373
2024-03-06,354.245817593779,357.25232683748783,349.19139545598193,355.4222717285156,11534613
2024-03-07,355.422242231896,361.60956300525106,351.7621323177054,360.3895263671875,23907135
2024-03-11,363.22180266689134,364.5289770408403,355.55300399076174,356.7730407714844,18298683
2024-03-12,354.245792445932,354.245792445932,348.0148889968415,352.4593200683594,36226074
2024-03-13,379.08222489894086,381.69657345167786,367.01260581088286,368.1454772949219,105525827
2024-03-14,367.709802384273,370.80344943423944,364.26754971111734,365.7054443359375,31949569
2024-03-15,363.57035249882944,373.4613385589126,361.87101765864895,365.2261047363281,76074975
2024-03-18,365.13896487478166,366.62044193009535,363.3089098568447,363.7882080078125,16547358
2024-03-19,364.2675229533733,365.6182798826193,356.1630089967851,356.90374755859375,21803126
2024-03-20,357.2958991887677,363.09105972476596,356.9037386154801,362.26318359375,20364534
2024-03-21,365.13898663973265,367.75333532468477,362.69891313703715,367.0997619628906,19968509
2024-03-22,367.0997046768977,374.41989642377877,367.0997046768977,373.5048828125,40358503
2024-03-26,370.8469775031,374.0277893005211,370.8469775031,372.6770324707031,10669833
2024-03-27,372.110596906979,373.76637683110386,371.63129873341626,372.9820556640625,12698464
2024-03-28,372.98202537113855,377.55714895063414,372.1105666848334,373.28704833984375,29009002
2024-04-01,373.94064999194785,375.9014252800758,371.02127836187066,371.84918212890625,9743648
2024-04-02,373.592026579895,373.592026579895,370.01908203422835,371.1083984375,9194659
2024-04-03,371.23914520830874,373.679218545448,366.88187928309895,370.5419616699219,13152268
2024-04-04,370.84699479060345,372.4156094618312,365.9232929984776,368.40692138671875,19065447
2024-04-05,368.1890562257562,376.20643221522545,365.96684064487147,372.58990478515625,16768902
2024-04-08,373.24345690797344,375.94497048593604,372.76415878467856,373.94061279296875,8844633
2024-04-09,375.1171315326912,376.0321452699147,370.8470029815778,371.5441589355469,6967273
2024-04-10,373.24344743864197,381.52226312429957,371.0212320403527,380.7815246582031,14547618
2024-04-12,379.0822008973071,379.73580180355174,373.24345819780376,374.81207275390625,18785009
2024-04-15,372.9820018617095,373.98418066873637,368.5375987462391,371.1519470214844,9083087
2024-04-16,368.84259407683487,372.11054323033323,368.79903909754034,371.1519470214844,10357752
2024-04-18,371.2391432432269,372.0234367437925,363.96250587237773,365.00823974609375,22133191
2024-04-19,364.26748550568493,371.4569849814609,362.52459579138616,370.1498107910156,17221280
2024-04-22,372.1105692692811,372.63345000847283,368.92978508955906,370.6291198730469,7386048
2024-04-23,370.62913183698697,375.1606729933093,370.45482904533475,374.0278015136719,12484384
2024-04-24,374.07135278062805,375.42210964113116,373.243476671,373.766357421875,6070285
2024-04-25,375.5963903762039,381.95798612312706,373.8534730548878,381.3044128417969,30337038
2024-04-26,382.78585224176186,386.3152417734805,380.3022241232242,383.439453125,15342965
2024-04-29,385.182412263794,385.5745452174713,378.7336507842141,381.8708801269531,12075706
2024-04-30,383.3958986847647,383.8751968280465,379.16935297976505,379.6486511230469,12528665
2024-05-02,379.9536751869483,385.70525292282576,378.9514962957991,382.5680236816406,24123523
2024-05-03,383.48305142686223,383.48305142686223,375.9013913463709,380.3457946777344,23786388
2024-05-06,381.696586307185,383.8316643954197,377.6443431520748,378.8643798828125,10753860
2024-05-07,380.73796727495403,388.6682055521619,379.2564902446458,383.7444763183594,26969062
2024-05-08,384.52880137635015,387.5353104505702,381.87087026244257,384.3109436035156,10916481
2024-05-09,383.4830455341657,384.74663711557434,368.92977152540453,370.4548034667969,24314298
2024-05-10,371.6748545706709,380.2586660910364,371.6748545706709,377.6443176269531,14524604
2024-05-13,377.5571672805197,379.47438753102364,374.2892177623848,376.337158203125,7584217
2024-05-14,375.1606568754472,377.6007301404288,373.4613221101125,374.4635009765625,11423749
2024-05-15,375.3785050214278,377.5571378637732,371.89269799745216,372.8077392578125,7856433
2024-05-16,374.72493380168805,376.99070423690523,368.5376131811202,375.988525390625,23911954
2024-05-17,376.8164487683138,381.260852290136,373.7663570890688,380.2151184082031,11894830
2024-05-21,379.9536900005545,380.91228632724113,377.5136165803025,378.9079284667969,11175153
2024-05-22,381.1301706793296,385.13885906081475,379.4308356873836,383.3523864746094,11036895
2024-05-23,384.65951888111425,387.70961053618345,380.4329731658347,384.6159362792969,27244733
2024-05-24,384.310951047624,385.5745427258716,379.34366668390487,380.1279602050781,13252938
2024-05-27,382.3937588680947,382.48089645524146,375.33497907481865,376.0321350097656,12282545
2024-05-28,376.5550294949917,376.90360747517,373.1999146503608,373.853515625,9668761
2024-05-29,370.80339947365115,376.8164451895943,370.80339947365115,375.5528259277344,10832067
2024-05-30,373.4177796163997,375.55282998521824,368.0583347743574,369.3655090332031,21314885
2024-05-31,371.89269646253956,374.33276965491694,369.71406362918606,371.6312561035156,29300711
2024-06-03,378.21078029410506,378.9951014605376,373.548518756603,375.02996826171875,16116836
2024-06-04,378.0819920118962,378.34825137293643,357.5359728112726,368.4967956542969,47791986
2024-06-05,374.5319094827672,386.95715897011706,371.0262361922414,381.8983154296875,28197030
2024-06-06,386.95714028519546,388.4658963975464,382.60830317461443,386.42462158203125,32318523
2024-06-07,382.8745928945324,391.97162873664547,382.60833352183147,389.7528381347656,29543660
2024-06-10,390.50722975348344,391.3947516185539,386.82404073501334,387.75592041015625,11872688
2024-06-11,387.844704269185,388.55471053198954,383.6289963758289,384.29461669921875,13158571
2024-06-12,382.1201976859324,385.53712730991356,381.80955237758644,383.67333984375,10751658
2024-06-13,387.7559089354638,387.7559089354638,381.4101826375395,381.8983154296875,9641349
2024-06-14,382.51961078485255,383.3183608188586,380.78895289520483,382.6527404785156,9572809
2024-06-18,384.29460735192566,385.3596448481991,380.0345417507453,380.5226745605469,14641141
2024-06-19,381.6320579972225,382.2976782837194,375.4638191590513,375.996337890625,11329972
2024-06-20,376.351347889539,378.5257525366393,374.08817136690516,375.6856994628906,15147549
2024-06-21,377.1945010103919,377.46076039319195,371.47000866410593,372.40191650390625,26176371
2024-06-24,372.7569026415791,376.26257601400545,372.7569026415791,375.6856994628906,9723008
2024-06-25,375.41944009223124,376.3069619517722,372.53502920868647,375.6856994628906,10655609
2024-06-26,375.41943732662446,378.43700600124004,374.5763014110614,376.2625732421875,11511714
2024-06-27,376.2625936563807,379.19141874299106,373.7331857724581,377.7270202636719,38438054
2024-06-28,377.63820346560334,379.8569938905909,375.86318800239445,377.105712890625,18554411
2024-07-01,378.3482763390493,381.8539498161556,376.8838497566948,380.7889404296875,13391362
2024-07-02,381.6320790804071,382.20895565283456,375.02006489132174,377.63824462890625,11177863
2024-07-03,378.1707597480842,381.32143008834834,377.63824099221983,380.123291015625,7435499
2024-07-04,381.6320763766379,382.9633451417158,379.0138966576025,380.7889404296875,9478861
2024-07-05,380.7445568579234,385.1821381877556,379.5020318353326,384.87152099609375,13427543
2024-07-08,386.20279301541757,394.54543698466966,384.8715242308732,393.7023010253906,21311436
2024-07-09,397.25232986369844,403.81995765649066,394.05727377595514,401.6899108886719,27489709
2024-07-10,402.6662006020045,404.1306271806451,396.2760880434586,400.6693115234375,12065662
2024-07-11,399.38239433526815,407.81380990765183,398.22861309156133,407.0594177246094,19556596
2024-07-12,407.0594560726936,411.14203455660714,404.5744058539659,407.4144592285156,19693114
2024-07-15,407.4144416236789,413.9820700425255,405.7725274869741,411.275146484375,16876907
2024-07-16,411.3195010056231,414.24832611511465,409.5000993772223,413.18328857421875,13497253
2024-07-18,410.9201136086524,417.9314884137471,410.60946830322706,417.3545837402344,21907158
2024-07-19,418.0202585325393,425.47540879743394,416.6002178558093,421.1709289550781,25939326
2024-07-22,421.2152745186909,425.51972582046176,413.4495078011498,414.0707702636719,18762384
2024-07-23,414.07078883419376,441.4506680930601,413.93765914854197,436.8355712890625,56125835
2024-07-24,440.20813578403585,453.210261927794,435.4599375014016,438.47747802734375,43693692
2024-07-25,434.8830418921205,440.20814495659073,430.13484351054876,434.83868408203125,18567567
2024-07-26,438.4774780631656,449.43830114712074,432.57549856626446,445.71075439453125,21534703
2024-07-29,448.63953149070636,449.26079394354224,438.4774588253125,440.25250244140625,12978187
2024-07-30,440.47441788326415,441.8056866583547,433.6849161895334,434.7943115234375,13891052
2024-07-31,437.057492794329,441.9388210644049,435.3268349298526,439.63128662109375,11982586
2024-08-01,440.1637898116665,440.8738242304474,435.72620830215726,438.1669006347656,12114803
2024-08-02,430.26797086538403,443.2700690816439,430.26797086538403,434.08428955078125,22141163
2024-08-05,426.0522602329523,436.56933654734354,425.60848524167875,431.3329772949219,25022076
2024-08-06,431.5548877403152,436.3918583538408,429.602356369564,431.5992736816406,14251363
2024-08-07,434.8830345877464,439.8531344481693,433.19676276137596,437.2349548339844,11320399
2024-08-08,438.4331345718136,441.98319394772153,437.1018376938733,439.0987548828125,21349889
2024-08-09,441.98320282176905,441.98320282176905,437.6343652317819,440.1194152832031,9556181
2024-08-12,436.65807241158785,443.75819086408256,436.65807241158785,438.9656066894531,9425644
2024-08-13,440.1637430579755,441.8500429794937,433.3298840108808,434.8830261230469,8056478
2024-08-14,436.61369785563306,442.87070869735584,434.7942963223527,436.8355712890625,9609981
2024-08-16,438.87685934648994,447.48576204116245,437.23494536502176,446.110107421875,13643352
2024-08-19,447.97393247220106,452.01212479668385,443.40322137860943,445.0451354980469,10591508
2024-08-20,444.645738066525,446.7757849749655,441.7169411474016,442.6932067871094,6888634
2024-08-21,443.75819937308097,451.7458679452625,442.91506345507685,448.5508117675781,8801221
2024-08-22,450.7252447462828,451.30212133109177,445.04513826702214,447.79644775390625,8686423
2024-08-23,448.24017431856487,449.9264461841349,443.7138493421569,448.90582275390625,8195369
2024-08-26,449.0833064910477,450.8583502184477,445.53324716421866,448.8170471191406,8126402
2024-08-27,450.4589802075658,450.50336614741735,443.7582222004659,444.2907409667969,8260450
2024-08-28,444.11321976952377,445.79951979911414,440.65193221566744,441.3619384765625,8081932
2024-08-29,441.9832074702022,450.5921108617591,441.4063027627872,448.2845764160156,19389694
2024-08-30,445.4888768545288,451.87901762056,443.9357346345459,445.44451904296875,15523349
2024-09-02,447.30830387252314,455.20720087112886,446.6870413627012,452.6777648925781,16497266
2024-09-03,452.67776768740197,457.9141271779408,450.769622334864,452.10089111328125,12481552
2024-09-04,443.7582030567318,452.677751368125,443.71384524676586,449.3939514160156,8739052
2024-09-05,451.16898926523896,454.3196878148697,450.01523610168874,453.69842529296875,11318636
2024-09-06,454.4083891154112,454.4083891154112,441.2287758223232,445.2669677734375,14245025
2024-09-09,445.5332646679885,454.98530397420916,444.06886619293823,454.1865539550781,14265060
2024-09-10,454.3196763029774,457.0709575777058,451.5239809612763,455.8284606933594,11332248
2024-09-11,455.29594052025584,461.06479055779437,454.36403269993195,456.49407958984375,15497555
2024-09-12,457.15972630822966,461.95231069647195,451.3464903537594,461.0647888183594,19085324
2024-09-13,461.06478122957145,461.50852809733834,454.4084094452432,456.0503234863281,9165077
2024-09-16,457.8697459360179,458.84601159207153,452.36715513571806,453.60968017578125,7821668
2024-09-17,453.56527143027444,455.78406201482926,449.30517775626555,450.636474609375,10889862
2024-09-18,450.72523863670733,454.76343093157726,448.2845745094767,450.2814636230469,5638729
2024-09-19,452.63337290269794,456.89346666395045,450.4145822727039,451.0802307128906,14461616
2024-09-20,454.4084053209533,459.15663177722325,450.8583460271267,456.5384521484375,24725118
2024-09-23,457.4703364918065,461.0203958219378,455.8284505768036,458.8016052246094,8105508
2024-09-24,458.8460194599906,459.5560257442093,456.3166115244718,457.2928771972656,7015487
2024-09-25,457.51473537232573,460.88730730174024,454.67468220228506,459.3341369628906,8802667
2024-09-26,459.4228959190351,464.836771186585,458.84601932926836,463.9492492675781,16086557
2024-09-27,461.730441478933,469.0524337523458,461.730441478933,463.90484619140625,17916386
2024-09-30,462.041073483364,465.3692595674388,456.22783728937105,459.8666687011719,10936940
2024-10-01,459.86667475733265,461.28668733714517,456.18348548447455,458.1360168457031,5285319
2024-10-03,451.3464911442906,457.6922177343659,450.9471020792447,455.0740661621094,16481353
2024-10-04,452.6333999628257,459.15667068272745,445.13389168557245,446.908935546875,18930962
2024-10-07,449.97085980040646,457.0266211371439,449.74898635096883,452.8109130859375,17114457
2024-10-08,452.63339702416863,454.89657371344003,449.0833374525847,450.8139953613281,9868331
2024-10-09,452.4558677197935,452.4558677197935,435.37116365980967,436.3918151855469,24874940
2024-10-10,439.63128105582945,439.8975404359125,434.39492158878744,436.7024841308594,13292273
2024-10-11,437.54558543136966,438.3887213162133,432.57548573801415,433.2854919433594,14949380
2024-10-14,435.7705826929564,442.8707297967612,433.6849216890066,441.0513000488281,6970606
2024-10-15,441.9832111625406,443.2257362116992,438.87689853964406,442.4713439941406,8347216
2024-10-16,440.2081640936547,442.73760011362725,436.9687218016791,437.7231140136719,6939430
2024-10-17,439.3206464164686,439.3206464164686,433.1080492847109,433.90679931640625,7669729
2024-10-18,433.77365572961855,436.25870575391593,424.58787595548876,431.9542541503906,22616838
2024-10-21,431.95423781408044,432.7530159179544,423.65595210991864,429.247314453125,7680088
2024-10-22,429.24732175988674,433.46302952571807,426.71788584919966,427.60540771484375,12772970
2024-10-23,426.89538850044147,428.93666341421607,425.5641198064172,426.3185119628906,10553961
2024-10-24,427.7829319671288,428.1379350949523,417.13272562053703,418.6415100097656,13596626
2024-10-25,422.2803161165742,437.98936636836663,420.86030359535795,428.0491943359375,32154050
2024-10-28,427.73853932024565,431.24424086047924,422.45782216873073,429.6910705566406,8946214
2024-10-29,430.4454495599473,434.1730244214629,427.1616496836426,433.0636291503906,7131161
2024-10-30,433.0636412897533,437.76748187143,431.7767303629288,436.2586975097656,6640080
2024-10-31,436.6581074335961,437.5456293433338,430.17922280768573,433.81805419921875,8111694
2024-11-01,435.7705850330851,436.74685069430546,434.26180060102746,435.1493225097656,1517892
2024-11-04,437.9449648846851,437.9449648846851,425.60848700060944,430.0904541015625,8754385
2024-11-05,428.6260890085853,430.48987661737266,423.3009855731891,426.1854248046875,7610046
2024-11-06,426.18541135723177,429.91298645719,424.2328800557218,426.9841613769531,11749720
2024-11-07,427.5610311124764,428.4041670029908,422.5465454495721,424.1440734863281,9267980
2024-11-08,424.14409199348466,426.62914196530926,421.21529515296464,424.2772216796875,6325023
2024-11-11,424.2772299880931,427.3391565747761,420.771556524025,423.30096435546875,5700343
2024-11-12,423.8778475255531,424.1884646983555,418.153355581329,419.6621398925781,5236095
2024-11-13,417.1771207432275,421.30405680700125,415.57959256886795,419.08526611328125,11548660
2024-11-14,418.19778263445596,419.75092490711046,410.25449937906205,413.5382995605469,12087836
2024-11-18,413.58263748083095,415.1801655090349,410.0325783212632,414.0707702636719,8448573
2024-11-19,415.35769691286504,420.4608983587322,413.80452663353714,414.7807922363281,7121472
2024-11-21,409.14507908254996,411.8520025055283,404.17497910804383,405.7281494140625,20313155
2024-11-22,404.8850054252185,422.90159059798174,404.2637428976069,421.25970458984375,20214206
2024-11-25,425.12034734197664,427.9604003657754,419.26275380237485,423.1678161621094,14427013
2024-11-26,426.00790505967507,428.3598254865603,420.7715735570813,423.3453674316406,6791715
2024-11-27,423.78909717178095,426.0966596925035,419.79529089140067,423.30096435546875,7339184
2024-11-28,423.34532426600987,429.3804333184387,417.62083238305877,421.4815368652344,14967609
2024-11-29,419.9727756769193,425.03161943508326,419.4402569251216,423.12347412109375,8668142
2024-12-02,422.45784823353785,425.38664526883133,420.15031373251634,423.5228576660156,5689595
2024-12-03,413.5826986131527,420.15032731230485,410.69825929766745,419.39593505859375,23073942
2024-12-04,421.0378448350006,424.4103888420172,413.93769741312286,414.5589599609375,13957078
2024-12-05,414.95835689008095,419.5734260798688,410.4763892727913,414.9139709472656,27432375
2024-12-06,417.1327297650406,421.5259532874458,415.09145472778096,418.15338134765625,7842234
2024-12-09,418.4639928040686,418.9077678081534,410.87574120351246,412.6507568359375,12154116
2024-12-10,413.0057997049072,413.9820653621883,410.5651074337324,413.09454345703125,9163636
2024-12-11,414.64764990839933,415.5351717369577,412.42885940098836,412.9169921875,7005617
2024-12-12,413.13893783213524,415.2689566944341,407.5031890897079,408.79010009765625,13380617
2024-12-13,408.2575584671943,421.0378115655174,400.84679442097826,417.1327209472656,32976794
2024-12-16,417.3546262796443,421.0378437429753,415.35773707139464,417.22149658203125,9354160
2024-12-17,417.1327264699478,422.2803140258282,410.96448733951416,416.73333740234375,20608409
2024-12-18,419.5290388678347,420.5053045175723,414.38142310888753,417.5765075683594,12841386
2024-12-19,416.24517481851433,420.99340109521216,412.9613750183089,414.0707702636719,15161531
2024-12-20,414.02640741203714,414.8695714730185,407.63629494293747,412.384521484375,20231570
2024-12-23,418.1977397754907,423.9665895043808,415.00265554758255,420.9046630859375,19562956
2024-12-24,421.4815623327857,426.22976080207064,419.48464513072406,424.6322326660156,12009880
2024-12-26,426.49602063096154,427.64980189132285,422.4578284116542,423.30096435546875,9188830
2024-12-27,425.78600188340243,427.69417528170976,422.4578160167487,424.7653503417969,16906420
2024-12-30,426.67355353066995,427.294816060941,422.45784551297163,423.3453674316406,13578360
2024-12-31,424.6322177071176,430.1348363036615,421.1709021796047,429.247314453125,13787501
2025-01-01,431.3329818602233,432.08737403819936,427.9160522183077,429.5135803222656,18931186
2025-01-02,430.75611694752047,434.8830529409553,428.0491934724373,434.0399169921875,27131131
2025-01-03,435.104912655584,435.7705610825458,425.8747471935482,427.42791748046875,38500784
2025-01-06,419.9252791514133,425.5937117000597,406.698917785926,407.9892883300781,22009958
2025-01-07,410.6161621050003,412.5517321310893,405.6850757448119,406.5606994628906,14294780
2025-01-08,408.3119532648956,416.6533035871767,402.8739441630344,414.34906005859375,13482926
2025-01-09,414.2108186154645,424.57991468291425,411.12312660534036,414.85601806640625,19732649
2025-01-10,414.71772931211405,416.60719760759747,407.8510728791192,410.0631408691406,9145729
2025-01-13,400.93837089441075,409.23364753360545,400.93837089441075,404.6712341308594,17799607
2025-01-14,406.468518001142,406.92936666100724,401.72178243012405,402.4130554199219,18048459
2025-01-15,402.4130970558666,407.2059067375744,401.2609752869984,403.1043701171875,9786805
2025-01-16,403.74953568775027,405.0399345529054,397.34375562074734,398.95672607421875,15774070
2025-01-17,399.09493871318983,407.20586386079185,398.63409005416764,405.7311706542969,11270061
2025-01-20,404.6251056122919,406.65285087793734,401.8600137743947,403.4269104003906,8742771
2025-01-21,403.70347138071133,411.99874818990406,401.16880346679136,403.2886962890625,15686500
2025-01-22,405.45465494630946,407.34415137338146,402.36696322633964,402.78173828125,9619648
2025-01-23,400.9383333492785,407.25196560347604,400.10881138863255,405.7311706542969,8888248
2025-01-24,404.99380003866463,410.1553106977586,404.6712003484769,407.02154541015625,9665384
2025-01-27,406.28420939984284,410.1553497951661,402.36699538494514,405.6390380859375,10480203
2025-01-28,405.54686138859637,407.2059054794515,400.4775256212389,401.3531494140625,20813072
2025-01-29,401.81396017503766,403.24257977791996,396.4220251969846,399.41754150390625,15158510
2025-01-30,399.0949602480921,403.70344708698457,397.66634057922397,402.0444030761719,22496695
2025-01-31,402.32089335691995,413.10476360530413,401.0305226922514,412.4595642089844,13546181
2025-02-01,412.9204004159707,434.58028749136196,405.13204679086533,426.3310852050781,30393007
2025-02-03,425.8242034381593,428.77364640147414,416.88372730958895,418.7732238769531,16991730
2025-02-04,422.1373715457356,424.3033658681254,413.6116713562202,419.5105285644531,18923681
2025-02-05,419.51056712020244,420.1557665531382,411.5378902142114,413.0586853027344,12836283
2025-02-06,414.7638001060609,414.7638001060609,403.8877828211345,406.5606994628906,17469129
2025-02-07,405.5468369559543,410.6161724179037,394.8551419924304,397.1133117675781,18875982
2025-02-10,393.5647642710035,399.37144626315796,393.103915600897,393.7491149902344,12227140
2025-02-11,395.2238434422364,396.836813931307,384.80867382114087,385.5460205078125,14288751
2025-02-12,386.80994975406657,387.4185038147077,381.61379694988227,383.76715087890625,13884574
2025-02-13,383.8139869931189,387.55897028927046,382.92454203150083,383.5799255371094,12989029
2025-02-14,385.49918673722794,389.6654917445899,382.3627577670518,384.0948181152344,14124236
2025-02-17,383.6735266720701,385.1715257026187,380.8179883419268,382.550048828125,11975265
2025-02-18,381.98828064755554,384.6565868517638,378.243297503952,379.4136047363281,12998403
2025-02-19,378.9922963842513,382.7372796630362,378.7114340671244,380.49029541015625,7079032
2025-02-20,374.4515396266307,378.14969359579993,370.9406176845331,376.4176330566406,15355585
2025-02-21,376.4175887530304,377.5410950710494,373.7493112486519,375.3409118652344,8240986
2025-02-24,374.49832980990334,377.6815598988965,373.3280225292474,376.2771911621094,7037625
2025-02-25,376.3708172507043,381.05204632098673,374.96644852961964,379.03912353515625,15760891
2025-02-27,379.03910612899966,380.5839059368619,374.0301855394252,375.9963073730469,19051003
2025-02-28,373.5620607013944,376.8389208829856,367.1956009202271,369.81707763671875,31954776
2025-03-03,370.7065321930963,373.5620704254616,366.2593646880312,372.11090087890625,10702826
2025-03-04,370.19155946983375,371.8768189431307,367.80414426427035,369.6766357421875,13404774
2025-03-05,369.34893741865807,386.4354218493058,369.34893741865807,379.226318359375,15665018
2025-03-06,383.06496126915613,383.57991359952393,375.01324171862086,379.8349304199219,17869996
2025-03-07,377.82199696260744,379.97537953583947,376.08996501773333,378.1496887207031,11180761
2025-03-10,375.48135271072846,380.9115952921479,374.8727986777293,379.1795349121094,9785018
2025-03-11,375.902673045256,382.36276308182994,375.6218107457345,380.30303955078125,11099475
2025-03-12,380.49028283582663,386.9503730638485,378.2432986572043,386.1077575683594,13844306
2025-03-13,386.66950472868797,387.9802430981233,382.17553644149433,385.7800598144531,8196569
2025-03-17,386.66952781576737,389.7123267634701,381.052052835393,381.9414978027344,5257805
2025-03-18,383.86074286990106,385.68643344159955,381.7541900126882,383.01812744140625,13861897
2025-03-19,383.8607709374216,384.56295527450226,376.9325578592833,377.3538513183594,12830387
2025-03-20,379.17954934766647,380.72434920469203,376.27718165061447,378.1965026855469,16994037
2025-03-21,380.06900971850354,381.5201793399715,376.08996490330134,379.6944885253906,25302035
2025-03-24,381.0520466941976,386.5290904261833,379.7413082676257,384.7033996582031,14362572
2025-03-25,385.73324448631945,388.77604313821394,382.6436449762537,383.6734924316406,20338110
2025-03-26,384.14163817608556,384.9842822489654,380.34985413594273,381.3797302246094,13891436
2025-03-27,381.98828786888856,384.5161629673909,379.78810451603715,383.3458557128906,18642328
2025-03-28,384.70338591875066,389.10375252075136,382.12871001952664,383.626708984375,12981873
2025-04-01,383.67353391685737,387.9802704965241,379.74131853086607,380.724365234375,15206240
2025-04-02,381.0988219723193,383.8607583698592,380.1625762201977,382.9713134765625,8001323
2025-04-03,381.09882796400086,384.0480249871138,380.77116480316903,383.29901123046875,7059566
2025-04-04,381.520173295444,386.4822647340628,378.7114358233303,383.5799255371094,18627592
2025-04-07,365.27629507252,382.0819186994949,365.27629507252,380.16259765625,26762866
2025-04-08,385.639645397668,389.29099836095855,381.2861080732848,386.2481994628906,18600796
2025-04-09,386.66952496818857,392.3338007695701,385.0310947776454,389.7591247558594,21785572
2025-04-11,393.2232079835811,395.51702145893296,390.4144707836984,394.67437744140625,8939356
2025-04-15,401.8366972313636,401.8366972313636,392.2869789172459,393.59771728515625,11685880
2025-04-16,391.3507297543969,398.8874967335651,391.3507297543969,397.3895263671875,13034594
2025-04-17,397.9044638020452,400.5727700384027,394.6744043729881,400.0110168457031,22410217
2025-04-21,400.76000152305585,401.7430767519647,394.6276029884348,395.89154052734375,27388236
2025-04-22,398.7939022404639,407.0796545529523,396.5468895062768,405.9561767578125,32031936
2025-04-23,408.39042088422286,409.5607281098517,401.5090086831345,403.3815002441406,19566317
2025-04-24,404.317736314244,408.2499513547456,401.9302924881275,402.6324768066406,26064089
2025-04-25,402.63249298157206,405.11356719755287,396.3128338610747,400.52593994140625,22944377
2025-04-28,399.4492355949674,403.05378737531595,397.67037441966426,401.462158203125,6287095
2025-04-29,401.5558052623093,402.21118873045583,397.90445247166593,398.8406982421875,11189930
2025-04-30,400.151441347787,401.9303026184644,395.0957198414577,398.6534423828125,10026546
2025-05-02,397.06183232395665,403.990045229964,397.06183232395665,402.1175537109375,9263372
2025-05-05,402.8197624517931,410.5437904360518,401.9771469315377,409.0926208496094,11525305
2025-05-06,409.60755115118997,411.6204739738847,405.3944449107777,407.7818603515625,15026568
2025-05-07,405.76890647461266,407.2669054042834,402.30481430744925,403.662353515625,9710361
2025-05-08,401.6494314878609,403.9900458904708,396.54688066139005,403.1474304199219,19937960
2025-05-09,398.7939183424925,401.7898878224534,396.031981745509,396.5469055175781,8226512
2025-05-12,402.1175715800131,408.3904298762828,400.85363403411344,407.73504638671875,8031891
2025-05-13,407.1732884018215,410.02885520481095,398.23215253511023,400.61956787109375,14976369
2025-05-14,399.8706113129977,404.31777913456966,398.7471048556076,401.74310302734375,9557309
2025-05-15,401.7430504961949,407.64138719634747,398.84068300407523,405.06671142578125,24263510
2025-05-16,407.17328847071144,408.3904251412249,404.5518116867584,407.92230224609375,16402035
2025-05-19,407.266912756039,410.54377297361634,405.0667294669892,407.5946044921875,7543854
2025-05-20,409.13940063587995,412.69712312567145,405.30078727250276,407.17327880859375,9868414
2025-05-21,408.7649303606408,410.2629293856914,404.4581938781033,405.3944396972656,5776672
2025-05-22,405.3944162358384,405.3944162358384,395.9383282951614,398.934326171875,19451749
2025-05-23,406.3306853522196,411.01191444613914,401.6494562583,408.4840393066406,18536884
2025-05-26,410.30973168302756,415.2718231131618,408.90536294937203,414.66326904296875,13107662
2025-05-27,414.6632730298236,415.8804097538671,403.381522189769,406.237060546875,26986022
2025-05-28,398.2753781298962,402.9475037342144,393.79393430833676,400.65911865234375,431851622
2025-05-29,402.37538231693094,403.1381676108757,397.22650883681956,399.2765197753906,21478547
2025-05-30,399.61025828083166,400.5160622005545,397.03580693342064,398.60906982421875,30656239
2025-06-02,398.8474376645607,400.8974777159352,395.2718270145734,399.8009338378906,14973380
2025-06-03,399.5149278857097,402.0893793944988,396.32070963544066,397.5602722167969,13216486
2025-06-04,397.7509287646849,399.5149025311001,396.60675079881145,397.60791015625,12598933
2025-06-05,399.0381564747108,401.37423378518696,396.4160419459044,399.6102600097656,13212523
2025-06-06,400.7544518057209,401.7079480309055,399.5149183523392,401.4695739746094,8774988
2025-06-09,402.375397024289,403.9009967663349,400.94515272206996,403.3765563964844,10473123
2025-06-10,404.75914276623337,408.62079079284285,403.3765616168375,407.14288330078125,13041075
2025-06-11,408.0963712404173,408.1917266795449,405.09286404746234,406.3323974609375,20789182
2025-06-12,407.1428518408551,407.3335627082408,400.0392939574362,401.421875,18508835
2025-06-13,395.70092072544685,399.8486349912841,394.27067643366814,394.6520690917969,17873926
2025-06-16,395.65327347360335,399.4195661344484,394.0323182383462,398.75213623046875,7006629
2025-06-17,398.65677784510535,399.5625818006199,396.3683927227586,397.98931884765625,9028406
2025-06-18,397.6079031209599,398.99048420762057,395.60555534311806,396.5590515136719,8036215
2025-06-19,396.3206894558478,398.799785393935,395.51021186668925,396.6544189453125,12601006
2025-06-20,396.6544118043789,399.9916484421562,396.6544118043789,399.0858154296875,13203184
2025-06-23,397.60791311448514,398.08466121174473,392.6020580932596,394.6520690917969,14839890
2025-06-24,397.51258055441934,401.0881914896625,394.50907318849437,395.0811767578125,16690068
2025-06-25,397.0357918303469,398.7044100961672,395.7962584722378,396.9881286621094,9946718
2025-06-26,397.7986102268212,401.32652856542074,396.89277723401676,400.7544250488281,13703918
2025-06-27,401.4219047765532,402.37540098742386,398.370705262409,399.1811828613281,21409935
2025-06-30,400.27768502039476,401.1835180314217,396.46370029757674,397.08349609375,12317124
2025-07-01,397.60790154563335,399.3718752738479,395.6055537757248,395.7962646484375,13670465
2025-07-02,397.512538667108,397.512538667108,392.5543761517345,393.7462463378906,15990899
2025-07-03,394.7474217316605,396.65441410717574,392.125307215327,394.1276550292969,14185298
2025-07-04,395.60555949045533,395.70091492818915,392.60205234140216,393.3648376464844,8256733
2025-07-07,393.7939474948049,397.7986433459749,392.8404512538974,396.7974548339844,6845218
2025-07-08,396.7974565033287,398.656785820279,395.3672121359503,397.79864501953125,6807192
2025-07-09,396.84513753591426,400.7544487506528,396.13001537247743,399.9440002441406,9930533
2025-07-10,400.75444928229246,400.75444928229246,397.0358198471668,397.46490478515625,6220360
2025-07-11,397.6079166905238,398.6090760644153,396.1776723858816,397.4172058105469,8578844
2025-07-14,397.6555793753181,400.42074163962934,397.1788312743534,399.89630126953125,6896989
2025-07-15,401.3265570457718,402.75680138955454,399.5149200299927,402.47076416015625,8532755
2025-07-16,402.47075168839604,405.66496977687433,400.7544410700043,404.8544921875,9780773
2025-07-17,405.99865531946784,406.0940107556235,403.3288776974709,404.2347106933594,7240795
2025-07-18,405.4265924462953,405.4265924462953,400.56375604779373,403.09051513671875,6730256
2025-07-21,402.3753881438521,403.09051027917883,398.9427960746048,400.5637512207031,4822343
2025-07-22,400.5637591824813,400.8497964029397,395.8916336251602,396.6544189453125,9869507
2025-07-23,397.7032702848046,398.46605560438246,394.74742624924966,395.65325927734375,12196187
2025-07-24,396.5113943772586,396.5113943772586,390.4090246125477,390.8857727050781,9005157
2025-07-25,390.93343164953177,391.1718056932205,388.7880652563331,390.361328125,5824089
2025-07-28,391.69624504720383,391.7439373183991,389.59857077130863,390.8381042480469,8123337
2025-07-29,390.9334433644723,392.2683322294525,389.02645095781634,389.4555358886719,6811772
2025-07-30,389.979938885481,390.26597610105154,386.8810762904252,388.6450500488281,10915863
2025-07-31,387.07180823457605,394.7474412869076,386.6903864618624,392.79278564453125,19364174
2025-08-01,393.22181910286025,399.8486291981142,392.6497155747587,397.08349609375,14324065
2025-08-04,400.6591229390907,402.85215260384814,395.79628640159,397.46490478515625,18352458
2025-08-05,397.798622737676,398.5137448813091,393.7939270939727,394.89044189453125,8495104
2025-08-06,394.8904345378628,395.700912105227,391.4101793233631,392.8404235839844,9080543
2025-08-07,392.84042811675334,395.4625426248142,392.5066986324122,394.36602783203125,11514878
2025-08-08,394.6520785787631,396.03465973340934,393.74627463123227,395.22418212890625,9814361
2025-08-11,395.22418285040254,397.6079233983543,394.74743474081214,397.46490478515625,8514272
2025-08-12,397.60789534116395,400.277672927119,395.9869402435813,396.9881286621094,13635738
2025-08-13,397.79861741128474,398.08465462555023,394.3660253481281,394.8427734375,10874910
2025-08-14,394.98578714952254,395.7485724437067,391.8869246070097,392.3160095214844,9580361
2025-08-18,393.79392311853456,394.4613820852118,386.02293505585004,387.4054870605469,30950814
2025-08-19,387.45317241186046,390.36132407533586,385.68919868718467,390.0752868652344,16681331
2025-08-20,390.07529508093324,391.17180987394187,386.5950398255606,387.1671142578125,18188129
2025-08-21,387.16711674788274,387.9299311597819,384.59269449100873,386.69036865234375,15028966
2025-08-22,387.1194281666145,387.5961762308591,379.01471107445633,379.7774963378906,13087624
2025-08-25,380.44498754804886,381.92289503325094,377.82287297221643,380.7787170410156,10440286
2025-08-26,380.7310351895941,386.5473680457286,379.87289439733723,384.59271240234375,13715752
2025-08-28,385.6892144680879,385.6892144680879,381.39848155064317,382.2566223144531,12471719
2025-08-29,383.3054728016321,391.3625273394323,383.21011736185324,390.695068359375,25255050
2025-09-01,390.69506980769,391.12415473908817,386.1659628361549,386.9764404296875,12268090
2025-09-02,387.6438838396435,388.88344640782555,385.6415650189729,387.8345947265625,19808255
2025-09-03,389.50318820677745,394.03229504639114,388.3589811553069,392.60205078125,12936588
2025-09-04,404.2347131456668,407.1428648264985,395.7009107798522,396.5590515136719,27274123
2025-09-05,397.5125541844266,397.60790962272006,385.59385185760647,388.40667724609375,16000675
2025-09-08,388.5020552463618,391.4578703163545,387.88225941065747,388.5973815917969,7419022
2025-09-09,389.5032021316832,391.8392794876205,388.4543504800707,390.9811096191406,8825896
2025-09-10,391.8869277335158,394.46137904411546,389.9322722150785,393.8415832519531,9252397
2025-09-11,393.8416037431192,397.32188823995943,393.26952928734954,395.74859619140625,8274406
2025-09-12,396.03463286721455,397.65555886786507,393.6508924853225,394.509033203125,7803379
2025-09-15,393.84159774229215,395.03346800431143,392.60206430915014,393.460205078125,5707331
2025-09-16,393.98463766531836,395.0811524650244,392.84043059703714,393.8892822265625,8239087
2025-09-17,394.6997410484167,395.31950772328065,389.0740905115468,390.2659606933594,14113882
2025-09-18,392.22066465605855,393.84159072448466,391.02879441527705,392.4113464355469,15647808
2025-09-19,392.411332862674,393.4125212893377,389.932266126311,391.5531921386719,19505321
2025-09-22,391.5532176336283,391.8869471309128,387.16712919399254,388.0252990722656,8930779
2025-09-23,388.16830584530703,389.1218020379517,383.4008248820839,384.4496765136719,14936357
2025-09-24,384.4496624147626,385.83221438435834,382.0659220205699,382.3519592285156,12380865
2025-09-25,382.7810611389299,384.2589686096089,379.4914876094897,381.49383544921875,22006368
2025-09-26,381.49381081167934,387.02407677530545,381.20774451111,386.26129150390625,14414044
2025-09-29,387.97758033993085,389.02643193197514,384.44966201919163,388.3113098144531,19717660
2025-09-30,387.8345649867495,387.8345649867495,381.7798585213034,382.8763732910156,9465490
2025-10-01,383.6392049522153,387.1194602903188,381.16010899274613,386.7380676269531,17643039
2025-10-03,386.0706081822361,386.6427117258004,383.5915122257209,385.4985046386719,16987141
2025-10-06,384.25895278749806,385.1170935125061,381.20775343369894,382.11358642578125,13989077
2025-10-07,383.78224573811093,383.8776011840606,380.92175695000077,381.2077941894531,12298968
2025-10-08,381.3984692581301,383.0670875611344,379.4914769118394,381.16009521484375,8402463
2025-10-09,380.4449598795719,382.73334479601107,380.3972967119267,381.3031005859375,15656267
2025-10-10,381.82757497204756,385.0694563176354,380.92174191886477,384.0682678222656,15085738
2025-10-13,381.3984717438948,382.3043047536442,380.0158906444655,380.683349609375,9508594
2025-10-14,381.3984588314936,382.2089363761892,377.77518511195166,378.3472595214844,10291102
2025-10-15,379.4914637395229,382.2089335583413,378.7763416344861,381.3031005859375,16043867
2025-10-16,382.3519869568705,387.11946809099607,380.96940578861586,386.3089904785156,22962049
2025-10-17,386.49966683131913,394.60438403521437,386.40431139747704,392.9834289550781,21071344
2025-10-20,393.3648351646861,395.5578938251509,392.17296494651845,393.8415832519531,13083621
2025-10-21,394.27067613010945,394.6997610566706,393.1741613269356,393.6509094238281,1142130
2025-10-23,396.65441365825745,400.89748332833454,394.3183363615374,396.60675048828125,24305990
2025-10-24,396.6067573166322,398.5137497228218,394.22301680889524,397.4172058105469,14935678
2025-10-27,397.60791001997336,403.0428499257912,397.22651736481293,401.0881652832031,11603679
2025-10-28,400.9451604443985,402.04167527754,396.559072013437,398.466064453125,17163147
2025-10-29,398.7521371748908,402.56612211545064,396.7020969906232,401.9940185546875,11470661
2025-10-30,401.9939896699586,402.08934510630013,396.7974239224796,399.2765197753906,12938674
2025-10-31,400.94517315884843,406.5707952146441,398.7521434230218,400.8021545410156,18599864
2025-11-03,400.42074533071906,402.041671429904,394.07997225072296,394.69976806640625,7635440
2025-11-04,394.7474188614159,395.22416695182824,389.36017125943533,389.88458251953125,10085404
2025-11-06,390.933423001342,394.07994866906864,387.6438496318514,388.5496826171875,10095563
2025-11-07,387.1671242550703,390.0753051532848,384.3543278958865,385.2601318359375,8411611
2025-11-10,385.26012436572665,388.1683052075514,384.8787317089743,386.69036865234375,6650003
2025-11-11,387.11945405752516,389.07410961230016,385.7845652080402,387.929931640625,12005318
2025-11-12,389.0264331714527,389.1217886071048,386.6903559407471,388.07293701171875,7987236
2025-11-13,388.07296852755434,388.54971664613856,385.68922793463327,386.83343505859375,6617185
2025-11-14,385.87991971501265,389.74156764498133,381.49383142153096,389.1694641113281,64020258
2025-11-17,390.69506352506284,392.8404299507648,387.1194528155595,388.1683044433594,7855399
2025-11-18,389.26482550088946,390.74273297855876,385.73687790475674,386.9764404296875,7661681
2025-11-19,386.0229487699935,386.6903786619881,384.06826406864894,384.78338623046875,7882450
2025-11-20,384.78336574606783,388.07293915467255,384.49732853592553,386.59503173828125,6693410
2025-11-21,386.1659529187517,389.5031895489138,385.8799157040955,388.8834228515625,5808131
2025-11-24,389.40784869658233,389.78924136320717,384.1159563384741,384.78338623046875,11037491
2025-11-25,384.78336936119564,385.6892023658129,381.49382502007865,382.1612548828125,8199785
2025-11-26,382.3519887554517,385.16481427717554,382.3043255832445,383.5915222167969,11443953
2025-11-27,384.7357193128495,387.07179665807234,383.40083044346284,385.4985046386719,8679529
2025-11-28,385.4984993519528,386.1659583266901,383.782217843192,385.4508361816406,6883500
2025-12-01,384.0682550618539,386.6427064233897,379.6821958509331,385.4508361816406,13442658
2025-12-02,385.45084717768543,386.64271745343586,381.8752363504342,382.3043212890625,8093808
2025-12-03,383.0194512680452,383.496199388071,380.3019811642192,381.875244140625,10772192
2025-12-04,381.493813935015,384.7833581805478,380.49262552241476,384.3066101074219,8057989
2025-12-05,384.3066201289768,386.49967878158014,383.3054607886625,386.1182861328125,4419747
2025-12-08,386.11831050848593,386.40434773852076,381.92290381200377,383.5915222167969,6056866
2025-12-09,383.30549127709355,385.6892318944884,381.3984987831776,382.399658203125,9426717
2025-12-10,382.447322017598,385.5938477590759,382.35196658031816,384.4019775390625,6969146
2025-12-11,384.40197878110104,385.2124563530077,382.44732325332086,384.1636047363281,6980147
2025-12-12,384.1636131699276,385.21246480963276,381.2554613992128,381.49383544921875,12407516
2025-12-15,381.49384796695153,384.5927107187102,380.9217444084862,383.5915222167969,7756564
2025-12-16,382.7333428800691,386.8810568881978,382.39961341304394,383.0194091796875,12347384
2025-12-17,382.35200134405585,384.35434931541226,380.54036426459874,381.2077941894531,8087490
2025-12-18,381.3984840446188,383.2578132936943,381.2554654327811,381.7798767089844,7227668
2025-12-19,381.63687284491715,383.9252580179369,381.63687284491715,382.399658203125,10654835
2025-12-22,382.92407926981116,384.87873483805475,382.5426866099581,383.9729309082031,6847871
2025-12-23,383.78221492360865,389.8845846952617,383.114755953949,388.40667724609375,10081997
2025-12-24,388.9787845212552,390.45669198464753,386.7857258129762,387.6915588378906,5777430
2025-12-26,387.5962212494621,388.21598798528635,385.0694620351657,385.3554992675781,3152453
2025-12-29,385.30780773012765,385.97523758942174,382.7810487018413,383.8775634765625,6647710
2025-12-30,384.258966100121,384.6880510266874,381.68451473751173,381.9705810546875,12340527
2025-12-31,382.4473351908261,384.97409432460887,382.2089611386127,384.25897216796875,9945109
2026-01-01,383.9729288975114,383.9729288975114,345.833081144032,346.9295959472656,282626710
2026-01-02,343.25859919211456,343.25859919211456,329.19453158632655,333.77130126953125,118790358
2026-01-05,333.91437015500077,337.4899807901625,329.9573377733733,333.4376220703125,48358124
2026-01-06,333.96207009159815,334.39115505441515,322.04336666220496,326.5248107910156,72582738
2026-01-07,327.0492030999599,328.5271105999748,323.5212554504856,325.3805847167969,29440734
2026-01-08,325.61894801457146,329.0992032790893,323.2828707159584,325.0468444824219,36706319
2026-01-09,325.0468633519181,325.1422187958776,320.47009302582137,321.47125244140625,35193201
2026-01-12,322.52009784112477,323.71196812139505,320.1840204524369,322.6631164550781,16156143
2026-01-13,323.23521493145626,323.71196303607496,318.18169666185645,319.13519287109375,24922339
2026-01-14,320.37473160941005,320.37473160941005,317.9433278749468,319.182861328125,14913422
2026-01-15,319.182861328125,319.182861328125,319.182861328125,319.182861328125,0
2026-01-16,321.8049675143545,321.8049675143545,313.2711648846159,313.8909606933594,30526898
2026-01-19,314.65372624927437,319.0874774812901,312.07927503151404,317.7049255371094,15507440
2026-01-20,318.5153888891398,318.9444738116522,310.3630081485584,311.12579345703125,18771011
2026-01-21,310.8397584229455,313.9862842154765,309.2664955266801,309.64788818359375,14177965
2026-01-22,310.9351259007337,313.4142219142513,306.1199524882791,309.7432556152344,18622852
2026-01-23,310.41066769194697,311.2211452592271,307.6932268757636,308.36065673828125,11950089
2026-01-27,308.551360559787,309.60021214650556,303.06875768662377,303.83154296875,47847784
2026-01-28,305.07112352260765,308.64673430417406,304.499019977878,306.2153015136719,28400238
2026-01-29,307.5978899534603,307.5978899534603,303.25946464318696,303.7839050292969,17719420
2026-01-30,303.9745746586993,310.02928130332384,301.7338818840886,307.1687927246094,41975824
2026-02-02,295.0593918522917,300.7326764202941,287.9558339773994,300.06524658203125,35227572
2026-02-03,306.26298563884325,309.64788544935533,297.1094164617701,301.924560546875,33168353
2026-02-04,304.2122558533025,306.5972918224836,303.09276069340797,305.5264587402344,11196759
2026-02-05,305.62381368471375,306.98667865411124,301.09711153502366,301.9732666015625,15816704
2026-02-06,301.7785557148148,319.0091496502099,300.12362917115206,317.1595153808594,68057745
2026-02-09,319.25251636686045,319.9826257687896,313.11957956571865,314.23907470703125,20059198
2026-02-10,314.43379342333833,314.9691951201795,312.2434651409776,312.876220703125,11489090
2026-02-11,313.41163831821643,313.6550081166595,307.91145710682224,309.80975341796875,24843366
2026-02-12,308.8849296992704,311.90272107711473,308.49554397172875,309.0309753417969,13294561
2026-02-13,307.6194359281623,309.9557801328065,304.9423680522052,305.4291076660156,8730618
2026-02-16,305.4291060946274,309.80976259638305,304.8450126194144,309.5177307128906,11693763
2026-02-17,310.0044627469445,319.34983928901715,309.7124011623626,316.8188171386719,39360672
2026-02-18,317.35422585595626,324.11991832114603,316.18603890816456,323.6331787109375,35473203
2026-02-19,325.19071316475083,325.38542088701683,316.3807383344217,317.3542175292969,19911747
2026-02-20,316.4294014344681,319.1551610138723,316.4294014344681,318.32769775390625,11282027
2026-02-23,318.3277143412081,319.39854745647875,315.79666235281263,316.7701416015625,13486092
2026-02-24,315.4072718436051,316.7701368296786,313.5089754538475,314.9205322265625,13135859
2026-02-25,316.86749468006315,317.93832779267075,309.6637541988749,311.2699890136719,13492101
2026-02-26,311.5133555396741,312.87622052851447,309.1770113147723,309.8584289550781,11270119
2026-02-27,307.6194251776827,309.32301376648314,304.3582639374763,305.2830810546875,13892595
2026-03-02,298.85810450075655,307.376047218612,298.85810450075655,306.548583984375,22194311
2026-03-04,302.3626464990797,307.13268865380064,302.2652926371002,303.6768493652344,24165489
2026-03-05,303.9202168516899,305.28308178434213,300.026300067982,303.23876953125,19938009
2026-03-06,301.8272051738374,304.0175333092302,300.9997716448259,301.48651123046875,21288269
2026-03-09,296.9111643273846,299.05283051074235,295.54829935080625,297.8846435546875,14084931
2026-03-10,300.8050671722483,301.77854635403554,295.69430146786544,300.8537292480469,18352950
2026-03-11,300.85374630707344,302.41131902789596,299.53957310372596,300.8050842285156,14842485
2026-03-12,298.9067800288785,299.83159716315987,294.8181851652266,296.0350341796875,23319679
2026-03-13,295.937682389217,297.8846408259882,292.67652106597967,293.455322265625,25659996
2026-03-16,294.52613802796225,301.2431686839447,293.99073631862075,300.0749816894531,37472204
2026-03-17,301.7298865244703,301.7298865244703,295.98633554258623,296.76513671875,25649286
2026-03-18,297.7872705212262,298.8094414690324,295.45092646773946,295.986328125,16702554
2026-03-19,293.50397895966603,297.3978957617843,289.2206764189814,290.0968017578125,17851126
2026-03-20,293.0658899820715,300.56169141647746,290.2428063525175,291.9950866699219,58679529
2026-03-23,290.9729210433315,291.07027490300464,281.87088476609046,282.7470397949219,31788160
2026-03-24,288.1011820084419,288.14984408530046,281.0921198636166,283.52581787109375,33335721
2026-03-25,284.9373809296547,290.58354854916115,284.49930339528424,287.8578186035156,26184716
2026-03-27,286.88433837890625,288.9773127628988,283.81785506545845,286.88433837890625,22179022
2026-03-30,285.813498126197,286.64096138513423,279.38852948557997,280.0699768066406,24586921
2026-04-01,285.22940879596706,286.64096553507443,283.1850965114152,283.9638977050781,18604340
2026-04-02,282.5523525472668,285.86217605837106,280.75140999162466,285.0834045410156,18082775
2026-04-06,285.2294224223722,287.51710461894146,282.552354464483,287.0303649902344,18047063
2026-04-07,286.3489031712945,291.0702832730548,284.98603822136056,290.5348815917969,26963485
2026-04-08,295.8403295367806,296.52177687527063,293.5526474241106,294.4288024902344,22310207
2026-04-09,293.5039840547165,296.32706784361375,293.26061425035937,294.9642028808594,17691477
2026-04-10,294.96421173271233,297.30055598300885,294.57482597570106,296.1810607910156,17744386
2026-04-13,292.0437560666014,293.4553127708808,290.19415155315835,290.72955322265625,16522014
2026-04-15,292.725224960759,295.9376946310278,292.57917930537735,294.0393981933594,18701403
2026-04-16,294.91552885499743,297.2518729405252,293.84469581756434,295.35357666015625,16512053
2026-04-17,295.7916756720069,301.729905030981,295.7916756720069,298.6634216308594,35111203
2026-04-20,298.8581217781442,299.7829389242669,296.37576164015127,296.9111633300781,13540471
2026-04-21,296.91116324455527,302.849392451092,296.4730857105753,301.4378356933594,24411865
2026-04-22,301.77854447435044,302.3139461377078,297.0085024549496,297.39788818359375,24500511
2026-04-23,295.93767496628874,298.22535701375915,295.2075655708127,297.20318603515625,10701849
2026-04-24,298.5174072251711,298.5174072251711,293.114609250071,293.6013488769531,17011704
2026-04-27,295.5969487737246,297.5439071449768,294.8181773085145,295.7916564941406,14382348
2026-04-28,296.32707115310103,297.6899361310764,294.526128639099,296.3757629394531,12907339
2026-04-29,297.00850597252486,309.0796419528162,297.00850597252486,307.86279296875,31199038
2026-04-30,307.86278680248944,309.07963576218305,304.99101137432183,306.548583984375,11541956
2026-05-01,306.548583984375,306.548583984375,306.548583984375,306.548583984375,0
2026-05-04,309.4690426623296,309.4690426623296,302.26530226968964,302.8493957519531,20245091
2026-05-05,302.8494008323303,305.38045282577866,301.4378440355334,303.19012451171875,26795704
2026-05-06,304.504273955316,305.28307511999276,301.04843476850743,302.4599914550781,20287609
2026-05-07,303.1901061095417,303.38478412292693,298.85811182359606,299.24749755859375,25718615
2026-05-08,300.70773068347654,300.70773068347654,297.59261494674206,299.29620361328125,17739844
2026-05-11,298.85811207299713,299.83159126541733,297.05716962537434,297.7386169433594,14968661
2026-05-12,297.25189225671994,298.1280176321973,292.141126240168,292.7252197265625,15968338
2026-05-13,293.99072694682496,297.6899361310764,293.0659097966479,296.3757629394531,13024778
2026-05-14,296.91115977719784,300.9997843525029,296.7651438369858,299.0528259277344,11113377
2026-05-15,299.0528357626027,303.77418633135375,298.17668067606064,301.2431640625,11954564
2026-05-18,301.24314294849347,304.01753483399096,298.371367495507,301.924560546875,14422870
2026-05-19,303.67685162223455,305.91584192326644,300.17232052251813,302.0705871582031,17519355
2026-05-20,300.8050809313701,301.43783648682927,298.07935098097914,299.3935241699219,12127920
2026-05-21,301.6325293694972,303.0440563532439,297.68992087203304,299.8802490234375,21868988
2026-05-22,297.7872949531656,298.8581280637695,293.01725259672514,293.6986999511719,30751752
2026-05-25,295.8890075683594,297.3978884085819,294.33143494437775,295.8890075683594,15734247
2026-05-26,296.27839961224,296.32706168880947,293.1145922213104,293.6499938964844,37560542
2026-05-27,295.6499938964844,296.3500061035156,291.04998779296875,291.95001220703125,25446093
2026-05-28,291.95001220703125,291.95001220703125,291.95001220703125,291.95001220703125,0
2026-05-29,292.0,292.3999938964844,285.8999938964844,286.8999938964844,31930439
2026-06-01,287.79998779296875,288.54998779296875,278.29998779296875,279.6499938964844,23477875
2026-06-02,279.5,283.6000061035156,277.1000061035156,283.25,20206131
2026-06-03,282.3500061035156,282.3500061035156,275.20001220703125,277.0,28001438
2026-06-04,277.0,280.6499938964844,275.04998779296875,280.29998779296875,22017634
2026-06-05,280.0,281.3999938964844,277.8500061035156,280.70001220703125,16065822
2026-06-08,279.0,283.45001220703125,276.95001220703125,279.45001220703125,15779677
2026-06-09,281.70001220703125,281.70001220703125,277.1499938964844,280.0,12302522
2026-06-10,280.0,285.8500061035156,278.6499938964844,283.6499938964844,19823743
2026-06-11,283.0,283.25,281.20001220703125,282.3999938964844,12603100
2026-06-12,283.54998779296875,285.8500061035156,283.0,285.1000061035156,12893433
2026-06-15,287.0,288.8500061035156,286.70001220703125,287.8999938964844,11194950
2026-06-16,288.1499938964844,292.1499938964844,287.5,291.6499938964844,14467499
2026-06-17,291.95001220703125,292.3500061035156,290.0,290.75,8626353
2026-06-18,291.04998779296875,291.8999938964844,288.0,291.1499938964844,10409670
2026-06-19,289.79998779296875,294.54998779296875,288.3999938964844,292.5,13874008
2026-06-22,292.79998779296875,293.95001220703125,290.04998779296875,291.25,9947873
2026-06-23,291.25,293.1499938964844,289.6499938964844,290.0,9410364
2026-06-24,290.0,291.3999938964844,289.45001220703125,290.3500061035156,6218635
2026-06-25,290.3500061035156,292.25,289.20001220703125,290.0,11230239
2026-06-26,290.0,290.0,290.0,290.0,0
2026-06-29,290.45001220703125,291.8999938964844,289.3500061035156,290.70001220703125,10110022
2026-06-30,291.5,291.6000061035156,285.5,286.95001220703125,18180676
2026-07-01,287.8500061035156,291.0,287.1000061035156,290.29998779296875,6551425
2026-07-02,290.70001220703125,291.0,287.70001220703125,289.8999938964844,12722639
2026-07-03,291.29998779296875,291.6000061035156,289.0,289.95001220703125,6517591
2026-07-06,289.95001220703125,290.3999938964844,287.6000061035156,288.25,27126124
2026-07-07,288.29998779296875,290.70001220703125,286.54998779296875,288.75,18491160
2026-07-08,286.8999938964844,287.8500061035156,280.0,280.6499938964844,21593793
2026-07-09,281.25,284.3999938964844,281.0,282.04998779296875,12512120
2026-07-10,282.8500061035156,283.6499938964844,280.8500061035156,281.75,11774274
2026-07-13,281.3500061035156,281.5,279.5,279.6499938964844,12559492
2026-07-14,279.25,280.6499938964844,275.0,275.54998779296875,15018851
2026-07-15,276.6499938964844,277.70001220703125,275.29998779296875,276.6499938964844,8523722
2026-07-16,277.0,280.45001220703125,276.0,279.3500061035156,11220653
2026-07-17,279.3500061035156,281.95001220703125,277.79998779296875,280.70001220703125,15215868
2026-07-20,280.70001220703125,283.70001220703125,279.5,282.70001220703125,9913943
2026-07-21,283.0,283.95001220703125,278.79998779296875,281.0,9858768
2026-07-22,280.5,282.20001220703125,278.5,280.79998779296875,12995017
2026-07-23,279.95001220703125,284.0,279.6499938964844,281.29998779296875,21143589
2026-07-24,279.54998779296875,284.8500061035156,279.54998779296875,283.45001220703125,24954082
2026-07-27,287.75,287.8999938964844,285.5,285.8500061035156,19312804
2026-07-28,284.8999938964844,287.95001220703125,282.29998779296875,284.6499938964844,14843878
2026-07-29,285.6000061035156,289.04998779296875,284.1499938964844,286.25,19030590
2026-07-30,286.1000061035156,288.3999938964844,283.75,285.04998779296875,18283697
2026-07-31,285.54998779296875,285.79998779296875,280.04998779296875,281.0,16833813
2026-08-03,284.45001220703125,292.54998779296875,283.0,287.0,45392755
2026-08-04,286.04998779296875,289.0,284.70001220703125,289.0,12689243
2026-08-05,288.25,288.5,285.0,286.95001220703125,11771241
2026-08-06,285.45001220703125,286.3500061035156,283.70001220703125,285.8999938964844,12447629
2026-08-07,285.0,286.1000061035156,284.3999938964844,286.1000061035156,6128841
2026-08-10,286.1000061035156,286.1000061035156,281.3999938964844,282.6499938964844,9347929
2026-08-11,282.0,282.6000061035156,278.0,279.0,13053722
2026-08-12,279.0,279.54998779296875,275.3999938964844,276.1499938964844,12630816
2026-08-13,276.20001220703125,278.5,276.04998779296875,278.5,11335590
2026-08-14,278.3500061035156,278.3500061035156,275.95001220703125,278.20001220703125,7338537
2026-08-17,278.20001220703125,278.20001220703125,273.0,273.04998779296875,12795275
2026-08-18,273.04998779296875,273.6499938964844,269.1499938964844,270.0,14561572
2026-08-19,270.0,270.95001220703125,265.8500061035156,267.04998779296875,13821291
2026-08-20,268.20001220703125,271.6499938964844,265.0,271.6499938964844,28272797
2026-08-21,271.6000061035156,271.6000061035156,269.0,269.3999938964844,8312928
2026-08-24,270.6000061035156,270.6000061035156,267.0,269.70001220703125,8518400
2026-08-25,269.70001220703125,271.3999938964844,267.6499938964844,271.3999938964844,8414719
2026-08-26,271.8500061035156,273.95001220703125,270.25,270.25,11693367
2026-08-27,269.5,271.25,268.0,269.0,8834890
2026-08-28,269.0,269.0,264.79998779296875,266.0,15200847
2026-08-31,266.0,266.54998779296875,255.5,255.5,24575845
2026-09-01,261.5,268.20001220703125,261.5,266.6000061035156,31258553
2026-09-02,266.0,269.0,262.79998779296875,266.29998779296875,14643482
2026-09-03,266.5,267.6000061035156,262.3500061035156,263.0,17813663
2026-09-04,264.0,266.25,262.6499938964844,264.1000061035156,9519153
2026-09-07,264.1000061035156,264.95001220703125,262.95001220703125,263.5,6688002
2026-09-08,263.5,265.8999938964844,262.70001220703125,263.5,7406617
2026-09-09,263.6499938964844,264.5,260.20001220703125,260.79998779296875,10065188
2026-09-10,261.0,263.8999938964844,259.1000061035156,259.29998779296875,17541602
2026-09-11,258.0,261.6499938964844,257.70001220703125,259.8500061035156,11116049
2026-09-14,259.8500061035156,259.8500061035156,259.8500061035156,259.8500061035156,0
2026-09-15,261.0,264.20001220703125,258.0,258.0,12133201
2026-09-16,259.3999938964844,264.8999938964844,259.29998779296875,264.1499938964844,15199856
2026-09-17,264.79998779296875,268.5,264.1000061035156,266.20001220703125,13365227
2026-09-18,266.6000061035156,266.6000061035156,262.29998779296875,262.29998779296875,14399150
2026-09-21,263.54998779296875,267.95001220703125,263.54998779296875,267.0,8662786
2026-09-22,267.8999938964844,268.25,264.75,265.79998779296875,7177847
2026-09-23,265.8500061035156,271.04998779296875,265.1499938964844,270.1499938964844,13142058
2026-09-24,268.70001220703125,270.29998779296875,266.70001220703125,268.0,7398276
2026-09-25,268.1000061035156,269.0,266.29998779296875,269.0,6240148
2026-09-28,269.0,269.29998779296875,265.0,265.20001220703125,7863377
2026-09-29,265.45001220703125,266.75,263.29998779296875,265.1000061035156,14419948
2026-09-30,265.0,266.8999938964844,261.3999938964844,262.75,14079098
2026-10-01,262.70001220703125,262.70001220703125,254.64999389648438,255.89999389648438,16447266
