Date,open,high,low,close,volume
2016-10-03,51.01783151780985,51.45611560318308,50.94863154630549,51.14086151123047,14901700
2016-10-04,51.28026299533032,52.03153800501557,51.1950664947039,51.58232116699219,17226900
2016-10-05,51.80694560270924,52.720867148220314,51.737242576485805,52.42655563354492,16280000
2016-10-06,52.45752527036132,52.64340587540391,51.930858631875765,52.565956115722656,17485000
2016-10-07,52.50399969522984,52.806057927398285,52.201941463061395,52.7518424987793,18497000
2016-10-10,52.929967822059595,53.487615517198996,52.844777227171015,53.162322998046875,13027500
2016-10-11,53.053900791955975,53.301743595790434,52.612430612968396,52.906742095947266,15657100
2016-10-12,52.86802018658058,53.12360383101126,52.70537390047431,52.767330169677734,11899800
2016-10-13,52.24840928517476,52.565961011190744,51.752723686206075,52.46527099609375,17890000
2016-10-14,53.286249283241276,53.46438313684746,52.12448517888896,52.29487228393555,24163800
2016-10-17,52.217419606748244,52.5039901970575,51.69075300585184,52.0237922668457,14963400
2016-10-18,52.550457979292666,52.82928181676136,52.31036197276471,52.43428039550781,11870300
2016-10-19,52.51948164373555,53.053895032030624,52.51948164373555,52.93771743774414,12705800
2016-10-20,52.72861096497146,53.19331550772422,52.620180101963776,52.86802291870117,14122000
2016-10-21,52.519491102462524,53.07713892823933,52.43429457857779,53.04615783691406,12175700
2016-10-24,53.41792294582972,53.47988512606993,53.05390252321693,53.34047317504883,10197100
2016-10-25,53.348199693288635,53.3869275228011,52.96094503431257,53.2862434387207,9945100
2016-10-26,52.953205315927704,53.63477140289154,52.953205315927704,53.54182815551758,9801300
2016-10-27,53.82066524962454,54.03752697122631,53.518607007530825,53.61929702758789,14210700
2016-10-28,53.85164066212064,53.867134160052274,53.03066254288741,53.52634811401367,12766500
2016-10-31,53.77417843184779,53.890356003246424,53.61927894267411,53.642513275146484,14336300
2016-11-01,53.812909114950365,54.045258361043565,52.922222232333795,53.41790771484375,15564500
2016-11-02,53.17006781959175,53.32496732527843,52.674382310549525,53.193302154541016,12449800
2016-11-03,53.332708361180245,53.5882978363225,52.83702290522743,52.960941314697266,10369700
2016-11-04,53.04614722066858,53.100362642377796,52.38781541161734,52.48075866699219,13571300
2016-11-07,53.503107247854196,54.19242009575107,53.44114508176434,54.122711181640625,16515100
2016-11-08,53.98329828813563,54.641635950142906,53.62702470310525,54.238887786865234,17531700
2016-11-09,55.346449666416966,57.42988216898161,55.238018806190574,56.73282241821289,50948400
2016-11-10,57.48408802843842,59.8308505411097,57.48408802843842,59.366146087646484,56192300
2016-11-11,59.095070859041705,59.420363395893304,58.68457590459041,59.39712905883789,27574300
2016-11-14,59.83085989731839,62.30154713542689,59.83085989731839,61.58125305175781,46130700
2016-11-15,60.69830236911381,61.5037928351402,60.24133876122606,61.465065002441406,28126300
2016-11-16,60.58213044446006,60.68281454623817,59.54428470327799,59.9470329284668,26054900
2016-11-17,60.3575125725219,60.76800157367114,60.10192307439744,60.427215576171875,19306700
2016-11-18,60.38075351415502,60.73702713732662,60.06320772549598,60.18712615966797,19770000
2016-11-21,60.4117345068557,60.54339968953488,59.861833530044514,60.450462341308594,11983500
2016-11-22,60.682785090023614,60.8454312873476,60.22582757026127,60.82219696044922,14410100
2016-11-23,61.08557038895366,61.37213514091832,60.3265484293155,61.077823638916016,13373700
2016-11-25,61.26369180993127,61.53476891569778,60.77575301955153,61.0545768737793,6185700
2016-11-28,60.55115699557945,61.08557047720944,60.42723263095379,60.65958786010742,13007200
2016-11-29,60.71378999511588,61.31016552844327,60.71378999511588,61.1242790222168,14144100
2016-11-30,61.89877610479889,62.371227206763685,61.72838312913468,62.092403411865234,25351900
2016-12-01,62.46417069717611,63.72661861716477,62.46417069717611,63.347110748291016,23823600
2016-12-02,63.35486803344265,63.37810236880466,62.657808427395,63.1999626159668,16931500
2016-12-05,63.74212085380855,64.50888344357084,63.73437410590141,64.48564910888672,18529800
2016-12-06,64.7489785268662,64.91162477638007,63.84280403284436,64.81868743896484,16130000
2016-12-07,64.71027945847078,65.1285094426122,64.16811919292273,65.11302185058594,18996900
2016-12-08,65.23694125353421,66.22056577085519,65.01233277750747,65.92625427246094,20844900
2016-12-09,65.8487711646872,66.2205381895872,65.16720517957962,66.2127914428711,14567200
2016-12-12,66.11211476038218,66.44515399795846,65.28339004023248,65.62417602539062,14511300
2016-12-13,65.81778521858426,66.35219247376143,64.91935183579415,65.64739227294922,16669000
2016-12-14,64.96583838878293,66.70074348682706,64.87290105394857,65.62417602539062,22622600
2016-12-15,66.14310649796971,66.98731894025696,65.75585178300389,66.6078109741211,19438900
2016-12-16,66.83239804280234,66.83239804280234,65.74808400588786,65.78681182861328,23008500
2016-12-19,65.67839728118622,66.17408280784112,65.20594609030616,66.16633605957031,21685100
2016-12-20,66.44515244084151,67.02603440609174,66.25927186649177,67.0182876586914,14587300
2016-12-21,66.94082461112924,67.2351359544585,66.63101977607778,67.18866729736328,11400500
2016-12-22,66.94859987527099,67.51398847422202,66.77046009879709,67.29712677001953,13924200
2016-12-23,67.38231556366631,67.49849315161808,66.91761112089682,67.4210433959961,10759400
2016-12-27,67.42103782563366,67.50623432249014,67.18868266892743,67.48299407958984,6946400
2016-12-28,67.50625051488572,67.68438438992312,66.87889380491274,66.99507141113281,9455600
2016-12-29,67.05702691539439,67.1267299267664,65.8642817010462,66.52261352539062,14689000
2016-12-30,66.68526166449143,66.93310444916145,66.34448152871896,66.8324203491211,13617800
2017-01-03,67.6456459171267,67.97094434521136,66.59231860436053,67.56045532226562,20550700
2017-01-04,67.7240100360894,67.89534588056631,67.28788675322748,67.68507385253906,15266600
2017-01-05,67.60716562902026,67.8408064144115,66.40003741578413,67.06201171875,14300800
2017-01-06,67.28008859066382,67.45921402578331,66.92963327457211,67.06981658935547,12893300
2017-01-09,66.76609129257334,67.57603278291145,66.60253913019055,67.11654663085938,12806600
2017-01-10,67.03085172727279,67.67725267845273,66.75827480259791,67.31121826171875,13989000
2017-01-11,67.31125639449778,67.81747436523438,66.90628558294931,67.81747436523438,14713100
2017-01-12,67.56823803408203,67.96541910122696,66.99192560810805,67.16326141357422,21337400
2017-01-13,67.84080832001078,68.666328819246,67.05422399161313,67.52149963378906,28296000
2017-01-17,66.1430328666389,66.36888403840574,64.8580204474224,65.06829833984375,30024600
2017-01-18,65.1306245601837,65.59790631966382,64.66334874243798,65.37205505371094,21270100
2017-01-19,65.46549124052525,65.94055656021966,64.7334281436997,64.87361145019531,16555600
2017-01-20,64.9748417300872,65.28636079685823,64.86581094797714,65.16175079345703,18436800
2017-01-23,64.87361406794078,65.41876809201428,64.80351944099804,65.19291687011719,12179200
2017-01-24,65.35644645329731,66.19754611226881,65.07607990030681,65.97948455810547,15175300
2017-01-25,66.85174479458858,67.10874851234944,66.32995368887995,66.99971771240234,17551000
2017-01-26,66.93740948731003,67.71620427339501,66.93740948731003,67.5604476928711,15962800
2017-01-27,67.49035821260502,67.7395723035231,67.18662278324513,67.70063018798828,12535400
2017-01-30,67.12432773618929,67.36575223011027,66.44677410074696,66.99971771240234,13661900
2017-01-31,66.66485598745358,67.09319564740322,65.48887378246575,65.909423828125,15655100
2017-02-01,66.61813017579999,67.05425350824382,65.94836594855565,66.15863800048828,15430900
2017-02-02,65.68355902642791,66.12747782357633,65.54338164846553,65.87825775146484,11081400
2017-02-03,67.12432713181816,67.99657352354139,66.87511302822111,67.89533233642578,17885200
2017-02-06,67.59159850981241,68.1055999660948,67.45141521414767,67.57601928710938,11828400
2017-02-07,67.86418654547077,68.0666748814698,67.35018500545296,67.53709411621094,9392800
2017-02-08,67.1165415089576,67.21778270209036,66.4857195714895,66.94520568847656,13970900
2017-02-09,66.94521508774851,68.0121663385345,66.94521508774851,67.91091918945312,13749100
2017-02-10,68.12895862906088,68.12895862906088,67.66946669563988,67.75513458251953,10992500
2017-02-13,68.09780572110584,69.11023519547307,68.09001611096402,68.65074920654297,18739100
2017-02-14,68.76757848833904,69.8578863799849,68.61960558515895,69.74885559082031,17932100
2017-02-15,70.15382910662915,70.76907764232445,69.58530635231533,70.55101013183594,17381800
2017-02-16,70.40307701507403,70.90150539514569,69.91243230781897,70.50431823730469,17672700
2017-02-17,69.95134407208192,70.45756184694964,69.85010289380133,70.2706527709961,15776600
2017-02-21,70.48873817528778,70.98716650745567,70.44979604800757,70.87813568115234,14068300
2017-02-22,70.49651848217857,71.10398355338661,70.41864017307009,70.91706848144531,11839000
2017-02-23,71.01052262893415,71.13512672921503,70.49651511822418,70.9715805053711,11067000
2017-02-24,70.23171322547799,70.51207982052841,69.88125795253127,70.3485336303711,15062300
2017-02-27,70.34073896569976,70.66004765335323,70.10709817269809,70.42640686035156,12361000
2017-02-28,69.97471127601432,70.730143179284,69.77222296524252,70.57438659667969,15183500
2017-03-01,72.26435796870477,73.19112552513253,72.12417469077226,72.89517974853516,24451400
2017-03-02,73.10547350544401,73.14440968226334,71.67248791532508,71.7581558227539,16862500
2017-03-03,71.75815594565988,72.51358788969911,71.75815594565988,72.27216339111328,12817500
2017-03-06,71.84381092746447,71.89832631868325,70.94819583595726,71.58680725097656,15059200
2017-03-07,71.36877100606745,71.7192263679883,71.03388892927757,71.18965148925781,11156800
2017-03-08,72.17872709990542,72.31112083537568,70.94822946713104,71.03389739990234,17378400
2017-03-09,71.33757949956242,71.75812926902724,70.98712432920719,71.31421661376953,13726200
2017-03-10,71.61018529738779,71.64912741724264,70.5042980176159,71.08839416503906,13729900
2017-03-13,71.11178418365125,71.47781885965972,70.81584416177031,71.15072631835938,10004300
2017-03-14,70.88589575370104,71.37654025045373,70.69119706558836,71.26750946044922,10237700
2017-03-15,71.49336580176136,72.07746190817531,70.97156876431458,71.43885040283203,16601400
2017-03-16,71.67248866963294,72.27994769835195,71.31424375376618,71.36875915527344,14492000
2017-03-17,71.51672417030261,71.68027035674261,70.59774611668799,70.62110900878906,21734700
2017-03-20,70.30177718112368,71.00269342226625,69.92795914700133,70.1148681640625,14623600
2017-03-21,70.3719132856501,70.58997492446896,67.80188753274989,68.05889129638672,33089200
2017-03-22,67.66948709309752,68.58846529521333,66.9841497332123,68.16791534423828,21741000
2017-03-23,67.91870796546972,68.92335418008584,67.82525043094705,68.05889129638672,16090100
2017-03-24,68.37042324983213,68.60405821720985,67.5760489122365,67.98102569580078,16093200
2017-03-27,66.6103163915649,68.06666476500922,66.37668152327495,67.94205474853516,16689300
2017-03-28,67.77073843321823,69.32832843661012,67.7395918618766,69.00123596191406,16264400
2017-03-29,69.00122063844704,69.17255645144819,68.59624994186224,68.74421691894531,10207600
2017-03-30,68.68969662942042,69.6709797074786,68.62739756327223,69.33609771728516,11631000
2017-03-31,69.08688588937865,69.11024878266569,68.33924359552951,68.40933227539062,16987600
2017-04-03,68.5261526087454,68.66633591004738,67.44362831492073,68.16011810302734,19831800
2017-04-04,68.0583038555242,68.66925326628746,67.92514944053704,68.38727569580078,14280800
2017-04-05,69.25670548055852,69.35069999592834,67.46301714939784,67.51001739501953,17635500
2017-04-06,67.34551733162704,68.07395823910907,66.77372794098899,67.73715209960938,14379600
2017-04-07,67.30637219193598,67.99564744453788,67.13405188481697,67.50218963623047,13097100
2017-04-10,67.42384652657992,67.90164144594092,66.89122297594172,67.2671890258789,15081600
2017-04-11,67.00089607141518,67.19671351166042,66.421278121534,67.14971923828125,14690500
2017-04-12,67.306359670704,67.32202243394913,66.60141580721213,66.89122772216797,14730600
2017-04-13,66.9695590327555,68.13662920698232,66.10796356201172,66.10796356201172,30529800
2017-04-17,66.13930703136721,67.42386908758553,66.08447838174355,67.25154876708984,19071700
2017-04-18,66.8598909645485,67.07137111903698,66.37426167989773,66.70323944091797,14127000
2017-04-19,66.96954642137943,67.29851819766104,66.07661961383083,66.15494537353516,17588500
2017-04-20,66.56222662590137,67.18883846985918,66.22542059352104,67.0086898803711,15635800
2017-04-21,66.96956469933531,67.11055349563203,66.19412930764038,66.20195770263672,19820600
2017-04-24,67.79199088522233,68.9668953652028,67.69016200573184,68.53609466552734,25468300
2017-04-25,69.358534734668,69.81282662168509,69.13138580322266,69.13138580322266,18253800
2017-04-26,69.20188623661633,69.75017868690897,69.03740029429085,69.2645492553711,12832200
2017-04-27,69.21754771127867,69.21754771127867,68.15230040779798,68.62226104736328,13329000
2017-04-28,68.61441551919775,68.81023291849675,68.10528908584577,68.14445495605469,10755600
2017-05-01,68.42641999417718,68.72406023544717,67.79980204049419,68.19143676757812,15712300
2017-05-02,67.91733937254956,68.05049383518221,67.37688117308376,67.75285339355469,14414200
2017-05-03,67.40817962241113,68.22278072059973,67.37684812141855,68.14445495605469,11540500
2017-05-04,68.68493351707792,68.71626502747962,67.8076691534541,68.2228012084961,11540100
2017-05-05,68.34027235535369,68.41076375068239,67.69015715547152,68.14445495605469,9436000
2017-05-08,68.17580693083083,68.39512152776814,67.8703321742575,68.2228012084961,8162200
2017-05-09,68.3481004175734,68.80239220036285,67.75281390539163,67.9486312866211,10273900
2017-05-10,67.776310812352,68.52042044410284,67.72931655329042,68.48125457763672,8334900
2017-05-11,68.2149560329899,68.52043671705555,67.63533812204525,68.26979064941406,10907400
2017-05-12,67.89381930932667,68.18363125593432,67.62750449808948,68.08180236816406,8738800
2017-05-15,68.22278356364602,68.52825824121268,68.03480052572954,68.4107666015625,8835600
2017-05-16,68.42644361622159,68.99822716866602,68.41077487524096,68.62226104736328,9795000
2017-05-17,68.62224996896819,68.62224996896819,65.77114910989762,66.0061264038086,24679700
2017-05-18,65.84948870420392,66.42127826029915,65.2933678898505,65.7633285522461,23350100
2017-05-19,65.95912287350914,66.84421524371754,65.9121286165038,66.40558624267578,13412900
2017-05-22,66.71890569741203,66.80506583268333,65.95913321867755,66.34293365478516,11636000
2017-05-23,66.3821060855896,67.41602183514438,66.19412303363605,67.17321014404297,11753000
2017-05-24,67.26717230492847,67.33766965668818,66.7658803790392,67.13401794433594,9833800
2017-05-25,67.35335815752322,67.42385553622718,66.640585855674,66.85206604003906,12238500
2017-05-26,66.66409161215225,67.01656062363946,66.59359422433029,66.85990905761719,8113500
2017-05-30,66.67970345500055,66.69537218516105,65.62229125221226,65.7162857055664,12603200
2017-05-31,65.58317144331757,65.65366284449416,63.9461347419172,64.3456039428711,28327900
2017-06-01,64.5884270709401,65.0740564988567,63.95398044443361,65.05838775634766,17123500
2017-06-02,64.45528025539001,65.00356679050844,64.21246850067683,64.72942352294922,14998500
2017-06-05,64.72940167100681,65.41084839964076,64.68240740554,64.84689331054688,9080200
2017-06-06,64.45526747232131,65.18370856786801,64.32994144579231,64.98005676269531,12196800
2017-06-07,65.25418509489249,65.88080313289167,65.08969920448901,65.72415161132812,13711100
2017-06-08,65.72416211090791,67.14971269801205,65.70849337072495,66.53875732421875,17951000
2017-06-09,66.97740505405984,68.18364131328215,66.88341052283975,68.11314392089844,19120200
2017-06-12,68.11313069837763,68.72408009302073,68.05830205977821,68.12879943847656,16053400
2017-06-13,68.57525464688663,68.81023193717068,68.12879122188697,68.3559341430664,12557200
2017-06-14,67.96430451398606,68.38727083968159,67.22020074107381,68.21495056152344,16175700
2017-06-15,67.55701687940753,68.20713221518145,67.5491825085536,67.80766296386719,12509700
2017-06-16,68.02697895272989,68.1131391062894,67.3768636034624,67.50218963623047,16936600
2017-06-19,68.12094116488527,69.10786228923904,68.02694668489445,68.98253631591797,15972300
2017-06-20,68.73189716426587,68.86505154222671,68.43425691190545,68.55174255371094,11197800
2017-06-21,68.52043428916376,68.57526292777153,67.95647916298468,68.23845672607422,10005900
2017-06-22,68.0896190857969,68.42642521582577,67.87030457803337,68.16011047363281,12180600
2017-06-23,68.66141573635979,68.92772453090116,67.83898026922151,68.03479766845703,18812000
2017-06-26,68.15228695331368,68.66924176201722,67.84681229910872,68.33243560791016,10082400
2017-06-27,68.70057366494034,69.66399787099645,68.53608777139371,68.96688842773438,15415200
2017-06-28,69.39768166715146,70.54908887394139,69.39768166715146,70.353271484375,17466200
2017-06-29,72.32713713318546,72.5699548571713,70.73710024870101,71.39505004882812,27697800
2017-06-30,72.029502972425,72.06083448713316,71.40289060588822,71.59087371826172,16892700
2017-07-03,72.11065451606525,73.62280915220234,71.99252259888186,73.0478744506836,13208100
2017-07-05,73.33926980154145,73.86694565022609,72.9376033156613,73.78031158447266,17535400
2017-07-06,73.67005223866397,74.43400391603566,73.15024783638246,73.54403686523438,16596100
2017-07-07,74.00083389651809,74.16622456829226,73.42590527683792,73.91419982910156,12817800
2017-07-10,73.63855648158761,73.78032078789124,73.31564655827319,73.3944091796875,13987200
2017-07-11,73.50465937845206,73.50465937845206,72.67770003899439,73.11087036132812,13262300
2017-07-12,72.93760517663256,73.11087331256029,72.51231229992189,72.85884857177734,13540100
2017-07-13,73.00060536694095,73.54403009075347,72.72494826514168,73.3235092163086,12820100
2017-07-14,71.51996881010005,72.93761186241639,71.3388292032034,72.65408325195312,22235200
2017-07-17,72.31541968189536,72.4493065145385,71.86650041281712,71.97676086425781,14374200
2017-07-18,71.23643847765844,72.12640559794468,71.13405548531104,71.72473907470703,14719400
2017-07-19,71.93738601064967,72.1579129420607,71.66961232133873,71.8271255493164,11651200
2017-07-20,71.78775024669423,72.23666955604953,71.59085570734989,71.8271255493164,11561700
2017-07-21,71.71686413780347,71.95313998538404,71.29157121740509,71.58297729492188,10971300
2017-07-24,71.63809673126121,72.09489342976181,71.59872143509334,71.89012145996094,10725100
2017-07-25,72.74858333998498,73.65429324938479,72.66982073156466,73.08724212646484,16447700
2017-07-26,73.32354965937307,73.39443484168173,72.2051897456957,72.40208435058594,11815500
2017-07-27,72.323296474567,72.50443606793534,71.79562060345903,72.10277557373047,12332400
2017-07-28,72.02400828267002,72.2602840946513,71.59872143509334,71.89012145996094,9351900
2017-07-31,72.07127660825296,72.74071681932165,72.06339914447729,72.29967498779297,11520300
2017-08-01,72.84308637715156,73.35501327074515,72.67769572083544,73.26837921142578,12523700
2017-08-02,73.14240377624394,73.41017753195598,72.8588750885806,73.3314208984375,10165600
2017-08-03,73.00848825482424,73.34714708183074,72.6462030459617,72.8509750366211,11078800
2017-08-04,73.63854913945713,74.34737060030226,73.61492275888625,73.76456451416016,14324000
2017-08-07,73.94571270582729,74.18198855650752,73.80394839716806,74.048095703125,7978300
2017-08-08,73.9929550130306,74.99318249627711,73.71730389869859,73.78031158447266,13745400
2017-08-09,73.22901369386675,73.78031595518969,73.11087577822784,73.66217803955078,11214400
2017-08-10,73.16598344633793,73.29987023870247,72.51229238892216,72.60680389404297,13252300
2017-08-11,72.55957652268323,72.98486946657368,71.85863241388547,72.00039672851562,10679500
2017-08-14,72.74857311045517,73.16598843791716,72.71706927326562,72.84307861328125,10994800
2017-08-15,73.48891815878267,73.68581270406608,72.96911968378168,73.0321273803711,8812700
2017-08-16,73.27627138603033,73.42591315648919,72.3626778529575,72.52806854248047,11085400
2017-08-17,72.26816353199186,72.42567673845416,71.27581350679706,71.39395141601562,13837500
2017-08-18,71.12616969923377,72.09489331634077,71.03166418158473,71.46482849121094,13040700
2017-08-21,71.5514954408709,71.62238062043089,71.00807043839337,71.37822723388672,11502100
2017-08-22,71.72473752128782,72.22878702595612,71.66960729448797,72.11064910888672,9211800
2017-08-23,71.56724471581228,72.72497980880274,71.54361231866302,72.19730377197266,8811300
2017-08-24,72.402057254237,72.55169902074925,71.99251927318267,72.07914733886719,8623200
2017-08-25,72.36265934231004,72.83521091577445,72.29965767342527,72.37053680419922,11794600
2017-08-28,72.58318333728755,72.60680971327581,71.77197303965421,72.14213562011719,7292900
2017-08-29,71.23641001729179,71.91372740989691,71.12614960535531,71.74833679199219,10886100
2017-08-30,71.86650455908766,72.36267661919698,71.81925179395657,71.91375732421875,9165300
2017-08-31,72.30754774801049,72.33905159493753,71.51209814589436,71.58297729492188,13217400
2017-09-01,71.8664786025012,72.74069049414607,71.63020284469476,72.22088623046875,9815800
2017-09-05,71.6853552298095,71.75624038257686,70.11019904713191,70.4961166381836,16897300
2017-09-06,70.88205486153551,71.29159297910937,70.59852616138967,70.96868896484375,11845700
2017-09-07,70.96867155873572,70.98442047877172,69.36988878593876,69.72429656982422,14592300
2017-09-08,69.55099261047647,70.42520443679842,69.49586240560669,69.63762664794922,14242200
2017-09-11,70.40160422337149,71.07892185414933,70.05506794471943,70.71663665771484,13219000
2017-09-12,71.01592006772402,71.8665059085208,70.96078983778781,71.58297729492188,14003800
2017-09-13,71.36245731812264,72.06340139746399,71.134058931442,71.78775024414062,12485400
2017-09-14,71.82712808204259,72.0870303252403,71.46484283792365,71.64598846435547,10562800
2017-09-15,71.73262786483474,72.22879999512438,71.48060306724783,72.15792083740234,18171800
2017-09-18,72.40206953137935,73.35503850294546,72.3390618286117,73.18177032470703,11318700
2017-09-19,73.01637593956617,74.31588120225805,72.86673415520467,73.98509979248047,12626100
2017-09-20,74.11110137401059,75.04832127837257,73.80394638176064,74.50489044189453,15311600
2017-09-21,74.39463232457803,75.1113313348766,74.18198886507689,74.84355163574219,10851500
2017-09-22,74.58365377317382,74.80418071840197,74.37101030120635,74.68604278564453,8358300
2017-09-25,74.43397828131523,74.72537821671287,73.59914174171733,74.12682342529297,10463400
2017-09-26,73.85906633898244,74.05596084554136,73.51253008464083,73.79605865478516,9358100
2017-09-27,74.79631733534806,75.38700110159489,74.48916225759939,74.96170806884766,15090200
2017-09-28,75.28458470414233,75.51298306511856,74.74903738581109,75.11919403076172,10270400
2017-09-29,75.05618983753106,75.229451959499,74.83566293833408,75.2215805053711,11438400
2017-10-02,75.42634237891036,76.30055443917817,75.18219512182877,76.26905059814453,13797200
2017-10-03,76.26119260259658,76.73373828400685,76.21393382833452,76.67073059082031,9633500
2017-10-04,76.63137783700657,76.74163832815366,75.82804453436796,75.89105224609375,12166600
2017-10-05,76.04945802929173,77.15851383432582,75.69297861232658,76.91293334960938,14236200
2017-10-06,77.2773683997365,77.34866188964148,76.42181025765709,76.77828979492188,10231900
2017-10-09,76.80994869488292,76.89708917876585,76.16035984294415,76.37425231933594,7765100
2017-10-10,76.41385785467875,76.98422973376019,76.2395768867519,76.94461822509766,10631500
2017-10-11,76.70697205923807,76.84956503784674,76.16036463392683,76.71488952636719,14283600
2017-10-12,77.07931996227055,77.23775396310852,75.7484538060745,76.04155731201172,18251600
2017-10-13,75.6375335274693,76.61191391927333,75.22559553825855,75.93856048583984,13190600
2017-10-16,76.31881465035616,77.59422821522107,76.31881465035616,77.50708770751953,12434000
2017-10-17,77.68925827443364,77.77639874404251,77.09512200557323,77.33277893066406,10335700
2017-10-18,77.75266755336416,78.06954157454592,77.3407295126671,77.62591552734375,10158600
2017-10-19,76.99214155032337,77.79224071774794,76.9129185450311,77.720947265625,9133900
2017-10-20,78.6477897709074,79.13102103957114,78.21209350897303,78.82999420166016,15326600
2017-10-23,78.83001852702576,79.21026243499992,78.61612604040583,78.69534301757812,9238600
2017-10-24,79.12312866711636,80.16089110097786,79.02807070398323,79.9469985961914,13000800
2017-10-25,80.20842674659481,80.36686072755901,79.36871576852037,80.0262222290039,14632700
2017-10-26,80.28763006439571,81.13526441033011,80.26386557568497,80.5965805053711,13054400
2017-10-27,80.35101473910417,80.98476271120035,80.0499877764862,80.62035369873047,10400400
2017-10-30,80.11332810407846,80.7470758417466,79.90736522662272,80.33514404296875,8839500
2017-10-31,80.30349128496681,80.56490675087494,79.66974326924087,79.70143127441406,8690200
2017-11-01,80.08959158475956,80.56489953203057,79.79648813994113,79.9469985961914,8418200
2017-11-02,79.90738682015409,80.62034566286206,79.3449384218186,80.47775268554688,8731800
2017-11-03,80.08956362159252,80.43020197291253,79.79646027911075,80.33514404296875,7103500
2017-11-06,80.27971001325695,80.5569785104791,79.7410321289511,79.83609008789062,8121500
2017-11-07,79.66179037336967,79.81230683145644,77.83185256764858,78.22794342041016,18822600
2017-11-08,77.84770518583183,77.92692820332664,76.9604654110197,77.3486328125,18524700
2017-11-09,76.93669751084289,77.80809626982636,76.69111704646336,77.34070587158203,13697800
2017-11-10,77.48331747140594,77.90317295347072,77.23774299182892,77.24566650390625,9314000
2017-11-13,76.59606735878518,77.67343519132406,76.54061486933985,77.52291870117188,9303100
2017-11-14,77.11097922175053,77.45954117360247,76.72281180328591,77.05552673339844,11043800
2017-11-15,76.3584101183883,78.22003630783506,76.00984816085396,77.78433990478516,15384100
2017-11-16,78.05368590394532,78.47354136686252,77.87940490940566,78.00615692138672,9808000
2017-11-17,77.49122252770465,77.95861292704792,77.29317708002151,77.74472045898438,9017900
2017-11-20,77.99030348179085,78.54483442278449,77.44370209572939,78.43392944335938,9483200
2017-11-21,78.8220954838041,78.86170699455924,78.35471108500703,78.37055206298828,13389400
2017-11-22,78.44976616705911,78.83793357399554,78.1012042255591,78.14081573486328,7342200
2017-11-24,78.29133591947647,78.34678840880366,77.83979249384981,77.88732147216797,3680000
2017-11-27,77.87940372810557,78.52899266998381,77.57837677001953,77.57837677001953,13076200
2017-11-28,77.800173614228,80.56488639546947,77.61005167509374,80.29554748535156,16773000
2017-11-29,81.1273396922933,82.56118679245297,80.77085426189069,82.17301940917969,21105500
2017-11-30,82.97311671042031,84.49411029872972,82.41859189021761,82.79883575439453,23945900
2017-12-01,83.09986630558605,83.43258118814339,80.96097196657378,83.01272583007812,19683500
2017-12-04,85.34175335536375,85.87251374430785,84.58125346079957,84.72384643554688,23576600
2017-12-05,83.63856096716587,85.08825519961732,82.48197619428367,83.74946594238281,17193900
2017-12-06,83.61481224072931,83.78116973491429,82.80678321883775,83.1236572265625,15476200
2017-12-07,82.34730816625736,83.3296180986403,82.17303322070724,82.8780746459961,13371800
2017-12-08,82.9810651399619,83.92376366127021,82.65626761639989,83.91584014892578,13506900
2017-12-11,83.7494592792988,84.01879818514915,83.4246618463844,83.67024230957031,10591200
2017-12-12,84.69215781982383,85.05656071688351,83.60686659493689,84.64462280273438,15508800
2017-12-13,84.52580698266775,84.85060446529987,83.55935013385393,83.58311462402344,15020300
2017-12-14,84.06634435580193,84.32775978620319,82.8939124991157,82.90975952148438,13034200
2017-12-15,83.80492899429161,84.38321843169692,83.3375385022151,84.08219146728516,29350600
2017-12-18,84.91397022283275,85.26252610971024,84.35152186250077,84.73176574707031,12713100
2017-12-19,85.04072745461961,85.15163243932508,84.31984505403398,84.37529754638672,12149900
2017-12-20,85.2387763859644,85.34176390726816,84.04257995234238,84.08219146728516,13091500
2017-12-21,84.43867991863334,85.61111198569584,84.41491542468431,85.42098999023438,12323700
2017-12-22,85.71407044661649,85.92003941195564,84.6129382010946,85.11993408203125,14573400
2017-12-26,84.92189748852887,85.54772191645911,84.2881555931627,84.77930450439453,7403700
2017-12-27,84.50204167881839,84.993196631776,84.50204167881839,84.937744140625,9496500
2017-12-28,85.08034699255127,85.42890295855709,84.89022500710546,85.38929748535156,7440600
2017-12-29,85.62693910798377,85.77745560379162,84.71593475341797,84.71593475341797,8925700
2018-01-02,85.26252379772062,85.57147421200618,84.61293497231672,85.51602172851562,13578800
2018-01-03,85.44474595854275,85.94381841328286,85.14371899210931,85.60317993164062,11901000
2018-01-04,86.28801573306247,87.61784987356147,86.16060341822603,86.82950592041016,12953700
2018-01-05,87.00468037639804,87.23561060219888,85.82614096116491,86.2720718383789,14155000
2018-01-08,86.12076832854065,86.54281087539455,85.76242584651894,86.39947509765625,12466500
2018-01-09,86.57468766455986,87.29932546279117,86.39153398018946,86.83747100830078,13292300
2018-01-10,87.17189485143422,88.15135093102793,87.10818871160728,87.79301452636719,15834500
2018-01-11,88.12746927020463,88.33451120252543,87.63376183782346,88.2628402709961,13676800
2018-01-12,88.90785307561484,89.86342092968938,88.2628390025299,89.72008514404297,18884200
2018-01-16,88.7963829562325,90.32529416974543,88.44600519154504,89.40157318115234,22703300
2018-01-17,89.09896867734814,90.22176671837532,88.63710823173331,89.97490692138672,14940300
2018-01-18,89.7917566012466,90.55621210406086,89.40156102531618,90.18991088867188,14572900
2018-01-19,90.7314043423796,91.049922923903,89.82361301926244,89.99083709716797,18785500
2018-01-22,89.71211275969564,91.0897229739493,89.58470049171657,91.04194641113281,12475700
2018-01-23,90.51637335501366,91.28879346640916,90.2615549128848,90.94638061523438,12320800
2018-01-24,91.46403110966786,92.37182267405699,91.30477177657838,92.10903930664062,15904500
2018-01-25,92.40363683658698,92.50715475195939,91.6391814240983,92.13288879394531,13510000
2018-01-26,92.13291908292125,92.62663269042969,91.54365231453308,92.62663269042969,13883900
2018-01-29,92.38771585286702,93.44680768881405,92.38771585286702,92.53105163574219,11679900
2018-01-30,91.99751878609372,92.84956862653175,91.55955276224054,91.66307067871094,14279100
2018-01-31,92.09311580347332,92.8973894088897,91.7029261846562,92.10903930664062,13141400
2018-02-01,92.18864611325412,93.16014360011938,91.95772196014265,93.06459045410156,13800600
2018-02-02,92.7619695447361,93.10438242090072,90.8508280516162,91.00212860107422,16477300
2018-02-05,89.98286787249431,91.24899557506211,82.80016728715461,86.63837432861328,30097600
2018-02-06,85.08556986528475,89.56879102241427,84.89445750873917,89.27415466308594,33114800
2018-02-07,88.8282292458771,91.13751939021743,88.50970458189313,89.87935638427734,21878300
2018-02-08,90.07044199021826,90.07044199021826,85.87389339549166,85.90574645996094,27425800
2018-02-09,86.87727660533534,88.43008219142524,84.59187456006397,87.62580871582031,28188000
2018-02-12,88.52561944825946,89.76786490911924,87.6496812642386,88.9795150756836,18043300
2018-02-13,88.64508095951635,90.02269763267506,88.23100312400013,89.52898406982422,16358200
2018-02-14,89.68823857117768,91.79049286275689,89.60860892346007,91.59938049316406,15186900
2018-02-15,92.16474545591015,92.3638225838629,90.95435919111218,91.98159790039062,12130200
2018-02-16,91.21715315000046,92.42753955667239,91.17733528960198,91.32067108154297,13214300
2018-02-20,91.29678214396507,91.88604880647199,90.7552920533134,91.34455871582031,13461500
2018-02-21,91.57546033350766,93.52641336264651,91.3126771196839,91.72676086425781,14212500
2018-02-22,91.97363280530732,92.71419996181866,91.38436620964454,91.55955505371094,17070400
2018-02-23,91.82233052137796,93.47865364738553,91.82233052137796,93.41494750976562,12162500
2018-02-26,94.07588065446394,94.68107678307862,93.42290796252622,94.57755279541016,16511200
2018-02-27,94.68906910584734,95.02351729707436,93.44682342002055,93.45478820800781,17563300
2018-02-28,93.82106831082793,94.35459355390691,91.84622053485928,91.9736328125,17735600
2018-03-01,91.95770642920725,92.8814211117028,89.70415196082126,90.32527160644531,18690000
2018-03-02,89.49713408384778,90.42881380244025,88.4858247105245,90.23770141601562,18353700
2018-03-05,89.22638354884133,92.3160588158916,89.09897125311836,91.6232681274414,13933000
2018-03-06,92.0851361447899,92.22847195156697,91.03400892020908,91.70291137695312,10674400
2018-03-07,90.58009622160448,91.65511153312015,90.07045924317701,91.36048126220703,13006500
2018-03-08,91.66309802492013,91.75865725926019,90.15011022897988,91.36846160888672,11173700
2018-03-09,92.80977862918388,94.02812993155497,92.10902310599303,93.99627685546875,15366600
2018-03-12,93.96439888335651,94.5616302321914,93.36716753452161,93.69365692138672,12339300
2018-03-13,94.12366093931499,94.33866763347258,92.23641370921845,92.57086181640625,13312300
2018-03-14,92.81772469935316,92.84161298432583,91.256960635832,91.5356674194336,12905100
2018-03-15,92.26827219871315,92.37179012120502,91.44011059272216,91.76659393310547,8748000
2018-03-16,91.84622183161962,92.84957226847514,91.84622183161962,91.92585754394531,19888900
2018-03-19,91.65510561643869,91.93381237175089,90.2217539853967,91.20121002197266,13214900
2018-03-20,91.47197201241883,91.93382638791375,91.13751777970194,91.288818359375,9921200
2018-03-21,91.42420297674671,92.87348461646026,90.94641895575333,91.36846160888672,13633000
2018-03-22,90.14214143047542,90.46066612208533,87.22765477932464,87.55413818359375,22550400
2018-03-23,87.80894375389502,88.32654554190084,85.0139050342977,85.21298217773438,23081500
2018-03-26,86.94895080773372,88.51767995326158,86.51894337124233,87.84081268310547,20217500
2018-03-27,88.44599191120054,88.93970540773233,85.4439112997477,86.1366958618164,18039900
2018-03-28,86.2242852980853,86.93299939259305,84.9263046017586,86.0013198852539,19189300
2018-03-29,86.39948607560933,88.21506877408183,85.82614289180692,87.57006072998047,13274600
2018-04-02,87.56207779677626,88.17523871502327,84.47240314977968,85.88186645507812,18822500
2018-04-03,86.28800445417862,87.1957958149914,85.41206616791136,87.0604248046875,14050700
2018-04-04,85.2846535969232,88.5574825729355,85.22094744803593,88.38229370117188,15302600
2018-04-05,89.3427065840077,90.30312635931124,89.15062507141145,89.54279327392578,16627000
2018-04-06,88.47832595342088,89.27867261566382,86.29337687878707,87.309814453125,18906000
2018-04-09,88.04613404212401,90.42316449849538,87.95009024877966,88.35826873779297,15974300
2018-04-10,89.74287666366709,90.33513764048108,89.17463121793554,90.04701232910156,13951400
2018-04-11,89.36673957719012,89.48678672966784,88.45433847522281,88.53437805175781,14503300
2018-04-12,89.28669665830205,91.55167981141753,89.2386777991085,90.7353286743164,16435500
2018-04-13,92.055875337604,92.15992431721408,87.27781063713934,88.27824401855469,39152800
2018-04-16,88.79045536125636,89.2146380899302,87.87005553340475,88.2061996459961,16580500
2018-04-17,89.13460464971705,89.5747916239695,88.03012241383108,88.2061996459961,15501400
2018-04-18,88.46231520865763,88.89450313709258,87.14974717688939,87.493896484375,16081400
2018-04-19,87.66196518802946,89.5347794727565,87.63795576617504,89.41472625732422,17911000
2018-04-20,89.87897302655371,90.23112156409559,88.74247561445912,89.21468353271484,15584400
2018-04-23,89.29468449284482,89.59881405226866,88.5423566120752,88.78246307373047,11285800
2018-04-24,89.43875666302276,90.35915672239805,87.71000460998796,88.36629486083984,16453100
2018-04-25,88.25423986713774,88.46233174702712,86.91766216271601,88.03014373779297,13548200
2018-04-26,88.0141288176446,88.6944223010097,87.50990648158842,88.11817169189453,10299500
2018-04-27,87.67799085847739,88.16620287534789,87.34184057530533,87.55793762207031,9384000
2018-04-30,87.83804376093947,88.27823685550851,87.03769712074867,87.06170654296875,13744900
2018-05-01,86.79759068622732,87.21377435857629,86.06927841885705,87.06170654296875,10503400
2018-05-02,86.52548855342475,87.62996488198137,86.22135898340049,86.37342071533203,12162100
2018-05-03,86.10930563273934,86.25336829488211,84.18047310166463,85.82918548583984,15379100
2018-05-04,85.18092987010081,87.02972945174574,84.82077616926395,86.78162384033203,11967900
2018-05-07,87.04572348900581,87.78204111176657,86.72558353375625,87.533935546875,9356700
2018-05-08,87.6619769815631,89.11060261916441,87.46189029764419,88.83048248291016,12543200
2018-05-09,89.19062731270274,90.95138739526755,88.86248227480876,90.7673110961914,11368100
2018-05-10,90.59126123329207,91.59169478836894,90.23910666793323,91.47164154052734,9159700
2018-05-11,91.63169579704562,91.82378340949712,90.97541171990547,91.12747955322266,10253000
2018-05-14,91.32755692742374,91.79975852103928,91.03142646803342,91.15948486328125,8710700
2018-05-15,91.16746643297998,91.16746643297998,90.0949990220412,90.4631576538086,11536200
2018-05-16,90.35111969567897,90.99139936506576,90.14302788720435,90.71127319335938,7571100
2018-05-17,90.59923938644813,90.76731755831517,89.79889272718212,90.40715789794922,8617200
2018-05-18,90.23909164068098,90.27911141868441,88.71042649213,88.9425277709961,11806300
2018-05-21,89.6788319239677,90.07100001741964,89.57478296620327,89.75886535644531,9441900
2018-05-22,89.91894236722435,91.47161677835274,89.87092352355157,90.44717407226562,11507600
2018-05-23,90.04700095261815,90.25508667975541,88.93451962662672,90.03099060058594,11453900
2018-05-24,89.75087239227194,89.75887756845668,88.13417485409266,89.0225601196289,14084800
2018-05-25,88.40629510050556,88.90251224908202,88.19820325030761,88.56636810302734,8283500
2018-05-29,87.3818659938397,87.39787024351796,84.00440143869591,84.7807388305664,30643800
2018-05-30,86.14933715401071,86.91766942142738,85.35699545732511,86.71758270263672,17490800
2018-05-31,86.397394426854,86.58948196593425,85.17286536947111,85.64507293701172,19808200
2018-06-01,86.70955866391003,87.18977156948584,86.27737681874898,86.75758361816406,13594200
2018-06-04,87.22979542364843,87.44589247761587,86.65354475461719,86.797607421875,9415400
2018-06-05,86.62952711571887,86.68555114177714,85.69312292039031,86.30938720703125,10415200
2018-06-06,86.96569148657561,88.63040829072679,86.8216288096031,88.32627868652344,15453600
2018-06-07,88.98255823831619,89.23866897228615,88.06215818911859,88.67842864990234,13444400
2018-06-08,88.53436832400881,88.95054598791609,88.08616994807592,88.9265365600586,10383200
2018-06-11,88.93453201260816,89.5668066704138,88.65440576847273,88.70243072509766,12642900
2018-06-12,88.95052769353029,89.26266240380468,87.6539639004333,88.19020080566406,15294100
2018-06-13,88.4063054845268,89.19864709505413,87.70200250918711,88.0141372680664,14979700
2018-06-14,88.26224423033058,88.32627343988429,86.26137722798845,86.46146392822266,20487300
2018-06-15,86.27738841536691,86.74158492370346,85.05285266895056,86.357421875,26028600
2018-06-18,85.84519489991575,86.75758971476816,85.38899749248955,86.58151245117188,9786800
2018-06-19,85.55705921612085,86.34139552384586,85.31695277554194,86.07728576660156,12707200
2018-06-20,86.58151159224353,86.94967036421929,85.98925670742696,86.06929016113281,8876900
2018-06-21,85.71712775910511,86.60551305775832,85.26093039813406,86.04527282714844,11048700
2018-06-22,86.5655038636552,86.73357594152857,84.44458384183456,84.63666534423828,19478900
2018-06-25,84.56462804767484,84.59663653952613,83.20403510990697,83.86832427978516,16907600
2018-06-26,83.80429370979331,84.20446701913595,82.52374034112894,83.92434692382812,17086800
2018-06-27,83.78030904259242,84.77273743326782,82.61980854507246,82.6278076171875,16276800
2018-06-28,82.97994384940255,84.40455995977389,82.8438863795717,83.98037719726562,14491300
2018-06-29,85.38098053507426,85.55705777437694,83.35610449541392,83.3961181640625,18972400
2018-07-02,83.01197640202986,84.10844768047566,82.73985529735677,84.10044860839844,11130000
2018-07-03,84.36454613854272,84.66067050103736,82.85188530161368,82.92391967773438,8311700
2018-07-05,83.79299591235211,83.99416992109722,83.31017951923253,83.46307373046875,10723400
2018-07-06,82.98026887385885,84.09074734635487,82.23994375285045,83.73667907714844,12173700
2018-07-09,84.25969841067563,86.4726119113474,84.25969841067563,86.32776641845703,13900800
2018-07-10,86.92324595232883,87.22903431483863,85.72425081433744,85.79667663574219,14575900
2018-07-11,85.54722563289317,86.15074760352728,85.46675726467721,85.61160278320312,10186500
2018-07-12,86.44042687797388,86.55308380601473,85.27362034926134,85.98175048828125,12456800
2018-07-13,86.34388724786368,86.74623526646631,84.60574086061538,85.58747100830078,21289100
2018-07-16,86.1427155216515,89.13617970234402,86.08638704312797,88.98329162597656,24662600
2018-07-17,89.0717860836561,89.2649113696866,88.31537001596857,88.91889190673828,14821900
2018-07-18,88.85454377687789,90.22253085955651,88.67750964882055,89.74775695800781,14244900
2018-07-19,89.36953236115963,89.39367225793707,88.29929138818721,88.42803955078125,16775300
2018-07-20,88.5165448440842,89.91671392532933,88.33951077210126,89.54655456542969,13578100
2018-07-23,89.36952590073942,91.92845914299731,89.26491764248483,91.2122802734375,18140000
2018-07-24,91.37323980663263,92.36301251956097,91.26862538995273,91.8560562133789,14000400
2018-07-25,91.63878343239949,92.95848445559872,91.2364354097328,92.68489074707031,13329100
2018-07-26,92.87802622076167,93.01482308996343,92.20208441575703,92.41934967041016,11897800
2018-07-27,92.68489081442425,93.58615259601625,92.38715106727084,93.36888122558594,12802700
2018-07-30,93.57003496860338,94.64028195128783,93.39300089455425,93.9321517944336,13411600
2018-07-31,94.21381579514716,94.21381579514716,92.39520098792582,92.49980926513672,15843800
2018-08-01,93.14356379851749,93.89998001771305,92.76535568891971,93.0711441040039,13531600
2018-08-02,92.19400267599504,93.54589194058099,92.00087739229477,93.46542358398438,11058100
2018-08-03,93.34473187978018,94.25403610948008,93.29645208650109,94.22184753417969,11016100
2018-08-06,93.98045863913423,94.57593203654726,93.48959352498412,94.24600982666016,9857400
2018-08-07,94.74490619409691,95.18749145391283,94.41498402351505,94.5920181274414,10562100
2018-08-08,94.4150043729235,95.17141460817096,94.374767108143,94.78516387939453,8997100
2018-08-09,94.55983414257294,94.72881957561553,93.90802617015882,94.05287170410156,9694200
2018-08-10,92.9423739117829,93.30448460115682,92.28252353737683,93.12745666503906,12630600
2018-08-13,92.99065307276027,93.24815550641773,91.59048397345673,91.64681243896484,10336300
2018-08-14,91.95260394235115,92.57222326482896,91.45369638015869,92.25839233398438,10597600
2018-08-15,91.59050036350291,92.00089705098357,90.9065099772641,91.49393463134766,10152100
2018-08-16,92.01699433415943,92.78950182428161,91.97676321428429,92.35496520996094,10118600
2018-08-17,92.25035693107299,92.59637648658702,91.97676321428429,92.35496520996094,8505100
2018-08-20,92.21011452129311,92.58028009526853,91.82386386747864,92.23426055908203,8618700
2018-08-21,92.83777601144978,93.65856319726124,92.44347056691694,92.79753875732422,10976700
2018-08-22,92.78950865391835,92.86998317827945,92.36302068791919,92.51591491699219,8314700
2018-08-23,92.50783815105912,92.66073233371304,92.08135031454282,92.32276153564453,9265400
2018-08-24,92.52395827758507,92.71708361839053,92.09746419676314,92.28254699707031,8845700
2018-08-27,92.71706618279639,94.37473783661527,92.67682893049599,93.91606140136719,13768000
2018-08-28,94.14944423138546,94.17358413222667,93.3206082260025,93.45740509033203,8302600
2018-08-29,93.62638669282798,93.6424840522908,92.82973930104502,93.15161895751953,7221700
2018-08-30,93.01479029844913,93.37690711433574,92.52393147844028,92.69291687011719,8991800
2018-08-31,92.40323085799682,92.41127339659951,91.5904862871269,92.20205688476562,13065700
2018-09-04,92.00892821636596,92.7331557696405,91.43759485193343,92.66073608398438,10174200
2018-09-05,92.5400265254462,93.10331118769022,91.9365046133237,92.21009826660156,11462400
2018-09-06,92.13771374925904,92.29865053151113,91.33301755930917,91.81583404541016,9877600
2018-09-07,92.13769679042878,92.35496202041381,91.43760902386619,91.99285125732422,10955600
2018-09-10,92.41933661368026,92.51590234618594,91.46175252520831,91.50198364257812,8276900
2018-09-11,91.36520365307956,92.20208840453591,91.07551254144681,92.08138275146484,9333800
2018-09-12,91.93651848630333,92.44347475882132,90.80994285247559,90.99502563476562,10800800
2018-09-13,91.22842917977933,91.83999399731651,90.66513804024217,91.34912872314453,12470800
2018-09-14,91.5824463397084,92.12963984463474,91.11572734322009,91.33299255371094,10337900
2018-09-17,91.56637440643608,92.08137944432112,91.17207501728691,91.60660552978516,9561300
2018-09-18,92.00089313203797,92.26644427964578,91.38127378761976,91.97675323486328,7944200
2018-09-19,92.08939014644866,95.00238503952026,92.08939014644866,94.64832305908203,16052800
2018-09-20,95.35646656961049,95.95193983170435,95.0184957564769,95.46107482910156,15590000
2018-09-21,95.86342966957106,95.94390417886284,94.74490275105822,94.83341979980469,24788200
2018-09-24,94.76100261817606,95.32428736207711,93.69075546542082,93.92411804199219,12492500
2018-09-25,94.18162297713727,94.92999052178472,93.60224086007558,93.6585693359375,9308300
2018-09-26,93.94826395450595,94.04482969078992,92.26645215479631,92.55613708496094,14023600
2018-09-27,92.87799797427279,93.15159776881214,91.86408557512158,92.15377044677734,13283000
2018-09-28,91.45370308675272,91.92847078744153,90.54439266306757,90.80189514160156,15815100
2018-10-01,91.22838428782171,92.22620557115458,90.96283314439944,91.33299255371094,10146300
2018-10-02,91.22032429825872,91.8318948783667,90.77773911409987,91.71118927001953,13753100
2018-10-03,92.49175910685103,93.07114120226956,92.12159968796547,92.57222747802734,17142000
2018-10-04,92.82341958863094,94.6547632183753,92.54790383065362,93.40685272216797,16357400
2018-10-05,93.86064198812312,94.0794286397008,92.3939386620349,92.88014221191406,13777600
2018-10-08,92.5803336146612,93.82013928133365,91.85103434534327,93.4473876953125,14370900
2018-10-09,92.92068422641341,93.21240397499585,92.11035296531483,92.79913330078125,14069500
2018-10-10,92.94497996994471,93.14756275643748,90.3276138305664,90.3276138305664,23086400
2018-10-11,89.92243713471001,90.32760265757896,87.01334546569657,87.62109375,33705600
2018-10-12,89.4362464454559,89.80899801254647,85.57096360554125,86.66490936279297,32075700
2018-10-15,86.86750147090439,88.20454917665649,86.15441224626024,86.17061614990234,18903200
2018-10-16,86.83509046077224,88.14782298913744,86.48664781312327,88.01817321777344,19302800
2018-10-17,87.82368106925728,89.78468700028897,87.70213635195694,88.99866485595703,18794500
2018-10-18,88.3422845439559,89.00675572902932,87.36178475758751,87.58867645263672,17582500
2018-10-19,87.23214512736631,88.50436472130569,86.92421534922656,87.44283294677734,15234500
2018-10-22,87.63729895816451,87.79125764430273,85.98422297493191,86.18680572509766,16199100
2018-10-23,84.43651088869039,86.02476552481633,84.03134527755016,85.28736114501953,21407500
2018-10-24,84.8902843377408,85.10907100567478,83.39117309976753,83.6990966796875,23168900
2018-10-25,84.42029570116091,85.81406620637084,84.04754413061292,84.97132110595703,17464700
2018-10-26,84.27442922286848,84.72821263264431,83.24531150931674,83.80443572998047,19174900
2018-10-29,84.64718243832067,86.40559936831697,84.03132909691874,84.96321105957031,18445200
2018-10-30,85.66011510765449,86.68923925019926,84.97133478634959,86.46234130859375,18019700
2018-10-31,87.58059332800624,89.52538935005998,87.3455965495342,88.34230041503906,20860000
2018-11-01,88.82849451017252,89.31469191784626,87.77506164159983,88.30988311767578,13065000
2018-11-02,89.05539145874808,89.79278956424533,87.10249048908223,87.82368469238281,19009200
2018-11-05,88.01008465291696,88.56111019463698,87.85611972465573,88.39904022216797,10276400
2018-11-06,88.05867065003578,88.86900167178784,87.32127263505565,88.8122787475586,10825000
2018-11-07,89.436240653657,90.53829138165962,88.60969951648737,90.33570861816406,12679600
2018-11-08,89.95486791691556,91.51070233151401,89.94676287389075,91.06501770019531,11662500
2018-11-09,90.94346833067576,91.04880915528298,89.80900347615074,90.18175506591797,10432200
2018-11-12,90.28710258846631,90.70847828282714,88.00196880700659,88.28558349609375,13279700
2018-11-13,88.4071234445101,90.0439957595565,88.4071234445101,88.80418395996094,13746100
2018-11-14,89.32281647756241,89.71177201575789,85.8789086623699,86.97285461425781,18361400
2018-11-15,87.71023832489627,89.20125079417271,86.5514645809287,89.19314575195312,19100000
2018-11-16,88.69073164491564,89.75226953272626,87.96143864006609,89.12831115722656,13798600
2018-11-19,89.10399267989256,90.10880135119424,88.75555011565335,89.8089828491211,13987000
2018-11-20,88.95816658145937,89.53350104612974,87.4995739925637,87.88042449951172,18936200
2018-11-21,88.3504046077002,88.82039816012256,87.22404479980469,87.22404479980469,10619600
2018-11-23,86.49472552542822,87.02144188946413,85.94370022160113,86.42179870605469,6488400
2018-11-26,87.28887062449833,89.12022071589247,87.07007775650888,88.53678131103516,13948300
2018-11-27,88.13159838836096,89.1607160042387,88.0262514051363,88.90951538085938,9238200
2018-11-28,88.97434028221517,90.27086855845182,88.22073225566285,89.89811706542969,13977300
2018-11-29,89.35519684466284,89.78467746876088,88.84469053918995,89.18502807617188,11144300
2018-11-30,89.01488383956176,90.20607172961648,88.79609712901585,90.1007308959961,18652700
2018-12-03,91.0650068335856,91.47827742582668,90.54639542393767,90.9515609741211,16034500
2018-12-04,90.4329346658774,90.4329346658774,86.48662681392985,86.89179229736328,23555900
2018-12-06,85.09288676995632,85.37650147257682,83.36687724109751,85.2387466430664,27213900
2018-12-07,85.2144180011139,86.68922029624288,83.39117309976753,83.6990966796875,19248600
2018-12-10,83.35876406885322,83.86116540371846,80.44967214968231,82.13516235351562,23636400
2018-12-11,83.56944865408059,83.99892935355768,81.2032831973895,81.33293914794922,16860700
2018-12-12,82.37825192399218,83.38306062679662,81.08171738604919,81.85963439941406,22621500
2018-12-13,82.28913173284623,82.62946933612804,81.57603635568118,81.94068908691406,17250900
2018-12-14,81.02501797003688,82.60516757820002,80.91967713576067,81.26811981201172,19879500
2018-12-17,80.84672789742356,81.48689018273315,79.76899227604783,80.23088073730469,25113500
2018-12-18,80.56314124142865,81.75432931374517,79.50971419703168,79.85005187988281,20837200
2018-12-19,79.74470090694211,81.50311822745465,78.27799714731495,78.83712768554688,28767900
2018-12-20,78.28608905062126,79.63934052088798,77.54058591300154,78.15643310546875,31825200
2018-12-21,78.34280093918073,79.76088018215552,75.91991299223757,76.30886840820312,41313900
2018-12-24,75.27165056883354,76.34939234664448,74.66390228271484,74.66390228271484,17009300
2018-12-26,75.1096184899609,77.7593994140625,73.82929341046835,77.7593994140625,22542900
2018-12-27,76.8356005734168,78.7236736656172,75.80648271737068,78.63453674316406,20304700
2018-12-28,79.37192226970487,79.67174697778326,78.14832686022676,78.46435546875,17963300
2018-12-31,79.08020757937803,80.06881249177353,78.41573633729284,79.10452270507812,13237200
2019-01-02,77.75124851809633,80.85481739420302,77.74314966025858,80.47396087646484,15670900
2019-01-03,80.58018883859692,80.78441681238343,78.9872131360795,79.33031463623047,16286400
2019-01-04,80.96412262725666,82.45090173699191,80.28608439078691,82.25484466552734,16935200
2019-01-07,82.04245982187845,82.8920489194349,81.45428227491298,82.31204223632812,15430700
2019-01-08,83.02274674692798,83.17796198849523,81.32357488324182,82.15682220458984,13578800
2019-01-09,82.35286726580667,82.90836747639145,81.63398720668474,82.01793670654297,14230300
2019-01-10,81.70752125276927,82.28753415628833,81.09483735958474,82.00978088378906,14376100
2019-01-11,81.60131879631871,81.83005310197085,80.83341971373589,81.61766052246094,15439900
2019-01-14,80.7681061804958,82.80221568047857,80.59655537761003,82.45911407470703,21258500
2019-01-15,80.78441378292078,83.7089597536816,80.54750859430735,83.0635986328125,26504900
2019-01-16,83.52924674429545,84.50953858959738,83.1616388604431,83.73347473144531,18533000
2019-01-17,83.41486441042503,84.55037131400978,83.25964917398574,84.0765609741211,14247600
2019-01-18,84.77093609049112,85.69405042798437,84.00304322441995,85.44080352783203,16428700
2019-01-22,84.20726265144614,84.62388314645074,83.43119276816999,84.0928955078125,17083700
2019-01-23,84.50137854136703,84.71377117209289,83.30051691457744,83.88052368164062,12146700
2019-01-24,83.43120293851052,84.21543754725806,83.27599392896867,83.92951965332031,11296800
2019-01-25,84.5585648280814,85.21209070372619,83.92953908325438,84.46053314208984,14369400
2019-01-28,84.05204558784693,85.15487515304727,83.80696958111719,84.86078643798828,12283100
2019-01-29,84.86078924464306,85.86559342641743,84.73825746976736,85.09769439697266,9743300
2019-01-30,85.07320775485054,85.97180962989746,84.77911896191979,85.29377746582031,12526300
2019-01-31,84.47687306236881,84.79546824433382,83.92137265207576,84.5503921508789,17520600
2019-02-01,84.95881808718853,85.65319179620047,84.56669772292929,84.86078643798828,13000800
2019-02-04,84.78727673863594,85.16305541992188,84.15008652982317,85.16305541992188,9871500
2019-02-05,85.38361935074346,85.40813194029643,84.37882131805807,84.78727722167969,12763000
2019-02-06,84.72192308626066,85.46531582514835,84.52586599692843,84.74642944335938,8745000
2019-02-07,84.34615259937085,84.55038057176642,82.86754407364072,83.63543701171875,13177500
2019-02-08,83.39034721667261,83.60273976967588,81.7401821046219,82.80216979980469,12892600
2019-02-11,83.12892802200089,83.33315592657264,82.32018103246718,82.41004180908203,10978500
2019-02-12,83.28413833415716,84.07654361387829,83.23512563068282,83.81513214111328,12852300
2019-02-13,84.06021460017683,84.83627821683935,84.06021460017683,84.21542358398438,10754100
2019-02-14,83.7089617957353,84.22361403921677,82.79401824144742,83.6681137084961,11518500
2019-02-15,84.87713851416616,86.34757603625552,84.68108142439608,86.22504425048828,14716900
2019-02-19,85.70222706529802,86.07800577668075,84.80361902444483,85.92279052734375,12764900
2019-02-20,85.94728847392413,86.42926966980174,85.67770608805405,86.33940887451172,10030300
2019-02-21,86.14333387437604,86.58446692800308,85.74304889762874,86.15967559814453,8400100
2019-02-22,86.34757736131237,86.66617247428124,85.59601997854188,85.77574157714844,10647300
2019-02-25,86.3884062072352,87.63010916170192,86.3393935030911,86.67432403564453,11230700
2019-02-26,85.36728085381395,86.15968627617094,84.90981225226444,86.01264190673828,15465400
2019-02-27,85.9227914888766,86.08617137129117,85.37546202699045,85.90645599365234,9968800
2019-02-28,85.78390833576529,85.94728819983942,85.1058700580273,85.25291442871094,15156900
2019-03-01,85.85743381140303,86.51913664512591,85.12221190312358,85.31010437011719,13813300
2019-03-04,85.71036327696473,86.52727487411279,84.36245789516227,85.11402130126953,12466300
2019-03-05,85.06500339753767,85.40811100922629,84.35429428823758,85.04866790771484,10856600
2019-03-06,84.8444544260938,85.42446101776625,84.59121377928327,84.73008728027344,9070800
2019-03-07,84.34615070858455,84.52587231747073,83.45571976052132,84.11741638183594,12705700
2019-03-08,83.31680926950919,84.32978410362078,83.31680926950919,84.15006256103516,10582400
2019-03-11,84.94248997615162,85.40812944336547,84.68107845477793,85.24474334716797,9763200
2019-03-12,85.44079091639215,85.60417699439691,84.75458808639695,84.99149322509766,10219100
2019-03-13,85.11404018129107,85.75940123409713,84.91797686705529,85.27742004394531,13022200
2019-03-14,85.36730187256956,86.48647352839461,85.33462464547863,86.05350494384766,10926500
2019-03-15,86.11065999954249,87.24616669419422,85.96361565327256,87.04193878173828,24811700
2019-03-18,87.04195053170945,88.0549193691221,87.00110245068758,87.56477355957031,12935500
2019-03-19,88.38984914098084,88.55323523103102,87.04194973518365,87.24617767333984,12889300
2019-03-20,86.94392579335778,87.12364739208383,85.2937666489999,85.38362121582031,14920700
2019-03-21,84.54221751346076,84.54221751346076,83.55375478370755,84.03573608398438,19751000
2019-03-22,83.17795338285521,83.58640925415828,81.2990538818443,81.4951171875,31115200
2019-03-25,81.35625149777249,82.15682788603586,80.13088367234735,80.81709289550781,21032300
2019-03-26,81.54413404270468,82.01794437331111,80.72722225857318,81.62582397460938,15987100
2019-03-27,81.59314565912074,82.05878512051805,80.93961998012115,81.34807586669922,12753200
2019-03-28,81.69118777272661,82.34471976792564,81.47878893940548,82.27119445800781,12454100
2019-03-29,82.94921689641525,83.31682467784042,82.17314702195728,82.69597625732422,14523400
2019-04-01,83.4475277485198,85.5143132618378,83.42302139579927,85.48163604736328,17499300
2019-04-02,85.44898067123123,86.13518988548915,85.22841720783514,85.8901138305664,10295400
2019-04-03,86.43742413823676,86.88672806186447,85.60417695469454,86.0616455078125,11499200
2019-04-04,86.06164624335531,87.03297829373139,85.9793249650032,86.89303588867188,11952100
2019-04-05,87.09061774080266,87.34579617272448,86.42385167123417,86.68726348876953,9933700
2019-04-08,86.52263917812624,86.96714782714844,86.35800913636996,86.96714782714844,8056300
2019-04-09,86.4979290081486,86.59670450250476,85.81470253110086,86.32506561279297,9092200
2019-04-10,86.5391116458206,87.0247810126074,85.99582740865628,86.71197509765625,10882300
2019-04-11,87.01655471525709,87.85618444142393,86.8930790166755,87.4446029663086,11183800
2019-04-12,90.08693472755239,92.07075371923307,89.62595931004542,91.54393005371094,25834100
2019-04-15,91.30520052665715,91.37105504655916,89.82351151025796,90.49850463867188,15163800
2019-04-16,90.46559156689409,91.69210236132368,90.43266430177894,91.45338439941406,11583200
2019-04-17,91.94728833870728,94.38385591471686,91.37931023964205,94.08751678466797,17791900
2019-04-18,94.27684113588754,94.62256802904261,93.2890482182347,93.39605712890625,12501900
2019-04-22,92.87745134247514,93.78292907977018,92.73751518712375,93.51128387451172,7975900
2019-04-23,93.01738722545264,94.14512241110533,92.8939115615846,93.62652587890625,9193100
2019-04-24,93.23142058392709,93.96403497427424,92.8609935553996,93.47013854980469,9245700
2019-04-25,93.02561203212541,93.96401694260808,92.60579732578341,93.5195083618164,9311800
2019-04-26,93.79939933325085,94.31799592094245,93.5112936068854,94.22744750976562,7889300
2019-04-29,94.33445191801985,96.44175287379339,94.21097624682385,95.58566284179688,14242200
2019-04-30,95.84083760369839,96.07955555076641,94.87773870983429,95.52803802490234,11389100
2019-05-01,95.25639454590184,96.310041862293,94.75426476539772,94.79542541503906,10412900
2019-05-02,94.80363427097423,95.30576395481782,94.31797135591064,95.0011978149414,8613300
2019-05-03,95.48688104879336,96.04663198201288,95.21523582820886,95.58566284179688,8185400
2019-05-06,93.98871817082737,95.0505988168735,93.61006407909692,94.73779296875,9387000
2019-05-07,93.86523204617733,93.86523204617733,92.4329308535877,93.19023895263672,15017700
2019-05-08,92.73750311105611,93.56889282945845,92.57286682011085,92.69634246826172,9575800
2019-05-09,91.4863063572358,92.80336548426857,91.02533723283265,92.62226867675781,12205900
2019-05-10,91.98840841990571,92.88565252107873,90.992382558875,92.614013671875,13189000
2019-05-13,90.6137733419985,90.91833959498538,89.70829541001655,90.09517669677734,13783700
2019-05-14,90.17746971562046,91.96373113699683,90.13630907153131,90.8113021850586,10503600
2019-05-15,89.89760709869188,91.28875421660234,89.40371068317565,90.46559143066406,10142000
2019-05-16,91.05826556499657,92.33416405794293,91.0335654071279,91.6262435913086,9672700
2019-05-17,90.54789964353225,91.98843441058844,90.40796348770274,91.18173217773438,9570100
2019-05-20,91.02533949629012,92.03782617402851,90.85247607034049,91.65917205810547,8518200
2019-05-21,91.73325167209448,92.12836624416228,91.55215487646636,91.97196960449219,7967900
2019-05-22,91.7003209787612,92.02135391163755,91.16526399722306,91.22288513183594,7918900
2019-05-23,90.25155315945904,90.37502881398497,88.48998557690484,89.42839050292969,14558000
2019-05-24,90.15276305461786,90.5149565997184,89.88112417602456,90.30916595458984,8537300
2019-05-28,89.8893482602991,90.40794468794977,89.2637492418919,89.32959747314453,11665500
2019-05-29,88.44883329673954,89.23084166253786,88.12780033275108,89.08267211914062,9966400
2019-05-30,89.43662425334824,89.87289945825395,87.69975053855681,88.12779235839844,10367800
2019-05-31,86.8930618150784,87.7409184811343,86.30038360340299,87.22232818603516,10952800
2019-06-03,87.09061936720754,87.96316985154445,86.67903800210776,87.63390350341797,11680700
2019-06-04,88.77808548726502,90.46557133569347,88.18540740820269,90.3338623046875,12858600
2019-06-05,90.43265605758857,90.8606979045963,89.42839654394636,90.6549072265625,8340500
2019-06-06,90.67138882561571,91.26406708011353,89.66712914774263,90.85248565673828,8726700
2019-06-07,90.30096298789164,90.5643748511763,89.69182423158976,89.85646057128906,10618900
2019-06-10,91.16526612924861,91.54392020559317,90.72899091694363,90.82776641845703,11380600
2019-06-11,91.22288539700213,91.84025738974854,90.85246471344735,91.1076431274414,9847700
2019-06-12,91.12411395099828,91.28875026920713,89.63419138255014,89.94699096679688,9670500
2019-06-13,90.10340358331422,90.67962133862677,89.76591008512084,90.16925811767578,8406900
2019-06-14,90.1939438060571,90.7948553871184,89.42016879817275,90.39973449707031,9077400
2019-06-17,90.30094495922569,90.85246873681334,89.77412133783717,89.90583038330078,8128600
2019-06-18,89.73298045921632,91.7085724764942,89.70828657953835,91.13235473632812,11057300
2019-06-19,91.22288302121012,91.85671548728666,90.30093860850266,90.47380828857422,13126500
2019-06-20,91.27230862789999,91.44517209943993,89.74945837651327,90.70433044433594,13638000
2019-06-21,90.70430135604519,91.92257865436675,89.79881734754971,90.08692932128906,27089500
2019-06-24,89.9551962037006,90.35854406668696,89.34605771752486,89.44483947753906,13039600
2019-06-25,89.4613181497926,89.70826945991269,88.62992210463652,88.70401000976562,18660100
2019-06-26,89.14852997499416,89.97991984600102,89.03328769029552,89.29669952392578,10324600
2019-06-27,89.59303283691406,90.17748392998881,89.2637727532309,89.59303283691406,10906600
2019-06-28,91.40398141945975,92.54817700066423,91.28873915086598,92.02958679199219,21634700
2019-07-01,93.20671248692145,94.26858681144674,93.08323682958067,93.57713317871094,12724500
2019-07-02,93.43720825036932,94.00518629396268,93.19849029224255,93.6759262084961,10174900
2019-07-03,93.9577521409198,94.39712228729307,93.0624474753832,93.52667999267578,6849400
2019-07-05,94.09869089180357,94.72871896714793,93.60958332509,94.08210754394531,7929400
2019-07-08,93.64275948520695,94.07383805648885,93.26142464119305,93.56815338134766,6917200
2019-07-09,93.07903738413002,94.08211496912159,92.97127091332243,93.96605682373047,8947300
2019-07-10,93.98264131572404,94.36397613017397,93.46037333041868,93.69248962402344,9242300
2019-07-11,93.98263206904066,94.8033306905955,93.77538449518481,94.5877914428711,11595200
2019-07-12,94.61265714469758,95.62402628504898,94.44686162073899,95.58258056640625,10783400
2019-07-15,95.78155614397956,95.80642484521469,94.1152835895797,94.42201232910156,12946600
2019-07-16,94.0738513755737,95.74840952112892,93.60961236195068,95.43339538574219,16945000
2019-07-17,94.8613703434181,95.28415721217515,94.28107960174744,94.49661254882812,13120900
2019-07-18,94.44687451055727,95.39192304042501,94.13186044216626,95.0603256225586,9397200
2019-07-19,95.24270910834487,95.43337968833221,94.00751515008079,94.12357330322266,10402800
2019-07-22,93.601308134395,94.87794777149554,93.48524366087291,94.72872924804688,9061100
2019-07-23,95.23442551655575,96.53594033699855,95.18468811090047,96.46133422851562,12752200
2019-07-24,95.81470657714966,96.89239024190202,95.76496285514655,96.85094451904297,10011000
2019-07-25,96.90067893278956,97.19082428264724,95.59916437083284,95.92247009277344,10138400
2019-07-26,95.97222636312758,96.58568388026704,95.77327041619627,96.34527587890625,12800400
2019-07-29,96.54422838866952,97.14110253290907,95.98880629738368,96.03854370117188,8500400
2019-07-30,95.49139934105348,96.22920023808396,95.13493324166953,95.82299041748047,7121100
2019-07-31,96.24579298528613,96.31211374128381,95.21784656610369,96.16289520263672,13648000
2019-08-01,95.60746141598167,96.82607827853666,93.34431491056606,93.62617492675781,15664500
2019-08-02,93.17853308244626,94.03239228198993,92.34954258584922,93.6178970336914,11025500
2019-08-05,91.84385072330224,92.0013609292899,89.75479129276343,90.83248138427734,15855300
2019-08-06,91.23040368417382,91.6034468655127,89.81282441581723,91.54541778564453,10203500
2019-08-07,89.5309555818524,89.76307186215055,87.82323752706368,89.55582427978516,17320900
2019-08-08,90.40139584926149,91.25525485674157,90.12782752899288,91.0728759765625,10903300
2019-08-09,90.6500905811821,91.5619786718055,89.77136286245153,90.97339630126953,9980800
2019-08-12,89.8956974568859,89.95372651670073,88.87603674906175,89.26566314697266,9393700
2019-08-13,89.48951140287342,91.46251260825059,88.72684175064612,90.64180755615234,12124700
2019-08-14,88.12168232012202,88.62736697164839,86.58804501566293,86.8781967163086,19491800
2019-08-15,86.89477899569667,88.18800207795664,86.49686079555002,87.20979309082031,13365600
2019-08-16,88.17971518657357,89.5143902980262,87.76521996748133,89.2988510131836,11830600
2019-08-19,90.8822206593617,90.98170179014554,89.87914297489847,90.10297393798828,8265400
2019-08-20,89.40660174475823,89.89570930597483,88.90091716056375,88.95894622802734,8374000
2019-08-21,89.70506517599216,89.88744410593343,89.07503059747575,89.20767211914062,8189300
2019-08-22,89.83769275701711,90.5837790641719,89.47293495373617,90.12783813476562,9343400
2019-08-23,89.53096838406728,90.17757992155653,87.1351864953211,87.88956451416016,14762300
2019-08-26,88.38696016030615,88.69368256548267,87.88127550211817,88.59420776367188,8209500
2019-08-27,88.99212293632489,89.16621017067554,86.91135515008493,87.6574478149414,14331800
2019-08-28,87.11030656082771,88.87605371048302,87.07714618822034,88.53617095947266,10585500
2019-08-29,89.64702433056033,91.09775757879352,89.54754320236269,90.5423355102539,10002200
2019-08-30,91.05629262853124,91.65316666377396,90.74957026158837,91.0728759765625,10170300
2019-09-03,90.34336658833102,90.3516519376349,88.96723964059426,89.99518585205078,9868800
2019-09-04,90.73300358620602,91.37132978412845,89.99520258059357,91.08118438720703,6929200
2019-09-05,92.22517690288956,94.27278408967337,92.1837248553026,93.15364837646484,13224700
2019-09-06,93.39405977616367,93.65933644627991,92.8137627120568,93.35260772705078,7836600
2019-09-09,94.2644934587953,96.21261954775431,94.17330401285005,95.66548919677734,13985100
2019-09-10,96.41159281827991,97.21570824998774,95.939068510095,96.88411712646484,14333100
2019-09-11,96.9007067334791,97.15769178498255,95.64892920816624,97.14940643310547,9919200
2019-09-12,96.61881151678747,98.21047120224902,96.09654363662204,97.7462387084961,12283500
2019-09-13,98.64987920707348,99.8104672862136,98.44263156168047,99.66954040527344,16257200
2019-09-16,98.56696194116097,99.37108365837653,98.13588338207666,98.78250122070312,11993900
2019-09-17,98.16903854569254,98.32654874061397,97.19082965163845,98.29338836669922,10735400
2019-09-18,98.0861588444757,99.54518394206004,97.61363449734898,99.2799072265625,10665600
2019-09-19,99.23015094953948,99.76070431346218,98.72446628631705,98.96487426757812,9382600
2019-09-20,99.26329675317321,99.76068966824486,98.54207923996225,98.56694793701172,21862800
2019-09-23,97.63847359557124,98.74932385311709,97.5555758329947,98.55036163330078,9135100
2019-09-24,98.44260670520573,98.86539356596995,97.02503392761413,97.26544189453125,11696500
2019-09-25,97.21571882143252,98.11932180796936,97.09137529893769,97.82088470458984,9389400
2019-09-26,97.72138710347235,97.86232027972352,96.95042577037142,97.0167465209961,9899200
2019-09-27,97.78770867543224,98.35142241108696,97.22399493977753,97.58875274658203,10207800
2019-09-30,98.11929529037141,98.45917803449426,97.17424682664256,97.56387329101562,9755000
2019-10-01,98.15246982793882,98.64986282936634,95.67379017146014,95.78984832763672,11250300
2019-10-02,95.17638646122933,95.25099888658892,93.61788677529353,93.88316345214844,12548700
2019-10-03,93.81631922764005,94.35112910206587,92.35396451527346,93.74947357177734,12735200
2019-10-04,93.8748076590263,96.04745391891852,93.81631372897445,95.7800521850586,9453100
2019-10-07,95.42069976113574,96.51537426024994,95.32042175248965,95.57111358642578,6771600
2019-10-08,94.4764579644794,94.4764579644794,93.3065794277035,93.44027709960938,10806300
2019-10-09,94.15056010526897,94.56002395887514,93.64918269052806,94.11713409423828,7273700
2019-10-10,94.54329115856687,96.43181901023105,94.42630332818895,95.43741607666016,10994100
2019-10-11,96.95826623499364,98.59610226922578,96.82456858697404,97.05018615722656,15076500
2019-10-14,96.8078572570156,97.66020451045128,96.64909169048077,97.30923461914062,8779000
2019-10-15,99.3147509473646,101.60437828375733,98.49583607265203,100.24230194091797,23379000
2019-10-16,100.24232993083231,100.79384964871875,99.75766224699773,100.00835418701172,11087700
2019-10-17,100.90247582889236,101.58769321511762,100.17547432903262,100.56822204589844,10818500
2019-10-18,100.27575426970189,101.12809537583563,100.15876639974944,100.74370574951172,10417400
2019-10-21,101.9887865253406,103.42606677788214,101.93864432005483,103.24223327636719,12714600
2019-10-22,103.15864771527126,104.53744018465596,102.88289432168133,104.27839660644531,12549100
2019-10-23,103.78539079385577,104.57924424609915,103.76032287832304,104.5541763305664,8828300
2019-10-24,104.69623929715334,105.0054251524785,103.67676815969465,104.47897338867188,8020500
2019-10-25,104.45389140894936,105.8326840506194,104.24498362613146,105.31459045410156,9055700
2019-10-28,105.76584170392894,106.30064516682992,105.62378592870591,105.71570587158203,9522200
2019-10-29,105.33967887221118,106.47613794197957,105.23940719717098,105.64886474609375,9797300
2019-10-30,105.33132081033159,105.50680260645167,104.3870534247934,105.06391906738281,8513700
2019-10-31,104.86335633765768,105.06391241368839,103.50127979192271,104.38704681396484,11589100
2019-11-01,105.45666315856978,106.95244388889513,105.30624927576163,106.7936782836914,11682600
2019-11-04,107.86327850706016,108.14739005931499,107.42874670608661,107.6460189819336,9159900
2019-11-05,108.12230176101322,108.88272908168982,107.66270213034505,107.87997436523438,13747600
2019-11-06,107.53737599372866,108.49834672720145,107.44545605612277,108.04711151123047,11231100
2019-11-07,108.991357180272,109.71000042922991,108.56518991372387,108.63204193115234,13528900
2019-11-08,108.53175421809443,108.96627314099459,108.00530262795708,108.94956970214844,9293400
2019-11-11,108.29781307044534,108.71562868761416,108.08890526186093,108.5652084350586,8679000
2019-11-12,108.32288535029221,109.15015214514467,107.8047852936455,107.93013763427734,9099000
2019-11-13,107.06942182284855,107.64600934834884,106.47611810438207,107.36188507080078,8023300
2019-11-14,106.72682152995746,107.66272442569843,106.61818539001588,107.4621810913086,8483400
2019-11-15,107.98861930139564,108.23931121826172,107.29504385671176,108.23931121826172,10163600
2019-11-18,108.26437185887357,109.17520676991032,107.7880687244869,109.15013885498047,8749300
2019-11-19,109.4593186476369,109.6765781359715,108.78244676910872,109.11670684814453,8824500
2019-11-20,108.8827550164108,109.15015038748793,107.74629600021063,108.32288360595703,11782800
2019-11-21,108.63206293014802,109.23371845258806,108.12232735560079,108.57356262207031,7705500
2019-11-22,108.7573871353111,109.65151857023253,108.7156157791306,109.29219055175781,8167900
2019-11-25,109.67658779477958,110.3618114541094,109.3590438794102,109.87714385986328,10068500
2019-11-26,110.15290206402432,110.15290206402432,108.9328749996207,110.02754974365234,10490700
2019-11-27,110.54563855358363,110.66262640384623,110.01083513085183,110.35344696044922,6607900
2019-11-29,110.19468025529483,110.64592823547342,109.84371668777813,110.1027603149414,5712000
2019-12-02,110.56236263751192,110.92169068585473,109.76016382152105,109.86043548583984,8615600
2019-12-03,108.43985994852353,108.59863191012964,107.4538085425739,108.44821166992188,10361300
2019-12-04,108.94958777377946,110.69605372664206,108.62369215218922,110.58741760253906,10318200
2019-12-05,110.87154297359909,111.3979947168473,110.4537273680295,111.1890869140625,9587400
2019-12-06,112.55114945048787,113.46198424522166,112.51771706770387,112.84361267089844,10170600
2019-12-09,112.5010396026362,113.19461507228743,112.31719970703125,112.31719970703125,8498200
2019-12-10,111.34784091538214,112.61800372154109,111.03866149738542,112.39237976074219,7532900
2019-12-11,112.21689704467673,112.82691694034921,111.9829213520721,112.1249771118164,9011900
2019-12-12,112.38406928411881,115.70987861808439,112.15009351694876,115.33384704589844,13717400
2019-12-13,115.27530415642941,116.0106635820872,113.82966596800516,114.32268524169922,10592100
2019-12-16,115.6346273867807,116.01901052475,114.7488605245618,114.76556396484375,11372000
2019-12-17,115.0914901497095,115.87698557613663,114.67367451869261,115.46752166748047,11546800
2019-12-18,115.44245247957953,116.16946034004077,115.08313716120435,115.35053253173828,10381500
2019-12-19,115.11652480915535,115.50092068895223,114.56501802609716,114.77392578125,9350400
2019-12-20,115.33383638128922,116.05247981420996,114.39792064842759,114.68204498291016,29992600
2019-12-23,114.98282724007836,115.24187080216815,114.38117191812675,114.64856719970703,9738400
2019-12-24,114.75722533386346,115.00791722458209,114.5316013571448,114.96613311767578,3324300
2019-12-26,115.22517887403367,116.23629817682043,115.13325893741668,116.18614959716797,6770900
2019-12-27,116.40343367213013,116.7961813729296,115.87698191345834,116.26972961425781,7868200
2019-12-30,116.90481712486364,117.055237393556,115.70987045191528,115.84357452392578,6963000
2019-12-31,115.74327299449104,116.55383627905813,115.55943311031787,116.48698425292969,7201600
2020-01-02,116.81286223422663,117.90754965186449,116.36997878502586,117.89918518066406,10803700
2020-01-03,115.63691231214669,117.09183132484358,115.28369564717512,116.34334564208984,10386800
2020-01-06,114.84642309046382,116.28453203934586,114.79596537867529,116.25088500976562,10259000
2020-01-07,115.45190993789112,115.93968907365868,114.2240631759403,114.27452087402344,10531300
2020-01-08,114.12313797056154,115.70421432613709,114.039046082388,115.16597747802734,9695300
2020-01-09,116.09949486540174,116.25086797859059,115.25008073279777,115.58648681640625,9469000
2020-01-10,115.39305335743806,115.4266875471826,114.21565139511426,114.43431854248047,10190900
2020-01-13,114.53518166595654,115.38458251953125,114.17354692022693,115.38458251953125,12355200
2020-01-14,116.0069373485822,118.37853831326076,115.7966884445381,116.73019409179688,24906000
2020-01-15,115.93125570640655,116.56200244510828,114.50155283262245,114.98092651367188,16293400
2020-01-16,115.594862842627,115.97330836220925,115.08185492372498,115.42666625976562,10783800
2020-01-17,115.6705561498308,116.30130299690892,115.48554888065915,116.22561645507812,14697700
2020-01-21,115.37622471835796,116.11630518563538,114.95572678605551,115.08187103271484,8474200
2020-01-22,115.41828753698424,115.55283713475387,114.69503051458138,114.94731903076172,7549100
2020-01-23,114.13151378224907,114.99773818766728,113.2989235531012,114.82952880859375,9345700
2020-01-24,114.68658394567385,114.73704163641648,111.28056149478117,111.97857666015625,15166400
2020-01-27,109.55650392746678,111.80196071175142,109.08554842953703,111.03665161132812,12860500
2020-01-28,111.71787353408547,113.50919860699318,111.41511454757398,113.0550537109375,13062800
2020-01-29,113.37462749229692,113.98855075599802,112.43271642113075,112.88684844970703,9326000
2020-01-30,111.59172189526366,114.48474916708052,111.59172189526366,114.28290557861328,9048900
2020-01-31,113.1055574718464,113.39149303408013,110.56574594048755,111.3142318725586,12785200
2020-02-03,111.56648973235298,112.89526444360989,111.56648973235298,112.16358947753906,10021100
2020-02-04,113.99697979731971,114.88002792703945,113.6017107567078,113.77831268310547,9157100
2020-02-05,114.85480943891878,115.83035487253964,114.3838409833694,115.71261596679688,10150700
2020-02-06,116.25928559933392,116.30132513107803,115.30895606244718,115.72945404052734,8992300
2020-02-07,114.98934245535052,115.77988049397608,114.62772045144708,115.35938262939453,6379800
2020-02-10,115.17438929753888,115.93129332916138,115.00619267914925,115.83878326416016,5960700
2020-02-11,116.27606546477519,116.74703385478115,115.87239110591801,116.05741119384766,6578600
2020-02-12,116.5620137668515,117.14229004345648,115.8892146137052,116.05741119384766,7958000
2020-02-13,115.84717888373132,116.34336335775208,114.71182934784672,115.95651245117188,7447500
2020-02-14,115.92282581472821,116.21717939605358,115.16593493785435,115.60325622558594,6627600
2020-02-18,115.50239117876303,115.81356843466672,113.57651592476262,114.07270050048828,8996400
2020-02-19,115.14076843585505,116.3854389551196,114.66139454374276,115.62854766845703,7071200
2020-02-20,115.35942278181557,116.36021010106958,114.82118584111352,115.62854766845703,7422800
2020-02-21,114.83798638788458,115.14915074732481,113.46715903994483,114.21564483642578,9772800
2020-02-24,110.54050850737092,112.02065674338873,110.00227161858447,111.14602661132812,13618400
2020-02-25,110.17045388008121,111.20487515926854,105.62066335376448,106.18413543701172,20797200
2020-02-26,106.74758979148861,108.44639836720594,106.25139896722577,106.50370025634766,24825600
2020-02-27,103.36678175678928,105.64587927187739,102.01277820329486,102.07164764404297,23005500
2020-02-28,98.83382628654411,99.649593261384,94.7465924901324,97.64802551269531,45931400
2020-03-02,98.08534566480843,102.24827905650628,96.2603861732076,102.19781494140625,27355400
2020-03-03,101.73528004255537,103.40044841315613,97.75736641716053,98.36288452148438,32547700
2020-03-04,99.51503183245724,101.07928449098249,96.4622130555183,100.79334259033203,25795900
2020-03-05,97.27797199733172,97.9171305319256,94.67929833962016,95.84828186035156,25025600
2020-03-06,89.3642091760374,92.77864982902386,88.32136983816046,90.89482116699219,38159400
2020-03-09,81.21497164751592,83.45202376187022,78.21261662097521,78.58265686035156,40352000
2020-03-10,83.25858034161809,85.17604965015222,79.54138061779042,84.68827056884766,31102700
2020-03-11,82.16528862535792,84.14163392523552,79.51615693899903,80.70195770263672,38127000
2020-03-12,75.34480273758402,81.5429434431867,72.5947495832655,74.04967498779297,49725200
2020-03-13,80.72717962354774,87.45514557167638,77.37160840347931,87.38787078857422,38543300
2020-03-16,71.65283694801472,79.03678518907707,71.10619483122811,74.31038665771484,38589700
2020-03-17,76.43810822281725,81.94663331350031,73.58713295643669,78.85176849365234,35239800
2020-03-18,73.73010304982311,76.35401235546638,67.58242557125796,70.55113983154297,41525600
2020-03-19,68.59160982045073,74.10013442929673,64.68098480129234,71.7369384765625,32175100
2020-03-20,72.57795094831674,75.2354947368344,69.36534676906474,70.22315979003906,30150800
2020-03-23,69.53353368871103,70.43339894696398,65.67335959204307,66.46389770507812,32536600
2020-03-24,71.40053374476526,75.77370866705863,69.71854240291584,74.36924743652344,34363200
2020-03-25,75.05046979781439,80.02075847963637,71.09779176713643,77.1445541381836,38111700
2020-03-26,79.12089979300997,82.89696977744819,78.66676121420448,82.51852416992188,29826300
2020-03-27,78.37239391660881,79.76003173426614,76.15216570881124,76.63993835449219,30041500
2020-03-30,76.2362658190902,79.12928682836122,75.10092284285119,78.63310241699219,21656900
2020-03-31,77.41368210160346,79.19658946301469,75.13457736194839,75.7148666381836,23379300
2020-04-01,71.56872318255382,72.79657596982716,70.01288262959797,70.9463882446289,28029600
2020-04-02,70.23155248861583,73.93193484054835,69.76900228851628,73.59553527832031,24018000
2020-04-03,73.07719204161137,74.3348023850633,70.33254581359178,71.42021179199219,21199400
2020-04-06,75.61790415303626,77.31737389049589,74.5217453944193,76.01728057861328,26820800
2020-04-07,80.25747767299463,80.29996702121804,76.79905607224592,77.01998901367188,22563800
2020-04-08,78.2605841845811,80.60585435950712,76.94349895931195,80.1300048828125,22903300
2020-04-09,82.35630834153528,88.70382934304715,82.33081733076023,87.31876373291016,42055900
2020-04-13,87.61617267845729,87.61617267845729,82.67921461093829,83.43547821044922,26911900
2020-04-14,85.84020670898946,86.6729496661281,79.56916621407123,81.14967346191406,46151300
2020-04-15,77.4533354949099,78.2010998543458,76.58660228812296,77.14743041992188,30118600
2020-04-16,76.67157635197283,76.96048308155426,73.96941934070584,74.20734405517578,32449600
2020-04-17,78.17560480666282,81.31962110244152,77.2918798004581,80.87776184082031,30191900
2020-04-20,78.57497658219829,80.47838068478694,76.86700784964118,77.9291763305664,23679400
2020-04-21,75.30352084258041,77.64878486232163,75.05709690543353,75.66890716552734,23035000
2020-04-22,77.06247652453014,78.06516417883138,75.77937473775455,75.91532897949219,16662400
2020-04-23,76.2552000765259,77.56379246260819,75.84733099795812,75.95779418945312,16638800
2020-04-24,77.01997895407764,77.41085627141602,75.19304742948034,77.07946014404297,15809200
2020-04-27,78.12462677116028,81.26014406309918,77.78473152330993,80.40191650390625,22870200
2020-04-28,83.11258188181742,83.57993874528208,80.75031951658987,80.97125244140625,20238900
2020-04-29,84.19173745443409,84.50613522583086,82.65371284036398,83.15505981445312,20462600
2020-04-30,81.23465240690241,82.28832183217847,80.34243468173572,81.37061309814453,19127600
2020-05-01,79.45022673006032,79.65416132568834,78.03966344313712,79.23779296875,18547700
2020-05-04,78.1926004039082,78.74492936966685,77.15592930131574,78.29457092285156,15725900
2020-05-05,79.5776773316029,80.05352681690104,78.09064120708322,78.17561340332031,18064100
2020-05-06,78.3115713281369,78.82141097045265,76.41665965269077,76.70556640625,20978000
2020-05-07,77.61479671924488,78.94888697764809,76.9690027459497,77.50433349609375,16771900
2020-05-08,78.85541784213191,79.9430777048431,78.26909856368496,78.77043914794922,20487800
2020-05-11,77.4193426565702,77.4193426565702,75.90681566173441,76.45064544677734,31907600
2020-05-12,76.60360606940445,77.14743591188332,73.84196751686271,73.95243072509766,27962900
2020-05-13,73.40010465016621,73.80798028980062,70.8678980605236,71.40322875976562,35451600
2020-05-14,70.2900807893816,74.8701519567196,70.01816584656434,74.36880493164062,35152500
2020-05-15,73.79948659696164,74.16487292184414,72.48240118063737,72.99224090576172,26099000
2020-05-18,75.36300668626254,77.45335421527285,74.67471685969953,76.85853576660156,30504400
2020-05-19,76.5186468651511,77.49583702484038,75.27802793818736,75.34600830078125,19597300
2020-05-20,77.07946231166422,78.50701739394123,76.79055551884042,77.6063003540039,20552400
2020-05-21,76.70557767445808,77.9716875264744,76.19573795724584,76.62060546875,14621400
2020-05-22,76.48463733107958,76.7820432384705,75.38847857272805,76.0257797241211,13557900
2020-05-26,78.93187674954923,82.84915527665154,78.69395200756729,81.42160034179688,41233900
2020-05-27,86.73244614958645,87.16581278962795,83.953815713591,86.13763427734375,39402000
2020-05-28,87.4717311951359,87.48022387820028,84.46366823448271,84.85454559326172,24713900
2020-05-29,83.83485336368409,84.27671268562756,82.23734750697058,82.68770599365234,26526400
2020-06-01,83.06159345323657,84.55712881811026,82.74718917995598,83.78386688232422,15176800
2020-06-02,85.21142625177359,85.33038863521534,83.21455026347141,84.06428527832031,21195000
2020-06-03,86.31608488058012,89.15419673532963,85.87421903975591,88.60186767578125,25941100
2020-06-04,88.21947029196474,90.5902312590753,87.34424444937143,90.4457778930664,26784700
2020-06-05,97.66004634640228,98.37382065312272,93.07147593060435,94.51602935791016,42231000
2020-06-08,96.36845160698583,97.03124388446543,95.11934009190641,96.40243530273438,24881800
2020-06-09,94.02318175951768,94.85591845308569,92.62961683794514,93.9297103881836,17031100
2020-06-10,93.86172967752914,93.90421902178085,89.94445071058692,90.12289428710938,24913300
2020-06-11,84.99898983421524,86.31608165913919,82.0334165405627,82.60273742675781,36259200
2020-06-12,85.57680370672573,85.93369082009835,82.70470198778511,84.86302947998047,24856800
2020-06-15,81.9314386115513,86.18861233342876,81.46408830000041,86.03565979003906,22153600
2020-06-16,89.5365726682743,89.79998842426295,84.38717454033288,86.72394561767578,22193600
2020-06-17,87.12330332179604,87.13180248456838,84.30218419681614,84.5316162109375,15639800
2020-06-18,83.84335233941349,85.41536081991968,83.38449465354789,84.07278442382812,16591900
2020-06-19,85.42385177117934,85.48333295716662,82.19486291578536,83.1125717163086,40371200
2020-06-22,82.63671281602647,83.23152460814971,82.03340186031224,82.21184539794922,16216900
2020-06-23,84.09826364347926,84.94799853896481,83.14655822666884,83.21453857421875,15381400
2020-06-24,82.21185601094068,82.28832904424482,80.13850066851965,80.4359130859375,22919800
2020-06-25,80.17248493432064,83.45246210215028,80.09601190665377,83.24002838134766,25743600
2020-06-26,80.81829972555579,81.03923264996239,78.17562324715087,78.67696380615234,41896300
2020-06-29,79.3652324393543,80.29144026913433,78.32855493533337,79.02533721923828,18499700
2020-06-30,78.88089322905049,80.43590966982472,78.65996033728295,79.92606353759766,19137000
2020-07-01,80.6313423782995,81.32812472173669,79.05083498024102,79.24627685546875,18755700
2020-07-02,81.28835149086632,81.47711586663345,78.87733107307088,79.5036849975586,27845600
2020-07-06,81.02236810547336,81.68303686807937,80.20725635930368,81.51143646240234,18625300
2020-07-07,80.49897483411495,80.73921800999982,78.93738764472772,79.21195220947266,25757200
2020-07-08,79.18621359346575,80.08712551201175,78.76578803147761,80.05281066894531,18762200
2020-07-09,80.24159368921332,80.7564081427799,77.89063343273423,78.31964111328125,25600800
2020-07-10,78.93740528142418,83.09019606930114,78.82586565230977,82.60112762451172,28954200
2020-07-13,84.7118293401332,85.1751517096699,82.56679170061548,83.78517150878906,32079200
2020-07-14,84.40294106485995,85.75859984052443,82.91857217901736,84.26565551757812,42731700
2020-07-15,86.56515663548157,86.90836403910548,84.64320433977912,85.56986236572266,22508400
2020-07-16,84.75475030004415,86.8483097271397,84.55741044684974,85.81011199951172,16886900
2020-07-17,85.80149988792189,85.87014265890461,84.20559146631575,84.2227554321289,16137700
2020-07-20,83.59641815537047,84.42011193185591,83.45055714775181,83.48487854003906,14458100
2020-07-21,83.83666592129441,85.84442492956325,83.77660511805465,85.29529571533203,17798100
2020-07-22,85.5012068408898,85.91305042698751,83.68221245490686,84.6775131225586,14271200
2020-07-23,84.51448047162575,85.24379193804218,84.05973355301792,84.92633056640625,12870200
2020-07-24,85.45830139422418,85.62990833938235,84.03399975315718,84.32572174072266,12744200
2020-07-27,83.66506767522193,83.76802531423586,82.51532385251801,83.14167785644531,11959100
2020-07-28,82.79845729753706,83.99109776497134,82.79845729753706,83.50202941894531,11754300
2020-07-29,83.28751961549034,85.55267879589105,83.22745882457575,85.52693939208984,12743500
2020-07-30,83.69082347130843,83.86242393402149,82.41238234952337,83.2446517944336,14834800
2020-07-31,82.78130008895498,83.16740426718285,81.72593863105736,82.9185791015625,14535000
2020-08-03,83.2446413632499,83.71655239578388,82.24076503528188,82.45526885986328,12962800
2020-08-04,82.29222333181373,82.326538171857,81.5371659281604,81.98333740234375,13366200
2020-08-05,82.2579241482903,84.48876248293871,82.12922055191625,83.40766143798828,15260900
2020-08-06,83.72511629876229,84.17128127722866,82.83277979569374,83.43338775634766,10482100
2020-08-07,83.16739704679789,85.36391342690804,82.84992912936768,85.26953125,14743700
2020-08-10,85.8958999757906,87.55186953083906,85.82725719049186,86.35064697265625,14989900
2020-08-11,89.11345347140984,91.08689092309893,88.81314947992743,89.07913208007812,31518600
2020-08-12,91.08689911260396,91.3185603422513,87.2687274468988,88.32408905029297,19240800
2020-08-13,87.51754637724505,88.68444751929921,87.2086603957521,87.83501434326172,13598600
2020-08-14,87.08853446048613,88.64153972900817,87.01989167998654,87.86933135986328,12134400
2020-08-17,87.08852871436781,87.51753624498046,85.39823799637232,85.55268096923828,14988000
2020-08-18,85.72429383232064,85.72429383232064,84.18844598107106,84.36004638671875,13246500
2020-08-19,84.87485735209813,86.30774108633982,84.37720699235342,84.5573959350586,13533000
2020-08-20,83.45056256480103,84.11123140734226,83.05587634708156,83.5449447631836,13672600
2020-08-21,83.45912604541458,84.5745482958564,83.1759860369732,83.50202941894531,12228300
2020-08-24,84.47158435588301,85.98169277158246,83.58782984629603,85.85298919677734,17898300
2020-08-25,86.89119093774978,87.50038745188773,85.62991417213621,86.23052215576172,13648900
2020-08-26,85.7500395788142,86.03317961445435,84.98640658878882,85.02072143554688,12052400
2020-08-27,84.9435061775734,88.07526301759003,84.9435061775734,87.81785583496094,22163900
2020-08-28,88.49570596294261,88.59008817863995,87.35454393397518,88.17823791503906,13756700
2020-08-31,87.62049249588857,87.67197130014968,85.81865579313182,85.96452331542969,14219400
2020-09-01,85.41541268127091,86.54799244235784,84.9778231122198,85.92163848876953,11595600
2020-09-02,85.75862473302547,87.46607985574339,85.42399929706583,87.21725463867188,14475700
2020-09-03,88.65012096669412,90.08300463034531,86.35064020840574,86.94267272949219,23281200
2020-09-04,89.27647745851311,90.27177161160523,86.97699663375218,88.82172393798828,26325500
2020-09-08,88.35841067633203,88.86463651650978,85.35535739136299,85.73287963867188,22108600
2020-09-09,86.48795096638904,87.2515841136272,85.42400720603261,86.54801177978516,13434000
2020-09-10,87.00274619459843,87.87791885456531,85.49263754710171,85.6556625366211,15922800
2020-09-11,85.7757738962937,86.96841440751318,85.44972395621566,86.71958923339844,13784300
2020-09-14,87.09713586173012,88.77026309605998,86.97701424214425,87.92082977294922,19017400
2020-09-15,88.14391054203219,88.24686818370681,85.06363235457347,85.18375396728516,23683000
2020-09-16,85.31243671709852,86.77105968422148,84.73756820444356,85.54409790039062,19270600
2020-09-17,84.68609297222605,85.2352221463876,83.83665980377867,84.56597137451172,18290100
2020-09-18,83.99109419010446,85.36391698489282,83.60499002930429,84.38578033447266,20121600
2020-09-21,81.6830607176084,82.41237902001919,80.49900186199355,81.7774429321289,28378800
2020-09-22,81.47710324284415,82.0777176677857,80.3702631123563,80.88507080078125,19257000
2020-09-23,81.32269402272425,81.81176251156413,79.50370566584355,79.57234191894531,19952700
2020-09-24,79.21195644969957,80.91082928546795,78.40542013365301,79.5036849975586,18366500
2020-09-25,78.98029712189489,80.41318085034146,78.82585413315516,80.19867706298828,13293100
2020-09-28,81.56292997443005,83.16742089583418,80.95373991450965,82.50675201416016,20894100
2020-09-29,82.39520294790844,82.39520294790844,80.93657964954558,81.81175231933594,12848200
2020-09-30,81.81175514277037,83.39908209191942,81.73453691018432,82.60112762451172,16400600
2020-10-01,83.33044004167922,83.88814469454854,82.39520005329028,83.20173645019531,15778700
2020-10-02,81.72594461008097,84.59171212407911,81.58865904129398,83.99110412597656,15149600
2020-10-05,85.1428529644015,85.94821178749147,84.45873038505584,85.766357421875,13871900
2020-10-06,86.65831200805233,87.3424345825821,84.4414131587567,84.883056640625,19220400
2020-10-07,85.69707802203796,86.90078545178042,85.44594391417286,86.36388397216797,16358500
2020-10-08,87.03934186006683,88.26036587861638,86.51109541164594,88.13912963867188,15659000
2020-10-09,88.3296325240194,88.42489049940932,86.69293692050698,87.63684844970703,13689100
2020-10-12,87.55026558826357,89.1956230632331,87.33377135752757,88.71067810058594,16058000
2020-10-13,89.19562508194899,89.38614106640925,86.82285010930697,87.27315521240234,21697300
2020-10-14,87.48964719903985,88.26902774867001,86.68428839890196,86.7882080078125,15204100
2020-10-15,85.81832641616788,88.13914523076217,85.76636990610885,88.08718872070312,17171200
2020-10-16,87.81873808678904,88.61543540777653,87.22121179260806,87.90533447265625,13275000
2020-10-19,87.9832695421505,88.2170870523694,86.21667551545085,86.42451477050781,11725700
2020-10-20,86.86613534624645,88.13046074913679,86.70160423811186,86.91809844970703,11257100
2020-10-21,86.90945468634767,87.45501783317377,86.0174994084293,86.05213928222656,10730500
2020-10-22,86.00882952613819,89.40345754961332,86.00016790680083,89.09170532226562,14837200
2020-10-23,89.62862107785466,90.45129659958526,89.13501444344024,89.8970718383789,15087600
2020-10-26,88.89253178300025,88.93582666468919,86.81418586242417,87.67150115966797,12410700
2020-10-27,87.03934729274388,87.39439441563367,85.87027970209317,86.01749420166016,10391700
2020-10-28,84.43276234578512,85.12554662829763,83.19441490043837,83.60142517089844,16389500
2020-10-29,83.23770088760004,84.84841842849922,82.47563699744083,84.14697265625,14208800
2020-10-30,84.78780836789743,85.22945186597667,83.33296679292587,84.90038299560547,15194500
2020-11-02,86.06944541758892,87.35974917647387,84.74450178913182,86.8141860961914,15011600
2020-11-03,89.21296017086517,90.70244187729614,88.92719274193267,89.55069732666016,17482600
2020-11-04,87.46366878519035,88.39026382388698,85.67109682782846,86.8141860961914,18886500
2020-11-05,87.51563514131313,91.0141830795205,87.4636786345438,90.36470031738281,17837400
2020-11-06,90.95355213113928,91.01417024945171,88.66737365924257,89.16098022460938,12552800
2020-11-09,97.99394491784072,102.96465025795638,95.56054544188459,101.23269653320312,47792400
2020-11-10,101.62241863594703,101.70901503076787,99.31892282068192,100.90365600585938,20539300
2020-11-11,101.22404725812753,101.28466538161064,98.68673447768357,99.39683532714844,14443400
2020-11-12,97.44838767497623,98.68673501013804,97.04137744073088,98.17581176757812,22063000
2020-11-13,99.32756622209577,99.46612572311406,98.3490145219566,98.79066467285156,11847900
2020-11-16,102.00342842928868,102.71352928278154,100.21951797934123,101.5791015625,19858600
2020-11-17,99.92508710665268,100.83436561401146,99.22364783958638,100.54859161376953,14553200
2020-11-18,101.61372147196673,102.71351578283787,99.76053152210736,99.8038330078125,12571200
2020-11-19,98.87725030718889,100.2974520038126,98.34034220943899,100.07229614257812,10202500
2020-11-20,99.0937600721293,100.15025319394739,98.79932442179397,99.21499633789062,12718900
2020-11-23,100.4966303041643,102.33249725751203,100.08095845032558,102.07270812988281,13209200
2020-11-24,103.97784203133862,106.94814294585078,103.66608983104331,106.79226684570312,20121600
2020-11-25,105.10363710947192,105.97826917445335,104.32425644181669,105.67517852783203,11715600
2020-11-27,105.64919299107761,105.95228361680714,104.8524957443371,104.9737319946289,5983600
2020-11-30,103.91724113113608,104.54074563502374,101.98610949308848,102.08136749267578,14411800
2020-12-01,104.21167015042975,105.28548639914811,103.59682726651923,103.69208526611328,12668900
2020-12-02,103.65744071490177,105.91764113621304,103.28507035335178,105.68383026123047,10811300
2020-12-03,105.51929722425014,105.55393709743544,104.22899333077913,104.99105072021484,12904400
2020-12-04,106.06484635164672,106.7662854783839,105.38072385469607,105.943603515625,13583700
2020-12-07,104.9131133263112,105.79640694627558,104.0990928440977,105.54527282714844,9724300
2020-12-08,104.81784812288767,105.9349591524596,104.57537564022951,105.64918518066406,9592100
2020-12-09,106.66238215164402,106.77496338650859,104.2982687158078,104.8265151977539,13073900
2020-12-10,103.90858187127826,104.59270451708959,103.53621148449184,104.15105438232422,13668400
2020-12-11,102.99930758914107,103.93455773785435,102.50570095816896,103.53620910644531,9981600
2020-12-14,105.07764793230257,105.14692767922207,102.28054587095029,102.44508361816406,12112400
2020-12-15,103.30239595348644,104.69661943625484,102.72219295570534,104.19435119628906,12590200
2020-12-16,104.17704449371539,104.85250555335388,103.7960124675067,104.49745178222656,11169400
2020-12-17,105.00838437235868,105.1729155277026,103.55354258872268,103.63147735595703,11618000
2020-12-18,103.17250094024254,103.81332208080546,102.41909855943351,103.12054443359375,28954800
2020-12-21,106.66237200198472,108.2471112970242,104.8611384843512,106.99144744873047,28323600
2020-12-22,106.85290005605422,106.96547468605456,105.31146207400603,105.36341857910156,11788200
2020-12-23,106.3246437161052,109.56339550237206,105.95227338135862,108.30773162841797,14973200
2020-12-24,108.32503504092493,108.72339018408222,107.00875320830343,107.83142852783203,4164900
2020-12-28,108.95724450891369,109.67600712748325,108.06528910347787,108.54157257080078,8072600
2020-12-29,109.28629118468895,109.35557092807544,108.15186346597494,108.25578308105469,8389200
2020-12-30,108.67143539325275,108.98318759450643,108.1605122120687,108.5588607788086,7398000
2020-12-31,108.32504337328834,110.26483631682608,108.0912325256822,110.03968048095703,8580200
2021-01-04,110.41207427576366,110.72382654344567,108.05661563411313,109.00053405761719,16819900
2021-01-05,109.01796382384546,110.1605680372547,107.95386228598781,109.5936279296875,13731200
2021-01-06,113.28309768799502,115.8037942607368,111.53866397118186,114.73969268798828,24909100
2021-01-07,118.35065261071895,120.53118637299494,117.67904448543982,118.50764465332031,21940400
2021-01-08,118.5948830575821,118.92632848108627,116.98128259032814,118.63849639892578,12035100
2021-01-11,117.38248361562971,120.5398919359636,116.97254224367336,120.40906524658203,15937900
2021-01-12,121.62145522056741,123.55777029748951,121.08940444161274,122.3017807006836,18033500
2021-01-13,120.88006450062824,122.79893151868006,120.45268840782914,122.41516876220703,14816800
2021-01-14,122.53727233625213,124.50846994130927,122.10988295469912,123.13037109375,18565600
2021-01-15,119.86827625173117,123.54901771330755,119.50194823584364,120.92366027832031,27881000
2021-01-19,121.98778752588562,122.72044371308672,120.2084777414083,120.40035247802734,19843800
2021-01-20,120.20847956448338,120.51374632598555,118.13260702700848,118.59487915039062,16028800
2021-01-21,118.3506596108685,118.76060104713716,117.1557312973192,117.60055541992188,13411700
2021-01-22,115.73402395933972,117.22550175262464,115.30663450691206,116.69345092773438,12933200
2021-01-25,115.25427202921657,116.1526507188425,113.44006665639269,115.23682403564453,14212800
2021-01-26,115.7863420793631,116.15267015214809,114.5565178507066,114.76585388183594,11307800
2021-01-27,113.03015842240211,113.25694247850578,111.07640180103795,111.52123260498047,17603900
2021-01-28,113.3005329149375,115.28046136661983,112.50682871257423,113.48370361328125,13761800
2021-01-29,114.42568082713998,114.88795287554309,111.80904056421492,112.22769927978516,14808100
2021-02-01,112.86443213775995,113.44882694929609,112.06199723974244,113.05632019042969,11080700
2021-02-02,115.07985821190114,117.21677875310328,114.45186338957492,116.53645324707031,12253600
2021-02-03,116.57133060803424,118.41170165154475,116.4492212486558,117.87093353271484,10600800
2021-02-04,118.1587814161837,120.9411450228477,118.1587814161837,120.58353424072266,12419500
2021-02-05,121.57783905892698,121.66506573237106,119.82469471764381,120.34801483154297,10051300
2021-02-08,120.53989837494017,122.3715519776485,120.52245037911706,122.23199462890625,10136400
2021-02-09,121.6127131606884,122.09243321293326,120.83644373393612,121.7435531616211,8614800
2021-02-10,122.10989627388815,122.86871779902069,121.2725654149413,121.81334686279297,10323200
2021-02-11,121.81334542432612,122.58961493768642,120.5573558051988,121.47318267822266,9201000
2021-02-12,121.2812751016563,123.5141392609459,121.23766177017077,123.20014190673828,8324600
2021-02-16,125.20625304813296,126.75007469998006,124.2031995180615,126.16567993164062,12130600
2021-02-17,125.55516611608373,126.802438693914,124.83122710959528,126.55821990966797,10810100
2021-02-18,125.59872622279406,127.15998231088874,125.07539287329777,126.98554229736328,10587800
2021-02-19,127.22107225144676,129.82026497169787,127.22107225144676,129.1050567626953,11969800
2021-02-22,128.10198373836826,130.99773874890658,128.03220506606266,130.31741333007812,11488400
2021-02-23,132.14906152712638,132.84683498327854,130.4744132177142,131.36407470703125,16234400
2021-02-24,130.92797816328596,134.1115523371047,130.92797816328596,133.67544555664062,15061400
2021-02-25,134.55637095463845,135.10585637111618,131.34661857863202,131.86122131347656,18127700
2021-02-26,131.09366414185837,131.59081881166387,127.7879682190734,128.36363220214844,19829200
2021-03-01,130.41337712539013,132.03569490307837,129.50626755672417,131.2681427001953,14845500
2021-03-02,130.90182061852883,132.384581098645,130.69248456022447,130.84075927734375,14221700
2021-03-03,131.90488270823707,135.17568429608514,131.54728518274925,133.37020874023438,14324100
2021-03-04,133.10850546085663,134.65232711359457,129.62836873422293,131.32046508789062,20093900
2021-03-05,133.6405743082141,133.87607571631926,129.0614527214214,131.62576293945312,18465100
2021-03-08,132.9864325578321,135.5943564817562,131.4862238314917,133.37020874023438,17133300
2021-03-09,132.1403448287298,134.538931946083,130.67503254168378,132.4281768798828,16238800
2021-03-10,132.49798931339527,136.20489762099072,132.14909584026648,135.3065185546875,14342200
2021-03-11,134.41685063374607,136.1961606833856,133.76269037434665,134.6000213623047,11771500
2021-03-12,136.81541393269143,137.48702207279578,135.254157580364,136.19613647460938,12849500
2021-03-15,136.3705869233758,136.86774170092568,134.2859971773602,135.51580810546875,12101100
2021-03-16,134.39939441118952,134.84423187807795,132.7421938456674,133.8935089111328,12805600
2021-03-17,135.48961399904894,136.83282996548195,133.4922513512241,135.2715606689453,13952400
2021-03-18,137.46082502981295,141.0281743267799,137.03343571032758,137.50442504882812,21898500
2021-03-19,135.6379155393002,136.01297426202373,131.8699601692327,135.31520080566406,54418800
2021-03-22,133.27423777670813,134.29472606893358,131.3640879057773,131.67808532714844,19944800
2021-03-23,131.1198443619229,132.68110051989453,129.9249162414264,130.36102294921875,17076300
2021-03-24,130.83203458361803,133.60566732850776,130.70992521703022,131.372802734375,13079800
2021-03-25,130.8320505981635,133.4225262647211,130.247669035896,133.0561981201172,15608300
2021-03-26,134.58251800174224,135.5855579966513,133.05614469101684,135.2715606689453,16754400
2021-03-29,132.68113341844236,134.08539789808074,131.73914109897154,133.16957092285156,17570300
2021-03-30,134.72211304062506,135.95192405189854,134.21622757609916,134.7395477294922,13184300
2021-03-31,133.69288064533723,134.7482648080813,132.6811098182129,132.7770538330078,16736700
2021-04-01,132.4892598790563,134.13774329161674,132.18399305979713,134.06797790527344,16561500
2021-04-05,135.4629273681381,135.93670418932095,133.883706997016,134.77859497070312,13508000
2021-04-06,134.05037705379144,135.35763411870155,133.23444751439894,133.83103942871094,13071600
2021-04-07,134.32240787417564,136.19115590578832,133.9275893189083,135.92794799804688,16903500
2021-04-08,135.111991370403,136.43678594687682,133.62926672573258,136.09461975097656,12335500
2021-04-09,136.69997939868443,137.77911676630956,135.96300819090658,137.11233520507812,12122400
2021-04-12,136.49819952339524,137.96337332841895,136.48943083736765,136.82281494140625,12273400
2021-04-13,135.76998776147846,136.16479280287132,133.73452820725734,135.19093322753906,16113600
2021-04-14,132.8922908973456,134.96283876227747,132.41851409625977,132.6641845703125,19939600
2021-04-15,132.6992934299165,133.5327739177996,131.0060130041242,133.50645446777344,17694100
2021-04-16,134.99791607155498,135.5594198515727,133.96264891574046,134.49783325195312,13773400
2021-04-19,134.60309958133996,135.00668666420881,133.5502817567453,133.9275360107422,11900200
2021-04-20,133.12918473646477,133.1379534230256,130.41816121069638,130.96212768554688,13716700
2021-04-21,129.66364080221095,132.13777594909584,128.78629019193536,132.07635498046875,12236700
2021-04-22,131.80437395241248,131.86579491895148,129.19864165749425,129.29515075683594,15256100
2021-04-23,129.1284682214804,132.5940141593287,128.698574950948,131.76930236816406,14041900
2021-04-26,132.28692078852833,133.7608767400064,131.93598590771848,132.09390258789062,10799100
2021-04-27,132.0412364612926,132.98000782416625,131.69907033751633,132.69924926757812,12821200
2021-04-28,133.73454947896698,134.13813665729336,132.83087940528182,133.55908203125,8943700
2021-04-29,134.70836971864966,136.23496417960433,134.4100738062472,136.156005859375,12976900
2021-04-30,135.19975170644523,135.54191795276398,134.24342924446398,134.9453125,11705100
2021-05-03,135.85773316642363,136.41045488979879,134.3486892033772,134.55047607421875,11801100
2021-05-04,134.12060593220698,136.55087127742706,133.4801436280746,136.41049194335938,12977700
2021-05-05,136.86671004455872,138.86706858191752,135.66474386208077,138.20028686523438,10506700
2021-05-06,138.68282144787173,141.09553569668807,137.88442915621852,140.98147583007812,13542400
2021-05-07,137.93708138829263,141.69214140214487,137.76161392160327,141.4640350341797,14257800
2021-05-10,141.69212927777525,143.64861746920158,141.35873174847708,141.44647216796875,14014300
2021-05-11,141.32364726184613,142.4729744953953,138.65649373321543,139.0951690673828,15451700
2021-05-12,140.03395103557267,141.06044978674913,137.77038453785931,138.1388702392578,14381700
2021-05-13,138.77932790918246,142.5256191630712,138.34065255725716,141.692138671875,15395000
2021-05-14,142.4729530073966,144.28029296961097,142.12201814791476,143.89425659179688,10584000
2021-05-17,143.3327388556997,144.63122716167513,143.0344429153967,144.47329711914062,9886800
2021-05-18,144.48206572038978,145.20149951549706,142.3413418671293,142.43785095214844,11098100
2021-05-19,141.253435974127,141.41135264433993,139.1828881783929,141.34994506835938,13278900
2021-05-20,141.10430908203125,142.00797919614772,139.9549818526584,141.10430908203125,10426000
2021-05-21,141.55171461934194,143.20113770534178,141.20077980361245,142.70982360839844,10249000
2021-05-24,143.32401688704803,144.0873077440605,142.2360971540763,143.48193359375,9440300
2021-05-25,143.75390782425444,145.37699847705872,141.74476736028964,141.99920654296875,12609100
2021-05-26,143.5082539036067,143.657401909352,141.5254328438321,141.98165893554688,13058300
2021-05-27,143.84160244960327,144.54348548145074,142.63086794165437,144.1925506591797,15707500
2021-05-28,144.48209235988318,144.71021208688285,143.2362560973061,144.0960693359375,10291300
2021-06-01,145.52613670635102,146.43858880823447,145.1839705149716,145.68406677246094,9445400
2021-06-02,146.74562789564962,146.9035579342258,145.2278154023332,145.69281005859375,10498600
2021-06-03,145.12260113637456,146.7369234187291,144.4645880268735,145.7893829345703,13354400
2021-06-04,145.82444297733966,146.22801673945722,144.789162351524,146.02622985839844,8510800
2021-06-07,146.51756566041192,146.6053060845933,144.88569283672572,145.3419189453125,7267200
2021-06-08,144.31543434047225,145.42966019003794,143.14855619886833,144.76287841796875,10370700
2021-06-09,144.00830801643428,144.0784976616837,142.37643557947632,142.9554901123047,12377400
2021-06-10,144.20133426786262,144.97340702152871,140.64806192858512,140.72702026367188,12119400
2021-06-11,140.7533522318061,141.4289159513702,139.55138617752195,140.63052368164062,13683800
2021-06-14,140.50769339474135,140.66562346432084,137.44574836513888,138.244140625,19917900
2021-06-15,137.48085467025797,137.67387289897405,135.2260702890703,136.14727783203125,24485500
2021-06-16,135.75243418357306,138.2879765009441,134.33113070915846,137.1035614013672,25321200
2021-06-17,137.83179111492137,138.14763788130867,132.69928450795481,133.146728515625,29722400
2021-06-18,130.98841197034406,131.33934676088225,129.46181751816428,129.7776641845703,43595700
2021-06-21,130.79544299458775,132.6554221808849,130.74280409494676,131.9798583984375,18664800
2021-06-22,132.12903149965578,132.45364700106543,130.42696886153223,131.786865234375,14251200
2021-06-23,131.77807454542227,133.392396645984,131.68156543140447,132.58523559570312,12733300
2021-06-24,133.2871300422294,134.33994830985975,132.67298716838758,133.8047637939453,13733200
2021-06-25,133.87493070772467,135.55067364011308,133.06776972683014,135.15586853027344,15484900
2021-06-28,134.84876941666292,135.53310173691733,133.46255401767664,135.40150451660156,14125800
2021-06-29,135.9893241932388,137.1386511783224,134.7698075633852,135.23480224609375,14528700
2021-06-30,134.89266767280108,136.93689637311638,134.85757953585502,136.46311950683594,12531000
2021-07-01,137.09476001716374,137.86683260428924,136.35778894070964,137.81419372558594,10479400
2021-07-02,137.61126012814032,137.93775961576466,136.87886128161767,137.68185424804688,11424000
2021-07-06,137.46126339014685,137.46126339014685,134.43461600070995,135.36996459960938,15083400
2021-07-07,134.13457453019439,136.13764056710934,133.72867517920366,135.52877807617188,12271800
2021-07-08,133.78162505773517,134.59343727062452,132.39624064812526,133.19041442871094,17834600
2021-07-09,135.05232203464234,137.78777419745526,134.63758988861548,137.4524688720703,13694500
2021-07-12,136.19944871039002,140.4438218226232,135.83765881378912,139.42022705078125,19940400
2021-07-13,137.6995282734453,138.88194967688793,135.4493891484468,137.3465576171875,22671700
2021-07-14,137.61132067756972,138.78492319155865,134.96410060632005,136.87892150878906,14622800
2021-07-15,135.80231375178906,138.12304645113323,135.6258351982366,137.1788787841797,11539300
2021-07-16,137.62012039289783,137.90248346466916,133.26103023220801,134.04637145996094,14002700
2021-07-19,131.08145943847524,132.2021192170501,128.5754287611085,129.687255859375,22172900
2021-07-20,129.2901784332825,133.34923944723272,129.12251907731843,132.1050567626953,15385200
2021-07-21,134.16989652122658,135.58173869000836,133.56103394769963,134.8846435546875,12356700
2021-07-22,134.9022981436009,135.39644358575345,132.33449222335798,133.1815948486328,9913300
2021-07-23,133.66690778681482,134.86698094037396,132.5815517653712,132.92568969726562,9666100
2021-07-26,132.528634358016,134.09049763269448,132.5109824579729,133.8169403076172,8208000
2021-07-27,132.71391251417427,134.55815205840102,132.18447677143647,133.64044189453125,11218700
2021-07-28,134.38167003186203,134.80523481497434,133.13748719177391,133.86105346679688,9217300
2021-07-29,135.13173034066318,135.7758833130858,134.04637411997345,135.00819396972656,9063500
2021-07-30,134.6375684289838,135.59938816137955,133.4198433037231,133.931640625,9805200
2021-08-02,134.1522569571761,136.28767903704824,133.3051542709142,133.3933868408203,10203200
2021-08-03,134.08163819631307,135.29054401563636,131.93739729261122,134.91110229492188,10394800
2021-08-04,133.4639583763172,135.3346555008019,133.1639434534191,133.45513916015625,10155000
2021-08-05,134.37284419542863,135.61704043868053,134.13459069972117,135.14053344726562,9151500
2021-08-06,136.94063230161038,139.2613651190781,136.8700381837061,138.97898864746094,13328800
2021-08-09,138.99665411431266,139.90553159133748,137.56714664996719,138.82899475097656,9516900
2021-08-10,138.3083889436853,141.16737716497397,137.92894717656085,140.53204345703125,8667000
2021-08-11,141.18503866108958,142.5086483985373,140.37322630452286,142.20863342285156,9156500
2021-08-12,142.84393790935846,143.27630838442684,141.670335900191,142.76451110839844,8844200
2021-08-13,142.7645116730848,143.0910111652187,140.80558204254052,141.1673583984375,8980900
2021-08-16,140.24967740794082,140.32909075362585,138.3436763247806,140.2408447265625,8755800
2021-08-17,139.04078977792128,140.17908816578048,137.0112522647953,138.546630859375,9347200
2021-08-18,137.92894294435325,139.42903113923518,137.07300765476205,137.2847900390625,8065500
2021-08-19,135.14935874048683,137.26712857814314,135.01698971035066,136.1376495361328,9517700
2021-08-20,136.1994538326342,136.6847666544991,135.1493879034477,136.52593994140625,6974100
2021-08-23,137.06416378209656,138.61719392757308,136.98475045143914,138.27305603027344,7934600
2021-08-24,138.53780239950194,139.90553498869335,138.4230852608647,139.12901306152344,7670900
2021-08-25,139.8701936071394,142.75566547980142,139.2436927824428,141.99679565429688,11335000
2021-08-26,143.17927050417782,144.564655139812,142.19979877343872,142.729248046875,11027500
2021-08-27,142.72922708456065,143.97342326928566,142.29684312594244,143.87635803222656,8780200
2021-08-30,144.01755751359792,144.264630233666,141.079142523731,141.5732879638672,7937600
2021-08-31,141.5732989428694,142.39393051292402,140.61147910341145,141.1409149169922,12340800
2021-09-01,141.3791762905091,141.85566989564083,140.2761681203887,140.93797302246094,8729900
2021-09-02,141.2026966143261,142.60571976469916,140.6820665289585,141.59095764160156,8813300
2021-09-03,141.52914563418693,141.97034878330086,140.43495697718183,140.7349853515625,7959700
2021-09-07,141.1762215532433,142.40276605636393,140.2673439304358,140.48794555664062,9285600
2021-09-08,140.20549646280529,140.81435879038747,139.45544593604075,139.86135864257812,7852700
2021-09-09,139.6584332717386,141.91739099310948,139.49077393915323,140.47024536132812,7904300
2021-09-10,141.67919761645615,141.820385900014,138.73196288557895,138.85549926757812,8311600
2021-09-13,139.887875616442,141.22913701958183,139.481976241257,141.0614776611328,10052800
2021-09-14,141.582087728084,142.36742879420936,137.88480318758363,138.5995635986328,11685600
2021-09-15,138.29071885960727,140.02906037851577,138.0701172807047,139.56138610839844,11691500
2021-09-16,140.66441677718925,141.9350842317079,138.73194447881332,139.4996337890625,10880900
2021-09-17,138.8731062673003,140.31141936457183,138.53778756838295,139.1378173828125,25581600
2021-09-20,135.79353194974257,136.38474267247824,132.79335531940697,134.972900390625,15819900
2021-09-21,135.47583518041282,136.3758933566516,134.63755190675133,134.99050903320312,8999900
2021-09-22,136.9494742842582,138.75841014598367,136.86124172054812,137.57598876953125,11236200
2021-09-23,139.42021143051676,142.6939451042889,139.1290157023009,142.22625732421875,12336100
2021-09-24,142.45568113348585,144.3528493713746,141.90859351342442,143.86752319335938,10102400
2021-09-27,145.5970318922224,147.71480151578345,145.25289399178246,147.3441925048828,13220900
2021-09-28,147.97954281239566,149.39139836399926,146.17943977533085,146.550048828125,13387900
2021-09-29,146.6647522408941,147.27360125780172,145.63232505501117,146.43531799316406,7777100
2021-09-30,147.2912543236252,147.35302922602833,143.6469120864748,144.4410858154297,13161200
2021-10-01,144.7146715174392,148.50902230499477,144.36171428976408,147.4766082763672,11285000
2021-10-04,147.33540092187218,150.39735227429443,146.2412121146315,147.3177490234375,14120000
2021-10-05,148.43628358822832,151.03730748793987,147.9569052119613,149.72348022460938,12292900
2021-10-06,149.12867566366666,150.11404929063713,147.36210102199217,150.04302978515625,8692600
2021-10-07,151.97829376443244,152.25348594238827,150.50466918086212,150.992919921875,10195400
2021-10-08,150.93074963935595,152.1025375875202,150.29158765105353,151.10829162597656,8190100
2021-10-11,151.6232009399624,152.0581768558747,147.77048358011973,147.93026733398438,12154700
2021-10-12,147.14020278889987,147.97466523143729,146.27023735853876,146.7939910888672,13032600
2021-10-13,145.6488413483321,146.83838791572575,142.568438869444,142.92352294921875,22753500
2021-10-14,143.5892947185567,145.59554521193775,142.08903964199308,145.11618041992188,15176800
2021-10-15,146.78511380271135,148.4007638334521,145.71096220524572,147.9036407470703,14267400
2021-10-18,147.78820990650408,149.67906536542753,147.28221453665418,147.85035705566406,12672900
2021-10-19,148.6049517463614,149.7146064444244,147.87702530813863,149.6436004638672,8053900
2021-10-20,149.40392459490587,151.68536781410108,148.6582398221753,151.6587371826172,8185600
2021-10-21,151.58768893451537,152.09369792803645,149.74122207639823,150.4691619873047,8415200
2021-10-22,150.93964771015538,152.76835622047847,150.64669728681417,152.4931640625,8817900
2021-10-25,153.3187415300855,153.5406724193942,151.33910824462953,151.74746704101562,10159200
2021-10-26,151.8007539480115,153.12346714829795,151.39239508259521,152.1558380126953,8015100
2021-10-27,151.1971160983183,151.53444191342504,148.551689561808,148.98667907714844,9847000
2021-10-28,149.40388131307253,151.36574284052512,149.10205854663167,151.2325897216797,7212900
2021-10-29,151.96058768644673,152.90158650392974,150.37156768788458,150.8154296875,8140100
2021-11-01,152.7239658757041,152.98141331145612,150.0341643863311,150.7354736328125,7435500
2021-11-02,150.73545757534345,152.4132544993455,149.95425653709114,151.33023071289062,7173800
2021-11-03,151.02839991312652,151.91612339269238,150.15842115033055,151.38348388671875,8402700
2021-11-04,150.91301764530465,151.09055966282864,147.79711256915726,149.39500427246094,9574200
2021-11-05,149.93653336546495,150.992926777002,148.61383367000195,149.18197631835938,7975600
2021-11-08,150.06971040212557,151.7297495658267,149.79451819269812,150.07858276367188,6413700
2021-11-09,148.56054610576243,149.55479217792714,147.89475342266923,148.9422607421875,7990300
2021-11-10,148.6493357838505,149.98092137799472,148.3297546994323,148.8002471923828,6999200
2021-11-11,148.71147469687327,149.74122387123737,148.16107680416025,148.79136657714844,5815300
2021-11-12,148.8268602787252,148.90676569960334,147.11356018475198,148.1255645751953,8113400
2021-11-15,148.43629676330428,148.95116462708512,147.36214504717802,147.85926818847656,6492500
2021-11-16,148.30311866476382,148.31200457091123,146.58093252515914,146.7939910888672,9706100
2021-11-17,146.66082661144287,146.97152175403755,145.04516310583514,146.00390625,9909600
2021-11-18,145.93289363536465,146.34125248380784,144.30835769306057,144.74334716796875,8122500
2021-11-19,143.18980203024702,143.9088558917823,141.5475081511071,142.8524627685547,12193600
2021-11-22,145.728745468124,147.3443957759963,144.6901102247224,145.8974151611328,14549900
2021-11-23,146.91825317693468,149.6346851771418,146.80284477640728,149.38612365722656,12354400
2021-11-24,149.54594102375142,150.41590646025415,147.75273535025133,148.21435546875,9629800
2021-11-26,143.93551239964296,144.38824658577076,140.98827691858202,143.74908447265625,13619300
2021-11-29,144.97412152079633,146.27907613956958,141.87597519841248,143.12765502929688,12104400
2021-11-30,141.29011232202862,142.59506729066257,140.51778346481132,140.99716186523438,18922600
2021-12-01,142.92347923586024,144.9386153135024,140.0827668297304,140.16265869140625,12253400
2021-12-02,141.88489169754703,144.92090536361414,140.97053729865502,143.10995483398438,12969900
2021-12-03,143.36735991705172,143.660310327492,139.54127340792155,140.51776123046875,12681800
2021-12-06,142.9323982580036,144.35276169757395,141.55643726130754,142.17784118652344,11186500
2021-12-07,143.7047595576062,145.04521786618636,143.06559722018702,144.31729125976562,9851600
2021-12-08,144.39713510383055,144.9386470831941,142.1866982938537,142.66607666015625,11705700
2021-12-09,141.72511561031556,142.86140112182352,140.83739170785046,142.44418334960938,11189600
2021-12-10,143.20760802123158,143.54493384976266,141.26349075768516,141.8760223388672,10405400
2021-12-13,141.59192077449563,141.84935467039065,139.62117320734154,140.18931579589844,12069000
2021-12-14,139.77209068487107,142.82586231088433,139.6389375511274,141.2634735107422,12563600
2021-12-15,141.90261702457528,141.90261702457528,139.68330811612452,140.20706176757812,14014200
2021-12-16,142.38199149061748,143.6514433164565,140.8817363989839,142.39974975585938,19542800
2021-12-17,141.43212968030053,141.48539092871525,137.75694099263876,139.1595458984375,28082000
2021-12-20,137.16213848582822,137.3308081001402,134.79191861898602,136.65614318847656,15148000
2021-12-21,137.96114320539073,139.53240439857666,137.67706512004878,138.56478881835938,11291300
2021-12-22,138.26297313566954,139.42588907307973,137.8102389026166,139.10630798339844,7273000
2021-12-23,139.91413278524888,141.25459069474886,139.5590487237726,139.60342407226562,8055200
2021-12-27,139.90528160559214,140.4379077784434,138.78674090598219,140.40240478515625,6188100
2021-12-28,140.43789060459122,142.16894915945403,140.33136809216552,140.8284912109375,6342300
2021-12-29,141.01490899512024,141.70733236718596,140.39349159583065,140.75746154785156,6398900
2021-12-30,141.24571740501003,142.2488495131852,140.58879699545278,140.6864471435547,6948200
2021-12-31,140.65980915922302,141.40549377176825,140.2248332413656,140.571044921875,5805900
2022-01-03,141.9115285769945,144.3793996811227,141.60081982576506,143.54493713378906,13120900
2022-01-04,145.86188767412355,149.65247189183447,145.79086814841963,148.98667907714844,20195800
2022-01-05,149.87078709434957,150.35302529770058,146.2182234519516,146.26287841796875,17539400
2022-01-06,149.0581041320163,149.4688970905359,146.3432404311652,147.8167724609375,14047500
2022-01-07,147.9507304123867,149.61179428581275,147.40597253919904,149.2813720703125,13913300
2022-01-10,150.98711453353607,151.20143659797546,147.82572781521154,149.42428588867188,12922500
2022-01-11,150.26369968661737,150.49590003496505,148.52226520791496,149.57606506347656,11854100
2022-01-12,150.44236422692546,151.45149579415093,149.2992541090422,150.42449951171875,12568000
2022-01-13,150.33520449735903,151.64798184637473,149.93333693938789,150.23696899414062,13623400
2022-01-14,143.56588779923814,143.80701372863592,140.118734070285,141.0028533935547,40158400
2022-01-18,139.11852392455683,139.11852392455683,134.4389640627138,135.0908966064453,32324800
2022-01-19,135.35884215370254,135.94824151895568,132.6618423393189,133.00119018554688,22380000
2022-01-20,133.05477106362076,134.5014995118015,131.59910344486124,131.8670196533203,14860800
2022-01-21,131.72407828048975,131.73300382083437,128.8395480427948,129.5629119873047,20705400
2022-01-24,127.06241044703916,129.92015102305317,124.64226671968898,129.44683837890625,28471400
2022-01-25,128.28587582168265,131.14362998848688,125.73176723317908,130.85784912109375,18915900
2022-01-26,132.81360533644312,134.4657434381481,130.34880693573797,132.0991668701172,20709100
2022-01-27,133.43875583246762,134.29608485842846,128.71455471405014,129.76834106445312,17536800
2022-01-28,128.7681241211247,131.06324203268753,126.96416991849439,130.92929077148438,14117000
2022-01-31,130.063047992457,132.8761337453502,129.19679342056898,132.7064666748047,13985700
2022-02-01,132.7868512599023,135.2695150459539,132.43856428637088,134.98373413085938,14584900
2022-02-02,134.4032401062111,134.79618199179012,132.23314782010237,133.90313720703125,12441100
2022-02-03,133.9567220918846,135.43024058418234,132.42960946425285,132.79576110839844,12474900
2022-02-04,133.1530072894499,137.0823996126492,132.8583008211923,136.24293518066406,16654400
2022-02-07,136.87698575835253,137.18954327472105,134.7158188915654,136.69837951660156,12572300
2022-02-08,138.42196525966506,141.52975782547924,138.2433589975901,139.27035522460938,20411400
2022-02-09,139.84184513497127,140.59199929899444,139.15421063133934,139.8507843017578,9131100
2022-02-10,139.90442312577747,142.02093526627363,138.6184362359828,139.27035522460938,16455600
2022-02-11,138.96669101162917,141.27074805076114,136.6090534689701,137.4574432373047,16830000
2022-02-14,136.39471140831753,137.24310113672053,134.24248406618716,136.18038940429688,17026500
2022-02-15,137.98436009618737,139.26142136600333,137.39496082920968,138.17190551757812,9500000
2022-02-16,137.29673482704487,139.4043214434998,137.29673482704487,138.42196655273438,9076500
2022-02-17,136.63585149548837,137.28777037013128,134.55505552050664,135.2337646484375,11367500
2022-02-18,135.85891808502598,137.65393333705288,134.96587323046438,135.8678436279297,11733300
2022-02-22,134.49255190326284,136.8501896226984,134.32287121151697,135.626708984375,11333500
2022-02-23,136.74300096302238,136.90375609595887,132.14382617982338,132.7868194580078,11799000
2022-02-24,127.65184252532512,129.4825873292277,124.8298173191874,129.0896453857422,25655100
2022-02-25,129.71474659809545,134.0728092264706,129.41111466133975,132.14382934570312,18367700
2022-02-28,128.19657926061055,129.54507195558378,125.8121513636117,126.63375091552734,31315300
2022-03-01,125.06198450854104,125.45492639049641,119.29292288319827,121.85595703125,36840400
2022-03-02,122.60614392784375,125.06201771537366,121.99887985942065,124.38330841064453,19405600
2022-03-03,124.88338294731777,125.90145348554331,122.40071946591193,123.49916076660156,16640800
2022-03-04,120.50745930978422,120.9361169691792,118.23911804080738,120.02520751953125,21016000
2022-03-07,118.03374030007176,118.4981274537443,115.15813469277981,115.39033508300781,27560100
2022-03-08,115.7743287538605,117.69436964681233,113.65781009895336,114.57765197753906,19207800
2022-03-09,118.6856482632882,120.7753834480156,118.27485528699926,119.16790008544922,17536200
2022-03-10,117.75689697265625,119.17683504395328,116.38161387016636,117.75689697265625,15604200
2022-03-11,118.31950453361293,119.73944242409165,114.68480583873979,115.10453796386719,20061800
2022-03-14,115.6135731506916,118.70350018952276,115.40816305788907,116.24762725830078,15786900
2022-03-15,117.70332102833702,119.26614960974989,117.10498257809587,118.31058502197266,15096600
2022-03-16,120.44496461579581,123.67779650894197,120.05202266870081,123.597412109375,20354900
2022-03-17,122.2220911288247,125.19593144330103,121.3826269790183,125.16020202636719,17050500
2022-03-18,125.19593318801616,125.7853459346193,123.65096974020497,125.11556243896484,23656500
2022-03-21,125.33884159458447,125.70497960174266,123.89209977010354,124.71369934082031,12676100
2022-03-22,127.05347037026881,128.5359141819126,126.56229307117881,127.36602783203125,13548600
2022-03-23,125.90145452215526,126.44621240575664,124.31183583757078,124.82980346679688,12093200
2022-03-24,125.29421483000483,125.66036654635562,124.23148911155435,125.64250183105469,10017600
2022-03-25,125.99972251325887,127.86618339257797,125.74074544520413,126.74095153808594,8383500
2022-03-28,125.02627042123662,125.8925249564406,123.15087091420524,125.80321502685547,10818100
2022-03-29,128.01796665028374,128.24122783130846,125.24059701326506,126.08004760742188,11316500
2022-03-30,126.72302510519395,126.91949601015166,124.94587504686656,125.50848388671875,8771000
2022-03-31,124.87448166782717,125.33886887470908,121.68630453613557,121.73989868164062,17353900
2022-04-01,122.70432001178843,122.71325917873932,119.48936769538851,120.83786010742188,15721300
2022-04-04,119.77515295955075,122.29354559974009,118.67671177427587,121.37371063232422,17416400
2022-04-05,120.61800754372815,121.81454906414928,119.6643517891317,119.96124267578125,12110300
2022-04-06,118.37784150003151,119.25950875410467,117.82005397387346,118.296875,12914700
2022-04-07,117.81102875745843,118.68370416311113,115.81377305872617,117.93698120117188,12994200
2022-04-08,118.4588108545156,120.46505863888925,118.29687785055057,120.09620666503906,13126900
2022-04-11,119.65536499023438,121.36472185612202,119.26851588825143,119.65536499023438,10466400
2022-04-12,118.8816544171002,121.07683777078546,117.58613547211941,118.34185028076172,12989900
2022-04-13,114.20340297650245,116.28162557761347,113.36671479643655,114.52728271484375,30838000
2022-04-14,113.80755300363244,115.42695176030934,112.47604659659865,113.46568298339844,18835200
2022-04-18,113.06082102537643,116.2726294523978,112.94386712693903,115.57089233398438,11834400
2022-04-19,115.56190195566656,118.14394839833008,115.36397466799782,117.96400451660156,15015400
2022-04-20,119.22351714570341,120.11417601890581,118.16190613088588,118.3778305053711,13430200
2022-04-21,118.9536438455066,119.48444261724799,116.92040697380047,117.46019744873047,12174200
2022-04-22,117.2082619483367,117.42418631873424,113.978470459945,114.08642578125,14318800
2022-04-25,113.36670559907569,114.36533356729424,110.75767763583706,114.05044555664062,17149000
2022-04-26,112.13416311275483,113.72657284294047,110.54176024646341,110.67670440673828,17209500
2022-04-27,110.0559415049335,111.16252481086943,109.05731352802881,109.23724365234375,17215200
2022-04-28,110.48776340039,111.2434849331464,108.9853257630838,110.96458435058594,13015600
2022-04-29,110.70370543081577,111.2075152904747,106.970096856543,107.38394165039062,14874800
2022-05-02,107.85178498121796,108.59850821334896,106.35834538085184,108.36459350585938,18545000
2022-05-03,109.33621052814826,111.71132393191763,108.66146224607981,110.68570709228516,15720900
2022-05-04,110.4787832861714,114.61723786198235,110.42479875852437,114.34733581542969,17128500
2022-05-05,112.68297507234442,113.44768850045554,109.90301514966046,111.48641967773438,15055400
2022-05-06,111.37843993822645,111.81927351087909,109.02131706783221,111.30646514892578,14417900
2022-05-09,109.8580108680147,110.95560243867295,108.40955076101739,109.63309478759766,14312300
2022-05-10,110.75768250365861,111.36045599164639,105.76454244311635,106.96109771728516,16382400
2022-05-11,107.32996808715706,110.5597600613588,106.10642392643965,106.2863540649414,14630300
2022-05-12,105.26072886829334,106.44828553481575,103.79427844993359,106.19638061523438,16318800
2022-05-13,107.42891325346034,108.18462794191998,106.12439594996172,107.1410140991211,10443200
2022-05-16,106.64622256963487,107.47391219955917,105.46766436041887,106.39431762695312,10269000
2022-05-17,108.89538074384784,110.63173332545871,108.68845490994003,109.9209976196289,11160200
2022-05-18,109.12929516160023,109.73206866611008,107.5368853196626,108.04069519042969,12664900
2022-05-19,106.33133757266812,107.64484677226233,105.82752084150299,106.43929290771484,12765800
2022-05-20,107.47391868394206,107.6628474023523,103.47940616928206,105.5666275024414,13150100
2022-05-23,108.37357261761396,113.87052264145763,108.36457405173863,112.09818267822266,24376700
2022-05-24,111.88226603730769,114.69821315602941,110.7576855302295,113.68159484863281,19324900
2022-05-25,113.60962768471744,115.03109918853824,112.61099957820115,114.47330474853516,12780400
2022-05-26,115.48991294158193,117.1273087149103,115.34597707281246,116.45256042480469,15990900
2022-05-27,117.10034031315126,118.09896850585938,116.18267863471345,118.09896850585938,11177800
2022-05-31,117.11829374906002,119.79029785853703,116.69546415125481,118.96260833740234,17015000
2022-06-01,119.53841887481565,119.53841887481565,115.7598306839369,116.87541961669922,10768000
2022-06-02,116.86639094470901,118.76468322961414,115.75980766288491,118.75569152832031,8374800
2022-06-03,118.04496925254918,118.54877910852959,116.94737761153944,117.1003189086914,8596000
2022-06-06,117.93699158652628,119.10655793987664,116.47054809011271,116.71344757080078,11323500
2022-06-07,115.90375941281079,117.24426423116766,115.71482385980927,117.01934814453125,6722200
2022-06-08,116.0567078590393,116.46155409438506,114.16741398760132,115.15704345703125,8422100
2022-06-09,114.59025947584705,115.24701752158325,112.70095870554323,112.73694610595703,13560100
2022-06-10,110.28986752765447,111.01860043856597,107.34796763897491,107.55489349365234,12945200
2022-06-13,105.13479186882194,106.11542285909559,103.51539305638484,104.35208129882812,16805600
2022-06-14,103.95621214040193,105.54861492408676,101.85999268354783,102.61570739746094,13357900
2022-06-15,104.01917462519971,105.21572276415986,101.81499327301351,103.83024597167969,14083500
2022-06-16,102.43579090978898,102.79565804880956,100.64546064462745,102.04893493652344,16724900
2022-06-17,102.1478871188905,103.12851792728455,100.90635283555547,101.68905639648438,30919900
2022-06-21,104.24410201869186,105.28770900850158,103.49737902308273,104.20811462402344,11680500
2022-06-22,103.353442359593,104.54099907647512,102.91260873163154,103.62334442138672,9842700
2022-06-23,103.47040676802952,103.62334807194982,100.29459246666248,102.4897689819336,11851500
2022-06-24,101.8689982043996,105.99845431002949,101.50913108867529,105.54862213134766,14841100
2022-06-27,106.2143783826469,106.61023292073985,104.03719215092518,104.70294189453125,11280500
2022-06-28,105.86352041371619,107.32097937948275,104.00121516718443,104.19914245605469,11590900
2022-06-29,104.36106264162848,105.09878712022906,103.2184919586827,103.7313003540039,9338400
2022-06-30,101.8150128424851,102.63371069565692,99.79976662036917,101.31120300292969,15172600
2022-07-01,101.34718853115355,102.93959138117171,100.00669059626647,102.60671997070312,10573600
2022-07-05,100.53734630362622,102.29813625751622,99.20314697860752,102.2164535522461,12514200
2022-07-06,101.40866278810402,102.55226212775857,100.55549544060081,101.55387878417969,10656200
2022-07-07,103.01516634766683,104.28583938797875,102.92440547148976,104.12246704101562,10347400
2022-07-08,104.52180845883026,104.96654153657856,103.11499084043402,103.79570770263672,8807800
2022-07-11,103.06054983988244,103.67773348989748,101.85341011013652,102.43428802490234,7939500
2022-07-12,102.18013881541624,104.53995584050604,101.88969990347611,102.53411102294922,11250900
2022-07-13,101.42680620165926,102.08937362009563,100.18336098400094,101.57202911376953,12979900
2022-07-14,98.01414571362936,98.23198008574157,96.26243412106608,98.02322387695312,26204800
2022-07-15,99.07608481534061,103.36005760475044,97.7237221764294,102.5159683227539,18863900
2022-07-18,104.1678384958555,105.13899436116151,101.00931585478635,101.46312713623047,13977900
2022-07-19,102.67934847181616,104.32215018617427,102.2618428814511,103.97724914550781,11862300
2022-07-20,103.55974263537165,104.14062057546926,102.99702102599593,103.95909881591797,11667500
2022-07-21,103.86831742630905,104.8576225923545,102.89716166279044,104.66702270507812,11595900
2022-07-22,104.59439967054203,105.5111002004212,103.16943283084113,104.15874481201172,7645500
2022-07-25,105.13899260496939,105.70172107742037,104.16783675588512,104.5762710571289,9394000
2022-07-26,103.99540387603209,104.90302651710492,102.5885860125247,102.94255828857422,10675100
2022-07-27,103.4780344249909,105.04821733960455,102.83362333536574,104.59440612792969,9337400
2022-07-28,104.60349583569682,105.26606332469507,103.04238398730452,104.20413970947266,10384800
2022-07-29,104.91208028855732,105.73802007821718,104.18598645136994,104.70333099365234,12944500
2022-08-01,103.92275720615726,104.47640738366968,102.62485699201304,103.6595458984375,14740400
2022-08-02,103.39634658402171,103.8320084015491,101.8987681748215,102.04399108886719,14942900
2022-08-03,102.96975207684662,103.55970798490942,101.39049113840578,103.11497497558594,14394500
2022-08-04,102.42519419130576,102.85177785946334,100.76424341194704,101.98046112060547,18033900
2022-08-05,102.1347522005115,105.45665365912308,101.69909730651602,105.06637573242188,14174600
2022-08-08,105.51112832441613,105.91955572873077,103.63234980026904,103.7866439819336,10332500
2022-08-09,104.14968164237897,105.2751316009744,103.80478758600896,104.72148132324219,10233800
2022-08-10,107.06313700969687,108.34288791197083,106.64563153845688,107.45341491699219,12847300
2022-08-11,108.82392823697425,110.00383321404902,108.2884274148036,109.04175567626953,11684900
2022-08-12,109.52281045751785,110.95685573547384,108.40643860888144,110.84793853759766,9906700
2022-08-15,109.94939940218362,111.38344474851088,109.45928237528908,111.1474609375,8456200
2022-08-16,110.99315503303534,112.76301611709646,110.61195524948526,112.20936584472656,9555000
2022-08-17,111.00222223353197,111.78277805110474,110.44857201584409,111.26542663574219,8149300
2022-08-18,110.9477856809423,111.15654192764482,109.4139081819101,110.40321350097656,9531800
2022-08-19,109.47743081896355,109.81324671950163,107.19929635562796,107.67125701904297,13464500
2022-08-22,105.96493782438986,106.3370664116549,104.83040958215871,105.89232635498047,8967600
2022-08-23,105.91048019098439,106.45505234951126,104.72148991238544,104.84855651855469,7607000
2022-08-24,104.63980981740474,105.65634961675113,103.87740323674224,105.10269927978516,9771300
2022-08-25,105.4294383676452,107.77109927585279,104.99377649832141,107.5986557006836,10758900
2022-08-26,108.42460071797278,108.90563961355859,104.01355409395717,104.07708740234375,11276200
2022-08-29,103.46896479140118,104.24952069379636,102.97884781143607,103.82293701171875,8117300
2022-08-30,104.3765812604845,104.90300394092198,102.8880810034342,103.8410873413086,10745400
2022-08-31,103.90463968862345,104.4038279705531,102.86994354010181,103.22392272949219,10738300
2022-09-01,102.82454614376599,104.04075687873322,101.57202968056859,103.93184661865234,9979800
2022-09-02,105.16622513135546,106.6002634672433,102.73379647194963,103.20575714111328,10666600
2022-09-06,103.76848735316932,104.14968716060882,101.71725846017837,103.23298645019531,9751900
2022-09-07,102.67933268210457,105.38405082502955,102.34351678313175,105.19345092773438,10647900
2022-09-08,104.63072127029264,107.81647820178921,104.04076525711028,107.64402770996094,11435000
2022-09-09,108.13414938473096,108.96008922393946,107.70756568092969,108.161376953125,9299700
2022-09-12,109.47744495762137,110.32153428693734,108.72411650707473,109.4411392211914,8614600
2022-09-13,107.16297421151057,107.93445185017829,105.08451812876909,105.63816833496094,12904600
2022-09-14,105.91955089744567,106.95424007081796,104.26767810095566,105.39313507080078,9345700
2022-09-15,105.39312880144128,108.35197321088188,105.06638414248548,106.9814682006836,10821400
2022-09-16,106.54581849814338,106.55489666320808,104.7124238579012,106.26445770263672,14844100
2022-09-19,105.28421430798113,107.76202688119582,104.83948120367455,107.24468231201172,8201300
2022-09-20,106.56395850778968,106.81809169379223,104.04984036495728,105.12991333007812,9619000
2022-09-21,105.77434719244968,105.8288023369798,102.03493928505922,102.09847259521484,12606300
2022-09-22,102.90623810631774,103.10591616726137,100.80963231563014,100.93669891357422,11684500
2022-09-23,99.88386218933628,100.1470666293607,97.26083363178914,99.05792236328125,18138600
2022-09-26,98.02324854172402,99.48452159710196,96.26245834278406,96.9250259399414,15753600
2022-09-27,97.79633801310382,98.17753785435728,94.98270925565369,96.07185363769531,12793600
2022-09-28,96.16260178285361,98.68579816730814,95.88124102174599,98.01415252685547,12762600
2022-09-29,97.07021846318578,97.36973553422631,94.75578536555122,96.35320281982422,12713900
2022-09-30,96.26244659636295,97.67834250014899,94.75579674601661,94.8465576171875,15973400
2022-10-03,95.86308383758465,98.34996736436851,94.81023849180761,97.77816772460938,12248100
2022-10-04,100.39211638397175,102.5522552497183,99.71139956928499,102.35257720947266,16013600
2022-10-05,100.5027998233193,101.60168868963162,99.66031789337549,101.08887481689453,10943500
2022-10-06,100.23723052388458,100.90572600519454,98.84530420211476,99.02845001220703,11521400
2022-10-07,98.46068361891038,98.63467702343239,96.40026188286828,97.05044555664062,11681100
2022-10-10,97.73725002819839,98.26837563973788,95.71345192116682,96.14385223388672,8931700
2022-10-11,95.57609987779172,95.73177451175344,93.26842359438685,93.36915588378906,12739700
2022-10-12,93.22262696465911,95.90575385333776,92.74643675976287,94.88011932373047,13181000
2022-10-13,93.38747537838252,100.64015835202872,93.18601079802045,100.15481567382812,22398700
2022-10-14,102.52658356155584,105.53021942862705,101.39106421861624,101.82146453857422,33387100
2022-10-17,105.68590275946444,107.15109015904487,104.68773925856723,106.09798431396484,22276300
2022-10-18,109.57780496566174,110.01735767004864,107.10529480386943,108.82688903808594,21539700
2022-10-19,108.04851008724987,108.81773780803796,105.92398669571581,106.6932144165039,17072000
2022-10-20,107.28843584963444,108.7078330777111,105.9056621874468,106.34521484375,12207400
2022-10-21,106.64744045076071,112.07779730625502,106.52839636307701,111.93128204345703,20593300
2022-10-24,111.7847483080427,112.7279624850652,111.10710044077992,112.0686264038086,12624200
2022-10-25,111.5832685090341,112.88362172160647,110.70415618279235,112.36164855957031,11289100
2022-10-26,112.63638727546582,114.65101904999469,112.52649560198506,113.65286254882812,11667000
2022-10-27,114.6510068357401,115.56674972416157,113.74442333244073,114.1015625,10727600
2022-10-28,114.73342569339101,115.64000918376867,113.59790648417108,115.45686340332031,11859500
2022-10-31,115.10887815899792,116.69311642839043,115.0081458824523,115.27371215820312,13295200
2022-11-01,116.18031225073543,117.4715061957716,115.68581021224358,117.35245513916016,13386900
2022-11-02,116.89459424650867,119.37625691475094,115.96969186898045,116.27188873291016,16546100
2022-11-03,115.66750267032388,117.37993770627928,115.30121103875088,116.48251342773438,12474400
2022-11-04,118.57955864183005,119.80665083109656,117.6363445290073,119.66928100585938,14953200
2022-11-07,119.96234986289507,121.14365235077179,119.48615952348163,120.3011703491211,12011200
2022-11-08,120.182121952005,120.93302398097727,119.17479901580207,120.37442016601562,9884100
2022-11-09,120.2553546513454,120.35607294803225,118.33228912695223,118.80847930908203,9494000
2022-11-10,121.45499513008096,123.85423725089672,121.36341524341654,123.69856262207031,16351600
2022-11-11,123.79928450705177,124.69670863382392,122.50808366846077,123.90001678466797,10704700
2022-11-14,123.44216990041072,124.29380425716846,122.62715911865234,122.62715911865234,11085600
2022-11-15,123.33226021587494,124.27548835872932,120.51178407947867,121.73887634277344,14038300
2022-11-16,121.7938247178637,122.30663858623812,120.90555284831159,121.9037094116211,7893400
2022-11-17,120.87807117107586,121.69308184959206,120.21873511956515,121.37256622314453,8820200
2022-11-18,123.23154414814023,123.3231100656975,121.13448482032692,122.56304168701172,9468500
2022-11-21,122.47146446666271,123.222366403102,121.5648739357984,121.839599609375,7800500
2022-11-22,122.70955214480122,123.87254957387336,122.42567407330107,123.66191864013672,9185700
2022-11-23,123.57037549020015,124.99893248287495,123.49711436581545,124.9806137084961,7316200
2022-11-25,124.98059448333143,125.58498818668618,124.59598411932258,125.21869659423828,3220500
2022-11-28,124.60513866410344,125.19121354026677,122.88353760213049,123.03005981445312,9906900
2022-11-29,123.31391977502874,125.12708647383043,123.08498409178672,125.05382537841797,7925300
2022-11-30,124.6234616268747,126.53736114501953,121.96781251377331,126.53736114501953,14761200
2022-12-01,126.53731702863786,126.97688357642852,124.01902465439211,124.76078796386719,8858500
2022-12-02,123.15828156222832,123.94582110410714,122.1051687244011,123.7718276977539,8931900
2022-12-05,122.92936263028933,123.23155953954412,119.59605820065781,120.3011703491211,10154500
2022-12-06,122.15094932768046,123.72602829098362,118.92753028962653,120.50260925292969,13966700
2022-12-07,120.24620313901356,121.8670720542558,119.34877897086182,120.42019653320312,11739400
2022-12-08,121.18026801888281,121.77549535581866,120.35609096797697,121.68392944335938,8907300
2022-12-09,121.0612207394694,122.48977757119074,120.8780749357078,121.02459716796875,7957800
2022-12-12,121.24436420664723,123.30478589879809,120.51178100571893,122.90187072753906,8841600
2022-12-13,125.35605721894315,125.53920302213729,121.86707866617365,122.78282165527344,10025400
2022-12-14,122.5080938050597,124.27548500890414,121.57403206016197,122.16927337646484,9966100
2022-12-15,120.0996565300395,120.95130455680392,118.1766051316006,119.13813781738281,12087800
2022-12-16,118.2682046180749,118.95501187828005,117.6088685304276,118.39640808105469,21133700
2022-12-19,118.72606639466815,120.2645217974707,118.21325258477675,119.10152435302734,9017200
2022-12-20,119.93484316154012,120.92384712438992,119.22971724880766,119.67843627929688,8549900
2022-12-21,121.0429019671545,121.77549915533008,120.66745796003842,121.02459716796875,8051700
2022-12-22,120.05392253524288,120.23706835533226,117.59057143161893,119.65099334716797,8648200
2022-12-23,119.57773264088983,120.36527224583388,118.71693191302884,120.21875,5091900
2022-12-27,120.48432474153353,121.07955215921585,119.5502628797135,120.63999938964844,5411000
2022-12-28,120.74073543474422,122.1692924600138,119.97150059771896,121.2993392944336,8827700
2022-12-29,121.729711736057,122.04107497935217,121.16195554068072,121.99528503417969,6585200
2022-12-30,121.61982355638521,123.01175680553759,121.281003123464,122.80113983154297,9292500
2023-01-03,123.8450976445849,125.21871224767116,122.60883891255513,123.73519897460938,11054800
2023-01-04,124.53189125792152,126.0794851365286,124.14728088810833,124.88903045654297,11687600
2023-01-05,125.14734127722969,125.19346945660689,123.33922081058908,124.86136627197266,8381300
2023-01-06,125.5808750319352,127.65651565991499,124.06796420392791,127.2506103515625,10029100
2023-01-09,127.8594940162174,128.1177948868488,126.27278062442917,126.72480010986328,8482300
2023-01-10,127.11226962166953,127.97020869627205,126.66947007664382,127.85951232910156,9048700
2023-01-11,128.13623677339942,128.92037347696242,127.39824231868354,128.80967712402344,8703700
2023-01-12,129.1510003099014,129.94435701771593,128.4314458628536,128.68052673339844,11001700
2023-01-13,125.09196751012998,132.37054791484914,124.35395902005588,131.927734375,20200000
2023-01-17,130.23034600314747,130.5716691791465,128.44067969679156,129.88902282714844,14292900
2023-01-18,128.15469990359847,129.82443570121728,125.83921187435125,125.98681640625,13392600
2023-01-19,124.83368193365786,125.36872372621798,123.23773433152995,124.30784606933594,13303400
2023-01-20,124.68608406893968,124.99051315250682,123.20084682408736,124.6122817993164,13092500
2023-01-23,124.64917692664585,127.26910825273292,124.37243600869981,126.63257598876953,10487100
2023-01-24,125.84842667977738,129.41852492998638,124.53846818506591,127.72111511230469,6945000
2023-01-25,127.35211231112285,128.3391876220703,126.61410379069925,128.3391876220703,8967000
2023-01-26,128.61598171954827,129.20638590030146,127.63812611483327,129.13258361816406,7487600
2023-01-27,129.7137336540936,130.31335768367455,128.92037692534547,129.4462127685547,7489900
2023-01-30,128.44064618523123,129.23400277147582,128.14545126374057,128.34840393066406,6729300
2023-01-31,129.0403182144774,129.21559684362194,127.53662689744111,129.11412048339844,9188700
2023-02-01,127.49973096149544,129.962823586279,127.4166946124427,128.7727813720703,8841800
2023-02-02,129.1510428998859,129.57540252014945,127.30602800131611,128.17318725585938,11822100
2023-02-03,127.47205548026778,131.30046932687927,127.42594137506877,130.15655517578125,11501200
2023-02-06,129.36318646266028,131.21743502591008,129.17868782973096,130.92222595214844,8406200
2023-02-07,130.42406166418485,133.15467486781688,130.23954897835594,132.5181427001953,10447900
2023-02-08,131.5956457857201,132.8779302241988,131.25432262787135,131.58642578125,6958000
2023-02-09,132.02921863498875,132.232171333837,129.03107040131695,129.5384521484375,6443100
2023-02-10,128.9480585636298,130.33181939876073,127.8502727155443,130.11041259765625,6582900
2023-02-13,130.3502776917921,131.6694563072167,129.83367588221756,131.52186584472656,7134600
2023-02-14,131.45727512332502,132.66575729505092,130.62702427939897,132.10302734375,9249400
2023-02-15,130.63624687025177,132.73956218775996,130.35027188671188,132.6565399169922,6728300
2023-02-16,131.8354853567696,132.27828479759046,130.7007915549268,130.8299560546875,8165300
2023-02-17,130.05506958755439,131.76171364927728,129.21559867888436,131.21743774414062,7948800
2023-02-21,129.7875324452297,130.3871564587718,127.99786633222567,128.80967712402344,9996300
2023-02-22,128.15471213805932,128.62518579251523,126.78940527851228,127.8226089477539,11107500
2023-02-23,127.97941389653887,129.30782645428664,127.25063943639948,128.84657287597656,8068000
2023-02-24,128.32995563012386,130.40559648197427,128.16389704227882,130.0089111328125,9126900
2023-02-27,131.0974722979079,132.20447789923145,130.73769512556922,131.1436004638672,10014700
2023-02-28,131.8631779812996,132.61962654587361,130.90376263556865,132.2414093017578,11019800
2023-03-01,131.08829250047577,132.34290298712642,130.8115374961782,131.50341796875,7139200
2023-03-02,131.21740834556397,131.39267286158722,128.72662804026476,130.13807678222656,11106800
2023-03-03,130.54397554325527,132.6011765252421,130.1473042441955,132.52737426757812,9513100
2023-03-06,132.3244371513992,132.87793303450798,131.60488264991764,131.7524871826172,9261300
2023-03-07,131.005259457096,131.28201446838895,127.13073152802835,127.87796020507812,11747600
2023-03-08,127.30599673718818,127.85027262027845,126.28201315690055,127.12149810791016,10002500
2023-03-09,126.16208045104264,126.70637040071524,119.20638230996192,120.23958587646484,25888100
2023-03-10,118.96652146961952,124.77830492193819,117.91485690350788,123.2930679321289,37599700
2023-03-13,121.04216932312453,123.50526172401649,119.38165363815746,121.07906341552734,42901100
2023-03-14,124.7967854376339,125.02741226082236,121.11597627206211,124.18792724609375,29648100
2023-03-15,120.82998322201568,120.83921730242474,116.90933485138834,118.32076263427734,34280600
2023-03-16,118.09013838380625,121.72481890489128,116.25435107656224,120.61781311035156,24558500
2023-03-17,118.43148888954974,118.523731171571,115.72853524450113,116.06063842773438,38396000
2023-03-20,117.14918202793817,119.43700287665557,116.2451289544415,117.28755950927734,22875500
2023-03-21,120.47020555487761,121.52186314469817,120.1012083247568,120.43331146240234,17807800
2023-03-22,120.4425267786873,120.5347831207978,117.2322059572907,117.32445526123047,17250200
2023-03-23,117.98868097137063,119.49236528429715,116.2543628032985,117.01081848144531,16677600
2023-03-24,115.89457646612907,115.94070464118424,113.56986142967864,115.23037719726562,22311100
2023-03-27,116.9646999997955,119.35399753780577,116.50344635536293,118.53296661376953,18853900
2023-03-28,118.73591379966149,119.31708379259778,117.84107360696267,118.89273834228516,10820500
2023-03-29,120.01818138404417,120.12887773349976,117.86873107711466,119.132568359375,14595300
2023-03-30,119.87981010605174,120.03663464387499,117.7580477285773,118.7728042602539,12134700
2023-03-31,119.61229758899901,120.23959578425315,118.86506894262816,120.21192169189453,13105200
2023-04-03,119.84292055015709,121.25435552036943,119.3816669239088,120.07354736328125,11775400
2023-04-04,120.38719287706124,120.47021514899892,117.53664892978881,118.46837615966797,11579900
2023-04-05,117.89192670388562,119.14707668722164,117.57580902387382,118.64501953125,9614700
2023-04-06,118.0778873969131,119.08201601577716,117.94772336410566,118.5148696899414,8760200
2023-04-10,117.65020772955945,119.2214756231624,117.35268891892979,118.90536499023438,9477300
2023-04-11,119.28655862413275,119.88159621491059,118.5799488250562,119.49110412597656,10516300
2023-04-12,120.10471721761407,121.26690103116188,119.06340506045575,119.47249603271484,11821000
2023-04-13,119.43531289368853,119.9745537010394,117.919820654687,119.9280776977539,12450200
2023-04-14,125.65534385472282,129.3464418274923,125.42290702614449,128.9838409423828,43931300
2023-04-17,130.11806532336288,130.22033804158687,127.98895133627728,130.00650024414062,16050500
2023-04-18,130.41565801324444,131.81957133189582,129.26276625160372,131.4662628173828,13760100
2023-04-19,131.30816626421534,131.55920192925032,130.53647454341413,131.2988739013672,9158100
2023-04-20,130.08092733043537,131.49413278576523,130.01583822017926,130.91769409179688,10586200
2023-04-21,129.922854961478,131.19660385164096,129.0302915712904,130.66664123535156,11842500
2023-04-24,130.5923012181402,131.18733887353952,130.20179489998168,130.84332275390625,7567500
2023-04-25,129.79271816475563,130.1274277329189,127.96111499825328,127.99829864501953,10629300
2023-04-26,127.95180097908714,128.12845521125487,124.5861207639031,125.72970581054688,14416100
2023-04-27,126.44560717787672,128.22142756587223,126.12949656476765,127.42184448242188,9041100
2023-04-28,126.96626151575278,128.60262548886095,126.13878716546598,128.5282440185547,9887300
2023-05-01,132.26580298667045,133.29782272315924,130.93627158760816,131.2802734375,20415800
2023-05-02,131.46623018999736,132.40528381144946,128.70488025365032,129.16046142578125,14113400
2023-05-03,128.71419374312444,128.92803160871594,126.22246408088758,126.42700958251953,12930900
2023-05-04,125.47868364235244,126.18528638056492,122.54997156023859,124.69768524169922,17089200
2023-05-05,126.85467902829136,128.19351693679252,126.3619142684698,127.13360595703125,11261400
2023-05-08,127.83092172994768,128.27719632320026,126.8918681686871,127.4404296875,7484900
2023-05-09,126.38049348530426,127.32883932696265,125.7110887470415,126.8267822265625,7343600
2023-05-10,128.2586209725423,128.3608937300772,125.39499794838092,126.89189147949219,8133400
2023-05-11,125.51586622421974,127.19870630889098,125.4228858337718,126.49210357666016,7057300
2023-05-12,127.2079900985093,127.36604538453714,123.77722143236268,124.6790771484375,9988600
2023-05-15,124.83715647207913,126.13879683518456,124.54893711930691,125.72970581054688,7639500
2023-05-16,125.9435475942871,126.38982222709488,124.54892695329985,124.88363647460938,6477200
2023-05-17,126.35259238076902,128.8536136997337,125.94351567999787,128.72344970703125,12711500
2023-05-18,128.5561373131233,129.9135601537646,128.0819572058346,129.69972229003906,10999600
2023-05-19,129.96935277131868,130.62018715038363,128.42598322593338,129.40220642089844,13492200
2023-05-22,131.09432702029443,131.689364532914,127.9889754446489,128.33297729492188,11402500
2023-05-23,127.87738208176236,129.26271006674253,126.87326791652843,126.99412536621094,9514900
2023-05-24,125.88775277144353,126.77102387365669,125.59024107397305,125.83197021484375,8578000
2023-05-25,125.34851738110962,126.69664790918623,125.12537295819699,126.1387939453125,8472500
2023-05-26,126.5478882224952,127.93321661684016,126.10161355198235,127.319580078125,8579900
2023-05-30,127.18939548186306,128.04476103992013,126.46419393944916,127.80303192138672,7399900
2023-05-31,127.1243037131586,127.2265764509332,124.9579914943427,126.17597198486328,14219900
2023-06-01,126.9291124111914,128.5189724377895,125.93427593531857,127.91464233398438,12248100
2023-06-02,129.7554893233829,131.54060186472486,129.55094384800705,130.6015625,12922500
2023-06-05,130.26685791287542,130.26685791287542,128.42596275204582,129.31851196289062,8511900
2023-06-06,128.9373278322047,130.25758126837246,128.50035972398217,129.55096435546875,9329500
2023-06-07,129.74621069918032,131.34537684682581,129.076791651942,130.80612182617188,9281400
2023-06-08,130.78754019040267,130.99208571446027,129.68113872485935,130.84332275390625,7368100
2023-06-09,130.49000018411496,131.83813052835976,130.35983616853576,131.10362243652344,7249100
2023-06-12,131.15940366869674,131.39184039666694,129.94142329721078,131.0943145751953,7596600
2023-06-13,130.61087553751943,132.83297065646826,130.29476491165087,132.04269409179688,7701600
2023-06-14,132.95382439764776,133.5209706496138,130.81540340563754,131.54991149902344,9068700
2023-06-15,130.71313840646567,133.32572542805949,130.1924823122168,133.03750610351562,9343100
2023-06-16,133.0003329420945,133.85569861958822,132.48896917108857,133.19557189941406,13813500
2023-06-20,132.5912424367851,132.95384326002164,131.13153259272033,132.51686096191406,8428600
2023-06-21,132.8608503119899,133.90217667494477,131.7358643045841,132.3216094970703,9926500
2023-06-22,132.31233019089228,132.5819648406862,129.1883788324124,129.7741241455078,10075200
2023-06-23,128.80714918996347,129.4021867304495,127.95178361219067,129.0953826904297,9919500
2023-06-26,129.11395792287587,130.1738689072679,128.0168633016688,129.41148376464844,8429700
2023-06-27,129.23482980914127,130.01581386502326,128.8071399575032,129.4207763671875,8154000
2023-06-28,129.3836003129569,129.43009050189633,128.26790671248017,128.8536376953125,7558600
2023-06-29,130.22968573677505,133.4744941017453,130.02514023569887,133.35362243652344,15423200
2023-06-30,134.4414279986358,135.74306818320116,133.5674635089359,135.222412109375,14212800
2023-07-03,135.9197343507007,137.11910189866717,135.74308012722005,136.3102264404297,8021600
2023-07-05,135.68304903229517,136.14174482280288,135.14009045939446,135.40220642089844,8934900
2023-07-06,133.8856244268661,134.2319887522731,132.40653391206402,134.06349182128906,9709500
2023-07-07,134.71880784275996,136.52553639400776,133.86692398915542,135.121337890625,8981500
2023-07-10,135.2710974449543,136.6659395090326,135.2710974449543,135.87957763671875,9100100
2023-07-11,136.99361395127463,138.37910020779015,136.40386024410967,138.004638671875,11260900
2023-07-12,138.03269855763006,140.29813690742736,137.61144189846328,138.68798828125,11323200
2023-07-13,139.20287398923173,139.83008093340652,138.3135511365733,139.3620147705078,11234900
2023-07-14,141.870843043834,143.12525681027427,138.93138839786866,140.20452880859375,27028400
2023-07-17,140.74748954065532,143.93033347784979,140.74748954065532,143.58396911621094,17262400
2023-07-18,143.58396870813758,144.5388133160355,143.05973693495963,143.84608459472656,13491700
2023-07-19,142.99420853526703,145.2971002736689,142.49805956001194,144.39840698242188,12510000
2023-07-20,144.66050292793233,146.58893291052811,144.54817163861398,146.17703247070312,9935900
2023-07-21,145.84942918250036,146.16771076680183,144.81032165848947,145.0537109375,10636400
2023-07-24,145.07242527179113,148.64844326937535,144.84774837498787,147.90890502929688,14381400
2023-07-25,147.25361502130073,147.64678887686114,145.99920115581102,146.8042755126953,9944700
2023-07-26,146.70130707753685,148.14294461366953,146.29876273861433,147.68423461914062,8728600
2023-07-27,147.69359033815113,148.63907877636402,145.61537558273733,146.05535888671875,10778400
2023-07-28,147.2348683645196,147.5344375190384,146.44852076027303,146.8885040283203,9103800
2023-07-31,147.14127883075832,149.2007814689445,147.1131960024418,147.87147521972656,8892700
2023-08-01,147.3752836576012,147.9088858617673,146.17703559842258,147.14125061035156,6853900
2023-08-02,145.62474493018428,145.74644670568168,144.10821510612257,145.47496032714844,8299400
2023-08-03,145.10051915990488,146.89789161861475,144.4920388255136,146.3643035888672,6084000
2023-08-04,146.4110794314577,147.7216731631504,145.75578970773367,146.05535888671875,6209400
2023-08-07,146.59832234097993,147.62805928952613,146.59832234097993,146.7480926513672,7251800
2023-08-08,144.46393710846394,146.01790580284208,142.84441801525406,145.92430114746094,8623400
2023-08-09,145.40003811021558,145.58726166497397,143.66818808915676,143.96774291992188,6277800
2023-08-10,144.5201072567677,145.51240519701045,143.31248860553254,143.75247192382812,5995100
2023-08-11,143.2563261590332,144.65116844231196,142.8818789489863,144.58563232421875,5180700
2023-08-14,143.799260884411,145.02559172184132,143.15332741205629,144.8851776123047,5044300
2023-08-15,143.0878141862051,143.48098800077395,140.63513807973655,141.1968231201172,10300300
2023-08-16,140.98153496964974,141.31854318067522,140.12028065372675,140.59771728515625,6978200
2023-08-17,141.2436264856294,141.59934699720856,138.92200841764713,139.1373291015625,9953900
2023-08-18,138.21992597052116,139.95177640901298,138.0233461901272,139.45562744140625,8517500
2023-08-21,140.09216992550452,140.5134408185697,138.56628424091537,139.9330291748047,8327000
2023-08-22,139.72707184794504,140.0828066162515,136.5348722488115,137.03102111816406,9673300
2023-08-23,137.00297996106144,138.1637749740239,136.1698227115898,137.95782470703125,7858000
2023-08-24,138.07946556408447,139.8674810548608,137.60204340174872,137.8267059326172,6534000
2023-08-25,137.87357059987212,139.12798451368934,136.53490820324166,137.65826416015625,6695500
2023-08-28,138.14503635752138,139.11860756571915,137.73313590181482,138.1356658935547,5094100
2023-08-29,138.27607543171382,139.34326542853302,137.77991228921118,139.25900268554688,6337000
2023-08-30,139.127970012283,139.62411896057506,137.78930775518225,138.69735717773438,6277300
2023-08-31,138.79096610726893,138.87522886814105,136.63787329971225,136.98423767089844,10933900
2023-09-01,136.75954535978775,138.62245352140573,136.3944543846634,137.44293212890625,7903500
2023-09-05,137.76121698537963,138.74415864513009,135.74852419936798,135.9263916015625,7854700
2023-09-06,135.45834815612446,136.24469590171947,134.90603349797408,135.70175170898438,8629200
2023-09-07,134.92474171145767,135.9919318730385,134.2319987249338,134.54092407226562,8373700
2023-09-08,134.2132633018919,134.9153624223818,133.53924700348213,134.64389038085938,7107900
2023-09-11,135.5051451671015,135.78598770305322,134.5128472530841,135.23367309570312,6854200
2023-09-12,135.27112644775508,137.91102656774117,134.84986974127222,136.9936065673828,8363200
2023-09-13,137.92970859849189,138.26671674641662,136.5067980043591,137.05911254882812,8325900
2023-09-14,138.39782320494626,140.32625383927393,138.0982682374454,139.7177734375,10034900
2023-09-15,139.40882229373597,140.16708718154675,138.83778101161687,139.30584716796875,19863400
2023-09-18,138.6973598429271,139.61476546325227,138.31354218596897,139.59603881835938,6512400
2023-09-19,139.95173871107744,140.15768890074943,137.8080026439806,139.4181365966797,7943400
2023-09-20,140.09221567373126,140.65390085841233,138.678660814089,138.8284454345703,7332000
2023-09-21,138.15439313326482,139.34328503841164,137.26507039146745,137.74249267578125,8052400
2023-09-22,137.88291038548203,138.08886061958907,135.91704126570235,136.42254638671875,7071700
2023-09-25,136.06683591353567,137.16210899360448,134.52220904350628,137.09657287597656,7044700
2023-09-26,135.36471871200064,136.5255134713151,135.01834009270283,135.6736297607422,7468400
2023-09-27,135.91701534975712,136.75952848555323,135.28043812455698,136.46932983398438,6717800
2023-09-28,136.9374263446685,139.36200547860716,136.68466663396703,138.16375732421875,8868100
2023-09-29,139.10924361496248,139.25901390338058,135.60810422128415,135.7578887939453,11917800
2023-10-02,135.58005131127518,136.3195895900525,133.52056297766828,134.58775329589844,9170600
2023-10-03,134.0541240888714,134.41921506435102,133.25842031372002,133.59542846679688,9431100
2023-10-04,134.044780229925,134.3068961192718,132.86524444361987,134.19456481933594,8128700
2023-10-05,133.94934604024704,134.94898016017183,132.80827611780975,134.76036071777344,8576200
2023-10-06,134.76983853766583,137.57066825366812,134.04369376953446,136.83509826660156,10270600
2023-10-09,135.47710521963256,137.11798531189535,135.32621539355333,136.5238800048828,6964900
2023-10-10,137.13681890719138,138.4099281416334,137.00479393684975,137.3537139892578,11288800
2023-10-11,138.1647971288722,138.84378713856978,136.75967661713253,137.82530212402344,8698200
2023-10-12,137.96671807007812,138.58912775754237,136.86336329119763,137.50462341308594,10484400
2023-10-13,140.0414051365208,144.38881902981274,139.41899543795483,139.56988525390625,29427000
2023-10-16,140.9373067071493,141.0033264055544,138.36281187263532,139.42845153808594,12663500
2023-10-17,139.16436233307783,140.80524204720956,138.42877819786403,139.1266326904297,11482700
2023-10-18,138.24019813274663,139.07950296279404,137.0896884480104,137.59893798828125,9620300
2023-10-19,137.1934315805182,138.64572098900047,136.62761631159904,137.01425170898438,11143600
2023-10-20,136.33527520394097,136.87280042471613,134.02481610747344,134.8075408935547,13332900
2023-10-23,134.7981121972243,135.49595244442185,132.71398789413,132.96861267089844,10133400
2023-10-24,133.14777107218316,133.6570061539827,132.36504643247912,133.12890625,8881400
2023-10-25,132.56313096599058,133.13837151399747,131.5634965446005,132.40280151367188,8242600
2023-10-26,131.7992392386323,133.6004487370822,131.48803437322115,132.74227905273438,9109400
2023-10-27,131.03537944643568,131.17684405250557,127.48955492149321,127.96107482910156,17434700
2023-10-30,128.66833915982525,130.17719404826093,128.29111464548342,129.59251403808594,9855500
2023-10-31,129.86601926333935,131.30886902920932,129.63968452745254,131.1391143798828,9672500
2023-11-01,131.3182799499032,132.52536963058716,130.5827101254128,131.02593994140625,9432000
2023-11-02,132.1104555293983,133.42128040877887,131.2994406435454,133.3647003173828,10186200
2023-11-03,134.0908306209058,135.58083522229103,133.77020054443747,134.8546905517578,9538700
2023-11-06,135.01499931905428,135.9769038934277,134.6566396092663,135.8731689453125,7625100
2023-11-07,135.3356547192018,136.04293466432486,134.6849692569924,135.8071746826172,6297900
2023-11-08,135.90147545372747,136.58989052573705,135.43938073983261,136.4767303466797,7618200
2023-11-09,137.15573260341947,137.3537629346779,135.5148379104684,136.07122802734375,7992500
2023-11-10,136.68420471665647,138.13647982386263,135.87318983117473,138.08932495117188,7983300
2023-11-13,137.40087346098358,137.91954814389777,136.89163838389518,137.476318359375,6676300
2023-11-14,138.32507347607216,140.74869271323962,138.174198041455,139.98483276367188,9927700
2023-11-15,140.00367999024377,141.6068445999882,140.00367999024377,141.2107696533203,8365300
2023-11-16,141.5408296491821,142.8988091629842,141.5408296491821,142.8233642578125,8126200
2023-11-17,143.53064675784515,144.15305644499725,142.90823707069305,144.11534118652344,7812400
2023-11-20,143.41749314350156,144.99236786773022,143.26660332342516,144.55856323242188,7019000
2023-11-21,144.47366999047435,144.87918451834597,143.87956480214766,144.25677490234375,7083500
2023-11-22,144.67172786384498,145.11495768637337,144.19076839406415,144.59628295898438,5174500
2023-11-24,144.84148165087916,145.6430712490366,144.54914161073685,144.79432678222656,3496900
2023-11-27,144.69058425026378,144.78489398263042,144.01160885787445,144.46426391601562,6259100
2023-11-28,144.492561524212,145.10553164775902,144.02104161697716,144.79432678222656,6582700
2023-11-29,145.38842738039006,146.76527166017885,145.22811235973722,145.52989196777344,9126100
2023-11-30,146.08629666666795,147.2368063564752,145.5864867313831,147.1896514892578,9869800
2023-12-01,146.94448174841548,148.86827678185622,146.94448174841548,147.9063720703125,8916000
2023-12-04,147.1330704680428,149.04744006979425,147.0010454744615,148.99085998535156,9607500
2023-12-05,148.30242033448647,149.47179476083681,148.02894514870184,148.97198486328125,9135600
2023-12-06,149.79244482122945,150.15080456532945,147.11421512755064,147.40655517578125,9366000
2023-12-07,147.76489655598155,148.34957657978003,147.25564704716516,147.85919189453125,8130900
2023-12-08,148.30243749266455,149.73586205376884,148.038387493204,149.4906768798828,7369400
2023-12-11,149.4906786018212,150.22624852159782,149.14174407807883,150.0376434326172,8093900
2023-12-12,150.16021020801867,151.4993248802861,149.83015494063707,151.37673950195312,10223000
2023-12-13,151.37673596516078,152.80072072522947,150.66945619346848,151.88597106933594,12379100
2023-12-14,152.61213937426155,155.45068411871856,152.49897919789595,154.64910888671875,13643000
2023-12-15,153.79092125929148,155.8656057922749,153.14022154170772,155.81845092773438,20309300
2023-12-18,156.46914985499157,157.61023425667324,156.19567466546889,156.76148986816406,8469600
2023-12-19,156.54458197937433,158.87389106722682,156.12021701458775,158.8550262451172,10345700
2023-12-20,158.42128856488605,159.76040358559035,156.96899896366102,157.0633087158203,10734700
2023-12-21,157.33674255642595,158.51554219987133,156.24281303379408,157.9591522216797,7601700
2023-12-22,157.95919317463583,158.6476083157881,157.70456835653653,157.86488342285156,6576300
2023-12-26,157.9214570337028,159.15683691468658,157.65739264154033,158.79847717285156,4683600
2023-12-27,158.27980617011522,159.8169657419524,158.03462098752954,159.75094604492188,6428600
2023-12-28,159.70377036247393,160.93915000069595,159.37370072936653,160.5996551513672,6320100
2023-12-29,160.3167620438129,160.96746179209865,159.96784193110983,160.41107177734375,6435100
2024-01-02,159.4585806314303,162.36314465626333,159.28884039116926,162.2782745361328,9977400
2024-01-03,162.07080905271448,162.24054929758722,160.6656746705868,161.5709991455078,9852300
2024-01-04,161.9125662996883,164.48396892100266,161.81767503782845,162.6431884765625,11972500
2024-01-05,162.70017211835165,164.51248868894461,162.70017211835165,163.45925903320312,10066000
2024-01-08,163.2220001220703,163.54460726616028,160.82139873382036,163.2220001220703,11229900
2024-01-09,162.84248752428073,163.00379113396048,161.4002383747752,161.9315948486328,9923600
2024-01-10,161.3053116591082,162.33007655293576,160.30901125024462,162.2731475830078,9670200
2024-01-11,161.61844556584327,161.64691005258496,160.0148785803073,161.58998107910156,11919500
2024-01-12,164.9109759460637,167.29259640908697,160.26157849064393,160.40391540527344,19436500
2024-01-16,156.43769533094127,159.49300912270533,155.8968555922771,159.39813232421875,17206400
2024-01-17,158.78138793793093,160.42291746804034,157.9748698967347,158.54417419433594,11107500
2024-01-18,158.57262518214884,158.9616591633274,156.788787827513,158.85728454589844,9382300
2024-01-19,158.98063779337124,161.84618358047715,158.53467484219206,161.59947204589844,13115700
2024-01-22,161.74181876407434,163.18406784238965,161.030177562061,161.4097137451172,12837500
2024-01-23,160.99221452601276,161.0681246579549,159.82512701395376,160.3470001220703,8360800
2024-01-24,160.69806067066273,162.26366540807356,160.22363323770475,161.77975463867188,9967100
2024-01-25,163.49717227262667,164.1424010811721,162.16878131146788,164.09495544433594,8873500
2024-01-26,163.7818586219111,164.20884046709205,162.99430725137032,163.46873474121094,7443000
2024-01-29,163.4307613169015,164.00006552852224,162.5388354591491,163.89569091796875,6971200
2024-01-30,163.99059082342822,167.71958355620103,163.99059082342822,167.25465393066406,10822100
2024-01-31,167.18822653609234,169.18082757038678,165.42335588463555,165.4423370361328,11521800
2024-02-01,164.7591499982318,165.89777288401743,162.6621744802231,164.84454345703125,9354800
2024-02-02,164.4365405747899,166.82765873693674,164.398578274706,165.79339599609375,8607600
2024-02-05,164.96792869965805,166.13501628029312,164.07600269490123,165.5751953125,7820200
2024-02-06,165.6795566137463,166.8751085895703,164.87302414792433,166.14450073242188,6764800
2024-02-07,166.70430734707855,166.87509426680478,165.0627925456374,166.4575958251953,7225500
2024-02-08,166.04960084038564,166.34374353104843,164.69274533742478,165.85983276367188,6060300
2024-02-09,166.0495681791332,166.14445943801346,164.78758972356695,166.05905151367188,6296700
2024-02-12,165.84085611158963,167.76703037532326,164.81609109548293,166.7991943359375,8539300
2024-02-13,166.35324093999716,167.21668785869483,163.79132123629455,165.34744262695312,8397600
2024-02-14,166.11603914000582,167.09335855725456,165.49927474998213,167.0269317626953,7056700
2024-02-15,167.1407907162721,170.9931539074644,167.1407907162721,170.6705322265625,8723400
2024-02-16,170.42382695213206,170.77489862748652,169.04799026069725,169.8734893798828,8152600
2024-02-20,170.02529871425853,171.23034839812226,169.28519310769673,170.5376739501953,9668000
2024-02-21,170.7464483434242,171.73326561657646,169.38959269081207,171.64785766601562,7024000
2024-02-22,172.52081000181218,174.0389691999663,171.970472406029,173.70687866210938,9296500
2024-02-23,174.40903255823818,175.72794040887263,173.8207471003428,174.579833984375,7105800
2024-02-26,174.3520779572995,175.02577126846347,173.14702824890108,173.98202514648438,7145400
2024-02-27,173.9346047290859,174.15283732137044,172.91933742537933,174.06744384765625,5717100
2024-02-28,174.0484663009059,175.7279437106466,173.60251776947524,174.94989013671875,6131600
2024-02-29,176.16442435922684,176.89503229136554,174.44699911032092,176.54396057128906,9643000
2024-03-01,176.20235797152844,176.90451583340356,175.6330536993716,175.81332397460938,6311800
2024-03-04,175.26300176048102,177.99569413338153,174.84550327171607,177.13223266601562,7063600
2024-03-05,176.82860632723535,179.61824215364595,176.82860632723535,178.90660095214844,6617800
2024-03-06,179.570778102442,180.3488460192698,178.0336378978686,179.83645629882812,7572900
2024-03-07,180.19705535193344,180.75687632347888,177.08481213046088,178.26138305664062,7618300
2024-03-08,178.80220930717653,180.7189001480093,178.3088007338345,178.5934600830078,6172200
2024-03-11,177.70152818428755,178.80220324195417,176.69574439925185,178.6598663330078,5762600
2024-03-12,179.28611974419184,180.43424047505954,178.2993170776544,180.13059997558594,5708400
2024-03-13,180.62402184480607,181.92394844272968,180.1306132360268,181.59185791015625,7795500
2024-03-14,181.25974046676782,181.82905916695464,177.53074786350967,178.3562469482422,10310900
2024-03-15,176.9424601771041,181.17435946088082,176.9424601771041,180.5670928955078,17214200
2024-03-18,180.88022211160907,182.84434431154483,180.17806424275938,182.806396484375,9013800
2024-03-19,182.85380491068338,184.01139438347516,182.54068110634748,183.87855529785156,8478700
2024-03-20,184.25813215855158,186.50691359955096,183.70779458867116,186.28868103027344,9367000
2024-03-21,186.46895863754574,189.23011523950757,186.2886739000261,188.87904357910156,11203800
2024-03-22,188.83160536845347,190.22642320705918,186.48793264526574,186.5638427734375,8108800
2024-03-25,186.54488715000187,186.86749435505874,184.41944687042397,184.85592651367188,8620000
2024-03-26,184.63765120490154,186.6017875814552,184.1347593214929,185.71934509277344,5961500
2024-03-27,186.45000563256713,189.3914618944576,186.33614766678855,189.3155517578125,8725800
2024-03-28,189.2870482189171,190.45413556252706,188.38562458119483,190.0556182861328,8628300
2024-04-01,189.76146762454238,190.66287674592687,188.4140956101322,188.76516723632812,7309000
2024-04-02,188.24333754146488,189.56224537498986,187.94919481633295,188.68930053710938,7014700
2024-04-03,188.86005650680525,189.35346506585586,187.5885945261513,188.1579132080078,9353400
2024-04-04,190.06668194049317,190.57250726060758,186.63088813761217,186.726318359375,9243800
2024-04-05,187.21307291356746,189.08366842916283,186.21096089165496,188.44422912597656,6532300
2024-04-08,188.60648563767035,189.90445619693176,188.60648563767035,189.42726135253906,8001000
2024-04-09,189.03596449913155,189.80901778367087,186.02008971749524,188.1579132080078,7351500
2024-04-10,186.63088782709028,188.08156408606877,185.3233641819326,186.55453491210938,7681400
2024-04-11,187.0603818015725,187.60439092248092,184.42627146372058,186.51637268066406,10137700
2024-04-12,179.7306533963621,180.3128170621153,174.21426820465587,174.45286560058594,31532300
2024-04-15,176.08490791538944,178.90990796764004,173.8898085897857,174.54833984375,14766600
2024-04-16,174.55785940954902,174.8060100362722,171.45609307815093,172.55364990234375,16451800
2024-04-17,173.09765717367875,174.0997692825039,171.02663324895016,171.8665008544922,9017100
2024-04-18,172.83997115716338,174.99688652001322,171.7615061943233,172.98312377929688,9557700
2024-04-19,174.08068859594022,177.40197548789726,173.13585204182792,177.32562255859375,13402300
2024-04-22,177.50696937040865,181.45814267621753,177.4974161519145,180.77098083496094,11529700
2024-04-23,182.4125059825634,183.46232590313252,181.83032768955627,183.37643432617188,9144400
2024-04-24,181.8398780520335,184.41672746658654,181.49629715923766,184.27357482910156,6964900
2024-04-25,183.48142690000614,185.094347885253,182.46022289146978,184.5503387451172,9802300
2024-04-26,184.74120887546937,185.98190375230607,184.25446084078007,184.66485595703125,6413700
2024-04-29,184.65530678155278,185.3997295490782,183.65319472901302,184.4644317626953,5387800
2024-04-30,184.0158640239999,186.09644101035263,182.89922989355478,182.9946746826172,8153700
2024-05-01,183.50052571408025,185.59064164679583,182.08801836494132,183.10922241210938,7445300
2024-05-02,184.26399720243222,184.67437771831507,180.87591139115835,182.91830444335938,6501700
2024-05-03,183.2428161104816,183.74864146909349,179.86428309609008,181.82077026367188,8922800
2024-05-06,182.98513906415366,183.43370340279216,181.16226574552516,183.24282836914062,7911100
2024-05-07,182.9564890317483,184.13038419824304,182.90876663771533,183.00421142578125,7688800
2024-05-08,182.28841256959262,187.6807079539802,182.28841256959262,186.726318359375,9227600
2024-05-09,186.26824403253585,188.57786545857692,186.2014443233279,188.49197387695312,7977300
2024-05-10,189.4845051748557,190.24801976902737,189.2268304675511,189.7040252685547,7529800
2024-05-13,189.73267730698475,190.73478941529618,189.00733180699527,189.66586303710938,7049200
2024-05-14,189.9235483988948,192.385875547787,189.121864553999,192.31906127929688,8596200
2024-05-15,192.79624832491854,193.44524086083933,190.65842482501571,192.89169311523438,8370000
2024-05-16,192.99666261404684,195.15357782872618,192.77715708757773,193.23526000976562,8497900
2024-05-17,194.51416504960696,195.69761353618276,193.55977533673882,195.449462890625,9260500
2024-05-20,195.06770117767758,196.48974700752038,186.48773292892272,186.65953063964844,17373300
2024-05-21,188.0147793513531,190.78250378063117,187.6330292793257,190.4198455810547,14420800
2024-05-22,189.92353054420116,191.7750486996597,188.67328249730463,189.26499938964844,9425300
2024-05-23,188.78780643900882,189.25546259056458,187.12717783768824,187.9384002685547,8069400
2024-05-24,188.73055741751145,191.6032650842563,188.54922104999036,191.55555725097656,7356200
2024-05-28,190.74432244521444,191.26923968293062,189.59905773927144,190.40074157714844,6910200
2024-05-29,188.9691590074262,189.91401004508248,187.90978586684102,189.0741424560547,6120000
2024-05-30,189.5036107487647,190.7347815795727,189.35090490632123,190.23849487304688,6829100
2024-05-31,190.2098508442745,194.02740925735446,189.30318363373397,193.38796997070312,14417900
2024-06-03,193.0825708149027,193.18755426057615,190.10487971991847,192.61492919921875,6444300
2024-06-04,191.0306378288864,192.7676194373073,189.2363806080914,190.0762481689453,6848300
2024-06-05,190.6488677581653,190.70614336889636,187.93840469676562,188.2628936767578,8351600
2024-06-06,188.26290644052494,188.98825193066074,186.42094131495605,187.9288787841797,7640300
2024-06-07,188.42516442606455,191.7559899505188,188.02432247206556,190.83023071289062,6964500
2024-06-10,190.15260252915212,191.6796172589224,189.38908788285167,190.50572204589844,6070800
2024-06-11,188.88324895141668,188.9118794743479,184.76983211155977,185.4951629638672,9235300
2024-06-12,187.0603890501278,187.74755082799157,182.5842988392324,182.7942657470703,12751300
2024-06-13,183.54822402834617,185.7051393894414,182.17390060566132,184.8271026611328,8587800
2024-06-14,182.71789030520225,185.97236241283088,182.6892597815552,184.94161987304688,6874000
2024-06-17,184.6553142600554,186.65953844630556,183.85363041068777,186.08689880371094,8725400
2024-06-18,185.72424105772285,188.930991025547,185.27567673463204,188.0147705078125,9023000
2024-06-20,187.4325744032568,190.35300427166862,187.1653464782276,189.60858154296875,8731100
2024-06-21,187.73801349633672,188.17702462466875,185.36157778424015,187.34671020507812,20972100
2024-06-24,188.7878322423663,190.14306392636604,188.11022368178232,189.8090362548828,9785900
2024-06-25,189.05505753391142,190.9447596786857,188.721029867147,189.03598022460938,6862500
2024-06-26,188.44423225132738,188.91188841939731,187.3275981156472,188.42514038085938,7758600
2024-06-27,188.43469489460125,190.74431610090178,187.91931632822877,190.08578491210938,7913500
2024-06-28,190.8874592091773,193.35933934812502,190.20985074638892,193.0348358154297,15307600
2024-07-01,193.58840326228037,197.6445594874765,193.416620106431,196.07936096191406,10205800
2024-07-02,195.92665854630712,199.33383682530447,195.43038637882975,199.30520629882812,7802900
2024-07-03,199.99234547043878,200.78449059341636,198.1789964757142,199.17156982421875,5560900
2024-07-05,198.64377422771068,199.0084419463454,196.27336816071954,196.532470703125,8093100
2024-07-08,196.7723624234459,198.55736401431693,195.74551462114852,196.89712524414062,8707000
2024-07-09,197.33857869799746,201.30203861673223,197.16582905485706,199.2579345703125,9058900
2024-07-10,197.8280277635907,199.58424030901233,197.29061041180532,199.4210968017578,8328500
2024-07-11,197.8952440238618,199.70903519908063,197.09870937690485,199.08523559570312,10658100
2024-07-12,195.77433759701847,199.085224201204,193.9509550160253,196.6764373779297,15443400
2024-07-15,198.83570341075963,203.07747876015205,198.38465354242032,201.58038330078125,10719700
2024-07-16,201.53240903441477,205.12161054317335,199.68982876618043,205.00643920898438,11557000
2024-07-17,205.17916232258048,208.78754638356358,204.67053414664076,208.1253662109375,11572500
2024-07-18,206.93538878296755,207.90465837072435,200.80304644620205,201.51319885253906,12415100
2024-07-19,202.68398424570762,203.78762269683403,200.49591964655664,201.3212432861328,8095900
2024-07-22,201.97385135034514,203.6148926358178,201.25409280392114,201.8011016845703,7663200
2024-07-23,202.5112554797567,202.95269915898984,200.9085949784075,201.8490753173828,5557300
2024-07-24,201.10055771396958,203.48055540747083,199.6802381630847,200.17926025390625,7119000
2024-07-25,200.23681430218042,201.71472666285024,199.66101627259542,200.25601196289062,6403800
2024-07-26,200.8030338162583,204.56496989068702,200.20802348732903,203.68206787109375,8027800
2024-07-29,204.0755227146991,204.99682004630137,202.0602076823259,202.34811401367188,6533600
2024-07-30,204.63216225145678,207.08893590558594,204.3730597013521,206.5131378173828,8850700
2024-07-31,206.11964077185962,207.6647229458713,204.09471959527943,204.219482421875,9071600
2024-08-01,204.6033494115887,205.207951245614,198.05835297856282,199.57464599609375,10918600
2024-08-02,195.65916985684163,196.4173090899953,188.951014866982,191.11029052734375,18041700
2024-08-05,186.22554214958782,188.2600550784406,183.20254728490596,187.041259765625,13927000
2024-08-06,187.52107494379788,194.4307682439227,186.1775316040648,192.2618865966797,10605800
2024-08-07,195.30408805090468,197.4537723017031,192.1275558309593,192.31948852539062,9204400
2024-08-08,194.30600938741946,196.64762609323657,193.65342072084405,195.83189392089844,7761200
2024-08-09,195.26567287144812,198.1447067098513,194.7186494132603,197.50172424316406,5540200
2024-08-12,198.08712213426773,198.78768291268443,195.44800786555734,197.87599182128906,6936000
2024-08-13,199.35392685485715,199.69941155528463,197.11787513313567,199.5554656982422,6387800
2024-08-14,199.36351554061437,202.26173259433187,198.76850521541047,201.76271057128906,6999800
2024-08-15,204.41141236229493,205.26552518971098,202.5880300343132,203.01988220214844,7001000
2024-08-16,203.15425086846594,205.45747235510242,203.05827720505397,205.34231567382812,7931200
2024-08-19,205.37108886847773,206.83939501460688,205.1983538600032,206.7626190185547,6090800
2024-08-20,206.33075850164272,207.29043644816198,205.06397658334606,205.8701171875,5640000
2024-08-21,205.78375651861572,206.33078003410972,204.25787193885594,205.94691467285156,5202300
2024-08-22,205.92770721801395,208.05819355178016,205.6973792260983,207.89505004882812,5247100
2024-08-23,208.82594575716917,210.3518303146011,207.770294063869,209.50730895996094,7214000
2024-08-26,210.17908959536388,210.82207214735465,209.25780684522277,210.3326416015625,5105200
2024-08-27,210.6589278507846,211.5322384088343,210.3518384830516,211.30191040039062,5185200
2024-08-28,210.40940501408693,213.25005838467985,210.35182667608916,212.3671417236328,6506400
2024-08-29,213.19246805291826,213.98900257334432,210.1119097835547,213.25006103515625,6416100
2024-08-30,213.5283638010213,216.38820025870874,212.981340289583,215.73562622070312,8574100
2024-09-03,213.336424500989,215.06384784728323,210.39981213405102,211.4170684814453,8956100
2024-09-04,212.12723207920712,213.1157139537024,208.45167799328414,210.48619079589844,7389500
2024-09-05,211.27314531418486,211.8969449168422,207.3192759014218,208.85476684570312,8067900
2024-09-06,208.8259326693763,209.9199649722642,202.57841969666674,203.8931884765625,7777000
2024-09-09,206.51312105129102,209.35375986693387,205.54383685302398,208.0677947998047,8935100
2024-09-10,209.78560122187278,209.82398189589819,192.52099000049404,197.27139282226562,28406900
2024-09-11,196.97392597392317,199.32513434186177,193.69182869664772,198.87408447265625,13658700
2024-09-12,199.27712034695296,200.36156111576474,196.62841447812514,198.26947021484375,9054400
2024-09-13,198.5190275332754,199.46911419660154,194.83386686190278,196.08145141601562,10226700
2024-09-16,197.5305381683303,199.81457665233654,197.30021016072058,199.4786834716797,8634900
2024-09-17,199.35389225803462,201.46518077489918,199.28672241758034,200.81260681152344,7573300
2024-09-18,200.58230673818105,202.81835838288768,198.36545275492742,199.1619873046875,8259900
2024-09-19,201.32123983612308,203.3653585622174,198.9796232875222,201.99301147460938,11635200
2024-09-20,201.46518498073377,202.89511039766174,201.05253049119437,202.5784149169922,20885000
2024-09-23,202.4920460026794,203.25979128589657,201.5227765517757,202.914306640625,7223500
2024-09-24,202.6359974070873,204.36342068093103,201.88744976234233,203.05825805664062,7323200
2024-09-25,203.1446478984502,203.68207992104146,200.19844382266885,201.71473693847656,8976500
2024-09-26,202.61681440246963,203.16382323049552,200.58228714937277,201.3212432861328,7807500
2024-09-27,202.15619867429749,203.87403078215758,200.88943111693106,202.0122528076172,7032500
2024-09-30,197.99118871746668,202.4537007192819,196.9835237723132,202.35772705078125,8663800
2024-10-01,200.47672835038065,200.6590695133516,197.87600917065313,198.6917266845703,8540100
2024-10-02,198.73014693766058,200.52474033695253,197.39619493599187,198.93167114257812,5810900
2024-10-03,197.8568269060444,198.16393091884422,196.10061427209934,196.95472717285156,7251300
2024-10-04,202.0915171398113,204.37988743060353,199.78383154222516,203.9453887939453,10211700
2024-10-07,203.7618907615038,205.9826791484361,202.46804538880093,203.6653289794922,6718900
2024-10-08,203.32738813254895,204.05155728333924,201.20316157021594,203.4915313720703,6021800
2024-10-09,202.47771475974207,206.86136077091666,202.16874354804747,206.06959533691406,7024000
2024-10-10,207.41173500682478,207.41173500682478,204.1867713494914,205.50958251953125,7927100
2024-10-11,208.24209865254014,216.89351339672228,207.74966888805528,214.63409423828125,18320700
2024-10-14,215.51275230031362,215.9955317699529,211.3415453439257,213.85198974609375,9048900
2024-10-15,215.95693117924253,217.68527532023913,214.1803061412129,214.7306671142578,9235800
2024-10-16,214.6727269219523,215.97622268757254,213.42714760377535,215.93760681152344,6382500
2024-10-17,216.54590691604216,218.0714918044211,215.61896385393163,216.69073486328125,6470200
2024-10-18,217.25078010281487,218.1390926356883,215.416223853029,217.6080322265625,7000500
2024-10-21,217.46319852448005,217.92666271781536,215.22309457904748,215.3196563720703,5870000
2024-10-22,215.3389560319398,217.521113903058,213.48508466002997,216.40106201171875,9586800
2024-10-23,215.95692013506684,217.05765675812557,214.86583379761672,215.7155303955078,6180500
2024-10-24,214.18995560232,217.3087070595921,214.02581233964898,217.23146057128906,6002200
2024-10-25,217.25078329046238,217.84942517866347,213.27268477329852,214.65342712402344,6369700
2024-10-28,215.6575899885166,217.86871342564066,215.27135758179068,217.73353576660156,6843000
2024-10-29,217.45355245759362,218.94050685947278,215.13620197943288,215.2230987548828,6580000
2024-10-30,214.8754708901479,218.5156320645097,213.94854259777935,216.6810760498047,7110900
2024-10-31,216.96110835965536,217.91701709128074,214.18030840692387,214.27685546875,7829900
2024-11-01,215.86036059570225,218.36115478761525,215.0299792936343,215.26171875,6923500
2024-11-04,214.9817056480971,216.05347672838175,211.62156445041862,212.21055603027344,8229600
2024-11-05,212.45192606649232,214.3154624265246,212.42296047781522,213.8616485595703,5600700
2024-11-06,226.90635614480942,239.45862265494782,226.68428170878914,238.55099487304688,23987800
2024-11-07,236.07916456872846,236.14676076756385,227.11877864228583,228.23883056640625,16451100
2024-11-08,231.09689618425554,231.09689618425554,227.65950837276299,228.81817626953125,9502100
2024-11-11,231.734152593889,233.76183232238978,230.7685936247478,231.04859924316406,9017100
2024-11-12,232.26521962387952,233.14388184693877,230.53686076900374,231.30931091308594,6861000
2024-11-13,232.29419152794952,235.68329839480197,232.0334864664189,232.85421752929688,11472600
2024-11-14,234.07080953881766,235.87640014281013,232.7479984317867,233.5397491455078,10172200
2024-11-15,233.14388893789499,237.93305345699474,233.14388893789499,236.8612823486328,11518800
2024-11-18,239.22689914149407,239.39104240803502,234.32185751806605,236.59092712402344,9051400
2024-11-19,233.90666165823853,236.70677679200912,233.2307733224933,234.7177276611328,6792700
2024-11-20,235.9826082126915,236.1853820806055,230.42099380614764,232.48728942871094,9015300
2024-11-21,234.8529113632746,237.03508413180523,233.771489998293,236.33021545410156,8783500
2024-11-22,235.2198064316017,240.56899630530003,234.65978049634109,239.9896697998047,7997300
2024-11-25,240.99385046333052,245.55128980408418,240.48210540768852,241.66973876953125,10295400
2024-11-26,241.86287360225722,242.35530337685785,239.78691296046713,241.36077880859375,6212100
2024-11-27,240.76213237626226,242.53875732525523,240.20210641192003,241.1869659423828,5472300
2024-11-29,241.25457769809182,243.09879896511487,240.85869496329937,241.11940002441406,5494800
2024-12-02,240.95523784835137,241.63112616369568,236.5909072884335,237.76889038085938,8899700
2024-12-03,239.68069795223073,240.4627983571973,236.20469451535047,236.38815307617188,6657700
2024-12-04,236.2722736572103,236.89989581875426,233.8873418565162,235.0170440673828,7346300
2024-12-05,236.93850911465168,238.66685314495626,236.19502460109126,237.02540588378906,6572500
2024-12-06,237.2378514526948,239.20760013056864,236.40747009501496,238.84068298339844,5519700
2024-12-09,238.6186117125457,239.33311597717812,235.3646677094542,235.41294860839844,7076500
2024-12-10,235.49016047866672,239.4199922894347,233.87767887717348,234.49563598632812,9108300
2024-12-11,235.59640731424383,235.85711238207702,233.83908277788504,235.14259338378906,7884400
2024-12-12,234.63081380840498,235.69293449672634,232.73831187283054,233.21144104003906,6113800
2024-12-13,233.7328690945859,234.3604765375674,230.9037736251097,231.6762237548828,10392700
2024-12-16,232.32313781366128,232.38106899290696,229.33956421642742,231.32861328125,9032000
2024-12-17,230.43062510460985,230.78789191547116,228.48020673867956,230.15061950683594,8083600
2024-12-18,230.76861622644446,230.8362124328699,221.62477071445954,222.4358367919922,11322400
2024-12-19,224.27039218428922,228.21952494296886,224.27039218428922,224.93663024902344,11790800
2024-12-20,223.93244155838863,230.97137492047273,223.61380532033132,229.4168243408203,32348400
2024-12-23,227.93950685968346,230.40167037895355,226.79048935961865,230.17959594726562,8611500
2024-12-24,231.1837698892596,234.13839262104892,230.836182814854,233.96458435058594,3729100
2024-12-26,233.11489415476902,234.88186883103566,232.4969370056862,234.76600646972656,4451800
2024-12-27,234.36049582992294,235.0074186310496,231.7727898921543,232.86387634277344,5730200
2024-12-30,230.5465457602813,232.54524539548103,228.9437141507797,231.07760620117188,5723800
2024-12-31,231.78243385290807,233.12456023279114,230.79755957752477,231.4541473388672,4871000
2025-01-02,232.6224738942401,234.9011937371106,231.20310097714537,231.73416137695312,9220900
2025-01-03,235.4901756406523,236.4460843210158,231.9851918792467,234.90118408203125,9491100
2025-01-06,236.52198200348707,238.4533732605044,233.49388418568068,233.7559356689453,9917800
2025-01-07,235.00795317306168,238.036051249581,233.8044710816832,236.0076141357422,8753400
2025-01-08,235.5999684129956,237.05578696137664,233.41624059042408,235.96878051757812,8675300
2025-01-10,235.92996814062778,236.628762281155,231.70810291840846,232.8048095703125,10256800
2025-01-13,232.61068207915937,237.33723481661394,231.96041824863897,237.0169677734375,10005300
2025-01-14,235.5126164062056,240.4235751387901,235.05645875545392,240.18093872070312,12407400
2025-01-15,243.0246299060841,246.19831839440994,236.50256181727676,244.91720581054688,18448500
2025-01-16,246.51861866884337,249.46908602016472,244.8978090555052,246.78067016601562,15292300
2025-01-17,246.65449800073918,252.94363035716344,244.71340648745428,251.52664184570312,17678100
2025-01-21,252.4098466101375,256.46672083789156,251.85662841034198,255.28265380859375,13712100
2025-01-22,255.15646645827997,255.62233907134996,252.5845261978736,255.09823608398438,9021900
2025-01-23,256.8937411358266,258.99980869731013,256.03965618936724,258.11663818359375,10749700
2025-01-24,255.92321545084891,259.2327800677332,255.26325143834285,257.0393371582031,7666300
2025-01-27,256.38911286643724,258.13608356694,254.53536671960657,258.0196228027344,7522300
2025-01-28,258.0195333913864,259.4559218104506,257.0295580012758,259.27154541015625,7375400
2025-01-29,259.3395063870375,262.7073011271936,257.78662735417487,258.7280578613281,7684900
2025-01-30,260.71768010583645,261.75617104949805,258.766873890751,260.3294677734375,8753500
2025-01-31,261.3000557826277,262.8432200467561,259.0968978658329,259.4268798828125,7193800
2025-02-03,254.11799568005065,260.2712821624786,253.99184960482245,258.9513244628906,8381400
2025-02-04,261.8920656979003,261.8920656979003,258.97071346699056,260.04803466796875,5626000
2025-02-05,260.9894418764152,262.6684965624178,260.4265087965908,262.46466064453125,5704400
2025-02-06,264.4251993255983,268.8217703532776,263.20230221236784,268.7441101074219,7264400
2025-02-07,269.10318646976515,270.3454837389774,266.61859193134063,267.6764831542969,6857900
2025-02-10,268.01620681498275,268.0453220031556,261.64942897239877,263.0567321777344,8627400
2025-02-11,262.299718167667,268.08416285966723,261.71738476219014,266.890380859375,7196400
2025-02-12,266.0071803987953,268.3073988294126,265.2016404153094,267.33685302734375,6683900
2025-02-13,267.38535874167565,268.81206220355733,265.74513402635904,268.18121337890625,8398700
2025-02-14,269.20029238564155,271.0055230328968,268.30740680766394,268.4432678222656,5688600
2025-02-18,268.6082414686908,271.72368491952835,267.89001749911944,271.70428466796875,7919800
2025-02-19,270.18056269758443,271.99547872654324,269.0547259396898,271.0249328613281,7007200
2025-02-20,270.47167738640707,270.52990776080935,257.9128132494212,258.94158935546875,13846700
2025-02-21,260.41681300910824,261.2708979105654,255.09821224375392,256.45697021484375,12835600
2025-02-24,257.67016901902093,259.1357025074417,250.99280984837583,253.6424102783203,10372800
2025-02-25,254.50621867157093,255.2535282245515,245.88776780849437,249.81846618652344,9608400
2025-02-26,249.5855472014318,253.22509374318383,249.36231101747035,251.16754150390625,5943600
2025-02-27,252.51656693419218,255.87467629942992,250.2648938568394,251.4198455810547,8204400
2025-02-28,253.0503967893836,257.0102103033765,250.29405049282587,256.85491943359375,10467100
2025-03-03,256.22406802064074,258.47574118143245,250.2261026277376,252.94361877441406,9058300
2025-03-04,247.76091803763094,249.6534940988536,238.70572440707394,242.8790740966797,13465600
2025-03-05,243.84960154438141,245.5965867262712,240.53033710346665,244.12135314941406,7861400
2025-03-06,240.80209946195242,242.015281613365,236.66758002130527,239.27833557128906,9983200
2025-03-07,238.00690553291304,239.45302388235442,232.36803767756697,235.143798828125,20498700
2025-03-10,229.25264072637074,230.5143384782833,221.9638319472578,225.38015747070312,18887200
2025-03-11,224.9239788967364,226.44774284176466,220.01301974210133,222.39085388183594,18143000
2025-03-12,227.1077131272591,227.41829488617915,220.56622922120076,221.1873779296875,16054000
2025-03-13,222.5461333861297,222.7402395654928,217.62545954737027,218.55718994140625,16467900
2025-03-14,221.40089366257604,226.27303751626079,220.87680546916633,225.59365844726562,11962100
2025-03-17,224.37076354224342,228.72851937201781,223.67198421387434,227.03976440429688,9586000
2025-03-18,227.4182844946614,229.2137852248078,226.6418449421928,228.04913330078125,10344900
2025-03-19,228.79646520042016,235.19235827185224,227.9714953720013,232.06719970703125,10120600
2025-03-20,229.59228927901535,234.63912397597252,229.2428922333378,231.97012329101562,8328500
2025-03-21,230.80546314828078,235.16321853294548,229.5340506915364,234.51295471191406,19326900
2025-03-24,238.2495608050386,241.36501910335522,237.21108457850144,240.75357055664062,9422700
2025-03-25,241.96675395701018,244.4028332211237,240.32652930123646,243.733154296875,9287700
2025-03-26,245.15984168828058,247.16886352040504,242.4228957957221,243.63607788085938,12779300
2025-03-27,242.18025576276096,243.25756203065194,239.89946755301614,240.81178283691406,8022500
2025-03-28,239.6665652294854,242.16086005777964,234.00828183952703,235.69703674316406,11978400
2025-03-31,232.35836101622476,238.61837812715723,230.36873927152533,238.0748748779297,13603000
2025-04-01,235.47380892493115,238.45339153399044,233.78506877067235,236.48318481445312,8054700
2025-04-02,234.4838551459041,239.9674326166383,234.34797933558323,238.57955932617188,7758800
2025-04-03,227.36976405138714,228.2141341410838,220.60505877931982,221.95411682128906,17188500
2025-04-04,210.2553432331429,212.58923458837728,204.02511643608108,205.3434295654297,27170700
2025-04-07,200.93930233618102,216.8371082788502,197.41405089517536,209.40576171875,22914400
2025-04-08,218.27260941397304,222.4911845873146,208.24370556467724,211.77871704101562,19485700
2025-04-09,207.5113293287422,231.9048922466148,206.04654347465694,228.83860778808594,24022400
2025-04-10,224.60047349209523,224.9422627815506,214.93289385418547,221.7783203125,18896400
2025-04-11,220.99711715573133,232.97906934942662,219.71787325553504,230.65493774414062,20284500
2025-04-14,231.53381788161272,234.15089472743736,228.1452788263565,229.20968627929688,13017800
2025-04-15,230.5572900044825,233.04741393456666,227.3542929260278,227.65701293945312,10912900
2025-04-16,226.55352634462056,228.09643576900157,222.5790672431111,224.21963500976562,9322300
2025-04-17,225.38170933973876,228.83859723978307,225.13757837531108,226.5144805908203,9557900
2025-04-21,225.21569525952322,226.36798622449223,221.02639969234494,223.61419677734375,8716200
2025-04-22,226.53399818903708,230.44986835764868,225.9383180454656,230.0592498779297,10701400
2025-04-23,234.58055782870665,240.99631170351697,234.36572139205154,235.22506713867188,14126800
2025-04-24,234.1118287364866,239.7073061190241,232.00253368423319,238.89678955078125,9055200
2025-04-25,238.9065494767277,239.85377878556818,236.07463632488924,237.83238220214844,8588600
2025-04-28,238.81867021795682,241.04514340247584,235.18600030625285,237.5101318359375,7394300
2025-04-29,236.50429740144966,239.49245779349746,236.01603550992368,238.8772430419922,7216800
2025-04-30,235.54730826621847,239.46316327205153,232.83255844080918,238.8772430419922,12991700
2025-05-01,237.1390391998316,242.6173383874093,236.48477003311547,241.09396362304688,8689600
2025-05-02,245.36139162446273,247.66598864209374,243.60366051149063,246.58204650878906,7165000
2025-05-05,245.28325170363556,249.16982732673011,244.7071062124704,246.630859375,5450700
2025-05-06,244.1309371228921,246.7187190961668,243.15441337440055,243.39854431152344,6369900
2025-05-07,243.98448584012095,246.5234388677099,242.98842735746476,243.5352783203125,8724100
2025-05-08,245.66411138304096,249.87292678022158,245.64457673393773,247.51950073242188,8320100
2025-05-09,248.52531868880288,249.51160240858812,246.41602360630893,247.13865661621094,5087600
2025-05-12,256.7281215958606,257.41170023099767,252.62673918846934,253.9450225830078,9603900
2025-05-13,254.90201286940857,257.4800500721763,254.27705311794927,256.8355407714844,8589000
2025-05-14,256.8258015516586,260.3803630716006,256.13247788418613,259.4038391113281,8643100
2025-05-15,260.7025759874391,263.19269990894253,258.5444666020599,261.2103576660156,9214600
2025-05-16,261.2201279945288,262.1575825394603,258.495618128322,261.2787170410156,8932900
2025-05-19,259.31587533133506,262.02086524830315,255.78086405036862,258.66162109375,12145000
2025-05-20,256.3570217379832,260.3998446453458,256.14218530617444,259.4428405761719,8436300
2025-05-21,258.1440649815309,259.413533964149,254.60905369653722,254.91177368164062,7464000
2025-05-22,253.3493410528591,256.1421848603704,252.792715325804,254.55047607421875,6514100
2025-05-23,250.78105621865066,255.83944197772107,249.99007438301427,254.58949279785156,6671800
2025-05-27,255.8883093139594,259.0717566921421,255.83946524243134,259.06201171875,7506600
2025-05-28,259.9897008471859,260.45844302460614,256.7281147573034,257.30426025390625,5535400
2025-05-29,258.5834722711684,259.1791672441841,256.3667741282984,258.16357421875,5081200
2025-05-30,257.265230909512,259.10107079095377,256.56213251620557,257.80230712890625,10977700
2025-06-02,256.84526410102234,258.8080863604011,255.75156227727646,258.44677734375,6011200
2025-06-03,257.5386631607241,260.32173248111746,256.7086118716836,260.0190124511719,6998400
2025-06-04,259.6772534604333,260.8490642816774,257.9780815778546,258.01715087890625,5915700
2025-06-05,258.5248794959249,258.5248794959249,254.19888657864684,255.80039978027344,8173800
2025-06-06,258.12454195712064,260.39008449229345,258.056207934954,259.49169921875,7738100
2025-06-09,259.75531775168025,261.61070691825,257.1675357719009,260.4779357910156,8285000
2025-06-10,259.63816546492893,262.58725675736963,259.6088709415357,262.2943115234375,7538100
2025-06-11,262.3724454128917,263.2903803018637,259.550306718951,261.8548889160156,7434100
2025-06-12,260.5951413369258,261.9915930968164,258.91554891738133,261.9427490234375,6618000
2025-06-13,258.85693405632503,260.75139274608847,256.5425772552077,258.7300109863281,7098300
2025-06-16,260.73189432492217,265.3508633310758,260.58542169283396,264.01300048828125,8566000
2025-06-17,261.87440467845437,264.2375756229939,261.51306583381086,263.19268798828125,6739300
2025-06-18,263.6614166167527,271.200181276507,263.3879911545291,267.5284423828125,9586400
2025-06-20,269.1006625666469,270.79002961674195,267.3819711943445,268.5440368652344,13969700
2025-06-23,268.60264103465835,272.0106996489925,265.7218838292262,271.7372741699219,8094600
2025-06-24,273.6317365805569,276.0730461780452,272.94818777394573,274.6571044921875,9267900
2025-06-25,274.89142855270444,277.60616331581525,274.31528313116405,277.3913269042969,6826900
2025-06-26,278.0163428990485,282.61576173740934,277.79173169250225,281.97125244140625,8942100
2025-06-27,279.10028187976,281.9224501380631,278.34836923641,280.3697509765625,17868600
2025-06-30,283.58249100733053,285.77966944457916,282.13725493022537,283.10400390625,12689200
2025-07-01,284.06105788465106,284.29541408948995,279.86198714070144,283.5923156738281,9338300
2025-07-02,285.1840583153917,285.945745792629,282.8989958836799,285.1449890136719,8158700
2025-07-03,286.66586822419856,290.8360888827844,285.74351114178125,290.443603515625,6541600
2025-07-07,289.7077166346147,290.48289553951275,284.63475207874944,286.4892883300781,8825700
2025-07-08,283.83993409983367,284.2618850781592,275.048135846527,277.4717712402344,15440900
2025-07-09,281.7891623646238,281.8088060970764,277.1774068900867,277.8446350097656,11273800
2025-07-10,277.687634657396,282.89795501811136,277.687634657396,282.78021240234375,8410900
2025-07-11,280.16031625567433,281.98541661358325,278.3254239763715,281.47515869140625,7384700
2025-07-14,281.6812326297011,283.8693527089549,279.90521169280953,283.2806396484375,9079900
2025-07-15,282.5937831680985,286.46964738040805,280.121098345475,281.1709899902344,12526100
2025-07-16,282.98623724838524,285.2725159686822,277.6974322542774,280.4546813964844,9979800
2025-07-17,278.1194022972347,284.8506152852065,278.1194022972347,284.4581298828125,8509500
2025-07-18,284.0851882327222,287.00925915739543,282.8194253679111,285.8023376464844,12217000
2025-07-21,285.5374617769879,288.6577608735927,285.1253326770995,285.5080261230469,7898100
2025-07-22,286.0280742772089,288.11809552877634,283.75161723688194,285.9593811035156,6717500
2025-07-23,287.34290279554006,291.41499440772435,287.0583381931105,291.1893310546875,7083500
2025-07-24,291.8369090330815,293.96615749170445,290.63980941236923,290.98321533203125,7001200
2025-07-25,291.1304626389869,293.2891470363467,290.4043332995373,293.014404296875,5918500
2025-07-28,292.0724293571669,293.8091927274499,291.2482011503524,292.6807861328125,5840400
2025-07-29,294.36850837533046,295.63430134586406,290.63985258046154,291.4640808105469,7635700
2025-07-30,291.836986615819,294.9670779062804,291.7977290922438,294.0054931640625,8061700
2025-07-31,293.5246633224064,295.33011989507037,289.9529777509294,290.6790771484375,14749700
2025-08-01,284.9487133421405,286.32242707449086,278.9043429750852,283.93804931640625,12007100
2025-08-04,284.81135364584816,288.79513839592664,284.81135364584816,288.73626708984375,6649500
2025-08-05,289.1582290191561,290.237586357945,281.84806471731633,285.9005432128906,7182300
2025-08-06,286.8130388717205,287.784475314663,284.71322574362773,285.8808898925781,6330200
2025-08-07,287.4410196836242,287.9512476179058,281.0336001027858,281.55364990234375,8057100
2025-08-08,283.55537949152693,285.7631432800269,279.365515270513,283.3395080566406,6634100
2025-08-11,283.9674810703858,285.8514526951056,283.3591242790355,284.1244812011719,5510100
2025-08-12,286.02805793473163,289.21705000432985,284.88982947960193,287.35272216796875,8570900
2025-08-13,288.43210834423235,289.0208214451698,281.7695589346143,285.0762939453125,8420400
2025-08-14,285.1253385944976,288.67741059714604,284.20301143696577,288.6381530761719,6322400
2025-08-15,289.30536719380285,289.95298150728627,284.3796115875491,285.0370178222656,7340500
2025-08-18,284.5562169634104,286.4205448097455,282.9960675051489,286.0574951171875,5386900
2025-08-19,285.3706494849781,286.9897003409671,284.0950645111781,285.203857421875,6031500
2025-08-20,285.35103146886894,287.82371628155875,281.87747451352897,286.7541809082031,7374200
2025-08-21,286.45980522859077,287.2742115786807,284.0361700203976,285.9986267089844,6624000
2025-08-22,287.6961645212777,291.5818204071259,284.6837862966605,290.6790771484375,8552800
2025-08-25,290.67910031440016,291.76827944217837,288.61854456863614,289.3642578125,5856300
2025-08-26,288.63811176318757,293.13212406826625,287.9904975110241,292.96533203125,6714700
2025-08-27,291.6701254801894,295.41842494390727,291.46407591230917,293.6620178222656,6056500
2025-08-28,294.38814919051487,295.58524909893663,293.092950392732,295.41845703125,6410500
2025-08-29,296.37022814205386,297.2631495608047,294.10359298088383,295.7618713378906,6796400
2025-09-02,294.62364321253557,294.8198709218748,288.9717581566039,294.07415771484375,7221900
2025-09-03,294.92785615758544,294.92785615758544,290.81650636476985,293.88775634765625,6316900
2025-09-04,294.36852159403367,298.7153562428407,292.68080753910596,298.1168212890625,6605800
2025-09-05,297.9500113286781,299.42185399614533,288.7853412459479,288.8540344238281,9837700
2025-09-08,289.3544641521949,290.8949700189617,285.9692141135519,287.41162109375,8188500
2025-09-09,287.1074315912692,293.3872872696363,286.8228669749493,292.2588806152344,7848200
2025-09-10,291.1304933247864,295.8796354332035,289.8548783719408,294.8984069824219,7787300
2025-09-11,295.5852436958139,299.9909797241969,295.1437088676121,299.82415771484375,7942500
2025-09-12,299.2746842518023,301.7768048799553,297.99909921484516,301.1488342285156,6846700
2025-09-15,301.40393449781925,304.13174819496044,301.40393449781925,303.1014404296875,7122000
2025-09-16,304.18080946841434,305.06390905534744,301.3646887009418,303.3860168457031,10525600
2025-09-17,304.563492987762,307.03617773944126,302.973877849489,305.89794921875,8657800
2025-09-18,305.9372178866198,307.556238792954,303.7981171700278,307.3501892089844,8050700
2025-09-19,307.7132209495945,309.8719053836384,303.31730709863126,308.8710632324219,23568600
2025-09-22,303.9845245259009,307.8113389670314,303.74903930910966,306.5749816894531,7520200
2025-09-23,305.96661047888983,310.37231588850653,304.7498670452201,306.86932373046875,8584400
2025-09-24,308.15476983779797,310.63727651453155,305.81947137817144,307.53662109375,7310500
2025-09-25,308.2234462682717,309.72472445454315,305.94698929656073,307.5660400390625,7083200
2025-09-26,308.9888161441515,311.8441943720275,307.8113600348933,310.1270446777344,7258100
2025-09-29,311.10825508542985,312.0404339863167,307.7720847183659,309.76397705078125,6462400
2025-09-30,310.31346452838187,311.45169300349573,304.28870810842403,309.50885009765625,11823300
2025-10-01,308.07628613361976,308.68464295873514,301.6394301376976,304.8774719238281,9235200
2025-10-02,304.1807853263183,304.7302708010082,300.3932583082978,301.7767639160156,7600000
2025-10-03,302.7187488597389,305.80961197949307,302.4243624063698,304.210205078125,6029900
2025-10-06,305.8371035459471,307.38512889871987,300.8578215934895,304.8511047363281,7214500
2025-10-07,305.0187809092415,305.66954382645594,300.4338918141804,303.38201904296875,8454200
2025-10-08,303.8946917756213,304.4567183318842,299.2999336047902,299.7732238769531,6489900
2025-10-09,300.7789070325195,303.72706376015515,299.14217558490407,301.252197265625,7060300
2025-10-10,301.3804193716138,306.1230715472904,296.5983188157025,296.6772155761719,8597400
2025-10-13,301.3212684867699,305.1272097801061,301.17337467050265,303.6580810546875,10788700
2025-10-14,301.5578902761218,302.70165257420854,290.0907186231138,297.85052490234375,16178800
2025-10-15,302.1002149225357,307.7499693151439,301.1635039391426,301.4100036621094,11354800
2025-10-16,301.0747260223031,304.35808863852304,292.9106575300408,294.3600769042969,10549400
2025-10-17,294.97143359875633,295.3559575215809,290.08088749555986,293.3938293457031,10153500
2025-10-20,294.32064593592156,299.43798218705626,293.9854099500461,298.1265869140625,6894900
2025-10-21,297.43638030144115,299.7929016175946,292.841622611914,292.93035888671875,7372700
2025-10-22,293.60088610479784,293.88683421544886,286.47213320670807,289.99212646484375,8054100
2025-10-23,290.25834375227123,292.2204718178062,288.4145307332595,290.4161071777344,5438800
2025-10-24,291.93451945757295,298.36325106738366,291.31336547241364,296.2334899902344,7228300
2025-10-27,297.92941246883,300.2662249001909,296.7955198233114,299.89154052734375,5642200
2025-10-28,300.59159530101573,303.6580673748709,298.915415308335,301.0845947265625,6336000
2025-10-29,299.2605157595805,303.93414060421026,298.7675163425421,301.2325134277344,7520300
2025-10-30,301.50862332627236,308.233113206998,300.8282816526182,305.1075134277344,7514600
2025-10-31,304.220113094536,308.48947514882747,302.9481660712639,306.76397705078125,7721300
2025-11-03,306.6456604912348,307.9471862719047,301.9227172950412,305.0187683105469,7770000
2025-11-04,302.415720333495,307.84858401169095,300.82827651560933,304.920166015625,7085200
2025-11-05,305.2750763211935,308.71623262048166,301.35082032546103,307.31610107421875,6865200
2025-11-06,306.63579903674446,310.4319009529449,305.9160390722913,309.03179931640625,7206100
2025-11-07,307.5231746391179,310.02758988101914,303.3326798145578,309.8106689453125,7302300
2025-11-10,310.58966412464275,315.0858168552232,309.810716541713,312.4532165527344,5794100
2025-11-11,313.05464094031504,314.58292715130625,310.86572224729366,311.2009582519531,5030200
2025-11-12,311.8320301504691,317.7381540918137,311.78271214996033,315.9239196777344,10578300
2025-11-13,314.7604311532612,316.14082355780937,304.7722577523736,305.1469421386719,8973300
2025-11-14,303.20451997960254,303.3327046462357,297.0124483237873,299.3591003417969,10327000
2025-11-17,299.74363974118836,301.31137424610444,293.5022804823602,296.1644592285156,8344000
2025-11-18,295.30663178632864,298.70833958092004,292.86134400280395,295.2178955078125,8077300
2025-11-19,295.5432899586994,300.1873662746028,295.0798692888629,299.02386474609375,5546600
2025-11-20,302.05087369332443,305.5807663052954,293.9854105998292,294.20233154296875,7501600
2025-11-21,297.0715864028587,297.456110287291,288.71030575970536,293.84735107421875,11766800
2025-11-24,294.0642973394352,295.6221924256846,290.386540762355,293.8276672363281,10940200
2025-11-25,295.84892096661844,300.2366275598507,291.4217960873232,298.75762939453125,8877200
2025-11-26,300.7296512123902,304.21022597199055,298.95486530692773,303.33270263671875,7910900
2025-11-28,304.77227670123045,309.3275869646093,303.9243019705234,308.696533203125,4322400
2025-12-01,308.5683618849884,309.6430970545817,304.2201032083801,304.59478759765625,7727300
2025-12-02,304.4172805196406,306.1329390093465,302.7903884074122,303.5693359375,7249000
2025-12-03,302.89885953876745,307.98658713845214,302.50443592551073,307.75982666015625,8535300
2025-12-04,308.8740221323167,314.0307770729326,308.61765279183703,311.67425537109375,9627800
2025-12-05,311.22069468967254,314.02092784192007,310.2741141188276,310.62908935546875,6518900
2025-12-08,310.64879808375287,312.0390600856641,308.96274846028484,310.79669189453125,7417200
2025-12-09,310.54034639506574,314.33641785317275,295.8193608594167,296.3025207519531,18049200
2025-12-10,296.2926621709551,306.8329925602339,294.2812160390869,305.7680969238281,18874100
2025-12-11,304.9102649889192,313.5476242674454,304.9102649889192,312.9363098144531,9721900
2025-12-12,315.2040954937631,315.7858311866128,312.16723236849225,314.0603332519531,8982900
2025-12-15,315.11539535630396,318.35934027084556,313.9322146909975,315.53936767578125,10864100
2025-12-16,314.6223410116007,315.0463132571263,309.99800441565543,311.13189697265625,8331300
2025-12-17,313.9716244610726,314.8984658400699,310.2544194174254,310.5699462890625,8718700
2025-12-18,311.57564186364317,313.2518519730792,307.84856735129125,308.6176452636719,11444900
2025-12-19,309.39657764946713,314.099781180705,308.8049723403709,312.7686767578125,24494400
2025-12-22,313.0644852104395,318.7043994886834,313.0644852104395,318.56634521484375,8354600
2025-12-23,319.07908304324746,323.1907116116738,318.56637445826755,321.3666076660156,6668300
2025-12-24,321.6722493328215,325.36974495293686,320.9426198260136,324.5612487792969,4289300
2025-12-26,324.502058709128,326.2275566521161,321.96806459862194,323.3188781738281,4158300
2025-12-29,322.4216288798564,323.1808371734579,319.0002116144308,319.2171325683594,8635300
2025-12-30,320.2622768741799,320.3904615362508,317.97475237184364,318.8917541503906,7904300
2025-12-31,319.79886991908165,320.3313177342217,317.5310845539587,317.70855712890625,5048500
2026-01-02,317.98465546632457,321.169442848154,316.2492877176746,320.9229431152344,8054000
2026-01-05,320.942628937084,332.5281155423397,320.63697169770103,329.3630676269531,10752600
2026-01-06,329.44229029813283,332.6612412306879,327.49110960074296,331.41326904296875,7660800
2026-01-07,327.9764659913386,328.9767963949314,321.4989374679619,323.8660888671875,9815200
2026-01-08,323.27183137637843,328.2339475379842,322.53888044956136,326.63934326171875,11737100
2026-01-09,326.1936353875406,328.7291759216584,325.0348299492433,326.0450744628906,6738100
2026-01-12,318.80490292970194,322.9053354478686,318.1611187929736,321.38995361328125,12805100
2026-01-13,321.20175473899405,323.7372950994605,307.60294504088824,307.9297790527344,19371200
2026-01-14,305.2556057077196,308.78159262538577,303.19546018048277,304.9287414550781,25951500
2026-01-15,305.5230197927318,309.95031666446005,304.8098971346673,306.30548095703125,14751400
2026-01-16,307.38506061636195,314.17950872864606,307.0383983149945,309.48480224609375,14652500
2026-01-20,303.2845981841295,308.1774060521912,298.9761500928895,299.8477478027344,12900600
2026-01-21,300.53118494697816,302.4823658305288,298.2729680555718,299.15447998046875,10270100
2026-01-22,301.9474777854751,305.2555953909441,300.0062112868251,300.729248046875,10535800
2026-01-23,299.11481126550876,299.4812715954647,293.6772702297321,294.8757019042969,11107900
2026-01-26,294.96484861763906,298.8969221500132,294.60830241167326,298.16400146484375,11752700
2026-01-27,298.45122352878457,299.08512378237486,295.3016109870806,297.44097900390625,11527400
2026-01-28,297.4013222225187,299.03558292254246,295.2025300603667,297.89654541015625,9556700
2026-01-29,299.51100066931883,303.898671192008,299.3327275624257,303.49261474609375,11580000
2026-01-30,302.333781642444,304.98817089860455,299.66947824936375,302.9676818847656,11953200
2026-02-02,301.5513314360023,306.34508884518107,298.49085539325506,305.1961975097656,9839400
2026-02-03,306.77099053389486,313.22869052113475,306.14700443281885,311.8420715332031,12688000
2026-02-04,311.4062598905275,316.25944126204155,311.4062598905275,314.2389221191406,9848800
2026-02-05,311.99062599899656,312.9909865673853,302.6210112179966,307.1968688964844,9388000
2026-02-06,311.7034102684662,321.15227836348157,311.7034102684662,319.3199462890625,17797400
2026-02-09,318.27007812796035,323.2817350541263,317.05181803840316,319.0228271484375,11477500
2026-02-10,319.4684837021083,323.01429884581904,312.1094739861534,315.2392883300781,9902200
2026-02-11,320.15191444315514,322.1724337503843,305.78055639607567,307.8505859375,8703500
2026-02-12,309.29660600764385,310.62380057979817,297.15372325834437,299.74871826171875,13443400
2026-02-13,295.6680481198895,301.38294318623025,293.6871553220786,299.6595458984375,9114500
2026-02-17,299.8675549474044,305.29518175186814,299.61002921690664,304.19580078125,8896800
2026-02-18,305.51309749540866,309.2966101142475,304.2849535938903,305.8300476074219,7209600
2026-02-19,304.2354576365961,306.226234501648,302.2050242231491,305.1070251464844,6737700
2026-02-20,305.4536802835111,308.0288471084009,302.75966472033866,307.82086181640625,7792700
2026-02-23,305.84987743753925,308.028871901531,292.2807780649544,294.82623291015625,12955400
2026-02-24,293.98432184665864,296.886322684036,288.5962907533433,294.459716796875,13554100
2026-02-25,295.78692074637365,300.75895068108485,294.1724883145502,300.4023742675781,8095500
2026-02-26,301.67017313360896,306.05787397622345,300.73918125790124,303.20538330078125,7007800
2026-02-27,297.13393894248406,300.0557680991628,291.636973162459,297.4310607910156,18620800
2026-03-02,291.9935267958635,297.11414843979566,290.4088063693875,294.7172546386719,8508900
2026-03-03,289.4975898716125,299.5011046657454,286.73423592223537,297.3914489746094,10278200
2026-03-04,297.12402886142485,298.12438947518206,292.99388398032096,296.52978515625,8055700
2026-03-05,295.1332451958745,298.3620800816865,289.63624924146006,290.74554443359375,12732500
2026-03-06,283.6044306839189,287.21955415339994,280.99955170429564,286.7144470214844,13496500
2026-03-09,282.7724816341387,288.31898819476027,277.77073879547015,287.1502685546875,12241100
2026-03-10,286.52626625452876,289.9532025593205,284.43640849634494,285.97161865234375,8344900
2026-03-11,286.05084727233185,287.7049062038017,282.1385715612803,284.7731628417969,10205000
2026-03-12,280.1279843639117,281.16797137675815,276.43363807803536,280.18743896484375,13760500
2026-03-13,281.9504072447318,284.4463214441296,280.2468381234208,280.7321472167969,9091200
2026-03-16,283.6044205599556,286.506421278288,281.89093739443587,283.4261474609375,8149000
2026-03-17,286.23902796907333,288.97266988082987,283.2181783456238,284.1492004394531,8961200
2026-03-18,284.08971801136914,286.6450865635814,282.3960631878955,284.99102783203125,10057000
2026-03-19,284.13928904174674,286.7441681021885,281.900870340191,285.2188720703125,9846700
2026-03-20,285.3277943529036,287.9326733008621,282.5446423017302,283.82232666015625,22436500
2026-03-23,291.4982779446762,292.9245231806114,285.2188513876401,287.14031982421875,11470800
2026-03-24,283.4360748065673,292.6571288676103,282.64369950840546,289.6065368652344,11092300
2026-03-25,291.3398308899875,294.7965097163498,289.6461758443202,292.59771728515625,12188200
2026-03-26,289.78478993876473,292.1717693530369,287.95248830787267,288.87359619140625,8669200
2026-03-27,286.3777093696089,287.3384134369941,279.05829538327214,280.13787841796875,9873300
2026-03-30,282.01972478590784,284.50575515603197,279.6327451103039,281.0589904785156,11734400
2026-03-31,285.71408872506316,292.25104134220237,282.22772810140145,291.3497314453125,12956900
2026-04-01,292.567989087923,295.8661624411999,290.1116710297465,292.5580749511719,11267200
2026-04-02,289.1212191631598,292.7957669317203,285.9616926535428,291.7855224609375,6669300
2026-04-06,292.7412191857173,295.4987855589938,291.88509063240025,294.125,7142600
2026-04-07,291.8253790066561,296.8427544058445,291.38734983011653,296.0662536621094,7849100
2026-04-08,306.5888366699219,309.8640903908154,303.96066179364243,306.5888366699219,10590200
2026-04-09,305.5734164156603,309.8640846884941,304.73715687535,308.938232421875,6586600
2026-04-10,308.6097380099313,308.9581744354404,305.344449093958,308.4803161621094,6069700
2026-04-13,306.0910825316173,312.33295236293975,304.0900871089203,312.2732238769531,8318200
2026-04-14,308.4305432499699,312.91036189245165,307.4847916064935,309.7247009277344,11455500
2026-04-15,312.54203541599225,312.8307129741003,302.8954898881459,304.5579833984375,9885800
2026-04-16,303.98059076810495,308.5599670410156,303.8312695552229,308.5599670410156,8208600
2026-04-17,311.068653468178,313.4877482505245,308.69932229637936,308.8984375,11082400
2026-04-20,309.45594165814435,315.70777661938337,308.9780833700189,315.5683898925781,10772000
2026-04-21,316.0661368489313,318.8038038717339,311.3474041387296,311.5962829589844,7084300
2026-04-22,313.43799038623484,313.73663281642627,310.5410372905177,311.6161804199219,5545900
2026-04-23,312.11395497732667,313.57736372602733,307.5047445243564,310.29217529296875,6969700
2026-04-24,309.7545850384977,309.7545850384977,306.5092257615542,306.8974609375,5215300
2026-04-27,305.50372444273444,311.1781431330245,305.50372444273444,310.232421875,7925300
2026-04-28,313.78643555890045,314.03531438457196,309.7745101043047,310.0532531738281,7398600
2026-04-29,309.1771855961317,310.65052875636707,305.91189671624613,307.86309814453125,8031800
2026-04-30,305.6928786901284,312.6913497643884,305.1951210592971,311.82525634765625,8865400
2026-05-01,312.54203812020876,314.6624601726697,310.43152018106696,311.06866455078125,6135400
2026-05-04,309.22694520939064,309.2568094519629,305.13539207341324,306.270263671875,7338200
2026-05-05,306.32999740556414,309.5753869306937,305.42407485773,308.0124206542969,6316800
2026-05-06,310.0532528884956,314.84167905955115,309.95369528217543,313.4877624511719,8629500
2026-05-07,313.23887676443206,314.8814709002291,304.76706239082745,304.8964538574219,8359600
2026-05-08,306.86759124184925,307.60426284206056,299.1523476664256,300.74517822265625,9464300
2026-05-11,300.74515961007836,301.83026757429667,297.5395993270601,298.6545715332031,9512000
2026-05-12,298.67447538308426,304.6873960201211,294.2245209852311,303.5126953125,9498200
2026-05-13,300.91440289675086,301.6411400127173,298.72428743531935,298.9034729003906,7709500
2026-05-14,300.8945046380796,302.38777761395096,297.4699295162906,298.56500244140625,7364300
2026-05-15,298.86362628854243,299.44104214981957,295.1205095874812,296.4743957519531,8699300
2026-05-18,296.6635495230975,299.908939014877,295.8870488301784,299.3813171386719,7546300
2026-05-19,299.7396822358739,300.436555061437,293.935841710235,294.3738708496094,8066900
2026-05-20,295.3694126574367,301.57145376364997,292.35300240137923,300.625732421875,9327000
2026-05-21,299.8790926087445,302.6167597554335,298.8636475324957,301.6411437988281,7874400
2026-05-22,303.31359328873907,306.07119010408854,302.4773640852478,305.0059814453125,5973900
2026-05-26,307.1065011172144,308.54004556072954,304.0701916446211,305.3643493652344,7725400
2026-05-27,303.63215366632585,304.52811132231307,294.42363753054383,297.93780517578125,11779200
2026-05-28,296.23549066837876,299.7197941661088,294.4236455581874,295.3992614746094,9757700
2026-05-29,295.070728717322,298.53513289689414,293.87612858626386,297.9676818847656,13969000
2026-06-01,296.3549462063085,298.20659004481905,293.94578586060317,295.2499084472656,7930000
2026-06-02,295.17027051801705,300.7152977310929,293.9457758280521,299.6102600097656,8296200
2026-06-03,298.5749714904202,300.60580089187994,295.23002417973413,299.50079345703125,7003900
2026-06-04,304.36883009196185,311.5066879726736,303.0746723882986,309.4957580566406,10345200
2026-06-05,312.8805189963161,313.58732636819616,308.211549706599,310.9691162109375,9118800
2026-06-08,311.84516953437026,314.88147906470095,309.3862455138746,309.7147521972656,6827000
2026-06-09,312.1040028799189,315.0009559692908,307.62418415256917,311.2976379394531,11594600
2026-06-10,311.1582462393224,313.3384270822022,307.64407859799763,307.75360107421875,7446200
2026-06-11,308.1717081621576,313.30857066124145,307.4947650619962,312.0840759277344,9116600
2026-06-12,314.5529794375797,319.85906276888113,314.1348496322589,319.28167724609375,7426200
2026-06-15,322.4673390673774,324.4583697274161,317.41010417767774,317.96759033203125,7988900
2026-06-16,322.8455866314347,330.26218746993305,322.56684357389287,329.6549377441406,11094900
2026-06-17,330.69024974688585,336.25517637046335,330.01330666560995,331.9645080566406,12246400
2026-06-18,335.4388795655989,336.57375116590936,322.70623086248213,323.761474609375,20111000
2026-06-22,328.22139226156105,331.2776010100568,325.28461010223134,329.993408203125,10182500
2026-06-23,327.9924099173137,333.86594380335947,325.7425357353925,332.6414794921875,7582200
2026-06-24,331.57628916780243,333.02973300317086,328.291070440402,331.95458984375,7907400
2026-06-25,333.4577793441399,341.90972446819404,333.2586945227413,333.6170654296875,10043100
2026-06-26,334.49312290223526,334.8913229247855,326.03124330500606,327.57427978515625,17640900
2026-06-29,326.80774304304947,330.8993264933345,325.73259994718205,327.91278076171875,7981800
2026-06-30,327.41503128103255,328.95806779511634,325.2149206632551,325.86199951171875,8080100
2026-07-01,326.89735842569155,334.13477419390347,323.5524415571975,332.5718078613281,15210200
2026-07-02,336.5040683580973,338.4751995750331,330.2820977776739,332.9700012207031,8413900
2026-07-06,335.0,339.7200012207031,334.1099853515625,337.7200012207031,8673500
2026-07-07,340.9800109863281,341.3999938964844,337.0899963378906,339.2200012207031,7115800
2026-07-08,336.5299987792969,336.5299987792969,330.1300048828125,330.6199951171875,18505200
2026-07-09,331.4599914550781,337.0,330.80999755859375,335.4700012207031,15570600
2026-07-10,337.4700012207031,338.5899963378906,335.7699890136719,336.4700012207031,6299000
2026-07-13,338.3399963378906,338.3500061035156,332.5,334.5299987792969,7120300
2026-07-14,327.0,344.7300109863281,325.75,342.8900146484375,14537900
2026-07-15,345.8500061035156,351.239990234375,344.04998779296875,346.9100036621094,10750000
2026-07-16,349.2799987792969,349.3399963378906,341.1099853515625,343.1499938964844,12432400
2026-07-17,339.0299987792969,346.1300048828125,335.04998779296875,341.1000061035156,9250900
2026-07-20,341.79998779296875,344.260009765625,337.3699951171875,338.8699951171875,7723300
2026-07-21,340.1199951171875,345.739990234375,337.29998779296875,345.2300109863281,6015300
2026-07-22,345.07000732421875,349.07000732421875,344.25,348.2099914550781,8040200
2026-07-23,346.5799865722656,349.9200134277344,345.4200134277344,349.8999938964844,10913000
2026-07-24,350.6400146484375,353.3699951171875,347.5,353.2099914550781,7520800
2026-07-27,357.8900146484375,359.04998779296875,352.5799865722656,356.20001220703125,7884900
2026-07-28,357.29998779296875,359.29998779296875,354.1499938964844,357.30999755859375,6533800
2026-07-29,356.5,357.3699951171875,343.7799987792969,344.7099914550781,8265300
2026-07-30,347.5400085449219,352.2799987792969,345.3699951171875,350.8500061035156,7606500
2026-07-31,353.29998779296875,354.4700012207031,349.70001220703125,351.7900085449219,6603400
2026-08-03,353.75,355.6199951171875,350.8399963378906,352.6400146484375,6436600
2026-08-04,355.0,363.0,353.8699951171875,357.5199890136719,8477200
2026-08-05,358.9700012207031,362.1700134277344,358.20001220703125,359.239990234375,5269500
2026-08-06,362.80999755859375,362.80999755859375,354.95001220703125,356.29998779296875,5820100
2026-08-07,355.760009765625,358.8500061035156,353.3299865722656,357.5199890136719,4566200
2026-08-10,357.9599914550781,359.989990234375,356.5,359.7900085449219,5327500
2026-08-11,360.04998779296875,363.1199951171875,358.6000061035156,362.0400085449219,4576500
2026-08-12,362.9700012207031,366.0899963378906,361.29998779296875,365.17999267578125,4366800
2026-08-13,366.5,366.5,361.5199890136719,363.1099853515625,5102700
2026-08-14,363.0,365.8999938964844,361.45001220703125,362.8399963378906,5058600
2026-08-17,361.94000244140625,365.75,360.9599914550781,360.9599914550781,5282600
2026-08-18,362.3399963378906,363.57000732421875,359.2699890136719,363.25,5525100
2026-08-19,363.010009765625,363.04998779296875,355.6499938964844,357.260009765625,6696200
2026-08-20,357.6000061035156,357.95001220703125,351.54998779296875,351.54998779296875,6799700
2026-08-21,354.07000732421875,356.8599853515625,350.3699951171875,351.5799865722656,8112100
2026-08-24,353.29998779296875,358.2799987792969,352.82000732421875,356.3900146484375,4394400
2026-08-25,357.0,357.3699951171875,353.07000732421875,356.69000244140625,4298000
2026-08-26,356.5,358.3500061035156,354.6000061035156,356.5,5796500
2026-08-27,354.67999267578125,357.57000732421875,352.2300109863281,354.2200012207031,5209900
2026-08-28,355.6700134277344,358.7300109863281,354.2200012207031,357.6199951171875,3914500
2026-08-31,355.8999938964844,357.7699890136719,354.7699890136719,356.0199890136719,7962900
2026-09-01,355.7300109863281,359.92999267578125,354.1199951171875,354.95001220703125,5079000
2026-09-02,357.54998779296875,361.4700012207031,353.7900085449219,356.2200012207031,5341400
2026-09-03,358.67999267578125,362.8500061035156,356.3900146484375,362.05999755859375,5414200
2026-09-04,361.0,362.8599853515625,355.20001220703125,358.6400146484375,4873500
2026-09-08,357.1000061035156,358.54998779296875,353.2300109863281,353.510009765625,5631400
2026-09-09,352.0,356.3299865722656,348.69000244140625,354.7099914550781,6318200
2026-09-10,353.510009765625,354.2200012207031,351.1199951171875,353.55999755859375,4184200
2026-09-11,358.32000732421875,360.04998779296875,354.7900085449219,356.2300109863281,5354600
2026-09-14,354.2300109863281,355.2799987792969,347.54998779296875,350.1300048828125,9609900
2026-09-15,351.0,354.70001220703125,343.07000732421875,352.489990234375,14026500
2026-09-16,353.3800048828125,355.6000061035156,344.69000244140625,348.9200134277344,8303400
2026-09-17,352.25,353.489990234375,345.2699890136719,349.30999755859375,6480100
2026-09-18,347.8900146484375,349.6700134277344,345.010009765625,349.6700134277344,18312400
2026-09-21,353.6700134277344,354.5,350.0799865722656,352.0400085449219,6414700
2026-09-22,352.0,352.1000061035156,337.29998779296875,340.0,11485600
2026-09-23,337.6099853515625,341.44000244140625,336.9800109863281,337.5299987792969,7068500
2026-09-24,338.1199951171875,339.3699951171875,335.2799987792969,338.55999755859375,6934300
2026-09-25,340.7699890136719,343.30999755859375,338.6400146484375,343.05999755859375,11460300
2026-09-28,341.8299865722656,342.0,336.29998779296875,336.5899963378906,10483700
2026-09-29,337.0,338.75,333.3299865722656,334.9800109863281,7254900
2026-09-30,334.8900146484375,336.3399963378906,330.8299865722656,330.8299865722656,9113300
2026-10-01,328.75,333.5799865722656,325.8699951171875,333.17999267578125,8160000
2026-10-02,334.0,334.8500061035156,330.0,332.3800048828125,6658200
