Date,open,high,low,close,volume
2016-10-03,31.032349012926677,31.032349012926677,30.72429777871552,30.826980590820312,11152800
2016-10-04,31.05435760484653,31.05435760484653,30.64362348007772,30.687631607055664,13682700
2016-10-05,30.75364571347022,30.856328556256145,30.562946607241255,30.665632247924805,9607300
2016-10-06,30.57027677155536,30.760973042937653,30.496932697461496,30.5922794342041,9722900
2016-10-07,30.680286165038165,30.760963502360337,30.489587154904488,30.6069393157959,8122800
2016-10-10,30.746294132511885,30.797638325929576,30.51158981072906,30.6069393157959,8983600
2016-10-11,30.555607595792726,30.58494634477983,30.364911323170755,30.467594146728516,12249100
2016-10-12,30.53359962990792,30.687623838493547,30.438250111208745,30.64361572265625,12216300
2016-10-13,30.548278467209844,30.7243053893076,30.44559283177243,30.628955841064453,17655600
2016-10-14,30.694966000016684,30.73897412857757,30.526272370712753,30.562944412231445,9893800
2016-10-17,30.606946206220012,30.70229573275252,30.489594018909553,30.5115966796875,10792500
2016-10-18,30.665623962194363,30.80497881147961,30.60694646908676,30.782976150512695,11297300
2016-10-19,30.75365178502282,30.893006699473403,30.665638302101303,30.841665267944336,16367400
2016-10-20,30.782970332805917,30.885653128441216,30.724292850787837,30.753631591796875,10620500
2016-10-21,30.694959258877496,30.929663630528943,30.570273785517518,30.900327682495117,14401500
2016-10-24,31.03969709213971,31.36975114397329,30.988355661620947,31.215726852416992,13439200
2016-10-25,31.274391976172073,31.45042168242793,31.120367731883984,31.201047897338867,16484700
2016-10-26,31.538446513924768,31.56044918593262,31.10570957774801,31.12771224975586,16886200
2016-10-27,31.26706369286075,31.2817330705552,30.731643997552926,30.893001556396484,14537000
2016-10-28,30.99567934552172,31.149706387235636,30.878327141009414,30.973676681518555,13398400
2016-10-31,30.892995427263003,31.10569716478623,30.892995427263003,31.098363876342773,13327500
2016-11-01,31.09837004622111,31.120372713813932,30.738977287451295,30.893001556396484,12223400
2016-11-02,30.878337319336786,31.054367083077995,30.812326507671106,30.841665267944336,12034300
2016-11-03,30.966338234016916,30.966338234016916,30.77563918476792,30.826980590820312,11258000
2016-11-04,30.6949602983202,30.83431794726146,30.577608108520508,30.577608108520508,14464200
2016-11-07,30.83432362560563,31.17171088367473,30.83432362560563,31.142372131347656,14038500
2016-11-08,31.07635831855144,31.523764455433703,31.07635831855144,31.450420379638672,12036600
2016-11-09,30.6289515573769,31.039685647989895,30.584946231955676,31.003013610839844,21351000
2016-11-10,30.702300316981756,30.99567943011457,29.96151225068458,30.027523040771484,33245500
2016-11-11,30.0348483431127,30.16686987588301,29.800144017720207,30.093523025512695,13421000
2016-11-14,30.166888252524146,30.379587253426404,29.961519744280018,30.196224212646484,19514200
2016-11-15,30.203545097661802,30.452918819512153,30.196209012900486,30.394241333007812,16554000
2016-11-16,30.364909813738077,30.54827278894689,30.188880126462955,30.262224197387695,12681400
2016-11-17,30.276892363930212,30.291561737109646,30.071526735211854,30.1595401763916,12398800
2016-11-18,30.09353523254156,30.21822352980106,29.99818848522844,30.005521774291992,16345300
2016-11-21,30.00552491806857,30.33557891845703,29.873503317913187,30.33557891845703,12307000
2016-11-22,30.40158445198524,30.584947442892393,30.24756021111856,30.342906951904297,12743500
2016-11-23,30.232887042288763,30.298897822647785,30.09352939603258,30.1595401763916,9281300
2016-11-25,30.357575658901816,30.496933319578876,30.247559545516765,30.46025848388672,7402300
2016-11-28,30.44559995379263,30.650968474811037,30.26957299051758,30.62162971496582,19424400
2016-11-29,30.710371449750294,30.710371449750294,30.429302716020583,30.43670082092285,11421900
2016-11-30,30.32576523208203,30.47369635850006,29.844989776611328,29.844989776611328,22410400
2016-12-01,29.815402966353716,29.87457371834942,29.497352062416862,29.711849212646484,20409900
2016-12-02,29.808002483288817,29.94853829848705,29.726640236921643,29.85238265991211,11176300
2016-12-05,29.83759113241458,30.096468458351435,29.815402453491775,30.044692993164062,15977800
2016-12-06,30.140837634466433,30.155631022198207,29.896750969217454,30.007699966430664,11303500
2016-12-07,29.985524541618577,30.540264129638675,29.963333039442787,30.540264129638672,13726500
2016-12-08,30.377527699619606,30.48107859732052,30.214803248060832,30.310958862304688,13077100
2016-12-09,30.69558806646438,31.228138930995815,30.54026167149312,31.065414428710938,28125800
2016-12-12,31.065409673889828,31.072804958520308,30.858307845626815,30.991445541381836,17561900
2016-12-13,30.858313525936627,31.03582860525259,30.725175805673995,30.887897491455078,18986000
2016-12-14,30.98404884793793,31.058015805369287,30.37013861978775,30.4810848236084,17937900
2016-12-15,30.39973201241392,30.924887697672474,30.39973201241392,30.732576370239258,14265300
2016-12-16,30.77694465423719,30.88789084956484,30.680789027712667,30.87310028076172,19675200
2016-12-19,30.83611869406098,30.91748093893874,30.754759270734223,30.821325302124023,8687300
2016-12-20,30.843523023363442,30.85831641828491,30.651211710935954,30.813936233520508,10603500
2016-12-21,30.76954508849762,30.93966765872023,30.71037435144023,30.747356414794922,9693600
2016-12-22,30.74736976631503,30.784351845728555,30.384941437889946,30.732576370239258,11894100
2016-12-23,30.78434180738955,30.8361172659956,30.58463525781583,30.769548416137695,6436600
2016-12-27,30.7399687636441,30.887897053794255,30.72517537031883,30.77695083618164,6999200
2016-12-28,30.68819043996283,30.821325324389612,30.61422348022461,30.61422348022461,8988000
2016-12-29,30.60682675546905,30.8361172659956,30.60682675546905,30.769548416137695,6875300
2016-12-30,30.836122067116882,30.94707110800489,30.584640019781872,30.66600227355957,11470200
2017-01-03,30.695590917150888,30.924884298796574,30.532866399753853,30.9174861907959,14711000
2017-01-04,30.976653583354242,31.043222434310806,30.762153638988543,30.806533813476562,9959400
2017-01-05,30.813935742843523,30.961866868150974,30.717780088160946,30.880504608154297,8968300
2017-01-06,30.843513500054065,30.924875736224763,30.72516919877415,30.87310028076172,10246600
2017-01-09,30.495875841158906,30.75475593968988,30.481082450824218,30.56244468688965,14822500
2017-01-10,30.651202207028803,30.651202207028803,30.222205173530135,30.355342864990234,19706800
2017-01-11,30.21481037236217,30.414516931395422,30.200019801960604,30.362741470336914,9266200
2017-01-12,30.333159481072244,30.355350983284335,30.177833073344896,30.288782119750977,8541200
2017-01-13,30.32576086085248,30.355347646181684,30.096467506877865,30.237003326416016,8123500
2017-01-17,30.207408959923942,30.54764844116634,30.17782218202014,30.48847770690918,12469400
2017-01-18,30.510677341105254,30.606832993063144,30.429315083414075,30.540264129638672,10390500
2017-01-19,30.429309844970703,30.540258872095293,30.347947601286137,30.429309844970703,10987100
2017-01-20,30.525462621828282,30.65120220734707,30.421911711036174,30.56244468688965,14695400
2017-01-23,30.555052742058486,30.695585733271727,30.48108578230072,30.643810272216797,11628900
2017-01-24,30.673394692806042,31.043220998447588,30.673394692806042,30.991445541381836,17040100
2017-01-25,31.021035177224277,31.250328544433025,30.99145121173872,31.154172897338867,12538200
2017-01-26,31.087602659835497,31.146776231287337,30.91008758858235,30.924880981445312,8976800
2017-01-27,30.998845147006264,31.028431932753943,30.636414075475173,30.658605575561523,12967400
2017-01-30,30.547649409845274,30.680787093083794,30.481080568226012,30.606822967529297,11626200
2017-01-31,30.614218729477574,30.83611393115629,30.592030055774877,30.747356414794922,12678000
2017-02-01,30.710371912858783,30.813922810649604,30.51066540074062,30.5180606842041,11136100
2017-02-02,30.629023094317827,30.688196674129244,30.51067875624657,30.621627807617188,9459700
2017-02-03,30.754755007922405,30.910081369404693,30.665994668603425,30.725168228149414,11882400
2017-02-06,30.71777584645114,30.821326773401914,30.621623026597504,30.739967346191406,15742800
2017-02-07,30.843514454815057,31.05061628307807,30.821322957822026,30.991445541381836,13315200
2017-02-08,30.998853182979133,31.176371121932792,30.9470777052743,31.080215454101562,14219700
2017-02-09,31.080206433963735,31.080206433963735,30.118658499368888,30.51067352294922,27240300
2017-02-10,30.340554282802444,30.473691995361225,29.99291660872661,30.015108108520508,28847300
2017-02-13,30.155642030880564,30.20002221027741,29.955935455921605,30.044692993164062,23617100
2017-02-14,29.867165098546927,30.02988671005321,29.748820825837804,29.978111267089844,32177800
2017-02-15,29.896760943880455,30.05209015611255,29.881970372764204,29.91155433654785,26600800
2017-02-16,29.99291092277088,30.532856956208704,29.955928858860187,30.47368621826172,22214800
2017-02-17,30.421914083713123,30.592033853504017,30.36274051775929,30.495878219604492,15065100
2017-02-21,30.47369380044518,30.695589060669878,30.47369380044518,30.66600227355957,17072600
2017-02-22,30.702979566279787,30.82872198114511,30.621620146720904,30.769548416137695,11186800
2017-02-23,30.821331520205455,31.065418304082286,30.784349443677577,30.813936233520508,12856800
2017-02-24,30.843512520072053,30.998838881526044,30.769545570653044,30.90268325805664,13215300
2017-02-27,30.880498869871854,30.880498869871854,30.7621545559272,30.821325302124023,12186400
2017-02-28,30.82872767141695,31.11719180019474,30.799140883452203,31.035829544067383,15946800
2017-03-01,31.072808748138375,31.324290779507233,30.976655928461415,31.183757781982422,14662000
2017-03-02,31.124579939440995,31.47961281665452,31.11718183404356,31.413043975830078,15507600
2017-03-03,31.413049203447763,31.427842595153987,31.250324716230256,31.42044448852539,11740000
2017-03-06,31.316891668200373,31.383460516064304,31.15416719085503,31.19854736328125,16307800
2017-03-07,31.065416831744603,31.242934740837207,31.02843475696948,31.058021545410156,11273700
2017-03-08,31.065416831744603,31.087605512299387,30.873108349983106,31.058021545410156,14636000
2017-03-09,31.13197706366722,31.146770453786115,31.006234658431968,31.087596893310547,14496400
2017-03-10,31.23553467607639,31.3612771082959,31.176363924453476,31.27991485595703,16369700
2017-03-13,31.27991150285498,31.42914829766677,31.220218492803326,31.36199188232422,12831500
2017-03-14,31.324685061796192,31.414226004865053,31.21275959457393,31.317224502563477,9844500
2017-03-15,31.32468091881519,31.54853467010823,31.317220360569202,31.42914581298828,22757800
2017-03-16,31.36199090329065,31.63061655627511,31.264989409177943,31.526151657104492,16004200
2017-03-17,31.54853716422518,31.600769615441042,31.34706791819753,31.36199188232422,37526500
2017-03-20,31.414223060706906,31.59330777651597,31.391838538651395,31.473918914794922,11484200
2017-03-21,31.570913200070297,31.809690847468858,31.496293406224442,31.71268653869629,17187300
2017-03-22,31.757462672300136,31.861927551234448,31.526145550049534,31.623149871826172,11605500
2017-03-23,31.496291931643864,31.630604707824116,31.38436651579629,31.46644401550293,11503300
2017-03-24,31.511226185968535,31.526150148915388,31.272448471728644,31.42914581298828,13804400
2017-03-27,31.421671866133245,31.593293097212833,31.37689999636974,31.578369140625,12387400
2017-03-28,31.518691851994124,31.757469583365246,31.518691851994124,31.660465240478516,14123800
2017-03-29,31.72016584560528,31.73508981319646,31.55600789501383,31.65300941467285,9580100
2017-03-30,31.600770083985477,31.802239333000312,31.533613667647195,31.787315368652344,11999900
2017-03-31,31.750001432885888,31.82462124182138,31.66046050861796,31.66792106628418,11551800
2017-04-03,31.77239058918934,31.809699072532112,31.54107343813643,31.645538330078125,11240000
2017-04-04,31.720157391325884,31.85447021739274,31.615692492486108,31.847009658813477,10946200
2017-04-05,31.82463040412975,31.98132777832545,31.735086607627508,31.764934539794922,10142800
2017-04-06,31.772394540466465,31.906704527912538,31.690314159031796,31.839548110961914,14597800
2017-04-07,31.81716143849051,31.89178125587082,31.72015709912359,31.794776916503906,11028800
2017-04-10,31.884313407411568,31.936545849071027,31.75746400522562,31.85446548461914,9426900
2017-04-11,31.84701434361652,31.899246800719983,31.7276254636007,31.832090377807617,8909400
2017-04-12,31.742544890863474,32.07832695741521,31.720157522123344,32.041015625,13417200
2017-04-13,31.988783508745335,32.14548370573925,31.921627094735097,31.92909049987793,9891900
2017-04-17,31.92909355575008,32.138023376464844,31.921630149892938,32.138023376464844,11318100
2017-04-18,32.167872035069365,32.526038670025116,32.152948069472615,32.4439582824707,13181600
2017-04-19,32.63795823186688,32.675266712621024,32.22755640420741,32.25740432739258,13893100
2017-04-20,32.23502685564477,32.30964383346627,32.12309854245727,32.15294647216797,10838300
2017-04-21,32.070866956027196,32.160407901125616,32.00371053558955,32.138023376464844,13833800
2017-04-24,32.26487080177703,32.406644180715936,32.197714391447036,32.294715881347656,16703800
2017-04-25,31.973860876448775,32.406647306194586,31.95147635299819,32.167869567871094,18745100
2017-04-26,32.13057206917928,32.40665838983177,32.070876190953804,32.26488494873047,13626600
2017-04-27,32.21263914578804,32.29471952840015,32.02609385674422,32.0932502746582,10386200
2017-04-28,32.05593572996056,32.235020426049275,31.97385536285551,32.19771194458008,10337800
2017-05-01,32.197717955836026,32.45888022133364,32.16040662094618,32.24995040893555,13208200
2017-05-02,32.249951104405085,32.414109026348555,32.2051792094449,32.376800537109375,11823900
2017-05-03,32.33202547708723,32.45141432832773,32.197712663634825,32.324562072753906,10389000
2017-05-04,32.39918901793813,32.69020210103483,32.38426789758451,32.57827377319336,10193100
2017-05-05,32.6752820744898,32.71259057278406,32.50366070517143,32.60066223144531,8133000
2017-05-08,32.5260393924641,32.76481715440478,32.48873090087127,32.74989318847656,14284300
2017-05-09,32.74989258048675,32.74989258048675,32.36934141897591,32.46634292602539,8694400
2017-05-10,32.44394818268832,32.5484130628903,32.35440726343727,32.511104583740234,7597700
2017-05-11,32.45141771065395,32.59319109676161,32.40664581935178,32.58572769165039,6860100
2017-05-12,32.56335143389238,32.59319936900265,32.429038572351935,32.52604293823242,7275800
2017-05-15,32.429027753661515,32.652881499396855,32.429027753661515,32.630496978759766,8493000
2017-05-16,32.73496333091799,32.91404804336961,32.660346361161864,32.72003936767578,10454100
2017-05-17,32.720043519339484,32.95882126860219,32.615578609843965,32.77973937988281,14538800
2017-05-18,32.73496407772987,32.80212049062446,32.56334276621148,32.68273162841797,13832200
2017-05-19,32.720051021101014,32.831979362054035,32.65289458582039,32.757362365722656,11796800
2017-05-22,32.74988868435383,32.996129818620574,32.690195675306015,32.96628189086914,12857900
2017-05-23,33.01850570769467,33.27966789109471,32.98865778774772,33.12297058105469,11996100
2017-05-24,33.21252934731152,33.645315879816934,33.21252934731152,33.60054397583008,12738300
2017-05-25,33.57816378567836,33.936330524484184,33.555779254020564,33.884098052978516,16704200
2017-05-26,33.83931558265065,33.996015794720954,33.8243944638395,33.869163513183594,11341400
2017-05-30,33.6975328694601,33.92138659368105,33.66022438983236,33.89900207519531,13093500
2017-05-31,33.89900415718164,34.10047337529056,33.85423227100587,33.92885208129883,14148000
2017-06-01,33.91393515660647,34.16763687133789,33.74977438635223,34.16763687133789,11049300
2017-06-02,34.19749092222446,34.24225997924805,34.033330122589156,34.24225997924805,9923700
2017-06-05,34.16017144144714,34.316871643066406,34.09301502545464,34.316871643066406,10015200
2017-06-06,34.249705657172825,34.369094491527605,34.16016189656599,34.30939865112305,9836700
2017-06-07,33.95123390079926,34.100470663060705,33.83930561748956,33.95869445800781,12776300
2017-06-08,33.95868318926772,33.95868318926772,33.600516786565734,33.67513656616211,12879000
2017-06-09,33.62292681337391,33.83931720396719,33.55577038968483,33.816932678222656,9358800
2017-06-12,33.81692700641024,33.936315867782845,33.72738607199452,33.82439041137695,11228500
2017-06-13,33.854479757621434,33.937235611765274,33.70401482916715,33.87704849243164,10023400
2017-06-14,33.9898956891995,34.208069677733484,33.974848910347546,34.08017349243164,11497500
2017-06-15,33.98989447353675,34.11026583016768,33.884569895219634,34.04255676269531,9908700
2017-06-16,34.08770751953125,34.1177982154792,33.86200864569905,34.08770751953125,27025300
2017-06-19,34.11779780624249,34.1403694152832,33.92971732689191,34.1403694152832,7624700
2017-06-20,34.11779497910572,34.50900268812353,34.0952262418155,34.31340026855469,14920900
2017-06-21,34.32091982744966,34.366060168757706,33.98237444233914,34.01999282836914,9515800
2017-06-22,33.982373669749926,34.06512952532659,33.877049078972306,33.907142639160156,7446300
2017-06-23,33.892091849436774,34.14035938679529,33.87704507112297,34.04255676269531,9544800
2017-06-26,34.09522266107852,34.23816276537164,34.08017588117191,34.177978515625,7747100
2017-06-27,34.110271490077,34.15541183250854,33.854481956058244,33.89209747314453,11432200
2017-06-28,34.042556369896346,34.230636791829475,34.02750959175616,34.095218658447266,9218800
2017-06-29,33.95227749870258,34.0350333409204,33.5911634443807,33.72658157348633,9283500
2017-06-30,33.771727932153205,33.94476161605912,33.741634368896484,33.741634368896484,9352800
2017-07-03,33.93723016302603,34.05760151248746,33.67391586303711,33.67391586303711,6434500
2017-07-05,33.696490257420926,33.84695517419055,33.65134992142617,33.719058990478516,6853600
2017-07-06,33.64383419410221,33.741633968706374,33.32033556762968,33.40309143066406,13113000
2017-07-07,33.455744512780775,33.49336002110131,33.28271087860285,33.39555740356445,9566000
2017-07-10,33.440708567331015,33.53851121654734,33.27519683325419,33.38804626464844,9672000
2017-07-11,33.34289708148275,33.463268437124654,33.215003771685495,33.35042190551758,10300700
2017-07-12,33.54603460442495,33.68145277992553,33.43318516821435,33.48584747314453,7737400
2017-07-13,33.47080334255155,33.5008940381157,33.38052264621798,33.425662994384766,6371900
2017-07-14,33.49336383670843,33.643828757011065,33.478317057690205,33.61373519897461,8558700
2017-07-17,33.59869344390973,33.696496087212644,33.561077925679406,33.6513557434082,7189200
2017-07-18,33.68895699887375,33.7416192760768,33.568585669569806,33.606201171875,9037200
2017-07-19,33.60620735216631,33.73410352737913,33.51592955605568,33.72658157348633,6986900
2017-07-20,33.7792461051382,33.839430349918295,33.666396700091084,33.719058990478516,7430300
2017-07-21,33.688968049333745,33.90714205209846,33.6062121951899,33.87704849243164,8545600
2017-07-24,33.88458056120694,33.8921025177918,33.72659364400108,33.73411560058594,9103600
2017-07-25,33.869537675758835,34.07266496549039,33.80935053663212,34.03504943847656,14096300
2017-07-26,33.5159366701697,34.44881699425788,33.335381039623606,34.41120147705078,13608900
2017-07-27,34.45633218343078,34.930295642830345,34.381101163789964,34.69707489013672,15195200
2017-07-28,34.606796893687175,34.697074690713166,34.403669697969136,34.61431884765625,11945300
2017-07-31,34.606810149990665,34.66699728431591,34.44882322720769,34.4864387512207,13622900
2017-08-01,34.58424223811012,34.6519513309079,34.34349943480261,34.3811149597168,10306800
2017-08-02,34.305869427628984,34.60679926484031,34.140360600054414,34.29834747314453,10187900
2017-08-03,34.34350329494125,34.569199339674746,34.32845650930823,34.35854721069336,14261400
2017-08-04,34.35852990532294,34.42623897162803,34.20806786453781,34.23063659667969,9523600
2017-08-07,34.2456787871331,34.426234359839555,34.230632011094386,34.33595657348633,6226300
2017-08-08,34.33596743244432,34.471385589740514,34.26825835379622,34.30587387084961,5747900
2017-08-09,34.27577873981155,34.35100976417457,34.102745087872904,34.29834747314453,9635300
2017-08-10,34.27578331920121,34.48643251146499,34.200549414906995,34.41120147705078,8901600
2017-08-11,34.501474682780234,34.53156824047729,34.283300694296,34.29834747314453,8357600
2017-08-14,34.3585305361907,34.56165773883566,34.32091502530375,34.45633316040039,8421200
2017-08-15,34.456350707209616,34.79489621735467,34.456350707209616,34.749755859375,9638100
2017-08-16,34.71965148306318,34.86259158888089,34.6970798780226,34.757266998291016,8087300
2017-08-17,34.697078682213146,34.85506843253281,34.49395146312766,34.5014762878418,8477000
2017-08-18,34.45634988236754,34.53158381053265,34.32845650930823,34.35854721069336,10879800
2017-08-21,34.35854115257372,34.45634380700328,34.27578815100454,34.366065979003906,9429700
2017-08-22,34.38110777483638,34.41872329188977,34.26073639833754,34.30587387084961,10536700
2017-08-23,34.32843598864432,34.35100471866239,34.185493045518726,34.26072692871094,6528400
2017-08-24,34.26074363991894,34.313405948900744,34.087709928995785,34.162940979003906,7534400
2017-08-25,34.30587867594059,34.42625006929938,34.27578798001119,34.28330993652344,8807100
2017-08-28,34.32844952939708,34.37358700723755,34.14036905204758,34.17045974731445,8024000
2017-08-29,34.15540816858943,34.283301486939436,34.04255875955615,34.193023681640625,7762200
2017-08-30,34.12532325871655,34.26074143592418,34.07266095312251,34.147891998291016,7134900
2017-08-31,34.15540298967584,34.343483396293266,34.110262658931134,34.26824951171875,14264600
2017-09-01,34.33597482011361,34.45634622251136,34.26074376982025,34.44129943847656,7391200
2017-09-05,34.418729873566704,34.554148056758066,34.343498825073965,34.54662322998047,9916700
2017-09-06,34.59175652792115,34.63689686974123,34.44881641697749,34.57670974731445,9238900
2017-09-07,34.614335626958564,34.84755649136558,34.57672009912022,34.81746292114258,9418400
2017-09-08,34.749740790929394,34.88515893626637,34.621847470266545,34.832496643066406,10534900
2017-09-11,34.870108735336686,35.05066720136281,34.77230898320702,34.99800491333008,10430300
2017-09-12,34.982960134781614,35.17104056561377,34.9453446225911,35.14847183227539,8567600
2017-09-13,35.118374313934794,35.344070231503565,35.095805583141704,35.261314392089844,10218000
2017-09-14,35.185493824693815,35.23857515549063,34.83666993168042,34.96558380126953,13768800
2017-09-15,35.10965381880836,35.15515333240694,34.88216203624541,35.01865768432617,16141400
2017-09-18,34.99591681678645,35.06416465534172,34.81392161640052,34.96558380126953,8535300
2017-09-19,34.98832208500512,35.02623689717288,34.79874513145159,34.86699295043945,7297900
2017-09-20,34.70017696639807,34.99591955172701,34.54093296156265,34.7153434753418,11026600
2017-09-21,34.66225869204585,34.72292472178543,34.39685204372396,34.42718505859375,7555300
2017-09-22,34.465096980358716,34.601592643070255,34.40443095572457,34.49542999267578,8024800
2017-09-25,34.50301343559962,34.70017223957969,34.38926608037412,34.647090911865234,9215300
2017-09-26,34.64709127279009,34.783586943396436,34.54851331613086,34.556095123291016,6480100
2017-09-27,34.48026524556754,34.503013559608235,33.653709420408966,33.850868225097656,14816200
2017-09-28,33.87361926631123,34.12386231176771,33.85845565087355,34.05561447143555,8789500
2017-09-29,34.01770235724158,34.20727938518634,33.96462102083432,34.131446838378906,10082200
2017-10-02,34.16178699799226,34.32861574312519,33.93429509544875,33.97220993041992,10707800
2017-10-03,34.01769278955248,34.321014213323515,33.94186026407342,34.2679328918457,12038100
2017-10-04,34.207266393010144,34.548505492248715,34.07835255875789,34.50300598144531,14060300
2017-10-05,34.51059996103166,34.692595175732095,34.50301815291388,34.518184661865234,10215300
2017-10-06,34.41959746188311,34.51817830555595,34.3361831243688,34.49542999267578,5437900
2017-10-09,34.5409351681273,34.61676771769031,34.381691153118965,34.43477249145508,5268300
2017-10-10,34.57884489488497,34.80633961729407,34.525763564380334,34.78358840942383,6310400
2017-10-11,34.791178174522585,34.958003997802734,34.783593473223135,34.958003997802734,6638200
2017-10-12,34.867002947197335,34.98833211654943,34.83666993168042,34.96558380126953,7710200
2017-10-13,35.0717390038337,35.1703198369398,34.995909373884366,35.01865768432617,7126000
2017-10-16,34.97317136127408,35.45090630974017,34.958004851020995,35.352325439453125,12708600
2017-10-17,35.28407106517904,35.35990360242204,35.11724526867548,35.2764892578125,7699400
2017-10-18,35.19308290772165,35.29166378217358,35.0641719041982,35.18550109863281,6272200
2017-10-19,35.1627344868137,35.48122529067274,35.12481967254152,35.32956314086914,7515500
2017-10-20,35.32199224425169,35.32957405236179,35.09449750292739,35.17033004760742,9646800
2017-10-23,35.17032404296565,35.375067539572115,35.05657669172363,35.12482452392578,7153600
2017-10-24,35.07932080974265,35.10207201289941,34.84424722127074,35.01865768432617,9539500
2017-10-25,35.16274041580093,35.458480066791076,34.82908594414559,34.920082092285156,11994200
2017-10-26,35.12482742768794,35.45090010930845,35.0489977824013,35.05657958984375,10569100
2017-10-27,34.98076030898742,35.13242253721215,34.81393156866857,34.93526077270508,9988000
2017-10-30,34.882159794056264,34.93524111015177,34.74566415474929,34.775997161865234,7201900
2017-10-31,34.821493440209295,35.01107039376283,34.76083031928383,34.86699295043945,6560500
2017-11-01,34.69258826380881,34.95041307918288,34.601592120945966,34.73050308227539,7067600
2017-11-02,34.73809450761125,34.84425717695906,34.69259498101257,34.791175842285156,8317800
2017-11-03,34.85942840576172,35.00350592042517,34.821510682104226,34.85942840576172,4730400
2017-11-06,34.813928761456594,34.821510570534095,34.442356476903456,34.48027420043945,7451300
2017-11-07,34.434763820205475,34.844250806582075,34.35893418245362,34.836666107177734,9868000
2017-11-08,34.86699553171255,35.02623949023512,34.783581203139306,35.01865768432617,7586900
2017-11-09,34.97316524439913,35.17790875793169,34.89733559911249,35.05657958984375,6532400
2017-11-10,35.033824073962975,35.367478494446736,34.98832456051362,35.291648864746094,8022900
2017-11-13,35.33715494045238,35.50398364168919,35.29165830754469,35.42815399169922,7653600
2017-11-14,35.42055871666202,36.00445610395915,35.35231089495937,35.9665412902832,17200700
2017-11-15,35.883146306168456,35.98930899877047,35.47365915523231,35.49641036987305,12419100
2017-11-16,35.60256449766894,35.625312814120754,35.26890709522512,35.29924011230469,12506400
2017-11-17,35.13998526584543,35.1703182735628,34.31342960819361,34.66225051879883,19720700
2017-11-20,34.61677099372247,34.791181535149114,34.442357559579555,34.47269058227539,19160900
2017-11-21,34.54851766239242,34.84425735500556,34.53335115344869,34.7153434753418,10280800
2017-11-22,34.798752374991565,34.82908538812564,34.533345741856756,34.76083755493164,8434400
2017-11-24,34.79875765036038,34.92008682857441,34.776009333418926,34.791175842285156,2996300
2017-11-27,34.79118038246512,34.87459474575689,34.738099040864206,34.80634689331055,5649200
2017-11-28,34.87458309026521,34.99591224376285,34.715336225968464,34.75325393676758,8432800
2017-11-29,34.70774944098846,34.7456642536339,34.28309601830104,34.50300598144531,16502100
2017-11-30,34.510658004119946,35.04582608695263,34.4265597875622,34.9923095703125,17147600
2017-12-01,35.01524711893328,35.18344356517151,34.56417721746576,35.14521789550781,12468800
2017-12-04,35.16050595951401,35.45867024225987,34.992309526608594,35.343990325927734,17523600
2017-12-05,35.359287947065255,35.504546674662016,35.2140292194685,35.3669319152832,13670800
2017-12-06,35.443376781621645,35.53511895807093,35.366922537554565,35.512184143066406,8154000
2017-12-07,35.389867471346435,35.41280229101853,34.954088398985895,34.99995803833008,9106500
2017-12-08,34.93880079325893,34.96173561506192,34.441858267025665,34.6406364440918,13238600
2017-12-11,34.64061964601225,34.717070959237155,34.342452525001534,34.65591049194336,9698700
2017-12-12,34.59474637275277,34.80116841378838,34.44948771414131,34.625328063964844,13999300
2017-12-13,34.74766842372733,35.20638234415706,34.709442749763525,35.091705322265625,12418700
2017-12-14,35.022896090295056,35.298122678137744,35.01524920604753,35.19108963012695,9029000
2017-12-15,35.38986214607144,35.48924829398327,35.19873090041293,35.31340789794922,21181600
2017-12-18,35.32106141628736,35.458676172327884,35.09934842972962,35.11463928222656,10156800
2017-12-19,35.198732609591886,35.45867123296679,35.09934354042255,35.267539978027344,8253200
2017-12-20,35.328702870937406,35.397510244062524,35.13757160297116,35.22931671142578,7311000
2017-12-21,35.27518322192569,35.33634662213971,34.831760236099825,34.86233901977539,9657100
2017-12-22,34.93115716797896,34.96173887752473,34.824124101001104,34.854705810546875,5406300
2017-12-26,34.93879377998502,35.06111766576697,34.86998641195571,35.022891998291016,6100400
2017-12-27,35.091704461697105,35.12228325025907,34.95408970565658,35.11463928222656,5660600
2017-12-28,35.09934884419652,35.16051225490651,34.89292670769821,34.9540901184082,6538900
2017-12-29,34.938801250143385,35.305772985950334,34.93115436515434,35.076416015625,8371500
2018-01-02,35.099352240070004,35.12228706308923,34.7935409897966,34.81647872924805,10872200
2018-01-03,34.778245522587724,34.9311481981888,34.663565599455325,34.74001693725586,12635600
2018-01-04,34.831763324084186,35.33634975485781,34.74766509954996,35.22931671142578,12709400
2018-01-05,35.183446385377714,35.32106114034314,35.00760595768454,35.22167205810547,13113100
2018-01-08,35.129918565636416,35.244595546949824,35.0764020577373,35.16814422607422,7068600
2018-01-09,35.168149926268164,35.44337939232016,35.12227737644902,35.343990325927734,9962400
2018-01-10,35.34399596069341,35.366930781043685,35.11463900789501,35.22167205810547,10700700
2018-01-11,35.343996824633415,35.343996824633415,35.06112333981529,35.19873809814453,7583200
2018-01-12,35.38221925850003,35.46631748271539,35.19108799125846,35.282833099365234,14570100
2018-01-16,35.28283158511535,35.64215636893463,35.27518470155213,35.57334899902344,16459300
2018-01-17,35.61157104760669,35.932670103968015,35.58863331755872,35.7950553894043,12143100
2018-01-18,35.74154187732738,35.986189631194584,35.634508849564384,35.8409309387207,11952900
2018-01-19,35.92503244993757,36.12380767454646,35.833287346488966,36.05500030517578,16187400
2018-01-22,36.039703049760185,36.31493247833018,36.001477388332354,36.22319030761719,9577400
2018-01-23,36.0932194383134,36.46783791848746,36.03205896351967,36.27670669555664,11463700
2018-01-24,36.33787419431054,36.65897622744614,36.29964852562171,36.56723403930664,15964500
2018-01-25,36.46784184818374,36.697198757129534,36.46784184818374,36.57487487792969,11755000
2018-01-26,36.529019182372544,37.17122057356167,36.498440385788435,37.102413177490234,16671200
2018-01-29,36.85775241381299,37.04888367866342,36.376103726220705,36.46784591674805,11662600
2018-01-30,36.49077583511694,36.81952179982864,36.23848411593777,36.24612808227539,12404800
2018-01-31,36.27672166783717,36.62075859439122,36.215558251368805,36.38375473022461,10960100
2018-02-01,36.246124999944264,36.49077273198124,36.016768115713475,36.27670669555664,10279400
2018-02-02,36.20025820100725,36.24613075170515,35.64980217478979,35.726253509521484,12912300
2018-02-05,35.66510022973279,35.87151945849344,33.95256257133702,34.31953430175781,23261500
2018-02-06,33.53972463278508,34.20486375429348,33.21097851519338,34.151344299316406,25184300
2018-02-07,34.08253633805321,34.785898153578714,33.85317643466398,34.06724548339844,18041600
2018-02-08,34.11312108395717,34.11312108395717,32.92810734752465,32.95104217529297,23295300
2018-02-09,33.14980125948102,33.22625258551201,32.25530557947656,32.973960876464844,22853100
2018-02-12,33.30271380712336,33.814944215026046,33.15745217421885,33.61616897583008,14689000
2018-02-13,33.5779406679895,33.95255924660336,33.40210024665868,33.78436279296875,13163200
2018-02-14,33.65440041225264,33.784368299293554,33.35623604416373,33.71556091308594,13457900
2018-02-15,33.830230548110166,34.27365643879731,33.73084148357143,34.23542785644531,13467300
2018-02-16,34.8394138044153,34.892930336135635,34.18956853842137,34.388343811035156,17202300
2018-02-20,34.21249215749782,34.27365555453791,33.59322588640774,33.63145446777344,14137300
2018-02-21,33.72319069424418,33.837867668805174,33.12686226052085,33.13450622558594,12792900
2018-02-22,33.20332549752309,33.50148982143145,33.04277592563887,33.272132873535156,12377800
2018-02-23,33.31801207514959,33.68498384826457,33.195685234345525,33.66969299316406,8277200
2018-02-26,33.814946320506934,33.937270225266715,33.493847164174475,33.66204071044922,12713300
2018-02-27,33.75377577550254,33.876099643838025,33.348575592041016,33.348575592041016,12774400
2018-02-28,33.50913108758673,33.570291569103496,33.04277038574219,33.04277038574219,11929400
2018-03-01,32.951021124856425,33.36386525954166,32.73695509195192,33.20331573486328,17746800
2018-03-02,33.06570211630184,33.48619023044837,33.05805815048728,33.42502975463867,14050100
2018-03-05,33.31036390992126,33.59323742733439,33.25684737734127,33.55501174926758,11992700
2018-03-06,33.60088121565258,33.67733256473931,33.325651692649124,33.58559036254883,10010500
2018-03-07,33.325651113640866,33.5779428943893,33.23390891304434,33.50149154663086,10881700
2018-03-08,33.56264707659492,33.99077918979672,33.486192830357965,33.98313522338867,12361100
2018-03-09,34.074886621163664,34.26601791381836,33.93727185713772,34.26601791381836,9778600
2018-03-12,34.36540597262368,34.47243902667325,33.89140119764757,34.04430389404297,11857700
2018-03-13,34.15133002532732,34.27365682393813,33.94491084375006,34.07487869262695,11342100
2018-03-14,34.22914268419685,34.267705797722236,33.727813381835944,33.76637649536133,15321200
2018-03-15,33.843503587827264,33.93605564304425,33.58898175825958,33.68153381347656,12456700
2018-03-16,33.70466879139683,33.95147619503754,33.511850323416496,33.519561767578125,26603300
2018-03-19,33.519569883812615,33.712388398480904,33.303614088880785,33.36531448364258,12380300
2018-03-20,33.411588839707605,33.5349925597863,33.17249284485279,33.288185119628906,13559800
2018-03-21,33.26505375229063,33.51186123630235,33.00282043275602,33.16478729248047,13054000
2018-03-22,33.07222264150551,33.45014517044169,32.93339311678474,32.97966766357422,12274100
2018-03-23,33.025951933929555,33.28818520756159,32.61717766174721,32.64802932739258,13475200
2018-03-26,32.86397407007551,33.01822940434182,32.5863150568313,32.92567443847656,11276100
2018-03-27,32.93339599991207,33.403873547967116,32.8022779074522,33.07993698120117,11627000
2018-03-28,33.164783123187426,33.704675529907256,33.164783123187426,33.411590576171875,16277400
2018-03-29,33.58126622819831,33.874348191098825,33.38844775368019,33.49642562866211,10450500
2018-04-02,33.50413667973349,33.55041417225804,32.756003008066536,32.910255432128906,14207900
2018-04-03,33.14935211484476,33.581266561232276,33.041374238792,33.457862854003906,15484600
2018-04-04,33.27275554531109,34.244562306055414,33.249618269828375,34.121158599853516,13563300
2018-04-05,34.1520014566079,34.40652321192765,33.88976825817661,34.24455642700195,11707800
2018-04-06,34.15200675668803,34.33711378402713,33.71238087670611,33.87434768676758,11495100
2018-04-09,33.95918404494205,34.17514270690275,33.76636559736972,33.804931640625,11913400
2018-04-10,33.99002983040542,34.07487040342797,33.720085227311415,33.92832946777344,10379500
2018-04-11,33.78949997413209,34.044018751024225,33.75093393753965,33.92832946777344,8424300
2018-04-12,33.9977564190892,34.25227528734837,33.89748998387119,33.959190368652344,8476400
2018-04-13,34.08259170262744,34.46822864267961,34.0440285970575,34.32939910888672,10774200
2018-04-16,34.4373882322063,34.622492360472485,34.244569715659075,34.46052551269531,8962100
2018-04-17,34.668761733228614,34.73046211412189,34.43738015607017,34.61477279663086,8406400
2018-04-18,34.63019839355556,34.684187329788756,34.19057251727019,34.32939910888672,7429000
2018-04-19,34.19828528605674,34.29855171816313,33.95147787023829,34.175148010253906,10370400
2018-04-20,34.17514913161467,34.252275348272434,33.612119511918586,33.73552322387695,14690700
2018-04-23,33.73551211401201,33.92833053433354,33.59668261600646,33.920616149902344,11878500
2018-04-24,33.9206243609694,34.01317640131837,32.95653202598672,33.21876525878906,18523900
2018-04-25,32.964247024712954,33.079936341754426,32.324088290146605,32.72515106201172,20774700
2018-04-26,32.70200591405502,33.24189514795669,32.59402512509902,32.97195053100586,13561000
2018-04-27,32.95653693597772,33.427014536291026,32.941111103258635,33.40387725830078,9777900
2018-04-30,33.55042189440289,33.69696290786136,33.14164758063441,33.326751708984375,16037700
2018-05-01,33.133927046431594,33.15706726481593,32.53233432761635,32.84855651855469,11514200
2018-05-02,32.702018277343534,32.84855927592145,32.347230006708585,32.43978500366211,13736400
2018-05-03,32.56319189710338,32.702021463884684,32.023299464306895,32.30867004394531,18352200
2018-05-04,32.23153201707769,32.77913569551584,32.21610618839515,32.67115783691406,10946200
2018-05-07,32.655727797905676,32.77142002702043,32.362642975077065,32.50147247314453,9336000
2018-05-08,32.37036338060697,32.46291541580868,32.15440470890143,32.2469596862793,15062200
2018-05-09,32.37036747566223,32.570897400996934,32.13898294512211,32.22382354736328,9295200
2018-05-10,32.38579239204187,32.67116291155395,32.347226343257276,32.53233337402344,7924200
2018-05-11,32.57860160661291,32.75599420032676,32.42434628185176,32.50147247314453,6331900
2018-05-14,32.586325195312675,32.64031413777693,32.31638048299142,32.42435836791992,10715500
2018-05-15,32.223825825169065,32.33180371122627,31.969306942630894,32.17755126953125,16449700
2018-05-16,32.192968766435854,32.34722116819042,32.03871342250532,32.046424865722656,11590500
2018-05-17,32.40121163219825,32.66344484665028,32.29323376898437,32.624881744384766,14857400
2018-05-18,32.6248854183183,32.6865887426325,32.45520716080713,32.53233337402344,11950200
2018-05-21,32.63259821680674,32.794565021984376,32.601746556151106,32.70972442626953,9110200
2018-05-22,32.77914126243817,32.85626747677331,32.55547112181918,32.58632278442383,8222900
2018-05-23,32.58632265985875,32.74057803011586,32.339515244317965,32.7020149230957,8971400
2018-05-24,32.702011699017085,32.75600063195785,32.54004195801859,32.64030838012695,9269600
2018-05-25,32.65573742936563,32.84084446210946,32.54775955283859,32.7020149230957,8806500
2018-05-29,32.48605809163315,33.04908772452335,32.47063225950479,32.917972564697266,14826900
2018-05-30,32.98737851691371,33.380726833381935,32.93338958999015,33.265037536621094,10114200
2018-05-31,33.31904270553211,33.32675415220492,32.91797980846875,33.16478729248047,15571300
2018-06-01,33.24190601610748,33.411587226338455,33.19563146217293,33.25733184814453,10664700
2018-06-04,33.4424352948191,33.61982793090776,33.38844635958239,33.542701721191406,11727600
2018-06-05,33.55041873181803,33.58127039769385,33.241907957413346,33.2496223449707,9975900
2018-06-06,33.211053984115395,33.519561767578125,33.19562815361581,33.519561767578125,9202900
2018-06-07,33.41931650458102,33.72782445625866,33.41931650458102,33.504154205322266,11948100
2018-06-08,33.60440274194715,33.9360507459751,33.59669129769885,33.89748764038086,12078800
2018-06-11,33.89747879093736,34.128860306273594,33.85120131099988,34.03630828857422,7526100
2018-06-12,34.03631022917255,34.25997737285057,33.997747131447085,34.25226593017578,8243300
2018-06-13,34.20599000459957,34.33710807344536,34.05173760667639,34.07487487792969,16745000
2018-06-14,34.043751372083,34.12156447358166,33.86477886393246,33.911468505859375,12696200
2018-06-15,33.89591443313936,34.35501897990645,33.810318217379006,34.33167266845703,21562500
2018-06-18,34.14491498293769,34.207164878125425,33.77140670667155,33.888126373291016,12161900
2018-06-19,33.69359017223652,34.04375510412637,33.615777062207606,33.927032470703125,12936400
2018-06-20,33.94259993713676,34.06710270980287,33.6391246142869,33.66246795654297,10893700
2018-06-21,33.67023636990439,33.69357970198316,33.42901105436754,33.53017044067383,10465200
2018-06-22,33.57687666452008,33.77919256872386,33.5224068838352,33.65468978881836,14924400
2018-06-25,33.58464694913001,34.043751372083,33.58464694913001,33.911468505859375,12092400
2018-06-26,33.895910554737576,34.11378964746648,33.67802849362866,33.71693801879883,13974700
2018-06-27,33.71693291934211,33.9348119791183,33.452364217451226,33.51461410522461,15332600
2018-06-28,33.64690560431283,33.98928746565019,33.592432861819546,33.82587814331055,12668900
2018-06-29,33.90368659693628,34.31610139234365,33.701370744957096,34.12934875488281,11485600
2018-07-02,34.06709791660841,34.36279307322909,33.911471698957364,34.04375457763672,9232500
2018-07-03,34.284969020044265,34.49506790886175,34.230499267578125,34.230499267578125,8214300
2018-07-05,34.36279766874037,34.759649326231255,34.33945432664686,34.751869201660156,11653000
2018-07-06,34.75964476114691,34.96974371753632,34.689614744063604,34.73630142211914,8733900
2018-07-09,34.658484817066444,34.80633089662863,34.5028556463602,34.54954528808594,7373100
2018-07-10,34.63514354806703,35.016434923319245,34.62736342417125,34.99309158325195,10606100
2018-07-11,35.00864888138231,35.01642900396289,34.73629709699047,34.85301971435547,7715600
2018-07-12,34.88415693091602,34.98531339764806,34.619588155654554,34.75965118408203,6331600
2018-07-13,34.782994812031035,34.845244712264595,34.60402226733684,34.81412124633789,5585900
2018-07-16,34.806331634521484,34.860801400166494,34.65070246051591,34.806331634521484,5831400
2018-07-17,34.82189277522472,35.31990372768387,34.767423012823215,35.21096420288086,11592200
2018-07-18,35.164279645763116,35.24209572356991,34.89193079438894,35.10980987548828,7351600
2018-07-19,35.008659182122116,35.35104107561801,34.954186434512444,35.10203552246094,10097500
2018-07-20,35.03200567723672,35.23432159423828,34.93862932849604,35.23432159423828,8588400
2018-07-23,35.234305573386635,35.29655842316145,34.8374540453996,34.97751998901367,9055700
2018-07-24,34.84525304819662,35.22654453872052,34.712970123317035,35.2187614440918,13786100
2018-07-25,35.794583394752806,36.2459078275962,35.600047615433496,35.86461639404297,21330600
2018-07-26,36.07471101788424,36.25368355695208,35.95020825295096,35.9813346862793,12673100
2018-07-27,36.043584947338104,36.18365093034533,35.84126906542771,35.95798873901367,10516900
2018-07-30,35.87238947263856,36.13695819927823,35.833482918093274,35.973548889160156,8967900
2018-07-31,36.10583278192883,36.31592875877488,36.03579980018692,36.28480529785156,12438800
2018-08-01,36.14474644635423,36.1758728817818,35.926864366741555,36.09805679321289,9904100
2018-08-02,36.16808892984793,36.28481157573934,35.93464660644531,35.93464660644531,12009700
2018-08-03,35.973544258611085,36.38595902678834,35.90351128209236,36.27701950073242,11462800
2018-08-06,36.261459741072606,36.47155869064029,36.22255318782965,36.30036926269531,10056100
2018-08-07,36.19921418729705,36.2692471788783,35.89573887990498,36.183650970458984,8632900
2018-08-08,36.1758693980757,36.2303391706384,35.887954350667115,35.91130065917969,6810000
2018-08-09,35.989108133626175,36.121390998160045,35.85682526909231,36.06692123413086,8924100
2018-08-10,35.95798322347549,36.12139252245879,35.7712305870316,35.85682678222656,7535400
2018-08-13,35.83348574233363,35.89573860921645,35.56113687067147,35.662296295166016,8143400
2018-08-14,35.72454377597018,35.87238987224112,35.693417344635286,35.708980560302734,6846100
2018-08-15,35.615601411075275,35.91129654855433,35.52222509285333,35.85682678222656,9686400
2018-08-16,35.88017071013474,36.09026965587625,35.77123117568648,35.96576690673828,10600700
2018-08-17,36.02023315272864,36.36261493729287,35.98132660399761,36.26145553588867,8885700
2018-08-20,36.32371475182628,36.47156085025595,36.253681764490146,36.36262130737305,6392000
2018-08-21,36.36261849199689,36.3781817066866,35.95798381520359,35.96576690673828,13986300
2018-08-22,36.05914315484882,36.09026958416638,35.73232158377374,35.74010467529297,7159100
2018-08-23,35.7089766035705,35.8568256518389,35.55334743252039,35.56113052368164,13144900
2018-08-24,35.52223130797692,35.63895098408122,35.46776153211888,35.50666809082031,10952900
2018-08-27,35.83348430896407,35.83348430896407,35.4521959038889,35.55335235595703,9581200
2018-08-28,35.52223005607691,35.584479954129314,35.23431500139687,35.30434799194336,8476800
2018-08-29,35.21096720370331,35.34325007555797,35.18762386593595,35.27322006225586,12410900
2018-08-30,35.234305573386635,35.265431998274046,34.930830351682566,34.97751998901367,9716500
2018-08-31,35.01642921738023,35.070898980914684,34.541761590826134,34.681827545166016,19834100
2018-09-04,34.705167224806104,34.93861243636252,34.63513425501501,34.82966995239258,11138500
2018-09-05,34.75186982177888,35.343257256282484,34.75186982177888,35.3121337890625,10554900
2018-09-06,35.32769611425483,35.79458076294111,35.249880027220314,35.61560821533203,11439400
2018-09-07,35.48331900758139,35.65451141454379,35.23431348929787,35.576698303222656,10208100
2018-09-10,35.72455160258683,36.035810047367235,35.63895538185319,35.84127426147461,8568900
2018-09-11,35.87238477313668,35.91129429096441,35.70119536188834,35.81013488769531,9278300
2018-09-12,35.919081819622626,36.02802136789174,35.81014227135351,35.9813346862793,13216400
2018-09-13,36.10688775693823,36.19321203070591,35.87145982442638,35.965633392333984,8294800
2018-09-14,36.03626569404662,36.12258998366336,35.7929914163585,36.09120178222656,7612900
2018-09-17,36.0990427843996,36.358015615229455,36.02841410268498,36.35016632080078,8527300
2018-09-18,36.405102903218136,36.514969086740365,36.04411315917969,36.04411315917969,9847400
2018-09-19,36.099037212223166,36.18536147584161,35.99701735579881,36.06764602661133,7119000
2018-09-20,36.27170068206655,36.63269048443253,36.21676758142953,36.60129928588867,9736700
2018-09-21,36.601286821599565,36.64052430960263,36.39725008780657,36.554203033447266,19240300
2018-09-24,36.48358180764083,36.514970008275775,35.973485378552546,36.15398025512695,10778900
2018-09-25,36.14612978799628,36.24030036630727,35.79298637729419,35.84791946411133,7919100
2018-09-26,35.91854386201119,36.15397177652198,35.761590921127876,35.9813232421875,10162600
2018-09-27,35.88715168767187,36.24029504653547,35.847914201937755,36.10688400268555,10826900
2018-09-28,36.09904239451007,36.248146057128906,36.07550049873569,36.248146057128906,9071900
2018-10-01,36.23245041581043,36.37370777753368,36.13827983920449,36.279537200927734,9364700
2018-10-02,36.318772735340985,36.538508060423325,36.14612718646803,36.499267578125,7462700
2018-10-03,36.460034138565256,36.530662823466095,35.9420914471687,35.99702453613281,10542300
2018-10-04,35.83221959484395,36.020563722629596,35.65172476059807,35.9813232421875,9582300
2018-10-05,36.051962798740846,36.22461138519194,35.855772311820694,36.004878997802734,8734100
2018-10-08,36.09119926100266,36.55420887817868,36.075503664566135,36.475730895996094,9808100
2018-10-09,36.39725547481251,36.53066355249379,36.271693698441766,36.40510177612305,10824500
2018-10-10,36.33447094461825,36.648376863826485,35.84007016963533,35.84791946411133,13917000
2018-10-11,35.942092432717786,36.07550350502371,34.921902617887305,35.031768798828125,17677900
2018-10-12,34.90621077042544,35.220116744223,34.72571588326207,35.06316375732422,12420100
2018-10-15,35.031762506598106,35.52616322565891,34.99252501954244,35.243648529052734,11608500
2018-10-16,35.32997540060045,35.785135672522905,35.2044136365913,35.698814392089844,10442500
2018-10-17,35.63603806183043,36.09120140463705,35.59680056522309,35.98918151855469,11055800
2018-10-18,36.02056947442615,36.1618268444144,35.67527235061985,35.79298782348633,12716900
2018-10-19,35.96565114746019,36.48359405213004,35.96565114746019,36.3580322265625,13989200
2018-10-22,36.3894111042671,36.46003980013527,35.9499463243134,36.07550811767578,14283600
2018-10-23,35.80082490878513,36.460024801162454,35.66741686793199,36.38154983520508,17483900
2018-10-24,36.35801783352802,37.18986347599926,36.28738914750414,36.67192077636719,21626000
2018-10-25,36.60913673748042,36.67976541453751,36.19321097542043,36.499267578125,14220200
2018-10-26,36.38940979352497,36.47573408465771,35.651734658295595,36.0362663269043,21458000
2018-10-29,36.21675159012861,36.53850374906166,36.138273628420464,36.460025787353516,20932200
2018-10-30,36.585593273038434,37.464528620313004,36.130432998225366,37.378204345703125,20895400
2018-10-31,37.27619148536963,37.73135483939614,37.056459104048784,37.57440185546875,25309400
2018-11-01,37.519467853524304,37.78628702166474,37.1192376044991,37.464534759521484,16494500
2018-11-02,37.52730648887276,37.66856384277344,37.229096186901494,37.66856384277344,17584900
2018-11-05,37.6685716649544,38.280684996548594,37.605789275237505,38.21005630493164,16543500
2018-11-06,38.17867161429229,38.555357006343165,38.13943112029644,38.5396614074707,14373400
2018-11-07,38.75937845398443,38.88494020160667,38.47686377342733,38.743682861328125,12239700
2018-11-08,38.54750469785047,38.74369517798111,38.531809100204526,38.71230697631836,9762800
2018-11-09,38.759394923756254,39.15177592601113,38.73585302158239,38.986976623535156,12398100
2018-11-12,38.93203350001666,39.42643427379513,38.877100413333345,39.136070251464844,13918300
2018-11-13,39.088982117452204,39.238085765655484,38.908487282165595,39.12821960449219,13872900
2018-11-14,39.12038379490313,39.19101249337071,38.91634699579089,39.04975509643555,12106800
2018-11-15,38.971271420658546,39.04190010340483,38.66521479330089,39.034053802490234,12080100
2018-11-16,38.97128223446981,39.4342919512546,38.94774033156485,39.37150955200195,13405800
2018-11-19,39.48137094301688,39.8345113912739,39.434284152889084,39.63832092285156,13575800
2018-11-20,39.881585350440936,39.897280942100515,38.61811866131112,38.751529693603516,16255300
2018-11-21,38.63382454921142,38.79862381511535,38.131577456763914,38.2414436340332,13559200
2018-11-23,38.25713481452844,38.633820090389925,38.10018186784571,38.46902084350586,4792500
2018-11-26,38.46116925863083,38.6338177890604,38.19435016325254,38.35130310058594,9341900
2018-11-27,38.35915131894735,38.77507404664073,38.241435870839155,38.743682861328125,9180700
2018-11-28,38.61812480325867,39.0183549701617,38.61812480325867,39.01050567626953,11368700
2018-11-29,38.978870567873074,39.09751687889274,38.7336726171406,38.741580963134766,11564300
2018-11-30,38.75739827966241,39.935940901901255,38.749489934156486,39.86475372314453,25538200
2018-12-03,39.44554362470814,39.516730811818064,38.67039593023402,39.30316925048828,14877200
2018-12-04,39.524636581942985,39.951756626854426,39.15288098883597,39.21615982055664,19059900
2018-12-06,39.16078024729242,39.25569847284862,38.488459411419704,39.05795669555664,17674900
2018-12-07,39.20825438891936,39.29526128704631,38.662487960624716,38.828590393066406,15565700
2018-12-10,39.11333370205482,39.11333370205482,38.3381861078797,38.94723129272461,12331100
2018-12-11,39.224076120024904,39.55628100202312,38.8997795849451,39.18452835083008,18083600
2018-12-12,39.50881364284216,39.56418110741922,38.90767685986197,38.9314079284668,12316900
2018-12-13,38.53592871654443,39.23988914712599,38.41728241186852,39.129154205322266,13766200
2018-12-14,38.93932214954715,39.16870340444021,38.77321973074913,39.026329040527344,13835900
2018-12-17,39.0263347642669,39.17661749608215,37.98225795397856,38.22745895385742,18482700
2018-12-18,38.44892472076423,38.62293850943079,37.84778782389856,38.21954345703125,14765700
2018-12-19,38.15626574680924,38.56756610771174,37.665863824354595,37.88733673095703,17903800
2018-12-20,37.81615403713025,38.06926337416674,37.25456486686057,37.60259246826172,21130000
2018-12-21,37.381115109266254,38.55965777185432,37.35738705463526,37.62631607055664,32477700
2018-12-24,37.6658612543449,37.86360307552921,36.25003210781373,36.35285568237305,10733700
2018-12-26,36.28958998633355,37.143833323021305,36.11557616963908,37.128013610839844,14342600
2018-12-27,36.96981881284335,37.610500496726395,36.40822964732566,37.59468078613281,16966500
2018-12-28,37.879418778882744,37.97433399817306,37.199186503151225,37.33365249633789,13218200
2018-12-31,37.563042809606735,37.60259057578431,37.14382803968114,37.45230484008789,10576300
2019-01-02,37.12801409095041,37.349487047053174,36.827448607520736,37.1201057434082,11603700
2019-01-03,37.03310240472677,37.468133976733306,36.803721078964486,36.89072799682617,14714400
2019-01-04,36.97772309403465,37.62631607055664,36.89071620398642,37.62631607055664,13013700
2019-01-07,37.62631657543432,37.76869093973258,37.096369899558255,37.13591766357422,13135500
2019-01-08,37.37320407738758,37.626313366263076,37.20710167230692,37.55512619018555,15420700
2019-01-09,37.23874122697164,37.396932270134734,36.72461128478937,36.83534622192383,18032500
2019-01-10,36.90652710597038,37.24664322192501,36.653417859301854,37.2308235168457,15976600
2019-01-11,37.40484920597289,37.460216682789834,37.151739878437915,37.44439697265625,11088600
2019-01-14,37.37320869022798,37.49185500410153,37.16755849912175,37.29411315917969,11514300
2019-01-15,37.08845803871388,37.650044125187634,37.025182220597586,37.62631607055664,11342900
2019-01-16,37.49186112069482,37.54722860492175,37.064737941828554,37.1121940612793,16907800
2019-01-17,37.112185319138554,37.28619909560487,37.08054891939085,37.222923278808594,12044600
2019-01-18,37.373210233163654,37.72123480836573,37.27038362471484,37.657958984375,12760700
2019-01-22,37.72913726362718,37.8003244346214,37.341561995480745,37.744956970214844,11700400
2019-01-23,37.82406811780054,38.19582383299869,37.689605082185246,38.18000411987305,12058300
2019-01-24,38.05343738912135,38.05343738912135,37.47603162062921,37.721229553222656,10272000
2019-01-25,37.871519447916164,37.99016274594109,37.36530080148706,37.46812438964844,12066500
2019-01-28,37.34949113207643,37.412766971239584,37.12801815175052,37.309940338134766,9966900
2019-01-29,37.33366533793725,37.67378159279224,37.2782978561982,37.491859436035156,11998600
2019-01-30,37.37321460055035,37.87943332083717,37.32575546403537,37.85570526123047,12952500
2019-01-31,37.847790524879876,38.58339048017358,37.54722507229848,38.06926345825195,32181500
2019-02-01,38.34609350156439,38.58338308290399,38.2828176879475,38.52010726928711,19130100
2019-02-04,38.520111524787445,39.11333705232329,38.393556866271844,38.955142974853516,15105700
2019-02-05,39.018417513306915,39.12915245014351,38.836492383017394,38.96304702758789,12651900
2019-02-06,38.9234992669035,39.0421455662574,38.77321656938251,38.96304702758789,8689100
2019-02-07,38.891861594487196,39.12124284095808,38.75739859867377,39.089603424072266,10047800
2019-02-08,39.05005122307627,39.15287780761719,38.84440107129495,39.15287780761719,9813300
2019-02-11,39.20825925706585,39.45346027156797,39.1370720604234,39.239898681640625,9369300
2019-02-12,39.303169890485385,39.390176789181105,39.12124774653126,39.279441833496094,10983300
2019-02-13,39.23988122425508,39.500898817619166,39.20033346978176,39.38225555419922,12748800
2019-02-14,36.93817002572048,37.14382017669043,35.989008751881094,36.06019592285156,58905400
2019-02-15,36.30540940017163,36.59015516519323,35.75173154757677,35.78337097167969,35701600
2019-02-19,35.846636759765374,36.0601982866762,35.41160536078438,35.45906448364258,25511300
2019-02-20,35.52233998554772,35.783360633029496,35.43533310305379,35.67262268066406,27464000
2019-02-21,35.5935331149989,36.31331333063238,35.56189369474439,36.273765563964844,23121200
2019-02-22,36.19467413667161,36.344959903807116,35.751734235139864,35.81501007080078,24728400
2019-02-25,35.9415498997828,36.04437648468376,35.46697076797928,35.54606628417969,23774400
2019-02-26,35.67263180920418,35.70427123226218,35.32460720747051,35.34833526611328,20463200
2019-02-27,35.27713730487755,35.60934511098044,35.13476296187638,35.54606628417969,17827500
2019-02-28,35.68843970876991,36.07601496969929,35.6805313642736,35.86245346069336,22533900
2019-03-01,35.96529501791256,36.0997580514398,35.751733419985435,35.894107818603516,16291600
2019-03-04,36.01274013794658,36.123475076976995,35.83081802135364,36.10765838623047,15973800
2019-03-05,36.10765838374643,36.147206145211605,35.909916559119786,36.06810760498047,13062300
2019-03-06,36.12348513709638,36.2184034118143,35.94156296983949,35.9494743347168,14232100
2019-03-07,35.98111555117696,36.01275196035653,35.6963667474484,35.81501007080078,12084000
2019-03-08,35.712180972061425,35.79127650880677,35.2850578321134,35.46697998046875,15579100
2019-03-11,35.7042639985016,36.57432985251075,35.67262458185382,36.52687072753906,22126900
2019-03-12,36.34496145455953,36.58225112869066,36.30541367842133,36.42405700683594,19348500
2019-03-13,36.487318841202104,36.653421233877104,36.313305086608956,36.55850601196289,16222500
2019-03-14,36.574474027839514,36.78989995927736,36.406921540157384,36.462772369384766,18504100
2019-03-15,36.478715981801166,36.62233321351225,36.015948669923056,36.14360809326172,47254500
2019-03-18,36.24734209001482,36.44681018294088,36.191491267486846,36.23138427734375,24006400
2019-03-19,36.34308234728694,36.45478398135465,36.17552989618535,36.3510627746582,14987000
2019-03-20,36.22339673211618,36.62233280606618,36.04786388561316,36.327117919921875,13376100
2019-03-21,36.3271264826106,36.510636754646036,36.25531785062792,36.3111686706543,20043000
2019-03-22,36.271281167263496,36.789899481806245,36.271281167263496,36.64628219604492,19055900
2019-03-25,36.590422137424696,36.861698826138294,36.534571323010816,36.72605895996094,11668200
2019-03-26,36.83777132589761,37.332454460093174,36.83777132589761,37.212772369384766,11434900
2019-03-27,37.22074695434218,37.428192429536274,36.96542804165337,37.1888313293457,11543600
2019-03-28,37.244676295612265,37.43616392820218,37.08510123935997,37.16489028930664,11121100
2019-03-29,37.23669654414309,37.42818722384703,37.085101911956585,37.3882942199707,16045600
2019-04-01,37.49202963622107,37.63564388423947,37.17287942283306,37.27660369873047,11522700
2019-04-02,37.30051953031632,37.444136747400215,37.15690231323242,37.15690231323242,8495000
2019-04-03,37.03723657929874,37.172876474505216,36.73404724863349,36.84574890136719,12854500
2019-04-04,36.97340805889311,37.13298315159707,36.78989776755818,37.08510971069336,7814900
2019-04-05,37.093083360034456,37.16489198644508,36.861699670084526,37.077125549316406,7677600
2019-04-08,37.13297949445137,37.156914690725024,36.91755359706412,37.14095687866211,9421300
2019-04-09,37.061179707423406,37.276605656226614,36.917562408221265,37.23670959472656,8641800
2019-04-10,37.37234747578198,37.500006952171354,37.14894415301108,37.212772369384766,8059900
2019-04-11,37.27659996589217,37.30053516422472,37.132982688613446,37.268619537353516,7352400
2019-04-12,37.236699086388576,37.444147590534314,37.15691307318871,37.29255294799805,10690000
2019-04-15,37.40424856145314,37.53190798820319,37.260631325904235,37.49999237060547,10261300
2019-04-16,37.53990337871481,37.57979639802827,37.26064919987831,37.46011734008789,10804600
2019-04-17,37.65957572502493,37.938829831523925,37.61968271604528,37.72340393066406,11849300
2019-04-18,37.76331272345654,37.96278087929063,37.71543927034506,37.882991790771484,12167000
2019-04-22,37.81915283203125,37.98670530491296,37.51596046897745,37.81915283203125,9834700
2019-04-23,38.36968356358542,38.872344024213454,37.938831740189954,38.46542739868164,25327800
2019-04-24,38.321799127468694,38.481374169265486,38.23403270229842,38.28190612792969,15997300
2019-04-25,38.090429584420065,38.210108617824154,37.87500367192272,38.17021560668945,11444400
2019-04-26,38.289898628514436,38.65691920983629,38.28191819990559,38.50532150268555,10154300
2019-04-29,38.43350845064759,38.656914771418734,38.38563805905771,38.63297653198242,9731500
2019-04-30,38.720730017961316,39.23934807334765,38.609028416774194,39.14360427856445,17912900
2019-05-01,39.05585024166866,39.15957449434343,38.73670009973458,38.76861572265625,10551200
2019-05-02,38.72074859080122,38.91223931585864,38.51330309532735,38.609046936035156,8724600
2019-05-03,38.7766018949352,39.06383647904675,38.712773678267084,38.87234878540039,7076900
2019-05-06,38.561180414082614,38.78458374607363,38.505326537442734,38.672882080078125,8657800
2019-05-07,38.48138856683211,38.52926201037492,38.1143679639296,38.29787826538086,12487500
2019-05-08,38.337774884571324,38.48139218506154,38.15426456586544,38.178199768066406,9281400
2019-05-09,38.13829996461904,38.281917239558126,37.55585348009571,37.81915283203125,11450500
2019-05-10,37.82713101130653,38.537236972508126,37.81915362637198,38.44947052001953,9653800
2019-05-13,38.22606310108689,38.40159598715865,38.08244583859934,38.337764739990234,11911500
2019-05-14,38.72074447540788,39.35106436732846,38.577127207789474,38.84840393066406,16844200
2019-05-15,38.832440447915005,39.39893205130806,38.776589634623456,39.239356994628906,11422500
2019-05-16,39.3111607379354,39.62233038582914,39.263287313782264,39.558502197265625,17771300
2019-05-17,39.311164685257445,39.53456793312318,39.231375636990414,39.255313873291016,11257000
2019-05-20,39.12765280883183,39.20743881013234,38.904246526636875,38.97605514526367,13850500
2019-05-21,39.09573854346691,39.11967373595699,38.65690943385006,38.776588439941406,10587400
2019-05-22,38.92021721441841,39.6622388378851,38.87234681525402,39.6143684387207,16050400
2019-05-23,39.49468689560769,39.81383709807946,39.46277126663213,39.77394104003906,12199400
2019-05-24,39.7499956811418,39.80584649575417,39.51861199566705,39.58244323730469,6887600
2019-05-28,39.57446178425204,39.63031259741639,39.11967485211885,39.1755256652832,18614000
2019-05-29,38.888308326196004,39.119689045983,38.6250089311955,38.784584045410156,12534600
2019-05-30,38.872344209658934,39.34308904628677,38.83244815484034,39.29521560668945,9087200
2019-05-31,39.0957462593567,39.34308779058604,38.92021336341062,39.19947052001953,11368600
2019-06-03,39.22341503066246,39.87767028808594,39.11171335895244,39.87767028808594,14167200
2019-06-04,39.893619537353516,40.117022832797375,39.590427176649975,39.893619537353516,12010600
2019-06-05,39.901587291437345,40.803183727592454,39.64626843151321,40.51594924926758,15837600
2019-06-06,40.61968418608941,41.122344655553945,40.364365258916685,41.010643005371094,15190400
2019-06-07,41.06648924038208,41.64095524049069,41.05053142876221,41.08244705200195,15293600
2019-06-10,41.12234559320618,41.12234559320618,40.76330239254477,40.994686126708984,9737400
2019-06-11,41.050535859116046,41.162237508869126,40.8351099444601,40.95479202270508,9915600
2019-06-12,41.09042391304026,41.60106170381194,41.06648871773575,41.202125549316406,11088100
2019-06-13,41.379033507538814,41.572019082195375,40.83224462464714,41.11368179321289,10353600
2019-06-14,41.04934728593456,41.43531532121015,41.04934728593456,41.25841522216797,8694300
2019-06-17,41.21016117789935,41.39510397217062,40.69553721690093,40.90460205078125,12322400
2019-06-18,41.2101598029736,41.25036422344758,40.63120633246605,40.71965789794922,9221100
2019-06-19,40.63926344741286,41.20213473556407,40.58297662533791,41.10564041137695,9414100
2019-06-20,41.4111961217392,41.64438611763021,41.29057976044345,41.539852142333984,10656600
2019-06-21,41.43532218397456,41.72479902522645,41.33883092602453,41.4514045715332,21264400
2019-06-24,41.60418508964135,41.97407079568358,41.57202031501114,41.74892044067383,10780000
2019-06-25,41.81325154826525,41.893660420435786,41.52377470060834,41.62026596069336,11519900
2019-06-26,41.42728202386386,41.52377328064924,41.08151836403105,41.10564041137695,12405100
2019-06-27,41.24233916493344,41.33079076172597,40.98502710193794,41.07347869873047,12374900
2019-06-28,41.22624990548492,41.330783872214916,40.62317428322926,40.9448127746582,16339900
2019-07-01,41.06543136987347,41.515728963359614,40.832241380350226,41.49160385131836,14976400
2019-07-02,41.63634032155656,41.85344791544316,41.45139749729788,41.79716110229492,8569200
2019-07-03,41.813229780529696,42.07858444187364,41.813229780529696,41.893638610839844,7253700
2019-07-05,41.724795883738054,41.90973872563522,41.395114632112396,41.90169906616211,8916300
2019-07-08,41.974068477531546,42.07860245560565,41.72479608901687,41.81324768066406,9495100
2019-07-09,41.58809643758297,41.789121647637174,41.35490645774378,41.48356246948242,10584900
2019-07-10,41.652420423684596,41.789119153411114,41.53984680355751,41.66850280761719,7620900
2019-07-11,41.80520877491644,41.861495594724694,41.5398539951904,41.84541320800781,10376500
2019-07-12,42.014274429853884,42.04643920387132,41.740879985509004,41.90974044799805,7347400
2019-07-15,42.038391301752135,42.04643402796728,41.70871007716124,41.91777801513672,5876100
2019-07-16,41.78107719163683,42.19117032091313,41.6604639110388,41.92581558227539,7132500
2019-07-17,41.990153513897354,42.02231522137928,41.821289979458896,41.95798873901367,8264200
2019-07-18,41.845414553489725,41.94994546940804,41.5478949907636,41.837371826171875,11911800
2019-07-19,41.92581810361971,41.93386082991728,41.3066600769644,41.3227424621582,10355500
2019-07-22,41.42727624234048,41.42727624234048,41.11367740100206,41.1860466003418,12090700
2019-07-23,42.81836775618292,43.93606738147563,42.42435701308925,43.686798095703125,33417900
2019-07-24,43.5179278923982,44.08079898122736,43.11587755286318,43.24453353881836,15633400
2019-07-25,43.123923463861246,43.26061911705139,42.392191914535275,42.67362594604492,19135000
2019-07-26,42.89073771771138,43.670716492065004,42.77012136815525,43.55813980102539,11451900
2019-07-29,43.55814553091258,43.662679509785484,43.34104098099428,43.41341018676758,12283900
2019-07-30,43.38928300117025,43.662677424657595,43.07568414692918,43.1963005065918,8127100
2019-07-31,43.0274345635394,43.0274345635394,41.845408415539374,42.319828033447266,16865500
2019-08-01,42.440447544138536,42.77817154124876,41.82128943893789,41.837371826171875,19527200
2019-08-02,41.74087786196001,42.40024035876434,41.74087786196001,42.0786018371582,13102300
2019-08-05,42.12684368079429,42.34395128168119,41.33078554494366,41.53181076049805,19986500
2019-08-06,41.70871575130597,42.424365111747036,41.499650852290145,42.030357360839844,19903100
2019-08-07,42.03036078309402,42.930953068755734,41.62831027214121,42.76209259033203,17937000
2019-08-08,42.78620073469547,43.24453792283838,42.496723970099744,43.17216873168945,10799000
2019-08-09,43.25257852686799,43.34103009697869,42.681667751027256,42.95505905151367,9260900
2019-08-12,42.84249037997091,42.971146387489696,42.60930347518142,42.77816390991211,6588600
2019-08-13,42.536938427203815,43.10784932452789,42.51281331460319,43.0193977355957,8581200
2019-08-14,42.89074425211905,43.39732870307131,42.59322776326211,42.609310150146484,17088900
2019-08-15,42.963110321327036,43.421447578148715,42.80228953163139,43.31691360473633,12393200
2019-08-16,43.405354169848735,43.815447232801475,43.38123213111057,43.75111770629883,14288700
2019-08-19,43.775251175991926,44.048645600217874,43.67072026923013,43.97627639770508,10936200
2019-08-20,43.91998403526667,43.968231186650215,43.29278640428598,43.324951171875,8176700
2019-08-21,43.62246646979726,43.75112246940845,43.300824937068775,43.50185012817383,10886500
2019-08-22,43.51794444681327,43.93607732707733,43.501862059025974,43.81546401977539,7467900
2019-08-23,43.75917678055123,43.99236681649512,42.93095369742875,43.2123908996582,14160400
2019-08-26,43.42144052870276,43.855655670166016,43.20433295797113,43.855655670166016,9226900
2019-08-27,43.98432197104406,44.18534720576784,43.751131962588076,44.000404357910156,13537000
2019-08-28,43.95215695672024,44.34616776427879,43.75917138278507,44.314002990722656,10046400
2019-08-29,44.434618984710255,44.49894853572309,43.90391245846166,44.2657585144043,9262800
2019-08-30,44.35419691888985,44.40244406779694,44.07276288543405,44.25770568847656,8746700
2019-09-03,44.20946955936978,44.49090673037845,44.12101796469282,44.46678161621094,12991400
2019-09-04,44.50698351650768,44.96532078337892,44.4667790850526,44.84470748901367,10718100
2019-09-05,44.82861726495198,44.84469964820241,44.249663737540345,44.3220329284668,13677000
2019-09-06,44.57934856547726,44.57934856547726,44.032559759922385,44.41048812866211,9093500
2019-09-09,44.24967448719246,44.289881988786696,43.71092832072882,43.83958435058594,10814900
2019-09-10,43.60639283083971,43.77525328905342,43.30083362021375,43.74309158325195,12038200
2019-09-11,43.654635600280244,44.06472568147085,43.39732357533687,44.04060363769531,9740400
2019-09-12,44.305960263632805,44.474823791101684,44.209469010366035,44.314002990722656,12357900
2019-09-13,44.12770523638286,44.378800121448975,43.795613596045435,43.94950866699219,11486100
2019-09-16,43.819916786251255,44.01431334587419,43.439228287141916,43.706520080566406,11172000
2019-09-17,43.819907875252156,44.305897630566804,43.7065111926271,43.93330764770508,11347400
2019-09-18,43.90091063746538,43.973808951127786,43.59311741424323,43.925209045410156,9700400
2019-09-19,43.925207940586695,44.224899627070585,43.84421118958932,44.16010284423828,7560300
2019-09-20,44.297798948699885,44.297798948699885,43.65791718564685,43.666015625,19211500
2019-09-23,43.66601517916307,44.03050674289459,43.64171677152365,43.85231018066406,6485300
2019-09-24,43.94141232599659,44.23300560262457,43.77131727790636,43.981910705566406,10093000
2019-09-25,44.09531241395754,44.12771235722567,43.73892230749405,43.876617431640625,10248400
2019-09-26,44.11960180967281,44.20870008429681,43.84420854712035,44.05480194091797,10031200
2019-09-27,44.192500449805685,44.25729722922053,43.73891063459043,43.99000549316406,7939900
2019-09-30,43.86040697566319,44.28969527670702,43.86040697566319,44.095298767089844,9808700
2019-10-01,44.16820012641704,44.370695088434104,43.7470102346422,44.26539993286133,14261500
2019-10-02,43.90899967771314,44.09529464167712,42.84792822688234,42.99372482299805,14343600
2019-10-03,43.33392070035121,43.722710646135766,42.78313417136612,43.60931396484375,13817500
2019-10-04,43.738902651361435,44.176292419433594,43.649804392328896,44.176292419433594,9295400
2019-10-07,44.006214359657925,44.03051277062377,43.55262445271518,43.63362121582031,5964900
2019-10-08,43.64172845733062,43.7956235633017,43.29343676870711,43.39873504638672,13301900
2019-10-09,43.78750652009453,43.795604958093115,43.36631667813444,43.60121154785156,7135000
2019-10-10,43.3744179623827,43.641712781289286,43.220522911690516,43.46351623535156,8942900
2019-10-11,43.45542322698139,43.495921604347586,43.090931651029315,43.17192840576172,8981700
2019-10-14,43.32582656551266,43.479721635435475,43.10713161994143,43.17192840576172,7306300
2019-10-15,43.27722896755882,43.479723955020795,43.14763229917629,43.34202575683594,9564300
2019-10-16,43.30151561517671,43.390613879830454,43.03422391104295,43.3258171081543,10454800
2019-10-17,43.48781349167604,43.8361050459907,43.39871831088913,43.56881332397461,13190300
2019-10-18,44.54889741458504,44.864789101879566,44.10340905840485,44.37070083618164,18122400
2019-10-21,44.10340560988005,44.19250389211499,43.479720724063505,43.925209045410156,12778900
2019-10-22,43.92520192577477,44.07909696752767,43.52831357447556,43.617408752441406,9533400
2019-10-23,43.78751459433294,44.27350129937833,43.74701312738907,44.257301330566406,8556600
2019-10-24,44.200605584152285,44.40310057146829,44.13580879492188,44.23300552368164,11051400
2019-10-25,44.184406077732916,44.19250760761436,43.47162284975395,43.53642272949219,9782400
2019-10-28,43.528327022873846,43.69842208312563,43.228632195007144,43.390628814697266,8866100
2019-10-29,43.24482069374614,43.463515608836985,43.13952245540736,43.26102066040039,7999700
2019-10-30,43.35012138239974,43.77940970860547,43.05852814579665,43.690311431884766,8620900
2019-10-31,43.706512456957356,44.11960391541599,43.617414178080864,44.08720397949219,13982000
2019-11-01,44.24919423505234,44.33829250117449,43.61740793428956,43.65790939331055,9889500
2019-11-04,43.7065072239371,43.738907155981636,42.90462898971422,43.04232406616211,17515100
2019-11-05,42.83982843369617,42.83982843369617,42.21614365613651,42.459136962890625,19284000
2019-11-06,42.54824231640704,42.766937255859375,42.45104559548202,42.766937255859375,13288900
2019-11-07,42.83173574333174,42.92893246111073,42.086552667484945,42.35384750366211,11725500
2019-11-08,42.49154986970605,42.60494657482981,42.19185813618917,42.28905487060547,7141800
2019-11-11,42.38624849433085,42.41864534117809,41.94075708961601,41.989356994628906,8198300
2019-11-12,42.04605650404328,42.04605650404328,41.77876474363543,41.88405990600586,12656900
2019-11-13,42.264743389811116,42.483438291991504,42.08654685696172,42.4510383605957,12257900
2019-11-14,42.54823829402537,42.66163497268905,42.40244168150698,42.62923812866211,8660300
2019-11-15,42.637330321226884,42.669730250335284,42.42673696167689,42.66162872314453,8982400
2019-11-18,42.66973251197266,43.2853157485237,42.6616309843525,42.953224182128906,13782000
2019-11-19,43.05042315595111,43.18001978696202,42.823626734311446,42.99372482299805,12679500
2019-11-20,43.00992453158144,43.25292093433343,42.937026228721365,43.10712432861328,11970300
2019-11-21,43.01803983574376,43.20433487163944,42.750744943048694,42.896541595458984,7856100
2019-11-22,42.89652584809765,43.08282081560425,42.72643084600391,42.953224182128906,9113300
2019-11-25,43.15572113730159,43.24481940633363,42.742632814312906,43.10712432861328,10963500
2019-11-26,43.18002122124149,43.69030623476882,43.10712292076223,43.65790939331055,13219800
2019-11-27,43.682213880977706,43.819908973379384,43.414919045382064,43.69841384887695,9595200
2019-11-29,43.820827754650956,43.845307667532545,43.42913358400271,43.576019287109375,7222300
2019-12-02,43.51072863280329,43.86162185668945,43.12719345485608,43.86162185668945,13173800
2019-12-03,43.82897720827682,43.93506199599973,43.576009862124785,43.90242004394531,14498300
2019-12-04,43.90242047698714,44.318597587516315,43.837139685142276,44.302276611328125,13624000
2019-12-05,44.236989767828575,44.30227366824442,43.926900579576426,44.22066879272461,14068100
2019-12-06,44.31859882540753,44.47364343416415,44.20435198889906,44.40835952758789,7843500
2019-12-09,44.310439717796314,44.48180531455616,44.08195225544985,44.12275314331055,13887200
2019-12-10,44.09826197589001,44.122741879775624,43.84529155507818,43.877933502197266,8993900
2019-12-11,44.01666781928229,44.18803652690535,43.788180359662434,44.02482986450195,8879100
2019-12-12,44.073785817277894,44.43284106564451,44.016663957384644,44.17987060546875,11233300
2019-12-13,44.0166654268543,44.51444431932032,43.93506365654197,44.40835952758789,13072200
2019-12-16,44.628688042920786,44.74293487942925,44.367558642431725,44.40835952758789,9538100
2019-12-17,44.39204166385183,44.53892734074042,44.30227784876346,44.40835952758789,9230000
2019-12-18,44.49812534712436,44.67765298538803,43.97586652262074,43.9921875,15132100
2019-12-19,44.098271883028,44.34308031560513,44.00034601967066,44.326759338378906,13385900
2019-12-20,44.83270615127463,45.04487578476016,44.44917400489634,44.8571891784668,23832800
2019-12-23,44.88165511315673,45.077503705148104,44.7510904227984,44.80821228027344,9300800
2019-12-24,44.718447103096054,44.88165373927495,44.58788241673447,44.64500427246094,3359300
2019-12-26,44.81637104489297,44.89797592163086,44.71028937449533,44.89797592163086,6228500
2019-12-27,44.88981647455818,45.24887172716218,44.881657542866236,45.167266845703125,6895500
2019-12-30,45.02853928625051,45.19990485299493,44.9306165499548,45.10198211669922,6431700
2019-12-31,45.04486419287643,45.19174986659481,44.86533656657443,45.167266845703125,7982600
2020-01-02,45.14279300138829,45.23255682659654,44.68581494255915,44.873504638671875,11867700
2020-01-03,44.32676231029515,44.87350418885191,44.13907572897218,44.628692626953125,11354500
2020-01-06,44.596055486015565,44.808221986466165,44.48997067933605,44.61237335205078,14698300
2020-01-07,44.432844723041555,44.55524738449903,44.18803628721845,44.26963806152344,9973900
2020-01-08,44.28595745620317,44.58788774583053,44.18803470795528,44.35123825073242,10676000
2020-01-09,44.88166442396383,45.208077774028744,44.75109970651954,45.159114837646484,15398000
2020-01-10,45.27335088032071,45.64056505849423,45.2488709727451,45.314151763916016,13040100
2020-01-13,45.31415202793618,45.885373740322315,45.22438821575878,45.80377197265625,14302900
2020-01-14,45.89354149593523,45.93434238484562,45.55896922621677,45.69769287109375,16345300
2020-01-15,45.697691502677856,46.49740073042574,45.697691502677856,46.26891326904297,17735400
2020-01-16,46.3913126414494,46.472917523946364,46.19546714927264,46.3668327331543,10234100
2020-01-17,46.40764177002937,46.63613236825011,46.350519898701315,46.46476364135742,14264300
2020-01-21,46.391313528958925,46.717726839375416,46.162826079412206,46.652442932128906,11968900
2020-01-22,46.7177147725524,47.03596595590725,46.66059292491985,47.0114860534668,12869600
2020-01-23,46.82381816246303,47.207350275847325,46.709574421756706,47.19103240966797,12858900
2020-01-24,47.20734623010633,47.22366720779543,46.88909494743949,47.06862258911133,8594300
2020-01-27,46.6850822613922,47.207341038373855,46.619801470723424,46.90541076660156,14359900
2020-01-28,46.88093254558988,47.125740966992666,46.489238448763835,46.52187728881836,15240200
2020-01-29,46.51371835703172,46.72588482547201,46.23626798266644,46.52187728881836,13163600
2020-01-30,47.2726315527777,48.129462673143266,47.13390479473108,48.03153991699219,20225600
2020-01-31,48.12129534900695,48.211059156870675,47.45215092499635,47.656158447265625,17685200
2020-02-03,47.94178611309581,48.12131379765018,47.75409949420212,47.803062438964844,12333600
2020-02-04,47.94176255869457,48.51298418197539,47.83567778695062,48.01520538330078,15417900
2020-02-05,48.064180465544155,48.21106615192262,47.770409092787204,48.02337646484375,11414900
2020-02-06,48.12946460207967,48.42323599521498,48.01522086317337,48.13762664794922,9347000
2020-02-07,48.047855858720375,48.406908002243455,48.023372837567734,48.30082321166992,8757800
2020-02-10,48.406911632545864,48.831247713755346,48.382431722465306,48.75780487060547,7984900
2020-02-11,48.73332020076583,48.79860099224078,48.4069069046674,48.627235412597656,7431200
2020-02-12,48.537479993537744,48.77412951848471,48.40691527510294,48.4803581237793,9179100
2020-02-13,48.455868138325066,48.83124123667494,48.317141402817114,48.6435546875,8173200
2020-02-14,48.65987965968972,49.01893181200531,48.651717614802976,48.9210090637207,9965500
2020-02-18,48.806764331687745,48.90468707795221,48.51299297998637,48.57827377319336,10075700
2020-02-19,48.561958353959334,48.96181454240195,48.529319510074735,48.77412796020508,6265700
2020-02-20,48.70067637791982,48.84756204423125,48.23553947223619,48.73331832885742,7597200
2020-02-21,48.56194549494475,49.06788635253906,48.49666471155331,49.06788635253906,10842400
2020-02-24,48.23554541503499,48.798605129994705,47.79488836181009,47.860172271728516,14415500
2020-02-25,47.900980324196134,48.30899548349438,47.01966608591577,47.1828727722168,15915100
2020-02-26,47.313422525258154,47.7132786245066,46.90540749508562,47.00333023071289,15837800
2020-02-27,46.636127226703,47.23998783214178,44.78373829710686,44.82453918457031,23754000
2020-02-28,43.92690641196025,43.97586623086506,42.090838493235196,43.64945602416992,40890600
2020-03-02,44.00850607804306,45.665046280371456,43.82081951777647,45.63240432739258,25698600
2020-03-03,46.317869302559835,46.91357404316503,45.40391641883741,45.74665069580078,27099200
2020-03-04,46.0322560113066,48.14577401194029,46.0322560113066,48.08049011230469,20526100
2020-03-05,47.16654566665725,47.46847597371109,45.85273652627922,46.30155563354492,17948500
2020-03-06,44.83268930064539,45.62423943599411,44.04930120892922,45.09381866455078,22353900
2020-03-09,42.47436144544046,43.722889478914425,42.00922458825264,42.31931686401367,27898300
2020-03-10,43.42911399654894,43.90240973860841,41.756250144876766,43.78816604614258,27457400
2020-03-11,42.71918224375109,42.96399380851282,41.73178639062777,42.60493850708008,22653900
2020-03-12,39.610100648325016,40.74438195624877,38.1004431395159,38.483978271484375,31913100
2020-03-13,40.75598385376939,40.797145712771,38.368743621497316,39.899871826171875,33697200
2020-03-16,34.77141336167902,39.41418661793713,33.890600557474386,37.2574348449707,28682300
2020-03-17,37.76781320779715,39.10137501319944,37.34798615966493,38.837955474853516,32106700
2020-03-18,36.8293853926919,37.166891915373874,34.236345253402,36.9199333190918,35408300
2020-03-19,36.51657227254407,36.76352772049493,33.78359194944231,34.43391036987305,41956900
2020-03-20,34.532684220311246,34.63146574942178,30.87773310093135,31.528051376342773,51513500
2020-03-23,31.906721254178592,32.01373642504339,29.856987735004076,30.918899536132812,44978500
2020-03-24,33.93177297667678,34.07994690462634,31.964356326936,32.4747314453125,49096200
2020-03-25,33.44607365260631,35.76745969774316,32.85337827420276,34.2527961730957,42511700
2020-03-26,35.26532467115638,37.26566896172138,34.94428230307707,36.458946228027344,37821700
2020-03-27,35.94033868828905,36.24491695152127,34.903124611769464,35.240631103515625,23297900
2020-03-30,35.42995105746927,37.50438161007543,35.42995105746927,37.04339599609375,23446000
2020-03-31,37.10102294972903,37.463223953898414,36.26960579507805,36.42601013183594,25373900
2020-04-01,34.96897424031278,35.93210441140502,34.40920697545078,34.67262649536133,21936400
2020-04-02,34.75494904730214,36.37662497078547,34.458601285388035,36.17906188964844,17621900
2020-04-03,35.87448359623973,36.500104206002625,35.65222277508212,36.08028030395508,14207100
2020-04-06,37.36445450914879,38.69801646572997,36.78822302611455,38.41813278198242,22850000
2020-04-07,39.924562123835855,40.00687955254382,38.26172431422425,38.28641891479492,21279600
2020-04-08,38.39342376992242,39.587045006774346,38.138237925358005,39.364784240722656,18937100
2020-04-09,39.87517295050974,40.93708482233639,39.80108600270302,40.336158752441406,19165300
2020-04-13,39.801080108571945,40.03980503173075,38.278185800547504,38.63215637207031,19586000
2020-04-14,39.46357529182534,40.541951163919386,38.632157979597125,40.27029800415039,21801900
2020-04-15,39.27423865213222,39.84223951304949,39.02728325791994,39.19192123413086,12893200
2020-04-16,39.01904558610637,39.389477039098715,38.492203531217726,38.77208709716797,17606800
2020-04-17,39.75992193027234,39.75992193027234,38.99435795277756,39.56235885620117,19844600
2020-04-20,39.34010425631789,39.51297275848612,38.12178797308964,38.302886962890625,18957900
2020-04-21,37.76780210142391,38.607452810563764,36.4342375479742,37.35620880126953,26863700
2020-04-22,37.90775053110686,37.9900710931019,37.45499843086337,37.603172302246094,15811600
2020-04-23,37.82543369817473,37.948909832777,37.01871101931464,37.10102844238281,17668200
2020-04-24,37.45499601904477,37.66079270046809,37.14218418402304,37.39737319946289,15175000
2020-04-27,37.866604974795926,38.67332792134688,37.62787997239151,38.508689880371094,19175500
2020-04-28,39.43065038058431,39.51296780743304,38.33581039028658,38.47575378417969,17246700
2020-04-29,38.912038229114756,39.397718539467135,38.59099589756473,38.78855895996094,15780000
2020-04-30,38.6897769104493,38.6897769104493,37.61963477288277,37.776039123535156,20801100
2020-05-01,37.55377948083907,38.18763366909052,37.21627303153201,37.537315368652344,14290400
2020-05-04,37.306823311004145,37.43853306558018,36.71412784530787,37.15864944458008,22544200
2020-05-05,37.33975243956847,37.94890889166645,37.166883971287284,37.3726806640625,13370500
2020-05-06,37.37267712939741,37.562009692018755,36.8129099267743,36.83760452270508,11892900
2020-05-07,37.16688179669602,37.24096872736869,36.631809170703605,36.71412658691406,16466000
2020-05-08,37.109256791702,38.04768909814669,36.94461882876954,37.95713806152344,13985100
2020-05-11,37.611406442528086,37.9571465560814,37.47146618385296,37.48793029785156,10874600
2020-05-12,37.537310109178456,37.743106772365195,36.87876141502246,36.895225524902344,13424400
2020-05-13,36.80468403679376,36.8623068662152,35.82509279642057,36.17082977294922,15854800
2020-05-14,35.70983569588601,36.269602836805404,35.58635644942732,35.9732551574707,18000800
2020-05-15,36.187296385088715,36.788222462114405,35.56167570523738,35.61106491088867,31579400
2020-05-18,36.895224211095154,37.36444033523591,36.327226571400494,37.01870346069336,26118500
2020-05-19,37.05164103900841,37.31506373636809,36.42602037582733,36.66474533081055,17839900
2020-05-20,37.20804140149501,38.00653040664567,37.05986753657876,37.776039123535156,22295900
2020-05-21,37.932444896582105,37.94067538194552,37.06809634364424,37.18334197998047,13193500
2020-05-22,37.224503643895055,37.298590572632804,36.755287475292015,37.06809616088867,13008400
2020-05-26,38.62392101619055,38.63215464225268,37.80896788770258,37.940677642822266,22223100
2020-05-27,38.68978249694755,38.76386944010324,38.00653589448853,38.46752166748047,18447600
2020-05-28,38.936734898406385,39.06844466041394,38.54160561238372,38.76386642456055,16230600
2020-05-29,38.42635726928711,38.846181124939456,37.98183567609648,38.42635726928711,51125000
2020-06-01,38.40989213334913,38.87910831135678,38.35226931431016,38.68154525756836,17010700
2020-06-02,38.821487196339255,38.92026872756936,38.32757639998048,38.607460021972656,15255100
2020-06-03,38.91204400724445,39.61175159579511,38.78856471975493,39.4306526184082,15508300
2020-06-04,39.46357333493399,39.735226481232445,39.002590745154855,39.44710922241211,13604700
2020-06-05,39.957491832939,40.73951999549505,39.89163537536392,40.41024398803711,20504800
2020-06-08,40.78067985396005,41.13465047282176,40.723057022071764,41.035865783691406,19896700
2020-06-09,40.82183915690569,40.82183915690569,40.072739191397275,40.336158752441406,16713700
2020-06-10,40.46785990999185,40.558410953595136,39.98217960901729,40.023338317871094,15716600
2020-06-11,39.35656484387593,39.44711276055525,37.422073841857156,37.48793029785156,26070400
2020-06-12,38.38504421947016,38.41827159323681,37.38824518762801,37.87833786010742,21822700
2020-06-15,37.02275387970089,38.58440560316922,36.939688613354015,38.45980453491211,15622300
2020-06-16,39.50645000834638,39.61443423553489,38.36843605846589,38.850223541259766,18803500
2020-06-17,38.85852096367169,39.09110939788557,38.5760946404193,38.69239044189453,12602800
2020-06-18,38.45980172938409,39.07449542921603,38.268749095733554,39.032962799072266,9380800
2020-06-19,39.68088294634434,39.69749663308892,38.22721862792969,38.22721862792969,30464600
2020-06-22,38.23551941402439,38.33520152283073,37.69558891730373,37.99462890625,20876200
2020-06-23,38.21060388898529,38.45149758704308,37.86172598316641,37.911563873291016,14675300
2020-06-24,37.68729518194943,37.74544151705178,36.96461703943619,37.08921813964844,17631800
2020-06-25,36.93968354509352,37.363321415316804,36.57418881834617,37.3217887878418,13829700
2020-06-26,37.3134781711062,37.38823816366795,36.14224040012945,36.192081451416016,21955100
2020-06-29,36.54927615346434,37.02275515922618,36.17547610451108,36.84831619262695,17603900
2020-06-30,36.75694931455833,37.23873683786744,36.58251031559641,37.1141357421875,23679800
2020-07-01,37.32178902650944,37.82018689686947,37.13904166196712,37.23041534423828,14316500
2020-07-02,37.620838511515345,37.737131166035226,37.21381105195857,37.28026580810547,15111900
2020-07-06,37.496231511612926,37.60421888894381,37.055979912186785,37.57099151611328,15146000
2020-07-07,37.37993575513035,37.795268374631796,37.213802073582485,37.55437469482422,13043600
2020-07-08,37.49623378498937,37.52946115983446,36.93968951565007,37.438087463378906,13851200
2020-07-09,37.42146413616382,37.42146413616382,36.408054814338485,36.47450637817383,16087100
2020-07-10,36.449597887939674,37.58760857523639,36.43298420003367,37.50454330444336,15627800
2020-07-13,37.82019746744264,37.944798554226274,37.34671840764446,37.58761215209961,16705300
2020-07-14,37.3051886558614,38.16077313387362,37.10582753532372,38.10262680053711,17080100
2020-07-15,38.459812559547,39.19910435799246,38.37674727586856,38.54288101196289,23738000
2020-07-16,38.426583247479066,38.78376965307362,38.16077055058135,38.33521270751953,13306100
2020-07-17,38.60102631125637,38.966517985892764,38.31859991807544,38.89175796508789,13899800
2020-07-20,38.80868861832207,38.900062319593886,38.08600743666523,38.31028747558594,16633200
2020-07-21,39.473221588962744,39.863635354812494,38.983128858822234,39.2074089050293,25681500
2020-07-22,39.813795039308204,40.30388777869336,39.066194871182645,40.270660400390625,29831200
2020-07-23,40.262354981723625,40.34542025841635,39.8968601593064,40.10452651977539,15935000
2020-07-24,40.20420117902262,40.536465392751964,39.93008011317772,40.278961181640625,16196800
2020-07-27,40.021461400594504,40.295579349749076,40.021461400594504,40.270660400390625,17346500
2020-07-28,40.15436017684567,40.935184407368396,39.95499911334167,40.021453857421875,13872700
2020-07-29,39.98823258196546,40.287272638444634,39.722419902592215,39.888553619384766,13758100
2020-07-30,39.59781578659787,40.06298952420177,39.20740522611828,39.61442947387695,17276500
2020-07-31,39.40675397079976,39.680874994044565,38.816982468876596,39.240623474121094,14849200
2020-08-03,39.157563545931,39.34031093437829,38.401658214721934,38.45980453491211,14137500
2020-08-04,38.45149964815592,38.92497864213949,38.39335332740263,38.78376388549805,11717200
2020-08-05,38.95820544346519,39.265550729888595,38.8834454366339,39.22401809692383,10498700
2020-08-06,38.75884940296534,39.4815274503707,38.70900833569224,39.43999481201172,10745000
2020-08-07,39.43166984751123,39.93837602100239,39.21569516598929,39.705787658691406,11669700
2020-08-10,39.921781074287125,40.10452531125167,39.58951364005453,39.63935470581055,11888000
2020-08-11,40.25404869064984,40.411877160980126,39.62274431554076,39.81379699707031,16531600
2020-08-12,40.12113478178211,40.445093753294714,39.97161476897064,40.229122161865234,9562200
2020-08-13,40.087920842388485,40.47833469209154,39.92179025580132,40.18760299682617,9882900
2020-08-14,40.15437289486623,40.4451045704585,39.896865433100494,40.24574661254883,10075800
2020-08-17,40.13774132223934,40.494927603833595,40.038062387691426,40.04636764526367,9102400
2020-08-18,40.03806953339072,40.2872684986038,39.83870845997819,40.2208137512207,9829000
2020-08-19,39.971612703963956,40.18758745297255,39.224015847265576,39.34861373901367,17371000
2020-08-20,39.265549156089044,39.53966705765903,39.116029148419365,39.332000732421875,11308700
2020-08-21,39.323698178930144,39.456604509475746,39.016352883681606,39.27385711669922,14734100
2020-08-24,39.39846290270716,39.855328270584515,39.19079653833225,39.847023010253906,9257700
2020-08-25,39.8719287247979,39.91346135013899,39.58119717867406,39.79716873168945,7827800
2020-08-26,39.672565896231944,40.02144690456933,39.431675412632195,40.00483322143555,10124200
2020-08-27,40.079609600572006,40.55308867292433,40.03807696012199,40.06299591064453,10931600
2020-08-28,40.494935421150835,41.40866602982567,40.312188031921146,41.39205551147461,16420300
2020-08-31,41.36713663805621,41.59141667821202,40.993336571129845,41.14285659790039,18510800
2020-09-01,40.960101208985556,40.99332540798047,40.56138230242077,40.80227279663086,12588400
2020-09-02,41.00163937968064,42.66296996609404,41.00163937968064,42.52175521850586,26332600
2020-09-03,42.69620155542583,43.31089215861931,41.61633403260923,41.93198776245117,22289400
2020-09-04,42.3140911414437,42.75434592495503,41.76585214557352,42.397159576416016,21019500
2020-09-08,42.30578681594675,42.39716051206441,41.00164246110007,41.37544250488281,17776700
2020-09-09,41.20100075370961,42.16457244842378,41.15946811929045,41.69109344482422,15252300
2020-09-10,41.82399574178271,42.09811680623331,41.49173152974341,41.53326416015625,15439500
2020-09-11,41.865529830543885,42.53006139621007,41.61632772077466,42.41376876831055,18272300
2020-09-14,42.6817428291052,42.8994626884324,42.34678575926156,42.464019775390625,10911700
2020-09-15,42.70686087324362,43.02506975064914,42.57287869239717,42.74872970581055,12838400
2020-09-16,42.66498802761913,43.083682702680385,42.48913703074625,42.531005859375,15353900
2020-09-17,42.053691725639204,42.39702121133264,41.819220549136034,42.33002853393555,13287100
2020-09-18,42.49750827305368,42.84083776876495,42.04531727058905,42.24629211425781,23816600
2020-09-21,41.66012162582102,41.8862171415891,40.705498244391556,41.107444763183594,17514800
2020-09-22,41.124195213220254,41.90296763478568,41.09069886953446,41.58475875854492,13034600
2020-09-23,41.64337284014109,41.80247566990156,40.33704427756157,40.370540618896484,17121200
2020-09-24,40.37053872474542,41.115814715351576,39.8262375783323,40.780860900878906,16788100
2020-09-25,40.36217215367553,40.8311082015558,40.17794545235842,40.79761505126953,12603400
2020-09-28,41.29167201064565,41.62662585033602,41.1493141531273,41.26654815673828,11215700
2020-09-29,41.358665781944765,41.50102365419885,40.956719216077836,40.965091705322266,12426600
2020-09-30,41.25816985170037,41.551254819408115,40.93996103362728,41.3419075012207,15755900
2020-10-01,41.400539249432725,41.58476597729761,40.68875939168011,41.18281936645508,17577300
2020-10-02,40.83110253816809,41.51776473118427,40.65525154460401,41.33353805541992,13610100
2020-10-05,41.39216103970687,41.4926468799355,41.13256915853004,41.35029220581055,10628700
2020-10-06,41.49265016034213,41.643380529795444,40.88973187691639,40.981842041015625,10077400
2020-10-07,41.04883126870337,41.668497673546604,40.99021426268812,41.50102233886719,10135600
2020-10-08,41.62662336908688,42.32165805533289,41.48426871444092,42.25466537475586,12143900
2020-10-09,42.43051899679974,42.899458206713135,42.371901994858945,42.54775619506836,11407800
2020-10-12,42.572875406737815,43.150672918097705,42.56450291862546,42.782222747802734,11386500
2020-10-13,42.698482011342335,42.698482011342335,41.78572754231691,42.05369186401367,14365300
2020-10-14,41.91134987053902,42.27980334799709,41.57639593894465,41.969966888427734,10582100
2020-10-15,41.36703557927638,41.97832942753115,41.28329472681121,41.8610954284668,9961700
2020-10-16,41.86109532394344,42.16255280890468,41.76060630123614,41.894588470458984,13569800
2020-10-19,41.89459912686281,42.27142507189826,41.41728732794714,41.55126953125,9930400
2020-10-20,41.77735856601005,42.388652472647344,41.69362089993428,42.078819274902344,10970700
2020-10-21,41.8359715755338,42.22954559615289,41.6768687474303,41.8610954284668,12517400
2020-10-22,42.849211355704234,42.874335208299065,42.18767619926162,42.43889236450195,20189200
2020-10-23,42.7068552419807,42.85758557485628,42.26303992539525,42.304908752441406,13491300
2020-10-26,42.154171515385386,42.29652614290427,41.199548359783265,41.70198059082031,14696400
2020-10-27,41.710355672184,42.112302090115605,41.49263269931302,41.78572082519531,13892100
2020-10-28,41.03207956841424,41.157689253011114,40.01046350389479,40.16119384765625,19886200
2020-10-29,39.96858975398921,40.59663171089234,39.608512109813816,40.21143341064453,15369900
2020-10-30,40.035586740520365,40.29517539958623,39.66713337505358,40.24493408203125,15804000
2020-11-02,40.82273251667008,40.990211032538944,40.39566533587212,40.713871002197266,15156100
2020-11-03,41.216302670384906,41.83596896807151,41.03207600083049,41.32516098022461,15285100
2020-11-04,41.39216152640303,42.04532428715003,41.09907649129536,41.1744384765625,12930800
2020-11-05,41.66849996699672,42.04532587954055,41.31679791154743,41.400535583496094,12452400
2020-11-06,41.57638354235189,41.86109605622934,41.24142651624185,41.408905029296875,9294900
2020-11-09,43.962943666274576,44.59935820715129,43.602865967361744,44.02156066894531,33442000
2020-11-10,44.02155924471663,45.45349431115216,43.92107341401597,45.20227813720703,29706700
2020-11-11,45.160402157175305,45.47023528283982,44.65796988883356,44.86731719970703,17399900
2020-11-12,44.42349190619953,44.55747403680698,44.05504184562553,44.38999557495117,15024400
2020-11-13,44.59097869072312,44.800326008519946,44.28951804199385,44.75845718383789,12447900
2020-11-16,45.63772251161658,45.73820834565415,44.61610641667561,45.09341812133789,14908200
2020-11-17,44.93430926492161,45.0096744289502,44.40675311672147,44.95105743408203,14248400
2020-11-18,45.009680945279214,45.23577647009823,44.013188693865416,44.055057525634766,15278200
2020-11-19,43.95457644733024,44.574242891106756,43.50238534875552,44.49050521850586,17189500
2020-11-20,44.54073994932566,44.59098446207914,44.038307599338715,44.10529708862305,15645600
2020-11-23,44.33976585251706,44.52398933372404,43.711723852323864,44.113670349121094,13191900
2020-11-24,44.498868069211476,44.87569390306702,44.39838224497892,44.565860748291016,13827600
2020-11-25,44.44026258883659,44.616113625411785,44.20579454006966,44.323028564453125,10194800
2020-11-27,44.473742511909784,44.54073198922209,44.055047896952075,44.13041305541992,8499300
2020-11-30,43.96163139909377,44.04602564073143,43.10923796859115,43.548091888427734,43203600
2020-12-01,44.00383165609977,44.164185233847384,43.70844856988182,43.919437408447266,18968800
2020-12-02,43.8012819674998,43.99539130286978,43.58185178356224,43.978511810302734,14913100
2020-12-03,43.80128971300779,44.67900094566416,43.80128971300779,44.543968200683594,17318900
2020-12-04,44.543955327376416,45.46386664277329,44.527075836702736,45.44698715209961,18122400
2020-12-07,45.371030264296635,45.3879097546766,44.476439810193625,44.721187591552734,16210900
2020-12-08,44.67898772386572,45.13472431059751,44.552396373840416,44.88153839111328,12485800
2020-12-09,45.04189633134723,45.23600567639121,44.729633751879454,45.008140563964844,11508400
2020-12-10,45.06721014241582,45.160042512511204,44.71274727507154,44.77182388305664,12097300
2020-12-11,44.56084198450902,45.18537036213984,44.5439624911207,45.02501678466797,10638100
2020-12-14,45.27820054014442,45.43855087896653,44.881540541638294,44.957496643066406,22292000
2020-12-15,45.396351924757205,45.75925292585903,45.23599837298489,45.43854904174805,16193700
2020-12-16,45.236003040534506,45.40479474534783,44.678992668254345,44.780269622802734,15679600
2020-12-17,44.982814270397846,45.3288357948073,44.85622291430685,44.957496643066406,12677300
2020-12-18,44.79714615862305,45.438550731260285,44.4089242973448,45.354156494140625,35480100
2020-12-21,44.45955982580985,44.72962523002133,43.86879054680964,44.56927490234375,14926600
2020-12-22,44.569280876743335,44.881543438577076,44.21481797405493,44.52708053588867,9689500
2020-12-23,44.687430760475046,45.05876990839672,44.67898940516219,44.79714584350586,7040300
2020-12-24,44.7465153169391,45.19381064494761,44.7465153169391,45.100975036621094,3265500
2020-12-28,45.44699465925134,45.944928448358226,45.34572091791402,45.708621978759766,9020500
2020-12-29,45.953369286483955,45.98712827302701,45.590468229731485,45.68330383300781,8320600
2020-12-30,45.61578515048571,46.10528078944473,45.598905657476706,45.94492721557617,8142700
2020-12-31,45.95336679771412,46.35846495598878,45.80145458593187,46.282508850097656,8495000
2021-01-04,45.80145485105722,46.10527927638043,43.910993548731724,44.52708053588867,25611100
2021-01-05,44.16418461599737,44.40892921853937,43.91099543771357,44.03759002685547,20323800
2021-01-06,43.860359247051825,43.90255636939248,42.358116580138706,42.63662338256836,38724500
2021-01-07,42.27371271882091,42.4171835460285,41.79265855081509,42.163997650146484,53225700
2021-01-08,42.22307083380613,43.151423336132126,42.062720530596074,43.10922622680664,29674000
2021-01-11,42.72101007386803,42.923560732498466,42.15556165172362,42.36655044555664,19304400
2021-01-12,42.2315308293724,42.51003444940543,41.99522111785722,42.29060745239258,18538700
2021-01-13,42.18088199056506,42.501585879265825,42.15556436389495,42.332794189453125,18864100
2021-01-14,42.33279116264764,42.34967065236539,41.539474462514114,41.54791259765625,34303600
2021-01-15,41.48883890220183,41.50571839310303,40.95714620683206,41.10062026977539,24366800
2021-01-19,41.13438201892082,41.387567960604635,40.712404376303155,40.940269470214844,29114500
2021-01-20,40.965579411613184,41.20188579834775,40.77147013401935,41.08373260498047,23115800
2021-01-21,41.16814090675417,41.42976822402151,40.898075452545235,41.311614990234375,19702500
2021-01-22,41.19345484370324,41.3031667027037,40.92338943481445,40.92338943481445,15400300
2021-01-25,40.864315974189296,41.218778890719605,40.71240697502959,41.16814041137695,16604200
2021-01-26,41.27786018132988,41.69139976087333,41.024674194813336,41.59856414794922,12922600
2021-01-27,41.26096624144993,41.62386720887002,40.7039559783408,40.9571418762207,21242400
2021-01-28,41.09217068197306,41.77577543906271,41.02465595132825,41.48039245605469,17498900
2021-01-29,41.379122348416125,41.45507844505146,40.60268511119593,40.636444091796875,18670300
2021-02-01,40.737721489468875,41.092181159456906,40.661765385980885,40.91495132446289,12183600
2021-02-02,41.18501657133742,41.649191326392724,41.04154572062904,41.32004928588867,13319800
2021-02-03,41.311610690940434,41.42976391243138,41.07530102852472,41.159698486328125,12274100
2021-02-04,41.3200465354991,41.41288212421751,41.058422479402104,41.36224365234375,20597400
2021-02-05,41.77578731430722,42.012093767886455,41.58167798180515,41.902381896972656,12742000
2021-02-08,42.16400419194447,42.34123402461598,41.76734740731308,42.130245208740234,17833200
2021-02-09,42.07117527076609,42.21464936242364,41.88550727256161,41.944583892822266,14592900
2021-02-10,42.54378482550242,42.687258894811904,41.8011032900644,41.86017990112305,22965400
2021-02-11,42.037410554057175,42.6956945936667,42.02896919899704,42.45094680786133,21928600
2021-02-12,42.678808992450556,42.91511538936267,42.526896817454706,42.78008270263672,13137100
2021-02-16,42.721011696924386,42.80540914932412,42.332793074186476,42.425628662109375,15093400
2021-02-17,42.19776857336337,42.6113081219334,42.10493296739249,42.3074836730957,12794300
2021-02-18,42.33279723145517,42.915125222749225,42.22308214227781,42.84761047363281,12747100
2021-02-19,42.86449740696096,42.898256397096624,42.172454206352235,42.29060745239258,15968800
2021-02-22,42.0711630183846,42.94043901372455,41.91925083354591,42.72945022583008,14370900
2021-02-23,43.04171825011824,43.47213401606854,42.55222265410239,42.653499603271484,16222300
2021-02-24,42.52691252363281,42.957331584895876,42.307485533951095,42.79697799682617,14442000
2021-02-25,42.59442528159687,42.83073173682253,42.18088576551797,42.34123611450195,14211100
2021-02-26,42.36656028775501,42.374998424917855,41.32849556727521,41.345375061035156,23638400
2021-03-01,41.7251395605186,42.56909467215926,41.691383802822244,42.11336135864258,13901200
2021-03-02,42.06272335367529,42.670372070930995,41.944570151860745,42.28215026855469,11755100
2021-03-03,41.9614545596419,42.670377073067584,41.95301320456085,42.18088150024414,15410700
2021-03-04,42.459398699578365,43.117682902546655,41.877067394397685,42.147132873535156,22036400
2021-03-05,42.23996968799851,42.999530881840194,42.11337830198126,42.864498138427734,21310800
2021-03-08,43.43838110098138,44.29921590876631,43.17675379428867,43.581851959228516,25084900
2021-03-09,43.64937082663739,43.78440355105853,42.88980973962212,42.92356872558594,23082700
2021-03-10,43.193632274374984,43.573412801176374,42.80541361117088,43.41305923461914,21331600
2021-03-11,43.38774406263766,43.404623555832785,42.881372144520455,42.94044876098633,17417700
2021-03-12,43.0510678276961,43.1276561388619,42.7191862280544,42.855342864990234,17598600
2021-03-15,42.974476923734755,43.50208345425005,42.948948570296466,43.42549514770508,13411900
2021-03-16,43.57017254745496,43.8424858621203,43.43401589012229,43.58719253540039,14214200
2021-03-17,43.61272590113101,43.92758759869201,43.52762919786516,43.604217529296875,17502700
2021-03-18,43.451031535202404,43.56165657644473,42.96597328904618,43.03404998779297,18007300
2021-03-19,42.94045155044119,43.46806150652101,42.693666562555265,43.23829650878906,67845700
2021-03-22,42.82130070465706,43.46804713170551,42.82130070465706,43.399967193603516,17911400
2021-03-23,43.39146728164159,43.95311389552992,43.2553106251302,43.73185729980469,16936700
2021-03-24,43.54463861671674,44.157345165104694,43.52762187591094,43.84248352050781,14997400
2021-03-25,43.99566154480828,44.30201482866172,43.5446399896993,44.267974853515625,17091900
2021-03-26,44.370091671995596,45.1955432176105,44.04671839955408,45.1359748840332,17126700
2021-03-29,44.872159975937954,45.901844651844414,44.85513999209281,45.82525634765625,17514100
2021-03-30,45.74016267476373,45.77420264468671,45.042359522493655,45.229576110839844,14871800
2021-03-31,45.12745777716651,45.24659442982764,44.67643952174073,44.85514450073242,15826500
2021-04-01,45.06790491716809,45.22959321232211,44.64241487094204,44.68496322631836,15834700
2021-04-05,44.548793387947434,45.28914818707105,44.49773667506337,44.94024658203125,16368700
2021-04-06,45.13597723942202,45.65507552731065,45.01684056605038,45.26362228393555,15614300
2021-04-07,45.3402099609375,45.527426585691224,45.20405330099775,45.3402099609375,10062700
2021-04-08,45.24659268117128,45.4253008994867,45.07639932465022,45.204044342041016,9695600
2021-04-09,45.24660007738043,45.34020838650675,44.94025003782706,45.25511169433594,10828200
2021-04-12,45.3827520908538,45.56996543033621,45.18702388966511,45.3997688293457,8565300
2021-04-13,45.13597567064165,45.34872065033408,44.94025067887231,45.178524017333984,11071700
2021-04-14,45.08491729980946,45.26362230996971,44.80409560473348,45.17001724243164,9787600
2021-04-15,45.21255486620094,45.663573093308784,45.20404325084223,45.38275146484375,13078100
2021-04-16,45.73166299192683,45.7827197102791,45.42530969688996,45.68060302734375,17974100
2021-04-19,45.952911376953125,46.25926463886302,45.35722483948727,45.952911376953125,19352900
2021-04-20,45.81675827507674,46.454993204662934,45.79122991668712,46.09757995605469,14419200
2021-04-21,46.15714613201041,46.5826360352522,46.15714613201041,46.472007751464844,13866500
2021-04-22,46.35287077381588,46.69326074629081,46.22522250524383,46.32733917236328,12558900
2021-04-23,46.29330261460818,46.45498760865023,46.097574403096324,46.35287094116211,9020500
2021-04-26,46.35287287171882,46.38690959814558,45.5955013343633,45.663578033447266,11684600
2021-04-27,45.57848858640788,45.69762526339791,45.37425196425998,45.59550857543945,9852400
2021-04-28,45.935897009261566,45.99546534567122,45.47636706018918,45.6040153503418,10868100
2021-04-29,45.56146055256301,46.259263748491094,45.467852252533326,46.174163818359375,15391000
2021-04-30,46.16565130444203,46.18267128894059,45.68910147717269,45.93588638305664,14912600
2021-05-03,46.18267274254997,46.6336909841523,46.089064447976604,46.36137771606445,10417900
2021-05-04,46.43797362449201,46.48052197092498,45.9018553699905,46.072052001953125,14151000
2021-05-05,46.072048035200204,46.15714796696988,45.70612644416677,45.952911376953125,9665900
2021-05-06,46.0550242474938,46.47200576317165,45.99545592328699,46.412437438964844,11572700
2021-05-07,46.327341155973855,46.6081660603644,46.089067840416156,46.38690948486328,10637500
2021-05-10,46.70178563288495,47.22939235019463,46.659237280013905,46.72731399536133,15545800
2021-05-11,46.82942616320008,46.92303447820341,45.99546619189091,46.2252311706543,12986700
2021-05-12,46.25926320139441,46.429459813414574,45.850793280284236,45.9869499206543,15836500
2021-05-13,45.92738284003493,46.61667443039269,45.80824618225608,46.38690948486328,15475800
2021-05-14,46.718795461036514,46.888988835500335,46.54008722388065,46.574127197265625,11725300
2021-05-17,46.66773997196098,46.82091662063793,46.37840666293016,46.49754333496094,12119800
2021-05-18,46.28478542687663,46.429453664113964,46.03800053444408,46.24223709106445,13232500
2021-05-19,46.05503160999508,46.10609157300504,45.621033286217994,46.09757995605469,15126100
2021-05-20,46.05503613724421,46.633702789984234,46.05503613724421,46.50605773925781,10948400
2021-05-21,46.63369497324553,46.90600826462734,46.14012834995245,46.48051834106445,16033200
2021-05-24,46.489032486076205,46.74432580485386,46.36989582039534,46.633697509765625,10326100
2021-05-25,46.65072291053142,46.65072291053142,46.25076127542213,46.62519454956055,11916500
2021-05-26,46.78687365209887,46.846441984305024,46.45499201659867,46.82942199707031,16064300
2021-05-27,46.98260200891268,47.288955308669756,46.616680372672946,47.22087860107422,59109600
2021-05-28,47.101742605960865,47.408095931240474,46.97409755124846,47.05068588256836,17011600
2021-06-01,47.09323144487092,47.35703640295492,46.88899482470413,47.042171478271484,13304000
2021-06-02,47.22938537597656,47.2804453396207,47.02514876763081,47.22938537597656,11328500
2021-06-03,46.95707976885035,47.433629769047165,46.88899980615168,47.34852981567383,17364300
2021-06-04,47.569782276950015,48.06334897831071,47.467662341856624,47.85911560058594,18935100
2021-06-07,47.91868405253792,47.94421241325592,47.493194060672394,47.68891906738281,14010800
2021-06-08,47.86760785036571,47.86760785036571,47.271921414537395,47.35702133178711,10968300
2021-06-09,47.44212915803209,47.58679418202729,47.212364196777344,47.212364196777344,9838800
2021-06-10,47.57828903198242,47.75699404297795,47.450640740567955,47.57828903198242,12444400
2021-06-11,47.64635445004533,47.83356777511078,47.365529593102295,47.791019439697266,11825800
2021-06-14,47.74816241627487,47.76531064987604,47.328042140465165,47.62812805175781,9710800
2021-06-15,47.8253327800089,47.833908533042276,47.319471283858334,47.50809860229492,11154200
2021-06-16,47.53381518063229,47.55096341451425,46.84790217880976,46.87362289428711,15211700
2021-06-17,46.873625037369486,47.28517612797048,46.856480073394835,47.11369705200195,10658400
2021-06-18,46.736438954602185,46.830752602904646,46.0591017244766,46.10197067260742,31445600
2021-06-21,46.487795689876734,46.66784722647276,46.299168401619404,46.60783004760742,14404300
2021-06-22,46.590684833311684,47.02795334632879,46.52209189834131,46.77931213378906,13072800
2021-06-23,46.77931609530499,46.813609295003154,46.393488980150664,46.402061462402344,12339200
2021-06-24,46.52208686465116,46.6592694490576,46.299166391499746,46.633548736572266,11488400
2021-06-25,46.50495006499154,46.702149860265834,46.30774699902586,46.57353973388672,18880300
2021-06-28,46.51351461652695,46.6164007376733,46.2991666229024,46.52208709716797,10556900
2021-06-29,46.4106267711964,46.59067829418619,46.059096205539355,46.17913055419922,12300900
2021-06-30,46.12769330040912,46.45350320695969,46.08482435050039,46.39348602294922,14614200
2021-07-01,46.59068339430262,46.71071775610222,46.179135609264975,46.26487350463867,13214700
2021-07-02,46.299171820638534,46.68499890661543,46.299171820638534,46.4535026550293,10604600
2021-07-06,46.290598897997526,46.37633679597943,45.91334429721836,46.196285247802734,15278200
2021-07-07,46.05910576975302,46.62498443857665,46.05910576975302,46.57353973388672,14377700
2021-07-08,46.307739878901025,46.44492246629003,46.076246920118415,46.41062927246094,11943900
2021-07-09,46.513513841971786,46.74501006371426,46.4534966664116,46.693565368652344,10847000
2021-07-12,46.57352985348236,46.813598549722876,46.530660910680936,46.71071243286133,15107600
2021-07-13,47.11369649880146,47.413782425204325,46.942217424846405,47.17371368408203,15170800
2021-07-14,47.17370935304162,48.314039039369604,47.12226465437088,48.236873626708984,22002700
2021-07-15,48.21972904511043,48.41692881886828,47.93678810622457,48.391204833984375,15068200
2021-07-16,48.40834831420432,48.59697558827517,48.23686927147542,48.35690689086914,14860500
2021-07-19,48.08254460472081,48.31403756494708,47.29374226929667,47.78245544433594,19527000
2021-07-20,47.78246103760143,48.29689825675495,47.60240948270877,47.868202209472656,16257900
2021-07-21,49.15428742722642,49.35148720476229,48.38263327974599,48.48551940917969,20918200
2021-07-22,48.545538000197475,48.64842740330987,48.05682478283273,48.41693115234375,13402700
2021-07-23,48.519825429598235,49.15429710586623,48.39979104317525,48.87992858886719,12144000
2021-07-26,48.77703598446449,48.97423577473401,48.49409829257911,48.922794342041016,8681100
2021-07-27,48.965661949931466,49.334340804012726,48.80275536236134,49.094268798828125,12794400
2021-07-28,48.862774067085525,49.00852914475438,48.55411240767961,48.6484260559082,9858000
2021-07-29,48.93135568905525,49.08568649339716,48.751304174219875,48.914207458496094,9599100
2021-07-30,48.99996124826882,49.08569915248569,48.785613217035255,48.897071838378906,11727000
2021-08-02,49.042828342696666,49.07712481136086,48.62270477828842,48.768463134765625,9778000
2021-08-03,48.871346381760866,48.871346381760866,48.65699837131455,48.80275344848633,8825500
2021-08-04,48.65699944608691,48.828478512369934,48.02252788204704,48.099693298339844,11888400
2021-08-05,48.39120514190445,48.5198152550693,48.26259829943064,48.442649841308594,9806800
2021-08-06,48.528386639974116,48.64842426920533,48.39120404868656,48.56268310546875,10409300
2021-08-09,48.69986920846129,48.76846214439672,48.38263505648789,48.57126235961914,8859900
2021-08-10,48.73415608035515,49.01709370864855,48.579825275580355,48.699859619140625,10906900
2021-08-11,48.77702556275023,49.0256700032786,48.622694756263016,48.63984298706055,8370700
2021-08-12,48.63984773370813,48.854195733559145,48.63984773370813,48.734161376953125,6169200
2021-08-13,48.708443206547805,49.12856347660238,48.674146739815285,49.068546295166016,7714200
2021-08-16,49.0428292057273,49.291473701881344,48.89707084668512,49.28289794921875,7972000
2021-08-17,49.26573904122044,49.35148019581405,48.87991202227578,49.11140823364258,10346400
2021-08-18,49.0342491663466,49.06854563261603,48.37405690876973,48.442649841308594,13873700
2021-08-19,48.06539551221408,48.8541945628316,47.971081871229195,48.75130844116211,9223700
2021-08-20,48.73416216225094,48.897065467313986,48.51124167791777,48.56268310546875,10543600
2021-08-23,48.58840460774223,48.656997539844625,48.339763405598596,48.391204833984375,8912800
2021-08-24,48.56268367784202,48.56268367784202,47.928215412168164,48.022525787353516,12067200
2021-08-25,48.06539449947648,48.15970486778341,47.782453582483384,48.07396697998047,11270700
2021-08-26,47.97107935970711,47.99680007110517,47.593824815518694,47.61954879760742,10331500
2021-08-27,47.722435853207266,47.83389772261052,47.54238432849558,47.713863372802734,8844100
2021-08-30,47.7481618285435,48.185433603263135,47.705292880413815,48.16828536987305,10034700
2021-08-31,48.15112548123618,48.45978706616242,48.01394291801233,48.27973556518555,14185700
2021-09-01,48.339751857574015,48.699854853012475,48.25401071292897,48.60554122924805,9518900
2021-09-02,48.67414093017578,48.897061395947695,48.365479307806446,48.67414093017578,11653200
2021-09-03,48.40834677732972,48.674139448655616,48.22829525999149,48.63984298706055,13220400
2021-09-07,48.528381369667365,48.60554677330444,47.593824045925274,47.73100662231445,20035300
2021-09-08,47.67956854432775,48.425498651341094,47.67956854432775,48.374053955078125,12040100
2021-09-09,48.16828609542955,48.37405835782802,47.84247619749231,47.8939208984375,12545400
2021-09-10,48.022527921236815,48.12541732350529,47.602407642726256,47.67957305908203,10573700
2021-09-13,47.79102933367814,48.35690789697357,47.79102933367814,48.07396697998047,20274300
2021-09-14,48.30721239657511,48.35904535756517,47.98758404224178,48.108524322509766,13918900
2021-09-15,48.0998898654195,48.37632574892616,47.87528365046053,48.27266311645508,15746000
2021-09-16,48.13443952210757,48.36768288930868,47.3569616314372,47.8148078918457,17430400
2021-09-17,47.529736206631256,47.67659131492562,46.96822401466666,47.02869415283203,33370200
2021-09-20,46.74361667529792,46.99413767840252,46.41534788831173,46.70042419433594,27542500
2021-09-21,46.98550122894755,47.35696252870865,46.596762276246935,46.69178771972656,16418200
2021-09-22,47.08916411162796,47.1323598919033,46.700428452152856,46.76089859008789,12719700
2021-09-23,46.87319500934086,47.18418615077984,46.64859212684334,46.68314743041992,13836200
2021-09-24,46.64859523718512,46.85592377709332,46.5276549619784,46.55356979370117,9682200
2021-09-27,46.519016537849076,46.86456302113204,46.27713597677629,46.31169128417969,12429500
2021-09-28,46.182118515507334,46.182118515507334,45.29234061593883,45.473751068115234,19926100
2021-09-29,45.47374721262535,45.922956362339825,45.404639887102384,45.75018310546875,13941500
2021-09-30,45.93158658781663,46.06980780868621,45.292329918171276,45.32688522338867,17672000
2021-10-01,45.59468484200021,45.95750898978534,45.41327441579544,45.8020133972168,16277400
2021-10-04,45.836574122603274,46.242587510847606,45.266424647597034,45.77610397338867,18973400
2021-10-05,45.80201453972112,46.19075353083934,45.72426674149748,45.85384750366211,17173100
2021-10-06,45.58604892015652,46.449911882534984,45.36144270452774,46.39807891845703,21284500
2021-10-07,46.639962586498676,46.8904803400164,46.484466990314885,46.54493713378906,13774400
2021-10-08,46.64859948377531,46.98550550834247,46.56221450658524,46.752262115478516,13786800
2021-10-11,46.83000475705712,46.985500335179495,46.65723152632389,46.84728240966797,12378500
2021-10-12,47.01141516640813,47.36560210186765,46.83864523105019,46.84728240966797,19474400
2021-10-13,46.795449267387355,47.020055455067826,46.467183755200914,46.85592269897461,12143300
2021-10-14,46.98550148018855,47.348325603107675,46.91639416343633,47.17555236816406,13704000
2021-10-15,47.20146177897239,47.40879029616827,46.899111124077336,47.0632438659668,17867000
2021-10-18,46.95095111149864,46.985506421196284,46.52766010151754,46.59676742553711,15861800
2021-10-19,46.68314229790877,46.821360201643806,46.449898967473146,46.778167724609375,11068500
2021-10-20,46.80408640135,47.30512510783393,46.743616269453234,47.19282531738281,12474800
2021-10-21,47.16691253061207,47.227382669352245,46.83000653038098,46.95094680786133,14388300
2021-10-22,46.98550529353348,47.106445579196915,46.709069413338305,47.03733825683594,12828600
2021-10-25,46.97686315656171,47.0546109456229,46.66587200031696,46.84728240966797,11855000
2021-10-26,46.92503045844376,47.14963664825266,46.84728266895226,47.05461120605469,12086700
2021-10-27,48.35039735978777,48.445422785986075,47.74569279837786,47.9616584777832,24019800
2021-10-28,48.16036378828567,48.47135500547914,48.048060671993376,48.410884857177734,15928000
2021-10-29,48.26402189591155,48.78234164101181,48.18627409891529,48.695953369140625,24463700
2021-11-01,48.71322899541445,48.72186946992964,48.28993801468337,48.52317810058594,11651100
2021-11-02,48.782346845889144,48.80826168252769,48.35041532657473,48.46271514892578,11498900
2021-11-03,48.37632147169649,48.66139780500632,48.186270582823276,48.6268424987793,10788300
2021-11-04,48.47134709251599,48.92055618897571,48.40223647981047,48.89463806152344,10820200
2021-11-05,49.10196304321289,49.378398883236066,48.88599733723384,49.10196304321289,12886700
2021-11-08,49.02421684260911,49.14515711460837,48.48862279716585,48.66139602661133,12828000
2021-11-09,48.73050715200108,48.825532600396066,48.4540712814205,48.799617767333984,10155800
2021-11-10,48.84280307873985,49.17106856721915,48.62683738061529,48.99829864501953,8813600
2021-11-11,49.09333083216401,49.13652331865497,48.868724629810224,49.01558303833008,7257700
2021-11-12,49.02421862723191,49.2315471691889,48.85144539149699,48.90327835083008,10162500
2021-11-15,48.834159417979706,48.96374014654667,48.6095565565551,48.91190719604492,10289200
2021-11-16,48.91191509071786,49.1883509472626,48.54045379060299,48.56637191772461,13756500
2021-11-17,48.41088328231668,48.41952046234622,48.073977239775665,48.298580169677734,13288700
2021-11-18,48.229473808326496,48.315858791853636,47.633406217711205,47.86664962768555,15380100
2021-11-19,47.892547375286235,47.93574314701315,47.42606401715782,47.624752044677734,15813700
2021-11-22,47.598840669899275,48.39359618801352,47.58156631320945,47.91847229003906,16905600
2021-11-23,48.08261221077837,48.47135120176452,47.94439426902504,48.27266311645508,13835900
2021-11-24,48.12580314330631,48.23810624715391,47.53837608600809,47.8839225769043,12598900
2021-11-26,47.15827834302089,47.296496282533816,46.28577821772846,46.41535568237305,14754300
2021-11-29,46.691789547259624,47.279216588693686,46.58812692094052,47.14963912963867,22712500
2021-11-30,46.66212459038246,46.688243710137016,45.652272744380966,45.660980224609375,30485200
2021-12-01,46.12237797992977,46.59248229383421,45.51298386793485,45.5303955078125,18719600
2021-12-02,45.79156034846147,46.43577769637921,45.71320963480838,46.20072555541992,17074200
2021-12-03,46.427076562037925,46.670832877758194,46.12237784645686,46.609893798828125,21064400
2021-12-06,47.2802268045545,48.09855394767675,47.13222952706229,47.80256271362305,26624100
2021-12-07,47.898318942666705,48.24654173050951,47.750321684112535,48.063724517822266,23832700
2021-12-08,47.98537929696825,48.18560817008521,47.32375359975268,47.88091278076172,18026300
2021-12-09,47.663270849065654,47.994085348289595,47.523981057960405,47.759033203125,13846400
2021-12-10,48.09855751503511,49.03005872521742,47.94185606650622,48.995235443115234,23153600
2021-12-13,49.60462733794422,50.43166198510043,49.58721569768579,50.28366470336914,31362800
2021-12-14,49.97026243648374,50.64059228502726,49.97026243648374,50.318485260009766,24806600
2021-12-15,50.43164872142177,50.71022825042784,50.18789246377395,50.544822692871094,24923800
2021-12-16,50.47517822492711,51.2586852580438,50.405535000277894,51.05845642089844,24696900
2021-12-17,50.91917060718697,51.293509195507234,50.231425860337694,50.25754165649414,51874400
2021-12-20,49.79614897356721,50.30107322604415,49.62203590270493,50.092140197753906,20879500
2021-12-21,50.153061027217085,50.466463776557674,50.08341449583944,50.29235076904297,15864900
2021-12-22,50.24012683338361,50.65799615004433,50.048605472162116,50.6492919921875,12447400
2021-12-23,50.94529194568786,51.02364266361132,50.44036435886324,50.68412399291992,11027300
2021-12-27,50.49258986132194,51.093276372758005,50.49258986132194,51.05845642089844,9860000
2021-12-28,50.84081296480513,51.31091383616681,50.75375478793824,51.25868225097656,8979900
2021-12-29,51.31962585449219,51.45020814995013,51.06716210063792,51.31962585449219,9996000
2021-12-30,51.41538280025681,51.563376717094386,51.15421159489431,51.17162322998047,7703900
2021-12-31,51.1455132272262,51.66784905521728,51.10198579504865,51.54597091674805,10021300
2022-01-03,51.20645166248139,51.63302846277255,50.823405614759054,51.62432098388672,20187300
2022-01-04,51.998663477375125,52.703819833456926,51.876785338999795,52.48617935180664,26141600
2022-01-05,52.312072739596346,53.27839712838413,52.27724946122385,52.92146682739258,22507300
2022-01-06,52.642887115478516,53.20875044348088,52.616767996296744,52.642887115478516,17902300
2022-01-07,52.47748059223198,52.860530028977514,52.28595919478997,52.52101135253906,12307900
2022-01-10,52.71252543363306,52.947577558757594,52.390418441838825,52.60805892944336,20954300
2022-01-11,52.60806138412851,52.66029629912578,52.094429676578606,52.62547302246094,19369600
2022-01-12,52.695115610074716,52.834405394099285,52.399124403906214,52.70382308959961,15753800
2022-01-13,52.70382052909246,53.13910149813829,52.57323491000661,53.0172233581543,14318000
2022-01-14,53.05205209340633,53.496040615046844,52.547127812617454,53.44380569458008,19729600
2022-01-18,53.15651313541175,53.26968379629389,52.625469821827,53.0172233581543,21976700
2022-01-19,52.808287370764866,53.26097997998987,52.72123250476901,53.104278564453125,18654700
2022-01-20,53.10427912959346,53.487325193353975,52.86052284546679,52.88663864135742,23002400
2022-01-21,53.17392800667569,53.36544938647145,52.5819455870951,52.62547302246094,26643200
2022-01-24,52.146670530111926,52.53842081394795,50.98882135612667,52.19890213012695,30185100
2022-01-25,51.67655344283265,52.277239941181335,51.09327525956943,52.07701110839844,19027100
2022-01-26,52.05091461929777,52.53842732481788,51.54598695037339,51.88550567626953,19190200
2022-01-27,52.129252600749034,53.04334202097232,51.79843811653084,51.92902374267578,18893800
2022-01-28,51.70268067539206,53.00852377709456,51.31092708069516,52.964996337890625,19101500
2022-01-31,52.4948817389045,53.2261538654166,52.36429944687775,53.112979888916016,22045300
2022-02-01,53.025921051336525,53.22614987417382,52.3729996773728,52.72122573852539,20841700
2022-02-02,52.77346660624286,53.33933322492297,52.721235012532986,53.260982513427734,20225600
2022-02-03,53.05204810736794,53.783320334304904,52.74735272986526,53.63532638549805,19440500
2022-02-04,53.53086196769067,53.69626756181624,52.72994315402899,53.069461822509766,17403700
2022-02-07,53.435092250371206,53.73108343972477,52.98239964777575,53.62661361694336,17846400
2022-02-08,53.82684813086751,54.26212911531535,53.74849742082968,53.9748420715332,18771700
2022-02-09,54.122835561379226,54.253421183998,53.017224792509666,53.139102935791016,23595600
2022-02-10,52.54712309804223,54.23601219043609,52.40783331022552,53.435096740722656,23561500
2022-02-11,53.774610604664716,53.957427812227714,52.36430121343131,52.48617935180664,22781400
2022-02-14,52.37301002665459,52.92146501902311,51.60691453329085,52.82570266723633,23641300
2022-02-15,53.06945593083825,53.78331646760554,52.78217221283693,53.02592849731445,13408700
2022-02-16,52.982400083607374,53.452504327200124,52.72123216636592,53.0172233581543,15484700
2022-02-17,52.71252927477075,54.218601160229284,52.59065112417985,54.07931137084961,21468700
2022-02-18,54.079308535529265,54.68870257746442,53.96613787073144,54.4449462890625,21975000
2022-02-22,54.34919068130252,54.53200792027596,53.731092404241394,54.218605041503906,21731400
2022-02-23,54.18378276081905,54.26213347715507,53.40027559745887,53.617916107177734,19248500
2022-02-24,52.207599132288045,52.77346238477303,51.55467769569987,52.67770004272461,27207400
2022-02-25,53.052051258526205,54.758355436683,53.034639618644626,54.71482467651367,21487800
2022-02-28,53.67014517567439,54.27083172149616,53.46120884790623,54.18377685546875,25879100
2022-03-01,54.09671677059594,54.62776006915085,53.54826183526036,53.94872283935547,15871100
2022-03-02,54.17507287935998,54.740939507918846,53.78331931504465,54.349185943603516,17319100
2022-03-03,54.50589228933139,54.86282260883042,54.22731268976781,54.38401412963867,21262800
2022-03-04,53.50473739719889,54.488473344297766,53.27839274824719,54.47106170654297,17163000
2022-03-07,53.98355463844619,54.03578956025093,52.86053204755676,53.17393493652344,29151400
2022-03-08,53.49603808073474,53.57438879725772,51.00623011226088,51.067169189453125,30242100
2022-03-09,52.07701866094375,52.09443029948437,51.06716687210132,51.32833480834961,23022700
2022-03-10,50.91045835837032,51.0671597624893,50.05730811423924,50.38812255859375,20887300
2022-03-11,50.45777402254912,51.2325736911557,50.37071914867916,50.422950744628906,19855600
2022-03-14,50.852791362838644,51.79142289800177,50.852791362838644,51.35280990600586,17799400
2022-03-15,51.82651336625939,52.53706428020724,51.738788758990054,52.30021286010742,18607200
2022-03-16,52.4405745994564,52.58093064002932,51.41422168020788,52.15986251831055,17347300
2022-03-17,52.15985585211937,52.75636978490596,51.95809427872854,52.71250915527344,15586200
2022-03-18,52.89672117912009,52.89672117912009,52.37915776349904,52.721275329589844,30197800
2022-03-21,53.07216956146222,53.59850378882045,52.85286307567105,53.14234924316406,17440100
2022-03-22,53.449386551926324,53.466931475492245,52.68620078174471,53.33534622192383,17559500
2022-03-23,53.29148288963058,53.49324448090153,52.63356334778329,52.98445510864258,15529200
2022-03-24,53.19497579976072,53.52832256469693,53.037074876704146,53.49323272705078,13151300
2022-03-25,53.61605310487719,54.04589532466246,53.554647551529534,53.97571563720703,12259800
2022-03-28,53.97571912887715,54.33538168447344,53.69500705359965,54.31783676147461,11485200
2022-03-29,54.57223053580426,54.85294259776108,54.15993657712803,54.52836990356445,14720600
2022-03-30,54.39677781011365,54.57222366333008,54.00202882331583,54.57222366333008,13641000
2022-03-31,54.58099889473224,54.949432182183955,54.38800811767578,54.38800811767578,16822900
2022-04-01,54.677492265943684,55.22137139007573,54.466956576345105,55.15119171142578,12644900
2022-04-04,54.91434100802649,55.0810160737464,54.142384611249604,54.86170959472656,11505800
2022-04-05,54.73891029728419,55.475780359429045,54.71259123861157,54.800315856933594,15721200
2022-04-06,55.06346825285254,55.4933070551287,54.651171023184645,55.35295104980469,19267400
2022-04-07,55.379280485324095,55.85298000064431,55.010843810795315,55.65121841430664,13960800
2022-04-08,55.68630462408468,56.177552375941396,55.40559257912413,55.99333572387695,12703500
2022-04-11,56.063509371413616,56.40563029699522,55.82665796740391,55.97578811645508,12720100
2022-04-12,56.475808004656194,56.853015455931164,56.04596913454859,56.63370895385742,18089900
2022-04-13,56.52845198620739,56.905659476652254,56.344235308460455,56.7828483581543,11883000
2022-04-14,56.98459240474294,57.51970072736354,56.861781316866306,57.03722381591797,16388400
2022-04-18,56.817921859976856,57.177587712121515,56.3003617617623,56.5284423828125,11679400
2022-04-19,56.58107808726963,57.2389975999123,56.5284466679233,57.08109664916992,11993800
2022-04-20,57.405677046404804,58.10745389758858,57.37058719994003,57.86183166503906,14827100
2022-04-21,57.87938415951723,58.77415188521869,57.65130348719945,58.08114242553711,15120400
2022-04-22,57.96709762366981,58.195171572546336,57.177592858741725,57.23899841308594,14902200
2022-04-25,58.77413759150876,58.94958010126799,56.82669494674872,57.84428024291992,25082000
2022-04-26,57.47583960421898,58.22148699389175,57.054774908549994,57.06354904174805,21982600
2022-04-27,57.01969986314569,58.142548266541084,57.01969986314569,57.51094436645508,16971000
2022-04-28,56.72143256953962,58.14253431093004,56.58107320645263,58.0635871887207,22010600
2022-04-29,57.78287693694931,57.92322961166119,56.57230081745641,56.67757034301758,20137100
2022-05-02,57.26531445135976,57.29163016155762,54.89680683570343,55.65121841430664,24970300
2022-05-03,55.8968389626523,56.089826397368725,54.97574903217486,55.33541488647461,21686300
2022-05-04,55.26523385860361,57.12495524861532,55.2125990978613,57.04600143432617,19780200
2022-05-05,56.7477485024462,57.046002111137064,56.15123459236166,56.589847564697266,20155200
2022-05-06,56.31790786337417,57.29162928196654,56.20387089003307,56.79161071777344,18984000
2022-05-09,56.554759242881055,57.33548981919311,56.1775518088323,56.67757034301758,20055300
2022-05-10,56.58107250499081,57.300397500136846,56.01087431174881,56.1512336730957,21322200
2022-05-11,56.43195027599837,57.19513261388206,56.107374246108996,56.41440200805664,19648400
2022-05-12,56.2828198226029,56.60738913880145,55.44945115954355,56.589847564697266,22574700
2022-05-13,56.85301582305118,57.72147439561752,56.2477344244574,57.65129470825195,16167000
2022-05-16,57.405677046404804,58.23026501386334,57.405677046404804,57.86183166503906,13223200
2022-05-17,57.984622809966815,57.984622809966815,57.028449920771095,57.70391082763672,21300600
2022-05-18,57.38812100111179,57.47584225903613,53.475694001900045,53.68622970581055,31437300
2022-05-19,53.4756963404303,53.4756963404303,52.33530320578623,52.63356018066406,31493900
2022-05-20,53.06339392811431,53.72131332539965,52.33529485553668,53.49323272705078,29133800
2022-05-23,54.080982906379965,55.35295789796648,54.02834814298991,55.142425537109375,19406900
2022-05-24,55.159966191174135,56.309133338656345,55.04592588582673,56.15999984741211,16154200
2022-05-25,56.14245569336574,56.554752923196254,55.79156400674175,56.203861236572266,15360500
2022-05-26,56.20386710304603,57.10740877283907,56.10737171183483,56.40563201904297,16159800
2022-05-27,56.370546016810174,56.87056458136824,56.26527648485458,56.73897933959961,17709000
2022-05-31,56.21264207308389,56.42317443308522,55.30909704349431,55.59858322143555,43159000
2022-06-01,55.63366883051871,55.861749454295136,54.50204988425623,55.32664108276367,15408300
2022-06-02,55.423135529882806,55.9143832642752,54.484504035474316,55.905609130859375,14586000
2022-06-03,55.76525637896404,55.817891143487024,55.09856609343094,55.238922119140625,13539900
2022-06-06,55.554718170960456,55.940696364481376,54.96697507449656,55.15119171142578,15112800
2022-06-07,54.721360948625836,55.5898128484991,54.581004917012386,55.48454666137695,17886300
2022-06-08,55.256463921433934,55.449451354420894,54.879256496191495,55.168739318847656,10211500
2022-06-09,55.15119405152165,55.5722621022337,54.19501764062823,54.212562561035156,13382200
2022-06-10,53.519557324104,54.29151714882085,53.03708368853784,53.87044906616211,14967600
2022-06-13,53.291480401666355,54.642409267647814,53.22130071423017,53.809043884277344,23064200
2022-06-14,53.658838202153774,53.800208299130055,51.82986109791666,52.333492279052734,24620000
2022-06-15,53.01382957259279,53.57930988208255,52.103759910165735,52.722251892089844,19684700
2022-06-16,51.81218684959869,52.589724029742,51.467597465935405,52.19211959838867,15053800
2022-06-17,52.74876314729276,53.12869587695968,52.24513201643729,52.51020050048828,34781900
2022-06-21,52.56322776666128,53.79138127905321,52.13911404893726,53.63233947753906,17705000
2022-06-22,53.54397108715478,54.295002425809706,53.29657427328336,54.02993392944336,15207100
2022-06-23,54.16246949274898,54.701444041850614,54.10062028585493,54.6749382019043,17190900
2022-06-24,54.87815257868925,55.71753893042233,54.87815257868925,55.699867248535156,18147100
2022-06-27,55.64685210039679,55.92075811335058,55.337606094262426,55.58500289916992,12142100
2022-06-28,55.735220001314175,56.33604043404732,54.87816182331621,55.02836608886719,13150100
2022-06-29,55.258084620739275,55.76171575136455,55.16089205684166,55.425960540771484,11795500
2022-06-30,55.06370008130864,55.761716347187566,54.92232999700026,55.58500289916992,15514200
2022-07-01,55.770553417467866,56.94569167272089,55.50548491685303,56.88384246826172,15143200
2022-07-05,56.707127443260205,56.707127443260205,55.15205319949174,55.91191864013672,15921200
2022-07-06,56.194662731928766,56.6276071557419,55.832401667491155,56.02678680419922,13450500
2022-07-07,55.894248905304295,56.17699244444973,55.3994552954893,55.58500289916992,14828400
2022-07-08,55.691026891729166,56.035616244692996,55.55849434010458,55.7882194519043,11311500
2022-07-11,55.655688304623,56.07096102149269,55.3022614169825,55.611507415771484,12702100
2022-07-12,55.66452539613322,56.0621298230685,55.19623761025877,55.372947692871094,14731100
2022-07-13,55.072544581966646,55.66453083168777,54.763295166139805,55.116722106933594,13145300
2022-07-14,54.18897825261855,55.00185546248327,54.16246904236368,54.940006256103516,14433000
2022-07-15,55.44362730407715,55.63801241462864,54.842803662852845,55.22273635864258,21968400
2022-07-18,55.24040977561197,55.275753136919576,54.348008440501516,54.471710205078125,10780800
2022-07-19,54.86047782180049,55.355274775321334,54.71910774515574,55.249244689941406,10998200
2022-07-20,55.13438498245304,55.29342674334795,54.029930182087625,54.339176177978516,11010500
2022-07-21,54.12712239316724,54.6749344314929,53.71184965702014,54.21548080444336,11959600
2022-07-22,54.23315356031513,54.66609798728816,54.18013851249996,54.418701171875,11644700
2022-07-25,54.3833569281616,55.0460298477668,54.17130348138404,54.94883728027344,14941700
2022-07-26,55.44363238544653,56.371373767192885,55.24924725707977,55.85007095336914,20118000
2022-07-27,55.55849423212669,55.83239686060227,54.595409528534354,55.67335510253906,12142900
2022-07-28,55.59384611486038,56.768987870739046,55.56734027302316,56.60110855102539,10837000
2022-07-29,56.29185320830554,56.80432186948052,56.22116985155683,56.69829177856445,13734200
2022-08-01,56.62760131934418,57.46699098306552,56.57458964790846,57.00753402709961,12831500
2022-08-02,57.06939406849272,57.078231595763626,56.04446335998831,56.230010986328125,15241900
2022-08-03,56.15048783334254,56.63644732727918,55.938434374783874,56.4774055480957,11317000
2022-08-04,56.230009662799056,56.30953055371996,55.59384253543185,56.25651550292969,11795600
2022-08-05,56.221169438225225,56.221169438225225,55.372945569776086,56.00027847290039,10445400
2022-08-08,56.10630734767503,56.38021336858947,55.443634426245794,55.63801956176758,9165200
2022-08-09,55.82357398093866,55.93843824508045,55.531996242085484,55.708709716796875,7910900
2022-08-10,56.22117414202737,56.36254423684199,55.75288296439918,56.23884582519531,8857300
2022-08-11,56.27418233883252,56.53925419942046,55.7352112029412,55.858909606933594,8507800
2022-08-12,56.0444573666649,56.33603169537129,55.74404551163269,56.28302001953125,9489300
2022-08-15,56.23000647975836,57.15775127816122,56.16815727593534,56.989871978759766,9863300
2022-08-16,57.05171802009215,57.63487340186166,56.839664581747456,57.45815658569336,9569600
2022-08-17,57.28144459712297,57.626033950818744,57.219595398794425,57.325618743896484,8144000
2022-08-18,57.39630910030179,57.74089847580475,57.17541812928413,57.62603759765625,6532000
2022-08-19,57.61719532060407,57.8469237990167,57.39630436779955,57.581851959228516,8921100
2022-08-22,57.29028047082825,57.360967201213285,56.53925586892462,56.72480010986328,9087900
2022-08-23,56.389046745687835,56.87500957778038,56.265348341347455,56.78664779663086,8443800
2022-08-24,56.7601465039889,57.06056175362774,56.592273936688194,56.86617660522461,6844700
2022-08-25,56.8661654394441,57.17541141433805,56.45972690943254,57.14006805419922,7913900
2022-08-26,57.19309079452746,57.25493999418831,55.646850691420326,55.761714935302734,10089500
2022-08-29,55.39061717743987,55.691029024701315,55.14322037517585,55.425960540771484,9115900
2022-08-30,55.58500886946002,55.58500886946002,54.772131640009256,54.91350173950195,8456800
2022-08-31,55.11670871469003,55.24924125738815,54.515885083646026,54.52471923828125,14633600
2022-09-01,54.40986487449282,54.816303446826964,54.15363054259703,54.78096008300781,14939700
2022-09-02,55.125551279898616,55.46130650624469,53.80904295404993,54.02993392944336,11809800
2022-09-06,54.1536271905699,54.754450856190594,53.888558719391,54.056434631347656,12181800
2022-09-07,54.18014081721762,55.21391238515077,54.18014081721762,55.05487060546875,13290700
2022-09-08,54.85164578617818,55.046027542495644,54.19780704985048,54.886985778808594,17193500
2022-09-09,54.93116950278196,55.55850247287124,54.657266833679614,55.06370544433594,11855900
2022-09-12,55.16088716356316,55.496642344371644,55.01951709330617,55.22273635864258,13026900
2022-09-13,54.957676662419566,54.97534834533587,53.261232178272486,53.42911148071289,18532800
2022-09-14,53.57932089266192,53.96809121322503,53.40260741699953,53.711856842041016,12881600
2022-09-15,53.756347840470944,53.756347840470944,52.83074105972372,52.98204040527344,11451900
2022-09-16,53.097743649551845,53.22234391307278,52.60824115924708,52.990943908691406,20493500
2022-09-19,52.857439685617116,53.489342938185565,52.715038904825605,53.39144515991211,12596200
2022-09-20,53.115541801305575,53.42704244620353,52.795139197923454,53.311344146728516,11984600
2022-09-21,53.52495454932074,54.023359078039746,52.85745012099678,52.86635208129883,14165300
2022-09-22,52.999839838820506,53.16004113970177,52.68833919549715,52.741737365722656,11657600
2022-09-23,52.47474146981973,52.59934173935517,51.62033671148871,52.15433883666992,14824000
2022-09-26,52.05644475495207,52.127643458995685,51.344437343898164,51.504638671875,18670100
2022-09-27,51.69153443763505,51.94963351910507,50.11622388783063,50.178524017333984,23829300
2022-09-28,50.42773424129323,50.952837858962646,49.760229815193284,50.7125358581543,21480100
2022-09-29,50.81042913651255,50.98843096810167,49.84032271920955,50.347625732421875,14570700
2022-09-30,50.61463507298303,50.84603851048376,49.84033088310649,49.858131408691406,16124600
2022-10-03,50.16072457475805,50.59682549066629,49.89372352898326,50.418827056884766,16277600
2022-10-04,50.68582957217513,51.45123508199581,50.24972524852058,50.53452682495117,18861400
2022-10-05,50.285332224918726,50.41883446497298,49.40422490978722,50.053932189941406,14324900
2022-10-06,49.84031925058631,49.92931846263572,48.834611857936906,48.977012634277344,17192800
2022-10-07,48.94141547570818,49.03041468864717,48.28280975661167,48.51420974731445,11479800
2022-10-10,48.59430622144501,48.91470879265795,48.078104719570206,48.407405853271484,10239100
2022-10-11,48.469710159537215,49.14611640050284,48.27391121197545,48.487510681152344,14303900
2022-10-12,49.15502513528609,49.87593113191366,48.985925237604434,49.07492446899414,18377400
2022-10-13,48.48751707673093,49.91152843784968,48.29171470824019,49.72462463378906,16220700
2022-10-14,50.098419003201315,50.258620292288754,48.89690933504555,48.93251037597656,15997900
2022-10-17,49.51102062080842,50.03612414696675,49.457619053789735,49.56441879272461,13721400
2022-10-18,50.11622765521039,50.534528071163145,49.92932385754779,50.23192596435547,11823100
2022-10-19,50.116229725879045,50.32093066025036,49.60002471260134,49.804725646972656,10182300
2022-10-20,49.63561373217428,49.769112537837024,48.91470795922827,49.02151107788086,16905100
2022-10-21,48.95032086130903,49.93822788009008,48.94142229681585,49.804725646972656,15034100
2022-10-24,50.40992334704597,51.380029715907725,50.34762321836605,51.23762893676758,17416700
2022-10-25,52.545947679942785,52.608247819590616,51.39783928625624,52.46584701538086,28829900
2022-10-26,52.51923402257343,53.204538808017254,52.38573520677149,52.85743713378906,15831400
2022-10-27,53.19564327586989,53.25794340581418,52.84854158186529,52.98204040527344,16026100
2022-10-28,53.01763853368335,54.21024629075806,52.928639322972714,54.076744079589844,12888900
2022-10-31,53.854253251325915,53.907654825318225,53.10664819094828,53.266849517822266,14016400
2022-11-01,53.42704632442131,53.658449730373476,52.83964264061583,53.0799446105957,10659500
2022-11-02,53.079935206930806,53.60503866420683,52.30563125979566,52.34123229980469,14549200
2022-11-03,51.71823482378187,52.51033940033321,51.709332864998984,52.314537048339844,9194000
2022-11-04,52.77733840927457,53.03544088237243,52.118736079075944,52.741737365722656,9725900
2022-11-07,52.74174114753734,53.19564599761535,52.72394401958763,52.94644546508789,8849700
2022-11-08,53.17784808761413,53.21344913546816,52.456942146532484,53.04434585571289,10081600
2022-11-09,53.035441789402974,53.07994139705273,52.28783683753875,52.30563735961914,10115200
2022-11-10,53.622847207153534,54.32595257456987,53.11554419398037,54.18355178833008,16804800
2022-11-11,54.61966059576682,54.69086269671677,53.587253897713694,54.57516098022461,18972100
2022-11-14,54.5751562085562,54.93115989197345,54.03225211914113,54.050052642822266,16361000
2022-11-15,54.406050989288424,54.69085255004357,53.400343568126694,53.9610481262207,13295800
2022-11-16,54.103449692555415,54.31704916867352,53.65844682302317,53.8631477355957,14199500
2022-11-17,53.569446043138456,54.058951932437935,53.51604786983493,54.032249450683594,11212600
2022-11-18,54.28145630359577,54.61965606977443,54.11235302540367,54.414955139160156,10415600
2022-11-21,54.655247028674005,55.36725087223268,54.4683466563215,55.25155258178711,15399400
2022-11-22,55.598662574900224,55.625361662065174,55.22485837907777,55.491859436035156,12319600
2022-11-23,55.616465706254004,55.883466775732764,55.447362426005306,55.741065979003906,8990400
2022-11-25,55.83006134212631,55.90126343311721,55.51856068179752,55.79446029663086,5165500
2022-11-28,55.79445802678857,56.159360240515504,55.678759726289066,55.80335998535156,12267500
2022-11-29,55.64316024915121,55.687659857912,55.16255632628855,55.60755920410156,10969600
2022-11-30,55.58066754703739,57.07752011223895,55.347626413944724,57.01477813720703,30433900
2022-12-01,57.0147794554951,57.4629383841889,56.85344196763083,57.176116943359375,12001400
2022-12-02,57.01477771539098,57.830423384771485,56.826551791687784,57.67805099487305,13643500
2022-12-05,56.83552099221962,57.18508444515537,56.70107193223743,56.88930130004883,9185100
2022-12-06,56.93411857872996,57.25679359904579,56.674185543566445,56.86241149902344,10099500
2022-12-07,56.871369066876525,57.11337530008483,56.692104810516895,56.9520378112793,12307600
2022-12-08,57.00581666427727,57.2298961376733,56.781737190881245,57.19404602050781,9946200
2022-12-09,57.01477248024926,57.220925151925734,56.54868684112735,56.593502044677734,13914900
2022-12-12,56.7369172185371,57.37330546815244,56.47698423060838,57.33745193481445,11647900
2022-12-13,57.89317078825632,57.99176630587458,57.185082234708084,57.355384826660156,17521600
2022-12-14,57.534649093313206,57.94695451318818,56.97892952477059,57.355384826660156,12826700
2022-12-15,56.996855873029816,57.26575056143568,56.01090754248116,56.56662368774414,12212300
2022-12-16,56.24393844604492,56.59350181919842,55.8674866347045,56.24393844604492,33631500
2022-12-19,56.315653804193204,56.83551639442727,55.99297882168451,56.324615478515625,10919700
2022-12-20,56.30668885725766,56.60247539838769,56.243946879293354,56.27980041503906,10286500
2022-12-21,56.53076605251796,57.40916054704088,56.53076605251796,57.18507766723633,10411300
2022-12-22,56.8444812134632,56.996857038824764,56.154319419471676,56.77277755737305,9666700
2022-12-23,56.91618909230886,57.24782577216879,56.64729439460671,57.20301055908203,6463300
2022-12-27,57.301594834243055,57.624269775834996,57.10440383234111,57.55256271362305,7320700
2022-12-28,57.77665385009929,57.94695644773688,56.907227769455815,56.97893142700195,7159400
2022-12-29,57.18507762840809,57.49879092457647,57.09544721189211,57.31952667236328,7169300
2022-12-30,57.29263447829661,57.29263447829661,56.620396100799304,57.01477813720703,7650200
2023-01-03,56.969960735727796,56.969960735727796,55.733041211386436,56.4232063293457,12180500
2023-01-04,56.602472639218064,56.763810123027746,56.02882635279408,56.39631652832031,13387900
2023-01-05,56.1094901693728,56.28875440444554,55.64340794503691,55.7509651184082,9814700
2023-01-06,56.38735609156824,57.068556156569514,56.091572977548374,56.82655334472656,9990000
2023-01-09,56.73691969969771,57.11337497784708,56.09157316729794,56.11846160888672,9442600
2023-01-10,56.109495668830284,56.2260179459254,55.49999926135295,55.688228607177734,10134600
2023-01-11,55.91231331298552,56.07365081358017,55.04288382857897,55.58067321777344,10823000
2023-01-12,55.67030440787177,55.73304638631369,54.64850256561032,54.863616943359375,13907300
2023-01-13,54.40649464856667,55.087694716008215,54.30789913714643,55.06080627441406,13986400
2023-01-17,55.3297006152754,55.91230858697552,55.17732822158287,55.28488540649414,18327800
2023-01-18,55.13250205370154,55.204209113289906,53.4922423861968,53.6087646484375,19679400
2023-01-19,53.537068364114965,54.35271752560184,53.5191415956098,53.528106689453125,14894500
2023-01-20,53.52810929134324,53.859745976855265,53.24128781968176,53.85078430175781,14237700
2023-01-23,54.03004088779956,54.289973894447584,53.82388818503156,53.985225677490234,12613400
2023-01-24,53.850785641201185,55.437265449897644,53.599814282868685,54.27205276489258,10103300
2023-01-25,53.95833637644267,54.621609684500605,53.680476606256526,54.612648010253906,11265800
2023-01-26,54.50509262084961,54.76502221275164,54.28997482084019,54.50509262084961,11884800
2023-01-27,54.53197923432052,54.63953642112638,54.11070874215734,54.21826934814453,14087000
2023-01-30,54.26307650334237,54.827754214642944,54.191369443327865,54.35270690917969,15632000
2023-01-31,54.65745960225218,54.980134560677655,54.23618913773213,54.96220779418945,14344400
2023-02-01,54.800877368191806,55.19525944332953,54.334791637053655,54.9711799621582,12535400
2023-02-02,54.496130296720615,54.693321338485745,53.69840787384402,54.03004455566406,16947200
2023-02-03,54.09277595628346,54.15551792653817,53.08890101302727,53.62669372558594,15404400
2023-02-06,53.59084394670519,54.08381807001657,53.528101972057264,53.93144226074219,11330900
2023-02-07,53.48328742102004,53.994191769373,53.36676855589772,53.84181594848633,14922700
2023-02-08,53.70736753614181,53.70736753614181,53.41158440376029,53.528106689453125,11012000
2023-02-09,53.91351971574603,54.06589210810799,53.420542165913254,53.43846893310547,12515300
2023-02-10,53.528102769066535,53.689440254615214,52.77519564289975,53.43846893310547,14420700
2023-02-13,53.689447982242086,54.460278567367,53.537072148767145,54.31686782836914,16191800
2023-02-14,53.967306787326386,54.585768405090775,53.384702129897555,53.411590576171875,20505700
2023-02-15,53.689450391340074,53.716338837614394,53.08891554415252,53.411590576171875,13171400
2023-02-16,53.08890628473015,53.61773395737565,52.83793837879035,53.0799446105957,16538300
2023-02-17,53.330914873176226,53.985226527705024,53.22335768290365,53.88663101196289,16814700
2023-02-21,53.770114149006865,53.98522853756068,53.52810789749766,53.59981155395508,14278300
2023-02-22,53.644620456097556,54.10174446156787,53.55499004127416,53.76114273071289,12409600
2023-02-23,53.78803413977649,54.155524331523296,53.608773300236656,53.8597412109375,12222800
2023-02-24,53.492247550319405,53.69840023776667,53.232314562988925,53.635658264160156,9736200
2023-02-27,53.94041180935256,54.04796900060751,53.546033161963436,53.61773681640625,8849800
2023-02-28,53.5101806758864,53.5101806758864,53.008241408204704,53.33987808227539,16082200
2023-03-01,52.999273218002024,53.04408842479715,52.31806976566413,52.757266998291016,13275800
2023-03-02,52.73934597113326,53.58188357578714,52.70349243412293,53.528106689453125,11758300
2023-03-03,53.37572181271894,53.49224407864631,53.070973638188,53.27712631225586,13101800
2023-03-06,53.115805161193514,54.11968382053252,53.07995503843151,54.10175704956055,16282700
2023-03-07,54.218271952689356,54.28997560761067,53.55499519396442,53.78803634643555,13961200
2023-03-08,53.81492233276367,54.074855319232,53.53706257972706,53.81492233276367,10851600
2023-03-09,54.26308413536377,54.26308413536377,53.13372171555786,53.29505920410156,13900900
2023-03-10,53.51018502372106,53.904563710898515,52.873800067418195,53.070987701416016,13745800
2023-03-13,53.1426790186555,54.55885925371779,53.10682548886132,53.6087646484375,21956000
2023-03-14,53.7790693536506,54.19137473142511,53.19646140131359,53.80595779418945,19496900
2023-03-15,53.26817186635588,54.20930495624437,53.097872700110976,54.16448974609375,21089900
2023-03-16,54.272869961175594,54.49866822138261,53.92062522651793,54.46253967285156,15658300
2023-03-17,54.47157878099607,54.507703887599725,53.86643759372405,54.209651947021484,27351200
2023-03-20,54.33610149075728,54.73350524902344,54.16449602715773,54.73350524902344,12904100
2023-03-21,54.706400517637206,54.868975535597535,54.08319857906122,54.4806022644043,13716500
2023-03-22,54.55285973626028,54.97735811239456,54.21867583847226,54.23674011230469,10494200
2023-03-23,54.2728683344194,54.54382554946464,53.938687884043865,54.11932373046875,15479000
2023-03-24,54.41737873303195,55.11283776265409,54.110292972489816,55.00445556640625,12975600
2023-03-27,55.2212265737636,55.528312371091054,55.04962112203085,55.41089630126953,12777400
2023-03-28,55.44702258920326,55.76314223421594,55.33864038439716,55.474117279052734,10925700
2023-03-29,55.74507452404386,55.952808506041244,55.62765846625126,55.87152099609375,9441000
2023-03-30,55.88958592687503,56.07925563717901,55.69088235679962,55.86248779296875,9870700
2023-03-31,56.05216451136106,56.22376995843745,55.880555618876464,56.02506637573242,14440900
2023-04-03,56.26893535764245,56.46763896306693,55.87153159220209,56.359256744384766,12300700
2023-04-04,56.350212349438905,56.66633197583173,56.070224716397455,56.18763732910156,11433400
2023-04-05,56.476657494755464,56.9192235831429,56.44956280713856,56.72052001953125,12789600
2023-04-06,56.77471329102466,56.93728830883287,56.34118105867208,56.756649017333984,9644200
2023-04-10,56.44053419352648,56.62117004394531,56.01603236514463,56.62117004394531,7952600
2023-04-11,56.585047122221816,56.63923650127304,56.35924885508671,56.52182388305664,9913000
2023-04-12,56.43150033376074,56.928255813228525,56.277959171823134,56.62117004394531,9593700
2023-04-13,56.684391997911746,57.04567058138971,56.431499056721925,57.03664016723633,9871400
2023-04-14,56.946327209472656,57.03664859138631,56.70246464641841,56.946327209472656,8946000
2023-04-17,57.19018483877641,57.379854556319806,57.02760981076547,57.31663131713867,9452400
2023-04-18,57.361789495151065,57.44307700804221,57.07276799273991,57.406951904296875,9035700
2023-04-19,57.56049404751238,57.65081542192965,57.28953681507685,57.51533508300781,9769500
2023-04-20,57.47017470878957,57.804355172415846,57.29856582431031,57.768226623535156,10706400
2023-04-21,57.804355413272546,58.04821450571319,57.62371611352445,57.849517822265625,12931100
2023-04-24,58.48174713609891,58.69851152810159,57.461138074646605,57.759193420410156,15532300
2023-04-25,57.95789815725558,57.95789815725558,57.4701765136812,57.66887664794922,12818900
2023-04-26,57.40694874596999,57.59661845047834,57.2534041432195,57.39791488647461,13179600
2023-04-27,57.37985474408598,57.58758873713349,57.000515307757865,57.51533508300781,13795800
2023-04-28,57.4521133113352,57.94887226980041,57.33469724429721,57.93983840942383,13687600
2023-05-01,57.93983323782503,58.427558292380255,57.858542283324574,58.075313568115234,9091500
2023-05-02,57.93080908467988,57.93080908467988,57.14503199539874,57.81339645385742,10948400
2023-05-03,57.82241630832183,57.96693050461157,57.42501605015735,57.48823928833008,11084600
2023-05-04,57.56952072404538,57.7411261459128,57.36178331151152,57.551456451416016,11938300
2023-05-05,57.47920732162196,57.99402710393314,57.47017690676044,57.822418212890625,9039000
2023-05-08,57.63275690146061,57.8585517465282,57.45211757999805,57.73210525512695,7240700
2023-05-09,57.47920478572431,57.57855657185869,57.154054738523826,57.2534065246582,9067700
2023-05-10,57.19018148177617,57.47920297118414,56.89212957819017,57.35275650024414,10134000
2023-05-11,57.42501689466422,57.74113309017672,56.910193676331104,57.67790985107422,9581500
2023-05-12,57.67790733984358,57.975962692985334,57.533396593128536,57.90370559692383,8740800
2023-05-15,58.003060436108825,58.03015512585488,57.54243003797698,57.75016403198242,8150000
2023-05-16,57.71403650113379,57.71403650113379,57.045672137094826,57.0998649597168,9129600
2023-05-17,57.26243842055807,57.28049924886484,56.657297310043674,57.03664016723633,11583000
2023-05-18,56.91018972366534,56.937287856690126,56.51278604184992,56.72052001953125,13595100
2023-05-19,56.937293165422076,56.99148254570841,56.5489198614651,56.747623443603516,14251400
2023-05-22,56.711490250709915,56.783743900313034,55.492177612957974,55.55540084838867,15055400
2023-05-23,55.555406850458915,55.69991761068567,55.24832105430103,55.456058502197266,13932700
2023-05-24,55.4379894926766,55.48314845537731,54.84188222696645,54.986392974853516,11090100
2023-05-25,54.61608628792231,54.85091497118535,54.32706477987172,54.561893463134766,14463600
2023-05-26,54.5980233831759,54.76962883119747,54.29093759248956,54.426414489746094,12570300
2023-05-30,54.27287287292752,54.37222466401414,53.75805308766796,53.992881774902344,15634200
2023-05-31,54.11933111050843,54.44448119106532,53.62257557428357,53.88450241088867,59432200
2023-06-01,54.137396525766235,54.345130538179845,53.98385534305513,54.19158935546875,13402700
2023-06-02,54.43543952620871,55.38379143491045,54.26383410600422,55.239280700683594,15259800
2023-06-05,55.0947710202064,55.49217468557914,54.68833349572989,54.86897277832031,12915600
2023-06-06,55.04961586387234,55.08574441196782,54.29996399522702,54.47157287597656,10943500
2023-06-07,54.200616138099434,54.51673578872927,54.02901069032317,54.390289306640625,16817900
2023-06-08,54.30899625924682,54.56188919766871,54.17351593057344,54.525760650634766,15585900
2023-06-09,54.43544955477309,54.7967247341936,54.34512817586173,54.6160888671875,12581500
2023-06-12,54.724462771078876,54.778655590200984,54.2096430483461,54.381248474121094,14208900
2023-06-13,54.38124700631312,54.796714938812,54.227705857723066,54.59801483154297,13397800
2023-06-14,54.85091432035837,55.167033959755926,54.73349825741596,54.96833038330078,14099700
2023-06-15,55.159442772331715,55.78739095546441,54.91372301241515,55.72368621826172,15271400
2023-06-16,56.06040644436774,56.579146953402585,55.95119882974132,56.12411117553711,26738000
2023-06-20,56.05131331885705,56.38803885883652,55.73278962855862,55.7509880065918,13971800
2023-06-21,55.79649305971335,56.169622290315175,55.49616775448253,55.90570068359375,13948700
2023-06-22,56.25153312000156,56.515451274986376,56.05131623474244,56.287933349609375,15193400
2023-06-23,56.36983549176226,56.39714000137273,55.67818258074058,55.69638442993164,25112100
2023-06-26,55.705489318629645,55.77829672284374,54.959230783675714,55.71459197998047,12856100
2023-06-27,55.71459708053656,55.842006577927194,55.496178319546594,55.59628677368164,9068500
2023-06-28,55.405167728601285,55.55077906609946,54.96833371610676,55.07754135131836,11173200
2023-06-29,54.804520226774386,54.92282705108446,54.394987257417675,54.62250518798828,17142300
2023-06-30,54.604302765585786,54.92282647639247,54.485992470865554,54.80451965332031,19739200
2023-07-03,54.78631671195201,55.17764781838115,54.63160271860542,55.132144927978516,9694500
2023-07-05,54.8591217824571,55.60538030984429,54.74991414889139,55.54167556762695,14716600
2023-07-06,55.26865170903454,55.53257332465114,55.05933564302246,55.11394119262695,12603900
2023-07-07,54.88642554423226,55.05933791765143,54.35858229119265,54.38588333129883,14574000
2023-07-10,54.57700757700323,54.740820780596266,53.82164630802997,53.97636032104492,15480600
2023-07-11,54.11285966098086,54.20386890928099,53.54861620811139,54.16746520996094,15967700
2023-07-12,54.37677643356024,54.64979721086367,54.1037556562568,54.458683013916016,14241300
2023-07-13,54.71350498828475,55.02292947888914,54.58609551656195,54.922821044921875,11269800
2023-07-14,54.73171012763021,55.550776026013104,54.686207238086254,55.42336654663086,11634200
2023-07-17,55.29595481944156,55.605379335495904,55.050238516136304,55.341461181640625,10014300
2023-07-18,55.47796663159966,55.74188824177661,54.977427921309186,55.12303924560547,11152900
2023-07-19,55.3050593989722,56.233332979335344,55.22315280447991,56.09682083129883,12936000
2023-07-20,56.133223091028,56.797575019658936,56.12412042984717,56.77937316894531,11563000
2023-07-21,56.843072912345534,57.043289780942025,56.642859515396786,56.82487106323242,12815100
2023-07-24,56.806678723658244,57.16160963330838,56.78848034314643,56.843082427978516,10251100
2023-07-25,56.69746898786594,56.779375583736645,56.46995105174156,56.6519660949707,13422700
2023-07-26,56.29704355094439,57.48923541774243,55.86930868301919,57.380027770996094,17145500
2023-07-27,57.38001531041524,57.58023217901173,56.77026898754083,56.82487106323242,11517100
2023-07-28,56.961383153462194,57.125196323710824,56.624657624239,56.86127471923828,9721800
2023-07-31,56.833978362243116,56.833978362243116,56.178725627282155,56.360740661621094,15577900
2023-08-01,56.506341017913684,56.75206074579085,56.078606291055586,56.215118408203125,9281600
2023-08-02,56.024015848090784,56.96138860065018,56.024015848090784,56.38804244995117,11059400
2023-08-03,56.30613691241285,56.53365484470829,55.99671238562514,56.09682083129883,8037400
2023-08-04,56.13321688756864,56.324331091468956,55.16853973624457,55.25044631958008,9359300
2023-08-07,55.32326356771703,55.81470315525777,55.27776067368139,55.68729019165039,6982600
2023-08-08,55.68728241203073,55.832893735591554,55.16854185486732,55.44156265258789,7956100
2023-08-09,55.43246902228116,56.087721779835164,55.28685768411896,55.5689811706543,7904100
2023-08-10,55.832893735591554,56.17872193091643,55.32325583895258,55.44156265258789,7870300
2023-08-11,55.36876458850556,55.696390969115065,55.232252439368885,55.66908645629883,8483900
2023-08-14,55.80559692821549,55.95120826281584,55.28685633172376,55.40516662597656,7176300
2023-08-15,55.23225306591797,55.42337077120698,54.941030384661076,55.032039642333984,7187400
2023-08-16,55.095747067270054,55.35056605785464,54.968337571977756,55.041141510009766,8372300
2023-08-17,55.13214567602618,55.53257597730979,55.01383538205563,55.159446716308594,12873500
2023-08-18,55.09574659273249,55.59628537920469,54.94103258431841,55.468875885009766,11083800
2023-08-21,55.38696711553601,55.45067186013746,54.89552753862636,54.995635986328125,8648500
2023-08-22,54.91373164757231,55.132150403504774,54.5861052494978,54.658912658691406,9411500
2023-08-23,54.78632043178329,55.00473570920494,54.74991672833026,54.85002517700195,7749500
2023-08-24,54.850018061555595,55.40516231642897,54.68620488891599,54.70440673828125,8955100
2023-08-25,54.977437997848675,55.12304934883333,54.61340788456281,54.95923614501953,7629200
2023-08-28,55.10483853186893,55.26865170903454,54.941025354703314,55.11394119262695,6254300
2023-08-29,55.113943167527985,55.17764790852536,54.74081391097991,55.0593376159668,8189600
2023-08-30,55.18675017290562,55.27775943057853,54.86822645017095,55.032039642333984,9447900
2023-08-31,54.87732009269033,55.032034079270495,54.43138692594017,54.449588775634766,14663500
2023-09-01,54.60430862038592,54.72261892779166,53.80344445522536,53.97636032104492,11262300
2023-09-05,53.92174951408331,53.985454256874434,53.393906249073346,53.530418395996094,12474600
2023-09-06,53.34839579462249,53.539513467551025,53.16638078174406,53.4940071105957,13923500
2023-09-07,53.648727584118674,53.8398418085458,53.05717958853218,53.0844841003418,17628600
2023-09-08,53.05717958853218,53.15728803132202,52.79325796147679,53.0844841003418,14312300
2023-09-11,53.14818797892307,53.685130413820765,52.99347398667391,53.58502197265625,14767400
2023-09-12,53.685130181300096,53.69422937061747,52.957070056583525,53.05717849731445,12292700
2023-09-13,53.14818915610499,53.40300812351468,53.093583603810885,53.18458938598633,12641400
2023-09-14,53.42308371328808,53.74413449013598,53.377216317288934,53.62488555908203,12311600
2023-09-15,53.57903185259677,53.79000861739313,52.973619201688,53.14790344238281,55727500
2023-09-18,53.18459334591321,53.52399042915014,52.86354252382307,53.478126525878906,13617400
2023-09-19,53.44143116307733,53.56068010459745,53.12955173854179,53.36804962158203,11998900
2023-09-20,53.47812036588795,53.964287482299056,53.27631851490121,53.60654067993164,14766600
2023-09-21,53.542333518123044,53.58819741867701,52.67090541083229,52.780982971191406,15941800
2023-09-22,53.06534060781063,53.17541816682901,52.74428980865187,52.83601760864258,14644100
2023-09-25,52.652558893187425,52.73511530797068,52.04714635117393,52.285640716552734,12358800
2023-09-26,52.037970345330905,52.19391179174064,51.735265830474695,51.85451126098633,11194700
2023-09-27,51.75360788098091,51.854510550948326,51.07481382714892,51.32248306274414,13766300
2023-09-28,51.57933372098052,51.661890148920435,51.09317003377416,51.19407272338867,12484800
2023-09-29,51.49677651018697,51.61602545966327,51.01978421147333,51.35000991821289,12271600
2023-10-02,51.28579324384282,51.37752103998788,50.52444273810361,50.891357421875,11792500
2023-10-03,50.597824976602006,50.84549422865639,50.24925304787459,50.34098434448242,13604200
2023-10-04,50.35015581152622,50.70789912093683,50.18504297653807,50.48775100708008,12100500
2023-10-05,50.21256588644137,50.405196367658974,47.91933587425662,48.04775619506836,29878100
2023-10-06,47.735876142706076,48.882491133648145,47.28640152661263,48.744895935058594,30298900
2023-10-09,48.57977878063613,48.75406648325814,47.80008205573971,48.50639724731445,15704700
2023-10-10,49.653018228164534,49.83647733276317,49.130162054532825,49.56128692626953,20909700
2023-10-11,49.735578342184276,49.79061362821521,48.63482713207425,49.267757415771484,21138900
2023-10-12,49.3136166836431,49.37783034329401,48.09362013571938,48.44219207763672,19330400
2023-10-13,48.3779837025264,49.001739070125794,48.2862523990622,48.51557540893555,14494600
2023-10-16,48.63482425342881,49.13016279353849,48.46971140672559,49.01091384887695,12816800
2023-10-17,48.900836324953765,49.625494324010475,48.80910502816791,49.59797668457031,16457200
2023-10-18,49.625495705494025,50.0199315446756,49.46038286587424,49.57963180541992,12809500
2023-10-19,49.680536026100754,50.23090984244416,49.40534911792905,49.854820251464844,16202200
2023-10-20,50.0199328455209,50.46940747599544,49.937376423564,50.05662536621094,15686400
2023-10-23,49.882334084657586,50.3501514101017,49.57962608057719,49.607147216796875,21212700
2023-10-24,51.047302779000894,51.524291554469855,50.726248469553205,51.03812789916992,25290800
2023-10-25,51.148190824694254,51.57014772524835,50.964735258321014,51.478416442871094,16701000
2023-10-26,51.70775213476469,51.94625002849287,51.11151439882722,51.16654968261719,16228400
2023-10-27,50.95557335718258,51.49677581386747,50.542791229339606,50.67121505737305,13626500
2023-10-30,50.84549952018896,51.62519637694777,50.83632463997775,51.505950927734375,15014300
2023-10-31,51.89121449615801,52.028809712635365,51.50595348872815,51.817832946777344,16639400
2023-11-01,52.10218690473386,52.17557194716909,51.60684836587037,51.7719612121582,14110800
2023-11-02,51.826995995737214,52.42323717235578,51.69857568057411,52.36819839477539,13087200
2023-11-03,52.65256995682366,52.82685420279158,52.01046476238594,52.047157287597656,13958700
2023-11-06,52.083841391185224,52.54248741540965,52.04715236863279,52.25812911987305,12673200
2023-11-07,52.21225819693826,52.652561429788456,52.037973979195506,52.45075607299805,10449300
2023-11-08,52.5791751267135,52.716770321068914,52.212256941226514,52.36819839477539,13744000
2023-11-09,52.31315187971453,52.4140545407588,51.70773941263953,51.9737548828125,12021100
2023-11-10,52.16639265850603,52.22143143568093,51.423388412196076,52.02880096435547,11678900
2023-11-13,51.937073757871325,52.377373512360265,51.9187274973687,52.221435546875,12798200
2023-11-14,52.3039911999598,52.50579656332805,52.11136071630357,52.37737274169922,12697100
2023-11-15,52.56083936172489,52.59753188743778,52.05632938034406,52.4782829284668,10201900
2023-11-16,52.514964643130575,52.77180527186237,52.11135744095331,52.42323684692383,16010400
2023-11-17,52.45992924298042,52.59752444533931,52.010458113765246,52.524139404296875,14475800
2023-11-20,52.33151068583649,52.81767785116588,52.24895426147425,52.652565002441406,13051000
2023-11-21,52.707593555382864,53.239624555377596,52.58834812368006,53.23044967651367,13891600
2023-11-22,53.441433028174444,53.69827718035016,53.32218758168401,53.588199615478516,11320600
2023-11-24,53.6248854441788,53.89090094396336,53.51481139223696,53.72578811645508,4816000
2023-11-27,53.69827059332785,53.83586228375222,53.45060135153475,53.62488555908203,16246500
2023-11-28,53.56985344048086,53.96428927482619,53.53316092119496,53.73496627807617,13739600
2023-11-29,53.73497186987843,53.817524798075524,53.29466859101099,53.413917541503906,11263600
2023-11-30,53.5895843795837,54.051882388780356,53.25672924863348,54.033390045166016,22727500
2023-12-01,53.8762079714031,54.26453658852929,53.848471220766584,54.21830749511719,15371200
2023-12-04,54.172075868522185,54.51417537623909,54.033385067717546,54.15358352661133,14942200
2023-12-05,54.135095023266324,54.393984301321844,54.01489655584961,54.23680114746094,11891500
2023-12-06,54.14434665790706,54.30152629545369,53.820735919989865,54.18132781982422,14868500
2023-12-07,54.24605078579109,54.44946305379274,53.98716500982839,54.31077575683594,11587900
2023-12-08,54.31078076548146,54.320025175309446,53.96867764191942,54.190582275390625,11178700
2023-12-11,54.39398190501935,54.634375302208525,54.08886354587736,54.5881462097168,14524800
2023-12-12,54.73608635595986,54.93949508666992,54.45870824895234,54.93949508666992,12899000
2023-12-13,54.96723558140609,55.494255044898914,54.79156007553914,55.411041259765625,16196800
2023-12-14,55.44802073286684,55.512742167765985,54.33850487779708,54.5881462097168,22478300
2023-12-15,54.393988017881775,54.70834729297505,53.4416516756699,54.18132781982422,65177400
2023-12-18,54.36624412330564,55.00421762095708,54.19981656105343,54.56965637207031,16717700
2023-12-19,54.551165379279325,54.73608528936563,54.218310246534756,54.393985748291016,14612200
2023-12-20,54.088865825159864,54.24604545166594,53.228991265775065,53.26597595214844,17701000
2023-12-21,53.48787842338942,53.6912906767403,53.13653447476106,53.61732482910156,11725100
2023-12-22,53.73751966588412,54.051882453596974,53.64506147475548,53.92243957519531,9029400
2023-12-26,53.68204631873345,54.283031616931794,53.68204631873345,54.144344329833984,6422500
2023-12-27,54.21830621426706,54.33850467594197,53.99640516030962,54.28302764892578,8560100
2023-12-28,54.22756057271803,54.43096930843238,54.11660650554212,54.32001876831055,8400100
2023-12-29,54.31077439804339,54.53267547844424,54.20906826658714,54.486446380615234,9244300
2024-01-02,54.366245434774946,55.36481083237648,54.24604696423685,55.30933380126953,16322600
2024-01-03,55.411044983724075,55.66068635590136,55.2538618114402,55.43878173828125,14830600
2024-01-04,55.52199035149849,55.71615466940107,55.16139846766401,55.25385665893555,12912900
2024-01-05,55.2908375000206,55.42952830433395,54.634375217318556,55.17063903808594,10412800
2024-01-08,55.179892290249875,55.64219031310582,54.939495343214546,55.57746887207031,11554600
2024-01-09,55.466517005242345,55.60520429254393,55.124413937046484,55.47576141357422,10493700
2024-01-10,55.67917502239034,55.85484700140229,55.45727041943217,55.660682678222656,12258000
2024-01-11,55.70691178036019,55.71615618891789,55.18913672477839,55.30009078979492,13754200
2024-01-12,55.54973458711011,55.901078560609925,55.355566728323815,55.83635711669922,13218000
2024-01-16,55.836354704604965,55.8733393929717,55.33707199281602,55.46651840209961,11826900
2024-01-17,55.34631992843471,55.669927134008645,55.30933524006797,55.46651840209961,8982100
2024-01-18,55.18913412366998,55.68841681155075,55.041198904340916,55.623695373535156,10397700
2024-01-19,55.71614982226726,55.734642164323574,55.14290132673597,55.31857681274414,14392600
2024-01-22,55.25385801370103,55.54048405695683,54.95798756191298,55.07818603515625,14314300
2024-01-23,55.041203814731546,55.475765103365234,54.97648237094195,55.337074279785156,14481600
2024-01-24,55.29084651418251,55.3000944504064,54.44946419757522,54.46795654296875,16370500
2024-01-25,54.56040587530424,54.70834108735467,54.2367987011482,54.6990966796875,14899700
2024-01-26,54.78231042859348,55.004215010081275,54.67135990137642,54.89326095581055,13025100
2024-01-29,54.8655356902865,55.2816046632596,54.7083525106947,55.22612762451172,14547100
2024-01-30,55.3370757834921,55.49425895629103,54.967239455652376,55.38330841064453,22061500
2024-01-31,55.568215813642325,55.8918265160403,54.81929534297306,55.004215240478516,22837000
2024-02-01,55.07818244496392,56.40959939122364,54.88401813495696,56.38186264038086,15870900
2024-02-02,56.233933841404884,56.28016294043631,55.68842200790401,55.97504806518555,17544900
2024-02-05,55.82710384957637,55.82710384957637,55.36480587953661,55.51274108886719,12759600
2024-02-06,55.438772798950666,55.52198657625846,55.179887059350264,55.42028045654297,12775200
2024-02-07,55.54048425177908,55.669927134008645,55.42028577811418,55.46651840209961,10259900
2024-02-08,55.37405031185948,55.44801968008473,54.93024468366877,55.31857681274414,12874800
2024-02-09,54.985721618698435,55.087427736312776,54.57889714824106,55.06893539428711,15235300
2024-02-12,55.161394831709224,55.253853016886396,54.51417695430798,55.19837951660156,13516800
2024-02-13,55.013465753144665,56.08599704523306,54.35700339485222,54.87477493286133,24195700
2024-02-14,54.708339923861686,55.096672051643864,54.58814499147632,54.81929397583008,15872500
2024-02-15,54.93949406570023,55.096677223884335,54.67136389923969,54.92100524902344,13695800
2024-02-16,54.874769922515085,55.12441125999912,54.51417805516717,54.9117546081543,13947100
2024-02-20,55.10592423425655,56.2524249103197,55.022710447066046,56.122982025146484,18339300
2024-02-21,56.39111204550396,56.65924220709984,56.24317682539615,56.62226104736328,14373000
2024-02-22,56.39111202116697,56.63150543109322,55.938058425814525,56.53904724121094,12982800
2024-02-23,56.48357523791595,56.973610036600604,56.400361448794584,56.58528137207031,13612900
2024-02-26,56.622263338790674,56.65000009147903,56.08599593978917,56.132225036621094,10336100
2024-02-27,55.97504289192929,56.196943957593554,55.58671073643606,55.790122985839844,9931100
2024-02-28,55.81785984961959,55.92881390972886,55.53123734530526,55.84560012817383,8076500
2024-02-29,55.79936992681959,56.06750362646774,55.383304528049564,55.49425506591797,18152700
2024-03-01,55.3833056282249,55.3833056282249,54.865530562796856,55.041202545166016,10927600
2024-03-04,54.763823390043704,55.42953367192687,54.754578981486,55.30009078979492,10150200
2024-03-05,55.39254760367999,55.577467513713586,54.93949400045039,55.03195571899414,12310000
2024-03-06,55.031955630820775,55.475761297957966,54.90251275212083,55.0596923828125,12378800
2024-03-07,55.18913775486475,55.263107132923054,54.77307234797606,54.95798873901367,13686900
2024-03-08,54.8285434652518,55.2815970684814,54.523428611692204,55.03195571899414,13239000
2024-03-11,55.272345530047424,55.743891446247,55.087429159121946,55.697662353515625,14114300
2024-03-12,55.77162938677294,56.16920594144459,55.66992326436107,55.93805694580078,12684600
2024-03-13,56.28941329637771,56.59452818474548,56.21544391310411,56.511314392089844,13909500
2024-03-14,56.46005145017989,56.665087179571856,56.29229268187191,56.38549041748047,13996600
2024-03-15,55.938137407006025,56.338894087654566,55.58397959626097,55.80765914916992,36849900
2024-03-18,55.81698129006133,56.292299039034084,55.73310189643473,56.0406608581543,15856700
2024-03-19,56.14317200401661,56.24568808712153,55.9754132421859,56.13385009765625,15030600
2024-03-20,56.087253397214226,56.674409086292144,56.06861313903937,56.61848831176758,15258800
2024-03-21,56.441415706781505,56.84217240143332,56.21773614605673,56.35753631591797,13067100
2024-03-22,56.40412972121687,56.65576786942076,56.32025033848224,56.37617111206055,11502800
2024-03-25,56.3668472074159,56.581204832302404,56.03132968837075,56.29228973388672,13144700
2024-03-26,56.385490937164114,56.58120831690537,56.27365294234993,56.42277145385742,13277400
2024-03-27,56.655768137474276,57.25224217073565,56.571888754342794,56.87944412231445,12551200
2024-03-28,56.98196463124203,57.093802625365434,56.8514863788871,57.01924514770508,13683500
2024-04-01,57.01924899526358,57.13108699693362,56.50665430273778,56.553253173828125,11668700
2024-04-02,56.338892420711005,56.599848928662084,56.022015137370786,56.059295654296875,13017300
2024-04-03,55.96609071186527,56.28296797453871,55.714452571924696,55.76105499267578,13672900
2024-04-04,56.00337550668952,56.05929628270551,55.14594138410672,55.2671012878418,14320700
2024-04-05,55.22050189584242,55.62125856533056,54.903624611951,55.46281814575195,10157800
2024-04-08,55.360307099903864,55.425546232947994,55.05274813961059,55.2391471862793,10284500
2024-04-09,55.4348554733735,55.67717526079162,55.10865986177087,55.65853500366211,10779100
2024-04-10,55.285742865503586,55.350981994779126,54.698587146757845,54.91294479370117,11861900
2024-04-11,55.1273046869252,55.33234042180869,54.79178714132299,55.03410339355469,11109000
2024-04-12,54.94090348261272,54.996820701157766,54.17667068352797,54.31646728515625,12250900
2024-04-15,54.624030401560134,54.81042943997288,54.09279545300668,54.18599319458008,12425000
2024-04-16,54.288508237899656,54.409668135879215,53.990271223846605,54.11143112182617,11236800
2024-04-17,54.31646892874127,54.57742899248878,54.14871015749852,54.530826568603516,13805100
2024-04-18,54.63333947684493,54.968856977963654,54.5587820072993,54.90361785888672,11125900
2024-04-19,55.08069976580712,56.255011122183475,54.98750203192706,56.07793045043945,21207900
2024-04-22,56.04997813374328,56.50665561366173,55.658543341184085,56.43209457397461,15624500
2024-04-23,56.41344106549909,56.5532412044477,56.040646620411515,56.515960693359375,13689100
2024-04-24,56.2177330937092,57.4572836296949,55.77037755181486,57.36408233642578,19548300
2024-04-25,57.662316926725445,58.33335198883237,57.196321145876894,57.541160583496094,19048500
2024-04-26,57.36407991140362,57.71823770032291,57.17768088801107,57.541160583496094,10994300
2024-04-29,57.708913462206496,57.83007335580641,57.34543733667226,57.82075500488281,13409300
2024-04-30,57.91394670286474,58.55702306284142,57.28951415332436,57.56911087036133,19349200
2024-05-01,57.59707892969884,58.314712872890254,57.04720375531922,57.718238830566406,16729800
2024-05-02,57.951239421011124,58.156278715821486,57.52252412755845,57.77416229248047,10991300
2024-05-03,57.77415839470527,58.091035667458435,57.447959215399145,57.94191360473633,11628700
2024-05-06,58.063073679277466,58.1376347108648,57.6902791871378,58.10967254638672,9310700
2024-05-07,58.49179494430284,58.54771572372884,58.01648076261294,58.3613166809082,9807000
2024-05-08,58.57566833496094,58.68750988235521,58.23083245199276,58.57566833496094,10484400
2024-05-09,58.53839094138675,58.85526821279507,58.48247016810329,58.60363006591797,9113700
2024-05-10,58.64090927649027,59.05098785244091,58.519752929291926,58.957786560058594,8371700
2024-05-13,58.939153731974606,59.29330800051499,58.883232952868546,59.25603103637695,10137600
2024-05-14,59.25603299575157,59.423788228084774,58.529077064399054,58.80867385864258,10852200
2024-05-15,58.77138502520067,59.078940370182146,58.715464255537945,58.83662414550781,9838900
2024-05-16,58.93914873006069,59.39582261057322,58.78070831367267,59.01370620727539,10228000
2024-05-17,59.03234977547194,59.06030838658694,58.659551702697684,58.743431091308594,11539000
2024-05-20,58.650230060032676,58.72478753724475,58.212192882389964,58.31471252441406,11000900
2024-05-21,58.54771241011632,58.69683092488,58.19355460432791,58.631591796875,9796200
2024-05-22,58.44519474685224,58.73411343443473,58.39859587602047,58.71547317504883,7419400
2024-05-23,58.240153387916024,58.60362952272537,57.83007483150293,57.86735534667969,9834300
2024-05-24,57.988509411394084,58.17490485800062,57.75551154787066,57.783470153808594,8203100
2024-05-28,57.587760232007426,57.90463750949517,57.224284086855604,57.615718841552734,12347000
2024-05-29,57.2895219165015,57.67163831112697,56.91672387309174,57.50387954711914,11861800
2024-05-30,57.64368212386178,57.858043331971565,57.41068421138818,57.755523681640625,9433800
2024-05-31,57.774163360218054,58.74343196435783,57.49456302384896,58.65023422241211,19816600
2024-06-03,58.44519492381237,58.799352742684846,58.202878661593914,58.65023422241211,9369000
2024-06-04,58.90186573054691,59.619499639220074,58.65954594046736,59.59153747558594,11895600
2024-06-05,59.63814536372693,59.712702844633185,59.041667740147425,59.57290267944336,9632500
2024-06-06,59.57290076840514,59.982979343665264,59.49834328989061,59.787261962890625,8658500
2024-06-07,59.73134624307546,59.85250971806809,59.470393253023104,59.56359100341797,9523100
2024-06-10,59.591538332277025,59.63814075391536,59.060303434043625,59.265342712402344,15685300
2024-06-11,59.26534600800016,59.32126678391641,58.78070994919008,59.228065490722656,8396000
2024-06-12,59.35854095128363,59.35854095128363,58.42654939481984,58.60363006591797,9569600
2024-06-13,58.58499777004548,58.75275655742917,58.2028813221751,58.70615768432617,9668900
2024-06-14,58.58874685452474,58.87990376659561,58.31637125438875,58.7484130859375,8179200
2024-06-17,58.57935737835592,59.077148173557724,58.400906237647426,58.81416320800781,10532700
2024-06-18,58.72963051502325,59.00200612593688,58.64510027656221,58.82355499267578,10651700
2024-06-20,58.60753588351359,58.926871951717544,58.184884678118266,58.40090560913086,13306300
2024-06-21,58.40090571112525,59.26498943668469,58.40090571112525,58.955047607421875,28278100
2024-06-24,59.16167677654633,60.1666418301343,59.086537193370106,60.082115173339844,13212500
2024-06-25,60.05393523812817,60.17603526773653,59.65006894106799,59.96001434326172,10235300
2024-06-26,59.54675293120608,60.2136005502431,59.387083122465654,60.157249450683594,9402500
2024-06-27,60.15725874460775,60.36388186348274,59.75338883254004,60.02576446533203,8494100
2024-06-28,60.01636479392446,60.166636781963554,59.65945896948801,59.781558990478516,17358800
2024-07-01,60.13846129535656,60.39205557613957,59.283768313227874,59.434043884277344,10033400
2024-07-02,59.41525841192033,59.52796777624992,59.03957127937824,59.311946868896484,8878200
2024-07-03,59.34951997802829,59.80034673923284,59.10532349261222,59.481014251708984,9154200
2024-07-05,59.481009737992565,59.91305157017152,59.17106434783005,59.88487243652344,11735500
2024-07-08,59.725210838087065,59.725210838087065,59.020793350729306,59.13349914550781,11235100
2024-07-09,59.2274208913836,59.387087128041074,58.785984806514776,58.879905700683594,11657500
2024-07-10,58.90808318502668,59.03957386632056,58.50421690227986,59.01139831542969,11930400
2024-07-11,58.832938519871014,59.60310122903411,58.607526966524375,59.26498031616211,11431600
2024-07-12,59.60310657210977,60.2136031176175,59.537361231252305,59.828521728515625,9201500
2024-07-15,59.91305054401546,60.05393187843358,59.49979003087686,59.55614471435547,8207500
2024-07-16,59.57492847155037,60.4014423163447,59.537358683281845,60.36387252807617,9025100
2024-07-17,60.5517304211705,61.41581418197641,60.49537931328917,61.24675369262695,12508200
2024-07-18,60.86166981226781,61.81028014085306,60.78653023207152,61.22796630859375,11128200
2024-07-19,61.65061084517416,61.65061084517416,60.8804481006763,61.32188415527344,13775700
2024-07-22,61.284314947005925,61.321884735593606,60.410837068029615,60.8334846496582,11794200
2024-07-23,61.45337990820506,62.026306686094834,60.908628682391004,61.01194381713867,11810300
2024-07-24,61.13403418609597,61.96055518189564,60.88984131524996,61.81027603149414,13244600
2024-07-25,62.02630595460421,62.82464430538982,61.85724547843862,62.054481506347656,16328600
2024-07-26,62.05448023639893,63.031273282509446,61.998129134065266,62.97492218017578,13530100
2024-07-29,62.81525597153507,62.956140909201885,62.355038529815374,62.7682991027832,12140200
2024-07-30,62.439558763225826,63.70750859473494,62.32684940449238,63.56662368774414,13258000
2024-07-31,63.39757331746639,63.500888454647566,62.56166514624066,62.68376159667969,15576800
2024-08-01,62.92794796788784,63.97048618658227,62.6461781704069,63.8296012878418,16495900
2024-08-02,64.36497435755207,65.43568839212628,63.57603019132072,65.1163558959961,22514800
2024-08-05,64.79699805286809,65.32296784848,63.613582135573964,63.961090087890625,25484300
2024-08-06,64.00807113755108,64.65613036019126,63.651161687410536,63.91415023803711,12969100
2024-08-07,63.91414703509421,64.97546676125611,63.70751676709517,64.29922485351562,13365300
2024-08-08,63.8671821604717,64.67491474340464,63.72629723727086,64.55281829833984,15240900
2024-08-09,64.52464068891791,64.60917451581207,64.1019930515634,64.505859375,12080400
2024-08-12,64.28983686606556,64.37437069560592,63.707522962211314,64.02685546875,11012300
2024-08-13,63.9423225869659,64.44010977857906,63.876577244030294,64.29922485351562,9877600
2024-08-14,64.08321477637845,64.70309848493942,63.9892867052187,64.41194152832031,14328000
2024-08-15,64.44951609323986,64.73127883045375,64.33680669893054,64.47769165039062,11285100
2024-08-16,64.65613183211822,65.08818087798787,64.46829002881395,64.97547149658203,12651200
2024-08-19,65.13512854804443,65.20087388648739,64.66551694039349,64.7876205444336,9843900
2024-08-20,64.79701069184954,65.17270142893742,64.59038042816596,65.1633071899414,11957400
2024-08-21,65.25722445875883,65.86771374416948,65.1163395599319,65.34175109863281,8792400
2024-08-22,65.67049422717686,65.67049422717686,64.60917443240218,65.1163558959961,12509200
2024-08-23,65.18210433212519,65.6047519889631,64.75006243504255,65.54840087890625,11834700
2024-08-26,65.58595850340399,66.60970836322376,65.49203761550287,66.5345687866211,12912200
2024-08-27,66.98540424414377,67.18264027365151,66.73181711069236,67.15446472167969,16988400
2024-08-28,67.25777628840976,67.44561806872798,66.96661937920513,67.38926696777344,13272600
2024-08-29,67.5301584641811,67.83070964139061,66.90088055654012,67.6710433959961,17201700
2024-08-30,67.8119117063985,68.1594268676572,67.41743968488602,68.06550598144531,18624200
2024-09-03,68.03733589443092,68.83567423988183,67.85888118030837,68.57269287109375,14755800
2024-09-04,68.84507006720258,69.06108741124558,67.53955026652612,68.15003967285156,18140800
2024-09-05,68.20639086899895,68.26274196756489,66.66606540542624,66.84451293945312,23866100
2024-09-06,66.67545267291834,67.31412473278125,66.58153178646586,66.81633758544922,17485700
2024-09-09,66.90088614942677,67.91524197874281,66.66608029867386,67.48320007324219,12939300
2024-09-10,67.59590334823551,68.01855097508633,67.17324855567946,67.20143127441406,10277600
2024-09-11,67.02296822732922,67.03236246574075,66.28098103831469,66.7599868774414,11418200
2024-09-12,66.68483918451706,67.04174137796403,66.36550677443873,66.90086364746094,12337800
2024-09-13,66.99070501389606,67.58647680163728,66.65027326853944,67.52973937988281,11073800
2024-09-16,67.87017308883006,68.31463547831193,67.72832953034013,68.18224334716797,10786500
2024-09-17,67.99312436228273,68.41866953356435,67.82290485080385,67.8985595703125,12974400
2024-09-18,67.98364944425037,68.44702186436109,67.39733633066069,67.85125732421875,10719700
2024-09-19,67.67159438561536,68.03095069041659,66.76375940977147,66.78267669677734,13635600
2024-09-20,66.58408521372188,67.89855521789231,66.5557092846017,67.74724578857422,48578500
2024-09-23,67.66213220272732,68.27680685093212,67.31223459704174,67.83235168457031,11613000
2024-09-24,67.3500628847618,67.91745876050167,66.76374972476025,67.45408630371094,13330600
2024-09-25,67.813424812596,68.01201297752995,67.43515854922371,67.56755065917969,12329100
2024-09-26,67.00962050405317,67.71886711631892,66.99070322075482,67.52027893066406,10815200
2024-09-27,67.65266833438811,68.27680157637663,67.57701363389576,67.88908386230469,11175700
2024-09-30,68.08767624527621,68.27680579335896,67.79452328129904,67.95528411865234,18015300
2024-10-01,68.18224611221778,68.79692801164528,67.73778370471128,67.81343841552734,13294500
2024-10-02,67.51081536295092,67.54864271195783,66.58407056418343,67.1514663696289,11155500
2024-10-03,67.00961632593646,67.13254980039217,66.38547588294017,66.6880874633789,9374800
2024-10-04,66.15853610400343,66.46114776267049,65.93157916371091,66.35712432861328,12684800
2024-10-07,66.24364434243121,66.29092312663535,65.12776258462074,65.2601547241211,14512000
2024-10-08,65.28852917454986,65.66679555557386,65.11830966383063,65.4209213256836,13549700
2024-10-09,65.43036200338969,65.95047182150846,65.31687995579311,65.78971099853516,9037700
2024-10-10,66.03559981549616,66.11125453068313,65.24123973569442,65.48711395263672,8635200
2024-10-11,65.68568759194558,65.80862106572002,65.25068389840239,65.78971099853516,8786300
2024-10-14,65.78971140618245,66.64080873135754,65.69514664001392,66.51786804199219,7659300
2024-10-15,66.63135009029193,67.34059665879964,66.34765579178635,66.51786804199219,10358700
2024-10-16,66.28145346583062,66.85830792697557,66.16797863073934,66.7353744506836,7937300
2024-10-17,66.79212077007713,66.84886541001481,65.79917975654591,66.10179138183594,14674600
2024-10-18,66.07343759996925,66.71648835087524,65.82756334422618,66.61246490478516,15087500
2024-10-21,66.19634843649587,66.50841866782697,65.5438392645907,65.67623138427734,11981200
2024-10-22,65.25068631597449,65.95993290636552,64.94807472600083,65.67623138427734,18603300
2024-10-23,63.349919257197,64.96700102142573,62.96220144264989,64.31449890136719,24655200
2024-10-24,63.97405438914794,64.34286209945611,63.31208646731052,63.64307403564453,17568800
2024-10-25,63.42556124774254,64.02132581557292,63.16077699537348,63.28371047973633,11138100
2024-10-28,63.32154517207321,63.73763888250142,62.98110617532841,63.04730224609375,10761400
2024-10-29,62.68794858534,62.735227366805184,61.95978464544154,61.99761199951172,16525900
2024-10-30,61.9503292988495,62.92436015633844,61.77065118209071,62.33804702758789,14177800
2024-10-31,62.23402339382238,62.40424286835178,61.713913543470596,61.761192321777344,13383700
2024-11-01,61.912500814916896,62.09217892838974,61.364015047874155,61.47749710083008,12163100
2024-11-04,61.54369854872725,61.86522023800334,61.13706350857623,61.57206726074219,10984500
2024-11-05,61.12759941520409,61.91250071349713,61.12759941520409,61.817935943603516,8780200
2024-11-06,60.91956382772522,61.33565754979125,59.74694459215738,60.23868942260742,22899300
2024-11-07,60.79662344870357,60.89118822534081,60.144114224695606,60.20085525512695,14856100
2024-11-08,60.43727271768846,60.74933937640395,60.27651187083217,60.44672775268555,14719300
2024-11-11,60.51292440213825,60.63586149544515,59.81313280263927,59.91715621948242,13980900
2024-11-12,60.21976747738045,60.28596354091061,59.69019536172426,59.76585006713867,15021000
2024-11-13,59.62399976425513,59.82258795639791,59.09443125187438,59.576717376708984,13177600
2024-11-14,59.680744793224044,59.680744793224044,59.03769417874103,59.15117263793945,15910800
2024-11-15,59.09443188473173,59.22682401424474,58.054201310501725,58.38518524169922,26284300
2024-11-18,58.489202399629285,58.7634452882763,58.21496311839708,58.498661041259766,16062100
2024-11-19,58.53648976273352,59.21736407205379,58.28116054395783,59.188995361328125,16254800
2024-11-20,59.29302164853981,59.58617462667436,58.649971053241686,59.567264556884766,18904900
2024-11-21,59.71857445418568,60.34271141499445,59.52944127661007,60.29542541503906,17292300
2024-11-22,60.74933937640395,60.97630350531542,60.19140212619792,60.44672775268555,19562200
2024-11-25,60.82499170338634,61.193799379882655,60.37107428558972,60.88172912597656,36805300
2024-11-26,60.81553161292382,61.12760185939746,60.579116071321934,61.04249572753906,14473300
2024-11-27,61.43021977327775,61.56261191298583,60.75880043194948,60.929019927978516,13263400
2024-11-29,61.00047268129575,61.21962785509961,60.76226764737469,61.057647705078125,10648400
2024-12-02,61.02905780206187,61.16245406179669,60.36206923383686,60.64792251586914,16500100
2024-12-03,60.71462695856501,61.05764802484913,60.05716870326184,60.5240592956543,24874500
2024-12-04,60.29537351054379,60.36207164307333,58.98046435372529,59.275840759277344,28137700
2024-12-05,59.52358553390331,60.142925914923495,59.17103407394502,59.95235824584961,21040400
2024-12-06,59.8666066475882,60.3716078813807,59.561696196019476,59.580753326416016,15581100
2024-12-09,59.733200939787835,59.961882847584775,58.98046435341905,59.64744567871094,22348300
2024-12-10,59.74273852506295,60.066702479885514,58.87565906285785,59.942832946777344,14949400
2024-12-11,60.028583190728774,60.62887004037327,59.45688385234642,59.68556213378906,32819000
2024-12-12,60.55264131240686,60.905189115355164,60.2382077678248,60.82896423339844,17542100
2024-12-13,60.571705446415116,60.82897126797513,60.133402328843026,60.14292907714844,13429000
2024-12-16,60.24773560409303,60.84802246249715,59.409240078757605,59.59980773925781,24559700
2024-12-17,59.504527683446575,60.552644398505635,59.38065815483112,60.40972137451172,21902400
2024-12-18,59.84754382706922,60.638394672066234,59.82848669848457,59.88565444946289,20946100
2024-12-19,59.742732891901795,60.19056270283047,59.45688322572322,59.50452423095703,21300600
2024-12-20,59.52358285592321,60.08575545527213,59.3425419427989,59.59980773925781,42458100
2024-12-23,59.55217102930107,59.79990646148149,58.627920171797975,59.43783187866211,13010800
2024-12-24,59.26631556003876,59.876129150390625,59.08527465149476,59.876129150390625,5019100
2024-12-26,59.66651079185095,59.78085357843862,59.456889619325764,59.61886978149414,7943800
2024-12-27,59.50452423095703,59.98094155284656,59.275842317148744,59.50452423095703,8542800
2024-12-30,59.39971201920382,59.39971201920382,58.77084129778836,59.104331970214844,8972200
2024-12-31,59.094811837498476,59.4854739409714,58.88518702863823,59.323490142822266,9256700
2025-01-02,59.409241978860685,59.790377312051056,58.713673085347786,58.92329788208008,12991000
2025-01-03,58.98047397227539,59.15198452240007,58.71367776387245,58.837547302246094,10403200
2025-01-06,58.59933390531835,58.6660320433716,57.79895261390345,57.94187927246094,17924200
2025-01-07,58.22772860205165,58.808958345659605,57.76083800373146,57.970462799072266,17799600
2025-01-08,58.11339230701777,58.85660224000385,58.05622091418189,58.79943084716797,14412400
2025-01-10,58.67556106226698,58.742259198770235,57.865649407222556,58.189613342285156,22425000
2025-01-13,58.2467892877508,58.932827836132645,57.84659680264995,58.74226379394531,18016200
2025-01-14,58.75177911694591,59.14244114310141,58.40875809207271,59.11385726928711,16658300
2025-01-15,59.390190472469044,59.666509781771246,58.77084644398692,58.85660171508789,16187200
2025-01-16,58.52310647063956,59.36160203786385,58.427824453017344,59.313961029052734,12585500
2025-01-17,59.37113421340137,59.809437323341186,59.237734296015425,59.75226593017578,17948900
2025-01-21,59.93330456260151,60.24773812602943,59.36160155716973,59.4759407043457,19817100
2025-01-22,59.190090959814675,59.352074750029914,58.75178786709854,58.866127014160156,18191900
2025-01-23,58.88518404996592,59.056694587671075,58.475464835978734,58.6279182434082,16528400
2025-01-24,58.808962932122824,59.085282251886845,58.54216672594297,58.99952697753906,19244600
2025-01-27,59.90471311498476,61.15292780848677,59.52358143784019,60.857547760009766,20742900
2025-01-28,60.514531396973176,61.01953626962897,59.34254512891991,59.41877365112305,14956000
2025-01-29,59.609341853449735,60.37160890839901,59.599811470701354,59.866607666015625,11325600
2025-01-30,60.8384928806838,61.2577424662547,60.24773639665991,61.0290641784668,13201000
2025-01-31,60.69556379772873,60.91471531612832,60.40018376782903,60.485939025878906,12096800
2025-02-03,60.20009945846149,60.62887582051414,59.48547339996577,60.36207962036133,12067900
2025-02-04,60.60981642791567,60.62887355827094,59.40924265896522,59.714149475097656,15678000
2025-02-05,59.761797353737286,60.3049128765497,59.63792781710999,60.14292907714844,10686800
2025-02-06,60.61934416323325,60.7336869472276,59.94283238109208,60.37160873413086,13423400
2025-02-07,60.43830217208391,60.905189115355164,60.28584877339472,60.82896423339844,13184700
2025-02-10,61.07670175071887,61.60076373439831,60.657455798551176,61.5054817199707,16154300
2025-02-11,64.31634670046172,64.47832686597773,63.27776029498014,64.41162872314453,30589100
2025-02-12,63.71604908383795,65.5740735516758,63.71604908383795,65.4692611694336,26033800
2025-02-13,65.74559042951186,66.32682014385861,65.51691215044882,66.22200775146484,24393100
2025-02-14,66.08862163087123,66.72701919562262,65.51692221065278,65.62173461914062,20779100
2025-02-18,65.31682602586872,66.09815024211505,65.19295285394827,65.79324340820312,15569100
2025-02-19,65.9456831060886,66.82228921084233,65.90756884898393,66.76512145996094,16032300
2025-02-20,66.42211215292754,66.76513325793312,66.14578919225346,66.7365493774414,13398000
2025-02-21,67.00334538110558,68.22297280813662,66.82230443599686,67.9847640991211,21662300
2025-02-24,67.49879824491676,68.34682771019793,67.01285784256636,67.26058959960938,21418400
2025-02-25,67.51787313833563,68.38494900855872,67.39400723389018,68.11815643310547,21555600
2025-02-26,67.90853488015581,67.91806526389477,67.20343914408183,67.46070861816406,14531200
2025-02-27,67.38447049822771,68.16579465392162,67.09861718315969,67.52739715576172,16789500
2025-02-28,68.0800347934527,68.19437757178105,67.23201251211783,67.85135650634766,22167400
2025-03-03,66.92709890958112,68.94711083760347,66.44115850752485,68.90899658203125,21717600
2025-03-04,68.67079746842167,69.22344334660016,66.58408712089883,66.87947082519531,25411900
2025-03-05,66.6031476645901,67.40352533138501,66.54597263871051,66.774658203125,23933600
2025-03-06,67.08909663415844,67.20343214891359,66.17436889880489,67.13673400878906,21694000
2025-03-07,66.36494461582937,68.43259436663374,66.36494461582937,68.06098937988281,28393300
2025-03-10,68.56598005213787,69.76655373804098,67.95616646205566,68.08003234863281,25251200
2025-03-11,68.48975447631675,68.64221151515812,67.27965762610813,67.68937683105469,28076400
2025-03-12,67.05097743305603,67.39399849115514,66.45068694660685,66.6412582397461,18923300
2025-03-13,66.93663268652976,66.93663268652976,66.01238193328149,66.33634948730469,15746600
2025-03-14,65.76043910799399,66.48033879844975,65.63565180813471,66.38435363769531,14205100
2025-03-17,66.46113729051064,67.35381319850408,66.3075624981324,67.30582427978516,15634800
2025-03-18,67.29621791804185,67.37300896938443,66.51872866199184,66.59551239013672,12657600
2025-03-19,65.79882877557145,66.59551212974313,65.78922806339173,66.49952697753906,14780000
2025-03-20,66.52831407540418,67.00824710396303,66.31714237112679,66.91226196289062,16295300
2025-03-21,66.91227080432941,67.16183806265164,65.44367671459847,65.91400909423828,47479500
2025-03-24,66.03879570783279,66.30755706487108,65.5876574342909,66.18276977539062,12575400
2025-03-25,66.18277393647973,66.3075612338059,65.84682221905969,66.04839324951172,12513900
2025-03-26,66.15397232362825,67.52658119078873,66.13477822311859,67.20982360839844,14478200
2025-03-27,67.36340201938852,68.14089120344384,67.25781616436902,67.90092468261719,11663400
2025-03-28,67.96812780231127,68.45766164738845,66.73950015624953,67.54579162597656,17412900
2025-03-31,67.89134038486716,69.05277762239639,67.66096722132563,68.74562072753906,24016900
2025-04-01,68.80321114796253,69.02398360142888,68.33287874925367,68.98558807373047,15309100
2025-04-02,69.07196768036779,69.4559156072594,68.19849328680702,68.46725463867188,14606500
2025-04-03,69.57110803839021,70.98210525445046,69.41752592542684,70.24301147460938,24959600
2025-04-04,69.5134925869383,70.07981732379432,66.98904769324133,67.12342834472656,26517300
2025-04-07,63.57194722354735,66.59552016016018,63.39917099946673,65.62606048583984,34258400
2025-04-08,66.19237035984773,67.17143795653747,65.0405338824221,65.67404174804688,22774400
2025-04-09,65.19411190525531,67.64177369555041,64.57979811030717,67.14263916015625,27918700
2025-04-10,67.37300447989072,68.35206468807569,66.21156736771948,67.92012786865234,22450200
2025-04-11,68.06411287064381,68.96638208060541,67.70895975535404,68.56324005126953,19988200
2025-04-14,68.43846469374293,69.74388334411029,68.08331155454655,69.54230499267578,13930200
2025-04-15,69.70548299623432,69.71507638510735,68.84160198981712,68.97598266601562,14965500
2025-04-16,69.45590898458656,69.7534651210365,68.52483773069196,68.8031997680664,15276200
2025-04-17,69.01438479635654,70.48297898622377,68.84160857853696,70.07023620605469,20754500
2025-04-21,70.43496803341189,70.52135978587704,68.93757934051939,69.84944915771484,16037200
2025-04-22,70.07023151753403,71.39484421671976,69.99344046515282,70.93411254882812,15613500
2025-04-23,70.34859936010761,70.98210728621928,69.47511754482223,70.35820007324219,16353900
2025-04-24,70.08942251223019,70.482971145841,69.39832504102648,69.60948944091797,16893900
2025-04-25,69.73427809601003,69.9934387374021,68.27527742957292,69.02397918701172,16316000
2025-04-28,69.18715264581955,69.35992884274141,68.44805162218812,68.9087905883789,15997500
2025-04-29,68.33287106542518,69.79186433791486,67.45938938570245,69.4463119506836,16244100
2025-04-30,70.40618662606003,70.5309739230199,68.81281248960282,69.63829803466797,21074700
2025-05-01,69.11036766104213,69.14876318852649,68.37127389576314,68.42886352539062,18034200
2025-05-02,68.63043266918382,68.93758955743267,68.24648472807328,68.7744140625,12629600
2025-05-05,68.79360814008795,68.91839543174407,68.16010026219504,68.82240295410156,11932700
2025-05-06,68.80321061273699,69.01438235183649,68.30408340293658,68.84160614013672,12705500
2025-05-07,68.84159166017498,69.77266286498472,68.7935954302212,69.49430084228516,15018200
2025-05-08,69.30232819009716,69.56149613322366,68.27527177530021,68.31366729736328,14371100
2025-05-09,68.14089656715828,68.29447866771115,67.63216867467273,67.68975830078125,11228900
2025-05-12,67.33460629425579,67.50738247983273,65.94279609844249,66.73948669433594,21539000
2025-05-13,66.79708058024373,66.89307305195784,66.10598311700514,66.19236755371094,14389100
2025-05-14,66.11558493510522,66.55712253313428,65.82762945284192,66.38435363769531,16286800
2025-05-15,66.90267489122608,68.85120953590675,66.80668973058525,68.73602294921875,19817100
2025-05-16,68.97597852376606,69.35992642836047,68.56323580788658,69.11035919189453,18441200
2025-05-19,69.13915225718317,69.27353292191808,68.76480507353638,69.04316711425781,13282800
2025-05-20,68.9183986769961,69.23514896925887,68.56324553330973,68.81281280517578,12137800
2025-05-21,68.8128024916149,69.18714968170829,68.70721663561963,68.96637725830078,12094400
2025-05-22,68.95677730503492,69.10075868508395,68.11209777098294,68.28487396240234,11101800
2025-05-23,68.66881469337791,69.09115807787458,67.85293005594275,68.88957977294922,12822100
2025-05-27,68.86079728430815,69.32153627011574,68.68802108003003,68.8991928100586,10666100
2025-05-28,68.82239368063229,69.01437128685143,68.19848659921152,68.29447174072266,8710900
2025-05-29,68.15050195099707,68.78401717440904,67.63217331089585,68.62083435058594,10291100
2025-05-30,68.73601984177081,69.56150536772003,68.73601984177081,69.20635223388672,28019500
2025-06-02,69.1391540031796,69.14875471467369,68.49604547382235,69.11035919189453,10202700
2025-06-03,68.8319914362851,68.8991817647776,67.64175962161927,68.30406951904297,20139800
2025-06-04,68.40005989577766,68.9663773759941,67.84333580379744,68.50564575195312,13565900
2025-06-05,68.51524072529065,68.59203177213975,67.987318755397,68.0641098022461,13531400
2025-06-06,68.22729715051463,68.61124512833919,68.09291645675582,68.48645782470703,9524000
2025-06-09,68.48643780949135,68.94717671286922,68.23687059836182,68.88957977294922,12281300
2025-06-10,69.01437512824316,69.77267023782304,68.87999445800847,69.4463119506836,12265000
2025-06-11,69.36953686620112,69.45592864448676,68.88001030764538,69.17756652832031,12718500
2025-06-12,69.35032947177953,69.49431085919782,68.72641500843196,69.34072875976562,12806900
2025-06-13,69.37939893453517,69.4857355178651,68.37404694257829,68.65438079833984,17467200
2025-06-16,68.82837813925082,69.23439385761984,67.90035590847108,68.17102813720703,15045900
2025-06-17,68.03569747661606,68.11303451253002,67.26234924327349,67.30101776123047,15437000
2025-06-18,67.6683496310916,67.6683496310916,66.7886575457603,66.9046630859375,16227600
2025-06-20,66.7886697918786,67.24301568846545,66.48899797722181,66.5469970703125,40859400
2025-06-23,66.83700962805094,67.48469077447686,66.67267394169208,67.41702270507812,21822800
2025-06-24,67.61035750563408,68.00669690197547,67.36868480351244,67.8713607788086,15216100
2025-06-25,67.60069442202018,67.68769306223604,67.11734897566662,67.31068420410156,12540400
2025-06-26,67.37834825067493,67.59102141442149,66.84667271657428,67.15601348876953,14454100
2025-06-27,67.27200922058512,68.20970047647026,67.1560110447745,67.98736572265625,23470700
2025-06-30,67.79402065300135,68.43204009763949,67.75535213739312,68.39337158203125,15429000
2025-07-01,68.62538759931503,70.03675548326471,68.53838895505369,69.2827377319336,21729300
2025-07-02,69.30206759005999,69.43740371551085,68.38370688133973,68.54804992675781,13050200
2025-07-03,68.67371687715206,69.02172616307934,68.10336545705684,68.973388671875,9440500
2025-07-07,68.99272362630313,68.99272362630313,68.44171017669292,68.64471435546875,16984700
2025-07-08,68.32570642189037,68.32570642189037,67.55235082745048,67.90036010742188,17115500
2025-07-09,67.82302996969725,67.91002860144354,66.6726655592818,67.16567993164062,33704100
2025-07-10,66.98200694677584,67.52335143897223,66.85633979687755,67.44601440429688,14608400
2025-07-11,67.25267628255256,67.82302766951975,66.94333553250321,67.54268646240234,12916700
2025-07-14,67.47502323438938,67.74569548815201,66.9626708966064,67.15601348876953,13983200
2025-07-15,67.19468008394853,67.23334860127437,66.84667080328141,67.04967498779297,12639800
2025-07-16,67.04000640766368,67.18501150466933,66.49866191245926,66.9626693725586,13178300
2025-07-17,67.4846832135171,68.33537584809433,67.19468039512854,68.23870086669922,20464700
2025-07-18,68.0936973125275,68.34503159188293,67.50401537780172,67.52334594726562,14928000
2025-07-21,67.85203614087102,68.26771351987851,67.60069444361235,67.73603057861328,17811700
2025-07-22,67.13667958429808,67.91970422299052,66.40199981563953,67.33969116210938,22339900
2025-07-23,67.33969157998246,67.41702124671792,66.31499421162532,66.8563461303711,21030000
2025-07-24,66.95300628111538,67.23334749566862,66.69199563727439,66.79833221435547,12511400
2025-07-25,66.82733642445754,66.9240114105658,66.45999655315042,66.86600494384766,12574800
2025-07-28,66.45032622860786,66.60500030302391,65.79297616287126,65.82197570800781,13668800
2025-07-29,66.0636409991318,67.10766875840231,65.87997477547003,67.06900024414062,16223400
2025-07-30,66.80800839697264,67.02068157408556,66.24732590735974,66.45999908447266,10448200
2025-07-31,65.87997324101114,66.36331859512676,65.48362651050923,65.62863159179688,17193400
2025-08-01,66.31498827966506,66.74033459736049,65.99597854139348,66.56632995605469,16107500
2025-08-04,66.43099826868063,66.77900757453297,66.03465146885642,66.66300201416016,10701500
2025-08-05,66.60500252361152,67.17534659768772,66.4599974178285,66.75000762939453,11993400
2025-08-06,66.81767044003028,67.47502047598066,66.34398664004432,67.1946792602539,10783000
2025-08-07,67.14634646354497,68.36437901608284,67.02067930644212,68.08403778076172,15790800
2025-08-08,68.0163624814864,68.50937683429015,67.74569024865774,67.99702453613281,9232700
2025-08-11,67.95836368815269,68.4997081561376,67.62968499311525,68.39337158203125,10909400
2025-08-12,68.46104238892215,68.69304611662024,67.88102938204416,68.35470581054688,11061100
2025-08-13,68.33537925228813,68.41270891588465,67.89070234172783,68.113037109375,10356500
2025-08-14,68.03570819492266,68.11304524302025,67.07868619433215,67.23336029052734,10722400
2025-08-15,67.41701403849164,68.04536453085645,67.25267837325846,67.59101867675781,12381100
2025-08-18,67.64902461327155,67.71669267344487,66.75000188510313,66.82733154296875,14094900
2025-08-19,66.99168140500225,67.88103525078981,66.93367493661356,67.79402923583984,13862200
2025-08-20,68.38370025255684,69.32139144176098,68.064697916497,68.34503173828125,17530800
2025-08-21,68.24836713460053,68.54804628956838,67.98736387087015,68.3063735961914,8840400
2025-08-22,68.5963844419436,68.65438353506613,67.59102503464483,67.79402923583984,12999600
2025-08-25,67.77469821950766,67.8907037802594,66.4309984856809,66.63400268554688,13634600
2025-08-26,66.74033800590303,66.7790065254198,66.29566109435903,66.44066619873047,17964200
2025-08-27,66.52766165420819,66.5759991451087,66.1893213437015,66.5373306274414,11562700
2025-08-28,66.5856762795385,66.6050142305171,66.00566312972582,66.08300018310547,16209900
2025-08-29,66.38266055805497,66.83700644894967,66.15065681333263,66.69200134277344,14601100
2025-09-02,66.66299883480383,67.03033869556573,65.98631820306724,66.7596664428711,24770100
2025-09-03,66.372998959505,66.7983379289516,65.12596684681509,66.69200134277344,33581500
2025-09-04,66.80800109283466,67.14634139431152,65.8413103027491,65.97664642333984,16736000
2025-09-05,65.74464181024622,66.29565525813736,65.60930569148456,65.69630432128906,23978000
2025-09-08,65.59964497175805,65.6189755446137,64.92296429281627,65.18396759033203,21671700
2025-09-09,65.0389498805289,65.8413049410246,65.0389498805289,65.5996322631836,14120600
2025-09-10,65.5319669491878,65.8219697495671,64.9712845430833,65.56096649169922,16041900
2025-09-11,65.65764812603881,65.8993208656446,65.32897674030293,65.36764526367188,15128700
2025-09-12,65.34829045032448,65.46429599049445,64.71027841755169,64.77794647216797,18712400
2025-09-15,64.95329851534109,65.0507074942094,64.38831603334468,64.49546813964844,15986100
2025-09-16,64.63184082473276,64.78770113307718,64.34934958972994,64.52468872070312,18555900
2025-09-17,64.69028714199013,65.3916361796912,64.69028714199013,65.30397033691406,17372300
2025-09-18,65.07019021203499,65.30397323497685,64.63183868321215,64.7389907836914,17722900
2025-09-19,64.76820646536532,65.00199689751305,64.33960553674967,64.70976257324219,31192900
2025-09-22,64.44676736612864,64.86562523207951,64.3688372103025,64.49546813964844,13298700
2025-09-23,64.6318351963265,65.03122162780743,64.19349112298063,64.98251342773438,15072800
2025-09-24,64.6902904026735,65.05070435025,64.25193887120895,64.729248046875,14759300
2025-09-25,65.02147287662503,65.18706885162358,64.24218633383718,64.27141571044922,14395000
2025-09-26,64.35908374491895,64.61235299475709,63.803844479545624,63.96944046020508,17821600
2025-09-29,63.96944314787988,64.3883083959761,63.657729993377664,64.32986450195312,14818500
2025-09-30,64.35908161115692,64.91432085812184,64.25192952561744,64.60260772705078,13815000
2025-10-01,64.78769238164102,65.09940552439548,64.57338820252966,65.05069732666016,14877500
2025-10-02,64.8071708943868,64.92406610930084,64.15452266606191,64.3883056640625,14350700
2025-10-03,64.38830420314805,65.2552565898979,64.32986031293083,64.92406463623047,12249200
2025-10-06,64.76820582274878,64.77794894861516,64.13503641432914,64.3883056640625,14333300
2025-10-07,64.5052007990212,65.51827036487138,64.16426571239552,65.06044006347656,13328300
2025-10-08,64.9435518374907,65.13837721640509,64.34934743750138,64.40779876708984,12606700
2025-10-09,64.57339126379284,65.07018666330032,64.40779527456631,64.65132141113281,12705200
2025-10-10,64.7974318058862,65.65464857167859,64.66105776256977,65.30397033691406,17991700
2025-10-13,64.51495110345067,65.0701904296875,64.29090377483693,65.0701904296875,13690000
2025-10-14,65.13836877585868,65.82023893413239,65.02147356365718,65.76179504394531,14245600
2025-10-15,65.52800846183872,65.96635995942698,65.18707336271082,65.34293365478516,11193700
2025-10-16,65.44033510343294,66.34625250951413,65.42085628507533,65.83971405029297,15707200
2025-10-17,66.23910860494007,66.72616087409403,66.04429067000962,66.66771697998047,15541800
2025-10-20,66.6579738536856,66.86253491491092,66.16117845823675,66.66771697998047,17786800
2025-10-21,68.74255537095344,69.54132077649946,68.41136340291547,69.37572479248047,33651300
2025-10-22,69.51210172620927,69.76537099173758,68.6841143397902,68.9763412475586,18293000
2025-10-23,68.97634194857389,69.09323717196605,67.9145715387836,68.12887573242188,13989400
2025-10-24,68.09965631216875,68.23603036194066,67.84638703466588,67.90483093261719,15688200
2025-10-27,67.97301758797408,68.30421701549703,67.45674334066871,68.24576568603516,13800000
2025-10-28,68.23603331936432,69.0640207808164,68.13861690945225,68.34318542480469,12730500
2025-10-29,68.10938372024359,68.2165358080024,66.39496517975726,66.58003997802734,19789600
2025-10-30,66.67745914657448,67.4957109027282,66.61901524678798,67.19374084472656,14751700
2025-10-31,66.77486387469806,67.2813949251758,66.14169448773043,67.11579895019531,16742700
2025-11-03,67.0183931693914,67.10605900789466,65.90791462405109,66.20988464355469,15660400
2025-11-04,66.69693680838454,66.9502060612112,66.39496678928617,66.88201904296875,12743800
2025-11-05,66.88201803918358,67.04761401931171,66.41444461266163,66.73590087890625,12850100
2025-11-06,66.53133817647752,67.34958236280433,66.16117372204913,67.27165222167969,15906700
2025-11-07,68.00223318138879,69.03478901132647,67.61259732447542,68.72307586669922,25108300
2025-11-10,68.19705970069418,68.8302291266806,67.64182042014589,68.69384765625,15318000
2025-11-11,69.14193971281195,69.89199689731565,68.83022657444545,69.75562286376953,16160200
2025-11-12,69.63873213098434,70.02837543697167,69.4926149622606,69.65821838378906,13612600
2025-11-13,69.57054171759758,69.81406784298696,69.16141961058204,69.22960662841797,14002800
2025-11-14,69.56081742507088,69.7848573353276,68.77178759583829,69.31729125976562,13172000
2025-11-17,69.35623964330925,69.67769592221889,68.79126466344636,68.8497085571289,14772300
2025-11-18,69.15167748388069,69.49261257798673,68.74255537095344,69.37572479248047,12838900
2025-11-19,69.3562434209824,69.59976956702774,68.97634322769791,69.2685775756836,12401500
2025-11-20,69.11271279926648,69.62899443818439,68.78152082937,69.36598205566406,15396500
2025-11-21,69.82381126314507,71.29471114760685,69.63872902888441,71.06092071533203,26492500
2025-11-24,71.26549762288701,71.26549762288701,69.71666741131025,70.71025085449219,39818600
2025-11-25,70.91481858221395,71.04144950605838,70.27190597232288,70.729736328125,17451200
2025-11-26,70.71998873192953,71.1972978797638,70.515427668572,70.99273681640625,11795100
2025-11-28,71.10962913652307,71.3336764435327,70.87584613534212,71.22652435302734,7423000
2025-12-01,71.21671831936781,71.52081684022899,70.5594859243936,70.5791015625,14388100
2025-12-02,70.43196064642193,70.43196064642193,69.08806126715312,69.323486328125,19871300
2025-12-03,69.5294813815299,70.03957772438277,69.26462913414561,69.4608154296875,17001700
2025-12-04,69.48044575222406,69.98072310292449,69.02921123847932,69.10768127441406,17710000
2025-12-05,68.98015470377784,69.36272322410035,68.53873179079882,68.66625213623047,13978200
2025-12-08,68.50929973805755,69.03901174436555,68.16596996101379,68.91149139404297,17775100
2025-12-09,69.02920314802958,69.28424383197529,68.49949117640585,68.75453186035156,13010600
2025-12-10,69.04882408874262,69.1861560011192,68.45044612023273,68.87225341796875,29789400
2025-12-11,69.20577045041821,69.34310234558625,67.47930271741396,67.79320526123047,23124200
2025-12-12,67.79321511313755,69.27444646516616,67.72454915557479,69.17634582519531,18444500
2025-12-15,69.0880629502666,69.96110474483282,68.98015823551995,69.6177749633789,18660100
2025-12-16,69.94148583256967,69.94148583256967,68.98015500548561,69.02920532226562,17370000
2025-12-17,69.22539317638903,69.5687229494788,68.97034499465332,69.323486328125,13672700
2025-12-18,68.93109722766174,69.45100508356167,68.83300408874683,69.0193862915039,15524800
2025-12-19,68.72511291503906,69.42158406762722,68.69568571597634,68.72511291503906,36911100
2025-12-22,68.5975895932156,68.88206497857506,68.33273732906876,68.87225341796875,12828500
2025-12-23,68.86244109216697,68.9213029711228,68.36216376722332,68.53873443603516,9471000
2025-12-24,68.56815681129734,68.82320497809492,68.4210133502977,68.77415466308594,4515300
2025-12-26,68.61720446792987,68.82320981823354,68.40140252518461,68.53873443603516,5711400
2025-12-29,68.66625663385389,69.07825237749029,68.51911315854717,68.82321166992188,9686900
2025-12-30,68.66625073563718,68.90167578548883,68.47006444143203,68.73491668701172,8610900
2025-12-31,68.73491995813721,68.82320903355043,68.54853773095313,68.57797241210938,8127800
2026-01-02,68.51911104084333,68.53873416175935,67.6656923816912,67.80302429199219,12151300
2026-01-05,67.60683119443907,67.60683119443907,66.62588469138326,66.6455078125,21186600
2026-01-06,66.71416800720209,66.94959305207736,66.30216482363629,66.54740142822266,21019900
2026-01-07,66.69455098676899,66.77302850357967,65.98826830352877,66.25312805175781,20223400
2026-01-08,66.25312960190571,68.13654514526131,66.16484052242099,68.04826354980469,19237000
2026-01-09,68.10711049016953,69.31367788417414,67.80301949374109,69.16653442382812,19638600
2026-01-12,69.54911076228863,69.61777672031234,68.90168245746969,69.15673065185547,20582500
2026-01-13,69.07824598974003,69.88262176513672,68.93110252803984,69.88262176513672,18324800
2026-01-14,69.81395953292851,70.34367153284843,69.46081819964854,70.07881927490234,16739100
2026-01-15,70.22595150378933,70.23576306364107,69.02920314283398,69.1371078491211,15464100
2026-01-16,68.95072640972062,69.39214931567197,68.70548979885264,69.09786987304688,20027500
2026-01-20,68.66625529963795,70.41233887981285,68.46025743182238,70.3829116821289,22152200
2026-01-21,70.60852751637842,70.86356820037227,69.48043762200533,70.63795471191406,21660600
2026-01-22,70.46138685340301,70.66738471436216,70.07881832818924,70.50062561035156,13962800
2026-01-23,70.64776418886787,71.66794945492002,70.41233912255672,71.49137878417969,18307100
2026-01-26,71.47176191642889,71.90338076725783,71.15785933874271,71.17747497558594,14017400
2026-01-27,71.05976183920744,72.15841705188214,70.89299525811732,72.14861297607422,13239200
2026-01-28,71.81508168233559,72.21727327983126,71.18727661446206,71.66793823242188,14633700
2026-01-29,71.78566243220233,72.67831982147118,71.74642367561515,72.03089904785156,20862100
2026-01-30,72.3055657524971,73.47289448457488,72.1388066433511,73.38460540771484,26420500
2026-02-02,73.5808041238348,74.25765216627171,72.98242611893644,73.89470672607422,19301500
2026-02-03,73.83583657844842,76.02335047210165,73.69850467309199,75.42497253417969,27007100
2026-02-04,75.79772793316883,76.62172683236868,75.61135319918118,75.87620544433594,28607300
2026-02-05,76.33725131507063,77.357436506125,76.1116303419223,77.01410675048828,21633500
2026-02-06,77.00429999362849,77.69095954773124,76.7688749299401,77.52420043945312,18512400
2026-02-09,77.17105742738666,77.60267627147296,76.06259060437952,76.4843978881836,23415600
2026-02-10,75.16992591662607,76.03316360706373,74.56174389002975,75.34649658203125,28848200
2026-02-11,75.41516491122366,77.54382452343293,75.12088544896557,77.1023941040039,22649700
2026-02-12,77.47515822762603,78.8779120285895,77.28877599685985,77.4947738647461,26043500
2026-02-13,76.95524907070349,77.88715272569758,76.64134649357536,77.18087005615234,16711900
2026-02-17,77.48495871799821,78.12257541329457,77.23972210319404,78.04409790039062,16260200
2026-02-18,77.98524490990567,78.3187631197028,77.41629415716362,77.97543334960938,16304900
2026-02-19,77.94600255820342,78.15200041075971,77.09257646844678,77.40648651123047,14924700
2026-02-20,77.81848641429748,78.31876373291016,77.38686756621337,78.31876373291016,17175100
2026-02-23,78.00486204858902,79.30952268409519,77.98524641164639,79.0250473022461,17157700
2026-02-24,79.00542854492173,79.5449446058556,78.32857309470242,79.18199920654297,16448500
2026-02-25,78.86809399840112,79.15256935948766,78.0440951104216,78.93675994873047,18086900
2026-02-26,79.21143078063585,79.34876269348376,78.4953365344764,78.96619415283203,12843200
2026-02-27,79.39780707302857,80.43760790224196,79.28009080623886,80.00598907470703,28483500
2026-03-02,79.70189427629934,79.84903773176869,78.62285474290255,78.69152069091797,18137200
2026-03-03,78.33838154573644,78.55419095515605,77.06314820863547,77.82828521728516,20549300
2026-03-04,77.77925199435705,77.95582267078123,76.26859342584537,76.61192321777344,21011800
2026-03-05,76.19992600017,76.23916475906736,75.04240880679556,75.56230926513672,23165700
2026-03-06,75.33669559764414,75.71926414105175,74.89526517400058,75.5721206665039,15516000
2026-03-09,75.1601250195247,76.58249447921091,75.07183594107374,76.31764221191406,18554100
2026-03-10,76.00373792287166,76.91601846495098,75.63097346402618,76.39611053466797,17243900
2026-03-11,76.22934879011198,76.22934879011198,75.1404976167675,76.15087127685547,11546800
2026-03-12,75.94488149012138,76.67078733886274,75.43479256778942,76.13126373291016,16842200
2026-03-13,76.51645860654624,77.08932146182339,76.23990620344355,76.38805389404297,11974500
2026-03-16,77.039929223689,77.46463682723909,76.78312734967358,76.86214447021484,11761200
2026-03-17,77.039935424523,77.33624588265866,76.49670209643693,76.62510681152344,14900100
2026-03-18,76.13125009674869,76.18063014232749,74.91638643610948,75.034912109375,13134600
2026-03-19,75.06455245094921,75.50901060258201,74.60033624985078,74.6200942993164,13023300
2026-03-20,74.63983982423535,75.11393501837722,73.47436365476938,73.8299331665039,33298700
2026-03-23,74.41267355180723,74.52132021900218,73.63240390266265,74.18550872802734,15054900
2026-03-24,73.93858695477455,74.75837271563083,73.711414592126,73.75092315673828,15653700
2026-03-25,73.67190388063793,74.7188619736333,73.15830762662145,74.32378387451172,14787900
2026-03-26,74.26452137646328,74.81762616846487,73.73116709753849,73.77067565917969,11202100
2026-03-27,73.89906958357325,75.11393331028819,73.78054390386119,74.77811431884766,17461000
2026-03-30,74.99541106285753,76.05224059832382,74.78799676548425,75.33122253417969,18502800
2026-03-31,75.58802505147659,76.07199174940631,74.58058309357364,75.11393737792969,18301800
2026-04-01,75.21270041236761,75.42011469878683,74.33365568328682,75.14356231689453,15834300
2026-04-02,75.63741197319341,76.012732006077,75.18307481691718,75.77568817138672,14573400
2026-04-06,75.69666842845912,76.32879032274997,75.28183984823463,76.26953125,8259900
2026-04-07,76.24977758167553,76.64485567217139,74.69910229325674,74.97566223144531,12769200
2026-04-08,74.87688972634012,76.41769358065018,74.39292300436185,76.33867645263672,12331300
2026-04-09,75.7065457963766,77.32635905700035,75.4299934156097,77.21771240234375,14311000
2026-04-10,77.02018134532221,77.2078375936662,76.35842235751673,76.5164566040039,11081400
2026-04-13,76.36830830752454,76.49670549282379,74.89665004721648,75.46951293945312,12696200
2026-04-14,75.03491262881126,75.67691350967509,74.8670069088046,74.96577453613281,12397600
2026-04-15,74.80774133775988,74.80774133775988,73.80029946831147,74.3830337524414,16212100
2026-04-16,74.10649107110758,74.90651876429888,73.97809389056084,74.25464630126953,11501900
2026-04-17,74.0274697523208,75.12380784376332,73.87932206603473,74.80774688720703,15033900
2026-04-20,74.88676055073168,75.28183861204782,74.43242341763867,74.55094909667969,10141800
2026-04-21,74.55094604531163,74.60032609127549,73.70153088566903,73.7805404663086,11806900
2026-04-22,73.97809143499809,74.45217911319425,73.63240093308676,73.71141052246094,9352300
2026-04-23,74.51144539913425,75.7164301738087,74.23489299881311,75.34110260009766,12060300
2026-04-24,75.76581522543495,76.06212569418517,75.2324609029775,75.68679809570312,12008700
2026-04-27,75.76580889567012,75.76580889567012,74.47193553023166,74.51144409179688,15812200
2026-04-28,78.5412172531557,79.33137339178496,77.11894675330538,77.3856201171875,30710700
2026-04-29,77.40537762829057,78.30417288264714,77.22759287510647,77.89922332763672,18294700
2026-04-30,77.83008931178934,78.14615027452248,77.36587312438706,77.79058074951172,15142200
2026-05-01,78.31405296705915,78.65974345418515,77.07943870197528,77.61279296875,12610400
2026-05-04,77.09918776439626,77.80044774951499,76.77325533151526,77.22759246826172,12672400
2026-05-05,77.22759142265622,77.81032571989103,76.78312578031152,77.51402282714844,11637500
2026-05-06,77.81032561800292,78.35355889055049,77.60291133270854,78.25479125976562,14060300
2026-05-07,77.82020726756068,78.17577677877368,77.13869778182115,77.46463775634766,16531400
2026-05-08,77.60291290735682,78.22515577586594,77.15845479206278,77.45475769042969,12447200
2026-05-11,77.197964898586,77.76094870579604,76.88189641055054,77.69181060791016,10967900
2026-05-12,78.02762378533136,79.3313761851351,77.31648474262246,79.0449447631836,19883100
2026-05-13,78.88691096108596,80.03262901043091,78.85727389073038,79.27210998535156,12357000
2026-05-14,79.73633778069699,79.92399404078861,78.92643105546759,79.45977783203125,10642000
2026-05-15,80.35858013833334,80.35858013833334,79.45977726641584,79.82522583007812,17527200
2026-05-18,79.87460620034847,80.38820241253838,79.40051101291462,80.2005386352539,12375500
2026-05-19,80.40796491275718,81.64257923064999,80.25980968751249,80.91168212890625,16595200
2026-05-20,81.15860564413343,81.38577799606436,80.51660468657677,80.5462417602539,16999700
2026-05-21,80.78327742427693,80.79315644783601,79.7264479680681,80.17090606689453,15708400
2026-05-22,80.18079373220023,80.67463946656079,79.92399184039613,80.47710418701172,8240200
2026-05-26,79.8449702931104,80.59561787770932,79.2523569517902,79.46965026855469,13004200
2026-05-27,80.10177555661761,81.4944241263008,79.80547264117644,80.6153793334961,13209600
2026-05-28,80.31906812497644,80.75365477277636,79.3511271918278,79.42027282714844,14691400
2026-05-29,79.05481939545376,79.34125080149192,77.93873084267382,78.0374984741211,32477000
2026-06-01,77.61279902747475,78.22516292804762,77.46464379700167,77.67205810546875,12776300
2026-06-02,77.90910155100578,78.22516252449005,77.28685862881466,77.44489288330078,12533200
2026-06-03,77.32636456210945,78.05725412552592,77.14857979960406,77.79058074951172,14964300
2026-06-04,78.79802415565302,79.05482604741398,75.86457928836613,75.87445831298828,19361600
2026-06-05,76.55596332961437,79.74620236531564,76.52633379298052,78.50171661376953,25708100
2026-06-08,78.33380939294958,78.94618082743337,78.12639508501668,78.56098175048828,12828900
2026-06-09,78.57085283067298,80.75364989114632,78.40293956795405,80.33881378173828,20591600
2026-06-10,81.66232383960407,82.8179209490803,81.1092190765359,82.56111907958984,20880500
2026-06-11,82.88706594879034,83.0055916373867,81.47466685217361,81.51417541503906,14264500
2026-06-12,81.69195409893706,81.86973885085317,80.86229694698676,81.60306549072266,11757700
2026-06-15,80.59905875880257,80.7183420997319,79.77398025805853,80.43006896972656,20055200
2026-06-16,80.66864464780673,80.90721891798076,79.36641000813258,79.80380249023438,17565100
2026-06-17,79.47575724032673,79.85350804669757,78.52145258615798,79.45587921142578,17055400
2026-06-18,79.39623876813289,79.53540772500882,78.27293672231222,78.91908264160156,46857900
2026-06-22,78.77991251761773,79.58510541106253,78.59103711431025,79.0582504272461,21205900
2026-06-23,80.84757201898508,80.84757201898508,79.3564696545662,79.8336181640625,16854000
2026-06-24,80.41018317932853,81.09609272471494,80.08213882421857,80.12190246582031,20632600
2026-06-25,80.05231839480312,80.89727492674004,79.4956425778356,79.9429702758789,16021400
2026-06-26,80.4797623210587,82.31878701442906,80.22130245985042,82.13985443115234,53357500
2026-06-29,82.33867685516257,83.12399170076121,81.72235179574442,82.15974426269531,15015800
2026-06-30,82.01063304075272,82.05039668202069,80.5294734281817,80.78792572021484,16422100
2026-07-01,81.21537195591496,81.49371743304293,80.47976358385225,80.80780792236328,21734800
2026-07-02,81.14578629545979,83.64089965820312,80.91715485133743,83.64089965820312,18308400
2026-07-06,83.60114036333422,84.05841085947863,81.8317000482984,82.46790313720703,18992600
2026-07-07,84.09817035141258,85.1717658550302,83.14386576513202,83.55143737792969,17835200
2026-07-08,83.67072556663383,84.32681427385329,82.77606259503419,82.9052963256836,14160000
2026-07-09,81.60305668132222,82.32872982020517,81.22531348735522,82.13985443115234,15782500
2026-07-10,82.23927217344301,83.2432756760538,81.92117062708472,82.99475860595703,10694600
2026-07-13,83.40232939225379,84.17770142960003,83.17369035307114,83.75025177001953,12085800
2026-07-14,83.67072715888746,84.12799766770932,82.58719635009766,82.58719635009766,13775400
2026-07-15,82.43807832695161,82.74623705024202,81.7422336020576,81.96092224121094,18383800
2026-07-16,83.00469991197266,84.44609585882439,82.7860036807783,84.41627502441406,17889900
2026-07-17,84.86360750519098,85.05247531163171,80.35053683196853,81.07620239257812,32903000
2026-07-20,81.06627018527625,81.88140586062717,80.8177531185944,81.63288879394531,14967200
2026-07-21,81.48377990722656,81.91122958034106,80.83763399426662,81.48377990722656,12949400
2026-07-22,82.35855587506262,82.42814035162986,81.47383570836246,81.71240997314453,11701300
2026-07-23,81.18555649039521,81.38437470149,80.40024162088422,80.68852233886719,13755600
2026-07-24,81.08614874930944,81.8416427605726,80.42012482639515,81.76211547851562,11980400
2026-07-27,82.58719411133768,83.64090405596605,82.01063269161537,83.57131958007812,19937600
2026-07-28,87.77622734322203,89.68483651594346,85.73838444733994,87.74639892578125,34982900
2026-07-29,88.1241555559104,90.38068724053291,88.1142127494367,88.55160522460938,21711700
2026-07-30,87.11019623577145,88.11420727129791,86.69268939950297,87.96509552001953,17616100
2026-07-31,87.14002662874023,87.47800619410351,86.3050053531352,87.0704345703125,14725900
2026-08-03,87.95516570012737,87.95516570012737,86.11613329497983,86.34477233886719,23197100
2026-08-04,85.28111770594127,86.16583785860287,84.65485742677355,86.04654693603516,17085700
2026-08-05,86.53364526681261,86.63305057621476,85.67874595450408,86.31494903564453,15868600
2026-08-06,87.33883463669507,87.44818274790256,85.90737396935245,86.33482360839844,13568500
2026-08-07,85.99684785589226,86.65292896801027,85.67874631398736,86.53364562988281,11221700
2026-08-10,86.59328770144425,87.01079455510899,85.91732097373699,86.3547134399414,13710800
2026-08-11,86.10619470536355,86.53364435702373,85.59921777336217,85.96702575683594,16018000
2026-08-12,85.27117206002322,86.77221721975558,85.15188872556685,86.1956558227539,12651900
2026-08-13,86.62310558847354,87.22948781993581,86.39447414102047,86.90144348144531,10140600
2026-08-14,86.7821637328356,87.44818765913077,86.68275083769021,87.18972778320312,9166400
2026-08-17,86.78215945237679,87.49788220680313,86.33482419870427,86.46405792236328,12056400
2026-08-18,87.87563736914123,88.43231317838521,87.35871761700973,88.29314422607422,12524500
2026-08-19,88.06450179877645,90.22163564493194,88.06450179877645,89.8140640258789,15993900
2026-08-20,89.64507899150762,91.32505683407821,89.19775129318654,89.96318054199219,14928000
2026-08-21,90.31109902628296,90.6590213970731,89.7842440670666,90.55961608886719,15595800
2026-08-24,91.57356966348647,91.94137006110614,90.9075381739087,91.4443359375,14787700
2026-08-25,91.02682818544653,91.53380511002422,90.7584330983988,91.0964126586914,11940100
2026-08-26,91.66303219256494,91.66303219256494,89.46614227567014,89.54566955566406,17133900
2026-08-27,88.87964534581421,89.49596280331046,88.43231008548368,88.5317153930664,13452600
2026-08-28,88.68083091936839,89.50590941727118,88.54166196600396,89.12816619873047,9887200
2026-08-31,88.97904896289688,88.99892699038024,88.07444323756117,88.14402770996094,23764800
2026-09-01,89.05856930477471,89.24744469586453,87.28912906447658,87.4780044555664,14824100
2026-09-02,87.37860367579782,88.42237082345903,87.20961388772017,87.71658325195312,18492800
2026-09-03,87.58735835000411,88.70071757413677,87.4879530370246,88.283203125,13763000
2026-09-04,88.064504326037,88.38261345294723,87.32889593040467,87.54759216308594,17290700
2026-09-08,87.03067600133623,88.02474422483915,87.03067600133623,87.83586883544922,19426900
2026-09-09,87.78616420026633,87.87563428597807,86.89150884798197,87.03067779541016,12337500
2026-09-10,88.05457222439757,88.43231544978137,87.27920016042388,87.30902099609375,12019900
2026-09-11,87.9154005151429,88.12415394243344,87.28913264913226,87.76628875732422,9988700
2026-09-14,89.46614559651577,89.82401078563296,88.34285116542739,88.81999969482422,14066100
2026-09-15,88.52999877929688,88.9000015258789,87.80000305175781,88.70999908447266,13148900
2026-09-16,88.4800033569336,88.66000366210938,87.73999786376953,87.87000274658203,17074800
2026-09-17,88.08000183105469,88.33000183105469,87.51000213623047,88.05999755859375,16563600
2026-09-18,87.80000305175781,88.29000091552734,87.5199966430664,88.25,28048200
2026-09-21,88.31999969482422,88.5,87.12000274658203,87.12000274658203,18100400
2026-09-22,87.5999984741211,88.97000122070312,87.45999908447266,88.61000061035156,17266800
2026-09-23,88.94999694824219,89.0,87.61000061035156,88.08999633789062,13016400
2026-09-24,88.81999969482422,89.36000061035156,88.0999984741211,88.0999984741211,13163300
2026-09-25,88.16000366210938,88.31999969482422,87.55999755859375,87.80999755859375,12161400
2026-09-28,87.61000061035156,87.69999694824219,86.88999938964844,87.18000030517578,14493300
2026-09-29,86.55999755859375,87.27999877929688,86.55999755859375,86.83999633789062,13661800
2026-09-30,87.3499984741211,87.5199966430664,86.06999969482422,86.08000183105469,15844200
2026-10-01,86.2300033569336,86.68000030517578,85.72000122070312,86.0999984741211,18725500
2026-10-02,86.30000305175781,86.44999694824219,85.16999816894531,85.6500015258789,20277200
