Date,open,high,low,close,volume
2016-10-03,156.60015946790185,157.34450400556807,155.4489180922116,156.42152404785156,4913960
2016-10-04,156.9872447072604,158.1186631348168,155.28022820960823,157.1460418701172,5760785
2016-10-05,157.76134812575097,157.76134812575097,154.9229137216703,155.2504119873047,5037740
2016-10-06,155.22062444812087,156.80856534454364,154.32741715871225,155.41912841796875,6813165
2016-10-07,155.33975126778748,155.81612754487807,153.86098129348542,155.34967041015625,3702290
2016-10-10,155.79625644880556,155.91536186236803,154.6251617454855,154.86334228515625,3748000
2016-10-13,154.4266749078888,154.45644747573195,151.90581977650172,153.30519104003906,8820280
2016-10-14,154.0296680587248,155.60767458550043,152.95781028287934,155.17100524902344,5165400
2016-10-17,155.39929021519262,155.39929021519262,151.64779500221627,152.68988037109375,9600320
2016-10-18,153.8113497403911,155.01223224771832,152.8188903651128,154.21826171875,8136765
2016-10-19,154.6251803653439,155.81612863829207,153.32506095065798,153.63272094726562,5289465
2016-10-20,155.20079195926536,155.41913421926668,152.94790508219396,153.30519104003906,8309335
2016-10-21,152.84867357646297,155.44892761846162,152.63033128720213,155.1214141845703,8837230
2016-10-24,155.20080044062453,156.71926205851486,154.3274313528917,156.28257751464844,4699655
2016-10-25,156.79865953554156,157.40406035010844,154.93283109515943,156.123779296875,16337325
2016-10-26,155.4191560348386,162.96183877381065,155.0420165975847,161.076171875,22158720
2016-10-27,161.17540425181951,161.17540425181951,158.99199654977414,160.1035614013672,5474240
2016-10-28,160.09362938400454,163.16032541030944,158.793509944332,162.6343231201172,7209950
2016-11-01,162.7434798287603,162.7434798287603,159.5874663675421,159.89512634277344,5877560
2016-11-02,158.7736546398538,160.01422892163976,157.97968407076493,159.5874786376953,6343860
2016-11-03,159.5279284531651,160.96699154580836,158.19802135588915,159.9844512939453,3982285
2016-11-04,160.73872066583453,161.17539005279124,156.8284284603596,158.72401428222656,5471590
2016-11-07,160.30205830528405,160.37152259364854,158.7935156662107,159.1607208251953,4982960
2016-11-08,159.34928168924515,161.8304302335937,157.60255856576615,161.13571166992188,4831750
2016-11-09,154.58545912697696,164.6291578012951,151.25079518671004,163.18016052246094,21350670
2016-11-10,164.39096701842632,165.43305237031478,161.39373552495255,162.61447143554688,12885775
2016-11-11,161.373885688915,163.85503389973027,160.28217441866556,161.88995361328125,11578190
2016-11-15,162.46560210963275,162.46560210963275,155.51838625154693,156.71926879882812,15099270
2016-11-16,158.16826862762488,158.16826862762488,152.2234458034112,152.94793701171875,23642440
2016-11-17,152.06465402072755,155.26037499495752,152.06465402072755,154.079345703125,7943505
2016-11-18,155.01225254356916,155.81614231980188,153.50370985538777,154.67481994628906,6751805
2016-11-21,154.82365594560133,155.01222564186483,149.60332530584415,151.38973999023438,10259105
2016-11-22,151.88596932181275,153.33496660801538,151.16147825057524,152.75933837890625,8502995
2016-11-23,153.23571478562903,153.63270760461978,151.84627777848038,152.0745391845703,6888175
2016-11-24,150.85384923571888,150.85384923571888,146.25875674524232,147.30084228515625,25374535
2016-11-25,148.27342236729208,150.78434333728447,147.86652553881345,149.295654296875,7835965
2016-11-28,147.75735939524404,149.46439076408188,146.12972659515782,148.898681640625,11504390
2016-11-29,148.47193947643999,149.3651469221371,147.41991974084044,147.9558563232422,5050065
2016-11-30,148.07496611333386,150.8538559624409,146.8840176476398,149.95071411132812,5668925
2016-12-01,149.86138477781458,150.14919137010682,147.1222020044795,147.86654663085938,5755035
2016-12-02,146.8839896601701,147.6779602005924,142.91415210178712,143.61880493164062,14225185
2016-12-05,144.10511137296393,145.27622141708363,143.50964477985582,144.85939025878906,4639780
2016-12-06,145.09755725932118,146.4274491842382,144.94869441090813,145.6930389404297,2480505
2016-12-07,146.00069263917942,146.7847288466239,143.81728514196786,145.7624969482422,10661950
2016-12-08,146.10988433139244,149.14680788548355,146.10988433139244,148.6009521484375,4133075
2016-12-09,148.76968323139062,149.36516502986598,147.44972533202875,147.9261016845703,4055335
2016-12-12,148.0749326882356,148.17418468119394,144.62117837422278,144.86929321289062,1977205
2016-12-13,144.50208385800428,146.55646678716064,143.5096245324513,145.08763122558594,3430320
2016-12-14,144.95863209356708,145.2067469684756,143.60888656831543,144.46240234375,4262975
2016-12-15,142.67596545728858,145.8121409620712,141.32621999597262,143.85699462890625,5216825
2016-12-16,143.90659885831755,144.30357652181516,142.3583647694589,142.73550415039062,18907690
2016-12-19,142.7156561108875,143.3012034869524,142.00108417463863,142.84466552734375,5084970
2016-12-20,143.1126263568555,143.509619158447,142.29881761511504,142.5866241455078,4583755
2016-12-21,142.33851416913174,144.20434254081405,142.33851416913174,142.87445068359375,5372810
2016-12-22,142.61641281951154,142.71566481705048,141.226975716338,141.5544891357422,4205060
2016-12-23,139.95660818598276,141.72318444593137,139.7581193640037,141.27658081054688,5108450
2016-12-26,141.30638108387214,141.72321223487793,139.7879193395905,141.13766479492188,2428280
2016-12-27,140.36351297978823,142.12017019917585,140.05585301660682,141.35597229003906,6685225
2016-12-28,141.32619907494472,142.69579776281077,140.7505860041156,141.5346221923828,6059835
2016-12-29,140.92923035724905,141.92168972596207,140.60171694832636,141.60409545898438,6515615
2016-12-30,141.74304939062452,143.45999979868236,141.74304939062452,142.85459899902344,4951835
2017-01-02,142.91415490637394,143.1126437594426,140.58186923756315,141.8820037841797,6032775
2017-01-03,141.91175412711573,142.4079837539266,140.36350497073562,141.27658081054688,6909880
2017-01-04,141.52472314689737,141.52472314689737,137.45563335822354,138.07095336914062,21293040
2017-01-05,139.51001784393432,139.51001784393432,138.19004509359544,138.7358856201172,10901015
2017-01-06,138.54733374183343,142.61640806179858,137.6243386554441,142.2888946533203,18323435
2017-01-09,142.51721519551197,143.7577897875908,140.3536452321854,140.78041076660156,7701630
2017-01-10,141.14758596131654,142.06064684952415,140.9292436680789,141.4552459716797,4335025
2017-01-11,141.92169794048235,145.65333993109104,140.53226080135386,144.58148193359375,17887590
2017-01-12,145.38539486057707,145.38539486057707,143.5195661898268,144.49217224121094,5533925
2017-01-13,145.19679808554784,146.01060683382124,143.78750770197036,144.45245361328125,5030255
2017-01-16,144.12497039081163,146.1297428292534,143.5096503442893,145.1372833251953,3709690
2017-01-17,145.45484793525392,145.8915324963348,143.76766997594683,144.1051025390625,3406665
2017-01-18,143.92646811661092,147.23135977462726,143.92646811661092,145.11741638183594,5629255
2017-01-19,145.0975533752888,146.28850156189785,144.3035828696402,144.54177856445312,4576810
2017-01-20,145.44493552488055,145.52433409818192,142.51718317414094,143.51956176757812,5575240
2017-01-23,143.41038619052026,146.86414073188868,143.31113419102832,145.44493103027344,7285995
2017-01-24,146.38775927343244,147.8764483507894,145.71289416068691,147.54893493652344,6033395
2017-01-25,148.372658856579,158.97211644771247,147.88634836912024,157.84071350097656,43862620
2017-01-27,158.39651572963552,159.21032450860116,154.9129737760632,155.82603454589844,18546835
2017-01-30,156.01460409480347,156.80857458982658,153.0570795231631,153.95028686523438,10917390
2017-01-31,154.2281848284496,154.88321166747937,151.4592297634291,153.66249084472656,7003400
2017-02-01,154.32744637921638,155.40922355856918,146.71528412103893,154.23812866210938,24759335
2017-02-02,154.62518329844255,154.91298987190396,151.7371227025559,152.91815185546875,10114765
2017-02-03,152.7395156423684,154.26791179938635,150.85384859245494,151.90585327148438,7812880
2017-02-06,152.83874263753958,153.58308716337174,151.9058284088334,152.1837158203125,9837780
2017-02-07,152.64025780031128,155.80620568963616,152.54100580343652,153.50369262695312,14980555
2017-02-08,153.71209566878332,154.069381609606,151.2507857903485,152.3623504638672,13038340
2017-02-09,152.81888258678055,154.7244026730784,151.84627668875638,152.76925659179688,6531395
2017-02-10,153.05708200080215,156.07415175825625,153.05708200080215,154.60531616210938,9356480
2017-02-13,154.78397313642208,157.9995318682183,154.72441285228678,157.433837890625,9023340
2017-02-14,157.5827055390148,158.06901610668965,156.00469869528,156.86813354492188,6694845
2017-02-15,157.0467685096748,157.8010321423871,155.17102099750497,155.6771697998047,6803720
2017-02-16,155.81610540636706,158.49574240690322,154.87327212851335,157.30479431152344,11281025
2017-02-17,159.78594792950304,160.97689606544958,156.828423444095,158.09877014160156,21295865
2017-02-20,159.17063354714173,159.78595349098993,157.80103481408324,158.20794677734375,4237005
2017-02-21,158.6247780428724,158.91258458807513,157.02691790059538,158.3766632080078,3160670
2017-02-22,158.7538238022253,159.6768038421826,157.55294117788037,157.9697723388672,5532555
2017-02-23,158.49576583959944,161.6517946598697,157.30481756814476,160.9669952392578,22877735
2017-02-27,160.28218298651754,161.27464232389536,157.91020577593366,158.8927459716797,11908390
2017-02-28,159.17063543766812,160.47075476348758,158.55530034278365,159.2103271484375,4860945
2017-03-01,159.2103323958678,164.19248273852938,159.20041325378048,163.5870819091797,14842915
2017-03-02,164.2520326122855,164.490228322801,161.3242803769452,161.9991455078125,22276865
2017-03-03,161.9693535517325,162.16784238154162,159.3889684767601,160.6791534423828,6585175
2017-03-06,161.35406414976214,163.20003938915923,160.9967781310488,162.554931640625,7197870
2017-03-07,162.76332832862465,162.96181716369458,161.57238017447776,162.1678466796875,4748770
2017-03-08,163.36874152532198,166.524755130667,162.60454355135542,163.73594665527344,19075645
2017-03-09,163.95430970277224,164.31159573578142,162.76336130731843,163.8451385498047,7987745
2017-03-10,165.7506433394923,166.51484133800992,163.98406677212472,164.52992248535156,6763985
2017-03-14,167.3286585384019,169.00590218002316,165.14523577420206,165.96897888183594,15581710
2017-03-15,166.13769052606028,168.41043093711147,165.7704854094731,167.55691528320312,8591550
2017-03-16,168.5592871561971,169.97851185754092,168.5592871561971,168.9959716796875,6308725
2017-03-17,169.30365712137305,169.601397990712,167.23933960934735,168.37074279785156,23232470
2017-03-20,169.71056312270605,171.10000027206695,168.32112597334515,169.63116455078125,7961440
2017-03-21,169.71055157978302,170.98089835671823,168.90666191634895,170.6136932373047,7291645
2017-03-22,169.31357262860314,171.6756156042517,168.42035011965822,171.1396942138672,46771635
2017-03-23,171.3282802926577,173.382663486531,171.1099380014034,172.32073974609375,8050770
2017-03-24,172.88643303790658,175.94320995897323,171.47714243715959,174.54383850097656,11400145
2017-03-27,174.54383155680344,174.6728561260716,170.4449844920352,172.91619873046875,9996530
2017-03-28,174.17662050621826,174.6629310522513,169.90904216022622,170.59384155273438,15245650
2017-03-29,171.51685440398637,171.6458638385007,169.22426028710797,170.22665405273438,12418935
2017-03-30,171.1992479691251,173.07499564547246,170.5739936957664,171.72525024414062,17671925
2017-03-31,171.69545945189424,174.67283736146464,171.10991209750657,173.12460327148438,12932155
2017-04-03,174.0773807815046,174.63317079203105,172.88643247497794,173.8689727783203,6827130
2017-04-05,174.67285969270478,177.9678322695344,174.1964834065143,176.6280059814453,10031640
2017-04-06,175.6653154671764,178.1464639907241,175.4072814724698,177.52120971679688,9941750
2017-04-07,176.65777074520776,177.29294414663238,172.68793320037162,173.30325317382812,8063385
2017-04-10,174.21629960370737,174.65298412057095,172.19168928629009,174.14683532714844,4727575
2017-04-11,173.22385089634585,176.4592781180915,172.90627177429823,174.8812713623047,7002720
2017-04-12,174.8713664067585,175.35767702889538,173.40253054050737,174.5537872314453,5444935
2017-04-13,174.47437154126627,175.46683097535342,173.18417124820715,174.5736083984375,4689340
2017-04-17,175.66531335743122,176.6081467563101,173.68039456243199,176.181396484375,6164030
2017-04-18,176.65777157645798,177.19369298429208,173.99798767789198,175.0003662109375,6331485
2017-04-19,174.49420262401557,174.9904322775107,172.13214462738605,173.79946899414062,4491320
2017-04-20,173.99800681370658,176.94559759655473,173.89875480621183,176.48907470703125,4990375
2017-04-21,176.65777858966953,178.1464677350881,174.3751188712819,174.75225830078125,6303725
2017-04-24,174.27588388292298,178.33503936178795,173.93843616377617,177.79910278320312,15641625
2017-04-25,178.4442011292814,179.43666051804968,175.68516524000387,178.24571228027344,12482915
2017-04-26,178.58314889245173,182.81102053285053,177.75940576382467,178.71217346191406,18056605
2017-04-27,180.22070122866663,182.4835074795176,176.6577755693747,181.9475860595703,35302185
2017-04-28,182.11628852687764,182.59266476888402,178.84116968266235,179.0297393798828,6183310
2017-05-02,179.04958457136485,182.5926563703956,178.8411614567268,182.1956787109375,12852815
2017-05-03,182.62244582667537,183.00950438074682,181.38187159648126,182.0071258544922,5062760
2017-05-04,182.06667687388918,182.2155548725571,178.73201262969437,179.72447204589844,7517130
2017-05-05,180.41920108425225,181.02460196903752,178.69233129177567,180.29019165039062,10979005
2017-05-08,180.13138084682706,180.6276105461296,178.6426917489194,180.1016082763672,5339955
2017-05-09,180.6276347218941,180.89560303562723,179.71457377021792,180.00238037109375,2916860
2017-05-10,180.82610498732868,184.5279744183247,180.82610498732868,184.13099670410156,9703005
2017-05-11,185.2028447989028,186.68161472118675,184.70661511080152,185.9471893310547,11000005
2017-05-12,186.5823661361481,190.949181413758,186.0960555811786,189.49026489257812,21542525
2017-05-15,189.5597338546165,194.80983709761148,189.440643579863,193.192138671875,20779135
2017-05-16,193.23184031594397,193.52958116186176,189.97657472636067,190.52243041992188,11986620
2017-05-17,191.02859575066006,191.02859575066006,187.69393130467063,188.8054962158203,5935155
2017-05-18,188.16036894632737,189.1429091776202,185.6097562317274,187.1480712890625,29135705
2017-05-19,187.5748276457643,188.07105734853087,185.73877168803648,186.05636596679688,6210640
2017-05-22,187.07857441490546,189.3612337892969,186.05634256726648,186.83045959472656,6930165
2017-05-23,186.78085137417156,187.79316417706679,185.6494482922516,186.63198852539062,6853250
2017-05-24,186.30448777794481,187.25724036236048,185.09368604646426,185.80825805664062,5071745
2017-05-25,185.7884083159761,191.04844649497326,185.7884083159761,189.8574981689453,20721450
2017-05-26,190.55221733904767,192.4478185522802,189.06352814108638,191.55459594726562,8166890
2017-05-29,191.63397824054414,192.65621019146388,189.9567194636773,192.2493133544922,5551995
2017-05-30,191.93172945414472,191.99127459722484,189.66892315472438,190.93927001953125,3162900
2017-05-31,191.13776237572228,192.79516784461143,191.04844465946746,191.7530975341797,6755665
2017-06-01,191.2171602698803,192.14015543242272,190.33387196579636,191.07821655273438,3786725
2017-06-02,191.64392531751358,193.03336248614318,191.24693245238416,191.59429931640625,2249620
2017-06-05,191.72329286003958,192.33862796406933,190.44302694244112,191.94163513183594,4172920
2017-06-06,192.53709690483737,192.53709690483737,190.57203180553657,191.82252502441406,8500360
2017-06-07,192.53710277073876,192.53710277073876,191.34615464832493,192.26913452148438,3319780
2017-06-08,192.52720097725458,195.17706571010316,191.72329615705544,194.2937774658203,7549470
2017-06-09,194.273935065962,195.91148708182325,193.63876163113792,195.53436279296875,6917105
2017-06-12,195.6832376126389,196.50698081410727,192.95397399022073,193.86703491210938,5963705
2017-06-13,193.17228447705355,194.52202977922997,192.78522594191543,193.3707733154297,4502130
2017-06-14,192.53712876105584,192.96387904550534,191.14769162130273,192.1500701904297,4776295
2017-06-15,191.0484449105179,192.4875080901889,190.59190689839986,191.06829833984375,5790430
2017-06-16,191.93171291753038,196.52680454987618,191.0186521336018,195.04803466796875,20987425
2017-06-19,195.7626111565847,196.86424166542034,195.51449631354723,196.02064514160156,4589665
2017-06-20,196.5069439868722,196.5069439868722,194.60142392303464,195.12742614746094,3288840
2017-06-21,195.10761280943234,197.4994438798596,194.35334902826727,196.89404296875,5471275
2017-06-22,196.50695510400678,199.3354703637527,196.50695510400678,198.07504272460938,8725330
2017-06-23,198.2933814621378,199.4148502316187,195.06788856970272,195.55418395996094,7278480
2017-06-27,195.51452551426894,197.08261337371226,191.83249403042888,193.47998046875,7889085
2017-06-28,195.26639480115077,195.26639480115077,192.11038105124547,192.97381591796875,6668830
2017-06-29,193.27153747939107,193.91662999342083,187.57481541144952,188.23976135253906,13991430
2017-06-30,187.77332526169653,190.83010219064894,185.78840635799205,189.7086181640625,9607990
2017-07-03,189.1826011576412,189.6490582752443,186.62205415369053,188.33901977539062,6688170
2017-07-04,189.06351721782042,190.83009375250438,187.22746125558893,190.3140106201172,7190025
2017-07-05,190.691146699072,191.20722982241426,189.38110817825358,190.52243041992188,6196350
2017-07-06,190.90948948965493,191.11791262547618,189.37117440138513,190.17506408691406,4020510
2017-07-07,189.9567266952686,192.04089753217917,189.3811135588629,191.48512268066406,6117550
2017-07-10,190.7506693904426,193.09287388229615,190.5521805644333,192.14012145996094,1770385
2017-07-11,192.5172572213151,192.72568034453528,189.60935864391624,190.3040771484375,6674495
2017-07-12,190.6715269148592,191.26738149775272,188.9336353934998,190.00616455078125,8322240
2017-07-13,190.67151566595194,192.2207193062241,190.03594455319387,191.08860778808594,13936220
2017-07-14,192.44913029208448,195.32907383461512,191.4163328806601,194.0877227783203,18855700
2017-07-17,195.23972663403265,196.63003394406905,193.92885246752985,194.58428955078125,12766270
2017-07-18,195.0013542485963,196.03415165425417,192.92581893083062,194.06785583496094,5482015
2017-07-19,195.14039720737452,198.2189540642973,193.85932951144167,197.46420288085938,24951875
2017-07-20,199.0034844857232,201.87348773166045,193.75009309866334,194.64385986328125,53447685
2017-07-21,195.61705862378534,199.11270740567684,192.73713026374074,198.50692749023438,10520095
2017-07-24,199.52979194093203,200.28452789159493,196.14338278594894,197.21591186523438,11131900
2017-07-25,198.61615236950257,198.61615236950257,195.25953454543082,196.2228240966797,6503275
2017-07-26,197.72238623752526,197.72238623752526,195.1602360471928,195.94476318359375,9083305
2017-07-27,197.32514526922182,199.60923406277115,195.14037061360463,198.24871826171875,12824215
2017-07-28,197.96072476513757,202.09194456600932,197.62308092695753,201.13858032226562,6524320
2017-07-31,202.19125399991378,204.91228565427497,201.16838200305082,202.91619873046875,12323035
2017-08-01,203.38294955649846,203.38294955649846,200.8009334318978,201.6549835205078,10319740
2017-08-02,201.754296979265,203.23397765864848,199.648955399801,200.78106689453125,5595360
2017-08-03,200.58245340377746,200.58245340377746,197.4244637701175,197.90113830566406,5760575
2017-08-04,198.41754248893972,198.53670733328082,196.34200729954475,197.86141967773438,5936375
2017-08-07,198.64598007397524,199.00348982004797,197.48407718754203,198.1990966796875,3096200
2017-08-08,198.616172849319,198.616172849319,194.66371525251677,196.17318725585938,6113210
2017-08-09,196.43138651958336,198.55657883896725,194.5048073308202,197.10667419433594,5656995
2017-08-10,197.60321526361363,199.11270233719858,195.24961859374247,197.9805908203125,12475820
2017-08-11,196.41153381236904,198.10970877228954,193.36278341250826,197.0669708251953,7108715
2017-08-14,197.12655900415672,198.61618035683298,194.6935138254279,195.16026306152344,13331735
2017-08-16,196.63001680060458,199.60925947940163,192.17107813618208,198.7254180908203,15736385
2017-08-17,199.21201043896733,199.21201043896733,195.0410590422902,196.43138122558594,5380385
2017-08-18,195.23969849015293,195.66671597624753,193.84937622731883,195.34893798828125,4780900
2017-08-21,196.31220198283336,196.9676389366273,192.16113158189205,192.56829833984375,4226245
2017-08-22,193.63089248285854,194.1373733950386,191.92279227394408,192.8165740966797,6030490
2017-08-23,194.2466194111911,195.43831339496546,191.46599001357677,194.66371154785156,11772595
2017-08-24,195.6170524997522,195.6170524997522,191.87314877954393,193.07476806640625,6683200
2017-08-28,194.64384114695187,195.2297551952665,193.1542199136844,193.85931396484375,3109530
2017-08-29,193.6507826695349,193.8295299646109,191.06876617265607,191.5454559326172,6573825
2017-08-30,192.657690945554,193.91890790752984,191.85329785632612,192.9258270263672,4986645
2017-08-31,193.55146844039473,194.82261082671212,191.37663391840738,193.84939575195312,12623030
2017-09-01,194.44523398442382,198.2387949619728,193.15422584530396,197.136474609375,9741665
2017-09-04,198.2189523577093,198.33811721587375,193.29326445968354,194.2664794921875,3515510
2017-09-05,194.26646600937053,196.82861635456632,193.81958266905738,196.3122100830078,4257605
2017-09-06,196.03416161782224,200.1951729712898,194.65377978689924,197.85150146484375,8690700
2017-09-07,198.41754446416806,199.549655956309,196.27248632541352,197.3251495361328,7573850
2017-09-08,197.82170824816325,200.76123432012088,196.93786687116855,200.11572265625,10382690
2017-09-11,200.60233435970736,201.5954152228742,198.83465163552722,199.9071807861328,6619590
2017-09-12,200.99956112226187,203.4922037928009,200.03627147043954,202.9360809326172,8247545
2017-09-13,202.98572120104055,203.60144163684188,201.71457891576432,202.6182861328125,5553885
2017-09-14,202.9460020909679,203.86956000327947,199.09284356332822,200.1256561279297,7420430
2017-09-15,200.18520388215128,200.93993973847785,198.11959426392187,199.619140625,26642480
2017-09-18,200.10579068071405,203.571648292077,200.10579068071405,202.00257873535156,4696890
2017-09-19,202.58849197989707,207.63334448091905,201.71457598899545,205.43862915039062,9883090
2017-09-20,205.46841727496965,205.95503233590017,202.6381460067786,203.22406005859375,9855460
2017-09-21,202.9857093311294,205.96495172925682,202.58848307266328,204.40582275390625,4619805
2017-09-22,203.53191428565654,204.77326533052297,202.38987738566385,202.9658660888672,9229780
2017-09-25,202.7870961704202,202.92612687618282,197.62307904510968,198.516845703125,9283005
2017-09-26,198.8147760734444,200.10578416320396,196.70944959529567,197.42446899414062,6688165
2017-09-27,198.11962323750353,199.61916981787965,194.04798582146353,194.56439208984375,10204425
2017-09-28,195.14038419664584,201.51596134285322,192.26045583467183,199.65890502929688,29040390
2017-09-29,201.39679532788048,201.59540846321192,198.2983728345088,199.06304931640625,8302165
2017-10-03,199.82774061326896,200.6023425057371,197.65289101010373,199.9171142578125,10665535
2017-10-04,200.32426314642862,206.0046866185678,200.32426314642862,204.4654083251953,11278920
2017-10-05,204.37604707133752,206.01462445352786,202.63815554037924,205.1307830810547,6984945
2017-10-06,204.97188080436933,207.18646200397598,204.30651845511906,206.4615020751953,5329765
2017-10-09,205.98482334063155,209.3017096664061,205.58759707107217,208.53704833984375,7730920
2017-10-10,209.13288680551673,210.7317475361149,207.43472708457983,209.66915893554688,8013085
2017-10-11,209.8876200938147,209.9670532180516,206.20328388743545,207.32546997070312,6646800
2017-10-12,207.21627589707654,211.02970313100215,206.16361250832537,210.05648803710938,5883605
2017-10-13,210.13591483364667,216.25328137976635,209.04351983261927,214.9722137451172,8775575
2017-10-16,214.97220768883403,218.2195862338461,214.08836635952497,215.0019989013672,12871020
2017-10-17,215.0019882685858,215.9950690458079,212.9363784335786,214.22738647460938,8393690
2017-10-18,214.30684919937585,221.466953599938,214.008921915487,217.6634521484375,13769970
2017-10-19,217.28610671607706,217.28610671607706,212.63848016525574,214.05859375,1389580
2017-10-23,214.505474362848,215.0715377492917,210.14584981873156,210.84100341796875,9697690
2017-10-24,212.60866113971736,213.79042969568982,210.33451281465867,211.6652374267578,6527360
2017-10-25,212.81723678757425,213.51239037676322,198.31824979837913,200.71157836914062,41250615
2017-10-26,202.86655079110128,203.69080969859363,195.66671477179275,202.37001037597656,18399545
2017-10-27,203.28362744746158,207.55387772312477,203.17438795832103,204.3760223388672,13202490
2017-10-30,204.17743862504463,205.36913267162262,202.68781727851913,204.35618591308594,7818575
2017-10-31,204.77329098407287,205.56775878295875,202.99568273254212,203.59152221679688,4869915
2017-11-01,204.9718967329199,205.9649776573104,202.10189346755976,203.45248413085938,8287185
2017-11-02,203.18435849552966,205.24995343569447,202.09196344266292,202.49913024902344,6437875
2017-11-03,204.05827029238353,204.05827029238353,200.33421671292416,201.6947479248047,14712095
2017-11-06,201.5954112562944,202.38987896183826,198.51685457976603,200.55267333984375,13967505
2017-11-07,200.80094286970086,203.76031953077322,200.16537173806364,201.2577667236328,9254445
2017-11-08,201.2577771992968,202.78711510548612,200.0064855773846,200.88040161132812,7256175
2017-11-09,200.8804066550763,201.5954261274899,199.13258969651656,199.6787872314453,8242040
2017-11-10,198.83465086067807,200.35406336314537,196.63001014078208,197.3052978515625,9269145
2017-11-13,196.63000865487956,198.417557218748,195.15031273055294,197.56350708007812,10662040
2017-11-14,197.4244627844398,199.25172778925383,197.12653551875684,198.45726013183594,6867825
2017-11-15,198.21893810747886,201.4762419909711,198.18914689507946,200.90025329589844,6669770
2017-11-16,200.60233530177632,203.86956468952584,200.21503436945085,202.08203125,6535720
2017-11-17,204.078110176898,204.57465059095372,201.46630274993748,203.22406005859375,9213165
2017-11-20,203.22406739391585,206.938195280269,201.96285045379196,206.67005920410156,6242135
2017-11-21,207.01765301792025,208.54699095081287,204.02846978290285,204.5448760986328,12199665
2017-11-22,205.07120033477895,205.62732319930856,202.4097508678982,203.82984924316406,7727380
2017-11-23,204.9122827205867,204.9122827205867,201.86353263225604,203.0055694580078,6169625
2017-11-24,203.5815765030503,205.8656655139707,202.7771834301618,204.64418029785156,5882820
2017-11-27,204.5548097885324,206.898481436093,203.28366738509746,205.85574340820312,4854085
2017-11-28,205.76636137415963,206.56082913223372,203.80006541666563,204.5448760986328,3673385
2017-11-29,204.35618089375185,205.14072326945094,202.9857244395813,203.82984924316406,7073210
2017-11-30,202.4097443946381,202.6679399582805,197.8514918155648,198.67575073242188,14002640
2017-12-01,199.21203582863743,200.94992741434464,198.84458558918942,199.63905334472656,14397975
2017-12-04,199.80786037953172,200.80094121159024,197.1265451636159,198.20899963378906,11121745
2017-12-05,198.31824393083895,199.63904328782604,197.65288157564297,198.5863800048828,9118205
2017-12-06,198.61615378674117,200.7115548153197,197.88126856257463,198.546630859375,8877305
2017-12-07,199.2120213822293,199.80786079076418,197.45426406296895,198.9339599609375,5137600
2017-12-08,199.9667590458152,200.99955645457075,199.21202306069426,200.40371704101562,9422800
2017-12-11,200.4037117259052,200.88038627474916,199.02332999761134,200.3043975830078,5423855
2017-12-12,199.60926556553954,199.9866411653879,198.15936075023714,198.6956329345703,9131050
2017-12-13,199.80787869261596,203.97881553890036,197.23580273861535,201.5755615234375,14278380
2017-12-14,201.99265707664227,203.98875946352445,200.18525764603245,203.51206970214844,7305950
2017-12-15,205.0711721915278,205.96493879354847,202.68778448399965,204.59449768066406,47593060
2017-12-18,204.35617159651233,206.16358597721634,198.53671733765094,203.22406005859375,9946515
2017-12-19,203.56170733200554,204.2270696796617,201.09887107970627,202.85662841796875,5162930
2017-12-20,202.8566210315905,203.005577091608,200.274604867743,201.13858032226562,9901635
2017-12-21,200.6122642193086,201.5954197510834,199.96676770503564,200.71157836914062,10774280
2017-12-22,201.39681659415862,201.49611559570425,199.84761276049173,200.61227416992188,5060680
2017-12-26,200.58247200368936,202.7275303423744,200.01642378146542,201.84368896484375,8160215
2017-12-27,201.93305465615296,202.98571792353698,200.63212117841567,201.40672302246094,2804730
2017-12-28,201.1981779983395,201.53582183668544,199.13256809688872,199.55958557128906,5178750
2017-12-29,199.26167747471234,200.99956905800659,199.1127214002862,200.64205932617188,5952110
2018-01-01,200.96975365407175,201.0392765825774,197.9805859457431,198.60623168945312,6587075
2018-01-02,198.81478150702688,199.80786234887339,197.12654710653007,199.25173950195312,5361035
2018-01-03,199.13257252010462,199.9866226410864,198.23879068007568,198.6360321044922,4420105
2018-01-04,198.81479779632778,199.19217339617614,197.84158273447983,198.6956329345703,3919750
2018-01-05,199.11271484365048,199.94689913939175,197.940886688187,199.22195434570312,10737010
2018-01-08,200.37394106581058,201.21805075417504,199.35106893253752,199.82774353027344,8902060
2018-01-09,200.60233041266733,202.71759745862053,197.82170101986932,200.55267333984375,6210530
2018-01-10,200.12565307790626,200.49308813592995,198.63603183310423,199.06304931640625,3384405
2018-01-11,199.3510608958483,202.78711224777416,198.82472924278906,202.1217498779297,10388690
2018-01-12,203.08503854359563,203.76032626374428,201.81389623831808,203.2538604736328,11603980
2018-01-15,203.58156927539525,206.8388731715447,202.65801138100417,206.23309326171875,17556860
2018-01-16,207.26591311039533,207.35528675109032,204.07811688003866,205.22015380859375,5790935
2018-01-17,204.18734500410187,205.3989047989448,202.94599399735384,203.9986572265625,8017325
2018-01-18,205.17052173617276,208.70588734555332,204.8527285719438,207.85183715820312,18241070
2018-01-19,209.08325069809416,211.30775741903733,207.16661179173948,210.64239501953125,21521570
2018-01-22,210.7317663893304,214.14796714939905,207.3552973515205,213.33364868164062,15949650
2018-01-23,213.89967287606933,215.25026337000958,212.56894824102525,213.60174560546875,12292315
2018-01-24,212.7675722413799,215.29993144105606,212.7079898148576,214.52532958984375,5840000
2018-01-25,213.7109803779481,218.08054489272635,208.56682922185837,216.95835876464844,20306595
2018-01-29,216.8888543045145,222.3507990481587,216.6902411626606,221.47689819335938,11075070
2018-01-30,221.0697285900435,222.05288408654573,215.28999077040632,216.1043243408203,13464675
2018-01-31,215.29995263583967,221.0995417375112,215.1311306930034,220.2554168701172,15715055
2018-02-01,219.49074457219353,224.63489635622912,219.49074457219353,222.63880920410156,19281415
2018-02-02,221.45702247135753,221.45702247135753,214.09828997130106,215.68722534179688,11409100
2018-02-05,213.51237003364835,214.71400445799443,208.7058626426846,210.98001098632812,11852655
2018-02-06,205.6968416988713,208.42781404154053,202.2309840706551,205.3293914794922,16672600
2018-02-07,205.96495844469226,208.5469746685395,204.7732644772285,205.825927734375,17681475
2018-02-08,205.8259454753069,209.7386867141894,204.69383383565363,208.8945770263672,9196485
2018-02-09,206.56082882432653,207.65322388420157,204.17744070686913,204.97189331054688,9492815
2018-02-12,206.06428921722463,207.7525237367956,205.10099952043413,207.14674377441406,3864305
2018-02-14,208.5469708900311,209.01372008475613,205.9252381478277,207.04742431640625,5936665
2018-02-15,207.25599010184064,208.05045788814192,205.17052921016392,206.98785400390625,4543530
2018-02-16,207.15667670731537,210.93037191195086,206.72964405114584,208.58670043945312,8278030
2018-02-19,210.33455003625699,210.33455003625699,207.86177299449045,209.77842712402344,5940840
2018-02-20,209.778409106877,211.6056742767677,206.8984654827119,207.71279907226562,4176755
2018-02-21,208.09017286217667,210.6920552211838,207.06730070936985,209.5500030517578,17860140
2018-02-22,209.0435003178381,214.00890412586276,208.67606528507142,213.0158233642578,25711650
2018-02-23,213.0158426847563,215.16090096114974,213.00591733139558,214.67428588867188,11364270
2018-02-26,214.70405894283726,220.3844821462518,214.70405894283726,219.50064086914062,9089990
2018-02-27,219.47087481001546,219.47087481001546,216.11425658154045,217.097412109375,5170600
2018-02-28,216.49163634928837,217.52443381858728,215.4091818043128,216.6008758544922,4434510
2018-03-01,216.11424640879204,219.22259427058023,215.6971542765833,217.6237335205078,7402970
2018-03-05,216.49163665771485,219.24247499943013,214.66437143462247,218.47779846191406,12045605
2018-03-06,219.47086990883562,219.6595576966195,213.5719671799848,214.99208068847656,12020755
2018-03-07,214.94241341016664,218.00110413002952,213.17473077676436,215.51840209960938,14829560
2018-03-08,216.2334225066935,217.1073233213003,213.37334490526214,214.9622802734375,8758330
2018-03-09,215.49854647157164,216.86900290645534,213.84010325489928,214.99208068847656,8224955
2018-03-12,215.99507226089065,219.47085503290498,215.20060459664532,218.59693908691406,6277370
2018-03-13,218.4678559269057,220.16601565014759,214.29690434353728,215.28005981445312,6900820
2018-03-14,214.5054582524198,215.508464430759,212.51929660193443,214.85304260253906,6045500
2018-03-15,215.49853441699102,216.87891612809585,214.23731755331062,215.6276397705078,6840855
2018-03-16,214.83319982259482,214.90270760815937,209.81813808571067,210.68211364746094,13624550
2018-03-19,211.46664679647543,211.64539408284244,207.60356274679978,208.34837341308594,9400115
2018-03-20,208.12990119475015,208.83498016270266,206.28277007597714,207.61349487304688,4935780
2018-03-21,209.50032712375636,210.92042535956597,207.66312162729866,208.76544189453125,8705805
2018-03-22,208.76547004744285,210.43383870218145,208.16961544034356,209.15277099609375,8826575
2018-03-23,206.73957140143344,207.91141472560577,204.25686918850502,206.32247924804688,9807460
2018-03-26,206.56080701356709,206.73955428455702,204.34624106588788,206.43170166015625,39086245
2018-03-27,207.15666551944432,210.13590798528554,207.15666551944432,208.51718139648438,10743090
2018-03-28,207.36522045239843,209.9372963484622,206.67999220639575,208.1100311279297,29636940
2018-04-02,208.35830337328326,218.5671739192902,208.35830337328326,217.79257202148438,13330135
2018-04-03,217.38534707809535,219.49068834918177,215.99504023670556,219.1331787109375,6725650
2018-04-04,220.2454503215253,220.8214389822299,213.512363963221,214.1678009033203,6525390
2018-04-05,216.86899181854295,222.64871424459093,215.3992213115884,222.11245727539062,9938470
2018-04-06,221.6556276357616,223.04594982326552,218.87499841396397,222.29119873046875,6466925
2018-04-09,222.43025758059864,225.9259066204384,221.45704253344073,222.1025390625,9255470
2018-04-10,222.4501054441056,225.40948206827545,220.54339207297,221.1888885498047,5992515
2018-04-11,220.4639453691723,224.23765557280032,220.4639453691723,223.6616668701172,4416230
2018-04-12,223.16513961556709,225.89611207288777,221.159111967654,225.34991455078125,6722045
2018-04-13,226.20394039235376,229.80882849726277,225.84643070299742,228.62705993652344,14760390
2018-04-16,227.91204833134574,233.37399284473312,227.4155079210378,232.79800415039062,8126910
2018-04-17,233.5726135441608,233.87054083063825,230.51392269920063,231.35804748535156,4562910
2018-04-18,231.88435547961387,231.88435547961387,228.63697717924902,229.19309997558594,4448050
2018-04-19,230.39475686900067,231.50700257037516,228.62707417079713,229.18319702148438,3303645
2018-04-20,228.57742895818808,231.18923657448528,227.42545147729842,228.97467041015625,6090280
2018-04-23,230.1365527058099,233.80100817144677,229.0540831048647,232.1822967529297,6770770
2018-04-24,232.86752376619367,232.86752376619367,229.13353023578145,231.58644104003906,4961760
2018-04-25,231.18921148645552,232.48021954713434,228.53768758930372,231.95388793945312,6258845
2018-04-26,232.18231993820308,236.89945426374163,230.6033249270569,235.49920654296875,15984510
2018-04-27,236.35323541522905,239.72970414559086,234.05922114306554,236.10496520996094,9081330
2018-04-30,238.1308425986573,242.07337465701406,237.02852228492915,240.54403686523438,17153405
2018-05-02,244.69513904927362,255.89709090863633,242.94732203935476,249.63075256347656,44457135
2018-05-03,249.26328550893788,250.89193744557704,243.4736225171777,245.0029754638672,14888205
2018-05-04,246.32378921255884,246.3337297199956,241.13992065676607,244.98313903808594,9572795
2018-05-07,245.29099162767304,248.0120388523025,244.17874582640553,247.28707885742188,11527340
2018-05-08,247.77367548277417,247.77367548277417,243.4637081712674,246.6514892578125,13371440
2018-05-09,246.62171957770576,249.32290097496468,244.87390256021402,248.49864196777344,8356080
2018-05-10,249.16398882301513,250.25638386147295,246.8600490417384,247.773681640625,4922335
2018-05-11,248.27020204680642,252.7191998245862,247.8829011377418,251.70626831054688,7081180
2018-05-14,251.84531381578753,255.84742849568616,249.5115677181343,252.56033325195312,8371965
2018-05-15,253.03699192477234,259.0848655384072,250.10740658321004,254.99334716796875,19896975
2018-05-16,252.63976279199497,256.82062469484566,251.24945565990453,254.5067596435547,6905970
2018-05-17,255.22175762589717,257.40654744020435,251.24943455000772,252.3815460205078,11007855
2018-05-18,251.8453099521342,257.6151072737002,251.64668165930428,257.0887756347656,16842745
2018-05-21,258.19106901340376,258.19106901340376,252.15315104869575,253.56332397460938,9994395
2018-05-22,253.59309748965325,255.07279324225718,249.9882095669765,250.7926025390625,6788225
2018-05-23,250.2563520245745,251.2395074341123,246.68125522008236,249.33279418945312,7563955
2018-05-24,248.3695330765018,254.13933053986642,247.5055424104497,253.3249969482422,7862165
2018-05-25,253.82155380055326,259.5615604211056,252.73909921279795,257.3768005371094,5328215
2018-05-28,258.2010120689302,260.12759127580443,256.1751187192068,257.63494873046875,7639045
2018-05-29,257.6250553364467,258.379776197207,253.92085274212363,255.0728302001953,5472950
2018-05-30,253.6030612292286,259.86939920082153,252.30212769195168,258.8465270996094,10222160
2018-05-31,259.5714444218358,278.06260264896497,258.48899006972255,265.0731201171875,33424490
2018-06-01,261.57749475056863,264.95396364281595,259.6211242270006,261.776123046875,11663440
2018-06-04,264.95399174867646,264.95399174867646,256.8107459454849,258.985595703125,7310235
2018-06-05,258.9855959170108,260.71354711519393,257.64493053967766,259.1345520019531,10427190
2018-06-06,259.5913544747591,262.3620588132574,258.2010472049407,261.3193359375,5151345
2018-06-07,262.96782168127504,265.0930294471667,259.4920383794871,260.2765808105469,10246015
2018-06-08,259.789987726665,263.15651645450095,258.44932235632683,261.8456726074219,9240235
2018-06-11,262.9677896491273,264.1297075461616,261.97470882672667,262.8387145996094,6556110
2018-06-12,263.96089486458544,264.68585484224445,262.19321204961466,264.0204772949219,4888760
2018-06-13,264.43756914979184,264.47730086983415,260.7135159394205,263.2955322265625,7476990
2018-06-14,263.15646863203744,265.758335450714,262.07401420858,264.6858215332031,7921145
2018-06-15,264.6758898729424,267.0394270792569,262.64008630961246,266.1456604003906,8291175
2018-06-18,266.14565931356907,266.3442875998045,260.5347587512651,261.2398376464844,9018440
2018-06-19,261.2398556737205,262.6003716396953,258.24076230570614,258.8465270996094,8084725
2018-06-20,259.9885677468656,263.8417264915902,258.01234645202527,263.0870056152344,5626690
2018-06-21,264.5567173224682,264.5567173224682,260.4056468792521,260.9717102050781,4577330
2018-06-22,261.8257702068062,262.9678071673622,259.8793401510328,262.451416015625,6336050
2018-06-25,262.3719913563695,265.15260581159924,261.18028212902846,263.7622985839844,5256485
2018-06-26,262.5705859260294,266.5627905709647,262.2031508392203,264.1297302246094,8185110
2018-06-27,264.5567108999285,266.1059144756382,262.19317381979135,263.00750732421875,6542350
2018-06-28,261.9747746748557,268.1120387327916,260.60434825287626,265.96697998046875,21541805
2018-06-29,265.3511704759516,270.11794562919397,265.2121246333269,266.7315368652344,11526965
2018-07-02,267.9034653348659,269.0058010654145,264.55678702807194,265.7385559082031,6508435
2018-07-03,265.54984488600803,269.52216875956515,263.682847816408,268.75750732421875,7436185
2018-07-04,269.1447527156394,272.0842937611644,267.4068612819983,271.16070556640625,6738890
2018-07-05,272.6999887791684,273.6036959274948,270.8131413547861,271.1110534667969,9070555
2018-07-06,269.7605126611008,273.4547445483212,269.7605126611008,272.3424987792969,5210920
2018-07-09,273.0774081844858,275.6296031710754,271.60763748085765,275.103271484375,9378320
2018-07-10,275.31177206029696,275.79837190292614,271.34935947780156,272.5311279296875,7380115
2018-07-11,272.61067363126784,276.187595694254,271.6468922743229,275.611328125,7236090
2018-07-12,277.19112173445944,278.3039351642558,274.66740035638367,276.1776428222656,7998395
2018-07-13,275.2734574723153,280.56929684193915,275.2734574723153,279.0689697265625,7195995
2018-07-16,280.1519857965865,281.58275454299627,277.8468853246071,279.88372802734375,7525645
2018-07-17,279.88373152526265,281.3343611283749,276.85330106197296,278.32379150390625,7246275
2018-07-18,278.9994499649527,279.7843928391786,276.65459724545497,277.91644287109375,6865075
2018-07-19,279.79432366619614,279.79432366619614,265.0593999741645,267.7520446777344,30066400
2018-07-20,266.28150765943593,271.557456001116,264.49306190092733,264.9501037597656,16529215
2018-07-23,264.29428937501905,268.46736923074735,262.7641560516672,265.69525146484375,9788330
2018-07-24,266.6789805637013,268.06008226952656,259.35624274959747,260.76715087890625,15629820
2018-07-25,260.1212142744616,261.81032527596426,257.1404515578472,261.2936706542969,15585390
2018-07-26,260.64786357169453,262.8039623511417,257.2100584144332,260.5683898925781,18322485
2018-07-27,260.92605766375436,263.69817590404165,259.4555672381396,260.53857421875,9429105
2018-07-30,259.9026378264777,259.9026378264777,255.45138466870773,259.37603759765625,8601690
2018-07-31,259.0879872224905,261.03541099167154,255.7793225771732,259.6940612792969,9138695
2018-08-01,259.29659681754947,263.51934476298334,259.29659681754947,260.8565368652344,8422445
2018-08-02,260.25042452846446,260.5187126191902,253.7026850845896,254.39820861816406,10325285
2018-08-03,257.7366725580165,261.11486505692284,256.216484417414,260.22064208984375,13728745
2018-08-06,261.1049181970648,261.1148334551044,254.15973476868632,254.91485595703125,9478805
2018-08-07,255.7494604663698,258.11420397499404,253.19594803543782,255.09368896484375,8756960
2018-08-08,255.94823017373898,258.27322204914856,254.86522308146874,256.0078430175781,7585360
2018-08-09,256.74307739137254,256.74307739137254,252.391173205707,253.81199645996094,7113895
2018-08-10,252.97739217674945,256.32579339618087,252.7687320664381,255.45143127441406,7697420
2018-08-13,253.36488582847704,256.59404613805566,253.36488582847704,255.779296875,9906555
2018-08-14,256.3456138063125,258.0943377740421,255.35202615590043,256.9417724609375,8026645
2018-08-16,252.37129923981115,252.76872829234563,246.95624880405964,247.48284912109375,28747470
2018-08-17,248.79435019468508,253.1561995242588,247.4033335004261,251.02992248535156,16269850
2018-08-20,251.0299307644139,254.40812293956827,250.67223857967264,253.315185546875,5273715
2018-08-21,252.22226446426123,252.88796645872716,250.4338034249032,251.05975341796875,5717355
2018-08-23,251.178986137883,251.178986137883,246.01233287201202,247.93988037109375,15759965
2018-08-24,248.17832436821428,251.16901776526296,246.87672696006666,249.2911376953125,11071805
2018-08-27,250.39402929796492,255.34209176884178,250.0462827016445,253.34498596191406,12497515
2018-08-28,254.23925862532556,257.33924780139137,253.39470290600008,255.37193298339844,8043980
2018-08-29,254.78567675663712,257.3392043238998,253.36485367797087,256.0674133300781,7367820
2018-08-30,254.75589016726016,254.75589016726016,251.05974256600035,253.97096252441406,11864215
2018-08-31,253.4741873334672,257.14051362466336,253.4741873334672,255.7991943359375,7848165
2018-09-03,256.74306229032976,257.3392209902065,251.37769463522105,252.19244384765625,10383735
2018-09-04,252.37128942892684,253.4244900220521,248.61552893297835,249.90719604492188,10007445
2018-09-05,249.7879597590896,251.57642078046837,243.94567397051398,246.04214477539062,11312730
2018-09-06,246.8072122179962,251.2982334785056,246.04216050071625,250.56297302246094,14738165
2018-09-07,249.78793688801233,250.3840955608685,246.0321766674749,247.39340209960938,7261450
2018-09-10,246.60848364105107,246.70784848329956,241.44183022400242,243.1011199951172,12189100
2018-09-11,243.82644128502014,243.95561255117437,239.20626405610338,239.7328643798828,11436865
2018-09-12,239.65336212666548,245.1677771681069,238.46105985955688,244.5020751953125,10526440
2018-09-14,246.40976227655148,247.33379160783448,244.134452997314,246.32034301757812,9606245
2018-09-17,243.95559890094515,246.1911713371285,242.76329663383655,244.5020751953125,9308395
2018-09-18,244.01521010244443,245.1876515225769,240.54759858326506,241.50143432617188,11353325
2018-09-19,241.83926482694153,245.21747244869644,241.83926482694153,243.80657958984375,10385120
2018-09-21,243.8264253343887,247.60206177862068,227.13416343095585,234.5264434814453,22665640
2018-09-24,234.4866993029668,235.07291241259733,227.39248366778094,228.266845703125,17288950
2018-09-25,227.7303180522698,236.69248414804085,222.59347100593482,235.1524200439453,18880355
2018-09-26,235.6988895369142,236.20561383635186,230.77068757865496,232.38031005859375,12230885
2018-09-27,232.8969639418075,233.9203581176109,226.3293482682157,227.02487182617188,19836580
2018-09-28,227.92901843442485,231.1085112885351,225.2165281856721,226.85595703125,17108015
2018-10-01,216.60213440817589,224.70981427052186,199.15473554857147,222.96109008789062,52675400
2018-10-03,221.9476243942014,226.2498609373929,215.82712054793276,218.2415313720703,14809870
2018-10-04,215.60854353043655,217.50629978723472,209.9649723410875,213.52200317382812,17195555
2018-10-05,212.76687829980196,216.39346749090035,206.75566943319257,209.09060668945312,18835195
2018-10-08,208.66335368784374,221.92775594571856,207.4909274438747,219.44378662109375,20339050
2018-10-09,219.78161492116035,223.85533090239576,215.70791410087136,220.2684783935547,15574240
2018-10-10,221.27200486549953,227.84956655474906,221.02360791006882,226.09091186523438,16926305
2018-10-11,218.5892934608248,222.5636442510216,217.5957057632756,221.67935180664062,11416085
2018-10-12,222.96108557150663,233.12549919431774,222.96108557150663,231.9331817626953,31383075
2018-10-15,232.49952422613904,235.24182084881474,230.01555495021876,232.5889434814453,15909195
2018-10-16,232.7976103968992,234.82452271466187,231.05883185277526,233.64215087890625,18427010
2018-10-17,235.48030983646302,236.20562468920645,232.94665790096994,233.6918487548828,23964220
2018-10-19,231.5059267724463,239.65334262237778,230.63156477261887,238.25238037109375,17833920
2018-10-22,239.49438923353597,242.27643801967554,230.01556858553582,231.30723571777344,21713015
2018-10-23,228.52517622248143,234.44696572062784,227.24345473100612,233.38381958007812,11187685
2018-10-24,235.48028604234312,237.47739187109107,229.31009972459495,233.91041564941406,21549170
2018-10-25,233.0956999281399,237.30850242454744,231.50595341115257,235.6392822265625,18069465
2018-10-26,235.48027242456573,237.0700187247211,228.98221588164003,230.234130859375,9211060
2018-10-29,228.94247954327057,229.10145721634765,218.28128760301922,226.16043090820312,18556500
2018-10-30,226.53801652438096,227.73031884231997,221.62969040726793,223.31878662109375,9753165
2018-10-31,224.37197453210916,225.54440070344634,219.9803036966046,222.3947296142578,13824200
2018-11-01,223.2989002364515,223.9049893265366,218.80787968632833,220.48704528808594,13346585
2018-11-02,222.21588904060306,227.73030395668505,221.0732692191296,225.1867218017578,19503550
2018-11-05,225.54441129032855,225.54441129032855,221.66942526645877,224.4415283203125,7019100
2018-11-06,224.2428169272555,226.53800215491583,222.79217217246497,223.61685180664062,10531665
2018-11-07,225.34570637418418,226.39890697110704,225.01782059498152,225.4053192138672,817830
2018-11-09,224.9482630597835,226.30948860200112,221.71910283604882,225.65371704101562,8184035
2018-11-12,226.3392866759037,230.89985069278447,226.17037858205023,229.26043701171875,11436895
2018-11-13,228.52518217233128,232.77773652335813,226.53800667518055,231.68478393554688,10588105
2018-11-14,232.51939844452346,233.49311014816178,223.04056327008155,224.53094482421875,13534490
2018-11-15,226.33929561909588,231.70466347907782,224.9482636532496,230.95947265625,15245955
2018-11-16,232.89694582081896,233.09567548531302,229.07164235442505,232.2213134765625,9310215
2018-11-19,233.49313373976264,236.26523703972882,231.5059581334668,233.54281616210938,10028470
2018-11-20,232.49953918445073,234.1488985284034,230.93959910155723,232.48960876464844,9025805
2018-11-21,232.4895982789569,235.4802918867512,232.46972227930254,233.8309326171875,7162860
2018-11-22,232.6982632585822,234.88415341955977,232.0226308215851,232.6187744140625,6285445
2018-11-26,233.12549555182767,234.48670589982828,229.1312686045709,232.60882568359375,12281895
2018-11-27,231.12836153755546,234.27803266748685,231.12836153755546,233.20497131347656,8688795
2018-11-28,232.92677079051703,236.01682932380197,230.03544193755462,230.56204223632812,9754780
2018-11-29,231.60530141589135,242.4155253982738,229.91619017903741,241.03443908691406,33036205
2018-11-30,240.24949635245733,246.09178141407878,238.0039785646564,245.20748901367188,15027475
2018-12-03,246.40975566896805,247.20462888073448,242.1174494219967,243.6475830078125,9089565
2018-12-04,243.82641786720154,245.67449161346306,240.44822571899869,243.4886016845703,7825650
2018-12-05,242.7434132305218,244.10462355420282,239.0572112827454,240.74630737304688,14282635
2018-12-06,239.45464855883793,239.45464855883793,232.72805522355176,234.53639221191406,15486500
2018-12-07,234.6854275157249,267.4638934045533,233.72164616893102,254.28890991210938,169038095
2018-12-10,247.2245158913363,256.32578349148173,236.07645991336935,238.1331787109375,94740175
2018-12-11,236.27513494396018,246.21101097052755,232.6982135100185,242.1770477294922,50392955
2018-12-12,244.30336539407259,250.58283220791208,243.2700256246021,245.84341430664062,32819995
2018-12-13,246.4097706451026,252.7289895632455,244.14439170849914,251.25848388671875,21138660
2018-12-14,251.25848094807145,252.70911060686984,247.82066058184967,249.57931518554688,13357645
2018-12-17,250.38412591680517,251.57642824612444,239.86203474011901,242.9222869873047,36928205
2018-12-18,241.42194877140756,246.34020513271386,241.24311025253454,245.83348083496094,18392330
2018-12-19,246.17132278435696,247.54247888293142,242.85274296992787,243.55819702148438,15160015
2018-12-20,242.39567209344037,246.29053422090786,241.56104686823994,245.67449951171875,11504770
2018-12-21,246.4097626407851,246.9860453565972,243.16072644477117,243.86618041992188,11040145
2018-12-24,244.42259811287522,247.09535171311302,242.63413704571366,246.1116943359375,7699145
2018-12-26,245.31679159856955,248.55589713138875,240.54758287361074,248.029296875,11896120
2018-12-27,249.83764986096747,250.1158532327411,245.48574559625322,246.45945739746094,13268690
2018-12-28,247.25432227587203,248.57578066645272,245.42610925936307,246.67803955078125,8700670
2018-12-31,245.81358238198052,250.88088554044256,245.11807404831475,249.68858337402344,11621760
2019-01-01,249.19178201702448,249.5892110068491,246.85684500920837,248.486328125,6012900
2019-01-02,247.97963650869397,248.04917976863632,243.82643176226614,246.52899169921875,8568385
2019-01-03,246.40975613793353,248.5956461037422,243.95559324094216,245.46585083007812,9129440
2019-01-04,246.0123330679542,248.79436664036876,244.4225866029065,247.98956298828125,7343980
2019-01-07,248.58569937269593,249.19178845244454,246.60845446903696,247.72128295898438,6057280
2019-01-08,247.00591946910478,247.24437082489726,243.61778162005896,244.20399475097656,8307640
2019-01-09,245.88314269725112,247.20461612190743,244.04499943747138,246.06198120117188,8238110
2019-01-10,246.21104880380122,246.80719236043365,241.71009748501666,242.3459930419922,8257215
2019-01-11,243.428996514442,244.26360657815025,241.08412883953852,243.07130432128906,10646495
2019-01-14,241.83922964250993,243.31968070933763,239.73282866123236,240.7959747314453,6823475
2019-01-15,241.83922464313773,242.43538328937453,240.50782084894564,241.12384033203125,5769355
2019-01-16,241.58092649232754,241.82932343143543,238.06363250537612,239.00753784179688,11873245
2019-01-17,240.0508171116191,243.43893996707737,238.46107057672893,242.4254913330078,19672500
2019-01-18,242.4552816571042,247.00591527113588,241.73989727999336,246.44949340820312,12992860
2019-01-21,246.54887154505076,253.4642491765118,242.96201904666935,251.89437866210938,48926830
2019-01-22,254.15976842661507,259.912635257103,252.98732691053237,256.69342041015625,45363400
2019-01-23,258.11423288706885,258.11423288706885,252.5799568230487,253.6629638671875,16292910
2019-01-24,253.16614844065364,253.66294228957136,250.98025853760473,251.92416381835938,7298880
2019-01-25,252.1328320050112,255.88860779738354,250.095989165298,251.60623168945312,7206480
2019-01-28,252.17256768184345,255.35204537021738,249.3905190191617,250.47352600097656,10272960
2019-01-29,250.38411252046203,252.96744672989274,247.9995079894074,248.67514038085938,12957950
2019-01-30,249.39052224709448,249.4898870852764,241.9982270503536,242.87258911132812,13771160
2019-01-31,242.83283364524365,250.38410641090306,240.7264325221783,249.53955078125,14843300
2019-02-01,249.79789023679365,252.53025644396504,246.44948933892627,249.5296173095703,10945770
2019-02-04,247.40335184809817,253.30526555890054,247.40335184809817,252.8084716796875,6896595
2019-02-05,253.56357957137203,255.74946949266194,251.87448350314548,254.18954467773438,9588910
2019-02-06,254.35845907573594,256.1071831848868,253.63314427734255,254.25909423828125,5793705
2019-02-07,254.3584809846305,257.33924443366914,253.42450601151356,255.2626495361328,5992050
2019-02-08,255.1533252410197,260.5187234151876,253.82193643905273,258.2135925292969,12407165
2019-02-11,257.5379403285647,261.31356140644175,257.14048099667036,258.64080810546875,15723375
2019-02-12,258.33283299061327,260.3200086290026,257.39885801481876,258.0645751953125,7410050
2019-02-14,258.7302319053918,258.77992948369683,252.6792864302095,255.709716796875,12455555
2019-02-15,255.90846578398668,256.3456468322427,252.37129571856454,255.08380126953125,10034775
2019-02-18,254.55717481011112,255.94819149262588,253.01709571863196,253.77223205566406,6325865
2019-02-19,253.76229802293244,255.40171169913398,252.7389038825977,254.4478759765625,6341640
2019-02-20,254.61682415069765,256.7430863155616,254.19950392516506,256.2959899902344,6751010
2019-02-21,256.7232187741381,257.8558930906294,255.0539985593651,256.1767272949219,9095470
2019-02-22,248.5956418464004,249.9866737360532,243.42898878998568,245.99244689941406,419299520
2019-02-25,247.08540483362165,247.7709828358429,244.4225968283557,246.5985565185547,18677950
2019-02-26,243.23028810301025,248.337328612847,242.45529085855244,245.6446990966797,25132855
2019-02-27,246.01233798667792,246.72772239415804,240.66683093104763,241.67034912109375,26943610
2019-02-28,241.08414602083005,243.4389442830207,240.44825042778947,241.06427001953125,43614180
2019-03-01,242.77319652999864,244.52192045211052,241.9087801481918,243.6177520751953,10814170
2019-03-05,243.2104030684667,247.6616718488959,241.99822482632706,246.49917602539062,15642255
2019-03-06,246.82705323125924,247.8007649267371,245.73411586395204,246.66807556152344,11534170
2019-03-07,247.20462768349518,247.60205670698085,245.45590359388922,245.8533477783203,7172805
2019-03-08,245.81359392724673,247.1052609852608,244.76039337809448,246.191162109375,5257165
2019-03-11,246.01231005418074,249.37062602699027,245.2174368960151,248.3074951171875,10326930
2019-03-12,250.4735219967972,252.7687071795105,249.0129468512623,251.0498046875,17706800
2019-03-13,251.07960348885794,252.1924319989477,247.81070669527222,250.6324920654297,12127350
2019-03-14,250.9802563003484,253.8517241150585,249.78793894481822,252.16261291503906,12486930
2019-03-15,252.74886268251512,266.15235204445315,252.37129447707025,263.33056640625,51967525
2019-03-18,266.28150599409815,270.255856829831,264.45330824828795,267.0068359375,26923700
2019-03-19,268.2687209018757,269.26230875706784,265.9933962233551,267.82159423828125,15586060
2019-03-20,268.08981508380094,269.83850865118814,264.4930328021783,268.58660888671875,19847040
2019-03-22,269.2026569994255,271.1798868424514,264.493060949573,265.53631591796875,13100245
2019-03-25,263.48950142701835,264.46322820330454,258.96868991817104,260.05169677734375,14347820
2019-03-26,260.76712364602685,267.8613245912863,260.3299425993282,266.86773681640625,10255850
2019-03-27,268.2587712058147,271.03088976941314,263.3107231688629,264.8607177734375,15197290
2019-03-28,265.8840504180336,268.666083596417,264.07571369114066,266.4305114746094,23083475
2019-04-01,265.4866905248924,270.65332924665006,263.50943004818805,266.1623229980469,15837560
2019-04-02,267.07637939480935,267.24530265667636,263.8969167364737,266.1722412109375,8877995
2019-04-03,266.67890044929123,269.7490824333446,264.4930259660817,265.12890625,13832830
2019-04-04,265.7648514667749,267.2254266126916,261.7209422116457,262.8834228515625,12964745
2019-04-05,264.29428246857157,266.29140310301017,263.5292309878306,265.4766540527344,8718645
2019-04-08,266.4802413610414,267.77189328150934,264.9302469277235,266.9273376464844,7939335
2019-04-09,266.27160758980926,267.70237656991617,262.7245218851112,266.5697021484375,11234215
2019-04-10,265.8939815683434,271.8356467453298,265.8939815683434,268.2488098144531,15156035
2019-04-11,268.2090713397645,268.2587385969669,264.9997720909496,266.91741943359375,6742865
2019-04-12,266.91743479072125,267.87127056587855,265.595946067928,266.96710205078125,8524160
2019-04-15,267.87125562136407,273.8327819468162,266.9670871567102,273.0080871582031,14395115
2019-04-16,274.70712564768843,276.30678721701787,272.26287818571916,275.5019836425781,11663980
2019-04-18,275.50204843921284,276.6148620225419,270.822257975718,272.17352294921875,12044680
2019-04-22,270.25589980462854,271.40846536889336,267.49372674744234,269.6001281738281,12095540
2019-04-23,269.848472300706,271.95487331463096,268.46740120349233,269.3318176269531,8098435
2019-04-24,269.2622916283592,272.2430550043189,266.2119698297061,271.59722900390625,9672055
2019-04-25,272.02446906966645,273.63407646835606,269.2622961741871,270.3353576660156,9037990
2019-04-26,270.65334729022527,275.1046321526158,266.837973260418,274.08123779296875,12804320
2019-04-30,274.66741330123875,277.60842469314974,268.47735040389904,275.5318298339844,31052865
2019-05-02,277.01226757575586,282.5266980800829,274.72702775573134,279.4664306640625,23904025
2019-05-03,279.4763509614427,285.3087059907111,278.2443118991741,281.7417297363281,21348375
2019-05-06,278.2045606081965,281.58275277977503,278.1449477709603,280.2712097167969,10547535
2019-05-07,280.19174981892957,283.1725131148756,278.05554218788,279.8241271972656,13933680
2019-05-08,278.9994311898806,281.1654755537303,275.95905506664684,278.6417541503906,12696575
2019-05-09,277.05198348518024,279.77440400997375,271.50777760377747,275.3231506347656,23523910
2019-05-10,272.24301084938463,279.4961884257407,271.8654426981644,277.8369140625,20748545
2019-05-13,277.4097150208485,278.1549058416546,274.2401676372684,276.0882263183594,8274820
2019-05-14,275.91936559610974,277.60844679402203,271.96487492941685,274.81646728515625,14651480
2019-05-15,275.02511196232,278.9100441963092,273.97191123945703,277.3699951171875,10611000
2019-05-16,277.5885582278398,282.8645069024834,273.961968903058,280.8177185058594,7116800
2019-05-17,281.3840643949169,292.07504802173617,281.26480839390643,290.12762451171875,18996095
2019-05-20,296.28788353714543,299.12952998943797,290.34621778886265,298.58306884765625,23343645
2019-05-21,298.67246822018996,301.01732063403836,294.85709509674655,295.67181396484375,16121390
2019-05-22,296.68531946017237,301.5936455569727,295.83081819539893,297.1324157714844,12493315
2019-05-23,301.8519611309472,309.1846439372119,295.930186340538,298.02667236328125,28982870
2019-05-24,300.06352045108764,302.8455542073071,296.08916918683485,300.4013366699219,14366950
2019-05-27,299.39779746814236,304.63402456329055,298.07633904003126,303.91864013671875,11140315
2019-05-28,304.63401769175704,304.63401769175704,298.0763323164174,300.2622375488281,9966510
2019-05-29,299.92438689507173,304.0378547789421,298.4737572545569,300.8385009765625,7254130
2019-05-30,300.8384829379999,306.372773710598,300.44105392192233,305.1009826660156,14697095
2019-05-31,305.23016269069973,306.8198788006969,291.5981378264248,302.4779052734375,13801070
2019-06-03,300.69938742599925,304.991663121797,299.2686187534369,304.2862243652344,6176510
2019-06-04,304.03786403849,306.0250396204409,302.48786951031974,304.3061218261719,5872165
2019-06-06,304.54455438649154,306.20382874949024,298.27501886257437,300.90802001953125,10224595
2019-06-07,302.80583867779075,302.80583867779075,295.6420485466824,300.42120361328125,7669460
2019-06-10,298.7320733716812,300.24231571860366,295.4134941828337,298.59295654296875,8575750
2019-06-11,299.9243703337357,300.9080427814138,296.5958757766465,299.6064453125,4724055
2019-06-12,298.0763435190932,298.57313742495836,293.3369405730213,294.7975158691406,8842145
2019-06-13,294.4994052344713,299.8647730601529,293.49590221836513,298.8711853027344,11516575
2019-06-14,298.8811308389691,298.8811308389691,291.24043855980295,292.8798522949219,9767550
2019-06-17,293.7045375280872,293.7840112044426,288.3590307169271,290.1971740722656,11831110
2019-06-18,291.12120437811444,293.0090149974168,289.1638353405805,290.4952392578125,12124090
2019-06-19,292.7109731382792,299.030177017545,292.4923826085119,297.63916015625,19456650
2019-06-20,298.1757234113407,302.0507100082517,297.48019977927413,301.72283935546875,12837830
2019-06-21,301.25579751753804,301.25579751753804,294.73786474490396,296.04937744140625,6074210
2019-06-24,295.890435138668,297.53979452767777,290.9920545548465,292.2340393066406,10132655
2019-06-25,292.48243342567196,296.3375589094249,291.51865205473376,294.8769836425781,10262450
2019-06-26,295.0955910022074,297.28149639764837,293.17797373187204,296.2084045410156,11052310
2019-06-27,298.076317424824,299.4077213373613,293.60517266345164,294.419921875,19302695
2019-06-28,295.0955817280064,295.31417226068066,292.43277365498795,293.5257263183594,9070430
2019-07-01,295.4731281666694,296.2679862331247,291.99557106261705,294.3404235839844,9521795
2019-07-02,294.876980931385,295.48308524620506,291.5285949552507,292.4128723144531,9018660
2019-07-03,292.89969249974496,294.49935395614705,290.59456202664995,293.10833740234375,13235240
2019-07-04,293.10840219552153,299.0401225985914,293.10840219552153,297.63916015625,15129625
2019-07-05,299.04013006274806,302.05069997129675,298.08629423717963,301.4942932128906,14836600
2019-07-08,300.73910176997896,300.73910176997896,292.12471384922065,293.16796875,8961290
2019-07-09,292.31352257954296,292.7109516075519,286.15326651878485,290.6939697265625,11487100
2019-07-10,290.72378540524966,294.46960035442345,290.29654994457974,293.2773132324219,10903660
2019-07-11,293.90319962064154,296.84424074509207,292.52212862557644,295.0855712890625,7992455
2019-07-12,295.64233104730516,297.1434365408886,293.44529679773814,294.9862060546875,10362725
2019-07-15,296.0499448839092,300.4141612975546,293.9821815013714,299.8475036621094,8760770
2019-07-16,299.8276288399455,300.52349702937806,296.2487784686495,298.52532958984375,6757175
2019-07-17,298.61478807462134,307.5519476225018,297.65048717494795,305.1163635253906,31012670
2019-07-18,304.4701459454339,306.83616436060555,303.4462001136334,305.842041015625,11334100
2019-07-19,306.18994336972577,306.3390557809932,296.2487114421373,298.01824951171875,10471145
2019-07-22,296.84526229738486,297.63062830187584,286.7350136643786,289.1507263183594,17115785
2019-07-23,290.2840104021232,300.6228868967434,289.33958110969854,297.0440368652344,38298140
2019-07-24,296.84523787955214,300.22525119623316,293.5745635688338,297.6802978515625,14691180
2019-07-25,296.646372429632,299.03226216759333,294.2505317509124,295.2645568847656,14194615
2019-07-26,296.2487643393358,301.80591033853557,293.6739884509348,300.59307861328125,8406765
2019-07-29,300.9708473852986,303.0982859390796,297.68030148916904,298.73406982421875,10498675
2019-07-30,299.23115136816983,300.1457582693497,295.06577178419167,297.9785461425781,8718740
2019-07-31,296.26856263678593,305.1361542559993,294.4095572481188,302.12396240234375,14739040
2019-08-01,299.4199854973315,302.014632629635,295.4534434194832,297.40191650390625,11288765
2019-08-02,295.8511306442887,301.2094400077463,292.2822312699911,299.7480773925781,19354045
2019-08-05,297.2428860504607,297.2428860504607,289.2998500746058,290.30389404296875,19322730
2019-08-06,289.1506933209538,297.0142123963113,288.6238091766542,295.31427001953125,14153040
2019-08-07,297.02420599922726,298.15752130534906,291.38751263535255,293.52490234375,11811905
2019-08-08,295.2546569389492,300.1855006274651,291.665885940531,298.7837829589844,9660605
2019-08-09,299.4299680619862,305.2952898162759,299.0820188184611,304.6192932128906,12228295
2019-08-13,303.2275201033782,304.9970586092924,299.2808488414261,300.5036315917969,13829875
2019-08-14,301.2193443364094,301.2988608474773,294.1511426009667,296.6065979003906,11774540
2019-08-16,296.04993310326944,299.52936496470323,293.7634614439082,298.02825927734375,10848770
2019-08-19,299.2311358643607,302.1140875841106,296.3581047483587,297.51129150390625,7737990
2019-08-20,296.3580741989725,300.4737591094244,294.7873727772651,299.2509765625,8623045
2019-08-21,299.03226929160536,301.7760592416564,297.4416963205607,299.3802185058594,7422075
2019-08-22,299.02234475496704,300.22522540842095,292.7494293928631,293.91253662109375,9373755
2019-08-23,294.2406439881686,295.65228217462663,287.5203603440961,292.3120422363281,18078965
2019-08-26,298.23696835051965,302.1140428714297,288.9120876193094,300.78192138671875,10938390
2019-08-27,301.0205233262111,302.7602391024913,297.1335279179981,298.545166015625,13704020
2019-08-28,298.07791483295915,298.43581498267525,292.9383145648055,294.9862060546875,11455030
2019-08-29,294.1610900325877,294.1610900325877,287.64959429543717,288.46478271484375,19656835
2019-08-30,287.9179917776388,290.2044936220868,282.9473751656687,284.6075744628906,23587665
2019-09-03,284.1204177044819,284.1204177044819,279.3585890968822,281.19769287109375,13762825
2019-09-04,281.1579784212127,285.9098869101419,278.0861408524712,283.61346435546875,12098145
2019-09-05,284.697062460957,286.67535830701087,279.4381412113785,280.37261962890625,11905115
2019-09-06,280.83986797556395,287.2221537222764,280.83986797556395,286.61572265625,11226095
2019-09-09,286.1087027040502,293.17693586182355,283.13628344296876,292.53076171875,16063780
2019-09-11,292.53073736895834,294.0417938911011,290.08517216226187,293.30615234375,13024480
2019-09-12,294.26050962082036,294.9862305832045,288.6934128306169,289.7969055175781,12124770
2019-09-13,289.68754525888784,295.45347903387545,287.73907193959303,295.10552978515625,8842450
2019-09-16,293.0675533442012,296.6165810078808,291.27814343789805,293.2564392089844,9288840
2019-09-17,292.5207860567773,294.4493877190108,287.102801843286,287.957763671875,6772930
2019-09-18,288.2958087110988,294.0517921452451,288.27593716329926,291.2284851074219,9272125
2019-09-19,291.2383155511035,291.2383155511035,287.3015962904103,288.8126525878906,7249365
2019-09-20,289.28986762230306,317.9007337289451,288.3951627591593,305.9613037109375,35797445
2019-09-23,313.1488194202367,328.4583111909127,303.9631304254778,326.19171142578125,34270145
2019-09-24,324.7403134239041,326.4104332486972,316.13120220135454,321.7181701660156,18852705
2019-09-25,321.4995088636905,321.4995088636905,314.2424200125954,318.4376220703125,17837720
2019-09-26,319.5112151194706,334.81078691290526,319.163265904918,323.4578857421875,21540140
2019-09-27,321.27090043360556,327.94146053232834,319.3025250088593,326.7684020996094,12912805
2019-09-30,325.09820871459584,330.44659722,320.9626519161355,326.9572448730469,16789295
2019-10-01,325.8338631623947,329.4524562056883,322.83159137397024,327.70281982421875,14627680
2019-10-03,326.91746112634553,326.91746112634553,319.51123022812783,321.2509460449219,13272830
2019-10-04,324.08424171194406,324.8198833499246,309.6296783875079,310.7928161621094,27438405
2019-10-07,310.7629371126147,316.84696660908963,308.0390187504874,309.30157470703125,15227670
2019-10-09,310.02728687346894,323.63683767690316,307.73086441013874,320.574951171875,12992150
2019-10-10,318.09956160587245,319.58079550823635,311.55821377234207,315.0972900390625,7847105
2019-10-11,317.16513288015057,323.0900997532261,313.18863934472625,315.6838684082031,12129205
2019-10-14,317.72181953355,319.90887263731975,313.3973770185414,315.23651123046875,10050950
2019-10-15,317.2048635627273,323.98479205656804,313.6459153365755,321.22113037109375,13532355
2019-10-16,321.1018385817627,322.75208696552676,316.64815510010186,319.2229309082031,13431665
2019-10-17,320.10769963308724,320.82346961598256,315.43530803109905,319.02410888671875,10381745
2019-10-18,318.8750295642647,322.0164631298597,316.330076102711,321.15155029296875,11788035
2019-10-22,323.45788654107173,326.6689156550681,316.5288460706211,323.85552978515625,24475410
2019-10-23,324.08417661784154,325.81394134922346,318.7755621506404,320.8334045410156,15426150
2019-10-24,322.0761097512696,324.06435654940225,317.63237694391364,320.7439880371094,8000005
2019-10-25,320.873216584895,320.873216584895,311.9857504718998,315.8529052734375,14335100
2019-10-27,316.9264675720983,318.31826433826274,316.16100362129407,316.7276611328125,988045
2019-10-29,317.6025230189717,317.6025230189717,311.75707315692995,313.2581787109375,15012650
2019-10-30,314.1230921669647,315.8429060644828,312.91026052391715,313.92425537109375,8386345
2019-10-31,314.9283461801947,319.11359701076975,311.35944697570943,313.0494384765625,12407105
2019-11-01,312.55237602346625,315.3259886722255,310.7629661238883,314.12310791015625,11098685
2019-11-04,314.938239985693,317.483193131329,311.1605836927679,312.36346435546875,7171965
2019-11-05,311.87636878311827,312.10502806820404,308.23787379577266,308.9536437988281,11316970
2019-11-06,309.46064139477505,315.72360586415994,306.38880412925886,312.36346435546875,11236175
2019-11-07,313.5464963268459,315.53474301292385,309.95772562082885,314.9382629394531,12559560
2019-11-08,313.92426324749323,319.3124250331363,312.55236820097497,318.1691589355469,19568135
2019-11-11,317.1054775789194,321.9766759335557,316.5288690456445,321.4796142578125,14617870
2019-11-13,321.4994705363193,323.68655394102825,318.3381657098872,319.27264404296875,13019170
2019-11-14,319.31242318737253,320.1872262266845,314.9482072410882,317.64227294921875,13196490
2019-11-15,319.31241145925276,323.8853543022706,318.6165130240622,322.6427001953125,10342030
2019-11-18,323.41809648932656,325.07829562928345,321.40997849007783,323.5274658203125,10074870
2019-11-19,324.06436376983527,324.3029436826906,320.93285072241275,322.8515319824219,7982410
2019-11-20,322.6924133357699,322.8514766965148,317.3638969346352,318.0101013183594,7812180
2019-11-21,318.80539504162283,319.093699285676,315.6341393717425,317.1750183105469,8369070
2019-11-22,316.51895058882957,316.9066429226554,311.1804826710215,311.9757995605469,9312170
2019-11-25,312.9500099633782,319.3124235015386,312.1646743816924,318.8451843261719,10092105
2019-11-26,318.3182966418983,320.20712486707606,316.38969498953395,318.9942932128906,7784040
2019-11-27,319.10366031503713,322.89126804028393,318.45748617297386,321.6784362792969,10204415
2019-11-28,321.49948042449785,323.30879217511097,319.53113563795614,321.1018371582031,11188800
2019-11-29,320.10767440926753,322.4935640515037,316.5884697424853,321.1415710449219,8652390
2019-12-02,321.0024260225665,325.3765627272849,318.1592477828825,324.6806945800781,11448520
2019-12-03,324.9788757130862,328.0606637737591,324.37247510906843,327.41448974609375,11608915
2019-12-04,326.72858214150216,330.0290789274043,324.72046390677787,328.3092346191406,13520395
2019-12-05,328.30926200580785,330.0489780043246,326.1520008188217,327.9215393066406,14684450
2019-12-06,328.0606955886486,334.02543550844223,326.728573980483,332.8921203613281,18997535
2019-12-09,333.6178838082677,333.82664123734924,329.3530857275907,329.8998718261719,9468700
2019-12-10,331.04302567164507,331.23191150674455,328.2694134483397,330.5260925292969,7065780
2019-12-11,331.2418960662616,336.1826900863243,329.87000105660746,335.3277282714844,10145585
2019-12-12,336.05344372169674,341.97841000498426,334.42306697211086,341.10357666015625,13477940
2019-12-13,341.22289636216163,341.7796030232025,335.46694388408804,336.5604553222656,17638170
2019-12-16,336.808996796104,343.96669743289317,336.808996796104,338.7873229980469,18310635
2019-12-17,341.1931180946382,342.25683752129737,339.7118837872054,340.6463623046875,13234410
2019-12-18,341.7796034637386,343.1614495144076,339.2545519401332,342.84332275390625,22963340
2019-12-19,342.96262311535605,344.9210474329248,341.0439722286168,343.8672790527344,13507510
2019-12-20,342.604713778323,342.8532446004541,335.4768364507787,336.5505065917969,15293395
2019-12-23,337.80310766002293,340.22877110032675,337.027692648007,338.9761962890625,8727440
2019-12-24,338.98608982412753,341.28251218934935,338.00191747852824,340.29833984375,8513520
2019-12-26,340.1989435108753,340.9843094530099,335.9540477231236,336.85870361328125,8234850
2019-12-27,338.99602751868696,338.99602751868696,334.2938136345668,335.1388244628906,7646830
2019-12-30,336.0137146767008,339.353954792789,335.11900966976566,336.0932312011719,9341420
2019-12-31,336.0932005534292,336.2622148675968,332.1067866479707,334.89031982421875,9848395
2020-01-01,335.8148568645296,337.3557662662573,332.43484352838954,332.8424377441406,7375280
2020-01-02,334.0254689552492,334.72136748420166,330.97350277617716,332.34539794921875,9260445
2020-01-03,332.22609241293463,332.6336866364078,327.1759286892439,329.4723815917969,7970445
2020-01-06,329.4723437944161,329.541909365477,325.794075601405,328.56768798828125,7400435
2020-01-07,330.25770370071734,332.9816222609895,328.1402161489798,332.2062072753906,12489655
2020-01-08,328.9951714106438,330.33724394994096,325.6748031880389,329.0249938964844,15629655
2020-01-09,332.733110505614,332.7828045397794,329.79048343000557,331.05303955078125,13342120
2020-01-10,332.8523634059312,336.4113113943238,332.27575491495963,334.95989990234375,12680415
2020-01-13,336.4113262742994,338.8966345806081,335.128898693538,336.2323913574219,9039790
2020-01-14,337.2066201522006,337.2264916955317,332.2360038783665,333.38916015625,10684460
2020-01-15,333.220200162063,335.3376877011522,331.2220025680094,333.1506042480469,12451225
2020-01-16,333.8067721141553,339.115387717029,333.8067721141553,338.3101501464844,16606410
2020-01-17,338.7773321600603,339.1650548039194,336.03354218270397,337.6241455078125,11479375
2020-01-20,339.791365832725,339.791365832725,320.30657147203084,321.6784362792969,40020170
2020-01-21,319.11355981617345,324.20346594728596,315.17684028324004,323.10992431640625,28727345
2020-01-22,324.7204562097328,325.6549042205141,313.34768298777425,315.23651123046875,27395810
2020-01-23,315.7335954989139,319.78960559114563,314.40147379366533,319.2826232910156,17478415
2020-01-24,319.2030712596853,327.8618773726631,315.5347535740321,326.65899658203125,21264685
2020-01-27,323.8257260687792,323.8853710419371,319.7895877478346,321.7679138183594,9372145
2020-01-28,322.09597783733676,325.674828103177,320.15742509468714,323.2988586425781,9905520
2020-01-29,324.68069218622793,327.30516205441404,322.70236608967446,326.16192626953125,11137465
2020-01-30,325.6350770503119,326.132138778663,321.5989382431602,323.7362976074219,7950780
2020-01-31,339.92055061730247,343.76780268438864,334.6517096046945,336.3616027832031,47475230
2020-02-03,327.1859252470185,334.18456326260616,324.87955141918684,333.2799072265625,12551470
2020-02-04,334.83068281682154,338.55864537631965,332.06702111957645,337.6639404296875,10352085
2020-02-05,338.3995731970521,339.4831639789036,333.4488584632935,335.9639892578125,10482560
2020-02-06,336.78908003050134,337.58436651081416,331.6395287756245,332.83245849609375,12663090
2020-02-07,333.1804119357773,333.61782860697,326.8677230266511,328.6670837402344,11450755
2020-02-10,330.04895536751445,332.9518089261977,327.20577712158195,331.89801025390625,6775620
2020-02-11,334.512525357554,335.17860128919995,331.3512206784663,333.5184020996094,9573830
2020-02-12,334.04529657054167,341.97841133668646,333.0313017377615,340.96441650390625,15052685
2020-02-13,340.924652507475,340.924652507475,334.48272249630344,335.9739074707031,11234600
2020-02-14,337.20661509378925,338.5983815619382,330.7646855777708,334.21429443359375,9460785
2020-02-17,335.01955969041376,337.8428662857921,332.4845573532734,336.2323913574219,9063825
2020-02-18,334.5224722431719,337.962130179258,333.6874123572094,336.2124938964844,11095195
2020-02-19,345.95492041901525,345.95492041901525,337.0873269261176,338.22064208984375,15842670
2020-02-20,337.46511473136127,337.85283741266375,333.2699128461355,335.2084655761719,10499515
2020-02-24,332.434836069687,334.7710319669477,330.5062343790323,333.677490234375,9630665
2020-02-25,333.26988516746854,335.95403021102067,331.7091346445404,333.19036865234375,7677775
2020-02-26,332.0570480534344,333.56813486000806,329.4524499061897,331.3412780761719,12929475
2020-02-27,331.2419156052584,335.7949872441064,330.1682453873114,334.57220458984375,13446760
2020-02-28,329.03492260846986,330.0687889399194,320.8532773789481,322.16552734375,18716560
2020-03-02,324.28303726143463,325.5356120074579,314.9780272636615,317.9206237792969,23814235
2020-03-03,318.8749865897113,325.34670838239066,315.53471666018885,323.3485412597656,14591930
2020-03-04,324.521638740159,324.7005736674624,313.6657980768537,319.70013427734375,12651105
2020-03-05,321.101835868888,333.32954070321364,319.71006927332644,328.3291015625,25304810
2020-03-06,319.15336803193856,326.867744579887,317.7616014128425,324.29296875,17711215
2020-03-09,317.1253371987836,320.0977561997154,306.70691394522163,313.775146484375,27677505
2020-03-11,313.33771228366277,319.09369444526686,306.687025257027,315.99200439453125,23571010
2020-03-12,300.2053733998827,307.47241249780905,268.6021843197757,291.2880859375,39039565
2020-03-13,278.35454820990395,299.2311393256468,233.03246666160138,292.2822265625,57044450
2020-03-16,281.73454293295003,287.25194556409673,273.3839131092599,275.1136779785156,32902600
2020-03-17,276.76391623585215,278.9410486551691,259.0884054574411,262.9853820800781,24105575
2020-03-18,263.64152663993303,264.2379763840596,231.05414901367257,233.0125732421875,55827210
2020-03-19,217.7229556086955,249.24661460727717,199.02349729095397,240.74685668945312,49586245
2020-03-20,241.96960717853133,255.21133692658998,227.95247763262688,250.98631286621094,51895950
2020-03-23,226.1630664074467,239.47437770923455,214.36282687362453,218.35919189453125,33472025
2020-03-24,229.2746695277053,235.60723031539794,206.99636195729383,229.22496032714844,36859170
2020-03-25,226.66011900235208,263.2438453727003,223.68768478788604,256.5136413574219,32245300
2020-03-26,258.4720627844804,276.36628251571364,249.08753623170804,272.976318359375,36274745
2020-03-27,285.51223319152865,288.29576638686586,273.2944489420135,278.17559814453125,51116430
2020-03-30,267.4589400562567,274.37802970185857,253.66050385336442,257.2194519042969,27851625
2020-03-31,264.0988143226948,264.4368126230531,255.48970242152123,257.68670654296875,22384305
2020-04-01,257.45808075372645,257.45808075372645,230.2389780851089,234.94117736816406,54192310
2020-04-03,234.9411667787259,235.20958432332762,216.12240438368377,226.82911682128906,50557355
2020-04-07,242.76491143105116,244.36545058117562,232.82367824248135,238.20188903808594,42762850
2020-04-08,235.5674670961848,247.04957923448717,230.7062046988034,236.1341094970703,37025435
2020-04-09,241.57198773327147,254.7341719245763,236.6212574172023,253.0839385986328,40487010
2020-04-13,248.53082765850465,249.9524167115347,241.77078611236973,248.7097625732422,21252680
2020-04-15,251.68218643435787,252.69619641706538,229.30447708854018,233.3704376220703,45228380
2020-04-16,231.62081002957356,231.62081002957356,221.58015789924616,224.84088134765625,55276025
2020-04-17,236.07445173890764,238.18198819575073,225.66597999436084,235.85574340820312,42926975
2020-04-20,242.56607962490133,243.4607845066905,233.07219929428356,234.16574096679688,32800900
2020-04-21,228.64837695710187,229.64250033517624,223.67776006673012,224.7017059326172,23998980
2020-04-22,224.0853329617267,231.9786742593318,220.33748393578946,229.07582092285156,34818460
2020-04-23,233.02249388534273,249.5249466220155,230.25883234345696,248.4612274169922,52791235
2020-04-24,242.36727739719967,250.1214426132807,241.2439131500111,246.453125,33921175
2020-04-27,248.90857479914885,263.4227797692535,248.90857479914885,259.18780517578125,38857060
2020-04-28,260.4801757446535,265.72914554707205,260.4801757446535,263.7707214355469,33391940
2020-04-29,263.8402935669975,268.8109096113578,261.4941773564111,264.0093078613281,33516145
2020-04-30,266.42506183002484,274.37804875032407,265.2420525985713,269.8448486328125,31362610
2020-05-04,257.47795333041165,259.6451350000466,251.25474648299954,254.05816650390625,25482195
2020-05-05,257.87556974725544,259.04862792275446,243.56020075038964,246.21450805664062,25024205
2020-05-06,244.75315182901454,253.9786147792834,241.42284789721742,247.7255859375,23021370
2020-05-07,244.65373604851476,246.5425641416305,235.45809605532892,238.54981994628906,34216360
2020-05-08,242.9637226842438,247.12910163941396,240.78660545098882,242.05908203125,17556020
2020-05-11,246.65196182624047,248.98815792599407,235.60725004641384,236.29319763183594,23370405
2020-05-12,234.21545151694923,234.21545151694923,226.0636284619427,230.07989501953125,51342750
2020-05-13,241.58191387480764,242.56610146869866,233.16168774554095,235.9452362060547,59574620
2020-05-14,234.39439764141747,241.3731476685726,232.0582017471983,233.2412109375,35499850
2020-05-15,234.58329178305928,236.58147428693798,229.48343406365467,234.27511596679688,19319900
2020-05-18,233.61897885657802,233.8178004856111,220.69537577089497,221.42108154296875,31987080
2020-05-19,228.64836309345043,232.60496965093188,223.73739147647134,224.76133728027344,31914605
2020-05-20,224.67189730562885,234.21548839156898,221.68952698741253,230.65652465820312,26271940
2020-05-21,231.63073512075735,236.5118842954355,227.57471012753317,228.6980743408203,29885640
2020-05-22,226.66010967468674,232.06814278872054,221.98773325468994,230.67636108398438,25948740
2020-05-26,230.63661528513342,233.6189853103722,227.56477779972587,229.28460693359375,27353985
2020-05-27,231.4219610276605,247.13906346158686,230.8354319093493,242.07896423339844,58726830
2020-05-28,243.36138605387976,249.5050607460037,240.4983061054085,244.44497680664062,53550015
2020-05-29,241.8701890308553,244.51456050848446,238.5995150534937,243.3613739013672,27486760
2020-06-01,248.33199736885732,254.33649528124954,246.14492919556682,248.2126922607422,34717880
2020-06-02,263.0450562555334,269.0594906570359,258.0843598869162,267.00164794921875,86600150
2020-06-03,271.1968226027363,283.96139240168947,266.8624596010943,275.6803283691406,61722075
2020-06-04,274.3879965818354,274.3879965818354,264.5064080183191,265.3116455078125,30020720
2020-06-05,267.22031296428565,270.00387622034634,262.64737036188853,265.98760986328125,28440585
2020-06-08,269.4074135967879,271.3956601915981,261.5538456149345,265.77886962890625,26511485
2020-06-09,266.8127492150211,270.401519525787,258.2931058223157,259.2971496582031,27386665
2020-06-10,259.3667529668501,267.2799656370145,259.187818060881,264.8841552734375,24381800
2020-06-11,265.2320696960902,265.3116165451207,256.3247339133999,258.21356201171875,21884065
2020-06-12,246.5425970641914,256.42418584132326,244.8724770749336,254.45582580566406,44962120
2020-06-15,252.50733561797728,252.7359797453962,245.98588874718618,248.3121337890625,37767895
2020-06-16,253.70026585333468,257.6370008380645,246.16480933803794,253.8593292236328,26331460
2020-06-17,252.3979840074733,255.47975737992425,245.86660129745718,247.29812622070312,27146320
2020-06-18,246.54259658718735,260.4404522681823,244.22628730702152,259.1381530761719,33362610
2020-06-19,259.2673716144046,261.60356768133073,253.76988557321977,258.9691467285156,42463075
2020-06-22,260.4205408869827,275.37216437138426,257.666830165034,269.4770202636719,38169335
2020-06-23,269.40744324557363,277.4996223393635,268.42327078106786,276.346435546875,23349125
2020-06-24,276.76393164233986,277.95689178500515,265.8186543047152,267.2004699707031,26663085
2020-06-25,265.82856904944964,276.3165882527105,263.44267915493896,274.7160339355469,49925190
2020-06-26,274.3780620483123,274.9645912215226,263.8304271964185,266.4449462890625,33470980
2020-06-29,265.649655996729,271.7734597775186,261.05681074569645,269.53668212890625,19098405
2020-06-30,271.375812205884,272.9663853492235,267.4291411590409,270.49102783203125,23888320
2020-07-01,262.2496624282315,271.35583369202556,261.653212837033,269.75531005859375,44697925
2020-07-02,270.0336955704193,272.76753443015434,266.8823116087385,268.8109130859375,24964910
2020-07-03,270.38171614153936,272.13135284364364,268.42329166422945,269.16888427734375,13840515
2020-07-06,272.38980468771354,274.62658228095205,270.6003947484178,271.9722595214844,16240365
2020-07-07,272.38981938477946,273.26465285589995,268.7115505643608,272.0418701171875,17871440
2020-07-08,271.99214682368006,274.14937744187233,268.0156535377732,268.9600524902344,16915525
2020-07-09,269.55650562590665,273.3043695899867,267.96590240277527,272.0219421386719,17229575
2020-07-10,271.07754174122493,273.38391514287974,267.52851417982976,268.2840576171875,15089795
2020-07-13,270.4015300491508,271.37578177770996,263.2637322356473,265.5402526855469,16783485
2020-07-14,264.19822201236906,264.7151552146188,257.13994040529025,258.1340637207031,14574715
2020-07-15,259.7445181701008,260.8480107391383,254.49554869186048,256.4837951660156,21862715
2020-07-16,256.2055156186734,264.01931194885333,251.91089471717004,262.9754943847656,21020285
2020-07-17,261.85206504478424,266.00749306068445,258.69076030569664,263.9297790527344,21000815
2020-07-20,264.4367758278476,265.7688972985729,260.26144617948313,262.2596435546875,17408710
2020-07-21,263.4625430695373,270.9980145878678,263.4426715255264,270.20269775390625,22021225
2020-07-22,271.39568113808616,271.6640835273363,264.625703387305,266.8923034667969,20862875
2020-07-23,266.4250304331806,274.3481939323534,265.49055215310995,273.19500732421875,21543595
2020-07-24,270.40154622395835,271.3956695556641,266.743179644458,268.4132995605469,15561890
2020-07-27,271.39566113211544,274.27861263693404,260.4901273082589,262.9654846191406,37804195
2020-07-28,264.4566888801199,278.71241441462735,262.32928063684693,275.18328857421875,33758855
2020-07-29,275.3721736456583,277.9469495348252,267.5981216066869,276.2569580078125,20338950
2020-07-30,277.38028006609665,283.26550351687797,273.58275201006893,275.3721618652344,30485515
2020-07-31,273.38393415666184,276.35635340525613,268.4829130909578,271.5447998046875,16115350
2020-08-03,269.60627932264185,269.60627932264185,258.49195660793106,260.1720275878906,26206300
2020-08-04,262.44855133422055,264.70520030460983,258.86970138474317,263.2339172363281,24732980
2020-08-05,264.8344339186611,269.0097638014868,262.84618737221734,265.2718505859375,17378010
2020-08-06,267.4191981557827,271.8728819687677,264.56606881396374,266.4449462890625,18389150
2020-08-07,266.72328233557926,267.97588746324595,263.0947381802722,266.922119140625,14035345
2020-08-10,268.2144881113331,274.3780654858026,267.6577814200152,270.44134521484375,14800280
2020-08-11,272.9862513758713,275.37214111572536,269.8348673146409,271.3161315917969,12514625
2020-08-12,268.4133041651319,269.3776050269583,265.14262985300593,265.4508056640625,19200950
2020-08-13,266.8028075062749,270.10330403704194,265.2221551508241,265.679443359375,16656640
2020-08-14,265.9379501585176,267.7770541068093,258.9293622565939,259.95330810546875,16657510
2020-08-17,262.4684729186641,265.1426675339317,260.8977711532266,263.9497375488281,14156700
2020-08-18,262.1702130704005,273.37397238838537,262.05092312161077,272.26055908203125,21309745
2020-08-19,272.85705288134807,274.5569954135366,268.4033690937978,269.5267333984375,16983820
2020-08-20,267.02151220872906,268.4132786972904,264.4666081636565,266.09698486328125,14206945
2020-08-21,266.82271938853233,268.8109662250165,264.64558667552296,266.3057861328125,12425830
2020-08-24,267.9360982934326,277.6586228595286,266.89228097385893,275.81951904296875,30145690
2020-08-25,276.76391479066405,279.34864138356824,274.48736398717404,278.3743896484375,22811185
2020-08-26,280.3427826946404,286.6355701063023,278.99078951066525,285.6513977050781,28593240
2020-08-27,286.5063232993969,287.4706240334994,280.65092298841023,282.33099365234375,21417855
2020-08-28,280.34274768645423,293.06751275111355,278.5533380280041,291.6956481933594,53228510
2020-08-31,295.8511308909388,298.53524587691663,273.1850990926628,278.6229553222656,34868765
2020-09-01,282.30120678529914,286.7051659114292,275.5908742233756,284.4485168457031,21291070
2020-09-02,283.3251719092512,285.81048043477097,279.7761440536317,283.0269470214844,16626250
2020-09-03,285.0748342266973,285.7110574230962,276.36630358534023,277.69842529296875,11975745
2020-09-04,274.378049546366,277.3007746751146,269.2085958978786,274.38800048828125,20508780
2020-09-07,274.1791758462991,274.1791758462991,269.6857497496556,272.1412353515625,11607735
2020-09-08,272.76756343444384,272.81725746552087,267.95601017026956,268.552490234375,14119345
2020-09-09,267.0215471529264,268.4630078575549,261.0766783916597,263.6713562011719,17217005
2020-09-10,264.43678599822493,267.03143313307316,261.47428777467604,262.34912109375,16449740
2020-09-11,261.8520557699319,265.66948537708987,260.6591260829515,264.5063781738281,17501570
2020-09-14,265.82858366565637,268.00571627789094,258.47207677882955,259.40655517578125,19455565
2020-09-15,260.0825330248928,264.20813865435565,256.2849747357742,263.2339172363281,25149565
2020-09-16,263.24386345917173,264.83446696243556,258.58142229896293,263.522216796875,16429435
2020-09-17,261.45439777820985,263.7607708496724,258.7106080780826,259.48602294921875,16544955
2020-09-18,261.07666067928125,261.25559559518024,251.01613756447813,253.91897583007812,32645685
2020-09-21,253.7002530071924,262.3392017357994,253.13361063673452,256.05633544921875,34298955
2020-09-22,256.0961159694368,258.7703103577184,250.85709654338032,252.61669921875,21191625
2020-09-23,254.5055209694886,255.97680406724217,251.54302255286586,253.5809783935547,14176745
2020-09-24,251.91084509750533,255.46982359903782,245.7472835014002,247.7554168701172,28080625
2020-09-25,249.53489607910367,250.20095690185872,244.67363351495678,249.1372528076172,18199870
2020-09-28,250.12143633655197,255.28093885540585,249.256538722927,254.2371063232422,9460495
2020-09-29,255.84754952124132,257.0603811209301,250.34012846368563,251.1652374267578,11747350
2020-09-30,251.16525700779755,253.88916043355934,248.92847948189313,252.14944458007812,14753080
2020-10-01,254.49556775484356,260.42053419692996,254.2768594127748,259.47613525390625,15811955
2020-10-05,260.4603016727212,265.17243635352673,260.18194836537896,261.3749084472656,19300040
2020-10-06,263.4426668019709,266.8226798555569,260.66905438131243,266.07708740234375,13162655
2020-10-07,266.40520027841796,266.42507182469865,262.8163990201191,263.383056640625,14173350
2020-10-08,263.7409522072664,266.6736286652564,260.7088876699478,262.4684753417969,25856265
2020-10-09,263.0450648200839,266.07712913677204,259.5855043727755,262.41876220703125,26563380
2020-10-12,264.03913681521817,270.043649638671,259.96322549130247,261.036865234375,25875695
2020-10-13,262.378948857419,268.35363945222616,259.90359160932064,267.4092102050781,24360745
2020-10-14,265.4806543761539,270.0039342627792,263.2736991103666,269.07940673828125,16790105
2020-10-15,269.07931676597184,271.58449609289283,258.7205405634665,260.37078857421875,17482370
2020-10-16,260.16208789917016,267.08117778931904,260.16208789917016,265.7391052246094,11790145
2020-10-19,268.41327877099747,274.3780182992419,265.1326841657567,273.7218933105469,19853580
2020-10-20,272.7278233688046,275.5710322089413,269.50687310215466,272.1512451171875,16140555
2020-10-21,273.3839351335558,278.354552135984,270.1331625357335,277.0224304199219,21402230
2020-10-22,275.96861242602887,279.3486253123394,273.89089853315494,276.97265625,18050460
2020-10-23,278.3545595322837,279.8855181044183,274.0301165576164,274.9844665527344,11929255
2020-10-26,278.155712435867,284.1204527769212,267.8864311641767,281.7146911621094,40111940
2020-10-27,288.79284722094746,318.5171307639928,288.79284722094746,315.66400146484375,165834400
2020-10-28,313.1488698600865,313.1488698600865,306.3888428999895,308.4466552734375,36224915
2020-10-29,304.5994004432484,315.8926579226694,303.2076337657418,312.33367919921875,36430145
2020-10-30,312.9499982236031,313.0792391048701,301.93512556614763,307.6612854003906,21009920
2020-11-02,309.1722969829166,319.0737549767967,305.15603099685836,314.2821044921875,28562300
2020-11-03,314.3417747494792,318.4176556867301,312.19446495061595,316.8469543457031,26303090
2020-11-04,315.9323736254406,325.2373835193863,313.74532056131585,324.223388671875,25440305
2020-11-05,326.6689676894866,334.0254750606749,324.49183493390694,333.1208190917969,30372525
2020-11-06,330.0489410992333,342.97254421456466,328.06069446610536,341.5906982421875,29788295
2020-11-09,343.96666720821247,348.30103030200894,338.0615722863074,343.5988464355469,26051055
2020-11-10,344.16550797347816,356.7809354212954,343.06201530452654,348.5296936035156,40019115
2020-11-11,352.7149259222193,361.5526964015147,349.93139288682255,359.4451599121094,52671695
2020-11-12,357.68557118564706,357.68557118564706,347.6349986235575,348.8876037597656,33875995
2020-11-13,347.923281267992,352.8739958543908,342.048008961348,350.5875244140625,31322780
2020-11-14,352.7050491850999,352.91380660415894,350.9056882601772,352.0290222167969,1554265
2020-11-17,352.2774984957117,358.28201138953307,350.82608705288254,357.2182922363281,29133725
2020-11-18,356.19436289283794,367.78584410202234,354.7330004421013,363.9684143066406,30876240
2020-11-19,361.6620505963894,369.9530657579795,361.07552147993624,363.1234130859375,43588840
2020-11-20,361.860895473016,377.56803209726434,360.2901939458858,375.6593322753906,45581330
2020-11-23,376.25579523645183,378.820619986159,372.03077123693424,377.3393859863281,52217195
2020-11-24,376.9715890604298,387.38998242395644,375.9476432163831,382.7176208496094,44749430
2020-11-25,385.52098907790474,385.52098907790474,368.4419587086355,370.30096435546875,34185845
2020-11-26,372.79623543848237,377.7768028521758,367.8355699071496,375.59967041015625,34322855
2020-11-27,376.77273606296376,382.76729843376063,367.2192255763326,379.17852783203125,393510620
2020-12-01,383.7316449386431,383.7316449386431,370.71857284802246,372.9653015136719,39778990
2020-12-02,373.7904008237156,374.51612183218714,359.67383631688614,360.7077331542969,37290055
2020-12-03,365.042092840795,366.63266587175536,360.21063776145724,362.0597229003906,22312640
2020-12-04,363.45150344144145,369.21740674588403,358.36159673496354,367.0800476074219,19947155
2020-12-07,367.716307559445,369.01860674590944,358.8785362457753,361.9702453613281,30160865
2020-12-08,364.3064505893066,365.6385722971123,361.31415980239314,364.6047058105469,19767180
2020-12-09,365.06196475656276,375.57977607492836,365.06196475656276,374.4961853027344,21853220
2020-12-10,377.7668790882278,381.7235010067595,369.78406967260344,378.4230041503906,23476080
2020-12-11,376.4744878448245,383.4730936986689,376.4744878448245,381.8228454589844,27332990
2020-12-14,384.5268874574898,387.09174260861187,377.5680242280444,385.5906066894531,17284855
2020-12-15,387.3104954789331,389.2987423444941,381.6042063447701,387.9367980957031,20709490
2020-12-16,390.6904451247836,390.6904451247836,385.03388129121083,388.215087890625,13823490
2020-12-17,390.69047028466383,391.4857568166153,386.22686622298056,390.7799377441406,17301850
2020-12-18,390.4519191488271,390.4519191488271,382.0117907910759,387.5788879394531,16858380
2020-12-21,384.7257397892979,389.49751977542064,379.2779328622473,381.9123840332031,19707555
2020-12-22,383.7316353481745,383.7813293832609,375.0032330426446,378.3534240722656,25368720
2020-12-23,377.9657174631487,382.6977240750213,376.27569559861286,381.8924865722656,11704095
2020-12-24,381.34569343228605,393.2751727033384,381.1468566424747,389.81561279296875,16685820
2020-12-28,390.2928311685051,396.8739228558229,390.1138962476489,395.4423828125,13715345
2020-12-29,394.26934074687034,401.02936763280235,394.26934074687034,397.5101623535156,15764325
2020-12-30,398.28558557997735,403.0175920018034,397.4504952849481,401.2182312011719,13287155
2020-12-31,400.9697381956226,401.37733244005136,395.0646426300027,396.7745361328125,13974145
2021-01-01,397.0329967139035,399.2300008688292,395.8002934422554,396.4663391113281,5530495
2021-01-04,398.44461546344695,398.83233812151764,388.7022190396903,390.7998046875,15707145
2021-01-05,389.59691259528205,390.5711643445274,384.7257145255258,389.6466369628906,16316150
2021-01-06,392.45999757066164,393.4739924211241,387.38996264187824,391.76409912109375,17262575
2021-01-07,394.4681703596285,394.4681703596285,387.2110813552749,388.1853332519531,17096585
2021-01-08,392.08227348246294,392.8775904268875,386.96254390182713,391.8238220214844,16314485
2021-01-11,389.69636509928466,391.06826021829306,384.8052647191118,385.35205078125,14977605
2021-01-12,383.69183894706464,383.7514839208931,376.9417632568362,378.45281982421875,30177900
2021-01-13,379.9539478787776,379.9539478787776,373.1938910493165,374.2079162597656,27915650
2021-01-14,376.1762400775467,378.76096665253374,372.0108611405821,376.30548095703125,24018190
2021-01-15,376.6136793975471,378.5621526332674,368.6308702563194,370.58929443359375,13575820
2021-01-18,371.9015507581888,372.2494999978268,365.60873297248867,367.21923828125,25023140
2021-01-19,369.0385142036758,376.176313407249,366.88125293397115,375.18218994140625,24027570
2021-01-20,375.778641275964,375.778641275964,371.6928087069844,374.50616455078125,15207240
2021-01-21,377.7668994498524,378.74115132283123,366.98065427949166,369.3764953613281,28344310
2021-01-22,367.8256442977664,372.7962611126011,362.75560907898756,363.4515075683594,21490875
2021-01-25,366.8315196372721,371.2852032093762,352.9137926049637,356.77099609375,33050690
2021-01-27,357.4867399743241,362.54682386317137,347.2174294330327,350.8658752441406,39461595
2021-01-28,344.1655309659966,350.81621889559,338.20079060497926,342.54510498046875,30179620
2021-01-29,347.91335650543294,347.91335650543294,338.7972318669929,340.57672119140625,25703435
2021-02-01,343.9666952671919,359.83289618423186,337.21658890871566,358.1826477050781,24146050
2021-02-02,363.84916548452657,373.61146458280234,357.89437600901346,370.0723876953125,29356685
2021-02-03,371.8021382735276,374.4166875759327,361.8609046298504,368.2630615234375,21446975
2021-02-04,365.6385454298551,380.74923204853803,364.04797238640316,379.8346252441406,48208370
2021-02-05,380.7492179938113,397.351088981577,380.38139723263464,394.20965576171875,81341680
2021-02-08,397.64931300169076,403.6140526967161,388.0063050261058,389.1296691894531,20107375
2021-02-09,389.69632335309933,392.67869317467915,385.2923645310761,387.5390625,11154615
2021-02-10,387.7080979335892,390.2729227710951,385.12337121305137,388.1156921386719,14304705
2021-02-11,387.5490556788275,394.6172887022,385.96840314170754,389.89520263671875,11233885
2021-02-12,389.6963594368736,392.67872953460477,386.9128261476195,387.9168701171875,8453765
2021-02-15,389.6963627386666,397.4505129231715,389.0998826464191,394.8558654785156,14652175
2021-02-16,397.64931612911414,407.39171223898336,397.25167288063204,401.55621337890625,27400915
2021-02-17,400.65161607028625,402.3217664990585,391.515619270598,395.5517883300781,21976120
2021-02-18,393.5038177018024,394.6371328411652,385.34207379541294,386.8034362792969,17691040
2021-02-19,386.16724250157233,391.6547926857967,382.7573762210428,385.4713439941406,13678415
2021-02-22,385.4713399941566,390.1039585783242,382.06150408724875,387.62860107421875,19266380
2021-02-23,390.690454855223,390.690454855223,371.0068257535364,372.3886413574219,27862010
2021-02-24,375.59967483724733,382.5386360981927,368.23321749756826,379.9936828613281,19107080
2021-02-25,383.13515775684306,390.7302752035234,375.29153979485693,376.8721923828125,28112580
2021-02-26,371.6032640882505,371.6032640882505,352.51611561518246,353.97747802734375,42000480
2021-03-01,360.07146798704485,368.7998692648969,358.1627379202883,366.9110107421875,16300220
2021-03-02,366.83152829102715,371.4840184418338,361.880782922407,366.7619323730469,19185745
2021-03-03,368.8197583126663,379.50658419369364,368.06421486772535,377.6674499511719,14378090
2021-03-04,370.58928701547734,379.83462168132513,367.8256254217837,377.3095703125,20112570
2021-03-05,372.8956940886292,383.39363478474144,371.40450898590603,382.2404479980469,27039930
2021-03-08,381.74338299332214,387.280657574689,376.4347677141599,380.91827392578125,23490050
2021-03-09,381.3059415772461,395.8599216736047,381.3059415772461,393.4640808105469,39591725
2021-03-10,394.3189907300236,397.52006888717705,389.1396169650145,390.481689453125,13807350
2021-03-12,393.4740673677927,393.6729042021813,380.1528185962763,384.755615234375,13101325
2021-03-15,386.51512714543964,386.51512714543964,376.39495922631295,381.4749450683594,13217765
2021-03-16,382.75737211904345,386.0578690155535,377.7668836826852,378.40313720703125,13846120
2021-03-17,378.4031316330782,381.28608331948993,370.0127280183434,371.4740905761719,13474970
2021-03-18,373.98923469813013,376.35522290273803,362.87491204443813,363.9286804199219,10987875
2021-03-19,361.552754082282,372.19980756405886,360.67792060637976,364.6742858886719,24015080
2021-03-22,364.4455988087949,367.8156609363293,358.87850239922096,362.38775634765625,12170485
2021-03-23,366.6326786029363,366.6326786029363,357.65574598412786,360.3995361328125,21254280
2021-03-24,357.88437134249614,358.87849459622527,352.5857077489427,354.3949890136719,15230805
2021-03-25,356.4727356750296,357.64582427910324,346.949047379455,350.50799560546875,20565065
2021-03-26,354.9019998099382,356.37331313987806,350.47813921763003,352.1283874511719,16553785
2021-03-30,354.32547795100436,358.2721490889788,352.9138093647204,354.1564636230469,27877620
2021-03-31,353.6693223098103,353.7090653991116,346.47184883734457,348.5396423339844,18991915
2021-04-01,351.91969643250184,360.51885808841644,348.07244358833265,358.7890930175781,19013260
2021-04-05,355.12078905347505,357.8049345720306,344.8415559596565,349.77239990234375,12241205
2021-04-06,353.1126234816104,354.1962142846241,343.70819481562455,351.5816650390625,14365225
2021-04-07,351.1342601780039,360.01180374480714,347.0682997777341,356.29376220703125,15790710
2021-04-08,357.08910982551635,362.5965311924647,353.6494212837453,354.5540771484375,14451450
2021-04-09,351.91966291158127,359.1668305662464,346.7701112834869,357.73529052734375,15696920
2021-04-12,349.3846411623884,351.52200016063483,342.63453555260514,346.45196533203125,16641680
2021-04-13,347.10810330642187,355.1107839260534,342.6643708364304,353.0827941894531,15593710
2021-04-15,357.88439220109575,359.773220425621,348.460092284702,352.5658264160156,17734430
2021-04-16,352.7149573929705,355.5283435023524,349.94137505109035,350.7466125488281,14561395
2021-04-19,341.978443096581,341.978443096581,333.0313326667286,338.15106201171875,19327115
2021-04-20,342.97252114789734,344.68241435091767,334.890294273686,337.54461669921875,16585040
2021-04-22,335.9639941849358,345.90522756412327,331.87813149020667,345.1695556640625,17952220
2021-04-23,344.74208232301834,349.20568630380495,342.0281147484626,344.8017272949219,9467250
2021-04-26,345.9549189987341,354.50438570830414,344.6227973765113,349.86181640625,16265310
2021-04-27,347.94322366963115,350.44840395828555,342.8831387145675,348.00286865234375,22666800
2021-04-28,350.4285035049011,362.6562093642446,348.7384815654684,360.1609802246094,20872995
2021-04-29,362.87484338850174,366.92093213656375,354.01720194202795,358.87847900390625,19800475
2021-04-30,353.9079097902649,358.2820464278905,345.84558404812685,347.70458984375,13108915
2021-05-03,344.96079089423165,349.732570679088,335.0195577272509,343.06201171875,27969345
2021-05-04,348.14197596738836,350.72667215928954,343.03216787534734,344.4935302734375,21275755
2021-05-05,346.15377075232095,353.51027764781526,342.3562121847653,352.06878662109375,12058215
2021-05-06,354.2459489895418,356.63183921844285,350.5677104019727,355.5482482910156,11901275
2021-05-07,357.0890886989564,360.4691017301861,352.61553400926687,353.97747802734375,8053650
2021-05-10,359.6738427998202,360.51885377817797,356.01547587933584,359.7434387207031,6662450
2021-05-11,353.2319166155714,356.7709933206481,348.5893472141983,349.0267639160156,14779880
2021-05-12,348.7384725852754,348.7384725852754,341.0936612998891,341.7497863769531,15909150
2021-05-14,343.7479575526459,343.7479575526459,338.2206343659043,339.3240966796875,14689460
2021-05-17,341.38197691624055,348.9373209881911,339.9902101936221,346.7800598144531,21057205
2021-05-18,351.52203919115783,352.1085683547063,347.9630604410481,348.9571838378906,23292070
2021-05-19,347.53557947874884,348.012769610152,343.4596676621118,344.0760192871094,11860210
2021-05-20,344.36433085125987,345.3584542257371,339.0159422424544,339.63232421875,12990190
2021-05-21,341.0837497731206,350.81622650121886,341.0837497731206,349.4642028808594,21465560
2021-05-24,350.6571314318967,353.68919543856885,346.352560444217,349.3349304199219,18069535
2021-05-25,351.99916332336926,352.6950617659119,345.5572637813113,348.0425720214844,11008125
2021-05-26,349.9413709414009,350.28928984410635,345.33857496626496,346.08416748046875,14225500
2021-05-27,345.9549440535413,354.59387884791437,343.11176568488105,353.3611755371094,26699940
2021-05-28,355.10083243662217,360.4690918494547,353.5599232161371,358.0334777832031,16235045
2021-05-31,357.68554907657295,360.2305022823723,354.9020159884284,359.41534423828125,11554045
2021-06-01,360.86675272838954,362.6561625074512,355.4984930529696,357.28790283203125,11449080
2021-06-02,356.49263661411584,356.49263661411584,351.9196631719181,354.5242614746094,15494245
2021-06-03,355.8961795076866,363.44157252202353,355.8961795076866,360.7077331542969,17220655
2021-06-04,361.8608727299686,362.04975857960625,357.2878995893605,360.1112060546875,7543530
2021-06-07,362.85501149348556,362.85501149348556,359.2761614768615,360.8468933105469,5480695
2021-06-08,360.86675666563355,361.16498151931927,355.4686744462745,356.6019592285156,6655155
2021-06-09,355.87626341814587,360.27027133524865,352.91376511597116,354.4844665527344,10188570
2021-06-10,355.4388544993504,358.48086938161134,353.1126096092823,357.794921875,9272445
2021-06-11,359.6738215433492,359.87265835176674,355.49852161071874,356.76104736328125,8109640
2021-06-14,355.8762656403774,355.8762656403774,349.83197905856065,351.53192138671875,12715010
2021-06-15,353.07285410376323,354.7330231157963,351.12438082431765,352.0986022949219,8679120
2021-06-16,352.0886606544677,354.096778788121,348.53963321099303,350.0506896972656,14227715
2021-06-17,347.3964548039189,352.2775742888485,345.1596770216771,351.13433837890625,12891210
2021-06-18,352.90385633563795,353.24185465131546,344.6128708136983,350.0209045410156,13393945
2021-06-21,345.95493600573894,353.35121637498963,344.22517103394637,352.3272705078125,6396605
2021-06-22,353.90793021928766,354.90205361878003,348.7384764066319,349.3548583984375,7858715
2021-06-23,350.7267335516384,350.7267335516384,343.4199506204188,345.298828125,38011745
2021-06-24,344.96077536671714,346.53147678757523,343.4099454895336,345.537353515625,17976965
2021-06-25,344.9607849121094,348.7384413147576,342.15734992645986,344.9607849121094,47888225
2021-06-28,344.9608122795111,347.54553913080923,342.41585885805273,344.5730895996094,17502535
2021-06-29,345.51753296709546,345.5573063985493,338.39960564880465,339.16510009765625,51973310
2021-06-30,339.16510009765625,346.650848226738,337.69378651625345,339.16510009765625,44110495
2021-07-01,339.97026932888,343.01228395172427,339.2246769146882,341.2029724121094,14941930
2021-07-02,343.3701971109386,343.56903391512657,339.9901838074013,341.0141296386719,11212755
2021-07-05,343.37020584274035,345.915159242232,342.2766640683718,344.1853942871094,9438355
2021-07-06,343.7678173640516,349.9313938223529,343.3701741205368,349.0068664550781,18461110
2021-07-07,349.1360893601163,351.6213974269217,346.58118538626434,350.28924560546875,13630910
2021-07-08,349.5337894925487,350.52791288112917,342.9725690602698,344.4239807128906,11040075
2021-07-09,343.7678317008664,343.9666685000337,340.97434760051175,341.9883728027344,8490830
2021-07-12,344.3642907197745,346.55137402404137,343.0023467095768,344.3543701171875,8685325
2021-07-13,346.55141682117494,348.44024517817365,342.69421324725283,347.37652587890625,10333195
2021-07-14,345.95492200355494,349.52382115030207,345.0800886110373,347.5753479003906,10794920
2021-07-15,349.33494068680506,349.33494068680506,345.9549273493155,347.953125,9752780
2021-07-16,349.03671014124257,350.32905834572483,345.95492172489645,347.84375,9190250
2021-07-19,344.74208069715297,345.95491235053197,340.38781573931306,342.5351257324219,10731685
2021-07-20,342.53515518705115,342.7339920017139,337.20666834236,338.5288391113281,10719295
2021-07-22,339.30423079287624,342.3661476337943,338.6282342107335,339.4334716796875,9291265
2021-07-23,339.99016572163634,343.4298238158102,336.8387815384924,342.56494140625,9979000
2021-07-26,340.30831540527686,347.94317551833075,332.70327777945226,346.07421875,19695475
2021-07-27,348.3408318334971,348.5396686479598,336.77917188579926,337.5943603515625,21505655
2021-07-28,338.9960801756406,339.1551435605932,327.2654361640957,328.62738037109375,25263775
2021-07-29,330.8442453723613,330.8442453723613,325.09821350778304,326.4005126953125,14971325
2021-07-30,326.4004959828922,332.0173170059076,323.28891547849815,329.0150451660156,16110005
2021-08-02,331.0431167335432,333.4886519840746,329.5519315230317,331.06298828125,12954880
2021-08-03,331.04309964012197,335.8646043061319,331.04309964012197,335.1488342285156,16150700
2021-08-04,337.7434630264055,348.58935260192936,335.0195747088191,347.9332275390625,35020800
2021-08-05,350.26938069322836,356.4926019185481,348.4501485027117,352.267578125,30260460
2021-08-06,351.7208194772896,354.8423812732877,349.1659455947099,353.3511962890625,18202345
2021-08-09,353.3511809909659,355.8166176465772,350.34893960780414,354.0868225097656,7984430
2021-08-10,354.9020384463426,362.83515375690865,353.76872325701726,360.5188293457031,22974240
2021-08-11,362.040589784855,362.040589784855,350.5328637533296,354.2030029296875,15509515
2021-08-12,353.1089325820044,356.27183785534635,350.50304077920646,355.6153869628906,8208450
2021-08-13,354.87936745748965,357.8632187433541,352.8602959681869,355.6750793457031,9199585
2021-08-16,354.8792966462824,358.3007811996286,352.44250346103746,354.55108642578125,7768305
2021-08-17,353.8847305804111,357.06751724874067,353.49684571864964,355.74468994140625,7096685
2021-08-18,355.7446747292898,356.18227828300195,347.2406811915997,348.0562744140625,13818265
2021-08-20,344.5353191442978,344.5353191442978,337.57300021674376,338.8759460449219,28216210
2021-08-23,343.05332499871065,343.05332499871065,338.16975228652984,341.5216064453125,15465845
2021-08-24,343.14288084746823,343.14288084746823,336.4988462654173,339.14453125,23539855
2021-08-25,339.16439304238065,341.4917931528266,336.976223526593,337.61279296875,14569050
2021-08-26,336.93644800336705,341.4519871061226,335.96171246428696,337.6724548339844,21912885
2021-08-27,337.17518306673753,342.9041870407517,337.17518306673753,340.8652038574219,18306575
2021-08-30,341.34262177992593,346.03721538701774,341.34262177992593,345.30120849609375,12806265
2021-08-31,346.9323253406621,350.02559974471944,345.93770842093807,348.8519287109375,22463045
2021-09-01,348.8619239842944,348.8818053977459,345.7288864040625,347.4495544433594,36331770
2021-09-02,348.51378742288,355.75459790005203,346.92239416731763,353.3675231933594,28819220
2021-09-03,356.6696602870883,360.3397994249415,353.59629741657665,356.4408874511719,24225670
2021-09-06,359.65350166224556,359.65350166224556,352.0944066355675,352.99951171875,9509655
2021-09-07,352.99947491629996,353.97421037040505,347.3202211206304,351.0699157714844,14614185
2021-09-08,350.12506455100856,363.6319803756116,349.1105661406944,361.1156005859375,76247785
2021-09-09,363.2341149738971,366.3571963503517,359.4147592518292,361.6128845214844,18214625
2021-09-13,363.73145931019616,367.96850720957127,357.01779437065585,366.0290222167969,16358075
2021-09-14,368.0082759785845,373.777042217469,367.0434963112113,371.5391540527344,20840400
2021-09-15,372.782435971092,377.6461276251744,369.5996798128496,372.3249206542969,24070115
2021-09-16,373.37925005774207,379.9437289319391,371.58895143446324,379.3071594238281,20643915
2021-09-17,381.1372616046476,401.2285075867137,380.54048531040144,399.4282531738281,73192445
2021-09-20,395.85757244026945,405.2467595012878,394.13687407508644,398.13525390625,29405445
2021-09-21,401.22850251749685,403.34704164098804,397.07101063050345,400.0250244140625,19334440
2021-09-22,401.12906386252047,402.3027351077854,393.6296727908674,394.9723815917969,9559045
2021-09-23,398.64247324409126,408.19080231799495,396.03658161431764,402.6209411621094,14945535
2021-09-24,403.8145132821663,408.26045261051337,400.6118452385549,403.4365539550781,10574440
2021-09-27,404.0532181163738,409.3843812542805,402.9193704702827,404.4809265136719,9150320
2021-09-28,405.80370655317824,413.32300809928194,400.41286944890714,411.4133605957031,19496335
2021-09-29,409.7623000769787,409.7821814886978,401.8550832200393,403.90399169921875,17101570
2021-09-30,402.90939959478,404.80912171994055,397.2102332192981,398.9408874511719,22863740
2021-10-01,397.2500088356589,399.9951613657944,392.2570426100437,396.563720703125,16869890
2021-10-04,396.85220721511297,400.81079404384656,395.45974940080845,396.04656982421875,10215265
2021-10-05,396.83234460092456,397.43904646710166,392.9732253660958,394.3358459472656,13599035
2021-10-06,393.0825761866734,398.84141711729154,386.32914860906476,389.04443359375,14896375
2021-10-07,391.48127528433264,394.3159399354277,387.7514613627085,388.38800048828125,11110650
2021-10-08,387.90061798747575,391.1132417251758,384.1210856458413,385.185302734375,9689170
2021-10-11,387.7016708443108,398.84139270712666,386.90598943409543,392.9532470703125,11880835
2021-10-12,393.8683075684315,398.6424567309712,390.88445675351915,396.8720397949219,9454510
2021-10-13,398.6424786070392,402.22310585208606,396.7626682742033,399.70672607421875,8712390
2021-10-14,399.43819345536684,402.9193529569766,394.8629491825908,401.38763427734375,8261780
2021-10-18,401.3876121746001,407.186245965824,399.4282155774578,400.154296875,10833895
2021-10-19,400.2139974556016,406.7884013240101,396.27532259379177,404.8787536621094,8476015
2021-10-20,406.20154897897373,406.7883693264879,397.48872529445083,400.9201354980469,8974465
2021-10-21,404.0134165577743,428.67990473533166,402.2230878387787,426.4420166015625,47477590
2021-10-22,428.66006713608783,437.9597122709428,422.26465643607867,431.9422912597656,29659130
2021-10-25,428.08313585321923,434.23981729753535,420.7329322623598,428.5804443359375,33886310
2021-10-26,428.5804282480504,445.58838378923707,422.45358432855244,439.8096618652344,53345005
2021-10-27,437.6314844624628,448.1744308406281,432.97668413979096,435.29412841796875,22752840
2021-10-28,435.29415407063476,435.6422761153604,415.8294907502765,417.4407958984375,15511445
2021-10-29,413.2733184508288,417.13243725865203,400.8306500958393,404.04327392578125,23331725
2021-11-01,408.78758170414926,415.1133311726141,404.76932057728135,413.0644226074219,9832940
2021-11-02,411.00556700027295,416.4461228491599,409.7821772429664,413.09423828125,7681030
2021-11-03,413.7606330365974,420.04661916944525,403.4166232813423,405.31634521484375,10336455
2021-11-04,405.8037633648857,410.18007238933643,405.6048278101499,409.1854553222656,1025885
2021-11-08,408.7875529441502,423.22937965382147,408.7875529441502,421.4888000488281,10609980
2021-11-09,421.71757969355826,423.1001118003452,414.4170950459761,417.18212890625,8887865
2021-11-10,414.75525682400945,416.01840938882754,410.38887396316085,412.9748840332031,7228940
2021-11-11,412.36820195901055,413.3031443393611,407.30560522255547,408.6085510253906,7735765
2021-11-12,411.3735767920249,413.76065140253326,408.39965146982485,412.70635986328125,7172140
2021-11-15,413.7805415569575,419.3305212557857,413.76066014471587,417.2020263671875,9096640
2021-11-16,417.7192845418839,418.505010166327,411.7714635851315,414.32763671875,7725535
2021-11-17,411.7714478481027,414.1286853379511,406.8978305022036,408.4096374511719,7233815
2021-11-18,407.7929887884893,410.26957551953797,399.6172354576709,402.71051025390625,13965995
2021-11-22,406.59943088107474,406.59943088107474,386.11034428734393,388.9847717285156,13741645
2021-11-23,385.5135493333572,396.4841734602663,384.45925775785855,394.4451904296875,16148125
2021-11-24,393.77882692757856,402.8099360884283,391.87910478230356,400.1145324707031,9737415
2021-11-25,401.8252775257473,407.3951389284479,400.44274529338776,404.8290100097656,15822140
2021-11-26,398.2446603053771,399.2392773542683,388.9151475302491,390.7452392578125,13237765
2021-11-29,396.45435760954604,406.79836873909716,385.3544278176916,401.7457275390625,20859500
2021-11-30,402.4220431870285,405.72417890292905,387.28397127365986,390.267822265625,21329080
2021-12-01,393.66937605027493,395.04195229564687,385.911375993782,388.5670166015625,12928465
2021-12-02,387.4132431655722,394.057276853959,387.0253280002491,390.7352600097656,9664645
2021-12-03,391.2226534738296,395.83769099815953,378.9888763170127,380.7791748046875,17458620
2021-12-06,381.93290131395395,383.2258911822906,373.3791896409502,375.0103759765625,15406680
2021-12-07,380.34152967491366,390.6457774416957,379.9834821292568,385.3444519042969,36722375
2021-12-08,391.87911959301,391.87911959301,381.02784388269544,382.0224609375,25627975
2021-12-09,383.1264513592475,385.2947089693026,375.1893973766103,381.2068176269531,23272265
2021-12-10,380.9382987433934,381.9329157113918,375.6668409543222,377.3079528808594,15274610
2021-12-13,379.94367143527927,381.1372239057154,370.44509179071736,372.6033935546875,20425550
2021-12-14,372.6033747415154,372.7823984970516,361.2547923761104,366.09857177734375,50556260
2021-12-15,367.13302800216246,374.32411995332274,365.3725668114496,371.4695739746094,26528735
2021-12-16,375.1496510552723,376.1542239872791,368.1873317160166,370.146728515625,15272310
2021-12-17,369.0028984723178,369.9875595665055,356.0728777711314,356.82879638671875,14675630
2021-12-20,354.0836509146342,354.0836509146342,342.6256740369448,346.6240234375,16345895
2021-12-21,350.31407789101326,351.6966102201237,342.3472156148657,345.4404602050781,11321155
2021-12-22,347.7181395357107,352.09444864596003,344.7641255744641,350.5826416015625,17269195
2021-12-23,355.0583773739392,355.8142656319507,351.5672620913045,353.2083740234375,9598245
2021-12-24,354.0836241701877,354.0836241701877,344.137454951924,347.7976379394531,11357850
2021-12-27,346.74333830717853,353.87475482505266,342.34714861354644,352.7806701660156,8269165
2021-12-28,355.07823754930905,356.01317987476165,351.20916319242343,353.0691223144531,6428355
2021-12-29,352.8901147335823,354.08366732656623,348.93155832834884,350.940673828125,7059540
2021-12-30,349.90624105452764,352.08445466669997,346.8527899976494,349.1602783203125,12491975
2021-12-31,350.50305070798885,358.26108209498125,350.11516583295656,357.2863464355469,11064460
2022-01-03,357.46537385473,363.6518933302309,356.39120075965695,362.92584228515625,9925545
2022-01-04,364.0298242372932,369.400749999642,361.10564781105734,368.5254821777344,13177875
2022-01-05,369.4007672403223,383.59397200609124,366.03895674623016,382.3606262207031,21040835
2022-01-06,379.36678346045215,380.9382647743048,372.9813297398546,376.3431396484375,11290150
2022-01-07,376.343190999008,383.0071067876466,374.692123111682,378.7998962402344,11516755
2022-01-10,378.7998856147805,388.95491655433705,378.2229907644028,387.4928283691406,14310435
2022-01-11,387.5027734201277,388.74604461927254,381.97270555459545,385.2748107910156,13570095
2022-01-12,388.85542310113397,393.1024567817276,387.3336604254867,389.2135009765625,10746980
2022-01-13,389.8898586853987,391.26243498321736,382.44018717000205,383.1960754394531,7435760
2022-01-14,379.7447547917463,386.9060092639158,377.5566156248568,385.5533447265625,9143810
2022-01-17,382.3307510242497,388.4874323974084,381.654418780362,385.40411376953125,8382365
2022-01-18,383.92213841622856,392.8736908663479,383.92213841622856,386.33905029296875,10407280
2022-01-19,386.90599980718827,386.90599980718827,377.9743285245538,379.078369140625,7608510
2022-01-20,382.92758210427627,382.92758210427627,373.3792519084177,376.4824523925781,7449105
2022-01-21,371.6386289656949,378.15338840472816,367.9187711689535,376.711181640625,8769480
2022-01-24,374.7915708302451,375.5474590809685,360.0513401715778,364.2088317871094,12737170
2022-01-25,360.98630819773456,372.76257021993985,354.5212974865934,368.93328857421875,12845325
2022-01-27,366.0190565048881,377.6660130920294,362.26936133690447,375.8160400390625,18593095
2022-01-28,376.95985161283943,389.2732152107055,375.69669892116747,377.6163024902344,24859820
2022-01-31,381.9329318218677,385.69258290535714,366.21799520593476,369.45050048828125,22583125
2022-02-01,374.37382760634637,378.9490718143984,364.8454102321877,374.4335021972656,15485430
2022-02-02,380.10283926841,387.50279223324924,377.33780520140243,386.4285888671875,13552540
2022-02-03,385.891530726728,386.3987647776972,377.1687198457916,379.7547302246094,11198565
2022-02-04,380.7394021566708,381.53511402444843,374.025736935899,374.8114929199219,8856335
2022-02-07,368.00829346411933,375.9652295390192,362.0405914079445,363.72149658203125,10269795
2022-02-08,365.0244205261185,367.62035619515325,356.6895256314191,361.6029357910156,17846850
2022-02-09,365.1437937653743,367.5706617107376,362.56773933839077,365.0244445800781,8120290
2022-02-10,365.0244130816984,375.7463823662605,364.07951485746946,371.42974853515625,12540405
2022-02-11,368.82385398030107,368.82385398030107,362.43839999115863,363.6816711425781,9298775
2022-02-14,356.08282386233924,362.80641380182493,345.71890189138594,347.48931884765625,15134105
2022-02-15,349.3094905164407,361.8416400023834,347.33018211433244,360.6679992675781,10276375
2022-02-16,361.0658390441626,368.5752153281053,358.0621067425661,364.0397644042969,11348780
2022-02-17,365.02443161156344,366.8644790949795,360.1309027151602,361.50347900390625,14051145
2022-02-18,359.86237685266343,364.2287600827147,359.225837751939,363.3435363769531,6148340
2022-02-21,359.6535582299372,368.2669461690687,358.47991730801607,363.4530029296875,6719555
2022-02-22,356.07289521298634,367.82927574196196,356.07289521298634,366.3671875,15110375
2022-02-23,368.58515121674736,380.5106295806168,368.58515121674736,375.1894226074219,34579605
2022-02-24,364.89515795560453,372.8620503631454,353.43718028848053,357.0376892089844,24780215
2022-02-25,362.2295890709765,371.24081719539885,358.27100224978125,369.3410949707031,19969430
2022-02-28,365.42229753913296,368.40614868455856,360.9863140018585,366.56610107421875,13562810
2022-03-02,360.40940529059844,361.91128668924097,353.1487132565707,359.25567626953125,14154775
2022-03-03,360.638175908571,361.9610335219991,352.611609399927,356.5204772949219,14810715
2022-03-04,352.0943994064212,355.26722989713295,344.873470654691,348.5436096191406,12745970
2022-03-07,336.8768038791315,344.3165199186177,334.2012816109655,340.5369873046875,13489675
2022-03-08,338.16976707034434,344.03800107531663,332.7093296621765,342.764892578125,27182480
2022-03-09,342.76490632382684,347.7479472161928,336.5783873581371,345.94769287109375,34597305
2022-03-10,358.06212028067785,360.6481305533654,345.331034812019,348.98126220703125,20942345
2022-03-11,347.1213380096948,354.0637756970776,345.3310395251778,350.70196533203125,12531700
2022-03-14,347.2108322022929,357.5349611416303,346.5245440691022,355.82421875,16583245
2022-03-15,354.87934232763166,356.06293901547565,340.95470397963464,344.8834533691406,24037275
2022-03-16,350.10518310849915,353.0492409220779,348.66297632085076,350.20465087890625,14636205
2022-03-17,356.07288637266055,363.55239529329975,354.59091675416613,362.04058837890625,16795035
2022-03-21,361.175294379826,364.0298404580367,352.691212153775,353.5068054199219,11988495
2022-03-22,353.50676906611415,360.7674606462723,349.18017927101147,359.6236572265625,16987280
2022-03-23,361.0459488918744,363.4827725339798,349.7073218568392,352.044677734375,16131700
2022-03-24,341.15365636349344,343.9186906149313,338.3687406977662,340.98455810546875,98550890
2022-03-25,343.73965925206386,344.49554757135985,340.55687254424794,342.5958557128906,15195750
2022-03-28,343.739630779815,343.739630779815,336.58833233980664,343.1826477050781,15351020
2022-03-29,345.72887495867747,346.305739462704,341.8995934414726,344.1374816894531,12928950
2022-03-30,347.9965914815516,351.8656357240478,345.33102527784763,350.7218322753906,16790770
2022-03-31,349.130459677945,353.83500916693197,347.51918494248355,348.8818054199219,14242040
2022-04-01,347.9766802614076,354.08364305674615,347.24067341305386,353.417236328125,11868865
2022-04-04,355.47611636100237,366.01906282834904,345.1321054386878,365.2333068847656,19987830
2022-04-05,365.2333331496098,365.6311739149811,356.908392962163,358.4997863769531,10664355
2022-04-06,355.57553842240895,356.66962307282995,352.4425012873887,353.9642639160156,11745005
2022-04-07,352.2933497315144,356.4707228743578,350.70195647806383,351.38824462890625,21943915
2022-04-08,353.1387731786715,356.07290563176304,349.32940321409814,354.97882080078125,11908355
2022-04-11,353.0890228779593,359.28549750241433,350.7616228202584,354.7699279785156,9589710
2022-04-12,352.3032405362714,360.57846035592326,352.0943794880411,358.4300842285156,12061210
2022-04-13,359.59383193409474,361.7422082561943,352.64143859425405,354.00408935546875,9618460
2022-04-18,353.2083736346805,353.2083736346805,344.1374717221171,348.19549560546875,9800705
2022-04-19,350.70196764943177,351.43797453186073,335.58377679002416,339.6617126464844,11947870
2022-04-20,340.7557924784687,343.5407079551918,334.86764644486567,342.4068603515625,16007725
2022-04-21,343.14284465204094,352.7806852387927,342.9538650049831,350.2742614746094,13653455
2022-04-22,346.12673481243723,347.89715195452965,342.4267581572066,343.6899108886719,11280190
2022-04-25,338.667071014072,345.7089456550358,336.9762100600531,343.90869140625,10746970
2022-04-26,347.34012005879293,347.71807934279053,344.38610660891084,346.6637878417969,7273885
2022-04-27,342.9439199423021,348.513781058404,342.9439199423021,346.4250793457031,14112960
2022-04-28,347.9170039511644,352.69118361895966,344.61489867940156,351.2290954589844,11712485
2022-04-29,351.88556081767695,360.11103257138944,351.4976456138051,356.2220764160156,18443295
2022-05-02,351.2091812289705,354.173150705845,348.12589292636716,352.959716796875,9897330
2022-05-04,351.6965671541133,362.77658443167974,351.6965671541133,353.2083740234375,28732370
2022-05-05,358.26104889525925,362.23951682145514,354.9390014659804,357.5846862792969,17840235
2022-05-06,349.1404068332053,357.05754971181767,348.1159525298923,353.1487121582031,14237415
2022-05-09,347.1213003371696,354.8793000658497,346.72345964526534,351.5970764160156,10846810
2022-05-10,352.09444529632947,359.8126835277471,351.59713675777533,357.4952087402344,9949270
2022-05-11,357.6642630971474,361.6427309172418,357.2664223857981,360.0413818359375,13109420
2022-05-12,358.61913682315804,359.3750555273158,349.5084406038172,350.28424072265625,21411340
2022-05-13,355.0782389031335,357.0674727345237,349.309472933422,353.9941101074219,13685110
2022-05-16,354.2825808195476,363.03519811216415,351.32856717146177,360.6182861328125,15195905
2022-05-17,362.6373689857418,366.9937963589132,361.56316561392566,366.0787353515625,15103905
2022-05-18,367.40157174939515,370.79318885663173,366.18813784959383,367.3717041015625,26608920
2022-05-19,360.44918962155947,363.4927151701667,353.7554367325272,354.7599792480469,15541605
2022-05-20,360.25031383432446,365.99919926786083,356.95813377058477,363.8607482910156,13248360
2022-05-23,368.40616261783856,372.2851631829367,366.2677419534015,368.8636779785156,14130390
2022-05-24,369.5897097710169,375.96520807952334,366.57602161879714,374.4931640625,17109500
2022-05-25,377.5267699986497,386.2097567070892,375.22920722979853,379.4563293457031,31263010
2022-05-26,380.9283371013454,382.330750647416,374.7816116168407,379.6751403808594,24749145
2022-05-27,382.1318062462924,387.9005718400303,380.54041321423796,387.1446533203125,12201835
2022-05-30,386.95573629375525,388.24875662105757,377.0692407683451,378.5910339355469,19939000
2022-05-31,376.1840187872075,377.18859160572805,363.70158838042823,367.38165283203125,74151530
2022-06-01,366.019027385727,372.7824103156651,365.0940409328322,371.0119934082031,11913225
2022-06-02,367.65021907013215,373.7770326896127,367.2125851896978,369.530029296875,13321505
2022-06-03,373.7770721982022,373.7770721982022,368.6249632060425,369.72900390625,9076875
2022-06-06,367.01364940488025,373.3791917249824,366.64564599506735,371.84747314453125,12940485
2022-06-07,370.79317086757567,370.9921063903379,364.42762873207425,369.6294860839844,8558195
2022-06-08,369.9975425536656,373.9958921669756,365.7704200916949,367.1131591796875,7328080
2022-06-09,365.77041922401224,372.5537147728642,363.5723240479268,371.0319519042969,6404340
2022-06-10,366.0190299708586,368.84373840758553,354.8892641040785,356.430908203125,14299750
2022-06-13,346.72350095209146,348.63314864205705,341.87972089733887,345.5995788574219,11747225
2022-06-14,345.251453880889,347.8474200774453,342.4665383762525,346.0670471191406,7755235
2022-06-15,345.72886263715884,348.1159372792708,343.9186524785144,345.4602966308594,8850845
2022-06-16,346.52452250988586,348.82208512473636,332.2020451948974,333.3558044433594,14866460
2022-06-17,330.41175861894766,334.92729765863675,327.94509768795314,332.9181823730469,15819320
2022-06-20,332.9181993575794,336.1507045678035,328.6214466856584,334.03216552734375,8837885
2022-06-21,336.1805154285737,339.9600475435516,332.709312127293,334.4896545410156,12518015
2022-06-22,331.2074526348804,333.3657848258215,328.8203779658298,332.14239501953125,8859625
2022-06-23,333.19671714513055,337.17518540955,327.9849334317983,335.0069274902344,12454005
2022-06-24,338.1697556491391,341.13372502289894,336.2103590860989,337.8514709472656,8088605
2022-06-27,341.5912199615602,342.1283215698127,335.1858848961125,336.48883056640625,10640560
2022-06-28,335.1660468533701,336.6480164670688,331.1477856832432,331.96337890625,13997215
2022-06-29,328.2235915034987,330.0039643320933,325.5779067901957,326.7217102050781,14664150
2022-06-30,324.6429627563441,333.57463379403,324.4440575805625,330.431640625,19910320
2022-07-01,327.2289909042883,334.09184208967537,325.438692457075,331.7544860839844,11502570
2022-07-04,331.5157915776224,335.0765374541163,330.2228016121728,332.381103515625,9343905
2022-07-05,333.19672952401714,337.1354047531965,329.6061763515687,330.819580078125,13210485
2022-07-06,334.58913463077516,340.6364226615149,332.40099556111693,339.0649108886719,27864745
2022-07-07,341.75040290448584,346.9223930264277,341.36248770985685,345.8283386230469,15850325
2022-07-08,349.1105468291542,349.3989942414129,344.57509599946684,347.07159423828125,8890745
2022-07-11,346.72345767928886,347.5191390585858,343.7794001519316,346.3753356933594,7665895
2022-07-12,342.4465955644061,345.92775480625926,340.54690394618433,341.9393615722656,9144160
2022-07-13,342.94393219845716,347.31031543292517,342.824583014032,346.5345153808594,18067340
2022-07-14,346.1267122980638,353.48687194868415,345.5398919167363,352.1043701171875,32854910
2022-07-15,352.55194946476377,356.0729023049161,352.0944341227383,355.6153869628906,11668660
2022-07-18,358.0621466292185,368.008317368919,356.91834306481377,367.14300537109375,15585190
2022-07-19,365.0243906961923,368.40608197803147,363.6418586795583,365.0144348144531,14475875
2022-07-20,367.2623092160835,368.008271929454,361.6626109245207,363.58221435546875,12857345
2022-07-21,363.0351694954036,363.0351694954036,355.6352173108498,358.1714782714844,10933370
2022-07-22,358.2611003265303,366.4169425340879,356.013255912477,363.4530029296875,16747900
2022-07-25,361.2449208018858,367.7696061511913,355.09816443072594,357.1769104003906,9432575
2022-07-26,356.27184564382173,357.05757127260017,348.5138143069942,350.4234924316406,9012235
2022-07-27,350.3339320679305,350.3339320679305,344.60492883992504,348.9315185546875,17398225
2022-07-28,353.0492382017641,364.3978216978195,351.09979740067354,363.7314453125,10772005
2022-07-29,365.55160278559475,369.3808844947039,358.7882189940722,360.1210021972656,11939990
2022-08-01,361.0459769954274,370.3953708800204,360.4492007148571,369.152099609375,8277685
2022-08-02,368.34648538614914,376.5620321715611,364.86532560972773,374.8910827636719,16788030
2022-08-03,372.98141083665,373.93623474946645,366.01909116769923,368.2271423339844,12678395
2022-08-04,369.3211788585786,369.79857557583404,360.8967719479315,365.1338195800781,11805930
2022-08-05,366.96393516027564,368.0082708145101,362.5677148940123,364.80560302734375,8322855
2022-08-08,364.0298015033775,367.90880151431077,361.4039982016378,366.9141845703125,7779625
2022-08-10,367.61046735618453,367.8591216184177,362.2494668928516,363.7016296386719,8286635
2022-08-11,368.0307647002936,369.5534435518959,364.84609258814714,368.9264831542969,13891690
2022-08-12,370.22029276455584,370.22029276455584,365.5427661643298,366.478271484375,6982610
2022-08-16,368.3194106587152,370.5785395840862,365.9507922024572,367.5033264160156,6568120
2022-08-17,369.0259592275187,369.0259592275187,364.4778466864264,366.1796569824219,16916670
2022-08-18,366.04033503870164,380.57049083823404,364.6470390845709,379.0776672363281,18306580
2022-08-19,381.96377932152046,386.6313434552458,372.4097327534497,373.6039733886719,22819530
2022-08-22,363.64190379057834,365.84132213226115,360.5268735794904,364.6570129394531,20813785
2022-08-23,363.0547023712005,372.0116443412621,362.25854190026956,369.37432861328125,11071500
2022-08-24,368.4288780265987,372.9969146153428,366.51805044785567,371.73297119140625,7078125
2022-08-25,373.2257966034015,379.2667634460714,369.45395080903455,371.9618835449219,11022045
2022-08-26,372.67847291564783,383.5561746437193,371.9917715635153,378.5900573730469,16715440
2022-08-29,369.82220980636777,373.7931112631652,367.2346425649282,368.2298583984375,18198365
2022-08-30,371.1855937975037,382.16282154525584,369.6230978889877,381.2571716308594,19429250
2022-09-01,373.2059085276169,383.25759373827566,373.2059085276169,378.749267578125,21039210
2022-09-02,381.5557729784031,383.95421615867747,379.057771779325,381.9339294433594,16656880
2022-09-05,380.3715028652096,389.5274702900723,380.3715028652096,385.7257385253906,19033850
2022-09-06,387.12899513121886,388.12421095900396,380.17244621390563,381.3070068359375,13839270
2022-09-07,378.18199671563207,381.18753743997337,375.3356941608127,379.8240966796875,9881290
2022-09-08,382.18273854491804,385.74562791155824,380.570493901335,384.1632385253906,12060915
2022-09-09,388.1341392037896,388.2734839859619,381.4661815867871,383.4267578125,14089865
2022-09-12,383.1580396611153,386.9398471247259,381.71496476571065,382.958984375,7418405
2022-09-13,384.7504272737032,386.14372329374703,382.1927154255949,382.839599609375,7922905
2022-09-14,376.5896273166336,393.6675329405794,376.5896273166336,389.06964111328125,18712145
2022-09-15,391.61738069344796,395.5385330086431,382.75996697571253,384.9792785644531,18737490
2022-09-16,383.40689031995316,394.1054602639882,380.1923323239315,384.2130126953125,25844110
2022-09-19,382.7798969607763,386.1437312314717,379.6847903944681,384.05377197265625,8379560
2022-09-20,386.93987271605215,390.46294498660785,384.7504162818407,386.0939636230469,8063650
2022-09-21,383.5561675034917,388.1341663086266,377.86353184943545,381.86431884765625,11191380
2022-09-22,379.28667209127826,383.07847216246375,374.4399760924975,376.7389221191406,9286135
2022-09-23,372.230590327387,375.93279419636343,366.6175891934018,370.7576904296875,13068795
2022-09-26,365.4432531722657,369.822196609127,361.5917425219027,364.0499267578125,11425880
2022-09-27,364.68684194962646,365.2143050534666,356.6952611282902,358.1383056640625,13700720
2022-09-28,356.2872472661903,359.87003012865694,353.3214933244533,356.80474853515625,8855585
2022-09-29,358.6757602923851,360.2681116113914,350.2662051918047,351.3708801269531,13998135
2022-09-30,351.90827471590063,363.5423485834662,349.8581328203955,362.0992736816406,14023265
2022-10-03,359.87000608372364,360.86522179171425,352.96320664054286,355.07305908203125,12200320
2022-10-04,359.8700194335527,363.81106527935316,358.67574839103173,362.7063903808594,8344610
2022-10-06,363.2537457185586,366.23939294364266,360.63632345844974,362.0395812988281,8740755
2022-10-07,360.3676200832779,364.24895533631735,358.7155583352511,363.3333435058594,5319220
2022-10-10,358.496648453172,362.60689470148174,357.19291814212255,359.9197998046875,5188610
2022-10-11,360.23827476205844,360.23827476205844,354.95368114090854,355.8692626953125,7483590
2022-10-12,355.88919210113573,360.86527132410583,354.3366578132953,360.3079528808594,5175590
2022-10-13,359.2728961038631,361.44245921220977,356.8843843093436,358.57623291015625,5864895
2022-10-14,363.8508947864882,369.82218945900746,362.7561513555446,365.0451354980469,8351190
2022-10-17,363.86083225712116,370.6581731455305,362.3082980465383,369.85205078125,5521415
2022-10-18,371.70309461635867,373.385011545339,369.244910671816,370.1605224609375,8049290
2022-10-19,372.0116569499521,373.69357409550645,369.22506483567184,372.0813293457031,4566430
2022-10-20,370.2202546949917,374.7882912897845,369.294711347432,370.9268493652344,7955535
2022-10-21,372.21068460889296,383.15805768562507,371.47423468445277,378.7094421386719,19709855
2022-10-24,378.67959376432424,381.1676331451674,376.1915543834811,377.34600830078125,3245405
2022-10-25,380.3714847415616,380.49090577617324,366.63748870128916,367.5531005859375,17558250
2022-10-27,374.93758190419254,375.7934832651663,368.1203781327098,371.2154846191406,22967460
2022-10-28,373.0068476132822,377.1569106171355,372.41967397062587,375.04705810546875,15243435
2022-10-31,377.9828949115144,380.5704616976675,375.99246359471533,378.5700988769531,9371740
2022-11-01,379.7743415293489,386.44226892367004,378.8587296631866,380.01318359375,12727085
2022-11-02,381.91403446323767,382.1628383944841,377.6843676320487,380.1624450683594,9320405
2022-11-03,379.13739641691535,380.7695648803786,376.90812278055137,378.21185302734375,7959355
2022-11-04,379.3762911418969,379.7743714044055,377.04745934448863,378.17205810546875,10407065
2022-11-07,379.77434101082355,380.17242124147344,372.5391029802787,374.7186279296875,13123005
2022-11-09,377.783928561535,378.89856541226635,374.34049035375926,376.8683166503906,11613170
2022-11-10,377.1867591549145,381.16762204837005,376.5299131329055,380.600341796875,12550620
2022-11-11,384.75043049377655,384.9295620468009,376.3707001783643,378.00286865234375,17120150
2022-11-14,378.7492830164823,383.8945316770289,378.38105803117764,382.7201843261719,10711335
2022-11-15,383.1580793426689,384.81014119948867,377.2464951173702,380.650146484375,9951460
2022-11-16,380.9685753760002,391.8463065609155,380.95864387121185,391.2989196777344,32188255
2022-11-17,390.88096799796034,391.11981007146613,386.79061525971866,388.2436218261719,12043355
2022-11-18,390.31366285398497,397.5986493478992,387.7161339836678,390.0350036621094,21360200
2022-11-21,389.03977501156305,389.03977501156305,384.71058061910276,386.95977783203125,5963050
2022-11-22,388.9004489648231,388.9004489648231,384.1731741368724,386.0939636230469,5833775
2022-11-23,388.2337145415039,390.42317121891045,387.2683539387578,388.8009948730469,12502815
2022-11-24,389.02982892426394,389.38812238593863,384.7603448711213,387.10906982421875,7002105
2022-11-25,387.9351232790591,387.9351232790591,382.1628835408747,383.8348388671875,10487705
2022-11-28,381.36666732461225,386.7308641394282,381.36666732461225,383.7850341796875,7822520
2022-11-29,384.4717499966087,385.9446498464567,382.80972635582947,383.26751708984375,6817525
2022-11-30,385.9446534115224,389.12935594125696,381.3666852859434,387.5469665527344,14753670
2022-12-01,389.1293322640689,390.47287951116215,383.7253183916251,385.0091247558594,12355025
2022-12-02,381.5856489902838,385.1286147490492,381.5856489902838,384.3125305175781,7954840
2022-12-05,386.5417997722071,386.9299485016449,382.16285644970264,385.835205078125,6227545
2022-12-06,382.2723357514664,386.76076883864437,382.2723357514664,385.1982727050781,6833490
2022-12-07,384.6509096160344,384.6509096160344,379.27675032960815,380.4610595703125,11811400
2022-12-08,377.96305624915834,379.1374036069008,373.6239299287231,377.5848693847656,63099190
2022-12-09,380.96857794744955,381.5159648343254,374.05184668980974,375.80340576171875,13242275
2022-12-12,371.21550031286347,374.141437249077,370.8174200597655,371.3647766113281,16407235
2022-12-13,370.9666727764429,372.5590240591879,369.86199786645034,371.9121398925781,34697825
2022-12-14,372.42962177346556,373.3949822207101,370.96665347447794,372.8476257324219,18735705
2022-12-15,373.3153926950209,374.5594124734638,369.20517685916985,370.85723876953125,10208995
2022-12-16,369.16532394910024,369.6131831745716,365.2839886907856,366.3488464355469,12439140
2022-12-19,366.34887174479576,371.01643625339926,366.33894023951655,369.85205078125,8568235
2022-12-20,367.23458394378264,370.60837965918176,365.19440395939046,367.652587890625,7052930
2022-12-21,370.3197891785324,370.4093549520552,360.06904866057704,361.1837158203125,11914345
2022-12-22,363.45277601546786,365.244152078669,362.0594497756758,363.46270751953125,8570465
2022-12-23,361.4523964787356,366.07018158418595,360.6562360586289,362.64666748046875,10510630
2022-12-26,362.64671715106033,363.4727329407684,357.1232509759788,360.9747314453125,23733690
2022-12-27,362.78598416321296,363.8409103936818,359.67095410903545,362.4376525878906,7741430
2022-12-28,363.1343131691583,364.527609089016,361.31305141155207,362.2784118652344,9521340
2022-12-29,361.1438718053279,362.25850851052405,358.47670106481235,362.00970458984375,10772450
2022-12-30,363.2736637582969,365.841337554242,362.7163453348436,363.7016296386719,13463440
2023-01-02,363.8110588940419,364.84609175462236,361.5519301265146,363.2637023925781,5625005
2023-01-03,362.70640108011605,365.5427417395159,362.4575971365494,364.8162536621094,8317240
2023-01-04,365.224283954593,365.224283954593,361.05432756563965,362.4078063964844,8320520
2023-01-05,362.258526790437,364.8062766370394,359.5017901439577,362.3182373046875,8663090
2023-01-06,363.4528175695142,363.4528175695142,352.43577151798894,355.6502990722656,18998275
2023-01-09,358.47673814595487,361.46238550295647,356.0881959630932,360.64630126953125,17134340
2023-01-10,359.979504452864,361.46239667200024,356.06831358351576,357.3919372558594,7370655
2023-01-11,358.2777100493843,359.10372585072616,355.1129308997934,358.64593505859375,8018505
2023-01-12,359.6709830270763,359.6709830270763,352.7841067186629,354.1972961425781,17648025
2023-01-13,354.1972986919501,355.7498329170017,350.1169078198218,354.3565368652344,19915985
2023-01-16,355.6901251702533,358.0786370449782,354.2968291076284,355.2522277832031,10590805
2023-01-17,354.296825952869,358.66583790744204,353.62008649584516,357.8099365234375,10661970
2023-01-18,358.8648464595026,363.65183182478114,357.4815123493833,358.0985412597656,14176160
2023-01-19,358.9743341176344,358.9743341176344,351.31116067385256,351.7689514160156,22128220
2023-01-20,354.07786052746764,354.07786052746764,349.7188106558413,350.8931579589844,21351470
2023-01-23,356.2872325573756,358.2079916336608,352.30636962377366,355.043212890625,38823135
2023-01-24,356.82466299962135,356.82466299962135,348.0767080655695,350.3656921386719,20795940
2023-01-25,349.71884936125537,350.395588861195,344.9418253514041,348.2857360839844,21401665
2023-01-27,348.7435364790762,348.7435364790762,339.16953490288086,340.9808349609375,37584895
2023-01-30,340.98081381424754,344.46406892299177,335.15879562960305,343.5982360839844,24697780
2023-01-31,344.44417352360773,346.05641816218497,340.97084993999823,344.543701171875,21926920
2023-02-01,347.33027935994073,355.09294967265123,342.5034771397931,347.27056884765625,18260490
2023-02-02,342.35421852352437,351.90829581244924,342.35421852352437,350.6642761230469,20922350
2023-02-03,352.4258157750796,355.03327632301045,347.3701328525022,354.3565368652344,13376060
2023-02-06,353.30160809472227,353.94849228874955,346.3350975125728,347.7283935546875,15201045
2023-02-07,348.76340978259924,354.29680692164965,347.73833877518894,353.3811950683594,18215935
2023-02-08,354.05795249537726,354.2967945480793,350.5348803601564,351.4106750488281,7233450
2023-02-09,351.8983305073028,353.34140548157865,347.9174675400029,352.4855041503906,10819125
2023-02-10,351.88837042589654,354.0281085789939,351.3111586561864,352.71441650390625,7229710
2023-02-13,353.3215101191972,355.18258921807455,350.6443771288478,353.0627746582031,11945710
2023-02-14,352.30636520801374,353.69966114299626,351.0623455568555,352.37603759765625,8074465
2023-02-15,351.99788149568485,356.2872591976398,350.3657129925123,355.3915710449219,12046460
2023-02-16,357.08338340924917,359.0539214422479,355.00338622687036,355.8791809082031,11458010
2023-02-17,354.9138245357971,356.56588627246185,348.5344881380718,350.1666564941406,12939545
2023-02-20,351.9182084081291,351.9182084081291,344.3645249045393,345.7976379394531,16124195
2023-02-21,347.33029051227356,347.33029051227356,343.359389459991,344.38446044921875,14684670
2023-02-22,343.140451457137,343.56838694608433,337.9752792170146,338.4828186035156,17695745
2023-02-23,339.8462877998815,341.11020087812113,335.9350667905672,339.7965087890625,13850550
2023-02-24,340.96092960281453,343.20016509008576,337.1790914458114,337.8359375,10401815
2023-02-27,338.0350015537385,344.3048489317749,336.5421778569131,343.5385437011719,11718990
2023-02-28,343.53852749495024,346.61374052075024,342.68262615592755,344.19537353515625,21975490
2023-03-01,344.1953944554766,348.44495503649176,343.54851025236593,347.3104248046875,28066930
2023-03-02,345.4592950761255,347.59900291878876,341.9561464807003,342.6925964355469,20599675
2023-03-03,344.74272858990554,351.3111585925802,342.33432349092186,348.5245666503906,18131345
2023-03-06,349.57949291218915,351.23155469633525,346.6237009295642,348.5245666503906,25934230
2023-03-08,345.53890039303974,347.19093171468984,343.7176386686939,346.3748779296875,26013040
2023-03-09,346.19575215869196,347.2407469672578,341.1002521435,341.6973876953125,34641580
2023-03-10,339.76664954163454,341.06044823411844,336.78100230423604,338.2340087890625,24380720
2023-03-13,338.1743171150544,343.0110817023337,331.6457038886011,333.1783447265625,44894690
2023-03-14,332.99917526297463,333.9048251835994,327.1274087783737,328.0728454589844,70694930
2023-03-15,332.00401993403494,335.9848834095711,330.7301448367265,331.5959777832031,23461815
2023-03-16,332.4020925606029,334.16361367423707,328.06296605044435,331.1182556152344,18160315
2023-03-17,334.3129050442043,339.6074300200984,332.6309879117502,336.9999694824219,44641505
2023-03-20,335.7857555131277,338.9604958784312,334.60144645539646,338.30364990234375,22319685
2023-03-21,339.876130667996,340.75192536210915,336.78099398182684,339.7367858886719,9025900
2023-03-22,340.36382862943117,341.0007813666274,336.80096916692156,339.3984680175781,16630495
2023-03-23,338.20416781084754,338.37336785826994,333.39728891917775,334.3327941894531,28210755
2023-03-24,333.6062864140959,340.1548235157361,333.39729959600254,336.8108825683594,27403045
2023-03-27,338.5027362577921,340.9310651056874,336.9999507637097,339.40838623046875,14186020
2023-03-28,340.1547816982935,340.3239513587608,335.4772557721607,338.1543884277344,11858260
2023-03-29,338.3932455173619,343.74751106649984,337.37813639471966,342.5632019042969,14105000
2023-03-31,343.44898830513733,346.4644910490091,342.5533001342839,344.9119567871094,17828775
2023-04-03,345.1408337845443,348.7634339430532,344.98162598053597,347.46966552734375,12184330
2023-04-05,347.3303022179114,350.2562389986995,346.1459930270413,348.7037048339844,12631750
2023-04-06,348.32551925776164,350.6045718735177,346.2057048096839,349.7387390136719,7786775
2023-04-10,349.7487002142291,351.9083319804845,348.2558764335185,350.1766357421875,6265855
2023-04-11,367.6725173939172,370.021212038481,363.452812237745,367.5331726074219,46468815
2023-04-12,366.6374596253704,368.41890424125245,364.54750057068304,367.0455017089844,17043565
2023-04-13,365.8413282469806,373.06657418564106,364.4480322237937,372.1111755371094,14620580
2023-04-17,375.98258641130496,380.9288101630247,363.4727164886682,377.2166442871094,51771495
2023-04-18,378.3710745384327,379.0975929622421,375.37546544277734,375.8531799316406,14863605
2023-04-19,375.8531614998291,375.86312337564215,373.43479465992687,375.1764221191406,9383280
2023-04-20,375.05702497349466,378.85875675210707,372.6187644008615,374.997314453125,11613885
2023-04-21,374.59922099852196,378.9085224200619,373.63386045778043,376.9180908203125,8356705
2023-04-24,376.2313552424277,378.58004973798694,373.71346071279766,377.6346130371094,10087030
2023-04-25,378.58007213132305,379.5752878994767,373.60399329055497,376.0522155761719,23692095
2023-04-26,373.7035366584974,377.0673709557811,370.8870892796646,373.9224853515625,15797590
2023-04-27,373.58410391734213,380.7695630553709,373.57414204064975,379.8937683105469,25306465
2023-04-28,379.376278115227,386.8005795380241,377.405739881843,385.7555847167969,21838060
2023-05-02,381.76479384320265,385.63616758184156,376.1915791883197,382.39178466796875,23028855
2023-05-03,381.96379646469353,384.91958848617867,380.7098452600095,384.3423767089844,17245035
2023-05-04,384.14332267662024,388.3530962882624,382.5111846183698,387.65643310546875,17257895
2023-05-05,388.5620957607759,392.91118392780305,381.26717734301224,383.89453125,17421090
2023-05-08,385.3276237881355,391.8164498652944,382.36190031409217,389.8956604003906,19354705
2023-05-09,391.08991113467675,392.11498208109185,387.76589437279125,388.989990234375,18115375
2023-05-10,390.1245800268858,390.9207404905556,384.48169327371824,389.8658142089844,19562195
2023-05-11,392.1150264647,394.10545807111976,388.5023882395959,389.716552734375,22059120
2023-05-12,388.9303263963195,391.7169488872434,386.8702527520336,390.2440185546875,16085405
2023-05-15,389.5373871211534,393.5082881098749,388.61184379426805,392.7121276855469,14858460
2023-05-16,393.7073544384101,393.7073544384101,385.74562848564784,387.5469665527344,22847485
2023-05-17,388.094312994736,388.3132616676196,377.2962163771304,380.0032043457031,27410085
2023-05-18,382.9590029224524,384.87979237461775,380.4112530689611,383.6357727050781,20726140
2023-05-19,384.1532980054613,387.5071703850724,382.8595296167676,386.4721374511719,19734635
2023-05-22,387.1389313421356,388.63175498484304,382.88937097299527,386.18353271484375,17004400
2023-05-23,386.1835227696391,386.1835227696391,381.16762695527314,382.4613952636719,21677620
2023-05-24,382.55100381928645,386.14371816509544,377.66449075152576,380.2420959472656,17787685
2023-05-25,381.7647607414115,384.8598670885375,379.68476350681834,384.143310546875,29833785
2023-05-26,388.1241566831277,388.1241566831277,382.85948755789923,387.14886474609375,16477060
2023-05-29,390.74159535560244,392.7718439504146,387.78580342035156,388.7710876464844,18877545
2023-05-30,389.69663440910006,393.92630130201746,388.60189102132426,393.0505065917969,37148525
2023-05-31,395.0906924255304,410.90468533350423,388.9104110977948,400.94256591796875,442990630
2023-06-01,391.7169223672431,393.9362340354652,383.1580609064466,384.1632385253906,29837160
2023-06-02,387.12895524132875,388.40283015477013,383.75518972599104,385.8948974609375,17790360
2023-06-05,387.13894011307946,388.43270848410737,382.61072044290626,383.13818359375,12029545
2023-06-06,385.12863720734566,391.3984848590237,384.1831700094619,389.9355163574219,20564205
2023-06-07,392.5131188129785,392.5131188129785,385.34758303189705,386.0243225097656,15502070
2023-06-08,385.52666435331446,385.52666435331446,374.11153901125186,375.494873046875,27458070
2023-06-09,370.61836353545834,377.72421903490465,370.35962807615783,372.6087951660156,70984620
2023-06-12,373.17603247904026,374.99726384769593,371.1059971852278,374.0916442871094,14075865
2023-06-13,373.2755962038627,374.79827515814,368.6279250692024,369.4141540527344,47809135
2023-06-14,369.4141472525886,371.8026590466829,367.5132814710571,371.14581298828125,27892715
2023-06-15,371.8026382122114,372.0116250099453,363.99018871442206,364.94561767578125,24190940
2023-06-16,365.6323601862222,370.5486984690994,364.8461311725581,369.7027893066406,15988285
2023-06-19,370.98656582127404,371.90217767878363,361.8604543618189,363.1641845703125,38049565
2023-06-20,362.2585596927323,367.6327190644081,361.3230543890744,367.03558349609375,23114525
2023-06-21,367.64266865332496,368.18009368400243,365.46314364335166,367.3440856933594,11995540
2023-06-22,367.3440460952974,367.6923776585875,364.32854379131453,365.4631042480469,17141050
2023-06-23,364.8460837046731,367.34405447276777,363.0347838315151,363.9603271484375,12920315
2023-06-26,364.6371096805517,364.6371096805517,362.2386361017498,362.845703125,11068395
2023-06-27,363.7911990469175,367.63271753059365,362.38794109728525,367.1749267578125,10693325
2023-06-28,367.4336583042153,367.85163190118647,364.12953480367105,366.3488464355469,26699910
2023-06-30,367.8118186530673,368.3392817787227,364.83613331885795,367.5431213378906,19673600
2023-07-03,369.4241084318806,370.0212136005955,365.84132556171505,367.025634765625,16042700
2023-07-04,368.2298534108767,371.8823088338782,365.4531927689532,370.55865478515625,32877935
2023-07-05,370.77756582079957,371.7727815397456,368.8568067724114,371.18560791015625,15595925
2023-07-06,370.2202885409198,374.76843217050686,370.03119510360557,373.6637268066406,18271205
2023-07-07,372.60876313130126,373.08647761533143,368.32934764215264,368.9264831542969,10382720
2023-07-10,368.82695990056095,373.0765201833028,367.2346086397324,371.5936584472656,17187710
2023-07-11,373.00686599605274,376.94794239254384,370.87711999837126,371.5339660644531,20483785
2023-07-12,373.18598425619285,376.37065618907593,371.79265801576116,373.8229064941406,21775415
2023-07-13,375.99251940989444,378.50048267916816,371.50411677688874,372.1510009765625,26326850
2023-07-14,372.2305758724178,375.6640822846731,370.2202510344382,372.0116271972656,35659580
2023-07-17,372.4495091303522,378.07250206137013,371.5438592102376,377.59478759765625,16649280
2023-07-18,377.2564363792065,379.7743309767206,374.0717338750012,376.3607482910156,28978225
2023-07-19,377.1469416061386,381.1676216281366,376.50005746098003,379.49566650390625,16888935
2023-07-20,378.3810332531509,390.60228122072755,376.7687582560491,389.5075378417969,46527925
2023-07-21,388.5123224488885,395.6480022416582,388.2535566395774,392.1548156738281,19248750
2023-07-24,388.1341266214448,388.1341266214448,375.83327503302803,377.6346130371094,35165465
2023-07-25,378.38102613114717,378.58005105075057,369.5136504860738,373.305419921875,39724580
2023-07-26,374.20113262675795,377.7639917494451,373.3352997591215,377.2464904785156,12310365
2023-07-27,375.99248809241664,378.69947607449944,370.7278187839964,372.95709228515625,31450005
2023-07-28,372.1310825982418,375.35557187463274,370.4392036928217,373.5741271972656,11510165
2023-07-31,371.4145417410075,373.20591799877144,368.0606390458019,369.5335693359375,20126035
2023-08-01,368.2298583984375,371.36478219967637,367.1152215243594,368.2298583984375,22339710
2023-08-02,366.34886744778214,367.8118358642382,361.8703964224972,362.9949951171875,20902255
2023-08-03,362.2784047632745,365.015247912461,359.4420643422848,362.9053955078125,35076460
2023-08-04,364.34966577593883,367.0987326682345,360.7938431960225,366.2421569824219,27217660
2023-08-07,367.5370032406234,367.5370032406234,363.8317509351798,364.857666015625,18541550
2023-08-08,364.84768859314613,367.06885807448117,362.96519783529357,364.1504821777344,20448115
2023-08-09,365.34570437463,365.34570437463,361.90940112392144,364.8476867675781,13121620
2023-08-10,363.7022710799668,365.02701500503025,357.77587948881205,358.7420349121094,25560495
2023-08-11,358.1742494279723,358.57265741244777,354.98692475900714,356.86944580078125,21328080
2023-08-14,356.3813635630794,359.04079078099835,355.5845476038318,357.3973388671875,16499595
2023-08-16,355.9829776794952,356.5507250439042,354.09051686138093,355.8236083984375,9419700
2023-08-17,354.986952889173,356.06268796873985,351.20203114185716,351.7398986816406,25658695
2023-08-18,350.0266814809334,352.2777002225632,347.91506145578614,348.77166748046875,20566460
2023-08-21,348.8115522704337,353.1144013942817,348.38323401698,350.67413330078125,19777340
2023-08-22,352.3972380571246,352.99486525043034,350.295618396621,351.221923828125,16644060
2023-08-23,352.55662028974575,354.9670389125694,349.40914532615824,354.5985107421875,16691425
2023-08-24,356.3813730355914,358.37344338323936,353.8414955009727,354.77777099609375,20618955
2023-08-25,352.8355033783596,356.45111605733933,351.9988374488029,354.35943603515625,10216750
2023-08-28,354.35946072481187,357.8954042077802,353.52279473696126,356.6503601074219,9902680
2023-08-29,357.9650915406616,358.0846108966751,354.3892985593001,355.2060546875,13543460
2023-08-30,356.77983601500864,357.1682739533526,351.60044059547874,353.5726013183594,12979480
2023-08-31,353.5726125934178,355.3455541657063,349.4689217304074,350.35540771484375,41570050
2023-09-01,351.3812891860905,354.50885423810314,349.478858346858,352.8155822753906,13476050
2023-09-04,354.070619224841,356.3813978878531,350.0665380930319,351.04266357421875,23488415
2023-09-05,351.60040900327596,355.1861416333337,351.2219107816892,352.80560302734375,21286715
2023-09-06,352.79567900038666,353.9909029990555,350.64423932688436,352.6562194824219,31101115
2023-09-07,353.5925220843046,357.04876569913284,352.05861925210655,356.38140869140625,11040445
2023-09-08,357.9750446953828,359.56870709423043,354.897299575878,357.21807861328125,11930910
2023-09-11,358.57267058696334,360.86353937930284,357.6264249920594,360.1463928222656,11584510
2023-09-12,362.3576150625347,362.3576150625347,357.8555466346625,360.8038024902344,17044830
2023-09-13,358.6922180132053,365.74416477528683,358.6922180132053,363.47320556640625,29659350
2023-09-14,364.1504639477013,364.8974903246195,361.3615472359248,362.8655700683594,12797115
2023-09-15,361.7998119625469,363.24407514378095,360.7639572525648,361.3416442871094,20607700
2023-09-18,360.7639558370006,360.9631446358702,357.37741189382024,358.2439880371094,19850560
2023-09-20,355.9730517121626,359.2599558704434,353.7319724051757,356.4710693359375,26840715
2023-09-21,355.3853350242148,356.7399586560217,348.8115272467296,349.747802734375,23923755
2023-09-22,350.2060158241965,352.57658468990496,349.040641154473,349.8972473144531,18550615
2023-09-25,351.4012467855096,356.44118304498846,349.9669535009495,355.465087890625,11132835
2023-09-26,353.8116209517282,354.9470852606425,349.34937236350896,351.421142578125,18280835
2023-09-27,351.40124151451,352.81562501433586,348.6123548344683,351.6303405761719,15021030
2023-09-28,351.04267853374546,352.97498941978483,344.4289896461501,345.26568603515625,41315985
2023-09-29,347.4170635482368,347.4170635482368,345.21583428028833,345.763671875,17858645
2023-10-03,344.62818447315186,345.6242196883922,341.72971834921265,344.04052734375,27674345
2023-10-04,341.64008131759095,344.030559772275,340.4448268919575,343.04449462890625,31104895
2023-10-05,344.62818697961853,348.01470065674914,342.86521557859083,345.4748229980469,14834005
2023-10-06,345.68397400224217,348.01469272212626,344.668029041241,347.39715576171875,9961615
2023-10-09,344.6281729460851,345.38516941125425,342.0484454724889,342.49664306640625,9197565
2023-10-10,344.1301615714684,352.33748189188174,342.7556281321293,349.8274841308594,16844910
2023-10-11,350.61437714225093,354.5785779728416,350.61437714225093,352.8753662109375,17499220
2023-10-12,353.59250740101254,353.9710056526697,350.85341051269484,351.371337890625,11919135
2023-10-13,349.6083643798891,352.58649997918167,349.0406170058017,351.0028076171875,10619635
2023-10-16,350.8036097183429,351.03267836060854,347.90514363776396,348.5625305175781,7899785
2023-10-17,349.60836871222557,353.55265974562786,348.7717027594786,352.9052429199219,16086785
2023-10-18,353.1941139796869,353.632371931651,347.63622013277154,349.2896423339844,15258400
2023-10-19,347.0186388450794,349.28959776247575,345.74371507384956,346.31146240234375,9965895
2023-10-20,345.3254094445928,353.23393121422106,345.1560700893107,352.51678466796875,20361915
2023-10-23,352.39727720717974,352.39727720717974,343.1241909899644,346.7696838378906,37732210
2023-10-25,348.4131364403705,350.9530446981257,343.03455188951426,344.23974609375,17563340
2023-10-26,344.1700269681595,344.1700269681595,336.4606935044269,337.6260681152344,31396400
2023-10-27,340.2456141658379,340.2456141658379,336.4606623484727,339.1898193359375,14874150
2023-10-30,339.0504070762735,342.81541926149157,336.3411898680975,342.13812255859375,7557815
2023-10-31,344.1700136867849,348.0146949926411,342.00860391467523,346.500732421875,24196680
2023-11-01,344.8274080734119,345.8134732221715,342.2078305604616,343.51263427734375,12640525
2023-11-02,345.62421134313604,350.335468740237,345.0465243067415,346.1620788574219,12752790
2023-11-03,346.6202578794821,347.46689389902156,344.64809719360494,345.2756042480469,7794790
2023-11-06,347.41706128776934,348.0146884796655,345.02658291676636,346.66009521484375,5933425
2023-11-07,345.6540935713423,349.488835163239,343.8512722945571,348.861328125,17998015
2023-11-08,349.2099796520118,350.79367211959726,346.6202818120302,347.8653259277344,18214185
2023-11-09,347.7955418323603,349.9469813758073,346.4409486364382,347.6062927246094,9718555
2023-11-10,345.54458353157713,348.46295969817527,345.54458353157713,347.7059631347656,8173995
2023-11-13,348.8115614956156,349.05060023198934,345.3254380727731,348.2537841796875,14276385
2023-11-15,350.8036150610367,353.0546339784118,348.64220526888505,352.4968566894531,17161355
2023-11-16,352.7956869201136,355.26583481076284,351.6004324980312,353.1642150878906,10395580
2023-11-17,350.60441664361474,355.4351938045269,350.46495711481646,351.5207824707031,13554350
2023-11-20,349.80758837114064,353.78175925097634,348.632243686791,352.7060241699219,9618255
2023-11-21,354.3793544527935,354.3793544527935,350.7338621569934,352.0386657714844,13528825
2023-11-22,350.2059661020148,351.202001255663,346.12221589274117,347.7457580566406,22568660
2023-11-23,346.6302340468189,348.3732957190693,346.02263674341117,346.4808044433594,14181445
2023-11-24,346.52065809274785,348.5127285967551,345.36525355283356,347.4170837402344,12809895
2023-11-28,347.61631921849784,348.213946476987,346.22187587974634,347.0685119628906,16746460
2023-11-29,348.3134954996666,350.45496493989094,346.6600735439669,349.299560546875,17365700
2023-11-30,349.89721724740286,351.79964814508935,347.80553722818956,349.697998046875,31274735
2023-12-01,350.60443614525946,351.7996906998436,348.2637470405407,348.71197509765625,10011890
2023-12-04,352.5964810179921,363.742117976813,349.1402374599468,362.2679748535156,22895865
2023-12-05,364.1504727848717,365.94332397435164,360.26594160994387,364.2401123046875,27857360
2023-12-06,364.957283847598,366.41148681847915,361.19227177464273,362.8357238769531,23479400
2023-12-07,363.55282806083704,365.9134264919162,361.2420192283944,363.9213562011719,12503210
2023-12-08,363.92136882179454,367.13857339568665,362.6962650043122,366.232177734375,14927330
2023-12-11,367.5369663933454,370.8537500326437,366.60069093069825,367.34771728515625,16029165
2023-12-12,368.1345970398834,369.13063218858616,362.3675450178514,363.42333984375,19074810
2023-12-13,363.3536426982773,365.6943315871163,361.1822931744111,363.7919006347656,16256660
2023-12-14,367.3377970862906,371.6107969250477,365.0369580338639,369.29998779296875,24394315
2023-12-15,371.5211437215351,371.5211437215351,367.08877475442773,368.6525573730469,19385985
2023-12-18,367.57685765694123,369.70835728853535,366.5409724845285,367.92547607421875,18793650
2023-12-19,368.5031510520413,369.4991862706703,365.6843847578175,367.84576416015625,15444615
2023-12-20,368.96131959963765,371.3219182098251,361.620544884723,363.8516540527344,19842810
2023-12-21,362.7560327996305,370.0171075381245,359.5687079939598,369.0708923339844,12019200
2023-12-22,369.46929037323184,374.43949617128436,368.7322340703845,370.62469482421875,16546475
2023-12-26,371.91951853966907,378.2941374136511,369.95732808036877,375.873779296875,21753345
2023-12-27,377.29809477617425,380.4854193481942,375.13671556793025,378.96148681640625,17036215
2023-12-28,380.68465971264,383.77234446763384,379.1109070988868,382.7464294433594,24750070
2023-12-29,380.90381054271614,382.0293048328174,376.51129147879897,380.1069641113281,12230850
2024-01-01,380.2862517497313,382.27832227832414,377.11886690444896,380.3161315917969,7129510
2024-01-02,380.087067300681,380.087067300681,370.5450323370302,371.5311279296875,25603980
2024-01-03,371.3219411822961,372.51719568001016,368.0649167510728,371.700439453125,18907575
2024-01-04,372.81597080877236,372.81597080877236,370.6346512445354,371.24224853515625,14328830
2024-01-05,371.6207548286798,372.4972707049968,366.81985766758737,368.054931640625,38996705
2024-01-08,368.1346425276597,368.82190929691177,362.2779502661644,363.7720031738281,61265835
2024-01-09,365.94333094651057,370.12669099710996,362.75603650486653,363.88153076171875,21696115
2024-01-10,362.7161865234375,365.0469052724027,360.88348538057386,362.7161865234375,35263790
2024-01-11,364.9472731878669,366.819824134896,361.63048951007056,363.1245422363281,20850350
2024-01-12,363.55286749128356,367.04896095762706,361.4412776175273,365.1963195800781,10863105
2024-01-15,367.13857604682084,369.25016578003385,365.79392246491057,368.8318176269531,30861560
2024-01-16,368.642600875033,370.7143712681937,366.74020024962795,368.1346435546875,23254490
2024-01-17,363.16440826703416,365.4752174081022,353.81165280908283,354.5188293457031,54184415
2024-01-18,352.5964776989446,357.11848623471457,351.52077300588525,354.0407409667969,21467250
2024-01-19,355.99294644049064,358.56270389614946,349.43901776630395,351.4609680175781,22801645
2024-01-23,358.7718892137488,363.53293622754535,351.38129469614074,355.4849548339844,33904120
2024-01-24,356.3813967396311,359.26992325311056,351.1820915705846,356.3017272949219,16341755
2024-01-25,356.58058917012517,358.0945516785811,349.0904156699911,352.2777099609375,33510850
2024-01-29,355.64434727672904,364.55887500666904,353.79173628467254,363.134521484375,26180740
2024-01-30,363.5528754776216,366.4314320135446,359.24005611015133,363.27398681640625,19145935
2024-01-31,361.75998984790385,366.8298052709044,356.28179635315996,363.6026306152344,40587005
2024-02-01,364.54887743360007,364.95725550673023,361.20221380489664,363.1046142578125,10360840
2024-02-02,366.89951197911876,368.5330242988026,362.238074534519,363.14447021484375,25249380
2024-02-05,363.5528680084208,363.9413363481598,358.3734725247358,360.236083984375,17304030
2024-02-06,361.3615551436005,361.3615551436005,355.2160350370899,355.98297119140625,23459485
2024-02-07,356.7798330861916,360.52490489749675,355.38535944090006,357.0985412597656,22961120
2024-02-08,358.88144140769066,359.3296694074818,344.04052296865535,344.56842041015625,22713870
2024-02-09,344.62815859438217,348.4130799694456,342.43686912676844,347.1082763671875,20319880
2024-02-12,347.2178910347158,348.41311508576894,336.8790403713857,340.5544128417969,22532445
2024-02-13,341.2416537597852,347.63618249983824,340.44480738948295,346.052490234375,22461670
2024-02-14,343.36323194878105,351.5605823463866,341.07233270739744,348.4031677246094,19251615
2024-02-15,349.6083297677585,350.09637725334926,342.64605395313515,346.4708251953125,12708350
2024-02-16,348.60235721143596,348.81154649334985,345.066444336122,345.67401123046875,8215730
2024-02-19,347.41710252014656,347.41710252014656,343.8612795796842,344.9071044921875,22239770
2024-02-20,346.56049879558964,352.3275512623343,346.09236102373677,351.1024169921875,38055620
2024-02-21,352.39724660748055,352.39724660748055,346.72980380724294,347.8354187011719,20924355
2024-02-22,347.51668788905835,347.61629749201165,341.4807167884022,343.5823669433594,31003800
2024-02-23,343.53256248831997,345.1760146233742,341.7197709809243,343.4329528808594,17268830
2024-02-26,343.05445730464066,343.71181378831176,339.0404366604538,339.906982421875,29790330
2024-02-27,341.24168714501724,341.6301250913202,338.0543621451395,339.99664306640625,22158260
2024-02-28,340.8432631761348,341.2117913427122,333.7116473798444,335.3849792480469,15381635
2024-02-29,336.0622760779851,339.1002017272558,332.157835050111,336.55035400390625,33034875
2024-03-01,337.7555742212413,344.67800127549435,337.6559646125401,344.1700439453125,17220745
2024-03-04,344.21980325434413,346.91905015203474,342.3373125208966,344.0704040527344,13885990
2024-03-05,344.0106501882714,344.0704098699257,340.4348873852386,341.779541015625,15610970
2024-03-06,343.20385140954033,352.9849242333586,342.31736550344914,350.5545959472656,37258560
2024-03-07,350.55459551742564,351.58051054210665,347.61627956305944,348.2238464355469,15696800
2024-03-11,351.77972734576963,352.5666037156,343.4827669687543,344.5584716796875,18200715
2024-03-12,345.60430716523155,347.3075188586395,340.11614344620534,342.7058410644531,51216490
2024-03-13,342.70587291461595,347.1680916041301,342.0783658122568,344.53857421875,29080415
2024-03-14,343.6321749212036,350.17613406923124,342.46680025784315,347.098388671875,24048165
2024-03-15,345.78359858946345,349.80758948201725,342.87516230555826,346.2816162109375,77537270
2024-03-18,346.1023556021196,347.58643846627496,341.69986621923516,346.2019348144531,11570715
2024-03-19,345.594346754077,349.9868657886558,344.7377406456292,348.5426025390625,22405375
2024-03-20,348.8912281884656,352.2976821378249,344.7875677979912,351.68011474609375,22104430
2024-03-21,353.0148100735037,356.7100921661324,351.4609671917404,353.0247497558594,18918405
2024-03-22,352.57656527214215,355.0865631347002,351.60043979396687,353.87139892578125,35306415
2024-03-26,351.600445156063,353.6721851127974,348.6123393898642,349.3493957519531,26518150
2024-03-27,350.206002965685,354.5487021023571,349.3892467585401,353.7120361328125,41155650
2024-03-28,354.18015071529146,359.3495757999142,353.43312432036424,355.6841735839844,33150360
2024-04-01,357.57666853109004,362.0887071716217,355.8833963821975,356.7200927734375,14429400
2024-04-02,357.35750096021155,358.1742571036669,349.4987991897317,350.0864562988281,34255950
2024-04-03,349.30957864297744,349.94702540461805,344.42898154049993,344.8572998046875,63417755
2024-04-04,348.0147053078501,348.9509808612251,343.29350801708307,348.4429931640625,65626460
2024-04-05,348.42306566573245,356.02281899144674,346.64015417337276,355.61444091796875,32790115
2024-04-08,357.33760640102963,358.9412085200169,355.6044844429907,356.2618713378906,13174055
2024-04-09,356.6503190617404,357.178216483675,353.73194332154674,354.7080383300781,11866155
2024-04-10,356.361471491466,364.52897226377223,355.38534605584283,363.7420959472656,27629090
2024-04-12,360.7639545710405,362.17830750540327,358.4431755781627,361.17230224609375,19831135
2024-04-15,356.57065019375415,360.5050015984185,354.58854976886306,358.20416259765625,21599340
2024-04-16,354.1901353976856,359.4890501393608,353.72199762169953,357.0985412597656,20483890
2024-04-18,356.5905839236478,361.16238200104607,355.2060803577468,355.9331970214844,21253700
2024-04-19,351.4012275259475,359.5687288155719,351.20203871192246,357.1085205078125,19351900
2024-04-22,361.1624069113065,363.05486790750183,358.5727090444463,360.5548095703125,30755695
2024-04-23,360.5647353762884,364.34965690392625,359.19020196361083,361.17230224609375,29780025
2024-04-24,360.96314399453496,367.6365918747316,360.12647808897344,367.0987243652344,16475385
2024-04-25,331.6797200101078,338.21370845906085,319.1296704709495,327.1875915527344,330895395
2024-04-26,327.1875870257657,329.68764505809725,319.7272932436532,320.4245300292969,110734245
2024-04-29,320.74323462151716,328.1437990388081,320.6237152645251,326.7792053222656,56137045
2024-04-30,326.77925364551857,328.09402756001884,322.715442923937,323.5023193359375,91032240
2024-05-02,316.739200943621,317.6356265650883,309.2490270087303,313.8805847167969,133202390
2024-05-03,315.34475067587306,316.3208457189166,307.5457780309474,308.113525390625,80617945
2024-05-06,319.72730956057165,325.3051129406334,317.5360198909314,323.5719909667969,108041055
2024-05-07,324.4485152515518,328.16373770709185,322.31701560540876,327.4764709472656,49333925
2024-05-08,326.69955335864137,330.1757065622887,325.92264710005423,328.3629455566406,49268765
2024-05-09,328.29320306080444,331.0522095805312,326.1019134951352,327.31707763671875,23280220
2024-05-10,327.29717851446065,329.3091587108236,321.8986542616975,324.2991027832031,58847010
2024-05-13,324.10983193504046,327.42664600871683,321.91857284160716,326.9385681152344,29196240
2024-05-14,327.09795324887057,328.6916156464729,325.20549245022244,327.9545593261719,21410130
2024-05-15,328.6318537078939,329.4884293827268,326.11188588778487,328.8509826660156,26304500
2024-05-16,329.6876834684453,333.6718246583963,328.1338708360912,333.08416748046875,34991785
2024-05-17,333.47259292963815,339.7775131482865,331.6797416200552,337.9647216796875,48087255
2024-05-21,337.0583007445005,341.6400686778049,336.659892749557,338.3033447265625,29050835
2024-05-22,339.20976424899675,339.63805211376706,334.8869748868548,338.5623474121094,30293485
2024-05-23,338.6519821114011,341.3611991841556,338.06432496650365,340.4548034667969,28406475
2024-05-24,340.843286924326,342.20785040227804,337.5962021660449,339.3392639160156,24680885
2024-05-27,339.33926920457776,343.0345516610624,339.15002006561906,340.8432922363281,17271435
2024-05-28,341.1022108216042,341.8392975495241,338.25356470037303,339.37908935546875,18580705
2024-05-29,338.25357877031126,340.8233363544209,335.10610371605594,336.23162841796875,24762360
2024-05-30,335.53434474836047,340.1659019596164,335.26542620974107,336.6797790527344,27902445
2024-05-31,339.2496270567567,339.2496270567567,330.7932667449813,334.7475280761719,64022380
2024-06-03,342.92494662503987,346.39112945603705,338.671857126363,342.24761962890625,49005355
2024-06-04,339.2993855207711,341.73968392458295,319.2193121985658,326.2911682128906,76147340
2024-06-05,331.19169230394675,343.58237330551606,327.6955988326551,342.25762939453125,72131590
2024-06-06,342.83535669306355,346.32148018484304,339.4089928865592,345.5644836425781,31799505
2024-06-07,344.63816844772657,350.3354913244757,343.03453588030965,349.3493957519531,23040730
2024-06-10,348.63221353716557,353.28371107919804,345.8532973440252,347.7457580566406,24240220
2024-06-11,347.93502295140695,348.05454231181375,342.0584213576106,342.6361083984375,20528235
2024-06-12,342.6560355496027,345.4250123270211,341.221742358766,341.78948974609375,29407880
2024-06-13,344.907097895868,346.13223224139756,342.4369194418433,343.9010925292969,30080725
2024-06-14,343.2337431266289,345.6043118153073,340.7237149166952,342.0783386230469,15768330
2024-06-18,342.3572322772694,343.56242640088317,339.2993968098606,342.5166015625,28536650
2024-06-19,344.4289524949112,351.21194962735655,341.64006615432476,347.9549255371094,49798990
2024-06-20,351.60044797126574,356.5507444461013,350.66417239196676,351.8494567871094,46215520
2024-06-21,352.5964602256615,356.38138182086345,347.6760439139497,353.72198486328125,95158445
2024-06-24,350.03665611723113,353.6323591297794,348.5625434199748,353.1044616699219,21144440
2024-06-25,353.90130644763974,358.22409608066766,351.2020592465926,354.9670715332031,29669295
2024-06-26,354.58854976886306,361.76001574304655,353.8116434880418,358.20416259765625,33429660
2024-06-27,356.7798352632025,366.14256044346973,355.58458081611167,364.658447265625,66713845
2024-06-28,362.99509056276753,368.12466604385816,358.3535626294497,359.0707092285156,24845035
2024-07-01,359.0707246275053,361.1922846739175,356.58063638459606,360.186279296875,14507550
2024-07-02,362.74605503505467,362.74605503505467,346.0425559908452,352.51678466796875,48125085
2024-07-03,351.7597862947565,361.73010813033324,349.05056940101275,360.7041931152344,44905015
2024-07-04,359.88742264502974,366.2520713580308,358.83162783256586,365.3157958984375,25344465
2024-07-05,362.55681360055775,370.1167171376608,362.2480451196025,369.0708923339844,17328265
2024-07-08,369.3298405922471,369.97728779054853,365.6345585053781,369.1705017089844,19306015
2024-07-09,370.764164029314,372.5171958543592,364.54891359009486,368.1047668457031,19601055
2024-07-10,367.1385899559587,367.4373883647781,362.5966717624073,364.5190124511719,28148945
2024-07-11,364.71822129690577,368.93143072451943,362.86558002509156,367.4373779296875,23076860
2024-07-12,367.43738687355983,368.73225089854856,363.80186439695876,365.11663818359375,21204275
2024-07-15,366.34174272754404,370.1067546532516,363.88153451176544,367.2481384277344,29549980
2024-07-16,366.95931412926274,368.3537573769551,358.75196313490443,359.62847900390625,32713510
2024-07-18,359.5686996321101,364.78791424335435,357.20810112124707,363.9014587402344,37954190
2024-07-19,362.6550710937018,365.14788838076356,360.1522727999243,363.2732849121094,20694325
2024-07-22,363.1536029164098,363.1536029164098,348.7750206680162,350.50006103515625,53711805
2024-07-23,352.78348138771736,355.0768914918608,346.83063263928557,352.7635498046875,30775980
2024-07-24,352.5741110581228,355.1566661810991,344.81646468222635,348.2366027832031,37436035
2024-07-25,345.4047390394214,354.7777254597317,345.4047390394214,354.00994873046875,15481985
2024-07-26,350.6097335054592,364.9185097002786,350.6097335054592,361.7276916503906,26546755
2024-07-29,363.89148117598694,364.350151014308,355.6751655317632,357.7491760253906,40031835
2024-07-30,357.74918004595776,360.2918414127163,355.2364312683413,356.19366455078125,28397685
2024-07-31,357.5696886881316,362.1564782096097,353.61109394073344,360.5411071777344,29031285
2024-08-01,360.3815890488383,362.6051623846206,356.2235568159542,357.4998779296875,19080220
2024-08-02,355.19655841914636,360.9599508930044,353.98006233982477,359.6537170410156,16212945
2024-08-05,353.0228259328979,360.0824711904509,352.6937570060791,353.7108459472656,24559090
2024-08-06,355.9743016661559,357.41016682995746,350.9886671890389,353.09259033203125,19620110
2024-08-07,355.9743009369397,356.2933888459971,350.9986474765369,354.2891540527344,17688725
2024-08-08,352.31484547855314,355.3361388651812,351.51715610494864,353.5313415527344,12361105
2024-08-09,355.98428434818004,356.0640411110342,351.98579574114524,352.9131164550781,12322215
2024-08-12,351.18809445156876,357.1808062251685,349.24368489049795,353.491455078125,22722215
2024-08-13,351.5869697389621,357.27057511352945,348.2166757687968,349.40325927734375,17651595
2024-08-14,349.9915255620737,350.9886524155269,347.9075340899441,348.5755920410156,12928245
2024-08-16,351.3875148118996,356.1238676049329,348.1967269776898,354.438720703125,14809355
2024-08-19,355.0868549660538,356.97143946230403,353.1823693159486,355.24639892578125,10861395
2024-08-20,355.57545416105586,361.5681660624753,354.2293267769794,360.0924377441406,15577430
2024-08-21,358.9656629057862,362.35588808058384,356.4429332142275,361.5482177734375,28585950
2024-08-22,361.757636029296,363.8117150593324,360.1223636966966,363.2533264160156,16089940
2024-08-23,363.2532989054772,364.52962005495476,361.4983763436309,362.5553283691406,9075930
2024-08-26,362.95421706627155,363.5425183269613,360.9001379425413,361.4585266113281,11781285
2024-08-27,361.16934265006654,361.57816834958214,357.31046623719175,359.6337890625,22708480
2024-08-28,358.1680146633854,360.14230656055753,356.1438481604879,357.230712890625,21403980
2024-08-29,355.62530600550593,358.66656133586616,353.5812080140346,354.42877197265625,27655790
2024-08-30,354.43871775119646,356.97142858611744,353.850416534444,355.13671875,37290860
2024-09-02,355.3760085453163,357.65943758618596,353.52136718305235,355.0270080566406,20242600
2024-09-03,354.9871402127843,356.26346136576984,353.4515563407888,355.7349853515625,25981365
2024-09-04,352.98290550329193,356.63239343211694,351.6866527680351,355.7349853515625,15962215
2024-09-05,355.226436222432,356.24349464295886,350.9886471587258,354.5683288574219,17865025
2024-09-06,352.49432304792117,355.3660532493227,350.2906507963519,351.8162536621094,16274400
2024-09-09,352.52425273021015,357.75916895497016,350.6795618793151,357.0013427734375,17182305
2024-09-10,358.5668179649412,358.8958564331841,354.58826117862657,357.2904968261719,17488060
2024-09-11,357.9685587507928,360.05255032981546,355.97430494159613,356.8218688964844,18669360
2024-09-12,359.7434515818812,365.77605731954634,357.99847945926246,364.4399108886719,31827540
2024-09-13,366.34440590391546,366.34440590391546,362.30605425290463,363.02398681640625,10283600
2024-09-16,365.54672212603015,368.0794329342949,364.6094204197408,365.20770263671875,13653170
2024-09-17,366.8230441347686,369.61498724699123,365.0780720821551,368.26885986328125,18374310
2024-09-18,368.9369525120477,370.82153695690624,366.0652221750621,366.88287353515625,34387495
2024-09-19,368.9170282106971,373.9225943861157,367.9597644595416,373.3143615722656,14462150
2024-09-20,373.7231533141575,384.1531226916266,372.92546395893197,379.8056335449219,94247895
2024-09-23,381.8896142378257,387.28407431309773,380.5435172930239,385.8282775878906,18431360
2024-09-24,385.8881155495244,386.6060481444869,380.8227242177712,381.83978271484375,18546930
2024-09-25,380.91245009306294,383.43517988840443,377.77147606950354,378.4993896484375,16537335
2024-09-26,377.9110856071587,381.5605736210741,375.7772194884088,379.36688232421875,21022565
2024-09-27,378.9082107762445,380.9024645171721,372.1875854068856,373.4140319824219,33215560
2024-09-30,370.2731085643566,375.80718125434873,367.56092211199245,369.7247009277344,16234200
2024-10-01,368.3386858150895,375.86701247544676,368.3386858150895,374.8000793457031,24357630
2024-10-03,370.512392990874,371.65911324775027,362.1166016950004,363.5125732421875,31816160
2024-10-04,362.05678126690464,368.93695074894595,358.636643323948,360.760498046875,18673160
2024-10-07,360.9599649932129,366.2247942046472,352.86329882402765,357.02130126953125,37233165
2024-10-08,358.96566831619083,361.75761134224695,355.3460929585524,359.6437072753906,25485515
2024-10-09,359.1651377387944,362.9542079576008,356.951514703835,359.125244140625,35394010
2024-10-10,360.9400169619816,375.7174149331836,360.02264679751624,374.1419677734375,29528990
2024-10-11,373.3641985526254,377.6319004637973,371.16055662587235,375.3983459472656,26057900
2024-10-14,375.92684448435693,382.09906279387855,375.40831899063176,381.0620422363281,21955690
2024-10-15,381.3412141442079,381.9694089601132,376.40542381629325,377.95098876953125,21477465
2024-10-16,375.71740592716804,377.4025528323336,372.5565306765782,374.1918029785156,15727780
2024-10-17,374.19181535051945,374.5807094629842,369.1962300797058,371.7388916015625,17707160
2024-10-18,372.5266243613129,374.6205969847075,368.5381166709988,373.1348571777344,19173835
2024-10-21,368.9369249650831,369.93405178931306,346.00300800779416,356.8118591308594,65890685
2024-10-22,357.3603122953124,358.0682638501642,350.7593068778945,351.6168518066406,27471910
2024-10-23,351.21802404600703,356.3831341598959,350.6097608046202,352.544189453125,14180685
2024-10-24,352.1852248451183,353.5313217840678,349.0542318475056,351.4273986816406,11584100
2024-10-25,351.9857938025428,356.27342727747015,350.3903846851636,352.7535705566406,14146135
2024-10-28,352.5840527968746,355.1067824568805,348.00724430365716,348.9644775390625,16510740
2024-10-29,347.69816423919923,352.4145550286988,345.1455217946346,351.028564453125,20790595
2024-10-30,344.4076264398882,350.9886700900564,344.3278696767502,345.92327880859375,21929745
2024-10-31,344.477435577563,348.31638027554203,343.7993965804375,345.22528076171875,14723350
2024-11-01,346.9204216780966,349.8220343229881,346.27226481696664,347.8776550292969,912445
2024-11-04,347.79785630042693,347.79785630042693,343.85922323822297,344.87628173828125,14424150
2024-11-05,343.3107686449081,351.0883764769723,341.21682656502264,350.4202880859375,20143075
2024-11-06,351.00857769550635,352.6737929000289,348.3163534974593,351.50714111328125,18261260
2024-11-07,351.5869707181531,351.98581541451256,345.6042089830622,348.376220703125,15304920
2024-11-08,347.9972858794147,351.8063179162846,346.7807898519813,348.1568298339844,18234125
2024-11-11,347.9972891150409,351.6467772312736,346.44177358089564,347.7978515625,16025150
2024-11-12,347.95737889907906,348.87474899509374,342.05440495654767,343.29083251953125,16141950
2024-11-13,341.8150822809242,344.63696839197496,334.845175127518,336.6001281738281,17967450
2024-11-14,337.0289012858427,341.5359040405821,336.9890076883958,340.5986022949219,16638790
2024-11-18,341.81508653210443,344.6569042613354,338.9633182262803,343.56005859375,10412075
2024-11-19,344.96601562415157,346.96026943467604,341.7154026053275,344.55718994140625,13798315
2024-11-21,342.0344617342364,347.14972765163117,339.77099460316214,346.4218444824219,16470295
2024-11-22,345.8035848463295,353.4216487064855,345.5842157186837,351.27783203125,17768630
2024-11-25,355.3760300780539,357.88880940485404,352.3647177185207,357.1210021972656,34357160
2024-11-26,357.96857763978295,358.15803419604555,353.9800698109274,355.69512939453125,11563695
2024-11-27,355.1666371630247,360.0625339517516,354.7977050744273,355.6153564453125,16012220
2024-11-28,355.6253101336049,356.7520684226274,349.6924232141811,350.8291320800781,19856975
2024-11-29,350.3903912104593,353.70085986543967,350.3903912104593,352.03564453125,14939970
2024-12-02,351.98577682019527,353.5013986721371,348.19670697539254,349.7821350097656,21326400
2024-12-03,350.98867271036426,351.2279734314629,347.0001650659283,348.9744873046875,19858250
2024-12-04,349.3932666069434,352.38464736630067,348.2764893255672,350.4901123046875,15933930
2024-12-05,351.786344872618,356.7022034308299,348.5955571709681,354.00994873046875,28486145
2024-12-06,353.76069426308726,355.9842982922098,351.1881201491731,354.36895751953125,12979410
2024-12-09,352.6040266036591,359.9528473441504,352.6040266036591,356.2236022949219,12770115
2024-12-10,355.62529286623396,359.5240625879272,355.62529286623396,357.9087219238281,9899420
2024-12-11,358.1679846481542,360.3217519136881,356.961439223327,357.9087219238281,11967140
2024-12-12,356.97143370333333,358.2577359373286,352.0556053412647,352.7236633300781,17441295
2024-12-13,350.6596259089589,360.76049571800894,348.60551652524595,360.0924377441406,19467655
2024-12-16,359.563943593315,361.5581972677872,357.7391844404311,359.8531188964844,14946965
2024-12-17,358.1879305839825,360.3317473590311,353.9800537976984,355.78485107421875,17964305
2024-12-18,355.37601752159594,356.31331923261826,353.0527252569753,354.9771728515625,17647150
2024-12-19,351.6766840076966,352.5840731259313,348.0770401241549,351.407470703125,20370400
2024-12-20,349.9915283985189,352.7535588502059,345.67398247723025,347.7080993652344,73428440
2024-12-23,348.495834880034,351.8262349151397,347.00014460157894,348.06707763671875,13740180
2024-12-24,347.50867894223217,349.92170881399034,346.6112404573033,348.804931640625,13563125
2024-12-26,350.35048473944,352.87324494982147,347.408978711546,349.55279541015625,5660030
2024-12-27,350.98868158396266,354.4188006792888,349.79211708842126,350.96875,12241355
2024-12-30,351.98579259268087,355.1766108164717,345.7039053500964,347.1397705078125,27513860
2024-12-31,346.01300935559556,358.28763884909614,346.01300935559556,356.1836853027344,23658490
2025-01-01,354.8275845432374,358.31752840891227,354.3788653028352,356.6523132324219,7424140
2025-01-02,358.96568306867823,366.9825918442502,358.34746926106584,366.37432861328125,25484935
2025-01-03,369.1363971357642,369.53524181689824,362.3758778503815,366.6734924316406,21385745
2025-01-06,363.15363829616615,363.95132766429276,353.56125171551554,354.9073791503906,19961975
2025-01-07,356.373153893344,358.45714549737113,352.9629968794446,353.3917541503906,21999690
2025-01-08,354.99711332544473,355.914483476405,351.47725653267173,352.7137145996094,21823395
2025-01-09,353.7806101892152,360.7006732752039,353.7806101892152,357.0113220214844,27349135
2025-01-10,355.8147515648296,356.90161621047844,349.6624957670863,350.2308349609375,17513090
2025-01-13,345.5842455756023,347.9075684141068,343.7595166429118,346.68109130859375,15461940
2025-01-14,348.9146675796308,352.75358190350244,344.9261598728352,349.11407470703125,24744805
2025-01-15,351.00858972241826,357.96854622779404,351.00858972241826,356.89166259765625,17549305
2025-01-16,358.1281000564105,361.9470826836004,356.04410849281265,360.0724792480469,22257670
2025-01-17,358.3673999051384,360.0625277982576,348.6553936873538,350.70947265625,17608640
2025-01-20,376.9139495680543,384.871032791476,372.1277528566091,382.9964294433594,66621575
2025-01-21,383.0861931603074,383.0861931603074,377.1134126575037,377.57208251953125,22078315
2025-01-22,378.7087811717552,382.9964450626006,376.3256637249191,382.3981628417969,20883345
2025-01-23,380.32413751163426,383.68445013614627,377.33275695380445,377.88116455078125,15805795
2025-01-24,377.1133916273603,382.5975893719523,373.53367941212633,376.1561279296875,20126830
2025-01-27,373.92259234288434,378.6689261859242,371.47961923428477,375.19891357421875,9642515
2025-01-28,377.9111172578264,379.90537117475424,373.085026430449,376.46527099609375,25786920
2025-01-29,376.47524659053465,383.83404830698237,375.91685793621497,382.966552734375,11758155
2025-01-30,382.9665242001883,386.50631241613894,374.41115861627316,379.20733642578125,21195905
2025-01-31,379.51645053590823,380.69308339140235,376.8342072005698,379.16748046875,11666145
2025-02-01,378.7087768778252,382.32835232125524,373.24454105018754,379.52642822265625,5481785
2025-02-03,377.63188634608264,379.66603366467655,375.2288069573789,375.8171081542969,16599040
2025-02-04,377.12335672889867,387.1245383293178,374.3613261677304,384.59185791015625,26663090
2025-02-05,386.44651824967747,386.675868402907,379.3768918268252,381.2514953613281,17136925
2025-02-06,382.2984384166913,382.89672062865304,378.2002615600635,382.08905029296875,15969855
2025-02-07,383.0961408568758,390.9933683220803,380.48364299707896,384.74139404296875,22070870
2025-02-10,385.9479341132086,391.87087031263104,383.60467982052495,390.9036560058594,17846865
2025-02-11,391.79113380466947,392.9677363001557,380.22445512167246,382.6175537109375,17533410
2025-02-12,383.5847472814943,388.6800511034068,379.8953656017905,387.6729736328125,16095020
2025-02-13,391.4720313762161,397.41489924588484,390.9834184974557,393.4263916015625,63391865
2025-02-14,393.6656888706699,393.6656888706699,385.5590727157849,389.3581237792969,13050240
2025-02-17,389.87659770966775,391.6614632886073,385.4194394802923,387.9421691894531,11500595
2025-02-18,387.2940691987456,392.0703156480348,386.7157185465677,391.5418395996094,21720625
2025-02-19,391.6614793169709,397.83369719531737,391.27258522384415,395.859375,19570825
2025-02-20,395.32091539312665,395.33089639952084,390.8737380166756,392.9776611328125,23621860
2025-02-21,392.97767615644983,394.5332221484296,385.78839957773795,389.48773193359375,20042760
2025-02-24,386.5462173539508,392.86799824261215,385.5989346278533,392.0902404785156,11090405
2025-02-25,392.6685806842356,394.7725343719951,390.59457001767566,392.3196105957031,20099470
2025-02-27,393.26683426394436,393.8651164762168,386.8652967533519,388.3908996582031,18540340
2025-02-28,386.2969337174284,386.2969337174284,377.6917237520592,379.49652099609375,34851575
2025-03-03,380.015027010229,383.62465203252845,377.9509974063852,381.8198547363281,13038950
2025-03-04,379.13754929169056,382.0990172234031,378.2600728037911,380.4637145996094,15860250
2025-03-05,379.526424568216,389.6073930521799,377.9908406673262,385.5091857910156,19058440
2025-03-06,387.6829257353213,387.872382280316,380.8725624117534,383.2357482910156,25965465
2025-03-07,382.29844532111434,387.00488548103715,380.91245476110396,385.9678649902344,13901690
2025-03-10,385.38954427375194,386.89521562025425,382.16881345351857,383.2457275390625,11142670
2025-03-11,383.49501693042737,387.6829317082311,379.79568460255945,385.9280090332031,16035260
2025-03-12,386.88522909540944,398.39208180073183,386.4863844297442,395.37078857421875,33522470
2025-03-13,394.00473000506054,397.5245866745819,392.7782529877869,395.8793029785156,24628970
2025-03-17,394.88219534474075,398.6214213273253,393.7155738789177,397.4747314453125,15854645
2025-03-18,397.4747314453125,397.4747314453125,397.4747314453125,397.4747314453125,0
2025-03-19,406.6782142283784,409.0214685407517,402.2908619330253,403.14837646484375,26691440
2025-03-20,405.03294543041426,406.6083924906647,402.14125317303154,405.96026611328125,13416530
2025-03-21,406.82776914735877,418.3146599096975,405.8306422621937,414.6053466796875,94254040
2025-03-24,418.79329952557276,435.5948939377569,416.84888989153046,433.97955322265625,42541755
2025-03-25,434.7273738703643,439.234376265706,430.75879806307603,432.7530517578125,36712165
2025-03-26,433.7501903880516,433.94962793490157,424.7561169352279,427.74749755859375,15084580
2025-03-27,427.56802305819724,429.04378189575175,421.1565040868164,424.5068664550781,47106120
2025-03-28,426.63069618392956,434.72739208491436,426.57087100497256,432.99237060546875,18361265
2025-04-01,433.61057268816,434.4481860307138,425.9526456896707,427.9468994140625,18754695
2025-04-02,426.96975936089984,430.88846085373666,426.70051561733635,429.68194580078125,10660960
2025-04-03,424.57662307678885,429.1035877362616,424.2076909915048,425.2945556640625,8470190
2025-04-04,424.9555594567347,428.0267275266694,422.4128978869945,425.16497802734375,18942015
2025-04-07,402.5800042719004,415.5227223694855,399.010303364345,406.3990173339844,35695245
2025-04-08,411.3048567822744,414.7848502840164,406.42892216512666,409.84906005859375,20471695
2025-04-09,409.61973646352453,411.8134279125,407.2465998976866,409.3605041503906,19597890
2025-04-11,411.8134125857548,426.6705974138859,410.5171597786306,421.02685546875,27973445
2025-04-15,427.76742653784186,428.166271199217,418.71352796204644,422.8216857910156,28178320
2025-04-16,422.78179988752447,429.08364911355164,421.44565351116574,423.4598388671875,14498895
2025-04-17,421.78468042944695,437.519341758768,418.33462986167217,436.3626708984375,26943160
2025-04-21,437.73872860261855,450.94067960923906,433.82997759131644,446.9920654296875,24432490
2025-04-22,448.50768475976474,459.0573048097072,447.7897521468577,452.4563293457031,33664915
2025-04-23,455.686978031386,456.68410489797543,442.72432876572293,444.12030029296875,17619395
2025-04-24,442.32547447348225,446.2940198409596,441.4679295633417,443.3226013183594,20842685
2025-04-25,442.7243428213227,445.39663560544705,434.3883765583353,439.6133117675781,10680015
2025-04-28,438.13755834359966,445.07755311960926,436.62193639455575,443.84112548828125,12190890
2025-04-29,443.84109842539885,448.1088001244932,438.4965131178904,439.7329406738281,15291325
2025-04-30,441.507836598342,444.91802390079266,436.38262028319247,440.3511657714844,23114585
2025-05-02,439.53351154246,443.44226225684275,432.9923617183069,435.0863342285156,9079030
2025-05-05,419.8103531564253,425.53388220939956,410.41743487360293,415.781982421875,44108085
2025-05-06,416.0013441745257,417.0782278097303,411.8133991300577,413.60821533203125,17025485
2025-05-07,411.5541524854477,419.152254696519,409.7194426164406,417.7762451171875,18697280
2025-05-08,418.59387431596554,426.5110645986522,417.77625335760047,421.3060607910156,34624355
2025-05-09,413.8076508850548,422.78179271147764,413.8076508850548,419.4114990234375,23271500
2025-05-12,425.57373425983207,431.4767386960257,423.99828720062163,427.7674255371094,15109370
2025-05-13,425.77318461807874,427.9868075445303,419.0126654799806,421.9043273925781,21539120
2025-05-14,420.9869927585709,422.7618774377373,415.6024831110812,417.2776794433594,10687970
2025-05-15,415.8218403512926,421.1863878320051,411.89315801151054,420.0696105957031,21311795
2025-05-16,418.7733546082737,421.7647352239233,416.8189640298566,420.4285888671875,10289540
2025-05-19,419.1921456114812,423.57949791624566,418.87305769806966,421.02685546875,7528520
2025-05-20,421.74477897537884,422.3629927756121,415.74208607936555,416.8189697265625,19545490
2025-05-21,417.7961654051811,418.0554281332146,410.8162772003213,413.0697937011719,10708700
2025-05-22,413.60823374907704,414.3261663478138,408.96164908574843,411.97296142578125,16446640
2025-05-23,411.97296190207993,420.64794784778894,411.97296190207993,418.9528503417969,8254765
2025-05-26,416.8189677806497,421.18638838758244,415.8218408997937,416.659423828125,10201425
2025-05-27,416.7990341731788,418.5938503780422,411.05557362978027,414.2862854003906,17299700
2025-05-28,413.80767267818203,414.884556364912,411.494330915697,413.6680603027344,8173180
2025-05-29,414.2663563620124,417.9956318674673,409.8191786613873,415.1239013671875,24936910
2025-05-30,415.12387322588023,416.83893269006654,411.9131234300162,413.7478332519531,49038640
2025-06-02,412.2122491853679,413.9672022448451,409.06132456944187,411.5342102050781,13505700
2025-06-03,412.81054255836426,413.967213430647,405.6711101997284,407.7251892089844,32319090
2025-06-04,408.24371143709214,410.51715956665333,406.9873217973695,408.08416748046875,11655570
2025-06-05,409.77924940387254,410.09833730500327,405.6710915739801,406.8078308105469,18626660
2025-06-06,407.6055135641951,415.7819659269836,405.5913282768267,413.4885559082031,22121620
2025-06-09,420.98697386470667,427.2489293491462,416.7990288668134,426.4113464355469,28895440
2025-06-10,428.1064407342016,433.33137572244993,426.41134333681794,428.9839172363281,24578710
2025-06-11,428.5651346852621,430.8984384380862,425.3743468242084,427.8272705078125,8910305
2025-06-12,427.8272600750463,428.5252610685143,423.2205387218712,424.13787841796875,14890860
2025-06-13,413.209367707786,423.1806363804155,413.209367707786,420.26904296875,22336370
2025-06-16,420.36873148231547,427.70760105189834,416.5597299745455,426.57086181640625,14707980
2025-06-17,426.57087938751926,429.92124162443673,424.81595672046564,426.13214111328125,15541500
2025-06-18,423.7789104993046,426.2517960376868,420.528267236496,425.2546691894531,19503255
2025-06-19,426.67059088002094,429.7018651512141,425.3942696758182,428.046630859375,17025995
2025-06-20,427.7674547280271,433.9496538913941,425.0353366661664,432.71319580078125,16863180
2025-06-23,430.3798999651666,436.6817491629497,429.0038599991427,435.5649719238281,8603070
2025-06-24,440.33126009479156,445.43654512755916,437.02079137107853,443.4422912597656,28022600
2025-06-25,443.3226294287824,443.44227978897106,436.94102330289985,438.3968200683594,17877145
2025-06-26,439.214484930182,440.73010692230037,434.74734528987096,439.51361083984375,28350635
2025-06-27,440.73008598040053,442.1858827214124,435.2658196609935,440.311279296875,48247195
2025-06-30,440.31127885215824,440.53064798523144,429.66197096638217,431.4568176269531,18638285
2025-07-01,431.45683172070716,436.04359122223354,430.61921832714097,435.46527099609375,20128770
2025-07-02,435.7444339644276,438.1774259156917,430.9582372507358,432.5735778808594,9382555
2025-07-03,426.59083972298583,429.14348216493147,423.16072073601543,424.0980224609375,23336995
2025-07-04,423.5795046550147,426.2318659213854,420.9869989995219,424.7361755371094,8431075
2025-07-07,424.776056434098,430.1206419744296,423.14075372316506,428.72467041015625,10852925
2025-07-08,435.74443849884796,447.0119598624429,433.9894854849469,443.6217346191406,37631455
2025-07-09,442.12605586910036,445.5362432137952,441.52777365057,444.5789794921875,10104510
2025-07-10,444.53911191041834,447.2512982349035,436.1233586284084,439.49365234375,28609065
2025-07-11,439.0947872575218,443.72147068176815,438.45664186480735,442.843994140625,13395830
2025-07-14,443.50209143726005,444.120305232638,438.1973691448277,439.49365234375,11976685
2025-07-15,440.730091607129,445.4365318116228,435.1262432749352,436.3626708984375,14870715
2025-07-16,435.564956700063,436.7415590765919,429.961108687544,434.6276550292969,11438515
2025-07-17,433.75018056022697,437.0805805938604,432.0949463345475,432.91259765625,10897805
2025-07-18,432.77282427382914,432.85270345550344,425.46546332967466,427.3621826171875,12832715
2025-07-21,426.8829985375476,432.77282388398464,425.30573504818955,432.2936706542969,9135495
2025-07-22,433.65132819632447,434.2503002206598,428.2606409072714,431.29541015625,7822810
2025-07-23,433.4516974406974,435.2086434818748,430.49677686852147,433.3318786621094,13952705
2025-07-24,432.333582404694,433.6113751332544,427.26235108149626,427.681640625,10292000
2025-07-25,427.08267899433366,429.2389599883455,422.9298449093829,424.18768310546875,8727375
2025-07-28,404.36187672461557,410.35153572567935,391.32438806949864,392.6421203613281,69123495
2025-07-29,392.72199647393273,395.2576274914692,389.9268342644319,393.86004638671875,25219670
2025-07-30,392.5422885575496,395.49717848247747,390.7254180066558,391.2644958496094,17949955
2025-07-31,387.57087488385605,399.0311005524212,386.33302172067715,395.0379943847656,21519590
2025-08-01,395.91647865379014,400.70819382102934,393.740243125793,397.7932434082031,13361865
2025-08-04,396.71508634722477,400.7081924613689,395.73679484684794,398.7116394042969,7716305
2025-08-05,400.90785292705664,400.90785292705664,398.2723883147173,399.9095764160156,12106660
2025-08-06,399.9095832308442,404.4217821702482,397.8531360202545,399.789794921875,13311395
2025-08-07,395.5171623489094,398.4121581122293,392.3226653559474,397.73333740234375,72760995
2025-08-08,398.09270145303674,399.21076625864436,388.96847008478943,389.8669128417969,10928645
2025-08-11,392.12299841430604,404.102316457085,390.60562909628055,394.4989013671875,11012565
2025-08-12,394.3192223672201,396.4954578524867,390.60563252278274,391.1247253417969,7889120
2025-08-13,392.9216464515522,398.57189524055485,391.76364202640497,396.8548583984375,13733665
2025-08-14,396.9147432965791,398.0128535417985,394.41905204152636,394.9581298828125,9922965
2025-08-18,398.8913126683514,404.50165221991955,398.73161523665283,399.5901184082031,21519720
2025-08-19,398.11265554022253,405.79939676706715,397.81318477657135,405.2803039550781,15558845
2025-08-20,403.40353741923343,404.1422522761842,400.4087079364848,402.8045654296875,13134705
2025-08-21,407.0971541469084,407.0971541469084,401.88614947500423,402.8644714355469,14493935
2025-08-22,401.3471205329002,403.0242178580681,395.3574611158864,396.63525390625,8958465
2025-08-25,396.71509429164684,399.0710427879616,394.65864703887974,395.97637939453125,11849075
2025-08-26,394.9182151985585,396.0961742336374,391.563990098439,392.46246337890625,18550690
2025-08-28,390.32613109392344,392.92165621721205,387.55092350321047,388.2696838378906,17989700
2025-08-29,389.36780016626466,396.29584196853955,389.36780016626466,391.3843078613281,15371790
2025-09-01,391.3843001490987,393.87999151385344,390.3660690396724,393.04144287109375,7891610
2025-09-02,392.52235636331784,394.35918158159484,387.41115477530616,387.8304443359375,12917095
2025-09-03,388.12991260908706,392.08310970382456,385.5543725003788,391.3643493652344,20037270
2025-09-04,391.5240589949514,393.66035488230744,388.62903274702046,389.2679443359375,9457295
2025-09-05,389.2679614904682,390.78533088354266,386.7523155444542,388.4294128417969,9906260
2025-09-08,387.830439450164,391.62387815197184,385.6342188554442,389.3478088378906,12527790
2025-09-09,390.52577811239297,392.5023460803835,387.2913415434412,391.40423583984375,15873920
2025-09-10,396.2958367943458,397.094445850384,392.4824130520508,393.9798278808594,42604510
2025-09-11,394.71853374228476,396.3157822827684,391.98326579975713,393.7801513671875,11816335
2025-09-12,393.9598642959161,396.3157822827684,392.52234365597906,393.7801513671875,18077285
2025-09-15,392.9216499510977,395.63696334270014,392.3027233742956,393.4806823730469,13098130
2025-09-16,394.59874454017506,405.4001038784605,393.9598634044166,403.64312744140625,20084385
2025-09-17,405.1006037174715,409.8324551862034,403.36361230393936,409.353271484375,23917190
2025-09-18,409.29336420936994,411.54947884380573,407.73605530957667,410.2117919921875,17420580
2025-09-19,410.2118054084459,410.2118054084459,404.78117864412536,405.49993896484375,22431125
2025-09-22,405.69957465069393,407.2169744699615,402.78462425101594,403.64312744140625,13229910
2025-09-23,403.9026791195159,409.912292698884,400.9876983267941,408.83416748046875,25428240
2025-09-24,407.6961409670819,408.91403958875,405.1006158183649,405.5598449707031,18394385
2025-09-25,405.7594805811606,406.79769673000413,401.3071756698445,402.0059814453125,20039275
2025-09-26,401.10750162038886,403.14399429235846,397.134380488437,398.27239990234375,9595825
2025-09-29,398.49201759617813,400.04932654446014,393.38084664130577,397.6335144042969,26530510
2025-09-30,400.1092337272251,402.30545434886966,396.5354170410758,397.8531494140625,29309685
2025-10-01,396.51544506843504,413.68578289613794,396.51544506843504,411.94879150390625,30579755
2025-10-03,411.94879673826716,420.873391358273,411.6892350915389,419.3759765625,23679650
2025-10-06,422.07130250014336,430.1773334721175,417.87855937496556,428.4602966308594,25764180
2025-10-07,427.661665298593,429.8778404445717,423.6086649677014,424.6468811035156,12364695
2025-10-08,424.5670085545185,425.76495261186983,421.7119522176401,422.83001708984375,4402475
2025-10-09,422.86994763844575,429.6582159116338,419.53570765694,428.1807861328125,15827485
2025-10-10,428.26063851870305,430.81622404096333,426.5835412319039,429.27886962890625,9681210
2025-10-13,426.46374053318596,430.45684660385257,426.0244964282141,429.6781921386719,10600020
2025-10-14,429.05925369589795,432.25375087682374,427.5818238833307,429.6182861328125,8022815
2025-10-15,430.25717184713756,432.4334073072979,427.5019189561206,429.1790466308594,11540535
2025-10-16,429.83789024916655,442.1566493057548,429.69814737826357,440.3197937011719,33692100
2025-10-17,440.0203387553533,441.2182828075126,437.3249798704862,440.3996887207031,16706510
2025-10-20,442.0368268502596,452.4189269358333,439.2816043963023,441.9969177246094,15207085
2025-10-21,441.99692517030456,443.19483872460165,436.62619257667416,438.6427001953125,1134020
2025-10-23,444.23305592905706,448.10637374054346,441.4378938305524,444.35284423828125,21496105
2025-10-24,446.8285814865207,446.8285814865207,432.8926496402778,436.6461486816406,16293685
2025-10-27,433.6912671732111,436.4465202022546,423.6685620728347,428.9794006347656,18599700
2025-10-28,427.6616621245238,432.8726668634206,427.6616621245238,431.4151916503906,23304345
2025-10-29,433.2520064367184,434.1105096143005,428.63997382324067,429.3587341308594,7088915
2025-10-30,429.25889349933607,429.85786549023834,424.54702721720923,426.70330810546875,12438465
2025-10-31,428.63998781695545,428.63998781695545,419.27614894935596,419.71539306640625,18931270
2025-11-03,419.7153819012876,423.10951597140115,416.8602952164107,421.97149658203125,7657265
2025-11-04,422.6103812272446,423.4888694452829,417.8785602386985,418.5973205566406,9581885
2025-11-06,413.88544344274857,420.03483034522856,413.70576098414875,415.92193603515625,11902845
2025-11-07,415.0234811753937,419.13637566744586,411.13020874189687,416.940185546875,7000945
2025-11-10,415.48270114228853,420.2344766765381,415.48270114228853,417.81866455078125,10866480
2025-11-11,419.2761547588791,419.8751267872455,414.26481740034535,416.6606750488281,10814210
2025-11-12,419.29610600196844,419.29610600196844,415.2830452341666,416.1814880371094,9035425
2025-11-13,417.1797633354703,417.1797633354703,412.2083656237895,414.32470703125,10711530
2025-11-14,412.4878765733133,416.3811489679997,411.88890455913486,415.22314453125,12202755
2025-11-17,418.2778695307826,423.24929765870917,417.7587766982812,419.8551330566406,25151640
2025-11-18,417.3993907722806,420.6737366734581,415.2830493375538,417.8985290527344,10300340
2025-11-19,419.1763088227944,421.2726956286347,417.17975576294305,420.4541015625,12464500
2025-11-20,422.231022614109,422.231022614109,417.91849125987375,419.0165710449219,36702845
2025-11-21,419.2761291233556,421.57215288256253,414.98355236832316,416.84033203125,39194210
2025-11-24,418.2778634098207,420.0747489664001,414.76394101396227,416.7405090332031,24922845
2025-11-25,418.1381045407307,418.1381045407307,412.62762890690965,413.26654052734375,15164895
2025-11-26,414.2847683954061,421.27270424785877,414.1050859279389,420.03485107421875,14896715
2025-11-27,420.07473849565287,425.3656222181128,417.5590926861503,421.3126220703125,20148975
2025-11-28,423.06957988633235,427.6217184114977,419.71538537936084,424.1477355957031,15840785
2025-12-01,426.0644107413828,431.8544328933307,424.8864517477903,428.77972412109375,16310160
2025-12-02,427.26236292000397,431.255469115518,427.14257460853577,427.7415466308594,18294165
2025-12-03,426.2840345662378,429.5983199705965,423.0895679365398,428.4802551269531,14031015
2025-12-04,428.4802595333141,428.6200024077155,423.5687255311066,426.34393310546875,12871640
2025-12-05,426.2640919682435,432.45341883855315,425.66511993805506,430.23724365234375,9658475
2025-12-08,430.99590795396324,431.03584754615895,424.46720125166354,425.58526611328125,14960235
2025-12-09,423.2692556956905,425.94462952858635,421.05308054396755,424.8066101074219,16037550
2025-12-10,425.2657883326833,430.3570045676905,424.00795019586315,425.16595458984375,10941335
2025-12-11,425.16597439476266,440.2399563162756,423.0895725858904,435.28851318359375,24978600
2025-12-12,435.58796372715665,439.44132685339974,434.19038272216477,434.5697326660156,14312745
2025-12-15,432.67301605831847,436.36662084660577,430.5566442778355,435.50811767578125,13779900
2025-12-16,434.8492644609115,438.0437310918794,433.5514866872522,435.7277526855469,8544595
2025-12-17,436.84582020539585,437.88403633768615,431.95427125005875,433.89093017578125,8060720
2025-12-18,433.89092601189697,435.0289454153279,431.2355067839153,432.17388916015625,5633400
2025-12-19,432.95255573324937,434.74944135307834,430.51675849260295,431.1556396484375,11504670
2025-12-22,433.25200532016913,434.44994931810686,428.6799123091702,429.1990051269531,9041130
2025-12-23,429.75803255956146,433.431682762064,429.1990001576581,431.7945251464844,8070815
2025-12-24,432.85270479082646,434.8891974200609,431.4750783200202,431.9941711425781,7791790
2025-12-26,431.6547805324864,433.9707894744504,429.8379098729294,432.0940246582031,3691745
2025-12-29,433.371809768569,435.6079394853607,430.3370405350784,430.9759521484375,4858980
2025-12-30,431.1955546423937,432.2537252971466,427.0427207389374,429.7979736328125,28360690
2025-12-31,430.8561647311619,440.3198069200647,430.39696604872137,439.4613037109375,14284445
2026-01-01,441.23822328745234,443.41445879659574,437.0454497037056,442.7955322265625,6734875
2026-01-02,442.79555083555135,444.812058529919,435.34841618914203,438.26336669921875,12238470
2026-01-05,438.6227487151993,440.5793621931248,435.6478736742348,437.4248046875,10914245
2026-01-06,439.6609766519108,444.83204192925524,426.2640917910288,428.5401611328125,26541035
2026-01-07,428.5401578343537,429.35875192013754,421.11297783622985,428.06097412109375,10561315
2026-01-08,427.282312232926,427.8613296845505,422.9897353114908,425.8647766113281,11484710
2026-01-09,425.8647757088061,425.8647757088061,422.4706415845176,424.62689208984375,10319615
2026-01-12,424.6269048044945,427.14258124433906,420.47410110582933,425.9246826171875,12720435
2026-01-13,424.6468622241772,428.1408299723652,423.2692357804946,425.7848815917969,12717650
2026-01-14,425.26579665231594,426.86304517405335,418.07819353698835,420.2744140625,10818517
2026-01-15,420.2744140625,420.2744140625,420.2744140625,420.2744140625,0
2026-01-16,423.26923961026824,426.8630411339177,416.3811377945125,417.479248046875,17993251
2026-01-19,418.2778670921923,429.65821346900736,414.2847609624339,426.16424560546875,22228439
2026-01-20,427.26235367872204,430.2571832605823,421.77183277864503,423.069580078125,18805991
2026-01-21,421.3725208231926,424.7666548630621,415.68233253210144,420.8733825683594,16386060
2026-01-22,423.0695875208091,429.05924678990016,419.57561961383925,425.26580810546875,10087657
2026-01-23,428.26064647030415,429.05925553647,419.6754619165975,422.0713195800781,10548118
2026-01-27,414.28476603165916,414.28476603165916,399.80975613416746,407.9956359863281,47613963
2026-01-28,408.59457613120605,413.4861555551203,405.59974650757647,411.6892395019531,14823671
2026-01-29,406.2985522724163,413.88546007860776,406.2985522724163,411.6892395019531,26085514
2026-01-30,409.29336697447536,411.78905823651485,404.70128895932646,407.29681396484375,20681886
2026-02-02,407.9956287419803,410.14191718188175,404.40182715203855,407.4964904785156,15422034
2026-02-03,414.28476497574223,424.2675303968445,409.5928530418313,415.0833740234375,35396945
2026-02-04,415.98185236595316,417.92847336786326,409.8923592916805,411.63934326171875,14948177
2026-02-05,410.29165442230504,413.23658237604917,403.40355244835763,408.0455322265625,24814864
2026-02-06,410.291656059999,423.91812467556457,409.59285029920807,421.6221008300781,21228778
2026-02-09,429.2589181717522,434.1504671928058,423.46892634519605,428.06097412109375,22538542
2026-02-10,430.05750386079467,433.1521671026884,427.4620093337042,428.5600891113281,18428055
2026-02-11,430.9559807296188,430.9559807296188,427.01277633666,428.8096618652344,12299205
2026-02-12,428.6599459093862,430.30709612939364,424.3673689160354,425.515380859375,14003384
2026-02-13,425.2658038652311,428.1607997234299,418.8269080291661,419.9250183105469,23233320
2026-02-16,418.2778545856067,425.9645958415494,417.52914720866346,424.8664855957031,12403028
2026-02-17,422.91983585766116,424.76665348755984,419.8751046990307,423.7184753417969,6427007
2026-02-18,424.96633020713955,426.66338202595625,420.62382121681645,425.6152038574219,7333331
2026-02-19,424.9663325714642,425.2159017048829,415.13330262176845,415.6823425292969,6473423
2026-02-20,414.2847479397285,422.67026445563283,414.2847479397285,420.6238098144531,6603883
2026-02-23,422.2709613667453,431.05578241958824,419.6255347230468,429.95770263671875,10399627
2026-02-24,430.1573572910767,431.7047042153327,425.066140816881,426.962890625,15016915
2026-02-25,424.76666075154463,429.40864049284835,420.6737209121761,424.2176208496094,10192468
2026-02-26,425.9646173005251,425.9646173005251,420.9732345361176,423.81829833984375,13417228
2026-02-27,419.7752895678544,421.6221072796393,413.73572862213393,414.48443603515625,17806739
2026-03-02,409.29336774212993,413.8854457658916,406.39837196573063,412.3880310058594,15236666
2026-03-04,404.3019963799578,409.7925173184511,401.50683426999046,402.65484619140625,18393751
2026-03-05,402.9044175427905,409.3432829452956,401.65657186808227,406.5980224609375,14963265
2026-03-06,403.00423410756787,405.99906359918225,398.3123223847129,399.1109313964844,17512726
2026-03-09,389.32784630420565,393.1712170337948,384.4362974051748,385.68414306640625,20275976
2026-03-10,389.8269727333991,393.57050960343815,386.83214323736786,391.1746520996094,21346381
2026-03-11,388.17983764186386,390.4259598509032,379.29518255243795,382.5395812988281,29991868
2026-03-12,376.3502500034559,379.49481496486504,373.4053220680992,374.6531677246094,25048123
2026-03-13,372.35713734889805,372.956109346477,362.77367678257895,366.2177429199219,32179473
2026-03-16,366.2177558208054,372.70655334903427,363.42256322196357,369.21258544921875,27927294
2026-03-17,369.2125752937637,374.50342863910555,367.964729649581,373.5550842285156,15176772
2026-03-18,374.35368621702094,376.30033757134186,370.4604139733601,374.75299072265625,15235416
2026-03-19,365.51894984522363,369.5120560141513,362.7237877129672,367.5155029296875,17308390
2026-03-20,367.96473760820606,371.95784375595656,364.7702405040128,366.117919921875,17077194
2026-03-23,364.22119934703227,364.27110098771533,354.6377385322632,355.93548583984375,16980244
2026-03-24,362.3743722725201,370.3106826942331,360.77712376730335,366.2177429199219,19990983
2026-03-25,368.3141302991329,377.34852052247476,362.374372882694,370.4604187011719,42442702
2026-03-27,366.91653248814987,368.2143102776179,361.875248114207,365.5189514160156,28928069
2026-03-30,360.37783188924624,362.3244833333667,351.043940122664,352.7909240722656,39762775
2026-04-01,363.1729833091824,363.42255243747763,354.388162179184,355.43634033203125,21245776
2026-04-02,349.69625418438636,359.22981326793473,344.9045390549985,357.38299560546875,22056018
2026-04-06,357.38299591468177,360.77713000635,349.4966174609575,359.9285888671875,18320378
2026-04-07,356.3847356284031,363.3726716211169,356.3847356284031,362.3244934082031,23655155
2026-04-08,376.35024707477993,380.4930885291585,368.8132715541026,379.49481201171875,30162218
2026-04-09,376.3502495688028,378.0473318456893,368.8132739981789,371.259033203125,12422256
2026-04-10,372.8562713278809,378.4965274383721,371.7082594502558,373.9044494628906,23751660
2026-04-13,367.3158592120961,372.35714347258204,364.9699032875701,371.259033203125,30027087
2026-04-15,374.8528343640066,382.3399082860573,374.8528343640066,381.7409362792969,19100372
2026-04-16,382.489657752434,385.7839886784025,377.59810870294694,378.4965515136719,12060624
2026-04-17,378.6462660418718,384.5361217915114,376.0008393974469,382.9388732910156,11626179
2026-04-20,383.43802725185,385.3347465954633,377.34853423079045,378.5464782714844,11146713
2026-04-21,380.79258824495815,382.4896400388497,377.6979249602387,381.4913635253906,12323488
2026-04-22,377.4483767167286,382.1402583106071,375.6015589716455,376.2005310058594,14471487
2026-04-23,369.4122243125531,375.30208031632253,367.0163666909259,369.7616271972656,27628052
2026-04-24,369.96127682238074,372.1574668423793,367.0163489627464,370.2108459472656,19678907
2026-04-27,374.35368821303865,379.7943073343939,372.60670433471114,376.15057373046875,11559552
2026-04-28,371.35885715448444,382.5894677539144,371.35885715448444,377.2986145019531,12852733
2026-04-29,377.3485380642077,385.3846521518042,376.89930142813813,381.3416442871094,7913344
2026-04-30,375.95093944683924,386.18327366584316,374.65316170592797,382.6393737792969,24812228
2026-05-01,382.6393737792969,382.6393737792969,382.6393737792969,382.6393737792969,0
2026-05-04,378.24696517794484,381.39153010501576,362.37437469345906,371.00946044921875,74467483
2026-05-05,370.3605885804022,374.8528329162831,368.11446641246175,370.7099914550781,19084772
2026-05-06,373.35543310528345,379.3450924599137,365.01981774375986,375.9509582519531,36195481
2026-05-07,375.4518237751584,381.79088608267705,373.65490767157956,378.7461242675781,27286751
2026-05-08,378.3467912544696,380.8424824896574,373.35540878409404,380.1436767578125,16183126
2026-05-11,375.4517990978753,385.3347303905433,373.7547168557587,380.39324951171875,21347878
2026-05-12,379.54476351967634,380.3932742308924,373.90447653581367,375.35198974609375,13065308
2026-05-13,377.2486841158025,383.33817687266134,376.2005059744088,376.9991149902344,16267456
2026-05-14,377.348531118611,384.3364668800667,374.95267352196544,382.5395812988281,10652514
2026-05-15,382.5395941444389,392.6221631382673,379.84423521708914,386.3829345703125,19461437
2026-05-18,381.3416277070331,392.322669342576,379.644545450093,391.1247253417969,14575831
2026-05-19,387.8304473935137,391.12474788808305,379.594665692107,381.291748046875,22567886
2026-05-20,375.6514488191217,383.3880919835906,375.6514488191217,382.5395812988281,12342444
2026-05-21,384.03700488284875,385.7839888631438,377.2487059947126,380.1936340332031,10133840
2026-05-22,380.3433501270712,385.63420344153394,380.3433501270712,383.4879150390625,10348359
2026-05-25,387.63076659912866,394.46896696119046,386.58258842271005,392.1729431152344,15571552
2026-05-26,392.17293714604006,394.26932393195074,386.3330134084967,387.98016357421875,15059212
2026-05-27,387.88032448404437,389.8269758580605,386.03353731867367,388.03009033203125,9326451
2026-05-28,388.03009033203125,388.03009033203125,388.03009033203125,388.03009033203125,0
2026-05-29,388.1798214084353,391.8734261631799,380.5929139488522,383.537841796875,40109830
2026-06-01,383.4879085617731,386.33300265884606,375.0025583741757,376.7495422363281,12335552
2026-06-02,372.3571373134064,380.8923892669035,371.5585282933648,378.3966979980469,14834956
2026-06-03,376.9492192040528,382.7891429260207,374.45352790962045,380.3433532714844,14844206
2026-06-04,377.84766916897473,383.33819012123195,377.2486971539139,380.8424987792969,13889236
2026-06-05,380.8425073910831,383.0387280076408,374.0043068665559,376.79949951171875,10129597
2026-06-08,372.3571335100725,378.24695875141794,372.0576627468611,376.4500732421875,14460894
2026-06-09,379.0456221721567,381.7908827132733,376.64973405519595,381.04217529296875,13987913
2026-06-10,379.8442142140513,390.52578511775835,379.8442142140513,387.4311218261719,21427363
2026-06-11,385.3347498578859,399.2107878659894,383.8872366685407,392.6720886230469,16135289
2026-06-12,397.0644967807851,403.80286347662496,394.26933463368897,402.60491943359375,17227481
2026-06-15,407.29681182128,410.2916413199659,401.7563894347036,405.0506896972656,14269679
2026-06-16,405.05070789032584,407.84587002865305,403.8028622098258,407.1470947265625,9079548
2026-06-17,407.14708891430837,408.04553169844615,401.85620502552894,403.8028564453125,11654415
2026-06-18,403.2538307645823,403.5533015481981,398.96122325452933,402.25555419921875,9342524
2026-06-19,401.8063190152067,402.85449722664447,397.3140744547883,398.5619201660156,17504009
2026-06-22,398.56191327270693,402.405284089811,398.0627749968488,401.4569091796875,7158956
2026-06-23,397.31406041682766,404.30199615280196,397.31406041682766,400.957763671875,10077909
2026-06-24,400.95775888820594,407.2469192545386,399.51027621058415,405.2503662109375,11768059
2026-06-25,408.79424325061603,413.08682018788966,406.4982193939315,408.29510498046875,16587414
2026-06-26,408.29510498046875,408.29510498046875,408.29510498046875,408.29510498046875,0
2026-06-29,401.8062949391593,404.1522508286948,393.42077835516443,394.818359375,37210245
2026-06-30,394.81837337924236,396.3157881961042,389.2280186366283,391.573974609375,24824891
2026-07-01,396.6651937755247,400.7082016225359,392.572253821956,399.7598571777344,21723944
2026-07-02,399.7598588170068,404.3020049583232,396.61526329534473,398.61181640625,12980945
2026-07-03,399.31062194785756,400.75813513841166,393.8700025378249,396.06622314453125,14747410
2026-07-06,389.07827098745855,389.07827098745855,380.0438807297398,380.642822265625,34164881
2026-07-07,380.8425077948944,382.2400888864662,377.9974135047407,381.04217529296875,23216875
2026-07-08,377.8476751518066,381.09207394769396,368.4638816505443,369.462158203125,22517529
2026-07-09,370.8597435066903,377.29863953014825,367.7650800654548,376.5,30720415
2026-07-10,376.79948336551075,380.4930881978325,376.25041300240804,376.94921875,15468937
2026-07-13,375.15230717775006,384.48619881106305,374.4535318868759,383.987060546875,14167721
2026-07-14,382.8390533207743,382.8390533207743,375.4518130133178,377.9974060058594,16237528
2026-07-15,378.69620814243245,382.1402438955259,375.6015448032169,377.7478332519531,8082156
2026-07-16,376.8494028903784,380.5929400051835,375.9010279686346,376.5,10889356
2026-07-17,377.5,391.79998779296875,375.70001220703125,389.95001220703125,17847316
2026-07-20,382.0,383.75,376.1000061035156,382.04998779296875,32539419
2026-07-21,383.0,386.95001220703125,381.04998779296875,385.95001220703125,17152911
2026-07-22,384.29998779296875,390.0,378.1499938964844,381.1499938964844,11688952
2026-07-23,379.70001220703125,386.1000061035156,378.8500061035156,383.3500061035156,12720546
2026-07-24,378.6000061035156,386.5,378.6000061035156,384.75,13308317
2026-07-27,386.0,388.75,383.54998779296875,384.6499938964844,16710096
2026-07-28,383.04998779296875,387.29998779296875,383.04998779296875,385.29998779296875,14247981
2026-07-29,387.0,392.25,385.1499938964844,390.20001220703125,9190194
2026-07-30,385.70001220703125,390.20001220703125,385.70001220703125,389.3999938964844,12205963
2026-07-31,390.20001220703125,391.8500061035156,388.0,390.29998779296875,7014637
2026-08-03,392.0,397.5,391.04998779296875,397.5,11247062
2026-08-04,395.5,398.25,392.1000061035156,398.0,9131231
2026-08-05,397.0,400.0,393.8500061035156,400.0,11842327
2026-08-06,397.25,398.79998779296875,393.75,394.0,10378024
2026-08-07,393.0,394.8500061035156,387.75,390.75,7315232
2026-08-10,388.0,393.5,386.5,393.5,11662079
2026-08-11,392.1000061035156,392.8999938964844,388.29998779296875,392.8999938964844,7853813
2026-08-12,391.0,394.25,387.5,390.5,10733474
2026-08-13,390.3999938964844,392.3999938964844,388.54998779296875,392.3999938964844,5726518
2026-08-14,393.1000061035156,394.3500061035156,389.8500061035156,391.1499938964844,9519332
2026-08-17,389.0,396.3500061035156,389.0,392.70001220703125,5105327
2026-08-18,391.0,392.8999938964844,387.6499938964844,387.6499938964844,5653147
2026-08-19,387.0,393.1000061035156,386.75,390.25,6704930
2026-08-20,393.6000061035156,399.54998779296875,393.1499938964844,397.3500061035156,9258923
2026-08-21,398.8999938964844,406.0,398.29998779296875,402.79998779296875,15670257
2026-08-24,403.5,405.6000061035156,398.20001220703125,401.45001220703125,14932117
2026-08-25,398.29998779296875,402.04998779296875,398.1499938964844,401.6000061035156,10154716
2026-08-26,402.5,417.45001220703125,401.0,416.70001220703125,20168995
2026-08-27,415.75,427.70001220703125,415.0,424.20001220703125,32914085
2026-08-28,424.6000061035156,426.20001220703125,421.0,423.70001220703125,18952918
2026-08-31,421.0,425.04998779296875,419.3999938964844,419.3999938964844,18992797
2026-09-01,420.79998779296875,429.1000061035156,420.75,425.0,7669677
2026-09-02,421.8999938964844,425.75,418.95001220703125,423.5,10022695
2026-09-03,425.0,426.8999938964844,421.1499938964844,421.1499938964844,5991118
2026-09-04,421.6499938964844,425.95001220703125,421.6499938964844,424.5,9408316
2026-09-07,421.79998779296875,425.70001220703125,421.0,422.1000061035156,7148641
2026-09-08,422.29998779296875,423.8500061035156,419.0,419.25,12406799
2026-09-09,418.20001220703125,420.6499938964844,413.95001220703125,414.0,10886349
2026-09-10,413.70001220703125,416.54998779296875,412.79998779296875,416.54998779296875,7755254
2026-09-11,412.6000061035156,420.0,409.25,419.0,15197483
2026-09-14,419.0,419.0,419.0,419.0,0
2026-09-15,420.5,420.5,409.79998779296875,409.79998779296875,14367343
2026-09-16,413.6000061035156,417.04998779296875,409.3500061035156,415.0,10898426
2026-09-17,415.0,417.6000061035156,412.5,416.5,11475105
2026-09-18,415.5,419.20001220703125,412.5,412.5,15461137
2026-09-21,415.20001220703125,420.6000061035156,414.54998779296875,414.79998779296875,8470861
2026-09-22,416.5,417.79998779296875,412.54998779296875,412.6499938964844,3795161
2026-09-23,414.6499938964844,417.25,411.3500061035156,413.25,8628172
2026-09-24,407.0,410.0,404.29998779296875,405.0,12799846
2026-09-25,406.8999938964844,407.95001220703125,399.29998779296875,404.0,18175573
2026-09-28,402.0,403.70001220703125,395.75,401.54998779296875,15062655
2026-09-29,401.25,409.25,394.70001220703125,406.0,32613940
2026-09-30,406.1000061035156,419.1499938964844,405.95001220703125,417.0,32537029
2026-10-01,426.0,435.6000061035156,416.04998779296875,418.3500061035156,76637247
