Date,open,high,low,close,volume
2016-10-03,5152.841195397762,5206.545069364988,5126.262151179442,5171.0458984375,840940
2016-10-04,5202.130910680874,5204.679836056518,5142.829172913458,5170.13623046875,464913
2016-10-05,5194.712262611743,5249.326374361647,5163.764265953464,5178.51025390625,644731
2016-10-06,5188.339916487402,5229.846724709445,5188.339916487402,5197.85205078125,416860
2016-10-07,5196.943596309334,5204.043254531494,5158.576819273539,5173.595703125,309473
2016-10-10,5211.005305004806,5219.652539234575,5184.654263154028,5199.58203125,205840
2016-10-13,5179.239519143002,5236.402125510659,5145.196803460957,5205.2265625,441169
2016-10-14,5243.137841451024,5249.281930064228,5160.215312166353,5179.64892578125,352350
2016-10-17,5187.431449337431,5187.431449337431,5074.198256547034,5096.4990234375,400595
2016-10-18,5116.433062593407,5138.597382950251,5079.204524502604,5121.62158203125,487798
2016-10-19,5127.99281909644,5140.917893765857,5090.991398361998,5101.5048828125,384608
2016-10-20,5110.970814630808,5173.321927863614,5110.970814630808,5137.82275390625,311728
2016-10-21,5143.283634947946,5161.033220096426,5111.880522762174,5143.0107421875,224567
2016-10-24,5157.392983991632,5232.032275323667,5157.392983991632,5200.9931640625,412403
2016-10-25,5219.288654024649,5278.453942219906,5211.68810118941,5262.4794921875,339506
2016-10-26,5276.269664062767,5368.567428211027,5265.710846422649,5342.26171875,590811
2016-10-27,5367.658476333172,5414.080484522588,5269.444159661822,5334.1162109375,1864862
2016-10-28,5390.413577628382,5396.375441207969,5339.212840758812,5348.67919921875,935542
2016-11-01,5387.6826357169075,5437.745576241393,5329.609802488833,5350.4541015625,1163831
2016-11-02,5283.916065528074,5338.43907264568,5265.711359014627,5274.44970703125,522312
2016-11-03,5279.273275413225,5333.88738977006,5261.159683041702,5284.416015625,585730
2016-11-04,5269.352069789164,5269.352069789164,5158.576257720816,5192.755859375,679821
2016-11-07,5245.685273596209,5265.574000908725,5195.622339352275,5202.85888671875,532212
2016-11-08,5213.645682414639,5216.55861321579,5080.478433024591,5160.1240234375,684050
2016-11-09,4828.798145220332,5054.536493950707,4828.798145220332,4908.853515625,1299603
2016-11-10,5011.299609549108,5021.9948725428785,4828.79746229371,4850.18798828125,942971
2016-11-11,4815.144633200139,4817.830005057583,4644.930635769435,4673.37548828125,1058491
2016-11-15,4643.929275384104,4659.539721509777,4374.954750767187,4411.54638671875,2793900
2016-11-16,4481.998222901945,4559.73222179323,4461.563264434352,4542.8017578125,1952224
2016-11-17,4578.4839305494725,4594.8681672790735,4474.989990760483,4483.40966796875,668715
2016-11-18,4492.0112342463,4541.983063645925,4449.139062451776,4506.48388671875,699355
2016-11-21,4542.074541204634,4542.074541204634,4337.544473763229,4357.70654296875,864696
2016-11-22,4396.436158749126,4511.125797673017,4392.385434197289,4491.60107421875,845997
2016-11-23,4501.113675086017,4501.113675086017,4423.743672582011,4442.72216796875,757744
2016-11-24,4425.5638358386705,4445.49789915025,4372.770190738168,4396.57275390625,550368
2016-11-25,4413.7306827792,4464.703856265616,4362.257057690647,4436.12255859375,669501
2016-11-28,4429.204352849617,4471.985405990581,4399.166592133621,4454.46337890625,1387068
2016-11-29,4458.332893784395,4659.4949128792,4456.512423023356,4631.4140625,874897
2016-11-30,4651.803054551593,4807.863081894761,4642.291361887419,4793.29931640625,1270618
2016-12-01,4793.298665033639,4831.073426636164,4737.0916402395205,4780.646484375,1221883
2016-12-02,4751.428226241632,4766.174215758574,4593.047285366911,4613.16357421875,772281
2016-12-05,4609.3397374666265,4751.336422415314,4601.238733433424,4735.908203125,578935
2016-12-06,4751.4280058078,4788.747651064145,4658.629344274202,4674.240234375,646660
2016-12-07,4688.576806947198,4742.098466069765,4583.080177627231,4657.35546875,590462
2016-12-08,4707.736954968634,4796.848901633656,4705.916484375065,4764.7177734375,845955
2016-12-09,4815.143988404369,4835.624279470361,4734.315284110891,4765.0810546875,562518
2016-12-12,4758.710511876205,4758.710511876205,4660.450425955645,4682.61474609375,357439
2016-12-13,4713.880911466862,4739.595057882298,4673.193217057509,4699.68115234375,484291
2016-12-14,4714.973449608171,4746.649459794831,4669.689244109385,4679.56494140625,371699
2016-12-15,4642.154732773899,4730.492891558067,4623.995360614774,4689.57763671875,457317
2016-12-16,4710.012349813271,4739.594995744073,4688.804046049359,4722.89208984375,1170505
2016-12-19,4710.4672161710305,4729.081704013315,4645.885850180603,4655.8984375,369118
2016-12-20,4674.877409689344,4685.43622810764,4616.713462644381,4649.48193359375,377676
2016-12-21,4659.857352279895,4696.812985200883,4618.122985216987,4676.6513671875,413072
2016-12-22,4682.250109600147,4682.250109600147,4599.418702140269,4628.0,399573
2016-12-23,4596.688356364191,4745.966948531266,4588.496238501364,4730.62939453125,589006
2016-12-26,4714.108057342087,4785.834412660552,4688.712584386356,4703.50390625,510998
2016-12-27,4719.56967364044,4767.265910863831,4657.855902747118,4755.06884765625,486703
2016-12-28,4778.7348790322585,4804.2214650537635,4750.927370992681,4761.66796875,595514
2016-12-29,4748.879654440707,4868.848485903621,4748.879654440707,4837.71826171875,655325
2016-12-30,4867.028128848868,4895.154310611672,4826.977775815512,4842.0419921875,559886
2017-01-02,4842.495744749691,4982.808831667664,4794.93596392955,4975.3447265625,651321
2017-01-03,4975.3460543170795,5028.32192554074,4944.944284770692,5013.93994140625,631753
2017-01-04,5033.601118099877,5056.084107384196,5000.8326478916315,5008.2509765625,679443
2017-01-05,5029.140459838141,5142.737632023321,5029.140459838141,5129.1298828125,744210
2017-01-06,5142.828972389899,5149.473511688954,5094.586505923233,5111.47119140625,544695
2017-01-09,5138.096004953609,5170.136465052576,5106.966224598613,5150.56640625,345094
2017-01-10,5170.135864512527,5182.606264360412,5134.636692203375,5165.4482421875,410444
2017-01-11,5180.147899132748,5254.696064141561,5180.147899132748,5245.09326171875,539326
2017-01-12,5252.057240809319,5274.8131214020805,5226.570654545427,5258.74755859375,421634
2017-01-13,5272.082005548732,5273.902475854516,5173.457937842764,5187.88525390625,1086873
2017-01-16,5186.4751719981705,5211.279082806871,5152.841801396507,5167.314453125,290142
2017-01-17,5179.238238518514,5205.543946657038,5149.245811184744,5160.4873046875,343048
2017-01-18,5174.687463332415,5205.635462233611,5156.4827580964175,5174.18701171875,308483
2017-01-19,5165.5846728865345,5213.8271376729635,5165.5846728865345,5205.04345703125,239027
2017-01-20,5203.814749513566,5232.9422765355075,5135.547108055894,5160.078125,444280
2017-01-23,5160.07819415059,5199.9463195158305,5137.185422514363,5188.3408203125,297515
2017-01-24,5191.982644109433,5229.984971492247,5178.283779324241,5222.20263671875,301613
2017-01-25,5246.505527217442,5310.3131151428415,5195.6687932328705,5281.68603515625,1148793
2017-01-27,5317.59405891317,5395.601393634403,5302.165394433339,5384.8603515625,576906
2017-01-30,5384.951778278184,5405.887189180888,5356.734485322365,5365.79150390625,323448
2017-01-31,5360.375073810679,5402.154780452517,5348.08689865421,5365.15380859375,374637
2017-02-01,5370.388017323111,5646.64441787524,5357.644723722683,5624.52587890625,1212008
2017-02-02,5616.151645125583,5660.161609549267,5579.742234136114,5592.80419921875,745214
2017-02-03,5596.035403397636,5603.999962118096,5549.294732759398,5566.49853515625,304078
2017-02-06,5604.318856451494,5631.625916008672,5575.191326257171,5597.67431640625,322223
2017-02-07,5612.510837325459,5672.131249236717,5592.485660805647,5655.47412109375,456427
2017-02-08,5661.390527536366,5674.315601793337,5611.736926528336,5638.5888671875,410369
2017-02-09,5639.363104761628,5647.100105228173,5562.994447870264,5604.41015625,511610
2017-02-10,5616.151535306914,5619.564917520432,5549.158131506122,5563.58544921875,284471
2017-02-13,5545.152495212866,5588.752669704313,5463.231332282931,5481.43603515625,404675
2017-02-14,5502.372283897829,5502.372283897829,5395.965868240821,5406.6611328125,439745
2017-02-15,5415.899389596404,5426.639987076133,5317.77621372991,5336.43603515625,609791
2017-02-16,5333.978774023409,5495.95532088863,5333.978774023409,5483.7578125,576390
2017-02-17,5496.000393412965,5512.24818137938,5420.496202278288,5452.08154296875,326378
2017-02-20,5452.081953062525,5571.32277878166,5381.584050458167,5546.2001953125,504439
2017-02-21,5526.12961481647,5543.924537138568,5500.551914014372,5518.89306640625,287864
2017-02-22,5527.859133348856,5567.135698765291,5497.82136759873,5533.912109375,431264
2017-02-23,5543.333280168349,5545.244863293061,5475.110962921896,5489.62939453125,461009
2017-02-27,5465.963215680921,5507.788707326463,5406.797918591952,5417.265625,394395
2017-02-28,5412.5320750574265,5461.411889246518,5383.859662638882,5390.86865234375,558820
2017-03-01,5425.00242136223,5460.319373439087,5356.871219848076,5388.22900390625,559896
2017-03-02,5416.810165984689,5460.319234706472,5370.615725399288,5387.455078125,473769
2017-03-03,5392.233330723749,5396.739172749011,5347.631805874751,5359.2373046875,362057
2017-03-06,5393.598587132597,5438.473003959601,5381.310412138707,5402.109375,361209
2017-03-07,5398.605409295528,5419.540820594432,5353.09364560226,5359.92041015625,373103
2017-03-08,5365.836705238289,5374.847945166087,5279.364357995263,5337.755859375,639968
2017-03-09,5355.824013427325,5438.655418121732,5337.755755491189,5429.0068359375,598391
2017-03-10,5458.681211937065,5469.057805690899,5403.202191424102,5420.99755859375,443986
2017-03-14,5516.026294762665,5592.850070439815,5470.514526654062,5581.92724609375,875005
2017-03-15,5566.088283167557,5615.05875945665,5545.6079910381595,5586.43212890625,384040
2017-03-16,5606.685102219145,5630.988116582478,5581.289627781836,5602.90771484375,252721
2017-03-17,5611.600561642491,5667.852924772056,5597.947032295429,5636.72314453125,1048024
2017-03-20,5661.663807940538,5661.663807940538,5598.948681980692,5606.04833984375,207710
2017-03-21,5611.37229542017,5643.958536906831,5508.606833046618,5530.86181640625,532134
2017-03-22,5503.646559572528,5510.018206592115,5440.840324665157,5466.69091796875,462793
2017-03-23,5475.884045342687,5524.217625070089,5475.884045342687,5493.08740234375,447530
2017-03-24,5504.192594964043,5504.192594964043,5454.220768282264,5465.64404296875,573292
2017-03-27,5440.476435195994,5479.616553434814,5430.145175561394,5448.486328125,340512
2017-03-28,5435.196128631868,5506.012243217637,5427.322239279932,5437.97216796875,505962
2017-03-29,5469.512438756713,5469.512438756713,5397.103403274321,5410.57470703125,494597
2017-03-30,5429.553113557317,5462.230469223186,5402.291390806164,5421.9072265625,898999
2017-03-31,5417.720470701909,5498.731411880079,5406.888759591847,5475.70263671875,501939
2017-04-03,5547.884142326586,5547.884142326586,5488.7188479457445,5526.94873046875,378716
2017-04-05,5561.536640148554,5788.185187349371,5526.08280408122,5773.0751953125,1076674
2017-04-06,5766.340133434233,5767.25036865656,5698.072491759795,5726.88134765625,505863
2017-04-07,5688.9696812167485,5767.249904030291,5676.27172310797,5697.48046875,467235
2017-04-10,5718.09792278834,5741.581814795972,5684.464552036505,5706.12841796875,318486
2017-04-11,5711.544125862815,5739.033408948494,5670.76576332262,5686.9677734375,373105
2017-04-12,5701.623612311051,5701.623612311051,5576.739578177805,5602.0439453125,415372
2017-04-13,5602.497702777763,5620.702406929762,5522.305892098049,5532.3642578125,386820
2017-04-17,5525.67406038604,5586.568708209397,5480.5263042165025,5566.5888671875,342286
2017-04-18,5570.6400417602745,5674.725537313069,5570.6400417602745,5586.25048828125,453391
2017-04-19,5581.471063226475,5663.802013802973,5564.995717425198,5640.68212890625,366504
2017-04-20,5643.459031541404,5737.349716700187,5632.536207609389,5710.361328125,466934
2017-04-21,5719.826876734394,5729.975910310654,5622.522822874783,5630.53271484375,294827
2017-04-24,5664.576743201881,5766.340876389231,5643.459105542736,5751.185546875,426893
2017-04-25,5759.696026457528,5779.9940956588025,5718.553213539595,5768.34326171875,384281
2017-04-26,5766.340152309792,5848.0337637809525,5744.494506902462,5831.23974609375,540500
2017-04-27,5861.004722364409,5871.017310024917,5753.005399807366,5801.884765625,1087684
2017-04-28,5834.607352614437,5998.26745595739,5816.903101041879,5939.14794921875,949573
2017-05-02,6076.729607167158,6125.88230321075,6023.935970675891,6103.58154296875,888539
2017-05-03,6112.047505544152,6112.184396392893,6035.861081457762,6047.60302734375,370021
2017-05-04,6063.987185319353,6086.6977323992405,6031.218716590518,6043.77978515625,372533
2017-05-05,6030.808979847829,6077.094531177394,6009.373117501347,6056.841796875,337498
2017-05-08,6087.653546122846,6101.8986393494315,6018.9761165400405,6035.3603515625,208481
2017-05-09,6067.628469317452,6067.628469317452,6021.206469327175,6034.22265625,215203
2017-05-10,6048.51414444849,6147.729801595952,6040.230913539583,6132.9384765625,295859
2017-05-11,6143.177644552911,6179.951059417372,6108.679817792078,6155.4658203125,259056
2017-05-12,6187.779694778883,6187.779694778883,6090.384515705429,6126.06591796875,256491
2017-05-15,6152.643832452189,6225.189756974964,6129.023495258587,6211.35400390625,336356
2017-05-16,6235.111819594445,6351.212154600867,6216.9071135518325,6329.73095703125,707624
2017-05-17,6326.135014231887,6352.53183659343,6267.743511587807,6333.59912109375,445461
2017-05-18,6297.2808244862845,6324.314991218721,6202.753242246428,6217.86279296875,406814
2017-05-19,6239.479678229379,6275.069961198128,6090.883791187659,6180.9970703125,552223
2017-05-22,6193.195581880647,6229.6049934965495,6088.79141629172,6100.1240234375,327493
2017-05-23,6157.742174570562,6289.726301002599,6138.308560857467,6261.37255859375,956457
2017-05-24,6283.353993373963,6292.046562317776,6201.432820057484,6252.99755859375,433647
2017-05-25,6262.373477211632,6388.031281536767,6221.458223041293,6358.630859375,435721
2017-05-26,6345.3869214687375,6449.062636496125,6313.574463407736,6430.63037109375,373937
2017-05-29,6417.158772554549,6551.691370176143,6394.903342009828,6494.0283203125,427378
2017-05-30,6494.027858131838,6559.7012405166015,6448.24275978945,6505.90625,403698
2017-05-31,6497.2593681474045,6597.3852480151845,6494.483328349579,6563.70654296875,650259
2017-06-01,6591.923757315491,6594.654463097311,6471.863815331597,6505.08740234375,649217
2017-06-02,6537.309927467791,6542.4984464603995,6462.670632835048,6476.05126953125,310268
2017-06-05,6498.8974379830415,6519.013725829528,6454.569248129857,6486.0634765625,296147
2017-06-06,6493.619124290339,6512.096724505941,6449.062925184789,6473.68505859375,324579
2017-06-07,6494.528030718952,6576.449197189128,6469.587675594854,6558.8818359375,518152
2017-06-08,6552.784092733766,6621.916643321872,6551.8738574104245,6598.7509765625,426525
2017-06-09,6618.321294598585,6809.379607542583,6581.001644883478,6794.7705078125,1122640
2017-06-12,6776.702217401425,6781.253394176039,6695.236153135819,6711.7568359375,454342
2017-06-13,6730.825587270629,6785.8037068166495,6676.575478135496,6689.2734375,607567
2017-06-14,6683.857842171512,6728.869155767639,6673.708807414639,6691.18505859375,277472
2017-06-15,6688.727333593041,6729.369248891028,6619.367229292294,6655.9130859375,388150
2017-06-16,6673.845513991999,6699.3774375029125,6599.206216099562,6611.8583984375,547028
2017-06-19,6657.46068222036,6664.879010688701,6585.552096782103,6598.52294921875,372747
2017-06-20,6612.8595463362635,6629.835346026849,6544.864790701652,6560.29345703125,757716
2017-06-21,6571.898456152034,6630.60862934065,6511.185587647981,6615.77197265625,460423
2017-06-22,6636.525077097126,6692.049426254022,6633.794371400886,6659.3720703125,436033
2017-06-23,6664.060111929676,6673.526470048433,6558.2452595462955,6571.125,355854
2017-06-27,6589.649179611244,6614.862877976613,6512.825400726133,6538.53955078125,365667
2017-06-28,6566.392348847634,6666.563569320119,6558.245564848642,6576.49560546875,637214
2017-06-29,6603.665908733838,6635.61525626528,6558.245256706631,6575.8583984375,543979
2017-06-30,6567.1659180635215,6584.2786095554975,6514.690938285761,6569.71484375,367886
2017-07-03,6589.101949634259,6703.8827050701575,6563.8886995456905,6693.8701171875,556846
2017-07-04,6722.997644501271,6749.439801079566,6681.1268224532,6714.03173828125,428293
2017-07-05,6712.757867422769,6730.279897179423,6673.845307833315,6715.3974609375,273869
2017-07-06,6715.396965965135,6824.943866584212,6714.07739153045,6803.1435546875,416512
2017-07-07,6799.45761022558,6803.143885366457,6753.945845766239,6765.5966796875,339803
2017-07-10,6789.262332653351,6826.764201782125,6098.576020258699,6763.45751953125,47033
2017-07-11,6803.007399125762,6822.213452505302,6735.741100538923,6787.62451171875,423681
2017-07-12,6813.110807090225,6813.110807090225,6767.690157266451,6805.51025390625,233096
2017-07-13,6817.662890004621,6894.577778416556,6795.043452273779,6888.25146484375,472029
2017-07-14,6894.986830326696,6907.730124095718,6844.96922450296,6878.87548828125,267450
2017-07-17,6892.256036097424,6897.762781625206,6830.67826536431,6847.0625,289180
2017-07-18,6849.520739801368,6910.051388199613,6840.418386658775,6871.68505859375,387214
2017-07-19,6885.246799211956,6903.223944901805,6858.622418886485,6882.74365234375,223986
2017-07-20,6899.583125889012,6903.679184472983,6808.60493578249,6818.52685546875,290547
2017-07-21,6826.764182230214,6872.184831032493,6776.7012448938585,6865.904296875,434483
2017-07-24,6875.917517110899,6889.5710467318495,6822.213633935158,6876.41796875,357195
2017-07-25,6893.211643473006,6893.211643473006,6820.893274081176,6831.17919921875,323585
2017-07-26,6862.263551244795,6913.236725255899,6830.405317487855,6886.1572265625,377790
2017-07-27,6931.441361949747,6993.7013635595695,6859.532777892751,6917.423828125,1148259
2017-07-28,6933.262040669957,6984.781445760976,6903.224276807267,6945.5048828125,459181
2017-07-31,6976.0430854086,7067.976847364011,6964.210026939091,7054.36865234375,505371
2017-08-01,7063.3346030568355,7209.063359092286,7031.567480932817,7150.8994140625,1096934
2017-08-02,7171.652299187547,7172.653646835514,7077.078947226665,7095.73876953125,414448
2017-08-03,7094.373898844487,7126.232134212662,7018.8243692570995,7042.8544921875,287116
2017-08-04,7054.323183465889,7104.2950097721505,7045.220830971094,7072.80078125,325021
2017-08-07,7081.175297558702,7183.895436880063,7073.438297747757,7135.015625,327318
2017-08-08,7144.4353602282235,7177.203824104923,7042.397915766464,7059.6923828125,319951
2017-08-09,7062.515221856767,7095.283690472162,6953.378105552878,6973.8583984375,285089
2017-08-10,6951.785678413066,6954.19771307521,6862.172835076156,6898.44580078125,385730
2017-08-11,6828.494241170126,6857.530658915467,6717.536644829305,6787.98876953125,676390
2017-08-14,6841.327584089083,6960.568392167272,6840.417348912913,6925.47900390625,328598
2017-08-16,6962.480344502098,7027.107045440568,6904.179511703327,7009.85791015625,488766
2017-08-17,7009.721688098378,7016.867123729427,6885.929693606575,6901.8134765625,321296
2017-08-18,6873.186246131848,6939.633418157755,6855.300212689007,6916.6953125,332924
2017-08-21,6944.184640140965,6970.626796060486,6817.661941886987,6828.49365234375,277519
2017-08-22,6863.17408407614,6888.205554541935,6804.099902667029,6823.21484375,278131
2017-08-23,6870.455620858454,6908.685501101704,6827.674564395768,6893.2568359375,258051
2017-08-24,6928.146480332358,7019.16114348959,6879.973152440557,6998.7978515625,436912
2017-08-28,7032.031533214721,7032.031533214721,6957.61078199791,6967.677734375,391028
2017-08-29,6954.806226382807,6964.505082605907,6890.498221902163,6914.81494140625,368309
2017-08-30,6989.741476843589,7023.159573026044,6924.928011880092,6947.86572265625,471048
2017-08-31,6954.714817779983,7097.672182467614,6924.468622683244,7079.193359375,586954
2017-09-01,7122.586131582122,7202.9363519545295,7106.497682753121,7182.1591796875,627407
2017-09-04,7207.625465463786,7240.721704846017,7131.090411892375,7190.61767578125,362724
2017-09-05,7210.383342309184,7222.28897440926,7171.771063796244,7186.66455078125,182518
2017-09-06,7170.852135779732,7266.463497590128,7143.271935257502,7213.7392578125,340420
2017-09-07,7251.753426113674,7307.833162294321,7224.632897960739,7280.43701171875,389478
2017-09-08,7299.973279894436,7336.103161332793,7255.4310785724365,7327.8291015625,341309
2017-09-11,7354.7193854986635,7509.168492594135,7354.7193854986635,7485.63330078125,547463
2017-09-12,7531.233061499785,7531.233061499785,7461.363223526887,7496.7578125,387447
2017-09-13,7503.560544037729,7538.587485426134,7446.791302912721,7467.4306640625,371832
2017-09-14,7483.381396653561,7506.364895376204,7393.377656538525,7419.30322265625,293890
2017-09-15,7425.463056631856,7464.213146099511,7394.710955464481,7446.423828125,400099
2017-09-18,7474.878386120931,7524.798371691569,7474.878386120931,7499.83837890625,219992
2017-09-19,7518.362626324614,7524.752218973569,7469.132148186991,7475.79736328125,245577
2017-09-20,7505.8585245967115,7505.8585245967115,7455.019208126795,7465.177734375,185837
2017-09-21,7447.572857403378,7511.834629459971,7423.762042725596,7487.97802734375,258168
2017-09-22,7488.024568567499,7516.064439573184,7400.687265435035,7417.41943359375,366359
2017-09-25,7422.751409403675,7436.541509867021,7221.461730081769,7322.49755859375,626129
2017-09-26,7336.333111056307,7336.378898497158,7234.378396071675,7253.50048828125,440508
2017-09-27,7307.83334702296,7334.494205881139,7092.707796236274,7115.6455078125,564788
2017-09-28,7111.187177337657,7281.173059619422,7033.87059080154,7260.35009765625,768225
2017-09-29,7317.946055884461,7361.890326259454,7285.769157397533,7334.67822265625,486217
2017-10-03,7405.6053080125375,7418.19999624817,7221.415455470232,7252.029296875,516298
2017-10-04,7257.269558970139,7293.951133163853,7198.983495970268,7214.24462890625,301347
2017-10-05,7203.947884990575,7263.704982045755,7177.4710738539425,7199.39697265625,272177
2017-10-06,7230.562786620321,7280.2529304473555,7212.267562833896,7265.7275390625,440453
2017-10-09,7271.059654936465,7315.18797247812,7232.1717546614655,7259.751953125,261839
2017-10-10,7254.0525612295405,7294.871169088994,7249.271813479013,7256.99462890625,224485
2017-10-11,7255.430619433895,7261.728187639834,7171.770687050661,7193.97265625,644166
2017-10-12,7212.221978521741,7279.333795530292,7198.431879136422,7266.69287109375,396436
2017-10-13,7262.786514838935,7299.560117445714,7226.058699676807,7239.021484375,328108
2017-10-16,7262.786076026922,7294.96297636375,7183.722835199287,7209.46435546875,502632
2017-10-17,7217.737872590167,7264.8998319774355,7199.25905000753,7206.61376953125,304861
2017-10-18,7225.092204398844,7238.008750310662,7123.229524020097,7156.1875,489207
2017-10-19,7173.609730900577,7173.609730900577,7069.724315087202,7107.50927734375,115449
2017-10-23,7123.781201141039,7226.011982797211,7091.78835054678,7187.859375,471496
2017-10-24,7230.88446884791,7292.388671808091,7209.096380949928,7239.80224609375,354257
2017-10-25,7290.365507374597,7304.155606064461,7180.320340270908,7235.38916015625,254379
2017-10-26,7262.784901090976,7433.782115217928,7231.711393351204,7417.27978515625,684763
2017-10-27,7468.672695221066,7575.361927271672,7412.2710940051,7459.93896484375,1201080
2017-10-30,7538.588056438943,7611.215916982684,7504.848098627749,7534.22119140625,726605
2017-10-31,7533.991876201191,7562.951088415997,7508.434401805144,7548.93115234375,318652
2017-11-01,7585.474438314192,7590.485020937727,7501.814497229888,7573.89111328125,631375
2017-11-02,7584.554847736952,7606.573219853518,7539.5071886413025,7562.306640625,247753
2017-11-03,7570.765662733914,7578.028808582843,7515.605257176654,7556.42431640625,288916
2017-11-06,7547.321214545378,7695.380731874857,7537.989555065508,7639.89892578125,392588
2017-11-07,7674.650882729219,7674.650882729219,7547.781953426796,7557.2509765625,348296
2017-11-08,7555.136563463277,7616.778134522853,7543.093567873577,7568.00732421875,199176
2017-11-09,7606.342879638264,7606.342879638264,7491.425389578199,7543.0,442672
2017-11-10,7537.484667857318,7570.673380777103,7456.812582264213,7523.4189453125,351694
2017-11-13,7524.798591816948,7556.10194213633,7428.267882942082,7455.11279296875,181361
2017-11-14,7473.31475705229,7525.717136330427,7454.927957305575,7467.7529296875,237427
2017-11-15,7446.654039554431,7520.201239945091,7434.702619490949,7471.7060546875,275441
2017-11-16,7474.233884063515,7570.626319871812,7473.54437909266,7505.2158203125,321844
2017-11-17,7555.136551245744,7687.93540138447,7555.136551245744,7674.97216796875,419255
2017-11-20,7701.311346571678,7767.503828003355,7676.4891660347985,7746.03759765625,372037
2017-11-21,7764.745068937678,7767.916971262993,7723.374771980279,7745.2548828125,255180
2017-11-22,7766.585587141952,7837.374778691423,7762.908226541979,7826.48095703125,383442
2017-11-23,7825.421750501528,7831.857130230558,7762.446963153154,7780.7421875,289808
2017-11-24,7780.742394626851,7851.163478419142,7780.742394626851,7803.31201171875,343432
2017-11-27,7801.519173731172,7836.638140991453,7763.826234051349,7822.2958984375,172254
2017-11-28,7805.747312052891,7959.645176664821,7792.371095524562,7928.52587890625,456041
2017-11-29,7951.371567387753,7994.580546884485,7884.2597481694265,7971.91845703125,382984
2017-11-30,7952.2908580317835,7976.193697605058,7883.340359262722,7905.49609375,582023
2017-12-01,7961.483502684327,7993.660399057762,7899.887729626607,7914.59716796875,436589
2017-12-04,7961.254764501709,7961.438812064915,7796.508852814734,7815.12548828125,242191
2017-12-05,7832.731708099889,7864.908610957176,7792.786201994161,7814.7587890625,213998
2017-12-06,7808.873906719258,7941.9483708112775,7768.468734436353,7917.72412109375,420876
2017-12-07,7920.942169643152,8263.258072686529,7919.700521919634,8165.9462890625,834850
2017-12-08,8209.521413928767,8383.46070584012,8181.205924034567,8312.9013671875,1006694
2017-12-11,8373.349564541302,8427.59063001209,8356.571607849066,8397.068359375,564023
2017-12-12,8411.961480784668,8474.936274383985,8365.994478157429,8394.8154296875,491488
2017-12-13,8357.718752817322,8435.862641717275,8343.009314906742,8384.9775390625,446829
2017-12-14,8390.816415680469,8409.019168633153,8316.349873588859,8377.7158203125,655484
2017-12-15,8430.349990549636,8491.302068828885,8409.480787568371,8426.5810546875,620495
2017-12-18,8375.186350552918,8590.311883596758,8265.003824476453,8558.2265625,658668
2017-12-19,8591.231486012983,9062.852861328623,8573.76402766796,9010.91015625,1275759
2017-12-20,9162.142119288721,9190.090413427608,8917.8275228407,8948.763671875,1216280
2017-12-21,8998.49957134289,9025.52852541281,8834.902845123039,8854.208984375,849633
2017-12-22,8885.421730529157,9032.332093395646,8830.261326614851,8917.5986328125,814330
2017-12-26,8955.291073034243,8977.355233362014,8840.557618888428,8898.2919921875,542587
2017-12-27,8912.080495704648,8964.20724469858,8852.414980390777,8866.205078125,402886
2017-12-28,8911.62118762906,8911.62118762906,8840.188298906742,8852.5078125,659995
2017-12-29,8879.905388596013,8981.032792338177,8871.631328289835,8944.7646484375,471554
2018-01-01,8962.645482805463,8999.419082078437,8853.059977413412,8873.3779296875,426354
2018-01-02,8916.679422389903,8934.698128813343,8756.714248712633,8783.4208984375,451227
2018-01-03,8822.904939623118,8823.824279514713,8643.63366076238,8657.0556640625,658281
2018-01-04,8687.763199785257,8722.698120588628,8611.642025593355,8629.1552734375,562919
2018-01-05,8695.118437574467,8763.149603188816,8653.334251567587,8672.916015625,732512
2018-01-08,8722.69593772043,8729.131316257954,8664.777530882699,8686.7958984375,294549
2018-01-09,8701.371198106835,8725.871974265652,8605.943862134065,8626.6748046875,427590
2018-01-10,8630.57906496822,8692.22062664247,8564.479063828288,8619.5927734375,394826
2018-01-11,8650.990984378324,8669.37778774576,8573.766410235095,8586.453125,368996
2018-01-12,8629.844068501792,8728.902947630488,8600.516765122858,8696.1748046875,685141
2018-01-15,8733.684267061815,8741.590231993965,8586.635653585554,8603.59765625,385462
2018-01-16,8615.13468266969,8649.748190949436,8549.861546134684,8570.1328125,364816
2018-01-17,8564.570879756546,8613.11184902269,8509.410483364813,8562.640625,390461
2018-01-18,8595.827696298837,8751.104557865689,8579.279578808635,8613.01953125,686971
2018-01-19,8572.844033526311,8638.117162360666,8533.312420288603,8571.87890625,542339
2018-01-22,8594.909167442698,8602.034052034385,8523.751896403393,8559.146484375,454188
2018-01-23,8593.07078149324,8668.732282186806,8540.668402703775,8635.728515625,561948
2018-01-24,8659.26310585362,8752.070654616573,8587.04913136562,8673.9267578125,568489
2018-01-25,8719.940637585352,8719.940637585352,8503.895719310965,8529.8212890625,705224
2018-01-29,8716.263282591266,8930.469520840794,8697.876481024783,8853.888671875,1546624
2018-01-30,8844.05099259106,8895.074363702162,8779.697191189669,8799.5087890625,573988
2018-01-31,8787.096207682955,8811.872596576706,8695.944198841642,8742.646484375,462650
2018-02-01,8775.10096033298,8792.292799185272,8560.894724213798,8643.4970703125,550971
2018-02-02,8604.102172364494,8604.102172364494,8218.898752103705,8265.4169921875,984189
2018-02-05,8136.296072715644,8384.37957639344,7987.224754353751,8348.1572265625,651062
2018-02-06,7998.2575761692915,8378.404646025154,7962.954562922824,8259.9013671875,840339
2018-02-07,8430.348351228442,8430.348351228442,8157.304353375132,8202.16796875,509440
2018-02-08,8263.854973990445,8329.21968324845,8195.91539471964,8302.283203125,465683
2018-02-09,8187.642676092386,8261.695339286893,8154.546433521161,8215.314453125,364892
2018-02-12,8237.286829426912,8411.961438533062,8237.286829426912,8382.404296875,408523
2018-02-14,8411.867123238224,8418.85374620917,8261.186979354146,8275.5283203125,357737
2018-02-15,8319.105823853793,8356.798755534423,8274.977513593547,8292.6748046875,250781
2018-02-16,8310.739352238661,8338.411118221751,8096.48651591173,8124.1591796875,632659
2018-02-19,8141.674824266088,8150.729963908962,7990.581658386865,8021.10302734375,436138
2018-02-20,8039.627454127264,8061.645824369241,7952.290163316276,8019.08056640625,517802
2018-02-21,8063.531738573127,8085.595900210997,8005.797361845975,8074.333984375,471756
2018-02-22,8061.692555433515,8061.692555433515,7907.703103610603,7937.62744140625,638857
2018-02-23,7966.080785659749,8034.066155535652,7956.933173462119,7997.154296875,567960
2018-02-26,8051.578215119095,8324.622144085797,8044.269283926577,8278.9765625,869374
2018-02-27,8359.558768550673,8379.738461467863,8156.935869832844,8174.0361328125,684609
2018-02-28,8154.545473302269,8213.383230945035,8064.450156911781,8137.0322265625,680125
2018-03-01,8158.222742571794,8215.26760709441,8100.625735401647,8157.71728515625,609369
2018-03-05,8151.788410227553,8151.788410227553,8067.209123688595,8085.6875,388180
2018-03-06,8141.261213003777,8168.3359557471495,7906.324053958974,7921.4931640625,543686
2018-03-07,7926.364484328428,8010.989541647399,7862.194739562693,7979.04248046875,598715
2018-03-08,7998.4415255185895,8067.207973471767,7953.209820912166,8025.23974609375,533856
2018-03-09,8053.417905758997,8066.2886649691145,7952.29051196522,7962.03515625,323450
2018-03-12,8015.726535669865,8114.831221410618,7980.883185876877,8099.662109375,438339
2018-03-13,8099.385683670721,8134.320604894272,7989.984219839073,8049.787109375,521943
2018-03-14,8030.435443138026,8158.223711780978,8021.287829960734,8132.7578125,411769
2018-03-15,8126.874855083975,8159.143333262244,8091.066378868398,8124.7138671875,313431
2018-03-16,8153.6268786747505,8153.6268786747505,7951.740163425402,7976.69970703125,622932
2018-03-19,8008.830024307485,8090.19161038924,8001.5210921008775,8065.8291015625,571830
2018-03-20,8057.50882022089,8132.021140057677,8030.434080425505,8092.39794921875,408924
2018-03-21,8126.874709652813,8223.496992674227,8113.221970827047,8158.82177734375,516020
2018-03-22,8154.5471309282475,8191.7804070052025,7983.917958196533,7995.08740234375,471749
2018-03-23,7917.861580280268,7943.557312977886,7853.093897371255,7912.9892578125,644482
2018-03-26,7912.758708962799,8088.352634071652,7910.920029118727,8058.2900390625,447858
2018-03-27,8103.981748265673,8170.174225392743,8059.991690292146,8138.27294921875,423455
2018-03-28,8101.224046553548,8351.284525521156,8091.111306595299,8146.36328125,1194227
2018-04-02,8264.866465526147,8354.961784060248,8231.08072107586,8281.5986328125,552649
2018-04-03,8282.287528008797,8329.219651231164,8232.688959908948,8298.3759765625,339709
2018-04-04,8345.768130356548,8411.409362409107,8256.224059419954,8286.470703125,488280
2018-04-05,8320.025776905406,8418.993072473797,8320.025776905406,8395.962890625,236956
2018-04-06,8425.750942835422,8485.50804172078,8313.177582376646,8463.6279296875,429514
2018-04-09,8476.315056610809,8557.355239181396,8443.862533186939,8543.10546875,426170
2018-04-10,8540.669978021302,8564.06736435502,8493.783630456277,8525.455078125,299119
2018-04-11,8540.669381760616,8595.829786809662,8465.788952347926,8552.1611328125,318010
2018-04-12,8540.66790573556,8540.66790573556,8440.551428756764,8462.0185546875,300797
2018-04-13,8519.523115940672,8519.523115940672,8371.739222459775,8388.01171875,366224
2018-04-16,8365.993802551586,8499.29809940543,8333.816903311003,8487.3466796875,271057
2018-04-17,8495.620714083007,8496.54005405856,8400.514814053486,8421.4755859375,342578
2018-04-18,8437.702475350134,8483.16401766816,8362.225020866726,8385.759765625,452854
2018-04-19,8406.445116644438,8442.98888232539,8336.575275342493,8345.447265625,256088
2018-04-20,8349.445345394737,8373.4864439726,8285.965102017897,8297.04296875,303913
2018-04-23,8310.741896526772,8388.977370199063,8279.530124451112,8333.6787109375,302205
2018-04-24,8361.39672515207,8405.1111595881,8302.55896919718,8333.4951171875,312103
2018-04-25,8328.299832004048,8337.309183117039,8189.479512472906,8213.93359375,488641
2018-04-26,8227.17323888392,8256.592117378084,8172.9321816603015,8224.8291015625,614321
2018-04-27,8287.850740481312,8400.010229148946,8012.140294057348,8074.88525390625,1873816
2018-04-30,8080.998323382827,8185.987127347595,8053.693746758884,8103.93603515625,497504
2018-05-02,8195.916421460453,8272.221644453299,8021.241814609361,8039.1689453125,806846
2018-05-03,8058.015160003359,8089.272720236116,7998.258059558382,8049.6953125,406825
2018-05-04,8075.483286346209,8080.999326842347,7966.081816506136,7978.21728515625,490244
2018-05-07,7991.822389255925,8062.611567212063,7961.4841701318655,8038.43310546875,342702
2018-05-08,8076.401930600542,8095.892118232981,7989.064630269631,8067.392578125,404969
2018-05-09,8085.595703319709,8085.595703319709,8002.855099192503,8015.1279296875,314057
2018-05-10,8051.57890799158,8051.57890799158,7989.063794296282,8002.80810546875,298598
2018-05-11,8033.192786028426,8058.0149656144595,8000.142334021022,8044.50048828125,264405
2018-05-14,8045.144319270773,8053.418379249454,7987.317474302583,8004.693359375,276620
2018-05-15,8021.242305594493,8044.54721781788,7942.179057653963,8022.712890625,506107
2018-05-16,7975.274844923135,8029.010449805743,7975.274844923135,7994.212890625,288597
2018-05-17,8021.2413220955195,8059.348143808936,7962.587610955004,7995.95947265625,379606
2018-05-18,7998.994371234346,8021.242581793468,7810.713693400265,7824.4580078125,603507
2018-05-21,7830.93717001839,7837.188501701438,7589.610449294062,7748.65625,872463
2018-05-22,7737.164585506952,7893.820463323052,7696.024125050507,7870.1474609375,410467
2018-05-23,7869.54934057268,7873.961992420039,7775.9607207305135,7811.9990234375,399631
2018-05-24,7814.48054973184,7831.2127150954075,7722.4549869215,7732.337890625,292331
2018-05-25,7733.488235644909,7882.42131864235,7717.997715450333,7858.65673828125,519151
2018-05-28,7869.550335864714,8076.401834178915,7865.045210784242,8006.8076171875,446264
2018-05-29,8014.805649402996,8126.965122817445,7979.8707314542335,8011.9560546875,665121
2018-05-30,7969.757089038296,7969.757089038296,7881.362204126842,7895.474609375,508262
2018-05-31,7942.178478769329,7942.2700536546645,7829.008080769209,7848.58984375,679959
2018-06-01,7915.5167632603125,8134.687760746956,7897.175752177106,8098.3271484375,1002010
2018-06-04,8126.965282662224,8126.965282662224,8022.206314194207,8044.08642578125,380690
2018-06-05,8044.22395351286,8117.771143944978,7979.870161884757,8099.75244140625,400886
2018-06-06,8116.853146246876,8154.546087576146,8099.385685630874,8129.1259765625,328784
2018-06-07,8158.2243067488425,8214.120007047146,8149.950245585812,8192.4697265625,267961
2018-06-08,8176.60920850275,8228.092243771038,8155.464390446132,8211.9580078125,287823
2018-06-11,8237.285806532474,8316.349040836245,8201.89121908253,8294.8828125,337828
2018-06-12,8309.914299472162,8333.817139585703,8232.689739105346,8289.458984375,343452
2018-06-13,8301.63899393699,8361.350297820718,8221.656425556865,8244.0419921875,369407
2018-06-14,8211.58826691563,8292.39858840922,8189.478325937709,8235.4453125,269078
2018-06-15,8269.463191154513,8269.463191154513,8183.045232291976,8229.5634765625,496572
2018-06-18,8225.794315598761,8320.394756870179,8217.014798514267,8249.6513671875,305144
2018-06-19,8246.4791667539,8260.0852181505,8108.62396478119,8147.74169921875,350407
2018-06-20,8157.303179866026,8246.479152868054,8148.109780587466,8226.529296875,325981
2018-06-21,8253.834068496499,8261.18878809418,8138.870787343846,8148.15576171875,313349
2018-06-22,8149.949444029852,8170.17492488362,8099.385741895431,8159.05126953125,319027
2018-06-25,8153.6266778039,8153.6266778039,8071.805415618248,8083.7568359375,254954
2018-06-26,8083.756930851235,8260.591627534015,8044.225309331093,8210.947265625,387769
2018-06-27,8215.176988939655,8285.092620945956,8157.304352602471,8180.5634765625,501622
2018-06-28,8174.771156507301,8176.65562392024,8030.480566128443,8063.806640625,376404
2018-06-29,8044.499957499434,8182.125323682195,8044.499957499434,8113.72607421875,458807
2018-07-02,8161.898572251766,8214.300939746512,8090.235856794699,8109.5419921875,298529
2018-07-03,8113.176542458702,8269.46436254006,8044.22603359928,8251.2158203125,375718
2018-07-04,8286.930478699704,8503.205206358247,8230.391070618938,8477.0498046875,656141
2018-07-05,8483.669934708469,8637.199722213487,8481.601419607352,8593.1171875,887919
2018-07-06,8563.651845380837,8654.620715234694,8513.088146884224,8565.9501953125,508241
2018-07-09,8637.199077531865,8660.044316826254,8595.828778597439,8618.720703125,331872
2018-07-10,8623.410114035778,8775.928995319158,8623.410114035778,8762.23046875,485745
2018-07-11,8760.39105413118,8760.712464021115,8605.94193070857,8627.73046875,328446
2018-07-12,8685.922658172407,8741.083047618888,8573.07369476315,8593.0693359375,336960
2018-07-13,8649.150214110534,8729.132789432346,8607.090411570614,8670.3408203125,511150
2018-07-16,8668.45756739965,8732.719797761032,8600.426401847886,8628.2822265625,216426
2018-07-17,8596.886386837145,8715.0673613466,8593.070766814619,8683.5341796875,457123
2018-07-18,8717.458192467424,8764.988253788235,8547.013081651708,8611.2744140625,430624
2018-07-19,8649.15029833257,8673.053137167248,8595.828580932135,8631.7744140625,199983
2018-07-20,8634.441461994229,8700.633943389414,8582.039080889706,8640.8310546875,272916
2018-07-23,8685.924551914752,8963.565239327776,8616.054710049222,8918.517578125,607813
2018-07-24,8989.306018049092,9128.126350297549,8940.581000769833,9039.3642578125,749626
2018-07-25,9058.254741315688,9079.261295914117,8918.515096468436,8971.791015625,384750
2018-07-26,9027.733896785045,9038.67440086528,8605.940924321538,8638.34765625,1261317
2018-07-27,8643.634030113753,8680.591674893623,8540.66795785543,8559.4228515625,672141
2018-07-30,8568.247775127182,8645.931995835148,8488.265204694128,8625.1552734375,539464
2018-07-31,8641.794851043327,8778.638232732337,8600.424556543652,8752.62109375,426388
2018-08-01,8765.907165821398,8814.402352291989,8549.862259269952,8588.1064453125,700719
2018-08-02,8574.68441898785,8574.68441898785,8384.381033683843,8404.974609375,875157
2018-08-03,8411.960009941018,8485.507201284765,8411.960009941018,8445.9755859375,470958
2018-08-06,8501.594744772314,8549.860083955935,8457.92610455856,8537.357421875,237693
2018-08-07,8564.57216321123,8660.183531284863,8523.201859717832,8652.369140625,381947
2018-08-08,8686.843629413246,8686.843629413246,8442.344977715542,8464.7314453125,638498
2018-08-09,8493.781930809226,8493.781930809226,8329.220077187098,8408.3291015625,651728
2018-08-10,8411.96040738666,8467.12080350067,8370.590110301151,8410.3515625,427827
2018-08-13,8383.875736217049,8444.138296488038,8285.276516587399,8348.388671875,348201
2018-08-14,8420.87268490647,8494.887884328635,8390.496698516923,8470.5869140625,344056
2018-08-16,8462.61150918397,8566.446560839708,8426.438575288947,8533.6123046875,465479
2018-08-17,8572.985934217195,8613.33267100595,8468.177169685492,8488.6748046875,477538
2018-08-20,8505.926790757872,8549.612204159765,8405.106146338398,8416.560546875,449317
2018-08-21,8449.62689424443,8468.177117942001,8394.347589934718,8452.6875,380824
2018-08-23,8482.089921404257,8585.04366457275,8440.444306227939,8554.7138671875,751705
2018-08-24,8570.203881590383,8607.211942479056,8479.40016863112,8499.52734375,401110
2018-08-27,8541.449987197817,8601.738210584488,8533.102387036586,8575.072265625,326945
2018-08-28,8605.031251718201,8761.734448279152,8547.015607991572,8744.529296875,684054
2018-08-29,8738.082302348792,8781.953397375264,8662.629634693269,8689.0166015625,433440
2018-08-30,8690.77894805404,8690.77894805404,8517.010106956666,8538.4814453125,674292
2018-08-31,8540.523564760013,8584.116593381183,8422.080197330512,8437.013671875,634522
2018-09-03,8440.350470534573,8457.92698591068,8231.660486373003,8256.8427734375,992161
2018-09-04,8265.979548401647,8346.673020204938,8194.978749480975,8225.6328125,530967
2018-09-05,8227.951278134313,8301.2246577953,8153.379020575359,8251.2314453125,491163
2018-09-06,8317.642139492496,8317.642139492496,8107.375175109804,8124.8583984375,687535
2018-09-07,8138.910213641522,8151.8953695379305,8008.3630213258475,8087.1552734375,636918
2018-09-10,8069.346458008403,8115.722012364773,7999.783126473847,8013.1396484375,577299
2018-09-11,8039.66668122845,8069.254649344047,7864.923217541529,7899.65869140625,552622
2018-09-12,7920.017593979171,7920.017593979171,7792.021057151776,7878.2333984375,634678
2018-09-14,7970.102559323394,8069.346243001692,7958.369182074849,8001.35986328125,754169
2018-09-17,7964.536552065625,8031.966779491818,7899.610785366592,7918.90283203125,422191
2018-09-18,7918.811656837389,7973.349128068198,7772.728659376708,7790.30517578125,507455
2018-09-19,7814.745307079551,7835.985675030059,7597.2901336699915,7615.19091796875,959340
2018-09-21,7661.241526671532,7721.529746917737,7048.759493946875,7457.328125,1646047
2018-09-24,7485.014514886625,7485.014514886625,7040.458629500223,7228.14013671875,1801469
2018-09-25,7188.211268669954,7437.016129679078,7123.2854894690645,7419.5791015625,1159438
2018-09-26,7489.652389851485,7503.4722151390915,7255.502023456347,7274.05224609375,754963
2018-09-27,7280.962202509515,7306.932513550313,6965.79410896177,7005.53759765625,1594739
2018-09-28,7067.634888609586,7093.790883918802,6764.014026275588,6815.3056640625,1413254
2018-10-01,6820.916941392121,6942.4209010497725,6683.645292313247,6922.89697265625,1034603
2018-10-03,6863.582817243997,6873.507368147784,6688.2832020468195,6720.74609375,1148091
2018-10-04,6631.704729825056,6759.701268666436,6512.055791342898,6676.9208984375,1104174
2018-10-05,6543.404601906227,6696.629604481833,6308.790959724721,6403.86083984375,1481376
2018-10-08,6413.739480310992,6482.375304106076,6283.192288430475,6390.31982421875,1393849
2018-10-09,6325.3938578944135,6436.927068263093,6178.151469985658,6213.814453125,1079041
2018-10-10,6258.8445323453425,6538.952867966014,6235.888633979079,6479.453125,1162309
2018-10-11,6307.075934250236,6446.202609270462,6219.148056791979,6377.10302734375,869569
2018-10-12,6446.202995593864,6794.947215211604,6446.202995593864,6758.9599609375,1053651
2018-10-15,6789.381795961258,6807.93201944749,6609.490822548987,6661.38525390625,682234
2018-10-16,6691.0651037351,6750.425814386478,6607.4034210063,6632.5390625,637012
2018-10-17,6713.000814050684,6719.8181114076315,6356.6513109856605,6386.470703125,1021019
2018-10-19,6334.900878139451,6460.1148779269815,6228.700856097436,6266.6826171875,903940
2018-10-22,6323.770496350685,6404.463959709809,6234.775627732869,6318.39111328125,774016
2018-10-23,6287.598071680926,6359.943941217895,6182.789311967113,6280.4560546875,734440
2018-10-24,6353.450685417529,6385.913572131341,6205.048917582959,6277.6728515625,681526
2018-10-25,6214.324821480888,6356.88346906252,6140.309611478074,6235.84326171875,2101936
2018-10-26,6260.699911245378,6302.43791065368,6028.822136754808,6230.3701171875,874526
2018-10-29,6234.7303149484715,6316.35130092221,6206.023662022494,6305.87060546875,505428
2018-10-30,6305.221111277671,6371.028211797478,6191.322917547692,6211.54248046875,771389
2018-10-31,6269.975359375345,6269.975359375345,6028.822460937832,6136.78466796875,1315746
2018-11-01,6166.975140036092,6251.3786505540265,6121.573290311767,6225.22265625,842039
2018-11-02,6279.064202457197,6640.051688716973,6260.745858994121,6618.208984375,1834118
2018-11-05,6620.574679053171,6728.81541288989,6548.275002769452,6656.9794921875,1040315
2018-11-06,6673.442446651391,6713.325424442359,6538.953335495804,6562.14111328125,667413
2018-11-07,6622.429029193779,6625.211562399322,6576.053475768052,6611.2060546875,127507
2018-11-09,6613.154384696574,6784.743944467804,6530.466857686779,6755.52734375,986090
2018-11-12,6770.831225861671,6819.5255600202645,6540.80846640774,6574.01318359375,687443
2018-11-13,6538.907202736281,6649.095342656938,6512.055574653093,6632.1220703125,572295
2018-11-14,6659.622061958556,6871.929246941421,6659.622061958556,6834.875,1112945
2018-11-15,6844.012024025418,6970.339225468723,6801.949302243338,6936.20654296875,1048278
2018-11-16,6956.333010038459,6997.189691429579,6773.195768506341,6809.04443359375,806420
2018-11-19,6826.481836588157,6909.0303261882045,6761.556058251042,6874.3876953125,577408
2018-11-20,6874.38814774675,6904.856980591788,6781.637029732219,6802.32080078125,637243
2018-11-21,6807.931464503081,6924.797862940055,6800.047620164079,6886.30615234375,701156
2018-11-22,6857.971204145595,6937.78335693009,6827.595214180426,6873.8779296875,668352
2018-11-26,6886.769987330684,7028.447309292267,6851.802637351609,7007.068359375,899481
2018-11-27,7021.258935717235,7102.694228083989,6957.028792877285,7093.23388671875,783389
2018-11-28,7102.880034517877,7123.749034358129,7002.337921420318,7025.15478515625,686734
2018-11-29,7061.142438371132,7088.040261924628,6985.086523495731,6999.69482421875,725583
2018-11-30,7024.969174155534,7166.878374531267,7021.305324102431,7106.21923828125,869715
2018-12-03,7131.16964483525,7234.5871404974905,7077.003082975968,7215.99072265625,772869
2018-12-04,7216.036871016134,7220.628232442064,7142.763488906844,7161.91650390625,551195
2018-12-05,7138.774660696277,7178.8428673404715,6974.883272851237,7006.46484375,704296
2018-12-06,6910.0040853346,6943.626363662965,6659.529886831882,6687.0771484375,1339030
2018-12-07,6718.889953047506,6817.159928587067,6679.006978450455,6783.76953125,688881
2018-12-10,6678.079988181076,6858.944654527647,6650.2546548969885,6817.67041015625,785024
2018-12-11,6715.644754215811,6813.4971845134105,6692.503168929291,6775.7939453125,843166
2018-12-12,6807.932167799859,6963.10460948905,6766.194164046317,6930.224609375,643037
2018-12-13,6935.463997047842,7141.835209263575,6935.463997047842,7114.4736328125,881204
2018-12-14,7126.995211789283,7132.560278326338,6998.952487037037,7106.72900390625,676653
2018-12-17,7134.322490170142,7234.58652996395,7095.459865926181,7173.4169921875,712296
2018-12-18,7151.110026509361,7220.673353615483,7100.096919964872,7208.9404296875,658919
2018-12-19,7216.963808059692,7373.481304860884,7216.963808059692,7360.72802734375,856358
2018-12-20,7280.962271929955,7344.960539033544,7200.871596361468,7241.12548828125,824303
2018-12-21,7262.411646055271,7267.049201384808,6970.245660294427,6990.00146484375,1257227
2018-12-24,7011.984905801339,7045.0505906065855,6928.50889501799,6983.37109375,611297
2018-12-26,6945.203559109731,7049.084808925474,6865.437599429784,7020.4248046875,594156
2018-12-27,7094.53295672927,7112.944144076186,6937.134129639725,6956.28759765625,704523
2018-12-28,7000.85398552087,7030.534341580313,6947.058340163132,6961.48095703125,616845
2018-12-31,7002.709164631263,7023.81004323992,6903.558313526525,6924.33447265625,547975
2019-01-01,6909.725946835151,6950.7683137800095,6858.944713157615,6934.81494140625,625360
2019-01-02,6905.31972130578,6919.232386963214,6718.890001496182,6741.01123046875,891844
2019-01-03,6752.280689102184,6817.206464958936,6664.72373338119,6681.74365234375,715168
2019-01-04,6714.253390127708,6779.179172322617,6642.0932019284655,6710.07958984375,774445
2019-01-07,6780.106526436318,6870.075108250863,6770.831414909046,6828.38330078125,687845
2019-01-08,6845.031840177431,6914.40948851415,6791.329038675245,6900.21875,516841
2019-01-09,6919.697263047003,6983.231779837931,6876.567992524694,6949.74853515625,740580
2019-01-10,6956.333126502799,6966.53574842167,6826.620610893357,6855.791015625,452699
2019-01-11,6847.536588179578,6863.582349544942,6754.13603640355,6789.84521484375,488399
2019-01-14,6798.656548749893,6894.5149141311485,6730.948236599997,6871.65185546875,424152
2019-01-15,6891.407697107423,6928.508142313923,6786.598939399059,6821.9833984375,491196
2019-01-16,6816.743191514856,6848.742326164461,6762.576630975107,6780.33837890625,424769
2019-01-17,6807.003780456636,6862.6082505658205,6777.787181589709,6804.453125,462725
2019-01-18,6812.569116353604,6844.985810866397,6787.5263163343325,6824.58056640625,334555
2019-01-21,6824.626350023095,6845.031593255021,6641.906671991762,6685.87060546875,654537
2019-01-22,6659.529781194384,6659.529781194384,6543.12713669022,6556.43701171875,896521
2019-01-23,6538.953165016042,6615.240951941229,6515.765387835133,6534.6865234375,702474
2019-01-24,6548.136136311021,6583.474403101042,6505.934377316784,6530.2353515625,520703
2019-01-25,6542.664118884125,6615.937504961789,5945.346895668732,6041.25146484375,3062762
2019-01-28,6040.4163613838555,6130.848698464074,5859.737370607847,6039.0712890625,2398091
2019-01-29,6010.27201969239,6139.335100649114,5980.035066793841,6053.81884765625,1101399
2019-01-30,6083.545940679523,6110.4437653905625,6036.242869635971,6073.5751953125,583773
2019-01-31,6098.38498243705,6177.269613869058,5991.767409080098,6159.73974609375,926270
2019-02-01,6194.84710645153,6681.790470860431,6170.3142548424985,6457.61083984375,2545419
2019-02-04,6469.389485652223,6528.750192043871,6354.980908615446,6481.6328125,658776
2019-02-05,6487.940378076547,6608.516825417498,6479.036180618725,6579.39306640625,681498
2019-02-06,6603.879476628074,6696.630592872851,6554.7213850183425,6662.68359375,567827
2019-02-07,6679.0081955133655,6789.382029045666,6664.260857912787,6773.19677734375,690174
2019-02-08,6743.0063232054,6770.831658789466,6585.329421562357,6617.0966796875,576159
2019-02-11,6631.703588604318,6687.308053694029,6539.972842130798,6657.5810546875,502244
2019-02-12,6671.587428760363,6705.905339905105,6611.253012077971,6643.29833984375,494592
2019-02-14,6526.617476135529,6595.717052424995,6483.302527025071,6508.80908203125,622311
2019-02-15,6517.991540102706,6547.022909828087,6399.826714245915,6427.6982421875,768798
2019-02-18,6459.836526248823,6490.536780337162,6322.842960143002,6346.68017578125,509963
2019-02-19,6358.088525829814,6414.573860668027,6280.177594222271,6311.29541015625,493861
2019-02-20,6346.031638806309,6388.6971540628265,6311.157127062847,6353.35888671875,534284
2019-02-21,6371.027796446271,6380.951893866055,6228.237275956895,6308.51318359375,722938
2019-02-22,6332.118761608988,6436.0000127149215,6324.744866648282,6411.328125,764535
2019-02-25,6444.346983242016,6478.572051513586,6372.047313408217,6422.92138671875,495728
2019-02-26,6385.914157674331,6469.390159735434,6318.762442149104,6403.81494140625,673415
2019-02-27,6439.709794241498,6537.098463173567,6356.419475680779,6463.361328125,961829
2019-02-28,6501.852623958461,6529.677956157998,6308.00280963502,6334.62255859375,1031563
2019-03-01,6378.308830196231,6446.202831096992,6332.350831454236,6432.42919921875,768822
2019-03-05,6446.202962005198,6639.264331361943,6394.679895024569,6601.79296875,838538
2019-03-06,6620.435232460018,6626.9740045968,6501.852847089552,6545.35302734375,557197
2019-03-07,6564.923332259386,6578.372242730954,6494.432491167027,6519.521484375,396771
2019-03-08,6469.389790362197,6515.765344414973,6447.129524416865,6462.619140625,486432
2019-03-11,6474.027721556612,6605.36338883479,6469.390165882145,6568.541015625,720905
2019-03-12,6582.546461557437,6707.760463573818,6581.618950431391,6638.3828125,828847
2019-03-13,6656.747103213158,6680.816197190349,6538.953194601194,6577.02734375,534982
2019-03-14,6588.111687646621,6629.849689328178,6536.402941118915,6572.6220703125,584482
2019-03-15,6593.676547515197,6638.197081244376,6548.228502666661,6570.48876953125,861945
2019-03-18,6564.4133151233245,6564.4133151233245,6285.371522894416,6394.26123046875,1336134
2019-03-19,6399.826870920824,6401.635698799735,6315.655234901105,6330.44921875,816763
2019-03-20,6362.726129199125,6362.726129199125,6167.948798713438,6189.79150390625,1017560
2019-03-22,6090.965375974391,6229.44260164689,6058.827207030173,6077.7021484375,1715983
2019-03-25,6042.734516818588,6141.0506885427285,6020.65993488786,6049.78369140625,1093184
2019-03-26,6082.617333631683,6121.572796884585,6010.271473304865,6108.3095703125,909087
2019-03-27,6147.543802978291,6158.67393659865,6028.8223776944615,6045.517578125,887601
2019-03-28,6061.285158840842,6144.761159498176,6029.935464192937,6118.09521484375,949713
2019-04-01,6242.891365806275,6372.001088670079,6214.324205835449,6344.8251953125,1142386
2019-04-02,6362.216712727713,6400.476548709809,6293.6270801580085,6390.27392578125,866805
2019-04-03,6396.116255522236,6583.473489225179,6396.116255522236,6560.19287109375,1491021
2019-04-04,6603.87971714546,6650.255276956875,6549.759348268273,6597.47998046875,1388375
2019-04-05,6580.691618629939,6626.093470641675,6538.953616820446,6592.47119140625,729603
2019-04-08,6591.821724835516,6631.704704175311,6534.037961504705,6612.64453125,498374
2019-04-09,6616.864796859757,6710.543426588217,6566.77919284652,6693.4306640625,741669
2019-04-10,6695.656385802061,6695.656385802061,6626.6958454619535,6665.41943359375,590107
2019-04-11,6665.976365707894,6696.630427716259,6631.704647946156,6666.81103515625,609539
2019-04-12,6667.784675614503,6823.699387232093,6641.953400052275,6810.5751953125,929935
2019-04-15,6818.179830185048,6854.260371848168,6766.193017694342,6819.52490234375,585205
2019-04-16,6835.664409809315,6933.1459233354135,6817.20702829636,6917.88818359375,707823
2019-04-18,6987.034009157034,6992.830953574488,6895.163762297452,6907.5927734375,713163
2019-04-22,6883.987269106411,6886.6769606741855,6770.830916798275,6790.54052734375,479609
2019-04-23,6795.873533429661,6853.286377439456,6498.142483309432,6537.9326171875,952628
2019-04-24,6552.866479886643,6587.138199106536,6409.102247136122,6508.06787109375,1063510
2019-04-25,6506.258262703055,6627.020384882392,6367.363480303144,6404.69580078125,3075510
2019-04-26,6311.71343627733,6387.630315210109,6260.70032253813,6346.81982421875,1999920
2019-04-30,6214.324621046238,6260.700177919717,6149.398841423366,6183.16015625,1640025
2019-05-02,6075.19819838776,6223.55379203574,6052.010419004601,6198.7890625,1337101
2019-05-03,6191.136720205383,6288.525387714232,6191.136720205383,6223.599609375,795679
2019-05-06,6176.297039238392,6244.005356382769,6158.0248875668185,6223.275390625,480317
2019-05-07,6255.969333596209,6293.394495896601,6195.773955652231,6216.17919921875,586684
2019-05-08,6194.846186209236,6207.831340664534,6136.4129911603995,6168.08740234375,552749
2019-05-09,6155.8916605210325,6193.919618646897,6121.573747090374,6144.71533203125,570000
2019-05-10,6142.905638670555,6181.768260800582,6098.385108600166,6150.88232421875,608669
2019-05-13,6145.688668367957,6176.574607445354,6028.822267490449,6069.40087890625,555672
2019-05-14,6039.025115127957,6132.703741549079,5982.44693481421,6099.4990234375,843313
2019-05-15,6112.298832260587,6158.674392444658,5994.782981599619,6023.02587890625,612357
2019-05-16,6034.387273919407,6054.143079382551,5974.469965713009,6009.947265625,555991
2019-05-17,6026.03897200485,6297.7996952305575,6014.908839995606,6220.67724609375,782196
2019-05-20,6376.638513842986,6631.704054396706,6362.725847994601,6571.044921875,1286198
2019-05-21,6589.967216513193,6620.34320896088,6323.771496437291,6376.96435546875,973836
2019-05-22,6378.679724053393,6428.162080527242,6345.10363999465,6399.64111328125,645280
2019-05-23,6488.867911333748,6538.11884326204,6334.901062665737,6426.95654296875,1364516
2019-05-24,6460.067969997589,6603.878370492658,6387.536428088527,6578.974609375,1002742
2019-05-27,6580.691156151212,6672.421911993036,6399.872688754042,6556.06591796875,1022289
2019-05-28,6554.720965982447,6613.154165481087,6521.794321820514,6543.26611328125,915732
2019-05-29,6493.5061352488265,6500.926225104845,6372.002163856511,6391.8974609375,768022
2019-05-30,6390.550990575932,6419.303832478377,6330.262773683706,6369.86767578125,850456
2019-05-31,6391.479074133159,6456.682924165927,6330.263340728314,6371.8623046875,1084204
2019-06-03,6269.974813839685,6543.590578644819,6269.974813839685,6513.8173828125,1157809
2019-06-04,6492.578634416109,6584.402246531423,6466.376442070073,6540.62353515625,575281
2019-06-06,6548.414706555397,6584.401959692467,6425.797545675365,6482.09765625,720856
2019-06-07,6483.302199379114,6483.302199379114,6365.1835773153225,6444.57861328125,470376
2019-06-10,6474.027848903265,6532.739123742379,6420.2322020212605,6464.70654296875,395116
2019-06-11,6483.257039574025,6509.4592307556995,6427.652562442807,6472.451171875,387309
2019-06-12,6459.001217473409,6462.850750609301,6330.309060309271,6355.3056640625,494886
2019-06-13,6346.958481809299,6366.158142807952,6275.818199010073,6292.884765625,561159
2019-06-14,6283.887972254937,6343.248685203176,6239.692157019954,6258.28857421875,449930
2019-06-17,6260.143707397977,6277.441699884727,6084.936940560132,6104.5537109375,567397
2019-06-18,6125.7477328174145,6167.021981301081,5926.796580014123,5972.24462890625,1048826
2019-06-19,6014.909467343148,6085.075591292417,5917.520802104747,5958.93408203125,715496
2019-06-20,5926.796222654626,6167.02160945706,5880.652543143348,6137.109375,992450
2019-06-21,6074.269893889516,6074.269893889516,5908.431098554869,5952.0703125,1345890
2019-06-24,5946.2741883048775,6026.132991659096,5864.514168181928,5991.62939453125,911826
2019-06-25,5990.793965375264,6065.922361596876,5961.438330762219,6049.69091796875,580392
2019-06-26,6046.445155441816,6082.432406720359,5991.814839567854,6010.55029296875,572239
2019-06-27,6025.298172416994,6098.385870593692,6005.634754691127,6016.48681640625,1022011
2019-06-28,6028.822279490722,6075.197835486805,6005.634501492681,6060.96044921875,618701
2019-07-01,6121.57308214831,6138.26828146326,6019.546864112505,6036.10302734375,754667
2019-07-02,6038.144265993485,6111.18577492397,6012.1277573004,6084.4736328125,518084
2019-07-03,6104.878091403012,6112.298180240938,6042.781041786113,6060.171875,517709
2019-07-04,6065.923175304934,6110.443712371392,6038.283523030704,6070.05078125,576449
2019-07-05,6072.600965352628,6102.095637713738,5843.320036114387,5898.970703125,866460
2019-07-08,5824.8625133471205,5827.691241029961,5551.756690501461,5600.96142578125,1927495
2019-07-09,5620.717907157537,5629.993019215553,5481.591226287302,5514.4716796875,1337999
2019-07-10,5527.039047262189,5560.429449292972,5472.315888378405,5498.193359375,809385
2019-07-11,5540.951069058375,5611.441909575355,5500.140582443281,5594.0048828125,779113
2019-07-12,5581.484306889534,5648.5431852246165,5520.500445735426,5538.5869140625,719883
2019-07-15,5546.516222579206,5654.1075071643545,5523.328445728959,5638.9892578125,675004
2019-07-16,5639.22141184881,5724.59862923958,5617.00733938349,5711.65966796875,627259
2019-07-17,5720.888884816999,5726.453951825576,5611.442566981655,5635.27978515625,598778
2019-07-18,5615.523424958032,5616.729461186742,5432.8965698084,5455.9453125,1097857
2019-07-19,5458.403737347671,5482.472835576838,5296.182109375731,5350.9052734375,1228672
2019-07-22,5361.01396339852,5509.415734011628,5328.597270475714,5483.9091796875,897510
2019-07-23,5481.590538711694,5539.467140116776,5398.300224032649,5447.96826171875,841517
2019-07-24,5439.852361798121,5439.852361798121,5310.27888568314,5349.8837890625,800687
2019-07-25,5369.4542916917035,5421.25587423355,5287.786672287925,5339.44921875,990461
2019-07-26,5312.7840234429505,5523.32906068484,5271.880689947769,5384.80517578125,2346714
2019-07-29,5351.739035457406,5351.739035457406,5138.41148291751,5158.12109375,1548125
2019-07-30,5158.816454426299,5235.660835411537,5093.890680997705,5107.9423828125,1189163
2019-07-31,5125.241515225712,5177.645901169011,5051.272492588931,5073.20849609375,1053202
2019-08-01,5073.20811531726,5207.975309491149,5054.935963798177,5168.64892578125,1134178
2019-08-02,5138.040754925025,5309.073717006032,5087.398556565005,5276.935546875,1391678
2019-08-05,5194.062487702229,5282.176047761463,5056.790836241527,5259.31298828125,1122496
2019-08-06,5231.163429120156,5425.013279596417,5231.163429120156,5410.451171875,1125521
2019-08-07,5411.053917203631,5441.707979910714,5319.925945663453,5356.376953125,955090
2019-08-08,5310.0019498986085,5515.909449091184,5310.0019498986085,5474.4033203125,831725
2019-08-09,5507.236415580989,5708.831051915155,5497.544195924869,5657.72509765625,1445079
2019-08-13,5657.540069838377,5679.150898964084,5371.727140239471,5393.89501953125,909354
2019-08-14,5447.076701126204,5580.056002507102,5369.959938437608,5469.6474609375,1030939
2019-08-16,5459.3020574161665,5637.987223808771,5257.105684919271,5619.22509765625,1207075
2019-08-19,5641.7498564754815,5665.637153592058,5559.554759542022,5626.279296875,902389
2019-08-20,5645.511587446583,5861.814713402391,5604.178697740226,5822.26904296875,2198337
2019-08-21,5852.409942801428,5902.253704165477,5775.293179936296,5857.95849609375,2128640
2019-08-22,5830.779175327622,5923.4133283550045,5800.684831196899,5838.81982421875,1551394
2019-08-23,5793.161675205905,5905.63938658465,5680.307876338258,5881.89306640625,1232405
2019-08-26,6075.295828719592,6081.597015814582,5751.922598998874,5883.02099609375,1552155
2019-08-27,5922.47375811553,5962.442814839612,5883.445149784955,5903.89990234375,1078065
2019-08-28,5875.921546352519,5875.921546352519,5708.521732772053,5739.9326171875,1242304
2019-08-29,5739.932800215954,5828.899312672761,5703.819672694465,5746.328125,1006756
2019-08-30,5778.114880587875,5792.456718466939,5692.439940827037,5759.07080078125,794518
2019-09-03,5675.605402304769,5764.947989416443,5644.805720958377,5689.43017578125,1173373
2019-09-04,5700.998224660207,5714.352775677427,5454.600742828967,5483.51953125,1964992
2019-09-05,5459.30274845087,5640.809282550959,5446.371583456693,5613.20703125,1149196
2019-09-06,5640.527467205729,5849.58895968818,5607.047412830517,5818.50732421875,1524051
2019-09-09,5722.6281403987205,5987.787733149128,5680.30796516159,5958.21044921875,2061193
2019-09-11,5953.038253250805,6235.172767622881,5910.81221277378,6204.419921875,2492039
2019-09-12,6174.043802352135,6244.577432995913,5990.656362678309,6011.39306640625,1892862
2019-09-13,6050.844703651281,6124.951850191864,5962.442558462716,6066.173828125,1929801
2019-09-16,5971.752595516503,6102.569046482715,5962.5363858158535,6030.85986328125,1377371
2019-09-17,6028.274678756986,6061.989848169175,5746.140138409544,5765.3251953125,1706567
2019-09-18,5797.863642386536,5841.876438180283,5630.08776118554,5732.0791015625,1955137
2019-09-19,5773.41254861758,5807.268689968,5588.520307068788,5616.12255859375,1721431
2019-09-20,5656.796813762998,6535.927745876468,5626.185403713977,6199.388671875,4892962
2019-09-23,6278.527827207714,6583.138980478024,6278.527827207714,6487.072265625,3140286
2019-09-24,6522.009461123956,6750.444278887766,6446.773591348914,6591.69677734375,2354230
2019-09-25,6583.138074772162,6583.138074772162,6208.839652806545,6243.166015625,2296343
2019-09-26,6301.004339344084,6488.999884433998,6283.182658314908,6449.078125,1893865
2019-09-27,6451.475447391098,6503.20010476814,6333.91940789782,6370.31494140625,1457894
2019-09-30,6369.656621824786,6404.077122990529,6244.576992310141,6315.86279296875,1264165
2019-10-01,6319.8128087216155,6442.07109222367,6253.981425297432,6378.12060546875,1473158
2019-10-03,6382.446830089571,6390.299665611068,6282.194944670783,6351.8349609375,850852
2019-10-04,6388.464673297069,6438.214291631222,6224.26232443336,6253.6044921875,1065056
2019-10-07,6277.21044807133,6300.063158066842,6167.600923247577,6235.03125,696713
2019-10-09,6233.291302387114,6342.195031321441,6197.554267159186,6319.38916015625,1017731
2019-10-10,6301.003181410474,6340.596143988045,6167.694643953021,6212.083984375,985523
2019-10-11,6231.693080538899,6319.813279742833,6231.693080538899,6299.9697265625,835065
2019-10-14,6299.0764512200185,6465.159268838941,6297.289231923817,6414.892578125,963217
2019-10-15,6405.3934733626265,6601.006722879501,6403.512576732656,6569.73681640625,1276061
2019-10-16,6586.383381461482,6596.210791496872,6484.391571110551,6559.62744140625,876844
2019-10-17,6561.508858584045,6729.425746237117,6526.712265812423,6699.66064453125,1248295
2019-10-18,6659.5969427657565,7006.340444837919,6641.11722390292,6867.43603515625,1463126
2019-10-22,6896.307336213394,6951.793785529716,6801.322058570198,6824.1279296875,959552
2019-10-23,6772.215467431662,7027.030133816068,6771.228180336682,6997.1708984375,1278695
2019-10-24,7015.744337588283,7029.851062127669,6837.999608392011,6951.2294921875,1658859
2019-10-25,6956.02609255721,7061.8265299820305,6915.916063009702,7026.23046875,1353615
2019-10-27,7031.732575281763,7053.362888138722,6951.8413012874535,6980.10205078125,128351
2019-10-29,6974.365180227028,7296.657023463881,6942.248959917642,7261.48388671875,1396732
2019-10-30,7282.832068006519,7291.90730280019,7090.69865257966,7106.92138671875,1243366
2019-10-31,7159.538592166628,7189.7270736822575,7055.242970145755,7109.224609375,1067275
2019-11-01,7147.360668604246,7193.489476795961,7095.776984424423,7164.94677734375,1151035
2019-11-04,7100.384669468321,7170.918292012709,6966.323947900264,6981.88818359375,824953
2019-11-05,6987.484198744879,7092.814410884545,6888.783963598762,6948.97265625,1207089
2019-11-06,6954.615474211151,6973.42444101091,6860.570640212352,6875.7587890625,923041
2019-11-07,6918.878396280696,6918.878396280696,6809.7863894887205,6853.18798828125,877885
2019-11-08,6852.5295029247745,6931.103772457697,6750.5845427623835,6771.74462890625,983936
2019-11-11,6733.61056947334,6806.448482010214,6652.7320067673745,6712.26220703125,864507
2019-11-13,6705.396617437932,6742.873575366233,6672.480925767479,6728.53173828125,687017
2019-11-14,6733.610328898827,6837.0596495942,6733.610328898827,6815.5703125,802462
2019-11-15,6865.272582016586,6920.759031652063,6692.418368358902,6721.572265625,1049492
2019-11-18,6724.205513334846,6749.597618070516,6653.671889069095,6675.7255859375,537228
2019-11-19,6720.4437313475655,6728.907766273696,6613.232622283247,6625.8818359375,755114
2019-11-20,6695.992794510852,6788.156740277996,6624.518714120006,6726.79248046875,1289948
2019-11-21,6724.205604251933,6771.228021064884,6587.652322145809,6601.0537109375,763454
2019-11-22,6615.114213320487,6655.976881017852,6583.138966909782,6639.9892578125,685503
2019-11-25,6653.860656288662,6830.946905074539,6621.038639998204,6805.1787109375,952419
2019-11-26,6806.965493009869,6840.821635279605,6662.136439967106,6700.69482421875,1249810
2019-11-27,6739.8172322906685,6865.272950253268,6739.8172322906685,6860.00634765625,1070680
2019-11-28,6865.084666537631,6885.116491870515,6790.930681665991,6828.83056640625,602077
2019-11-29,6822.012707165827,6859.489667821015,6707.278002137673,6814.34814453125,792083
2019-12-02,6856.808840186113,6860.429658132205,6683.53123371179,6714.18994140625,703838
2019-12-03,6717.293181197131,6808.845918082727,6639.565218461886,6713.67236328125,668269
2019-12-04,6705.208834930715,6743.015044383903,6632.0421329142655,6654.70703125,737723
2019-12-05,6667.778641148221,6700.83530801509,6574.250871308629,6595.22314453125,602894
2019-12-06,6595.223406877953,6630.160971789345,6455.331712615021,6476.5859375,770911
2019-12-09,6589.721175158713,6684.706452551467,6538.325767895267,6578.20068359375,1479832
2019-12-10,6601.007033524746,6629.173645565385,6493.795920571074,6548.953125,790378
2019-12-11,6583.1385175080095,6616.054210095549,6541.006614677278,6576.74365234375,603048
2019-12-12,6611.727516328944,6626.351762650151,6560.096997437845,6582.94970703125,932863
2019-12-13,6624.471416205096,6817.310168948509,6611.492953301202,6785.2880859375,1199360
2019-12-16,6808.846142010072,6825.492261701555,6700.694580362122,6714.84814453125,727854
2019-12-17,6780.538605633977,6843.172558866864,6739.253014064447,6766.6669921875,939918
2019-12-18,6790.037352185951,6822.906206983468,6737.372242529107,6809.45751953125,841740
2019-12-19,6817.263516663092,6874.677706991593,6739.2531393025665,6809.45751953125,1001697
2019-12-20,6809.45747738614,6869.364222931351,6797.090673017853,6829.06591796875,679779
2019-12-23,6841.761962738215,6939.192506721787,6818.344889922906,6922.54638671875,914067
2019-12-24,6956.496692283919,6981.606847803014,6867.154095857399,6891.41748046875,850537
2019-12-26,6897.248710817856,6906.136132066304,6791.918487800184,6809.69287109375,556360
2019-12-27,6835.178636855731,6929.693696432507,6819.5671023387085,6907.4990234375,665383
2019-12-30,6938.627948155444,6989.365320479076,6904.3957199482775,6974.60009765625,739631
2019-12-31,6971.073187153338,6971.073187153338,6917.232520716302,6929.78759765625,560622
2020-01-01,6937.687460607671,6968.675417344028,6848.3917063170675,6876.2763671875,634725
2020-01-02,6891.230182385052,6929.224208080547,6876.559094664082,6893.34619140625,616838
2020-01-03,6892.4987419012205,6895.366925530723,6795.679405876296,6822.2470703125,571967
2020-01-06,6771.22843047154,6780.632914402751,6608.060634265039,6623.013671875,748516
2020-01-07,6677.182722978328,6738.876221386216,6607.965638403703,6652.35498046875,590500
2020-01-08,6639.56463209211,6692.840933510386,6564.75215763135,6616.24169921875,793313
2020-01-09,6714.801957934947,6808.846803284176,6679.064916702239,6797.46728515625,798184
2020-01-10,6828.9719546389415,6912.201638462095,6803.579847709843,6893.95703125,747847
2020-01-13,6895.3679827709975,6931.105023598234,6846.276390374353,6914.83544921875,537399
2020-01-14,6916.997734226344,6970.9793786120035,6889.348644097425,6946.90380859375,548522
2020-01-15,6948.926944888885,7058.065806760447,6915.117638522261,7037.3291015625,692726
2020-01-16,7012.4536387492735,7073.11256179619,6979.255993228185,7018.2373046875,640207
2020-01-17,7024.208659196675,7119.099804966533,6989.929133484602,7072.3125,750738
2020-01-20,7073.347390170312,7081.106089318579,6979.11427865185,7005.96435546875,407828
2020-01-21,6970.133528289676,6991.904817570227,6853.799873995183,6867.765625,442561
2020-01-22,6902.890629613605,6935.759481892326,6684.659781877772,6710.6630859375,1048435
2020-01-23,6719.879569743567,6790.037108718632,6698.954593889136,6721.478515625,589326
2020-01-24,6723.077700013414,6780.633328871861,6687.764044374483,6703.93994140625,645723
2020-01-27,6678.594124054641,6794.739498175707,6640.505964929919,6723.0771484375,573149
2020-01-28,6752.373137646035,6789.991076233154,6548.342659552805,6580.36474609375,1614448
2020-01-29,6592.543244475519,6692.46588637645,6559.627550672859,6592.8251953125,1001252
2020-01-30,6601.947708292501,6629.220711645847,6565.27022102421,6602.37109375,579174
2020-01-31,6616.054023251044,6643.327024910501,6484.908319521064,6501.78955078125,868935
2020-02-03,6376.239623509538,6625.317453445549,6376.239623509538,6593.76513671875,1010531
2020-02-04,6601.946958723904,6785.334374244012,6584.078441314252,6770.8515625,973311
2020-02-05,6785.335185120587,6800.946720353212,6607.214350549354,6621.60302734375,718489
2020-02-06,6653.672981884792,6696.322412202986,6561.320757663365,6603.453125,875714
2020-02-07,6619.815952479538,6630.160884355838,6522.009323830885,6556.57080078125,645814
2020-02-10,6559.626913138583,6572.887326050959,6443.105460242626,6482.416015625,593773
2020-02-11,6536.1163530744625,6666.838680135952,6500.661264859192,6614.87890625,743160
2020-02-12,6635.897878016547,6686.587953644442,6590.615380550883,6623.85986328125,599364
2020-02-13,6630.161524798447,6635.80421545785,6512.605469394219,6587.88818359375,723169
2020-02-14,6583.185449512227,6666.791677231714,6490.034221851085,6502.07177734375,614859
2020-02-17,6507.902835654432,6564.329738853748,6470.284900188221,6495.44189453125,463548
2020-02-18,6512.605837413024,6517.308079894911,6334.672798217087,6377.275390625,830678
2020-02-19,6442.070687248297,6446.726089893379,6230.093737788838,6354.23291015625,1033939
2020-02-20,6358.371260657398,6402.148947436604,6319.812878511716,6355.173828125,682513
2020-02-24,6310.408673693507,6310.408673693507,6056.299335968667,6085.0771484375,1091346
2020-02-25,6117.992558169641,6122.318712387716,5996.8156973441655,6032.552734375,964897
2020-02-26,5971.847226867814,5989.574770712644,5817.660530927438,5863.5546875,1580738
2020-02-27,5858.992821493754,5960.6080751097825,5799.556306140151,5915.2314453125,1492657
2020-02-28,5796.029572829313,5988.163431440019,5739.7441107848645,5908.9306640625,1468843
2020-03-02,6019.763081752146,6056.064020893313,5877.802218880426,5910.85888671875,1219764
2020-03-03,5941.7526734833855,6039.7002772652795,5906.485860369167,6005.75,849199
2020-03-04,6009.465297106748,6041.440542819053,5839.244136108889,6004.15185546875,904360
2020-03-05,6030.060492762211,6079.057942087826,5953.226140519858,5986.84716796875,645853
2020-03-06,5827.394324348159,6094.105580160023,5736.876166618159,6062.08349609375,1140899
2020-03-09,5925.764656882249,5994.417381838987,5717.361224624979,5831.81396484375,1082030
2020-03-11,5793.161669455914,5935.1225274885865,5741.437011692915,5780.27734375,937029
2020-03-12,5585.605011041497,5585.605011041497,5224.707936727204,5307.09130859375,1345964
2020-03-13,5008.076207362968,5702.409105684965,4517.0206879373945,5490.90234375,1480205
2020-03-16,5302.81217847776,5349.270235305187,5078.42110946695,5153.89208984375,933412
2020-03-17,5174.346695315543,5404.709696702699,5174.346695315543,5270.2255859375,1238640
2020-03-18,5333.282957833294,5350.0227559275645,4996.179040024765,5033.89111328125,973395
2020-03-19,4579.983399926123,4793.089084872173,4375.48272542059,4532.53759765625,2554559
2020-03-20,4579.043153170838,4913.842775789203,4526.001956484321,4776.7255859375,1614552
2020-03-23,4302.551681208412,4504.748099013835,3894.397051777931,3969.021728515625,1531965
2020-03-24,4082.4860266100727,4297.848685005306,3790.0066084401274,4219.2744140625,1746431
2020-03-25,4174.650482150831,4852.149423277379,4053.4267742282063,4707.837890625,1728819
2020-03-26,4725.236176951296,4815.095838458385,4467.12992825729,4587.50732421875,1338787
2020-03-27,4796.2869249485,4830.613292156466,4283.74253787067,4369.41748046875,1339426
2020-03-30,4314.259701411586,4363.633236748394,4015.7142073937134,4070.68359375,1528082
2020-03-31,4184.995498971925,4201.970409393164,3959.2878765554624,4032.9248046875,2140261
2020-04-01,4034.523378590874,4161.342929080245,3940.5726812657444,3993.472900390625,1323842
2020-04-03,3996.9053205432815,4012.8929418254547,3762.8278278467083,3772.6083984375,1724808
2020-04-07,3902.8603160561343,4338.193727902804,3874.6468679882587,4282.47216796875,2688172
2020-04-08,4144.085492504502,4631.707942944439,4144.085492504502,4418.3203125,2798833
2020-04-09,4508.933082662986,5077.4809877257985,4454.151962541662,5009.439453125,3786650
2020-04-13,4970.269706506286,5025.191800258805,4703.182365607934,4968.52978515625,2192268
2020-04-15,4991.429550453047,5031.398604790165,4740.800068550883,4790.92578125,2094519
2020-04-16,4718.229597736098,4916.664209081986,4674.028523170901,4825.25244140625,1752169
2020-04-17,5007.887272224115,5269.285064790814,4901.334661925522,5177.16796875,2192902
2020-04-20,5183.750771824789,5242.011724793923,4965.566777074544,5013.85888671875,1555307
2020-04-21,4825.722467672831,4825.722467672831,4593.619996986991,4703.2763671875,1843169
2020-04-22,4710.705641484505,4935.707902359963,4693.777571700772,4872.32177734375,1991584
2020-04-23,4861.177341064875,4932.275325531668,4744.561749984967,4849.28076171875,1454061
2020-04-24,4796.286308276651,4833.904240106272,4730.454927574815,4745.1728515625,1070808
2020-04-27,4843.403862383689,4913.843362475925,4694.295478704626,4755.23681640625,1432313
2020-04-28,4786.882743698498,4815.096197983558,4693.073008200674,4751.80419921875,1172062
2020-04-29,4796.285702394928,4796.285702394928,4712.632653374814,4766.61474609375,1038094
2020-04-30,4816.976336017113,5101.9321794011785,4816.976336017113,5039.67431640625,2341081
2020-05-04,4792.524698860074,4824.735054224273,4551.7699259189085,4595.3125,1742771
2020-05-05,4697.539059415765,4730.031363122415,4514.151648687823,4542.22412109375,1570620
2020-05-06,4552.898924640071,4702.241945136272,4429.511912318369,4554.82666015625,2214528
2020-05-07,4607.726718093518,4641.441883481203,4453.022963602982,4466.47119140625,1530808
2020-05-08,4583.745463846477,4588.447705807747,4361.329419078383,4376.98779296875,1828141
2020-05-11,4467.130531235544,4715.973304879363,4448.462536016967,4643.74658203125,3176473
2020-05-12,4621.363838133571,4688.135680320686,4410.750217018362,4656.4423828125,3124672
2020-05-13,4937.354717157848,5000.788153348209,4689.311420653014,4736.19287109375,3304845
2020-05-14,4612.898975555049,4838.606570689241,4563.196190369218,4809.49951171875,2590674
2020-05-15,4805.690993516037,4818.1050952236565,4665.7051669621,4796.66259765625,2182462
2020-05-18,4777.853435064124,4791.584072037604,4401.81509176042,4439.8095703125,3164086
2020-05-19,4553.651360283964,4608.197369969314,4472.537682088076,4519.13671875,2108177
2020-05-20,4470.891906486202,4627.006348319755,4462.898094705568,4600.626953125,1518296
2020-05-21,4598.792049971937,4771.646258680172,4562.161406097094,4749.35791015625,1868166
2020-05-22,4711.646395079964,4843.309168595173,4637.1158607865345,4828.5439453125,1935875
2020-05-26,4890.330827620516,4971.021102594958,4853.324097690086,4933.732421875,1508751
2020-05-27,4956.162482097021,4975.9118961623035,4829.578050580797,4932.0869140625,1534655
2020-05-28,4953.341792047115,5167.764030244712,4909.140716629189,5142.701171875,2325084
2020-05-29,5054.90994061571,5329.285749950526,5054.90994061571,5276.66748046875,3386733
2020-06-01,5351.150524475039,5515.399718943628,5329.4260781325665,5448.5810546875,2340994
2020-06-02,5452.484785265149,5500.682766420742,5290.116458637266,5351.24560546875,2110719
2020-06-03,5388.769565978396,5484.695306943457,5272.153959314989,5289.08203125,1652859
2020-06-04,5321.057220601826,5379.318184561754,5240.178655566167,5351.33984375,1642049
2020-06-05,5387.170488768822,5440.494097747,5333.377114785006,5404.0048828125,1236658
2020-06-08,5501.623040527481,5501.623040527481,5361.966455652553,5393.283203125,1176769
2020-06-09,5411.339388378625,5442.374181534081,5285.319319201924,5325.10009765625,1336806
2020-06-10,5318.235558361334,5398.173670202309,5280.617623377346,5337.60888671875,1432292
2020-06-11,5301.307296345506,5350.210610060241,5078.702990428074,5103.013671875,1766481
2020-06-12,4891.271834316846,5274.3162609253295,4891.271834316846,5230.53857421875,2064628
2020-06-15,5191.274996575811,5252.40414055723,5070.003995719046,5149.66015625,1530562
2020-06-16,5257.105842602382,5278.312767463241,5078.420670850243,5174.53466796875,1184933
2020-06-17,5120.7415275591275,5467.249923513947,5120.7415275591275,5385.19580078125,3454833
2020-06-18,5355.8540243769785,5415.102277851211,5305.069807113351,5374.0986328125,1580214
2020-06-19,5408.5186086872145,5581.561109817182,5367.138880156135,5546.1533203125,1854589
2020-06-22,5548.645094065362,5619.178718142464,5460.572200641744,5544.88330078125,1497563
2020-06-23,5548.644782088783,5649.461020115835,5513.42481076524,5535.94873046875,1398070
2020-06-24,5584.382170224257,5584.382170224257,5388.7689180506895,5412.609375,1268449
2020-06-25,5338.924963753655,5498.612900355133,5314.473308115537,5419.14501953125,1266203
2020-06-26,5454.600346936014,5464.0048302928,5355.853271689758,5412.18603515625,1063057
2020-06-29,5388.769232409554,5454.600619192916,5313.533361799997,5340.5244140625,1102655
2020-06-30,5407.577739198273,5524.663552855697,5343.110191745314,5490.619140625,2015814
2020-07-01,5490.619129658839,5534.538248977745,5431.0889359127395,5457.515625,1284965
2020-07-02,5501.623120879208,5605.072444519671,5419.615837002894,5594.21044921875,1470941
2020-07-03,5594.2099177601895,5631.968825461141,5532.704231094431,5578.83349609375,1059779
2020-07-06,5608.316974006405,5781.5945848889305,5572.1565507677815,5758.9296875,1385081
2020-07-07,5774.352632417594,5877.801946679147,5729.822313028897,5855.9365234375,1799721
2020-07-08,5855.937148813577,5863.6958482117725,5663.944697364357,5684.4462890625,1204072
2020-07-09,5717.9266096376805,5732.973784926201,5578.129038563442,5644.90087890625,1043427
2020-07-10,5623.881455790035,5722.722674888816,5568.394999955318,5600.9814453125,1168821
2020-07-13,5642.690497844913,5698.412066511131,5574.789938506181,5632.20458984375,1035069
2020-07-14,5596.608583496665,5603.897058798648,5407.578449858145,5428.033203125,1602929
2020-07-15,5464.005327133214,5529.648443251176,5412.280663967581,5455.8232421875,1246705
2020-07-16,5463.0640554415095,5567.453814462685,5409.458503511717,5525.462890625,1018658
2020-07-17,5546.764247633616,5601.310250747001,5502.563176145182,5566.98388671875,810152
2020-07-20,5581.56132246618,5582.501770877717,5465.886167847252,5518.0810546875,912610
2020-07-21,5566.984189765818,5783.75754152543,5548.645446341468,5765.748046875,1854694
2020-07-22,5752.72322031388,5764.0086018152315,5585.981892312752,5645.88818359375,1140092
2020-07-23,5654.915482458196,5727.329999695728,5612.548471314164,5704.71240234375,701651
2020-07-24,5652.094618840868,5687.220456773658,5578.833783758449,5643.3486328125,793324
2020-07-27,5650.213976319009,5701.797662800334,5575.0249432024775,5683.41162109375,902597
2020-07-28,5689.712255387235,5943.962546937632,5671.9847129657455,5908.6484375,1774828
2020-07-29,5896.5637647115645,5920.121809996173,5754.556077132625,5816.8134765625,2057197
2020-07-30,5815.779589111325,6012.897660330766,5802.613311862742,5892.28515625,2217867
2020-07-31,5891.908977560776,5999.919563587047,5839.243869381462,5889.79296875,1613555
2020-08-03,6000.0608696272,6054.08981458754,5760.293363263823,5798.052734375,1836582
2020-08-04,5829.8397403696345,5997.098583270913,5816.673462523986,5980.2646484375,1223516
2020-08-05,6008.43040087356,6204.796292836354,6000.060502358265,6137.60107421875,2278663
2020-08-06,6145.78309638483,6193.6518253089225,6051.220739764707,6165.34423828125,1233252
2020-08-07,6111.03324684295,6347.556001780007,6095.845098157828,6281.25439453125,1567980
2020-08-10,6291.600544276713,6327.996085366659,6184.389413925809,6215.330078125,1601750
2020-08-11,6268.087903326601,6313.69964575891,6217.3036952576385,6253.22900390625,880808
2020-08-12,6216.316917201332,6374.405921604692,6199.529821874512,6329.49951171875,1114981
2020-08-13,6386.102466712794,6426.003855823619,6314.981639176932,6387.71533203125,1087096
2020-08-14,6395.638749261264,6400.525531899929,6217.29133797464,6251.5947265625,905793
2020-08-17,6319.725409966452,6443.036153411875,6251.594021060413,6422.5869140625,1028536
2020-08-18,6422.587514916637,6571.0915868667,6415.47070635673,6540.91650390625,1322527
2020-08-19,6570.236534248702,6656.302642987246,6533.2763961409155,6633.14892578125,1326450
2020-08-20,6539.018386218818,6641.40544130411,6528.53267742461,6618.34716796875,958157
2020-08-21,6687.902463071849,6704.033896368134,6595.858402498924,6616.734375,971836
2020-08-24,6628.120172685757,6737.244556344864,6599.65294216599,6720.638671875,961177
2020-08-25,6737.245194035812,6809.0776978466165,6714.139197076815,6746.68701171875,1047620
2020-08-26,6746.73439733198,6792.281971322407,6615.785122109503,6650.5625,992395
2020-08-27,6683.157726538285,6763.530403627883,6605.157318981038,6735.34765625,1158891
2020-08-28,6760.968311515749,6790.384454344799,6669.351445554314,6741.13623046875,1019984
2020-08-31,6773.303711150126,6794.1796822408105,6443.510998639711,6490.48193359375,1580774
2020-09-01,6509.933869673042,6660.098509827366,6454.470030519478,6552.82421875,1117127
2020-09-02,6552.6824771040665,6623.376104581332,6502.295382839405,6567.1533203125,776392
2020-09-03,6571.1857610296665,6753.281054289484,6567.152903342392,6711.24462890625,947751
2020-09-04,6628.121101571613,6949.800851526197,6609.190205289399,6822.7421875,2185292
2020-09-07,6855.858150845764,6927.026228536204,6765.000238327635,6840.81787109375,1348919
2020-09-08,6851.113548912479,6906.1501951502805,6772.970907664972,6854.9091796875,1145062
2020-09-09,6832.135115293996,6885.606154314483,6757.361377421249,6846.60595703125,1273303
2020-09-10,6892.865714602673,6926.456955401891,6801.770572999994,6862.16845703125,978701
2020-09-11,6908.000772281039,6974.376587668326,6808.412724173702,6826.0625,1383019
2020-09-14,6850.165034587601,6869.7126268682405,6723.011396322642,6764.62109375,1003491
2020-09-15,6797.974280493382,6808.412264452822,6647.0979668978425,6692.45556640625,894418
2020-09-16,6712.573534305355,6802.7197720434115,6681.259578038452,6697.34375,920570
2020-09-17,6689.325468526658,6749.486129772158,6586.368973266691,6723.818359375,1133411
2020-09-18,6782.793120322427,6783.74202814564,6577.449560046038,6608.90576171875,1143550
2020-09-21,6608.905616392845,6629.9238315480425,6253.302417463491,6288.36474609375,1290480
2020-09-22,6333.958900387453,6344.349625040725,5989.837615492346,6111.4873046875,2665724
2020-09-23,6131.841899704251,6215.298521911673,6054.031463960557,6169.1337890625,1456226
2020-09-24,6106.22187112576,6155.375111266064,5949.794323065805,5975.93701171875,1237674
2020-09-25,6068.264766905959,6185.5021283982605,6007.5346738517,6165.7177734375,1316468
2020-09-28,6242.864244627522,6376.66024075041,6208.0391439910645,6360.52880859375,1099583
2020-09-29,6404.17920933885,6465.193799995871,6330.164395540001,6398.24853515625,1199391
2020-09-30,6367.171445874926,6433.547732943051,6330.164041047933,6398.91259765625,812841
2020-10-01,6488.82112862889,6556.003611656217,6429.229444229382,6449.0615234375,1255993
2020-10-05,6514.251962673841,6526.208293465845,6400.3830281478595,6470.4599609375,833476
2020-10-06,6507.609617845743,6585.230089662931,6481.040199750135,6540.251953125,756192
2020-10-07,6566.442089208249,6708.778261662185,6514.773873273913,6686.8583984375,1101957
2020-10-08,6727.756321531184,6775.201711668921,6662.2816831411055,6718.125,851205
2020-10-09,6699.288632063715,6793.230498150728,6643.303075506808,6701.56591796875,839682
2020-10-12,6746.734648302231,6789.435500506676,6647.099326491861,6772.02294921875,799712
2020-10-13,6770.457311787741,6817.902702900479,6663.230727872953,6673.57373046875,819414
2020-10-14,6680.310757834999,6713.522530068553,6573.511372743218,6644.58447265625,779630
2020-10-15,6669.872823797317,6689.704903846058,6507.32510548647,6540.44189453125,681316
2020-10-16,6542.719495168637,6623.376660808859,6512.354444574671,6542.62451171875,657914
2020-10-19,6618.631565816472,6623.37610457333,6476.295403110742,6501.86865234375,548457
2020-10-20,6468.704096544515,6593.959918862818,6462.061742330665,6494.89404296875,659864
2020-10-21,6551.25906405213,6592.631534353994,6419.028677269532,6511.2626953125,911967
2020-10-22,6479.141943966668,6509.506991155733,6429.039801438252,6463.5322265625,584523
2020-10-23,6507.609000089088,6760.682868759421,6482.937399913772,6740.32861328125,1758998
2020-10-26,6737.245309633083,6795.413171831996,6580.722784324322,6694.3544921875,1559351
2020-10-27,6705.931539330809,6841.388130138715,6692.6468298995605,6792.66162109375,1461819
2020-10-28,6827.343598362521,6957.391212493282,6746.7337044227,6818.89794921875,1645177
2020-10-29,6750.529871544654,6831.1870319440495,6629.734097832991,6754.041015625,1434852
2020-10-30,6717.365663405425,6746.734545530002,6529.434656510822,6609.28515625,1360249
2020-11-02,6684.960142677343,6693.025858585365,6500.018114111938,6517.4306640625,1059351
2020-11-03,6585.4196459931845,6607.481750714992,6502.342959567835,6560.13134765625,926491
2020-11-04,6560.131684532295,6693.595470939469,6556.478296917531,6598.751953125,901404
2020-11-05,6661.332299879927,6741.894473916831,6623.043780104871,6730.41259765625,843221
2020-11-06,6729.654291422809,6770.457327876727,6537.974910871849,6554.67578125,1378439
2020-11-09,6632.817740871301,6673.288562695147,6466.806148969569,6521.0361328125,1479540
2020-11-10,6616.829104576946,6617.683028934263,6415.992860410638,6446.35791015625,1695413
2020-11-11,6508.558280907668,6551.25912981288,6408.069042484177,6506.99267578125,1481918
2020-11-12,6506.660437545873,6575.930703251116,6444.9814338357255,6487.5400390625,1418041
2020-11-13,6528.485320978815,6528.485320978815,6439.287992465442,6461.35009765625,970632
2020-11-14,6500.01778969157,6509.411883319393,6485.784174093706,6502.15283203125,128193
2020-11-17,6514.251464364621,6639.412299323445,6512.353648934362,6624.751953125,1243068
2020-11-18,6623.328477790222,6708.777430736434,6593.01069147903,6693.87939453125,1400300
2020-11-19,6671.77053830918,6765.712407643927,6561.887203754206,6607.529296875,1305695
2020-11-20,6603.9703340165515,6661.331989257581,6551.258697127399,6609.94873046875,923474
2020-11-23,6680.310901219992,6684.106532413867,6578.3982963312255,6630.73046875,735755
2020-11-24,6689.800106450007,6840.676449276326,6689.800106450007,6792.66162109375,1910670
2020-11-25,6879.581585533749,6881.811611542044,6658.486066991768,6695.208984375,947742
2020-11-26,6718.266787785503,6735.347127076483,6550.310118090865,6636.89794921875,1068945
2020-11-27,6680.594791743101,6747.682752438388,6575.930456250601,6676.32470703125,2123905
2020-12-01,6776.909228799101,6776.909228799101,6618.821567262197,6738.8583984375,1076695
2020-12-02,6746.733631178234,6851.113476386336,6741.989092759683,6838.30322265625,1106734
2020-12-03,6879.581489263157,7385.207098695984,6879.202018813285,7343.6923828125,3846792
2020-12-04,7399.582456153305,7479.90740258802,7250.841169925807,7404.46923828125,2393536
2020-12-07,7428.808599567261,7434.692012785838,7297.100392893822,7347.77197265625,1037296
2020-12-08,7352.137783785517,7603.74059940097,7306.590208460052,7366.0869140625,1885285
2020-12-09,7377.75738060457,7401.432813095158,7298.998041364675,7315.36669921875,822760
2020-12-10,7363.5247644939245,7448.926469236767,7316.079372970124,7340.7509765625,1186739
2020-12-11,7382.4554741364645,7397.400772088077,7306.590109677106,7338.42578125,706875
2020-12-14,7410.970264249689,7425.203881914701,7263.889548377896,7303.5537109375,1038032
2020-12-15,7303.552938962196,7391.991326039889,7250.176878360176,7368.505859375,891801
2020-12-16,7420.458175885464,7495.421883800419,7373.012791129163,7398.0166015625,963504
2020-12-17,7401.386220957013,7431.751272052023,7235.422331232637,7300.89697265625,734075
2020-12-18,7319.874391695121,7332.2101924589315,7156.425031574628,7173.50537109375,1078328
2020-12-21,7173.743318081592,7210.750724087568,6906.246288874406,6999.2392578125,970306
2020-12-22,7002.939646749104,7057.976299799436,6836.9757632347955,7017.552734375,1138240
2020-12-23,7022.296772992329,7169.56744013095,7016.223856100129,7069.3154296875,951805
2020-12-24,7123.6880888467895,7147.885237771575,7035.392403299903,7065.61474609375,589281
2020-12-28,7083.596418157198,7157.611223330174,7073.158432812292,7100.6767578125,521320
2020-12-29,7135.786290149533,7159.508983933274,7039.282186503726,7071.5927734375,538719
2020-12-30,7113.961141588737,7244.910406299854,7050.384324663773,7223.939453125,1029800
2020-12-31,7225.600138011904,7303.742782075835,7192.7205779050055,7258.7646484375,908515
2021-01-01,7262.939910671695,7352.611692950042,7259.144279675786,7298.333984375,767574
2021-01-04,7343.597072391756,7358.969563265131,7252.122458019045,7308.77197265625,598645
2021-01-05,7268.63375140847,7280.969552814254,7198.414574175542,7264.31640625,562668
2021-01-06,7262.940055262074,7353.086293209539,7169.472640127071,7238.837890625,840678
2021-01-07,7283.815496987145,7310.764382969991,7166.245925756478,7179.48291015625,642968
2021-01-08,7211.699133358494,7648.196712482823,7211.699133358494,7605.40087890625,2557157
2021-01-11,7685.203708250775,7864.547269290335,7479.670201186286,7812.1201171875,2182019
2021-01-12,7744.0363316490075,7903.4528374347,7724.1092684257965,7769.7041015625,1514072
2021-01-13,7769.656612106731,7828.488892266796,7696.590715778907,7723.966796875,877225
2021-01-14,7747.642023850184,7762.065607378374,7613.514280384897,7733.07666015625,718274
2021-01-15,7740.382357203896,7799.546845002473,7591.308864774383,7614.7470703125,751177
2021-01-18,7601.70055971842,7613.9891013431225,7349.2910791435725,7430.56494140625,771183
2021-01-19,7496.370999079534,7582.057180988639,7434.6919971883735,7517.81640625,779892
2021-01-20,7479.291153488627,7752.5765952806505,7458.652409186626,7728.806640625,999226
2021-01-21,7785.787745605151,7844.620023512222,7611.6159211025115,7664.09033203125,769494
2021-01-22,7671.919623793796,7883.526064870607,7591.262460154652,7637.61669921875,1172914
2021-01-25,7702.284524968384,7747.547611846964,7543.911907617023,7573.70751953125,753043
2021-01-27,7584.572279770359,7676.663590288173,7420.932955234692,7468.7578125,1080785
2021-01-28,7439.436925528761,7576.601358509648,7175.640565159246,7200.78662109375,2085637
2021-01-29,7292.356426854294,7292.356426854294,6803.668910936277,6838.4462890625,3069968
2021-02-01,6894.004923742989,7093.085588780841,6786.588378723823,7021.7275390625,1611478
2021-02-02,7149.9245827043815,7372.775650169875,7107.4609628523785,7263.60400390625,1700845
2021-02-03,7287.612307837218,7322.200184397433,7093.892862399188,7201.45166015625,1491567
2021-02-04,7211.698963105367,7368.268743225418,7144.373772320198,7249.6552734375,1198036
2021-02-05,7287.611431807583,7340.7502651645145,7079.800637072446,7111.2568359375,1128089
2021-02-08,7131.041685562375,7247.757337900922,7092.610921987489,7187.5966796875,912372
2021-02-09,7193.669197151023,7287.611058451372,7187.026843321704,7237.3662109375,925127
2021-02-10,7216.6335491573645,7282.772142647406,7122.548973206629,7232.29052734375,1015600
2021-02-11,7211.698880698029,7348.341596332308,7181.001622400917,7275.60791015625,818869
2021-02-12,7230.771836669204,7282.866778023737,7141.3845437799855,7181.80810546875,756833
2021-02-15,7211.698953183966,7258.290416719336,7192.720798044009,7208.52001953125,470093
2021-02-16,7248.706615410049,7400.531861969233,7235.65913328387,7303.79052734375,1321126
2021-02-17,7287.564169288566,7298.523868331182,7089.574199046976,7119.8447265625,1023548
2021-02-18,7187.834248428079,7191.819383136147,7078.852096342413,7114.4833984375,821462
2021-02-19,7067.465033114844,7103.90299862095,6912.793067433087,6948.8515625,1013887
2021-02-22,6948.852148996937,6950.749964686955,6695.49375437968,6724.38818359375,1502068
2021-02-23,6755.084159068761,6758.453059508617,6583.521826917904,6614.361328125,1589884
2021-02-24,6552.207698058702,6676.514607319482,6526.11273619098,6597.7080078125,1225254
2021-02-25,6704.03352462705,6707.829155780412,6561.697356375945,6576.26318359375,1740066
2021-02-26,6547.464374416641,6713.5232534779325,6473.6395266589625,6515.34375,2687534
2021-03-01,6620.52988162921,6673.526476215007,6563.642672302004,6656.58837890625,1417600
2021-03-02,6699.288367364882,6865.347214997864,6670.821136342085,6845.51513671875,1395296
2021-03-03,6875.4059576339505,6891.252438762621,6738.383773760303,6760.68310546875,796258
2021-03-04,6718.266252403116,6808.602447232233,6652.791623672068,6767.22998046875,906310
2021-03-05,6765.712301238749,6941.260236123625,6708.777835870681,6878.63232421875,1821165
2021-03-08,6893.720200872345,6963.844394801741,6847.318702002548,6888.59619140625,977572
2021-03-09,6954.924733478464,6954.924733478464,6885.274993657034,6928.49755859375,678485
2021-03-10,6946.0048353413,7009.581655555489,6880.530199598329,6900.55224609375,659270
2021-03-12,6927.02687081238,6939.36267208917,6700.617379326997,6733.6396484375,946720
2021-03-15,6779.946146005967,6796.9792261359935,6652.792502399977,6727.091796875,700250
2021-03-16,6737.244736924411,6832.1355078670085,6737.244736924411,6784.974609375,796357
2021-03-17,6794.180115110147,6803.621933424903,6683.632352064012,6703.70166015625,688581
2021-03-18,6760.968181668424,6871.990396020032,6699.289173695308,6750.29296875,984545
2021-03-19,6699.241454334235,6784.643151826435,6552.682467026574,6750.1025390625,838756
2021-03-22,6741.041137123746,6777.574088106187,6689.990081863659,6738.431640625,533767
2021-03-23,6773.304549568404,6855.859536373174,6765.713286413942,6819.08935546875,757590
2021-03-24,6771.405448113536,6792.660888243537,6689.752124645201,6705.171875,457147
2021-03-25,6689.79971105371,6698.339880897609,6410.109148666039,6440.0947265625,1338767
2021-03-26,6537.025007135889,6546.466823884865,6425.053900902469,6437.81689453125,911299
2021-03-30,6463.0103371562245,6523.740429885339,6395.637890534863,6501.7255859375,1088817
2021-03-31,6502.20070070127,6585.32511624017,6448.018436254242,6508.74853515625,735382
2021-04-01,6594.909164199778,6634.288837626295,6504.762923825824,6570.142578125,660759
2021-04-05,6555.529319744134,6555.529319744134,6381.025273755492,6422.7294921875,668129
2021-04-06,6469.890893478122,6497.124733876082,6376.660698005057,6406.361328125,628262
2021-04-07,6443.083869150583,6533.230108851511,6428.897512411464,6514.251953125,598115
2021-04-08,6529.434533936506,6584.75567302215,6459.073113641302,6478.05126953125,604553
2021-04-09,6500.018470306721,6523.978392405296,6431.697108283059,6478.28857421875,641327
2021-04-12,6395.49627561731,6395.49627561731,6169.940708088701,6187.4482421875,1020746
2021-04-13,6186.879162171878,6495.653682905515,6138.294895074019,6467.56591796875,995718
2021-04-15,6496.791847961529,6497.029074897355,6216.294626374544,6304.7802734375,1267365
2021-04-16,6333.959119106295,6438.196726265024,6268.531745568651,6308.43359375,1000325
2021-04-19,6168.232349418086,6196.367370462529,6087.242983387002,6179.0498046875,772219
2021-04-20,6277.024779503361,6337.470388639531,6223.4587515692165,6307.0576171875,914142
2021-04-22,6287.4159999010835,6333.864760019516,6210.60172599317,6310.33203125,667911
2021-04-23,6224.8346505978025,6371.6308603898,6224.8346505978025,6335.0029296875,709306
2021-04-26,6348.38285920022,6442.134760228521,6262.791194212437,6299.70361328125,937344
2021-04-27,6329.167839401855,6366.222504088369,6207.754899649144,6233.13818359375,1610651
2021-04-28,6233.1374007085415,6310.236150669732,6210.600843027578,6237.92919921875,1406270
2021-04-29,6296.002643002232,6307.81672930116,6217.24330323295,6230.19580078125,757075
2021-04-30,6203.105624567096,6224.456051280433,6092.937330059493,6125.81689453125,849997
2021-05-03,6101.47672096964,6283.6670056393405,6073.009488989999,6260.7509765625,834923
2021-05-04,6300.700342747186,6308.813318860017,6150.820174904208,6175.72900390625,507170
2021-05-05,6222.652454632492,6261.842158852001,6151.768861318006,6253.39697265625,499160
2021-05-06,6253.301959475142,6366.221979684177,6239.732764228943,6326.03564453125,520125
2021-05-07,6337.755124875382,6409.444923025035,6300.74772109186,6360.576171875,605050
2021-05-10,6334.149285348331,6427.094522740275,6319.820685459268,6418.412109375,541534
2021-05-11,6338.846183344685,6404.178576349535,6319.963011280485,6392.45947265625,406046
2021-05-12,6386.149383104926,6490.529239292377,6343.448532846423,6469.22607421875,770204
2021-05-14,6490.529600764619,6492.569659946032,6357.872470573781,6392.22265625,647029
2021-05-17,6373.338999038898,6489.010762842434,6355.357011571532,6374.6201171875,995827
2021-05-18,6441.1865809867895,6513.303578652523,6372.343500785502,6463.1064453125,805827
2021-05-19,6451.623963837253,6504.71553919532,6414.6165606030045,6429.7041015625,432774
2021-05-20,6434.3539455865575,6466.522291277003,6385.675159867113,6393.5986328125,470476
2021-05-21,6433.595045944145,6486.259430169794,6399.671591240236,6466.474609375,434363
2021-05-24,6454.470575754189,6609.142540448092,6454.470575754189,6520.5146484375,1027484
2021-05-25,6585.37276935222,6593.011291689667,6536.07682457663,6558.66064453125,438736
2021-05-26,6572.135327551675,6690.748800832639,6558.850618544207,6674.90185546875,691574
2021-05-27,6663.230848944043,6707.829517400376,6596.000635848938,6612.84375,922091
2021-05-28,6631.536984353804,6686.953105875067,6585.894427604073,6613.88720703125,393809
2021-05-31,6599.65370913367,6737.245339302524,6570.284827567523,6724.2451171875,718277
2021-06-01,6744.409162562071,6778.0481279791775,6687.000243096477,6728.84716796875,642841
2021-06-02,6702.562611447765,6829.953476493293,6702.562611447765,6817.61767578125,598862
2021-06-03,6832.1357670434845,6860.6029994061655,6798.971256007417,6841.150390625,401590
2021-06-04,6832.135831614408,6900.457189930552,6785.734335091466,6846.0849609375,575591
2021-06-07,6852.063180164519,6954.402978409574,6842.66908567112,6903.9208984375,520482
2021-06-08,6943.632451617445,6990.081671253235,6922.47199415344,6961.89892578125,538816
2021-06-09,6936.705482203684,6964.223806409484,6832.135664888106,6869.14306640625,443778
2021-06-10,6887.172650173156,6907.526907337267,6807.51165690601,6832.041015625,278027
2021-06-11,6873.887848746501,6873.887848746501,6819.23066882299,6854.7197265625,253689
2021-06-14,6827.39135124148,6844.424430912037,6732.547835045308,6811.11767578125,322353
2021-06-15,6814.249474058346,6859.512563569205,6790.669021458529,6800.11083984375,207625
2021-06-16,6799.874050513714,6826.20624489018,6708.778891589723,6750.76806640625,283007
2021-06-17,6699.288410492118,6736.390794497447,6576.974299743527,6613.27001953125,595255
2021-06-18,6632.722936407303,6632.722936407303,6472.4997699742,6603.78125,797389
2021-06-21,6518.9964025887775,6571.186330120419,6492.4269849363045,6547.36865234375,443795
2021-06-22,6585.419377576147,6926.978886390737,6575.930300663213,6894.19384765625,1757310
2021-06-23,6894.858654455268,7096.881020577223,6870.139329712602,7052.94677734375,2227399
2021-06-24,7068.224473658677,7164.254131590511,7031.502018560667,7142.8564453125,1041762
2021-06-25,7154.764368708328,7273.377836359328,7154.764368708328,7258.1953125,1216123
2021-06-28,7304.691990291261,7304.691990291261,7184.560174323517,7208.140625,433364
2021-06-29,7207.9032682074285,7212.6478069569075,7071.782266151352,7104.94677734375,480219
2021-06-30,7122.0274477031535,7255.91843010025,7109.786629827612,7131.89599609375,729267
2021-07-01,7116.808272995087,7216.443588817017,7112.110994201361,7196.89599609375,584331
2021-07-02,7235.421302416408,7244.435925678435,7160.9793070927635,7186.884765625,434905
2021-07-05,7208.188304068108,7297.101152337166,7195.5680153670655,7211.177734375,484183
2021-07-06,7211.699049381902,7266.688439966988,7104.899665240723,7130.99462890625,425103
2021-07-07,7143.377207069755,7193.669315461718,7053.847672388238,7068.79296875,395336
2021-07-08,7074.107695265324,7114.91073093218,7007.684148830907,7023.056640625,391940
2021-07-09,7003.887839057159,7067.369672475328,6968.208816333684,7046.30419921875,400686
2021-07-12,7116.808775087401,7202.020513487552,7070.3595511484355,7088.4365234375,496478
2021-07-13,7135.786778216479,7144.516915459558,7025.713471531226,7050.71728515625,350032
2021-07-14,7056.078332394991,7068.414133675402,6936.515950754086,6952.41015625,460178
2021-07-15,6981.114332922411,6982.06324067461,6896.661542976769,6933.6689453125,430055
2021-07-16,6958.341028382095,6958.341028382095,6901.216592413243,6930.3955078125,281552
2021-07-19,6881.194574809396,6924.1799109181675,6785.734361676901,6799.44580078125,386598
2021-07-20,6813.157416977608,6893.814573028178,6779.423932927642,6863.1650390625,413816
2021-07-22,6928.924618772642,6950.74949774166,6876.070270022817,6926.599609375,439934
2021-07-23,6927.026607992272,6998.194689581233,6905.201729638324,6921.19091796875,436330
2021-07-26,6933.669354874627,6983.961468711818,6813.158063227018,6866.10693359375,431758
2021-07-27,6871.325757684375,6946.004985691965,6794.986404387037,6870.32958984375,417171
2021-07-28,6908.048321039726,6938.413368604736,6702.135342239503,6798.97119140625,739427
2021-07-29,6765.712434704994,6765.712434704994,6581.624326383428,6636.1865234375,1519226
2021-07-30,6642.35430532395,6732.500542324775,6609.047550354767,6621.19384765625,715546
2021-08-02,6737.245185700662,6744.314733940334,6671.770549388923,6715.373046875,433760
2021-08-03,6760.920018580404,6852.062416701262,6724.054862225942,6831.56591796875,470570
2021-08-04,6851.1142655408885,6878.253121087786,6645.675728353963,6739.9970703125,484122
2021-08-05,6753.462225051489,6761.054326822523,6690.435004059776,6711.01416015625,495133
2021-08-06,6737.036780518786,6845.615679846804,6725.338546288735,6780.96484375,517575
2021-08-09,6813.623964244581,6842.272698502092,6720.9930568119635,6762.7724609375,264983
2021-08-10,6727.869310309819,6784.880014851228,6679.930239161885,6686.5673828125,356726
2021-08-11,6686.615137574103,6775.426221235112,6613.2265305600595,6705.23681640625,414311
2021-08-12,6705.714129433248,6765.68529685259,6670.380688420854,6696.16455078125,330283
2021-08-13,6713.353794489539,6732.357362755454,6659.733003599122,6686.80615234375,431784
2021-08-16,6667.993098003353,6701.894101222704,6503.262871092422,6519.35400390625,750966
2021-08-17,6493.713777716506,6630.272758630251,6442.527940563957,6575.26708984375,752517
2021-08-18,6630.988612737601,6630.988612737601,6512.812578055149,6532.00732421875,434144
2021-08-20,6508.037906388182,6603.1993652027095,6474.614380823459,6542.32080078125,657982
2021-08-23,6593.984037489906,6606.398489696621,6494.6684198361845,6518.44677734375,537302
2021-08-24,6483.686421989191,6543.371288529338,6436.989075665785,6496.76953125,646993
2021-08-25,6530.001581223786,6530.001581223786,6398.217401901048,6409.15185546875,722194
2021-08-26,6398.217624953517,6399.506911314656,6294.127218816214,6310.9345703125,1199429
2021-08-27,6331.131348306599,6393.060453659324,6302.721354323096,6326.4521484375,1428388
2021-08-30,6388.668028586964,6503.26297080377,6354.146395501754,6490.7529296875,819447
2021-08-31,6512.811837658773,6562.469640526552,6458.904286299623,6537.736328125,938326
2021-09-01,6493.665852521586,6512.812570998833,6400.46187261743,6479.29345703125,1108476
2021-09-02,6544.039372263121,6550.0078583942695,6406.047972910957,6486.9326171875,741052
2021-09-03,6465.064042313582,6644.596101391123,6447.4929127678415,6553.970703125,1196077
2021-09-06,6613.08278595518,6640.776562242934,6530.001457091917,6538.50048828125,897444
2021-09-07,6570.014317640752,6617.762209404429,6544.994702129389,6567.38818359375,743783
2021-09-08,6543.466964333355,6549.435451066505,6451.69541906682,6475.80810546875,847767
2021-09-09,6445.965270424078,6511.332319570466,6436.415692245672,6495.86181640625,515702
2021-09-13,6527.614660349847,6584.864572399107,6506.4144086660635,6564.09423828125,508397
2021-09-14,6598.759076771016,6641.732182191377,6542.512149822862,6583.90966796875,817280
2021-09-15,6625.4974882739,6625.4974882739,6570.109933601099,6597.8037109375,310138
2021-09-16,6601.910245081734,6636.002428531554,6560.56075464265,6618.765625,556648
2021-09-17,6641.73147869834,6746.5380969279795,6636.956689712935,6698.50390625,980793
2021-09-20,6665.510123422124,6699.459154352246,6595.130010500291,6637.3388671875,550405
2021-09-21,6601.145805594174,6627.120844320893,6437.370542569306,6471.7490234375,1085249
2021-09-22,6512.812358469203,6537.641261888587,6479.388834635417,6523.31689453125,548623
2021-09-23,6558.649984360338,6570.013888600397,6513.76696903347,6538.3095703125,432740
2021-09-24,6541.461513274705,6720.802417590586,6539.551597504405,6639.10595703125,1649962
2021-09-27,6659.876073272953,7112.5260960334035,6659.876073272953,7069.98291015625,2646138
2021-09-28,7112.526005809638,7182.762968559647,7003.183332922259,7089.4638671875,1346961
2021-09-29,7057.6157190983995,7128.7600761882895,6962.597416676333,7051.4560546875,643556
2021-09-30,7052.124547388045,7074.3748774041005,6972.194393762743,7007.52783203125,625717
2021-10-01,6894.795589700028,6894.795589700028,6770.651070771912,6839.6943359375,901588
2021-10-04,6856.597261898617,6889.973224779189,6810.568107692117,6847.333984375,466994
2021-10-05,6842.081757092071,6971.1922437937,6833.34398609889,6931.32275390625,546004
2021-10-06,6943.4026139674925,6953.525259962247,6841.556457280029,6874.97998046875,726695
2021-10-07,6909.071812232702,7214.705855921025,6899.808535472322,7155.02099609375,1646727
2021-10-08,7208.690598787562,7230.893369077192,7067.786286488516,7095.3369140625,630622
2021-10-11,7085.9786451244845,7462.804651405566,7085.596288942201,7353.939453125,1069536
2021-10-12,7341.620724476742,7400.923703149261,7286.376316867239,7347.2548828125,406814
2021-10-13,7391.373667132119,7400.875684136723,7101.591524636136,7145.1376953125,1084436
2021-10-14,7200.381919583818,7219.4810758691865,7109.6609272283185,7159.22314453125,831546
2021-10-18,7071.462924932864,7358.236582625265,7071.462924932864,7312.1123046875,913963
2021-10-19,7324.718159193045,7418.68592185986,7243.355560840833,7310.8232421875,658869
2021-10-20,7272.003918922187,7321.996054879142,7176.5081353513115,7248.84619140625,488082
2021-10-21,7305.427039588215,7305.427039588215,7147.859005401018,7234.0439453125,563128
2021-10-22,7257.6800481526025,7281.55399567942,7053.8440976534175,7075.1875,224520
2021-10-25,7023.714820175701,7062.915652473309,6894.461184985975,6933.56689453125,248058
2021-10-26,6937.768642004238,7007.433002288773,6885.437139382229,6968.66162109375,292203
2021-10-27,6956.867944522621,7125.179265761071,6917.7146726316905,7024.90869140625,1218064
2021-10-28,6923.444290540885,7190.546182995989,6909.167484419671,7037.7529296875,961511
2021-10-29,7018.9396601595345,7209.931215538025,6966.273832021511,7145.3759765625,819875
2021-11-01,7067.643270226175,7320.707108438571,7067.643270226175,7272.529296875,1005690
2021-11-02,7303.4697345629365,7553.716240960993,7287.091835169398,7440.79248046875,1302733
2021-11-03,7440.792397418166,7489.017766054174,7364.252623424752,7385.88232421875,656492
2021-11-04,7424.511059032606,7467.72290218815,7387.07652441359,7398.4404296875,53365
2021-11-08,7410.425406035578,7527.550893893082,7326.436676030166,7338.46923828125,428433
2021-11-09,7361.769622720075,7414.769780206256,7199.140497165062,7236.240234375,632879
2021-11-10,7229.030474083258,7238.580051988256,7123.9851171282835,7173.30859375,562432
2021-11-11,7173.643554074488,7226.6437161153735,7106.796502851749,7117.73095703125,486991
2021-11-12,7190.8329396432455,7204.2023501551985,7106.796644996684,7142.94189453125,349666
2021-11-15,7116.345605582693,7238.437054942512,7116.345605582693,7165.14404296875,314414
2021-11-16,7205.156610764636,7762.613227270117,7195.654594126563,7687.74462890625,2619355
2021-11-17,7673.0859752654915,7973.897684314481,7654.034380510526,7902.037109375,2377268
2021-11-18,7863.123052482859,7991.087406263852,7640.713459206183,7751.5361328125,1337493
2021-11-22,7790.545621210992,7819.051204391749,7454.925520675867,7510.169921875,672298
2021-11-23,7495.559081462251,7595.6864963125445,7453.445350796569,7500.23828125,567198
2021-11-24,7511.221260360167,7542.209830309196,7292.631493278768,7324.001953125,571078
2021-11-25,7295.877620501816,7371.701176860427,7100.111270737042,7231.41796875,1007618
2021-11-26,7181.2826533191555,7181.2826533191555,6808.849111458188,6847.52490234375,1154876
2021-11-29,6843.227996030098,6885.246141693693,6675.8240703901165,6827.47119140625,733010
2021-11-30,6827.470923886348,6923.444184652916,6699.554137573321,6749.45068359375,1287938
2021-12-01,6867.101691866923,7047.588720063675,6808.896826152823,6945.64697265625,1669583
2021-12-02,6956.867317183924,7024.144278235229,6919.289635878123,6995.01806640625,618573
2021-12-03,6975.967137826755,6998.886126369923,6826.754972832172,6884.0048828125,603798
2021-12-06,6869.0123268854295,6875.697032333532,6704.759564446351,6725.62548828125,609507
2021-12-07,6807.894239136055,6934.712450005802,6771.797020371502,6862.89990234375,637151
2021-12-08,6899.570076855256,7160.130404779975,6828.998788980728,7100.015625,930339
2021-12-09,7132.580254970084,7132.580254970084,6995.066323156496,7087.45849609375,615037
2021-12-10,7047.588884890192,7138.309880020893,7026.532250956639,7091.1826171875,431682
2021-12-13,7147.859631091831,7234.665207903197,7090.56215909911,7177.84521484375,883009
2021-12-14,7178.226749010745,7215.947582870003,7121.884237676662,7155.64208984375,749704
2021-12-15,7139.264683858392,7295.877766810877,7117.348215308073,7227.0732421875,529018
2021-12-16,7249.562959500337,7277.734217789905,7072.418267543897,7115.2001953125,595582
2021-12-17,7143.084483174788,7143.084483174788,6914.849564527893,6967.9453125,1081907
2021-12-20,6875.696070155533,6991.771002713591,6718.939842591458,6958.3955078125,867425
2021-12-21,6977.399376007372,7071.415160766318,6955.912824859741,6985.65966796875,415744
2021-12-22,6976.444401085515,7118.2556383124265,6976.444401085515,7089.3681640625,368978
2021-12-23,7144.039882257005,7162.18408193123,7023.71518968056,7054.4169921875,249919
2021-12-24,7105.841650094449,7114.29312066738,6925.497759548798,6987.5224609375,357447
2021-12-27,6949.323655334795,6999.840830829017,6862.518082627544,6961.1650390625,190180
2021-12-28,6990.291437144476,7027.534793162049,6928.31476615745,6968.75732421875,214533
2021-12-29,6968.995637505308,7033.2641101363715,6914.32430413052,7018.9873046875,287776
2021-12-30,7018.940092589215,7062.056345614662,6928.600988071894,6954.24169921875,296041
2021-12-31,6961.690156040078,7113.9583688542,6961.690156040078,7091.94677734375,313398
2022-01-03,7085.787777711223,7263.362389733908,7085.787777711223,7185.0078125,456599
2022-01-04,7257.67901784443,7304.471948354216,7181.282396603962,7286.42333984375,495182
2022-01-05,7281.410675182894,7456.311117421674,7263.027736016607,7425.1318359375,710043
2022-01-06,7431.481869675908,7543.641853877237,7337.848440498265,7527.0732421875,739981
2022-01-07,7527.073572662339,7586.949151754379,7482.572442353661,7549.89697265625,523116
2022-01-10,7591.915257581036,7861.213383699004,7567.229502762615,7759.60595703125,827930
2022-01-11,7735.15869582618,7794.796000928344,7705.841302895928,7777.03369140625,688923
2022-01-12,7830.654686209192,7830.654686209192,7749.483265681413,7802.72216796875,288174
2022-01-13,7806.780002089253,7887.951414955012,7593.824413041436,7713.24169921875,684931
2022-01-14,7592.869742424127,7778.131562324804,7592.869742424127,7720.0703125,299536
2022-01-17,7758.841345681879,7991.947116187678,7735.254166582435,7893.2041015625,862249
2022-01-18,7877.39998553098,7877.39998553098,7536.050105035543,7558.634765625,785199
2022-01-19,7571.860247290566,7696.959716630339,7505.96816038641,7654.6552734375,681632
2022-01-20,7639.662677731706,7773.356774592011,7637.322844521448,7674.37548828125,522850
2022-01-21,7611.014776088266,7872.673251451903,7502.197132391707,7820.7236328125,1041476
2022-01-24,7820.149858620796,7957.472611374081,7594.588627215344,7689.60693359375,1153538
2022-01-25,7630.1123978920805,8273.753919316268,7532.611118673939,8215.119140625,2162832
2022-01-27,8266.115646955204,8567.54848347471,8021.693984026149,8422.919921875,2899559
2022-01-28,8398.8536455938,8527.77294544089,8138.484034761127,8165.79638671875,1045088
2022-01-31,8236.512091312281,8327.23309405717,8167.563942710946,8210.0595703125,561419
2022-02-01,8301.449192488248,8394.843890480719,7974.853584087123,8173.8671875,819689
2022-02-02,8193.253283887869,8291.900258107697,8060.084205170273,8131.7060546875,580433
2022-02-03,8164.889933951507,8401.719489930452,8138.819770151295,8206.57421875,810019
2022-02-04,8250.741086489666,8289.034525032257,8109.597563608561,8165.4150390625,404421
2022-02-07,8160.114069869767,8226.961113157173,8021.645194488712,8128.2666015625,446099
2022-02-08,8228.586305790426,8393.220495854588,8056.072780109073,8212.11328125,998182
2022-02-09,8233.646523982301,8584.8798321923,8233.646523982301,8546.34765625,1403525
2022-02-10,8642.36974924865,8642.36974924865,8393.985550811756,8408.8349609375,811887
2022-02-11,8344.421692704533,8465.701339645877,8282.635733298735,8343.6103515625,671572
2022-02-14,8117.142059582168,8227.009778238124,7950.024428943712,7989.56005859375,995540
2022-02-15,8031.195703791036,8273.99374275523,7980.105457637312,8234.3154296875,682766
2022-02-16,8327.231260284942,8342.892939813999,8159.158702737906,8196.3544921875,422704
2022-02-17,8188.763605299057,8268.31140809247,8141.0157125567885,8167.2294921875,305313
2022-02-18,8164.890071612232,8256.518468931095,8136.288895898795,8183.12939453125,385273
2022-02-21,8159.206427077231,8331.289996972584,8063.280736341526,8224.7646484375,626049
2022-02-22,8112.366732591545,8269.743595815142,8007.177755017889,8234.41015625,620828
2022-02-23,8298.584151864548,8394.032380494707,8265.351803456302,8307.03515625,557954
2022-02-24,8023.554949487308,8200.460871219339,7787.680387177933,7840.3466796875,947351
2022-02-25,7887.951582898252,8084.672893561332,7839.773774426973,7979.72265625,1344343
2022-02-28,7926.150059492417,7964.300811655418,7748.6234905741585,7939.6630859375,961303
2022-03-02,7828.458786987292,7829.7000457775375,7414.293347410269,7462.232421875,1783011
2022-03-03,7567.086279576484,7582.318044355104,7218.049172662652,7253.43017578125,1050154
2022-03-04,7144.9940086791485,7180.518624106775,6808.848874884032,6920.865234375,2511658
2022-03-07,6677.064760664601,6713.2100056943855,6426.865823694617,6464.15673828125,2469925
2022-03-08,6402.992447541491,6546.236126457407,6242.129609603709,6499.7294921875,2840376
2022-03-09,6564.380779250127,6759.287785083377,6471.749860485614,6710.34619140625,1827539
2022-03-10,6928.219209430942,7066.544947414399,6854.018797888475,6886.96484375,1535070
2022-03-11,6875.69657188749,6875.69657188749,6761.101629022698,6782.6357421875,1024452
2022-03-14,6732.4525062356915,7004.615479892029,6696.164109748181,6987.1875,1023874
2022-03-15,6991.245914861876,7276.778291387447,6988.381041518811,7085.88232421875,1586111
2022-03-16,7229.030681659115,7253.620845470571,7104.886165329434,7148.623046875,584457
2022-03-17,7232.850738775308,7393.23609581828,7190.832593474791,7346.49072265625,1133271
2022-03-21,7490.6886982710685,7582.364643583922,7305.426892118011,7358.474609375,1354525
2022-03-22,7367.4522014498525,7457.265800118558,7197.1829381758125,7416.8232421875,1093502
2022-03-23,7448.670887705054,7508.6420514139445,7268.183862349124,7300.50927734375,808597
2022-03-24,7257.010448200343,7310.201782894136,7187.346558141368,7216.568359375,565485
2022-03-25,7176.508250365679,7202.578413183139,7052.363729733937,7081.4423828125,686637
2022-03-28,7090.562547192488,7199.427749937262,7079.103052166723,7140.5546875,599515
2022-03-29,7195.607017062063,7222.441424477517,7067.642671967662,7104.07421875,446257
2022-03-30,7182.238434711163,7286.281285428186,7152.634739527538,7256.34326171875,589206
2022-03-31,7256.294345729787,7308.053244584529,7188.922260002266,7220.72216796875,434317
2022-04-01,7232.850411504289,7380.868871206317,7178.752145135307,7353.22265625,449386
2022-04-04,7305.427406252296,7442.941333899398,7287.903836797998,7424.60595703125,491029
2022-04-05,7430.527585309484,7544.1675779392,7381.824731325319,7412.240234375,488132
2022-04-06,7390.418798291716,7495.464161751089,7329.301495915353,7395.384765625,393628
2022-04-07,7314.73840740237,7399.013437847654,7277.78135201201,7296.35546875,458566
2022-04-08,7361.5789455581835,7382.301717581639,7176.890189170836,7217.52392578125,849846
2022-04-11,7271.861036827216,7273.48418543501,7147.859664027334,7224.63818359375,496254
2022-04-12,7200.382085272754,7364.157354188441,7162.183771823032,7275.203125,598047
2022-04-13,7275.20368356457,7357.9031317901945,7104.886847136689,7133.05810546875,527991
2022-04-18,7042.336916222323,7256.724961200547,7023.715237482566,7232.37353515625,551783
2022-04-19,7238.580327094779,7332.166194120543,7018.940026932272,7100.20703125,425990
2022-04-20,7161.228393744712,7352.219949785376,7136.01760160494,7321.375,542622
2022-04-21,7362.533486013878,7543.975468656817,7339.853238183511,7524.3037109375,772708
2022-04-22,7438.16720449981,7655.563280725368,7382.779645395819,7548.46484375,960818
2022-04-25,7458.220425038908,7637.752491608346,7458.220425038908,7555.96044921875,701521
2022-04-26,7639.662610269706,7704.122263543857,7477.319779801475,7550.61279296875,801963
2022-04-27,7497.374697872681,7510.744108873855,7372.275209218838,7437.59423828125,570519
2022-04-28,7490.689776143272,7582.36573464783,7416.871716904296,7532.85107421875,561932
2022-04-29,7561.3560835614,7588.572381664646,7282.5083977316535,7370.17333984375,1162749
2022-05-02,7319.751732032197,7400.923147194981,7204.488135985844,7290.8642578125,544053
2022-05-04,7305.428090438726,7398.059008709648,7025.147940825162,7064.68310546875,599211
2022-05-05,7114.435720779834,7198.472008488375,7047.731824153581,7073.9931640625,524174
2022-05-06,6984.561738524745,7028.394210730402,6834.29902706139,6951.376953125,650559
2022-05-09,6877.128763111908,7090.08435766498,6808.849278759689,7028.77587890625,570578
2022-05-10,7019.083410727405,7233.805778478866,7019.083410727405,7177.36767578125,663616
2022-05-11,7180.328240558281,7219.051595758012,7015.69359666038,7063.29833984375,605312
2022-05-12,6896.227886890188,6994.063501919116,6886.009651716161,6926.9296875,571754
2022-05-13,7009.39101921966,7009.39101921966,6744.247050285669,6782.0634765625,703097
2022-05-16,6834.634036926959,6976.302141834441,6827.949331287937,6921.1533203125,369545
2022-05-17,6952.093660186888,7243.021497365534,6928.267273558804,7193.5068359375,811448
2022-05-18,7225.210799562786,7296.020828005898,7171.351272268528,7225.73583984375,576970
2022-05-19,7114.436225404593,7186.0580665999405,7052.411524414209,7071.033203125,363255
2022-05-20,7181.808055166441,7304.376988179092,7114.435965524895,7244.88330078125,742204
2022-05-23,7448.766695184474,7596.546420014692,7425.847707165571,7541.73193359375,1161175
2022-05-24,7562.311097548178,7584.227566382957,7440.36279546827,7451.20166015625,581609
2022-05-25,7486.869632652733,7505.491310948235,7349.403262002276,7436.49560546875,454335
2022-05-26,7448.671499639654,7486.822253643405,7276.7790804172,7453.4462890625,476799
2022-05-27,7568.040937318999,7607.098620002891,7480.184815396809,7585.1826171875,431411
2022-05-30,7620.754724074974,7696.960173019693,7592.869768694736,7652.9365234375,389517
2022-05-31,7652.935886928841,7735.157843186229,7544.166291502618,7607.52783203125,2494005
2022-06-01,7615.836145075216,7705.459029377356,7525.163180205723,7581.7919921875,522004
2022-06-02,7568.040473423469,7612.923489480366,7501.76649616301,7568.42236328125,352848
2022-06-03,7591.914662930953,7634.887764796601,7335.031009556309,7357.99755859375,591905
2022-06-06,7343.625315887843,7426.611053573115,7249.514413341819,7363.24951171875,606990
2022-06-07,7272.051316490588,7467.7701070255935,7214.706286263217,7457.6474609375,991192
2022-06-08,7471.590466017205,7564.221380537101,7372.943503358135,7536.95751953125,813596
2022-06-09,7494.508972445331,7649.212139307735,7477.415320722455,7572.67236328125,687937
2022-06-10,7473.500523318905,7628.394881170987,7473.500523318905,7577.6865234375,442921
2022-06-13,7496.371345939681,7608.48330105391,7442.702529795037,7545.69482421875,565826
2022-06-14,7453.446498147079,7545.504347544355,7400.923813022404,7459.796875,553462
2022-06-15,7463.950509411107,7571.86074579333,7463.950509411107,7499.7138671875,604566
2022-06-16,7580.455812311411,7663.537149634552,7453.446411576035,7480.75830078125,1319566
2022-06-17,7453.446297191212,7496.13310119322,7301.751143804352,7341.859375,1317656
2022-06-20,7352.984015517405,7433.48723929282,7282.508315112164,7315.88427734375,1043423
2022-06-21,7367.452130960989,7486.869421636558,7281.696637659747,7430.14501953125,954884
2022-06-22,7400.923372452298,7514.563357138985,7369.027873369268,7432.1982421875,796824
2022-06-23,7458.220964887672,7943.148384770666,7451.5362597975045,7898.45654296875,1676430
2022-06-24,7935.699960660525,8012.09659084739,7867.229294340338,7986.50390625,1156788
2022-06-27,8063.663657484465,8161.738009990146,8013.289633570171,8068.19970703125,921090
2022-06-28,8036.208867207311,8155.244733573905,8003.54912295366,8107.3056640625,691242
2022-06-29,8012.048692040897,8145.790350614028,7992.997096675195,8125.64111328125,655413
2022-06-30,8117.141500715698,8245.678450743691,8055.641843844582,8089.208984375,1130302
2022-07-01,8059.84421441374,8069.393792866837,7931.49750697371,8024.12841796875,530569
2022-07-04,8024.127950539269,8086.200206868503,7945.248810142043,8063.04248046875,625431
2022-07-05,8115.709236789409,8125.30637660588,7959.573629303963,7972.65673828125,610290
2022-07-06,7999.682081743128,8262.725413706128,7992.997376649157,8241.333984375,976098
2022-07-07,8303.357909844985,8308.132698752313,8189.909111922042,8218.7490234375,547662
2022-07-08,8231.736786747153,8267.022666333163,8064.6191605660915,8094.17529296875,686327
2022-07-11,8071.018159252076,8141.016389315958,8037.021097247802,8124.4482421875,536114
2022-07-12,8112.367125648054,8114.706958950531,7998.965878306005,8040.458984375,424358
2022-07-13,8073.21436577299,8105.826552216155,8003.502436662341,8060.0361328125,413855
2022-07-14,8083.67036659183,8200.556643949154,8069.3935607000085,8181.83984375,606496
2022-07-15,8208.817114066147,8402.673544284322,8189.909136451684,8382.6669921875,631246
2022-07-18,8405.538885189844,8444.692156525085,8292.85386037135,8312.716796875,478682
2022-07-19,8308.084310456492,8402.577560042602,8277.04818564795,8323.267578125,478458
2022-07-20,8380.23245398189,8466.131097477966,8327.423472392116,8354.9736328125,398132
2022-07-21,8396.943840718071,8434.092071749588,8329.189399056859,8400.763671875,421090
2022-07-22,8451.376329455628,8488.619682771874,8395.033820592591,8433.1845703125,415294
2022-07-25,8430.844810759858,8459.588667078046,8107.591600311627,8233.263671875,623462
2022-07-26,8233.647214067512,8236.894444036925,8089.782429902852,8141.82763671875,429454
2022-07-27,8170.189377024582,8315.247846226677,8078.943341754369,8268.1201171875,1298855
2022-07-28,8308.132700211805,8375.123361623782,8240.139519644306,8328.234375,725196
2022-07-29,8369.9191133878,8540.187908658783,8336.781890035914,8378.3701171875,821432
2022-08-01,8451.376292073677,8675.79136875586,8425.210076059928,8597.8671875,1009408
2022-08-02,8580.296338213919,8782.603787025533,8550.692644670833,8759.8759765625,848311
2022-08-03,8790.347063870779,8790.347063870779,8512.402638134969,8612.228515625,753729
2022-08-04,8674.27642619976,8697.346310311994,8487.794862959207,8619.197265625,643264
2022-08-05,8619.293548955833,8636.980836691355,8468.57048448929,8498.5615234375,558385
2022-08-08,8498.561092166401,8649.284148984296,8498.36865538677,8576.181640625,520993
2022-08-10,8592.187098994764,8650.72731485845,8483.95125072956,8535.5703125,445375
2022-08-11,8608.624692966381,8649.28518128097,8385.903969937228,8472.271484375,508318
2022-08-12,8473.377449390608,8473.377449390608,8338.803105327683,8362.0654296875,712782
2022-08-16,8398.544896933743,8689.657665701461,8367.688359028289,8654.7646484375,963726
2022-08-17,8660.819011740783,8718.493722140833,8574.306946140709,8597.712890625,623749
2022-08-18,8579.114114736842,8663.127327604567,8532.97434134666,8600.9345703125,442229
2022-08-19,8608.38340853223,8620.446847901112,8377.251815283029,8438.7236328125,572597
2022-08-22,8411.857189279273,8427.66986139726,8268.824083711463,8293.6240234375,488485
2022-08-23,8273.43772844877,8417.624513538502,8232.104183389714,8382.5390625,558231
2022-08-24,8324.383919659782,8432.0433883667,8260.941732743207,8366.6787109375,442582
2022-08-25,8383.018868797735,8492.60081479509,8343.6078180443,8397.341796875,525721
2022-08-26,8458.95801226756,8490.438793506395,8368.793397561825,8382.634765625,398063
2022-08-29,8269.208994790908,8516.538177978804,8257.097678688151,8491.833984375,459057
2022-08-30,8540.471471950148,8808.851329172287,8526.245230222412,8730.26953125,1016312
2022-09-01,8603.097166410662,8875.802633272524,8594.493833626517,8674.7578125,888864
2022-09-02,8676.680345414276,8795.298386067063,8557.101059500821,8573.9228515625,632909
2022-09-05,8555.082248472998,8667.355499676047,8531.051118561556,8603.1923828125,386455
2022-09-06,8636.115348848427,8673.075415756617,8526.245206590142,8544.2685546875,397902
2022-09-07,8520.476494090868,8529.656196974782,8420.50700453926,8444.4423828125,496785
2022-09-08,8486.834081975856,8540.759563551264,8439.733066003853,8449.970703125,428924
2022-09-09,8492.265524098359,8640.633349467465,8391.670835560237,8599.2998046875,632296
2022-09-12,8622.274723921582,8663.030962035695,8558.928282195611,8581.662109375,383641
2022-09-13,8624.58050846112,8640.681366285917,8565.560613753889,8580.5556640625,405093
2022-09-14,8516.488468714979,8651.207367823687,8483.66250621005,8619.6787109375,509547
2022-09-15,8680.092172001223,8963.611636105757,8680.044297483646,8852.828125,1392132
2022-09-16,8852.58717660896,8954.864035681989,8670.479095863046,8833.5068359375,1056382
2022-09-19,8819.712634884883,8981.346385969342,8718.493706062656,8921.171875,727024
2022-09-20,8977.0683619503,9064.541669685334,8891.517544495158,8940.396484375,747257
2022-09-21,8939.581482283245,9033.783523709457,8854.463396880647,8889.5009765625,440725
2022-09-22,8842.495172367804,9069.349054385284,8829.998983951587,9037.4833984375,511112
2022-09-23,9033.7355255096,9084.72940133008,8917.808778193546,8981.34765625,574213
2022-09-26,8911.03144526751,8911.03144526751,8458.958002491216,8492.5537109375,865432
2022-09-27,8545.470246010213,8563.68603118446,8334.476914289264,8434.013671875,686285
2022-09-28,8382.058469647922,8507.020350502764,8324.431629925883,8388.546875,663740
2022-09-29,8430.505699967853,8458.958183827028,8270.649864225636,8290.595703125,817007
2022-09-30,8332.073776778961,8528.167806597017,8226.529236708337,8486.017578125,658982
2022-10-03,8622.370438366532,8622.370438366532,8180.197595373377,8215.763671875,1123076
2022-10-04,8361.871755841508,8419.113718122493,8295.545838936914,8353.701171875,503140
2022-10-06,8395.515397438383,8482.988708769604,8353.7012321317,8365.716796875,474445
2022-10-07,8410.89630156317,8502.79097595438,8373.40773519049,8438.8681640625,428616
2022-10-10,8338.802691166531,8532.44573794554,8322.461521627645,8518.9404296875,411218
2022-10-11,8469.532221956082,8507.020788141112,8329.190410083924,8347.5986328125,422610
2022-10-12,8360.911697008167,8382.059093804462,8257.673575343437,8349.953125,380365
2022-10-13,8329.190294405451,8444.972475335182,8259.019389443929,8314.3388671875,355605
2022-10-14,8420.508758102087,8426.852601542982,8272.765168975271,8283.3388671875,274160
2022-10-17,8276.321418228757,8410.607564407106,8235.035747917264,8385.7109375,304671
2022-10-18,8425.361977084736,8543.787572407677,8412.865789596613,8466.0224609375,369973
2022-10-19,8508.367774345921,8511.827882244657,8358.028620679537,8381.4345703125,385416
2022-10-20,8362.833675288328,8400.514676832841,8277.282848035378,8369.947265625,328270
2022-10-21,8391.670316540994,8453.190007292269,8306.119496590003,8366.0048828125,356203
2022-10-24,8448.191770630296,8448.191770630296,8406.906100840377,8425.7470703125,30052
2022-10-25,8478.183296606052,8667.548615135689,8456.459528951524,8656.013671875,727441
2022-10-27,8699.269086140048,8725.174832101095,8557.004796112564,8691.53125,849108
2022-10-28,8742.52512584139,9179.843818917365,8700.230336887347,9124.66796875,1873029
2022-10-31,9276.016162747577,9390.404341334826,9084.824117336768,9158.359375,1932020
2022-11-01,9261.597485826074,9263.42422718929,9011.673734262527,9088.1884765625,805517
2022-11-02,9078.960885866392,9088.188464271392,8853.068264566382,8871.716796875,788679
2022-11-03,8853.068179584092,8949.192698363508,8809.23577450708,8881.0400390625,616860
2022-11-04,8899.112238940545,8962.650170648463,8834.852434622582,8871.8125,465775
2022-11-07,8917.472896160307,8990.335104183916,8895.652439500098,8971.5908203125,469017
2022-11-09,9112.94091931926,9113.421541938405,8862.681097017345,8894.8828125,617256
2022-11-10,8844.416684987222,8892.238631523263,8719.454814641787,8744.6875,445700
2022-11-11,8843.456476070294,8881.906286835816,8699.269685699583,8735.3642578125,461074
2022-11-14,8747.331531797994,8807.937855382244,8644.045544813942,8797.65234375,282822
2022-11-15,8833.844502500668,8846.869188860694,8776.169783224275,8807.1220703125,359888
2022-11-16,8805.005761589808,8893.920939859137,8747.186489099087,8780.9267578125,350737
2022-11-17,8748.292084491353,8814.233126101562,8622.368970210684,8638.181640625,409572
2022-11-18,8660.819357593697,8674.22891604039,8493.562690754485,8505.1455078125,515615
2022-11-21,8482.990560109012,8583.15251741184,8445.50198992836,8521.6328125,520644
2022-11-22,8531.051165877236,8588.678003467689,8515.719117165498,8529.849609375,455948
2022-11-23,8593.53294287593,8640.633962361491,8557.005621642229,8588.24609375,621006
2022-11-24,8621.312046939433,8646.304420971675,8575.268028524413,8619.5810546875,455343
2022-11-25,8651.206890279394,8728.106507081877,8600.741516752765,8669.951171875,545439
2022-11-28,8678.122502105738,8751.27289339048,8603.145369278507,8637.173828125,439956
2022-11-29,8636.787668188836,8674.997162881156,8543.546888688077,8564.88671875,606692
2022-11-30,8578.151579460538,8670.431112363745,8526.244342202484,8626.3583984375,1087650
2022-12-01,8669.51876454971,8675.238361517413,8583.920062975123,8610.9794921875,694489
2022-12-02,8478.183879575914,8582.863872351016,8415.462621283134,8474.1943359375,971612
2022-12-05,8501.252304133517,8510.0959474622,8425.313935519027,8451.3154296875,519621
2022-12-06,8437.041832514558,8458.95803604656,8357.979412234465,8379.5107421875,551379
2022-12-07,8382.057798774553,8408.828101005578,8306.119431102168,8323.56640625,546450
2022-12-08,8329.189873339417,8373.407153682594,8272.524279591205,8346.2041015625,476001
2022-12-09,8369.561017429567,8424.111676409599,8214.272060534442,8279.5400390625,790406
2022-12-12,8275.36035824414,8356.393145085662,8185.291490565107,8324.1435546875,445039
2022-12-13,8326.305683188755,8360.285324546128,8276.320934224796,8286.6064453125,330236
2022-12-14,8314.77112436911,8341.397804614631,8262.911757185473,8306.6962890625,343670
2022-12-15,8306.12004875901,8337.456267832196,8242.67786345429,8251.4736328125,472176
2022-12-16,8227.778531379226,8255.174020384928,8118.677197970553,8156.9345703125,624222
2022-12-19,8169.429594029194,8287.326679961077,8123.482266409181,8270.408203125,464106
2022-12-20,8251.714743678494,8251.714743678494,8105.2684551804105,8193.9912109375,694906
2022-12-21,8193.990076733913,8234.939685141693,7967.088336911188,8026.7822265625,800720
2022-12-22,8032.790034446745,8059.079715044127,7966.800176322247,8011.353515625,580858
2022-12-23,7978.04718271388,8007.124850773914,7808.050870778905,7826.07421875,503012
2022-12-26,7831.26502990019,8022.552834116483,7763.064491859762,7936.8095703125,315102
2022-12-27,7977.32661278285,7992.754411606836,7911.817372215117,7983.57470703125,423308
2022-12-28,7992.753980126764,8125.886442694119,7966.415485692008,8094.69384765625,538632
2022-12-29,8045.62280836914,8121.561183740844,8010.0567338279625,8108.87255859375,452134
2022-12-30,8141.747310689652,8160.972215791635,8038.173134452721,8069.26904296875,433976
2023-01-02,8040.81584539602,8126.366665508423,8014.477352257044,8077.63134765625,398159
2023-01-03,8055.2354817184105,8076.382877971131,7982.325402397171,8057.87890625,493207
2023-01-04,8051.389888424822,8206.198241934102,7988.956824218723,8096.3759765625,566744
2023-01-05,8117.667859461405,8146.55309004929,8064.895122365121,8133.19140625,417716
2023-01-06,8132.134018107362,8155.156027332078,8026.397050968851,8058.166015625,368978
2023-01-09,8098.347263886164,8119.591348701408,8002.463043154944,8052.35205078125,613406
2023-01-10,8055.235239783961,8084.072597444286,7942.673795869589,7971.75146484375,493677
2023-01-11,8011.642881581054,8011.642881581054,7929.456414930253,7963.38818359375,327536
2023-01-12,7992.754323160594,8052.351529178148,7939.885833951474,8044.85400390625,283772
2023-01-13,8071.57640774642,8170.632543549505,8027.35912600814,8125.791015625,705220
2023-01-16,8151.360326070109,8184.330852853322,8020.246088735075,8055.33154296875,500575
2023-01-17,8083.92734715814,8164.143444632747,8018.851799882683,8150.73388671875,409248
2023-01-18,8144.630722023126,8206.535289472042,8136.26770089368,8164.86474609375,402883
2023-01-19,8150.399292416799,8188.849106274173,8128.771272122026,8172.171875,184776
2023-01-20,8134.1054810415035,8170.584927372226,8085.995342241785,8112.7177734375,346337
2023-01-23,8151.3596740266685,8153.282164515826,8053.216910041616,8090.89697265625,410827
2023-01-24,8122.522065779773,8380.135783369002,8090.8009736885615,8361.6796875,1039571
2023-01-25,8408.878474397423,8490.68007723917,8343.89772626777,8443.6748046875,1131883
2023-01-27,8486.305320952473,8544.508529707618,8286.029321547305,8398.8798828125,743546
2023-01-30,8438.77151095717,8521.4385971791,8380.135554450919,8475.298828125,1036998
2023-01-31,8513.653199753797,8597.232721006016,8487.987764530326,8550.564453125,643670
2023-02-01,8590.64840529921,8680.476957535555,8337.745167108296,8429.0146484375,707460
2023-02-02,8425.31433824865,8593.53225144814,8411.952654228107,8526.3896484375,456995
2023-02-03,8593.531511431525,8615.640149548182,8502.357785815078,8595.7421875,351157
2023-02-06,8580.987267047341,8589.68634759486,8478.181914255445,8562.771484375,205161
2023-02-07,8562.77233387449,8574.307276398795,8413.34657818104,8422.86328125,318669
2023-02-08,8433.004457741818,8511.345944497312,8336.927808634046,8492.3134765625,391645
2023-02-09,8461.167345659858,8490.677757239475,8362.83216211745,8460.1103515625,392186
2023-02-10,8456.842503290718,8531.050817582349,8432.955936487879,8469.8671875,276298
2023-02-13,8446.46184899761,8520.862605400427,8416.375060995555,8468.0419921875,253037
2023-02-14,8473.376744024537,8504.13659153546,8425.31448228872,8434.3984375,227030
2023-02-15,8434.398083635044,8550.949063454507,8403.205489333974,8502.5498046875,452568
2023-02-16,8535.857997773397,8535.857997773397,8449.34592347164,8463.8603515625,247514
2023-02-17,8446.4623633572,8530.09070358846,8410.65597630416,8466.408203125,214587
2023-02-20,8466.40916994129,8506.06054268235,8339.044154470002,8356.7314453125,298434
2023-02-21,8357.066010237077,8382.05838615911,8303.66902557763,8333.8515625,323478
2023-02-22,8339.282443202228,8381.096607951153,8252.289755621132,8323.3740234375,363931
2023-02-23,8356.537216825871,8408.44445728512,8282.088588831393,8359.228515625,317544
2023-02-24,8373.408123854353,8401.284238604872,8275.64928541706,8324.865234375,242982
2023-02-27,8295.546205596256,8308.090267909021,8199.421684094563,8297.6611328125,220225
2023-02-28,8314.77253040141,8371.486007776402,8271.80467420627,8290.1162109375,370998
2023-03-01,8285.934166732593,8436.12873907041,8285.934166732593,8424.498046875,333441
2023-03-02,8431.082068833162,8431.082068833162,8179.33156293659,8217.4453125,603893
2023-03-03,8259.067488313354,8294.585689875199,8218.647311210216,8267.9111328125,437977
2023-03-06,8305.158888761292,8327.267529321653,8258.009997396432,8296.9404296875,275417
2023-03-08,8290.739559119776,8374.415763100797,8276.368756140771,8356.9697265625,348171
2023-03-09,8386.86493771491,8398.399880895722,8203.314966607035,8210.9091796875,431466
2023-03-10,8199.422306141007,8293.624344359274,8151.4557907862845,8268.19921875,516128
2023-03-13,8268.198459498142,8302.562975386429,8152.41628745441,8188.271484375,479314
2023-03-14,8213.793306890924,8213.793306890924,8117.716650325901,8182.2646484375,349510
2023-03-15,8314.77215597114,8367.592774924846,8112.910635421553,8146.50634765625,509229
2023-03-16,8132.2306262243455,8202.690654560993,8085.033859574865,8110.458984375,340261
2023-03-17,8173.468406334374,8181.110493857707,7972.135399855803,7994.5322265625,471602
2023-03-20,7994.531878261122,7994.531878261122,7814.923585608427,7901.05078125,488199
2023-03-21,7925.467037753437,7954.304395076979,7896.6296804298945,7909.5107421875,287497
2023-03-22,7916.815281727926,7968.337647754473,7898.551623355799,7932.580078125,218120
2023-03-23,7943.730855864676,8050.429080090352,7913.5473791108025,8029.47412109375,540553
2023-03-24,8029.474387060105,8061.48366764486,7892.785118348768,7923.44921875,391840
2023-03-27,7930.272999505723,7994.483991928212,7910.615347175864,7957.52392578125,364326
2023-03-28,7984.00789413635,8031.781035658764,7824.536919757058,7890.67041015625,360349
2023-03-29,7930.128113682394,7996.694341901687,7870.194852642104,7973.81689453125,339851
2023-03-31,8003.279940214074,8045.622605009774,7937.049768134443,7970.7900390625,478757
2023-04-03,8086.811122180512,8246.522384029719,8065.183105670351,8173.515625,627265
2023-04-05,8191.685153567219,8216.725407666485,8103.2984542148415,8119.6875,272888
2023-04-06,8135.9789346466305,8204.227340171194,8052.446355778771,8186.5888671875,309551
2023-04-10,8128.866478975933,8224.222198725238,8077.391981850948,8204.373046875,308275
2023-04-11,8247.485267067079,8334.910721131964,8213.841679147807,8323.9521484375,409240
2023-04-12,8335.918993696729,8372.398439490084,8258.058126712245,8286.943359375,408458
2023-04-13,8293.671416354333,8366.678176652307,8285.933580278366,8334.7646484375,480202
2023-04-17,8507.020782312688,8507.020782312688,8314.771725085282,8338.466796875,489356
2023-04-18,8356.057125640387,8409.74229763572,8353.221264395452,8394.21875,276111
2023-04-19,8353.269725706738,8403.014171138126,8326.739730296451,8343.5615234375,280819
2023-04-20,8333.996041149278,8401.187457382672,8329.334377327781,8376.916015625,369060
2023-04-21,8343.032331042958,8366.678588515804,8218.646821209804,8226.76953125,424157
2023-04-24,8244.60053581946,8244.60053581946,8117.4758510972815,8138.046875,543745
2023-04-25,8180.196744084572,8194.615422246883,8093.684675110705,8140.68994140625,906406
2023-04-26,8196.537938468151,8218.646578386619,8108.0076297593105,8177.21728515625,959058
2023-04-27,8237.872592544496,8237.872592544496,8142.949614888281,8211.87109375,536521
2023-04-28,8259.980546401144,8278.676954512974,8204.324070177296,8256.6640625,387567
2023-05-02,8288.529684641904,8484.911903362605,8272.476701069285,8436.705078125,865562
2023-05-03,8430.12147170957,8485.87370037082,8377.300853536419,8456.36328125,537008
2023-05-04,8455.73801209875,8481.01857325915,8404.166831339395,8459.5341796875,271926
2023-05-05,8459.535506844775,8639.673262094995,8449.346681554853,8601.8486328125,951591
2023-05-08,8695.425258444084,8767.470783697858,8612.758160033052,8724.5029296875,678780
2023-05-09,8730.991204286884,8785.782187292978,8701.04803721026,8758.4345703125,415394
2023-05-10,8775.015257327863,8824.231200787885,8708.881773326604,8812.8408203125,366827
2023-05-11,8884.741554578442,8953.99908384988,8787.75153791539,8901.99609375,644550
2023-05-12,8902.04409416639,8968.225451974859,8874.841042225571,8935.1591796875,403028
2023-05-15,8883.829032352154,8946.79059928778,8829.422924043842,8850.4736328125,259316
2023-05-16,8861.814989789453,8871.61987828715,8706.093271923859,8719.791015625,448981
2023-05-17,8728.443090077732,8778.091783635206,8682.015131396332,8765.98046875,290482
2023-05-18,8790.539908617173,8795.394009370935,8693.59776223507,8702.44140625,272497
2023-05-19,8708.882348884814,8764.82701264405,8613.286316815258,8753.0517578125,543472
2023-05-22,8737.719734951863,8814.331172736413,8722.195247945127,8801.787109375,182115
2023-05-23,8813.657245643137,8877.099428892396,8801.881991933995,8844.12890625,269008
2023-05-24,8812.696889410243,8957.076120869588,8804.045681730848,8911.46484375,470365
2023-05-25,8863.402080163381,8933.236922599226,8858.884039775128,8922.1337890625,218979
2023-05-26,8971.300701497648,9050.122801307229,8950.393620145718,9035.65625,346760
2023-05-29,9069.34960320184,9121.064413725944,8951.164303247308,8971.783203125,236834
2023-05-30,9016.479423013878,9038.49231223022,8939.579811730178,9019.69921875,372004
2023-05-31,9083.719647588247,9083.719647588247,8908.436014765362,9004.6572265625,1614766
2023-06-01,8975.627824028423,9014.125509843687,8864.603993915944,8966.7841796875,378706
2023-06-02,9025.131467853695,9156.005381453679,8951.788644520406,9117.7470703125,445105
2023-06-05,9182.294588450755,9266.4035417603,9120.822771403036,9210.7470703125,434649
2023-06-06,9255.831266188152,9391.366857478268,9238.528850278775,9358.876953125,542318
2023-06-07,9408.667342422095,9420.202283994335,9276.49613690687,9331.287109375,453747
2023-06-08,9355.800226805653,9386.56007549134,9252.466360127179,9284.283203125,273746
2023-06-09,9300.52834362204,9337.440536419723,9238.62377451986,9254.6767578125,161389
2023-06-12,9251.984859188882,9324.078247702042,9168.020468186953,9180.32421875,316879
2023-06-13,9216.419155092592,9245.30438616567,9137.260986834546,9148.6513671875,561014
2023-06-14,9151.053771636507,9226.992138018784,9122.697039886163,9163.0693359375,328167
2023-06-15,9184.69768479305,9321.9633086028,9173.162742645743,9223.0029296875,459978
2023-06-16,9223.19559569659,9269.672364483162,9181.814177457847,9231.5107421875,682099
2023-06-19,9264.481841592793,9268.471384919294,9141.442447971307,9162.58984375,395006
2023-06-20,9160.667901245999,9169.223360081989,9054.930916027,9124.236328125,612713
2023-06-21,9133.751218265868,9167.394797790106,9031.907109077165,9074.970703125,356331
2023-06-22,9073.241546825333,9126.398219986733,9010.520295938792,9038.63671875,288487
2023-06-23,9054.92988439618,9061.658600870784,8944.386685170537,8965.822265625,309138
2023-06-26,8965.823216221825,9151.055375697926,8939.581406931798,9103.185546875,405168
2023-06-27,9122.216931060737,9131.829383042887,9030.946511747015,9094.3408203125,339375
2023-06-28,9108.231892636531,9203.923673741452,9066.994094110558,9170.9052734375,482586
2023-06-30,9198.155902436825,9471.63017918918,9171.241035129036,9409.677734375,845006
2023-07-03,9364.499778138164,9406.602135393743,9282.313303311732,9298.1259765625,398066
2023-07-04,9324.078701577033,9339.939247821983,9247.226957937835,9273.517578125,247673
2023-07-05,9321.195244971348,9647.970757405497,9300.04784934493,9605.05078125,815044
2023-07-06,9612.404589450378,9628.120573742544,9434.814530178543,9477.3017578125,652120
2023-07-07,9472.10955206562,9559.58285927467,9434.62099183317,9468.5048828125,457050
2023-07-10,9472.11141857885,9548.385859518643,9343.064233887942,9358.97265625,272008
2023-07-11,9416.358586724436,9570.974511633538,9358.972056838771,9516.47265625,568772
2023-07-12,9511.522119700048,9564.390610511922,9425.01004382607,9454.6162109375,552967
2023-07-13,9471.102273805598,9515.319558574005,9239.490025954818,9273.662109375,519564
2023-07-14,9325.953106555204,9350.320297021195,9219.302763292522,9231.462890625,498441
2023-07-17,9273.133380043879,9323.118135487259,9184.698812720977,9314.0341796875,444583
2023-07-18,9333.883835114815,9387.809318273685,9229.58872525716,9291.060546875,320985
2023-07-19,9276.977228296717,9291.395905990681,9156.485520520551,9235.2109375,450254
2023-07-20,9247.179625543618,9405.785097291508,9204.356335914907,9393.76953125,466813
2023-07-21,9343.303924991586,9463.459582463185,9326.962755575449,9391.4140625,328483
2023-07-24,9391.413781760617,9434.621942638989,9304.853836448845,9319.080078125,358506
2023-07-25,9251.023995462336,9396.124149136032,9244.102842136488,9380.4072265625,240998
2023-07-26,9383.195905921444,9429.816302524137,9348.350764130771,9378.2451171875,209861
2023-07-27,9391.365382331804,9446.300919701544,9316.052198175857,9375.6005859375,256672
2023-07-28,9361.567030050432,9372.14072728121,9176.431579477929,9295.529296875,381151
2023-07-31,9295.529876539918,9456.442709009174,9233.721993888896,9440.1494140625,600060
2023-08-01,9381.7535441377,9508.637915841202,9276.064442236913,9340.1796875,1394528
2023-08-02,9338.497340698606,9413.907216180136,9151.390582570195,9279.6689453125,672815
2023-08-03,9313.676993488076,9372.96233961736,9232.900271145161,9260.166015625,614897
2023-08-04,9275.98262266581,9330.318922547534,9146.933910446714,9189.044921875,540470
2023-08-07,9208.06274802302,9256.38305638991,9142.082951725279,9240.8583984375,366329
2023-08-08,9256.528403509545,9337.110886673187,9222.616541393396,9259.05078125,430636
2023-08-09,9256.576698925328,9256.625023968285,9137.716044248353,9181.9609375,404602
2023-08-10,9181.960309994127,9217.764426629057,9064.506774888987,9118.40625,523490
2023-08-11,9118.406546721926,9187.685704844816,9066.399326863446,9078.8671875,498504
2023-08-14,9081.924149613897,9085.805313780398,8982.85781328388,9044.7138671875,336864
2023-08-16,9056.696866421948,9157.364565146105,8979.219503339498,9139.705078125,336363
2023-08-17,9135.19362552758,9193.265166103542,9072.22135708785,9096.76953125,402798
2023-08-18,9072.220945069164,9188.655866289304,9059.26793910335,9175.1201171875,400745
2023-08-21,9174.63518730227,9187.685791205702,9133.59206611755,9158.3828125,375347
2023-08-22,9140.335221104533,9225.574904134852,9130.147165879405,9209.9052734375,435930
2023-08-23,9236.2012494084,9353.606475921522,9165.369997049242,9315.716796875,546842
2023-08-24,9374.612675922182,9374.612675922182,9271.130758918092,9289.275390625,385559
2023-08-25,9270.160767023322,9338.808859368613,9203.210684029329,9223.2958984375,346449
2023-08-28,9232.269948332787,9382.713368732031,9227.466818680623,9312.5615234375,325938
2023-08-29,9314.793426010134,9397.025586724129,9223.586073713785,9335.412109375,317224
2023-08-30,9373.012263153896,9526.26993578657,9324.497706926391,9505.3603515625,543634
2023-08-31,9479.840442753728,9765.97965948681,9479.840442753728,9706.59765625,1581818
2023-09-01,9701.939191810345,10089.03695513495,9655.704449105098,10024.318359375,1193178
2023-09-04,10091.997304250464,10156.958480157857,9980.704730277697,10054.5927734375,819552
2023-09-05,10042.51161214991,10103.349045918978,9941.40710283454,9957.22265625,507107
2023-09-06,9955.1857837109,9955.1857837109,9829.193874815148,9876.4462890625,663758
2023-09-07,9848.453785936399,9994.871078877291,9848.453785936399,9975.3193359375,445805
2023-09-08,10090.056373705478,10091.026664730933,9993.997562185443,10025.046875,439721
2023-09-11,10037.661297813911,10236.570970704375,10036.69100672664,10220.900390625,598050
2023-09-12,10230.748966081754,10254.424447033833,10095.878508353628,10191.548828125,568773
2023-09-13,10188.056434259333,10223.375408918057,10129.838968920709,10162.2470703125,301707
2023-09-14,10154.144301659657,10265.679448886978,10121.154405510115,10176.55859375,501196
2023-09-15,10177.673512022136,10236.570367056305,10166.12761729441,10212.5556640625,544616
2023-09-18,10188.104295409697,10308.032837076504,10182.282549140917,10209.4990234375,430213
2023-09-20,10182.28207314479,10182.28207314479,10030.431531732707,10039.3583984375,545106
2023-09-21,10035.768268868122,10037.66052585275,9903.275220600879,9978.763671875,577252
2023-09-22,10069.681454216605,10252.823906951562,10002.1978949175,10222.1630859375,986206
2023-09-25,10222.161992211102,10401.519911288335,10217.164614353187,10273.6357421875,756801
2023-09-26,10316.037839336816,10318.02674648818,10213.817108235358,10243.0234375,452503
2023-09-27,10236.569999253916,10387.935394503545,10212.312724374166,10363.435546875,458359
2023-09-28,10334.083542272896,10386.964397918535,10219.152392189997,10251.462890625,598144
2023-09-29,10227.83823728373,10387.451119366377,10198.292684494627,10295.3701171875,481725
2023-10-03,10391.622937679576,10391.622937679576,9997.199624340154,10039.5048828125,623006
2023-10-04,9978.375445563068,9978.375445563068,9790.235651982277,9828.9013671875,407793
2023-10-05,9879.454986135454,9965.810888187581,9808.67206567377,9906.8173828125,377196
2023-10-06,9977.501499104348,10025.967719916467,9955.184808014257,9995.9853515625,335700
2023-10-09,9945.483202939753,10027.376146089266,9881.395668981024,9940.4375,230083
2023-10-10,9984.295761483434,10107.522735410392,9964.986588911126,10066.7705078125,348342
2023-10-11,10042.464554820772,10129.83907882112,10032.858293915722,10102.767578125,193526
2023-10-12,10149.244169873451,10308.905369288213,10110.626776404359,10266.552734375,569237
2023-10-13,10221.094382439022,10425.825796727091,10216.970645421372,10408.845703125,625954
2023-10-16,10411.174565301839,10489.670542142745,10348.15397255535,10386.48046875,304196
2023-10-17,10411.222433578025,10477.05629893073,10251.415316313143,10431.404296875,474718
2023-10-18,10435.480098752889,10488.700183091074,10392.83561818386,10467.9365234375,267435
2023-10-19,10382.114510670275,10477.882429358116,10382.114510670275,10451.6845703125,286284
2023-10-20,10443.339572692983,10478.173401580216,10377.942522252037,10407.0029296875,232512
2023-10-23,10363.678488300757,10406.032070767402,10217.60136328833,10240.1123046875,227925
2023-10-25,10207.462437916063,10331.12622891962,10189.60870254081,10274.2666015625,401105
2023-10-26,10225.897510476068,10279.26351892812,10083.749869781055,10114.4599609375,506129
2023-10-27,10129.886162606994,10522.805684714953,10129.83783756792,10246.9521484375,1116713
2023-10-30,10382.11470666825,10382.11470666825,9940.63225886133,10088.7958984375,991168
2023-10-31,10178.352305056093,10178.352305056093,10014.373130646705,10083.5546875,439996
2023-11-01,10081.420908080401,10112.567820083048,9885.956529279814,9923.89453125,699116
2023-11-02,9984.585553241875,10037.6606618629,9897.93875414823,9997.490234375,569194
2023-11-03,10011.463280335109,10061.918416076282,9936.750867795294,9971.001953125,517582
2023-11-06,10031.79116760693,10031.79116760693,9947.42416855193,9979.2978515625,490459
2023-11-07,9993.998330758419,10019.225899360334,9931.753777668735,9948.685546875,264935
2023-11-08,10013.403285798013,10033.24592658652,9955.767620423781,10015.634765625,287006
2023-11-09,10042.464110217452,10139.153045472434,10010.250257630123,10091.3662109375,310536
2023-11-10,10066.769353094072,10106.939780424182,10013.4033468849,10080.1591796875,206395
2023-11-13,10119.165135825991,10119.165135825991,10055.756996135959,10089.474609375,261891
2023-11-15,10185.144739210207,10185.144739210207,10066.81756094663,10145.4111328125,436538
2023-11-16,10168.650291799799,10230.45802172844,10099.95387437662,10173.0166015625,488715
2023-11-17,10188.055583188816,10291.682473325003,10187.231214852007,10210.857421875,403772
2023-11-20,10188.056108038565,10278.632399274375,10188.056108038565,10252.337890625,234246
2023-11-21,10303.52161903316,10303.52161903316,10188.056973335359,10222.1630859375,312242
2023-11-22,10236.570405453202,10237.783269245318,10110.43257107321,10182.767578125,378891
2023-11-23,10176.218067707016,10212.313083507383,10085.253283709028,10176.8974609375,453820
2023-11-24,10193.82919847131,10252.580130610753,10151.18471835042,10203.2412109375,380306
2023-11-28,10226.818335123144,10242.779810834201,10193.876767708784,10224.4892578125,268026
2023-11-29,10255.976408634455,10318.608506463874,10212.992704586952,10284.357421875,343341
2023-11-30,10266.650090870102,10332.629885424412,10232.786552586238,10293.52734375,665660
2023-12-01,10292.846282808738,10439.360214624738,10220.122787407337,10271.208984375,591519
2023-12-04,10377.262879016886,10377.359529102869,10115.284293010849,10284.5517578125,625235
2023-12-05,10334.47262138017,10450.033898564434,10249.572160272985,10403.36328125,580996
2023-12-06,10403.364177678279,10429.610361549301,10275.382406830106,10310.0703125,464163
2023-12-07,10469.440549346913,10608.046248406134,10319.045434875294,10378.8642578125,704413
2023-12-08,10411.222126116085,10428.687363606308,10237.540042185537,10303.0830078125,548373
2023-12-11,10314.193612785175,10321.955940997996,10188.104104368207,10228.5654296875,579749
2023-12-12,10304.490402041389,10308.371566034624,9995.064223660733,10031.2568359375,1088687
2023-12-13,10052.214800194672,10103.543573319837,9955.185699806692,10071.6689453125,603469
2023-12-14,10129.838258607577,10183.204264759246,10005.931905723648,10045.6171875,635475
2023-12-15,10148.273606003224,10165.496271316022,9540.48294236714,9980.8017578125,1244681
2023-12-18,9989.146843035145,10043.386494374257,9922.3910050754,10013.015625,652498
2023-12-19,10013.015344499561,10068.71043092387,9902.984905718435,9929.5703125,585734
2023-12-20,9935.780781153131,10002.779191539503,9693.20800817576,9781.7470703125,964051
2023-12-21,9702.910069268415,9799.211451705904,9605.88096857573,9715.3779296875,739806
2023-12-22,9751.424850334944,10011.753744142874,9732.019029737263,9913.609375,652545
2023-12-26,9964.889439587509,9975.756889245818,9814.203423647832,9965.5205078125,395273
2023-12-27,9980.414116033679,9999.188869538051,9926.077815188073,9982.83984375,397675
2023-12-28,10004.621948198155,10004.621948198155,9884.35419197617,9966.4404296875,584234
2023-12-29,9975.028538872019,10087.776545276756,9967.799681239281,9996.27734375,705227
2024-01-01,10037.66011126771,10037.66011126771,9911.183062012731,9977.79296875,411724
2024-01-02,9977.793362721228,9988.855059265241,9849.47237653172,9894.78515625,776837
2024-01-03,9896.968636313686,9906.671546741445,9765.979345538946,9778.25390625,521046
2024-01-04,9799.93871680896,9819.344536050166,9688.888726691206,9717.7548828125,711733
2024-01-05,9713.2443044005,9775.682153327625,9673.801594905848,9719.4052734375,673131
2024-01-08,9707.762115576765,9828.029882720495,9617.428396349816,9651.1943359375,600153
2024-01-09,9678.653034707957,9744.293601978316,9596.178297068842,9726.2939453125,666469
2024-01-10,9751.375705821682,9752.151749070406,9654.394936024728,9712.806640625,481699
2024-01-11,9727.264739199414,9823.323556239016,9702.910812081043,9713.6806640625,1024815
2024-01-12,9727.167447539037,9746.524942842358,9640.763221966372,9669.5810546875,850190
2024-01-15,9688.452135312082,9798.774409816637,9652.454718788465,9787.228515625,463380
2024-01-16,9787.179505660242,9935.77995302051,9761.127571033821,9881.0068359375,536823
2024-01-17,9823.22606842884,9859.90287866074,9699.465641084977,9753.07421875,610250
2024-01-18,9650.562902484002,9751.424844489962,9448.354820507264,9629.6533203125,614860
2024-01-19,9664.09843359094,9753.025983438034,9653.473557550073,9739.490234375,377018
2024-01-23,9569.01059759628,9676.71290710076,9539.998515385481,9567.5068359375,956269
2024-01-24,9567.070403484893,9702.911159720987,9465.189836307823,9691.4619140625,459092
2024-01-25,9691.461683732636,9702.716681390455,9524.910838614349,9587.4462890625,718817
2024-01-29,9636.107340978673,9736.871697966044,9581.673438890566,9694.5673828125,446516
2024-01-30,9713.437541026111,9735.415011790405,9636.445327113808,9655.9970703125,399869
2024-01-31,9663.419011351745,9931.510226378055,9618.494727354544,9884.2578125,997024
2024-02-01,9906.671007882764,10381.919345273976,9900.849261942773,10321.9072265625,1869594
2024-02-02,10283.145257694836,10393.369949563163,10227.256868377079,10338.888671875,814940
2024-02-05,10287.024694547672,10440.282340245494,10091.025921835106,10118.7275390625,365105
2024-02-06,10188.007353030667,10534.206998371743,10147.303455359264,10522.66015625,829040
2024-02-07,10537.361274716903,10647.489313821909,10466.335777167395,10610.8125,560808
2024-02-08,10625.657845467187,10625.657845467187,10372.363543098872,10424.7109375,557082
2024-02-09,10393.02939825965,10450.033994095595,10295.854376295565,10413.9873046875,645489
2024-02-12,10382.1143543843,10429.610291337929,10333.648126369515,10391.5263671875,190655
2024-02-13,10411.22286848916,10508.251972575732,10324.042597487314,10473.806640625,397979
2024-02-14,10386.965607452867,10721.716017034487,10385.413520805181,10700.3212890625,354676
2024-02-15,10712.012409548928,10802.249470607629,10653.79495080138,10760.76953125,447248
2024-02-16,10789.635655462336,11138.940406898168,10768.289253985702,11042.2998046875,716486
2024-02-19,11042.299732380543,11268.037357987909,10996.355886427948,11142.1904296875,581383
2024-02-20,11100.130104814667,11138.89342349312,10979.66808658905,11106.388671875,355044
2024-02-21,11115.65394995158,11178.722866392472,11032.20892204517,11125.2109375,348461
2024-02-22,11158.346280533915,11347.553021812533,11052.8271363593,11311.4580078125,584406
2024-02-23,11357.208024063226,11371.810714352836,11134.28366300328,11192.888671875,472884
2024-02-26,11163.198207270727,11191.28832186548,11077.279126789053,11126.3271484375,277700
2024-02-27,11075.871736109355,11219.378153654949,11046.03528793718,11158.9775390625,307585
2024-02-28,11130.207713572483,11157.327535685903,10799.338492900508,10821.4609375,358812
2024-02-29,10823.596445104233,11011.83290501909,10798.854023826765,10952.984375,943841
2024-03-01,10959.436591359574,11328.147162826297,10959.436591359574,11275.703125,487355
2024-03-04,11255.37504179859,11330.3783428689,11201.184671156041,11249.69921875,369936
2024-03-05,11251.54292409917,11381.513594942686,11218.31045686756,11323.8779296875,320702
2024-03-06,11323.877740189759,11332.028563591404,11176.200208360724,11223.404296875,639542
2024-03-07,11227.28638857044,11287.881255901453,11081.840324508317,11168.0986328125,255325
2024-03-11,11173.04737826401,11212.586738604014,11012.851757166376,11057.0,525344
2024-03-12,11061.317761594171,11231.99233309344,11042.882231991514,11167.953125,283816
2024-03-13,11168.049742984833,11211.566916612412,10932.850818552257,11051.7607421875,385204
2024-03-14,11063.016299447438,11119.535754745335,10966.278089453332,11065.78125,523058
2024-03-15,11041.912395156947,11178.771761300477,10977.92150947293,11135.69140625,972333
2024-03-18,11096.8796149206,11318.83369458661,11028.619070414708,11290.59765625,311049
2024-03-19,11199.195017042817,11332.95019568239,11115.799266276475,11252.5126953125,409259
2024-03-20,11305.007190970779,11667.750128846397,11305.007190970779,11586.3916015625,1031037
2024-03-21,11642.52263565871,11643.492926735938,11474.031211078118,11554.3720703125,544311
2024-03-22,11536.808985825566,12058.097855884904,11536.808985825566,11971.16015625,1062263
2024-03-26,11920.558818990368,11955.829466593572,11780.497687302437,11886.5986328125,507568
2024-03-27,11924.877403068927,12344.722543946515,11920.705340924455,12138.6806640625,878986
2024-03-28,12196.510555623176,12348.700332564451,12017.540176332843,12226.0068359375,860324
2024-04-01,12238.620155029925,12312.023051493752,12134.60571320219,12196.169921875,314676
2024-04-02,12249.876375679272,12272.241395226856,12092.009829828106,12179.5302734375,333508
2024-04-03,12080.123184462063,12153.380156383902,12043.78559629683,12058.630859375,271935
2024-04-04,12118.935638763453,12273.211921114405,11952.093897365134,12193.890625,491166
2024-04-05,12120.876254332054,12184.818815961718,12016.569962518037,12052.5673828125,231600
2024-04-08,12080.12320153346,12543.583086353587,12080.12320153346,12482.890625,570422
2024-04-09,12482.891283570129,12599.908955310162,12400.319892414454,12505.111328125,314466
2024-04-10,12548.773327160045,12573.030601820139,12226.540069595267,12305.9580078125,464239
2024-04-12,12283.884235798463,12283.884235798463,11861.807644757995,11902.123046875,973366
2024-04-15,11837.065178769779,12138.340537432676,11675.463400533186,12053.779296875,831257
2024-04-16,11942.341960037538,12177.055738483297,11910.661578986796,12131.2578125,579183
2024-04-18,12196.558966898428,12227.608281690851,11954.034520127014,12036.4609375,679117
2024-04-19,12031.51244557212,12380.332080240585,11861.808160840035,12333.3212890625,635535
2024-04-22,12403.376445046888,12496.524386073832,12282.914431875954,12405.65625,342212
2024-04-23,12463.388016074348,12637.555252266278,12396.728834216834,12610.14453125,397281
2024-04-24,12613.783088528475,12685.536297992028,12516.753987847487,12559.4951171875,296364
2024-04-25,12578.853015573612,12595.057065416817,12361.847045923234,12538.5859375,640725
2024-04-26,12538.10080372195,12657.446601497668,12283.884551549289,12325.9462890625,704626
2024-04-29,12419.773920811038,12608.738105168522,12228.578256520537,12312.84765625,613937
2024-04-30,12406.141885331333,12609.90301437244,12361.702742888538,12436.7060546875,528776
2024-05-02,12371.210785470366,12462.564066094386,12142.998142882543,12424.916015625,814923
2024-05-03,12437.14211282869,12448.833930244633,12042.670483605923,12121.021484375,834990
2024-05-06,12177.152619167939,12270.689054959814,12004.925958617954,12069.7412109375,342231
2024-05-07,12101.858163626845,12136.88529062214,11875.391859289632,11996.7265625,604375
2024-05-08,12023.847107051643,12186.807684039777,11958.837604455415,12170.89453125,399669
2024-05-09,12167.449800316475,12361.313763127337,12067.26724912966,12133.150390625,504590
2024-05-10,12133.489209159648,12319.736760020927,12129.60804507835,12298.923828125,328670
2024-05-13,12283.885089730931,12330.847557087613,12106.855292430953,12297.3232421875,281421
2024-05-14,12297.322987277255,12458.537226119612,12275.540710992662,12433.50390625,331037
2024-05-15,12439.131599549171,12489.975230972897,12322.696670380225,12387.9970703125,232030
2024-05-16,12466.299490982447,12466.299490982447,11934.579992145398,12126.3583984375,914201
2024-05-17,12143.33867254892,12289.610051457641,11956.21747103361,12265.9345703125,809226
2024-05-21,12225.813436391169,12302.223858351857,12072.167276528224,12102.7314453125,443136
2024-05-22,12058.582221181601,12189.765753030953,11995.804204383485,12159.0556640625,280015
2024-05-23,12192.725739390446,12589.623106488694,12102.48867114802,12550.6181640625,768732
2024-05-24,12482.794588468654,12646.773778942901,12430.398870802326,12614.220703125,624801
2024-05-27,12636.53608855115,12670.544597447639,12397.407690131982,12522.671875,464953
2024-05-28,12507.051620851842,12600.15123650772,12419.967999209372,12437.7724609375,333806
2024-05-29,12437.189574832055,12468.287210714,12371.209789289178,12408.7119140625,353706
2024-05-30,12343.073346913325,12429.429256659043,12177.153565267055,12223.7275390625,524559
2024-05-31,12223.72571740639,12258.025124393012,11963.687735800984,12030.9287109375,908304
2024-06-03,12443.982724304138,12443.982724304138,12034.083080456367,12105.4970703125,485936
2024-06-04,12222.367213369564,12222.949956498578,11217.971054745929,11814.3115234375,825928
2024-06-05,11818.145602844159,12239.348590506845,11764.876242412363,12131.1611328125,447581
2024-06-06,12139.844576239091,12312.99320047121,12097.588591290389,12296.9833984375,447536
2024-06-07,12208.540984463556,12446.893355435686,12208.540984463556,12430.3017578125,532480
2024-06-10,12385.912011563456,12536.161211772825,12252.739555966256,12339.7255859375,293471
2024-06-11,12364.904498147564,12555.12987672028,12279.227984460898,12481.4853515625,358807
2024-06-12,12481.485295556495,12566.82163844901,12421.66647114161,12467.609375,302719
2024-06-13,12555.56560331319,12555.56560331319,12361.118906912745,12465.1826171875,297240
2024-06-14,12450.289830679854,12511.903313456472,12399.155301920624,12463.5830078125,216967
2024-06-18,12495.796421768679,12497.348508401961,12169.438464201432,12187.77734375,823306
2024-06-19,12235.370868169923,12249.925234785509,11837.55151401055,11878.400390625,694871
2024-06-20,11882.183864948145,11939.916180803479,11774.481561419709,11788.55078125,907751
2024-06-21,11856.957221256096,11998.86229438283,11724.51248633781,11839.0068359375,947800
2024-06-24,11819.114282031729,11923.905706583031,11683.273546502262,11821.443359375,550862
2024-06-25,11838.909367173615,11874.227392179602,11713.401653757252,11756.6279296875,594272
2024-06-26,11757.016392992464,11957.720713228988,11709.181234794703,11835.8525390625,447931
2024-06-27,11837.550324592015,11864.039079660852,11653.195032651647,11816.931640625,1230852
2024-06-28,11822.947475705103,11839.005602198617,11647.519052923335,11676.3359375,1160395
2024-07-01,11687.155635038805,11895.768209678354,11648.877463810091,11748.9150390625,1134926
2024-07-02,11788.987480630305,11788.987480630305,11638.640698685056,11684.826171875,687181
2024-07-03,11755.076329775107,11789.036517273427,11604.681213711126,11763.4697265625,467532
2024-07-04,11774.482258123146,11847.254089137503,11713.15967234507,11730.4306640625,299684
2024-07-05,11710.587609077611,11776.858292645955,11664.741360864586,11744.4501953125,406926
2024-07-08,11744.403384424804,11752.165713165336,11610.503213650627,11666.3916015625,496933
2024-07-09,11958.83704469507,12574.923528852434,11899.69761641235,12446.6025390625,2114130
2024-07-10,12565.317091899418,12904.870625421896,12354.376391710013,12393.3330078125,2070520
2024-07-11,12419.724823382447,12539.846659898638,12317.892593230768,12337.4443359375,608983
2024-07-12,12245.072985074627,12293.490887228894,12104.38078358209,12189.28125,674746
2024-07-15,12225.667042932542,12389.161082355886,12215.964132581008,12268.3115234375,697186
2024-07-16,12267.389685803775,12417.784797826205,12207.959359278782,12264.0419921875,347810
2024-07-18,12257.686676670652,12303.290355432904,12092.737200296551,12268.408203125,391216
2024-07-19,12274.181592923693,12332.399055024518,12125.193594007304,12152.2158203125,351955
2024-07-22,12128.637799119944,12282.865746883519,12031.657021768215,12265.69140625,249631
2024-07-23,12342.101672676625,12356.607712816032,11992.796908355589,12253.853515625,332258
2024-07-24,12258.656809476917,12286.989496916021,12088.079836797075,12116.2666015625,285860
2024-07-25,12020.013318618157,12152.894861524186,12020.013318618157,12137.564453125,396789
2024-07-26,12099.52904883383,12364.515148020517,12021.129723737078,12287.474609375,537693
2024-07-29,12331.429148433013,12394.207169865533,12228.57829551509,12372.71484375,388263
2024-07-30,12380.91354539743,12583.510122993968,12332.302343804167,12491.1875,526539
2024-07-31,12594.377249111896,12977.642196215069,12512.048436330037,12726.142578125,836405
2024-08-01,12995.10758514809,13273.581106908523,12722.455809487175,12962.166015625,2040384
2024-08-02,12856.336432001819,12904.232201736035,12412.691749853531,12464.9462890625,1333355
2024-08-05,12233.40239737403,12233.40239737403,11780.55141100469,11950.1923828125,1131415
2024-08-06,12135.457467997334,12296.97011342799,11861.209841601914,11881.8759765625,623565
2024-08-07,12144.271947416315,12194.224191090661,12013.906768583756,12117.3369140625,433514
2024-08-08,12116.8478262885,12138.102208666829,11902.494304856154,11967.8232421875,358577
2024-08-09,12135.457052764428,12135.457052764428,11944.560739608924,11973.0634765625,320211
2024-08-12,11949.360333957997,12115.867814021347,11851.414757450146,12021.10546875,291212
2024-08-13,12083.546151976823,12086.533300853855,11872.963155893902,11926.0986328125,464483
2024-08-14,11987.558998113867,11987.558998113867,11880.798320706039,11954.89453125,449827
2024-08-16,12061.9497630159,12090.353982081326,11862.189555219604,11962.3876953125,552732
2024-08-19,11944.462997919445,11992.505111666474,11877.6639237611,11900.19140625,277319
2024-08-20,11910.67137402624,12057.100005284572,11900.48465186055,11964.0029296875,471927
2024-08-21,11964.004124423262,11997.305622483114,11926.882366044847,11969.880859375,295984
2024-08-22,12027.716997765172,12071.792507936134,11930.75087538905,12024.1416015625,501316
2024-08-23,12047.306036766659,12120.814001406485,12002.643236010752,12049.55859375,440809
2024-08-26,12071.792744510116,12081.097574617446,11970.908797030641,11992.2607421875,232805
2024-08-27,11993.435842997318,12272.58073603564,11973.94429067298,12240.1611328125,477609
2024-08-28,12243.196463117034,12262.736795972114,12076.688991218643,12103.6240234375,313227
2024-08-29,12089.422779160885,12223.608221982326,11998.333390968228,12197.9462890625,608598
2024-08-30,12204.019410941404,12311.759550203327,12063.173856551692,12148.1904296875,2271179
2024-09-02,12118.80609136282,12267.68336654969,12096.670773836257,12172.0888671875,331514
2024-09-03,12217.730683919106,12218.024329335945,12105.975168568448,12142.41015625,445514
2024-09-04,12071.840451582757,12143.291937189684,11982.758763131062,12082.810546875,735076
2024-09-05,12083.546055167295,12115.86809616758,11978.744285863339,12045.9345703125,595865
2024-09-06,11998.33278813407,12052.05555275288,11846.223503352614,11935.794921875,733354
2024-09-09,11946.911444155492,11968.801897446296,11853.373420550914,11896.224609375,415790
2024-09-10,11900.484906316351,12035.601018111278,11849.455644423406,12011.4580078125,285122
2024-09-11,12008.127874125488,12080.607601913847,11915.079574937728,11991.0849609375,349799
2024-09-12,12010.18449313708,12171.697135954175,11901.70976409492,12146.083984375,547830
2024-09-13,12110.970919710251,12140.354593595517,12038.539972283112,12063.0263671875,361093
2024-09-16,12068.805486205305,12109.99141095441,12004.210185430058,12036.5322265625,170114
2024-09-17,12032.614538701564,12032.614538701564,11902.004489983958,11994.1708984375,568161
2024-09-18,11988.58760337281,12084.476707432072,11919.976916856353,11953.3759765625,182282
2024-09-19,12008.079061662678,12155.046209911246,11955.629396029457,12097.748046875,465608
2024-09-20,12106.466356590681,12444.13375768881,12106.122973146514,12355.345703125,875654
2024-09-23,12365.629158327234,12487.081674416942,12365.629158327234,12422.53515625,235586
2024-09-24,12324.590128025151,12516.41712399162,12324.590128025151,12476.8955078125,425916
2024-09-25,12465.778525687956,12552.90130826725,12351.91679172255,12522.6357421875,341172
2024-09-26,12571.315649071716,13135.482210338978,12566.418369894049,13108.8408203125,1471069
2024-09-27,13108.05643744988,13263.447476390027,13001.736705990723,13218.3427734375,865698
2024-09-30,13069.416518866214,13222.652561517978,12937.33729421273,12966.03515625,415743
2024-10-01,12966.035463771505,13027.202667816024,12732.973772350351,12895.5146484375,388888
2024-10-03,12675.185881760992,12877.884444353846,12333.600682493545,12387.51953125,863520
2024-10-04,12429.196981730664,12613.284940697778,12255.441134021801,12346.775390625,679362
2024-10-07,12366.657992476976,12388.157239074037,12123.704167082418,12270.1328125,465500
2024-10-08,12245.401182598354,12370.624223077895,12206.026868437273,12274.4912109375,387060
2024-10-09,12297.018958534754,12586.00720504399,12282.86563072795,12498.5419921875,465231
2024-10-10,12535.957606790673,12698.644837574551,12450.352784637787,12678.173828125,492698
2024-10-11,12678.173167508661,12713.336012577876,12463.57478891013,12514.1640625,274243
2024-10-14,12512.547857043493,12536.054796266119,12206.271836788737,12280.26953125,488067
2024-10-15,12447.903289419175,12447.903289419175,12101.175949388144,12191.041015625,532135
2024-10-16,12159.012438781287,12199.072561479732,11979.723255385923,12129.482421875,418138
2024-10-17,12145.251158003088,12164.937835748018,11822.030764282037,11894.265625,875937
2024-10-18,11822.031639880597,11891.817866420903,11601.115572988756,11856.41015625,506871
2024-10-21,11896.029777066557,11998.334131635864,11699.15915172298,11925.7568359375,375275
2024-10-22,11964.982838667867,12037.315264282477,11596.756252672621,11678.3447265625,904901
2024-10-23,11678.345832194474,11870.907427642032,11511.985637429885,11710.5703125,412638
2024-10-24,11752.441391578493,11752.441391578493,11397.82960961739,11522.0244140625,552495
2024-10-25,11521.925314174621,11551.99479709372,11204.973815082167,11266.5322265625,624582
2024-10-28,11268.442040524124,11393.66602894127,11204.973500805521,11247.3349609375,613830
2024-10-29,11214.768487673706,11247.09052785652,10521.754753781212,10819.068359375,2268683
2024-10-30,10753.445112416015,11283.330694510656,10720.143615574578,11025.1953125,1672966
2024-10-31,10994.391524723635,11016.47806205463,10822.986757077608,10848.8935546875,838211
2024-11-01,10920.932138135688,10979.258539555547,10852.370232335734,10881.75390625,65670
2024-11-04,11062.953537681522,11062.953537681522,10636.890254025793,10825.38671875,444462
2024-11-05,10815.151231900314,11043.364439383811,10785.669994134352,10940.619140625,321159
2024-11-06,10988.514927470716,11195.180107049673,10943.06779447996,11120.986328125,416027
2024-11-07,11072.895325966107,11151.10449045116,10956.780073516096,11067.998046875,530194
2024-11-08,11029.162190416815,11110.946750862604,10897.033218545786,11070.7890625,269993
2024-11-11,11098.702879384591,11281.518678516917,11077.644580668026,11165.501953125,450681
2024-11-12,11158.009547218846,11280.2951809503,10879.060719375622,10914.173828125,549747
2024-11-13,10911.13791594895,10913.928982456777,10641.101753066656,10822.5947265625,507710
2024-11-14,10827.883025537712,10889.295090713842,10668.329305546586,10779.9384765625,431348
2024-11-18,10725.041321877554,10953.205748422395,10690.760367880686,10866.0341796875,333440
2024-11-19,10862.164474324969,10965.252193975348,10672.5422201143,10734.1494140625,864067
2024-11-21,10696.784250296074,10733.072896920517,10548.739121345965,10638.310546875,540201
2024-11-22,10680.965335719631,10878.472977370246,10604.81264843378,10836.306640625,493678
2024-11-25,10971.863836005637,11016.870021169592,10764.267988569149,10798.6474609375,635726
2024-11-26,10798.647234710788,10850.362308399648,10667.693806119074,10719.115234375,406586
2024-11-27,10711.328034617507,10888.511961608621,10646.683955403467,10831.1640625,343332
2024-11-28,10833.173157019086,10852.957398694525,10664.314596929218,10724.8935546875,607669
2024-11-29,10724.992071753726,10901.440457644878,10695.657179672524,10846.689453125,338207
2024-12-02,10921.911704474473,11097.234293937385,10921.911704474473,11008.3974609375,446880
2024-12-03,11018.877286243269,11076.665176011122,10972.84286558074,11047.5263671875,258644
2024-12-04,11049.240433287245,11067.850092735207,10877.835675213912,10901.1953125,554674
2024-12-05,10906.190491151723,11038.46579278125,10804.375879340723,10952.5185546875,545501
2024-12-06,10969.905607458975,11142.241056940413,10892.528594692078,11085.4326171875,417214
2024-12-09,11089.398656077241,11135.335516063671,11021.375258924552,11048.0654296875,254485
2024-12-10,11043.364595332485,11081.905800034217,10940.5217321387,10968.142578125,410569
2024-12-11,10999.190067470956,11088.270799153524,10990.080364162266,11046.056640625,226584
2024-12-12,11067.213031382864,11067.213031382864,10850.655745990221,10937.974609375,396561
2024-12-13,10908.5909947505,11058.055561547597,10806.922721376315,11040.9638671875,263579
2024-12-16,11024.31372362453,11096.695891060643,10974.802423402585,11045.3232421875,223389
2024-12-17,11031.611130221962,11040.86717921354,10832.487949172279,10880.333984375,295445
2024-12-18,10857.266966635361,10870.048672846875,10744.727118589686,10776.4130859375,497103
2024-12-19,10664.31431062771,10808.68647219405,10629.494849673547,10730.2802734375,435360
2024-12-20,10715.246675192102,10849.432122587103,10642.718162991338,10677.0966796875,404608
2024-12-23,10703.492229370726,10764.022402252249,10534.438552784184,10599.669921875,237165
2024-12-24,10599.670319233332,10663.775890536412,10504.66310975582,10516.0244140625,151149
2024-12-26,10549.228687796123,10749.331316320382,10548.738959896407,10672.150390625,349811
2024-12-27,10704.961891163002,10904.28114134386,10688.408705968219,10716.2744140625,257973
2024-12-30,10716.274027991296,10725.04034816029,10529.246763222744,10577.09375,335481
2024-12-31,10543.840719697684,10669.896860893132,10529.736174871729,10635.322265625,198997
2025-01-01,10634.931006502487,11042.335835134803,10578.318652934531,10978.0341796875,383202
2025-01-02,11053.158249014412,11615.51315608677,10995.37035918793,11598.029296875,1417042
2025-01-03,11606.502380344884,11802.246238225356,11545.77612110153,11689.0703125,701315
2025-01-06,11683.927924204667,11733.782605684788,11450.52380463716,11514.1396484375,383268
2025-01-07,11514.139997934453,11582.995549614081,11433.873403545198,11480.4951171875,308104
2025-01-08,11485.098223749947,11616.296513896164,11484.41241341907,11579.1259765625,303100
2025-01-09,11579.126475640356,11606.551238059401,11420.112208999863,11499.349609375,266413
2025-01-10,11449.83778756543,11518.399690484983,11332.303096846195,11392.1474609375,218246
2025-01-13,11232.888956860854,11415.018956028303,11232.39922895586,11261.4892578125,253524
2025-01-14,11296.994073094904,11543.424762301236,11294.104487272578,11499.9375,627463
2025-01-15,11646.267561144068,11941.916857859547,11617.324834573552,11701.9501953125,692822
2025-01-16,11735.300755256472,11884.71654457919,11710.569496582448,11843.873046875,551211
2025-01-17,11853.276092256992,11939.468199483941,11757.680635796332,11887.017578125,285370
2025-01-20,11897.497320795528,11897.497320795528,11737.846039663767,11773.1064453125,251731
2025-01-21,11770.16863660401,11890.396831013222,11618.352993969162,11639.55859375,300038
2025-01-22,11655.57205671404,11830.698551263722,11655.57205671404,11773.400390625,396590
2025-01-23,11758.36744765724,11857.586133695684,11715.56503582727,11798.2802734375,480876
2025-01-24,11684.907539944497,11844.558833239631,11669.333810329901,11722.029296875,310343
2025-01-27,11657.385118819699,11799.406206776399,11568.400987396612,11747.4453125,251783
2025-01-28,11771.441738217156,11914.785662442275,11640.782913870418,11874.6767578125,533451
2025-01-29,11871.004507813463,12067.58148168093,11640.881172197427,11731.82421875,817549
2025-01-30,11774.0373203125,11862.04103497823,11678.148221827189,11753.46875,418442
2025-01-31,11753.468993517903,12135.456735807235,11753.468993517903,12057.7373046875,709009
2025-02-01,12066.895250261294,12879.84355040065,11977.422347056716,12651.140625,1101170
2025-02-03,12723.130416402922,13184.650165224746,12656.184997312213,12870.0,926127
2025-02-04,12977.788798599346,12987.534574695228,12705.010369889163,12840.6162109375,530749
2025-02-05,12840.664971106755,12879.843201377103,12736.352933011953,12817.94140625,271633
2025-02-06,12791.691916566277,12860.253818109893,12739.584680093178,12805.404296875,414134
2025-02-07,12791.692488816621,12839.196094154111,12744.678611369209,12781.408203125,355223
2025-02-10,12781.897639036248,12791.692196614053,12621.9039236027,12635.7138671875,294142
2025-02-11,12634.930505119099,12749.820474308992,12438.549625509431,12462.9375,354195
2025-02-12,12439.088759771663,12503.09581421513,12349.027606939339,12395.5517578125,425735
2025-02-13,12414.602693510056,12483.115820384857,12355.590479523154,12410.978515625,186742
2025-02-14,12439.08839225863,12517.44485457207,12325.56908488212,12419.744140625,233454
2025-02-17,12342.70930993698,12511.567865387426,12319.692099600625,12500.6962890625,192210
2025-02-18,12502.704142978511,12620.238835570446,12473.516552284804,12523.517578125,267936
2025-02-19,12465.533823871967,12506.818267969189,12391.095183924275,12425.5234375,288694
2025-02-20,12390.116075340842,12390.116075340842,12125.663004958073,12185.0673828125,423739
2025-02-21,12164.840677465385,12183.058172208539,11993.435917517201,12070.2744140625,477013
2025-02-24,11996.716286466277,12177.083442926207,11969.046661912673,12091.5771484375,399571
2025-02-25,12134.232286426772,12250.445092457972,12096.278376540864,12220.0322265625,363355
2025-02-27,12274.246344121906,12292.170193821703,12059.059715245643,12126.25,236805
2025-02-28,12085.015341609067,12085.015341609067,11569.038219462527,11700.431640625,605149
2025-03-03,11641.811993716483,11811.698798705675,11516.196783536932,11533.6796875,186884
2025-03-04,11449.838381375766,11483.384742758326,11352.872256503551,11377.603515625,255726
2025-03-05,11366.584767310746,11586.962326349514,11330.687328982945,11378.6806640625,349730
2025-03-06,11460.612421204256,11488.526911760988,11244.152687413458,11426.7236328125,315309
2025-03-07,11410.659849348089,11501.063426639961,11362.666516076151,11424.51953125,259055
2025-03-10,11361.687036917629,11457.576140286012,11296.700528577932,11348.0234375,153894
2025-03-11,11341.608366955305,11451.797143783533,11273.53618927031,11407.6728515625,245822
2025-03-12,11382.05958529063,11483.090832026863,11285.289545115374,11400.962890625,249361
2025-03-13,11395.77196234278,11444.940833990733,11253.702092198975,11277.2578125,260736
2025-03-17,11277.25819747886,11511.49543877674,11220.988269477255,11316.3388671875,275569
2025-03-18,11316.3388671875,11316.3388671875,11316.3388671875,11316.3388671875,0
2025-03-19,11459.63320484907,11473.78653288494,11309.776462939504,11376.91796875,476555
2025-03-20,11459.534596436795,11523.296782518748,11349.933116517403,11489.2119140625,379421
2025-03-21,11537.989294002266,11676.778371801389,11465.313482531255,11491.7587890625,560565
2025-03-24,11537.941008147636,11743.675515940522,11500.81924922959,11677.3173828125,359033
2025-03-25,11705.86858110057,11827.17380088901,11557.578588475626,11625.0634765625,514283
2025-03-26,11564.435146763175,11625.063846089177,11469.427929922653,11493.228515625,478517
2025-03-27,11531.280163017378,11653.564834169869,11398.906332162458,11481.1318359375,645787
2025-03-28,11458.702664357977,11504.639525896833,11165.894149416436,11285.4375,541795
2025-04-01,11244.152473418013,11308.600473124232,11058.055873248204,11245.2294921875,498244
2025-04-02,11245.229261179526,11490.975096534334,11175.639120003452,11475.4013671875,452994
2025-04-03,11391.5602929462,11560.467631188983,11372.509686986705,11447.9765625,326624
2025-04-04,11361.687110803867,11391.070784366291,11097.234048742053,11246.111328125,355785
2025-04-07,10877.443859467427,11125.148611828441,10832.24254857302,11096.9892578125,602353
2025-04-08,11293.125252153714,11313.056794868742,11058.10464417949,11223.486328125,629968
2025-04-09,11224.661343658801,11301.647145583232,11190.28282672106,11222.017578125,255114
2025-04-11,11244.49427225254,11438.818672806829,11244.151845344955,11360.755859375,231420
2025-04-15,11547.783616650411,11694.701983274463,11440.043481126108,11611.4482421875,458593
2025-04-16,11526.235470116384,11526.235470116384,11376.378737712594,11424.3720703125,470494
2025-04-17,11424.372222370672,11487.057392315091,11288.227868897633,11454.7353515625,302146
2025-04-21,11454.735219358638,11527.214946270355,11349.93345206737,11503.7080078125,318493
2025-04-22,11528.194979766331,11545.825184493246,11376.379327951227,11492.9345703125,516753
2025-04-23,11556.598659385629,11725.065052250646,11488.036755312658,11662.3798828125,493839
2025-04-24,11694.702428417164,11792.648009894694,11614.387051605589,11649.6474609375,387863
2025-04-25,11657.482809227538,11798.524442946979,11359.728249153168,11457.673828125,906266
2025-04-28,11193.22125117392,11651.606580675967,11057.076890488483,11602.6337890625,457303
2025-04-29,11569.332109434381,11694.702453999875,11499.79074643321,11597.736328125,455596
2025-04-30,11582.064557657104,12071.792445930132,11557.578163243452,12005.189453125,967250
2025-05-02,12005.18995309666,12465.534187244937,11998.333762375301,12150.1494140625,707908
2025-05-05,12233.40313296426,12233.40313296426,12108.032788607221,12202.060546875,270014
2025-05-06,12182.471026187803,12340.163407214997,12116.847488741703,12322.533203125,414921
2025-05-07,12101.176137459926,12408.725251758788,12101.176137459926,12373.46484375,303619
2025-05-08,12301.9645865276,12338.204450357338,12076.689757315708,12137.416015625,485326
2025-05-09,11885.695595902424,12106.073140943878,11866.106480787628,11998.3330078125,278112
2025-05-12,12170.717849915285,12370.526834414137,12170.717849915285,12356.814453125,185165
2025-05-13,12341.142182242429,12439.087755117369,12174.634708355032,12225.56640625,378269
2025-05-14,12228.505753779844,12456.718956874012,12156.026024041781,12409.705078125,306050
2025-05-15,12341.142701778683,12755.452492481252,12290.211001739595,12685.9111328125,561496
2025-05-16,12683.952808622305,12817.158799508225,12646.733487639476,12728.0283203125,425275
2025-05-19,12723.129846348353,12777.97936685609,12664.362502947206,12722.150390625,244277
2025-05-20,12737.822580508066,12742.719859470199,12350.937542499554,12378.3623046875,361111
2025-05-21,12414.602309146478,12544.86993100971,12335.266389064358,12355.8349609375,209104
2025-05-22,12351.916807468488,12351.916807468488,12140.354359572746,12189.3271484375,434848
2025-05-23,12194.223742208203,12238.29924971016,12167.778437707027,12197.162109375,169465
2025-05-26,12199.121809209202,12281.396095196642,12136.436638933057,12165.8203125,214703
2025-05-27,12165.820057542769,12222.628491915,12037.51135232273,12158.9638671875,344679
2025-05-28,12158.963773182173,12159.943228939639,12052.203095618386,12077.6689453125,178181
2025-05-29,12086.48431510753,12172.676423675557,12014.004587448051,12137.416015625,191097
2025-05-30,12137.416289116405,12233.402957639115,11999.313021139855,12065.916015625,351353
2025-06-02,11911.161921213894,12065.915936800753,11882.75770316314,12037.51171875,264972
2025-06-03,12020.86093357056,12096.279029544237,11812.236849903118,11878.83984375,369114
2025-06-04,11878.840140179233,11993.436470687227,11878.840140179233,11913.12109375,205846
2025-06-05,11949.360587528863,12005.189567323056,11769.140722930068,11876.880859375,319783
2025-06-06,11889.614283515637,12277.47879099337,11851.415506264042,12205.978515625,456129
2025-06-09,12248.094648279854,12399.910295659573,12209.895872487537,12377.3828125,323443
2025-06-10,12399.910926891973,12482.185217402157,12204.99921484999,12262.787109375,325292
2025-06-11,12213.81282013557,12301.963834875924,12171.696224204068,12196.1826171875,306061
2025-06-12,12203.03947960805,12233.402608580507,12054.162202065678,12135.45703125,347339
2025-06-13,11949.361078789892,12169.738639669215,11925.854138962766,12153.087890625,385493
2025-06-16,12149.16962508729,12308.82091893518,12082.566631334796,12272.5810546875,184242
2025-06-17,12271.601037970797,12355.834232101652,12213.813148974046,12336.2451171875,226597
2025-06-18,12360.732196655848,12615.39070466936,12292.170290652211,12486.1025390625,467738
2025-06-19,12488.061607321519,12561.520793246938,12452.801198077317,12542.9111328125,339117
2025-06-20,12545.848953854273,12625.184871198499,12466.513036510045,12528.21875,652128
2025-06-23,12508.629211469039,12523.321047517275,12405.786359131378,12438.1083984375,192037
2025-06-24,12566.41781062292,12590.904205421482,12295.108556254832,12351.9169921875,332717
2025-06-25,12423.418054726051,12543.891124793168,12357.79451249437,12504.712890625,316536
2025-06-26,12517.444899294633,12584.047892499017,12428.314423094647,12453.7802734375,354735
2025-06-27,12488.06150026326,12536.054834656428,12361.711701554714,12382.2802734375,346403
2025-06-30,12406.76565484816,12414.601300639491,12078.64798733619,12145.2509765625,448956
2025-07-01,12194.224318023127,12203.03941993977,12066.895068116059,12186.388671875,283481
2025-07-02,12125.66213908503,12383.259000359616,12105.093568412914,12362.6904296875,609735
2025-07-03,12370.526898813667,12556.623502992177,12331.348666355032,12490.0205078125,606221
2025-07-04,12453.779711562698,12486.101750924205,12348.977947572355,12386.197265625,225607
2025-07-07,12387.178000979682,12409.705485286042,12214.79377324406,12262.787109375,220116
2025-07-08,12267.68345710677,12297.067130057923,12105.093800110384,12158.9638671875,241050
2025-07-09,12179.53252454328,12282.375380600943,12174.63524568339,12213.8134765625,174203
2025-07-10,12243.196871912056,12409.70434937006,12146.230752686512,12390.115234375,277325
2025-07-11,12380.321819826626,12424.397332634553,12263.766574845664,12315.677734375,194420
2025-07-14,12331.348798720433,12356.814650091897,12175.615323025711,12256.91015625,246737
2025-07-15,12224.58696610013,12339.183286509851,12224.58696610013,12278.45703125,147377
2025-07-16,12278.457075398957,12312.738026072135,12183.449869247577,12305.8818359375,204480
2025-07-17,12310.779818110146,12367.588253900614,12206.95750442412,12219.6904296875,189207
2025-07-18,12267.68364077346,12269.642552332867,12115.86799491958,12163.861328125,124068
2025-07-21,12175.615265313256,12221.649688728083,12088.443697570285,12150.1494140625,232066
2025-07-22,12193.245703734765,12272.581626459683,12065.916445040451,12235.3623046875,169006
2025-07-23,12282.376209276252,12457.698804289048,12282.376209276252,12367.5888671875,342005
2025-07-24,12388.156844165604,12400.889769448191,12261.80704713071,12299.0263671875,157163
2025-07-25,12287.273191706054,12299.026661478909,12103.135498597983,12149.169921875,260700
2025-07-28,12116.847504305106,12277.478252886953,12049.265055206644,12086.484375,292879
2025-07-29,12086.484190166613,12250.053303599176,12015.963374794492,12212.833984375,285115
2025-07-30,12175.614238541295,12383.258854305976,12164.840225459166,12358.7724609375,203847
2025-07-31,12249.074025730191,12497.855794683932,12207.93688283233,12348.978515625,709783
2025-08-01,12396.501149378022,12651.935802883296,12150.96706383807,12179.6787109375,346024
2025-08-04,12203.440517905883,12301.456144327487,12103.444777819197,12242.052734375,255693
2025-08-05,12276.704018604929,12451.944067902758,12247.002315334112,12412.341796875,233560
2025-08-06,12445.014293649941,12493.527078088195,12358.87934985141,12399.4716796875,151608
2025-08-07,12400.461383648051,12528.178710473649,12305.415931126678,12506.3974609375,173393
2025-08-08,12504.417702696832,12598.473101093998,12439.073952231432,12464.8154296875,247048
2025-08-11,12459.865411593533,12607.383881702985,12357.889556417202,12471.74609375,187230
2025-08-12,12494.516609168128,12830.145858812184,12480.655814197577,12712.3291015625,504476
2025-08-13,12712.329012535063,12796.483838552624,12625.20401618747,12706.388671875,252065
2025-08-14,12736.09090909091,12827.176136363638,12697.478693181818,12807.375,318580
2025-08-18,13566.748406595421,13984.552378541948,13528.13619117856,13928.119140625,2154781
2025-08-19,13930.099344161184,14128.110706551535,13840.004174273576,14108.3095703125,906623
2025-08-20,14219.195664092715,14219.195664092715,14058.806463592575,14079.59765625,391425
2025-08-21,14077.618251323967,14257.808596759016,14015.244670211834,14138.01171875,513460
2025-08-22,14206.3251953125,14227.11638836439,14088.508434685125,14206.3251953125,458935
2025-08-25,14257.807884775895,14334.042257883857,14138.0110127491,14308.30078125,357110
2025-08-26,14308.301397956453,14677.59259788987,14247.907930943213,14567.6962890625,962974
2025-08-28,14746.896486096164,14746.896486096164,14479.581141937322,14605.318359375,666635
2025-08-29,14603.338333778776,14702.344017397614,14545.915037279849,14643.9306640625,621560
2025-09-01,14642.940076309238,14789.46848275236,14508.292351469612,14738.9755859375,572927
2025-09-02,14711.253816963159,14785.508076083708,14636.009501054335,14694.4228515625,379167
2025-09-03,14727.095170454546,14841.941761363638,14603.33806818182,14778.578125,561656
2025-09-04,15088.465724534512,15088.465724534512,14484.531072830703,14516.212890625,784369
2025-09-05,14593.43767570913,14808.280007841347,14554.825459335138,14746.896484375,473806
2025-09-08,14772.63795772607,15166.680575993947,14702.343922808937,15106.287109375,691077
2025-09-09,15097.376068021886,15231.03373535633,15049.853341858527,15212.22265625,605860
2025-09-10,15213.212977887337,15231.034000508836,14922.1362750695,14957.7783203125,489062
2025-09-11,14960.748135182905,15039.952678284924,14888.473989602311,14944.9072265625,657161
2025-09-12,15009.26171492659,15220.143822134993,15002.331317037113,15172.62109375,420101
2025-09-15,15197.37162345439,15225.093213386424,15097.375888342409,15113.216796875,170587
2025-09-16,15147.868794849259,15438.94548933852,15132.027886305626,15418.154296875,381944
2025-09-17,15436.965821486774,15660.718661126077,15415.184571610382,15643.8876953125,624986
2025-09-18,15757.744139513658,15780.515446073647,15546.862039632002,15659.728515625,642175
2025-09-19,15840.90944906707,15900.312859501071,15653.788706199965,15706.26171875,652443
2025-09-22,15721.111859380928,15840.908731664138,15622.106179808026,15658.73828125,302234
2025-09-23,15959.715642375133,16162.677286710548,15871.600587029514,15936.9443359375,873114
2025-09-24,16027.040126507785,16212.180755594574,15903.283021503246,16087.43359375,663647
2025-09-25,16087.433238636364,16207.230113636364,15907.242897727274,16107.234375,490262
2025-09-26,16073.572531682215,16271.583896408822,16040.900656502326,16124.0654296875,490957
2025-09-29,16137.926317430713,16177.528590602322,15791.406427179132,15825.068359375,627326
2025-09-30,15826.058592775204,15894.372514758406,15762.694954993683,15869.62109375,390006
2025-10-01,15866.650300828962,15948.825015353408,15692.400303765071,15806.2568359375,426075
2025-10-03,15790.416014018609,15865.66033134668,15579.533914138618,15648.837890625,470216
2025-10-06,15682.499736295162,15897.342062227994,15551.812238492703,15838.9287109375,268497
2025-10-07,15854.769621582638,15998.327857821521,15818.137519921682,15947.8349609375,330326
2025-10-08,15947.835495204768,16074.562770061128,15820.118163513596,15852.7900390625,306518
2025-10-09,15910.213425183765,15915.163709385752,15695.371090817564,15826.05859375,300499
2025-10-10,15821.10821621388,16152.777255790328,15752.794294629475,16103.2744140625,423031
2025-10-13,16102.283913994057,16268.613457621148,16056.741300858068,16160.697265625,337617
2025-10-14,16187.428530951163,16187.428530951163,15960.705525838759,16099.3134765625,307925
2025-10-15,16137.925779322415,16217.130323024612,16038.920099694671,16050.80078125,266435
2025-10-16,16084.463333667283,16169.608221436296,16038.920719279206,16135.9462890625,265727
2025-10-17,16135.946022727274,16384.45028409091,16135.946022727274,16237.921875,411608
2025-10-20,16335.93767837844,16353.758701300307,16217.130858899323,16260.693359375,374246
2025-10-21,16289.404918632497,16312.176225575216,16167.627929330134,16232.9716796875,28990
2025-10-23,16494.34613978718,16494.34613978718,16177.527966634005,16230.0009765625,481753
2025-10-24,16229.011274214237,16259.703035408762,16038.920366170732,16112.1845703125,208520
2025-10-27,16187.428622982517,16246.83203077328,16113.174363244065,16225.05078125,209829
2025-10-28,16235.941404334115,16330.986856789514,16099.31356642948,16148.81640625,383383
2025-10-29,16197.329725453897,16264.653589838425,15886.451881090052,15977.537109375,232815
2025-10-30,16029.019442909841,16113.174270127094,15917.143025550433,16044.8603515625,230383
2025-10-31,16042.880592941045,16351.778318502487,15790.416105703329,16025.0595703125,719402
2025-11-03,15856.74963660469,15939.914407426044,15375.582033995432,15495.37890625,942850
2025-11-04,15451.817031735296,15477.55850945844,15202.322709187894,15221.1337890625,748848
2025-11-06,15379.542078139157,15379.542078139157,15156.77930180458,15298.357421875,429800
2025-11-07,15305.288706927531,15344.890980572469,15108.267395543962,15325.08984375,227247
2025-11-10,15227.074126502037,15491.419301519985,15227.074126502037,15428.0556640625,274191
2025-11-11,15484.488192613455,15524.090464205818,15357.760923517897,15489.4384765625,181524
2025-11-12,15518.15039087387,15574.583628865435,15400.333630856388,15539.931640625,244015
2025-11-13,15505.27929985138,15642.897192877326,15504.28924306702,15592.404296875,250711
2025-11-14,15568.643109867142,15578.543677822541,15417.164420149515,15528.05078125,253698
2025-11-17,15533.001332732889,15733.982865688766,15499.33940110481,15720.1220703125,301069
2025-11-18,15720.122513045355,15839.919390742702,15593.395237464689,15771.60546875,392903
2025-11-19,15791.406160196879,15791.406160196879,15558.74280924727,15611.2158203125,286434
2025-11-20,15652.79820662557,15665.668945188892,15462.707298613419,15643.8876953125,249492
2025-11-21,15632.997071351592,15989.417523896656,15580.524060282458,15818.1376953125,586351
2025-11-24,15845.858840760708,15925.063383544892,15752.793502989292,15799.326171875,525788
2025-11-25,15799.326615381513,15890.411842140198,15684.480025120563,15731.0126953125,214525
2025-11-26,15791.405724121458,16048.820488276415,15791.405724121458,15995.357421875,314946
2025-11-27,16005.257981247642,16010.208265171077,15717.151456903768,15744.873046875,339986
2025-11-28,15747.843661188088,15889.42178538964,15692.400479682585,15741.9033203125,352340
2025-12-01,15816.157406137887,16016.148880068395,15693.390362735001,15936.9443359375,434052
2025-12-02,15966.645865987648,16099.313475961131,15934.96404868055,16077.5322265625,383165
2025-12-03,16057.73153409091,16086.443181818182,15850.80965909091,15922.09375,264397
2025-12-04,15898.332386363638,15974.566761363638,15729.032670454546,15834.96875,248812
2025-12-05,15840.909439872252,16175.548651789553,15820.11824623242,16120.10546875,332032
2025-12-08,16038.920543395163,16094.36372552048,15933.974520086527,16026.0498046875,220513
2025-12-09,15891.401721785756,16064.66166205817,15826.057972883018,15860.7099609375,276388
2025-12-10,15930.013758685973,15964.665746352475,15766.654388258181,15859.7197265625,293374
2025-12-11,15889.422050382162,16133.966087172268,15824.07829966092,16086.443359375,268701
2025-12-12,16086.443181818182,16371.579545454546,16085.453125,16357.71875,404711
2025-12-15,16335.937053809397,16335.937053809397,16197.329103049802,16251.7822265625,225221
2025-12-16,16236.931284013086,16287.424180079224,16157.72674116424,16191.388671875,156134
2025-12-17,16226.04066080372,16326.036396159212,16194.358843661385,16234.951171875,257406
2025-12-18,16276.53400152719,16322.07661491346,16059.711559536043,16166.6376953125,213981
2025-12-19,16166.638137365588,16311.186435978814,16166.638137365588,16250.79296875,360190
2025-12-22,16300.294576626224,16527.017575778762,16250.791738383312,16483.455078125,271590
2025-12-23,16542.85883834696,16553.74946299367,16393.360263651266,16420.091796875,215650
2025-12-24,16474.544393222775,16553.748933574807,16377.518831291534,16536.91796875,258486
2025-12-26,16536.91849798615,16536.91849798615,16351.77787898816,16430.982421875,212925
2025-12-29,16434.94282545944,16516.12748279002,16334.94708899128,16377.51953125,251796
2025-12-30,16410.1924685191,16650.776285704633,16318.117180460444,16481.4765625,1055843
2025-12-31,16416.13192594946,16609.19300342127,16416.13192594946,16530.978515625,314427
2026-01-01,16533.948686164564,16630.97425330493,16436.923119024195,16541.869140625,171293
2026-01-02,16583.451353828863,16829.975496342497,16556.719820303286,16791.36328125,388562
2026-01-05,16855.71644848896,17197.28603290768,16811.16389399956,16984.423828125,305668
2026-01-06,16999.27556818182,17133.923295454548,16971.553977272728,17120.0625,192182
2026-01-07,17058.679159276653,17077.49023902281,16359.69903818267,16641.865234375,427979
2026-01-08,16640.874820908844,16640.874820908844,16376.529653299214,16498.306640625,238421
2026-01-09,16497.316940663633,16537.909270650263,16253.762960743856,16336.927734375,286302
2026-01-12,16292.373942754191,16449.792966629855,16109.213443276218,16417.12109375,288686
2026-01-13,16496.326254275806,16559.68988890992,16130.995298338476,16262.6728515625,312205
2026-01-14,16227.030979740319,16248.812229377554,15930.013939232564,15991.3974609375,240043
2026-01-15,15991.3974609375,15991.3974609375,15991.3974609375,15991.3974609375,0
2026-01-16,15840.908553502743,16035.949740067745,15613.195493046142,15701.310546875,703056
2026-01-19,15701.31116658408,16080.502930049728,15655.768552695255,16015.1591796875,385141
2026-01-20,16038.920545118553,16071.592420303054,15692.40065679809,15721.1123046875,289609
2026-01-21,15519.140889730797,15814.177826581821,15519.140889730797,15613.1962890625,345738
2026-01-22,15791.406609280844,15812.197802935696,15557.75319487393,15608.24609375,352320
2026-01-23,15661.70835288268,15688.439886198808,15285.486772877914,15315.1884765625,338669
2026-01-27,15147.869139984421,15234.00408215296,14863.722836508896,15093.416015625,565768
2026-01-28,15010.251329981369,15141.928886005873,14287.509857064912,14729.0751953125,1584483
2026-01-29,14722.144613269937,14722.144613269937,14210.285247764856,14357.8037109375,716545
2026-01-30,14357.804330026886,14533.044391150508,14157.812847840605,14453.83984375,946509
2026-02-02,14109.29997978168,14302.361062937769,13918.219010298986,14240.9775390625,621514
2026-02-03,15048.863271208227,15129.05787153506,14338.00249300247,14635.01953125,638870
2026-02-04,14652.84108345498,15019.162110541354,14576.606707547817,14921.146484375,451065
2026-02-05,14939.957386363638,14999.360795454546,14751.846590909092,14909.265625,374759
2026-02-06,14934.016777574265,14967.678708788631,14723.134679084254,14847.8818359375,276529
2026-02-09,14974.609643949147,14975.599700785111,14756.797140037159,14829.0712890625,200034
2026-02-10,14849.862040075557,15196.381922336137,14834.021131172216,14995.400390625,360240
2026-02-11,15029.062674884019,15278.55699596905,15023.122333905803,15258.755859375,360742
2026-02-12,15305.287904528559,15305.287904528559,15113.216887420172,15173.6103515625,201895
2026-02-13,15156.780186337124,15280.537291523102,15038.963422200071,15085.49609375,208645
2026-02-16,15085.495289258708,15146.878810157443,14811.249558791775,14901.3447265625,210175
2026-02-17,14881.543858265326,15059.754083432497,14811.249825004941,15028.072265625,166765
2026-02-18,15056.784179945102,15087.47594149023,14924.116565524228,15013.2216796875,280772
2026-02-19,15012.231172781907,15127.077760926912,14705.313566532326,14754.81640625,152788
2026-02-20,14754.816849703398,14927.086737098447,14700.363724377377,14828.0810546875,515847
2026-02-23,14900.355468231654,14967.679333470176,14835.011716676618,14922.13671875,242968
2026-02-24,14851.84215109645,14912.235616279897,14755.806640886707,14777.587890625,300991
2026-02-25,14712.24431818182,14982.529829545456,14689.473011363638,14920.15625,356495
2026-02-26,14994.410511363638,15072.625,14896.394886363638,15061.734375,308213
2026-02-27,14959.758793597926,15040.943454158814,14656.801401748755,14709.2744140625,478164
2026-03-02,14263.748579545456,14537.994318181818,14062.767045454546,14244.9375,603744
2026-03-04,14009.304154729216,14042.966086973796,13656.84392299186,14017.224609375,710366
2026-03-05,14157.812411929848,14425.127751176076,13940.989970096796,14271.6689453125,448650
2026-03-06,14196.425075537203,14322.162294631507,13974.652342646463,14018.21484375,390629
2026-03-09,13662.784090909092,13662.784090909092,13232.109375,13373.6875,676224
2026-03-10,13584.569865803818,13770.700551232805,13370.717588927962,13729.1181640625,353715
2026-03-11,13712.286931818182,13809.3125,13307.353693181818,13362.796875,392182
2026-03-12,13296.462701632272,13296.462701632272,12837.076350660018,12881.62890625,544683
2026-03-13,12770.74317057757,12833.116751455653,12358.879525414359,12465.8056640625,939594
2026-03-16,12407.391522179,12745.99093971692,12276.70402769068,12630.154296875,1416170
2026-03-17,12662.826266881311,12969.74386990971,12559.860361349203,12843.0166015625,1178941
2026-03-18,12969.744674710682,13044.988994960913,12885.589842851874,12918.26171875,458827
2026-03-19,12641.045184637669,12710.34916043064,12380.660247015512,12473.7255859375,569346
2026-03-20,12479.66628198841,12629.16486259771,12431.153497552277,12475.7060546875,725481
2026-03-23,12376.70064340095,12376.70064340095,12155.917966536828,12232.15234375,517985
2026-03-24,12474.716088585124,12524.218930206494,12209.380857494583,12340.068359375,583568
2026-03-25,12424.223099010576,12652.926225623967,12381.65065552843,12584.6123046875,540649
2026-03-27,12500.456933979993,12520.258069627038,12219.280807791944,12265.8134765625,775339
2026-03-30,12177.698331225622,12300.465371312774,12079.682710510879,12183.638671875,635675
2026-04-01,12771.733320759053,12771.733320759053,12210.371088753596,12384.62109375,501882
2026-04-02,12265.813485067121,12546.989611450128,12117.30496761131,12505.4072265625,438227
2026-04-06,12505.407582074968,12593.522638270413,12296.50559491498,12561.8408203125,382650
2026-04-07,12514.318094135802,12707.379172328561,12371.749913316533,12670.7470703125,359542
2026-04-08,13217.258609860912,13608.331055620842,13078.650654401696,13466.7529296875,1026292
2026-04-09,13435.070756764433,13636.052286876678,13197.457125104635,13453.8818359375,549914
2026-04-10,13514.27512620017,13659.813473713095,13454.871719052036,13572.6884765625,471921
2026-04-13,13268.740931322174,13286.56195331619,12837.076176356015,12945.982421875,1347910
2026-04-15,13118.253017944822,13339.035691378913,13068.750176367672,13156.865234375,699458
2026-04-16,13246.959781882733,13301.412905051908,13105.381661642881,13202.4072265625,527309
2026-04-17,13167.755681818182,13511.305397727274,13124.193181818182,13319.234375,549308
2026-04-20,13340.025034560875,13398.43838449698,13196.466801667055,13316.263671875,348629
2026-04-21,13322.204012981949,13408.338952721057,13287.552025730583,13327.154296875,292879
2026-04-22,13318.244228637906,13395.468659936876,13167.755593286065,13204.3876953125,434640
2026-04-23,13118.252572752423,13225.178706930328,12994.495473009474,13029.1474609375,541086
2026-04-24,13068.75035925046,13121.22337205654,12848.957739572155,12918.26171875,464098
2026-04-27,13022.217329545456,13138.053977272728,12913.311079545456,13090.53125,312786
2026-04-28,13090.53125,13174.686079545456,12700.448863636364,12763.8125,836679
2026-04-29,12959.844100640228,13413.29013563589,12959.844100640228,13125.18359375,754798
2026-04-30,13003.40598726552,13227.158823653674,12841.036672364382,13181.6162109375,612975
2026-05-01,13181.6162109375,13181.6162109375,13181.6162109375,13181.6162109375,0
2026-05-04,13424.180486368396,13837.034182276326,13301.413440103208,13444.9716796875,722127
2026-05-05,13425.170544209928,13433.090998808282,13227.15917925108,13292.5029296875,419490
2026-05-06,13420.22008275659,13625.16184278098,13245.970083895272,13585.5595703125,435208
2026-05-07,13585.559305215142,13732.08771048929,13536.056465595499,13633.08203125,726199
2026-05-08,13536.056464465248,13651.893109165543,13490.513852018978,13589.51953125,270505
2026-05-11,13412.2991807102,13521.20542636445,13099.4412386489,13348.935546875,634354
2026-05-12,13308.34365940181,13321.214397950553,13019.247070460779,13041.0283203125,302512
2026-05-13,13055.879618753816,13152.905189591602,12856.878192851827,12972.71484375,307027
2026-05-14,13102.412201392208,13102.412201392208,12797.474695118308,12944.9931640625,286648
2026-05-15,12948.952949350229,13192.506923319199,12948.952949350229,13089.541015625,268206
2026-05-18,12996.475404595185,13008.356086004125,12722.22967540551,12886.5791015625,373184
2026-05-19,12904.400210930264,12973.704186284347,12771.732600966734,12827.17578125,342737
2026-05-20,12722.230289103956,12942.022905771744,12626.19477641578,12873.708984375,300695
2026-05-21,12972.713952158196,13019.246620688413,12804.404300027623,12880.638671875,213095
2026-05-22,12969.744586834431,13021.227542446293,12844.997425159534,12857.8681640625,387975
2026-05-25,13014.296431950575,13104.391599337985,12970.733933433585,13039.0478515625,276553
2026-05-26,13056.868786317951,13196.466791995146,13003.40572031392,13076.669921875,256901
2026-05-27,13076.670279061284,13283.592151284467,12971.72425774235,13231.119140625,322020
2026-05-28,13231.119140625,13231.119140625,13231.119140625,13231.119140625,0
2026-05-29,13322.2042724442,13373.68722593462,12920.241212499763,12996.4755859375,963291
2026-06-01,13068.749818959524,13135.083624858788,12784.603516077601,12817.275390625,295359
2026-06-02,12573.721244576485,12921.231178186434,12573.721244576485,12892.51953125,586599
2026-06-03,12884.599077521274,13074.68998138512,12782.62322805265,12914.30078125,607808
2026-06-04,12860.83833300841,13132.113906776256,12820.246002627091,12934.1025390625,465070
2026-06-05,13020.236947512572,13043.998310659123,12786.583543238146,12920.2412109375,295703
2026-06-08,12771.73259976185,12899.449925759469,12713.319249111775,12783.61328125,372902
2026-06-09,12948.952593994141,13026.177022645532,12723.219648705459,12989.544921875,428323
2026-06-10,12987.565251825088,13073.700194416091,12920.24138865051,12943.0126953125,203885
2026-06-11,12940.042082104615,13085.580428399135,12839.056290798213,12967.763671875,308710
2026-06-12,13100.431993958551,13284.582564611233,12999.446197149016,13233.099609375,559038
2026-06-15,13415.269886363638,13822.183238636364,13385.568181818182,13667.734375,613280
2026-06-16,13723.177826460473,13736.048565349729,13525.166458933447,13554.8681640625,280511
2026-06-17,13563.778587559611,13603.380860807962,13425.170631190389,13494.474609375,241534
2026-06-18,13510.314981529034,13577.638843374556,13299.43288486586,13349.92578125,373512
2026-06-19,13349.925600153974,13372.69690605753,13220.228162181551,13261.810546875,719756
2026-06-22,13316.264382485935,13360.816939899458,13246.960404287123,13287.552734375,254533
2026-06-23,13286.562145704782,13414.279471844566,13104.391696017026,13317.25390625,398558
2026-06-24,13306.363366168478,13306.363366168478,13069.739791427834,13116.2724609375,327495
2026-06-25,13225.179063551519,13778.620828525714,13193.497245163015,13608.3310546875,981556
2026-06-26,13608.3310546875,13608.3310546875,13608.3310546875,13608.3310546875,0
2026-06-29,13603.38022707044,13702.38590557896,13238.049273374007,13278.6416015625,1358592
2026-06-30,13607.341254870706,14059.797232277277,13375.667953529048,13974.65234375,1511415
2026-07-01,14010.294295911666,14404.336916911796,13930.099692140282,14251.8681640625,1397790
2026-07-02,14287.5096753059,14345.923026483439,14133.060814565293,14205.3349609375,327088
2026-07-03,14306.321022727274,14375.625,14190.484375,14223.15625,384188
2026-07-06,14205.335579733328,14381.565697742286,14148.902339696751,14312.26171875,214686
2026-07-07,14319.192026324868,14452.849699252605,14270.679241336282,14393.4462890625,524759
2026-07-08,14331.071982617173,14355.82340227627,13741.988194730664,13812.2822265625,481076
2026-07-09,13860.795454545456,13897.427556818182,13563.77840909091,13591.5,576451
2026-07-10,13662.784002476721,13847.924626278398,13639.022638994153,13716.2470703125,430154
2026-07-13,13545.957386363638,13703.376420454546,13401.409090909092,13558.828125,458633
2026-07-14,13483.583358648135,13553.877390402597,13336.06489764229,13354.8759765625,368645
2026-07-15,13368.736862886974,13470.712712466871,13301.4130010284,13447.94140625,456369
2026-07-16,13469.723011363638,13707.336647727274,13448.931818181818,13645.953125,356847
2026-07-17,13613.28089624991,13746.938563231271,13563.778056627181,13665.75390625,237330
2026-07-20,13686.545545360366,13694.465999958376,13243.990144696587,13379.6279296875,517730
2026-07-21,13385.568358369494,13519.22603058694,13215.278583396153,13461.802734375,341101
2026-07-22,13460.81223266196,13582.589218879775,13356.856268817482,13410.3193359375,299404
2026-07-23,13406.35928530751,13433.090819219578,13239.0396841542,13269.7314453125,327912
2026-07-24,13207.357954545456,13360.816761363638,13065.779829545456,13308.34375,223369
2026-07-27,13443.98188529907,13623.182174071377,13366.757451463493,13593.48046875,333477
2026-07-28,13592.489526965068,13710.306283736052,13533.086120189782,13664.763671875,481068
2026-07-29,13642.982954545456,13840.994318181818,13583.579545454546,13809.3125,515674
2026-07-30,13800.401639754988,14108.309302425465,13687.535165335583,14046.92578125,626000
2026-07-31,14108.30965909091,14205.335227272728,13983.5625,14092.46875,535417
2026-08-03,14157.812230841431,14296.420182751766,13762.779567896974,14009.3037109375,961183
2026-08-04,13983.5625,14112.269886363638,13875.646306818182,14027.125,619717
2026-08-05,14098.409090909092,14107.319602272728,13948.910511363638,14048.90625,312540
2026-08-06,14039.995738636364,14039.995738636364,13845.944602272728,13940.0,333510
2026-08-07,13811.0,14038.0,13811.0,14037.0,324104
2026-08-10,14039.0,14119.0,13954.0,14097.0,299446
2026-08-11,14120.0,14175.0,13980.0,13990.0,334931
2026-08-12,13990.0,14067.0,13875.0,13875.0,354408
2026-08-13,13884.0,13938.0,13825.0,13905.0,220061
2026-08-14,13905.0,13943.0,13760.0,13834.0,216810
2026-08-17,13834.0,13920.0,13760.0,13760.0,177071
2026-08-18,13762.0,13890.0,13691.0,13691.0,267433
2026-08-19,13744.0,13745.0,13628.0,13690.0,175646
2026-08-20,13758.0,13826.0,13681.0,13809.0,186272
2026-08-21,13809.0,13809.0,13565.0,13565.0,224951
2026-08-24,13623.0,13694.0,13505.0,13620.0,230499
2026-08-25,13609.0,13678.0,13450.0,13678.0,296429
2026-08-26,13750.0,13750.0,13514.0,13520.0,197113
2026-08-27,13520.0,13580.0,13404.0,13440.0,315555
2026-08-28,13500.0,13525.0,13318.0,13376.0,277509
2026-08-31,13375.0,13547.0,13268.0,13547.0,443131
2026-09-01,13540.0,13540.0,12851.0,12950.0,915975
2026-09-02,12763.0,12888.0,12640.0,12849.0,614156
2026-09-03,12853.0,12927.0,12780.0,12857.0,362982
2026-09-04,12880.0,12880.0,12656.0,12694.0,322752
2026-09-07,12691.0,12833.0,12618.0,12760.0,413778
2026-09-08,12758.0,12758.0,12582.0,12641.0,356860
2026-09-09,12609.0,12692.0,12537.0,12618.0,534832
2026-09-10,12679.0,12693.0,12517.0,12590.0,338613
2026-09-11,12520.0,12541.0,12381.0,12400.0,514868
2026-09-14,12400.0,12400.0,12400.0,12400.0,0
2026-09-15,12470.0,12470.0,12231.0,12231.0,286167
2026-09-16,12231.0,12367.0,12159.0,12166.0,312876
2026-09-17,12165.0,12409.0,12127.0,12338.0,249064
2026-09-18,12350.0,12458.0,12103.0,12103.0,659773
2026-09-21,12129.0,12229.0,12129.0,12153.0,339171
2026-09-22,12155.0,12275.0,12142.0,12190.0,246724
2026-09-23,12240.0,12255.0,12106.0,12230.0,220483
2026-09-24,12180.0,12184.0,11975.0,11990.0,393665
2026-09-25,11997.0,12098.0,11975.0,12065.0,283642
2026-09-28,12065.0,12116.0,11944.0,12008.0,301830
2026-09-29,12046.0,12046.0,11831.0,11877.0,519770
2026-09-30,11901.0,12065.0,11879.0,11967.0,430286
2026-10-01,11900.0,11907.0,11305.0,11386.0,885820
