Date,open,high,low,close,volume
2016-10-03,79.79528800473983,79.83930870350859,78.84159201932276,79.41381072998047,4566000
2016-10-04,79.45782561309248,79.50184631174012,78.18867500900508,78.57015228271484,5830100
2016-10-05,78.67285089721187,78.85625460027133,77.53575129646538,77.7705078125,6297000
2016-10-06,77.56507440810002,78.1519627320535,77.36699533102635,78.05659484863281,4886000
2016-10-07,78.32070768675946,78.43808312942113,77.50639491422378,77.75582122802734,4398400
2016-10-10,78.09330409882571,78.21802288594574,77.63112872538238,77.92457580566406,3119300
2016-10-11,77.85119080786755,77.91721344160102,77.02954036240239,77.44770050048828,3814400
2016-10-12,77.66781805547649,77.8805670661383,77.39637850455527,77.8218765258789,3419800
2016-10-13,77.65311496825765,77.88787144865636,77.24229252681893,77.7044677734375,3582600
2016-10-14,77.81449877279218,78.54077564445242,77.60174987159168,78.3720474243164,4788600
2016-10-17,78.37209468852208,78.54816072785563,78.17401549686319,78.38676452636719,4104400
2016-10-18,78.82689032546854,79.36243147194197,78.45275089132494,78.4600830078125,3850000
2016-10-19,78.35738794370094,78.5041142487156,77.82185232224712,77.95390319824219,4330600
2016-10-20,77.84385924148842,77.99791766273525,77.455044331146,77.66779327392578,3751600
2016-10-21,77.77049955742933,77.77049955742933,77.22762062413157,77.48439025878906,3615400
2016-10-24,77.85121472680898,79.15704834529673,77.85121472680898,78.72421264648438,5126000
2016-10-25,78.78289517525005,78.95896116511038,78.35739723580376,78.66551971435547,3756300
2016-10-26,78.8562583720809,79.19372053020719,78.46010568287952,78.54814147949219,3440700
2016-10-27,78.70219252218754,78.8929339317199,77.9832531737786,78.225341796875,4205300
2016-10-28,78.42342829873539,78.88560363761847,78.14465107464713,78.54814147949219,3378900
2016-10-31,78.51880334843868,78.81225043344077,78.43810526013716,78.64351654052734,3141700
2016-11-01,78.59949697739677,78.71687804355304,77.85121227028112,78.28404235839844,4289600
2016-11-02,78.26203480775345,78.81958367792112,78.21068199056941,78.28404235839844,3679200
2016-11-03,78.54813409038563,78.59948690098628,78.14464372349734,78.225341796875,3447700
2016-11-04,78.17397502354906,78.47475971551265,77.62376403808594,77.62376403808594,2897600
2016-11-07,78.24734144803162,78.64348843461464,78.04192464401648,78.46742248535156,5469100
2016-11-08,78.47480251232342,79.91268733351718,78.47480251232342,79.75862884521484,4671000
2016-11-09,78.09325907090114,78.75351322157849,77.02952031489019,78.6801528930664,6515800
2016-11-10,78.41608494352414,78.41608494352414,75.12215608308773,75.7457275390625,9095200
2016-11-11,75.56232495793076,76.12720589540551,75.24687036772006,75.70171356201172,5888400
2016-11-14,75.45962506860712,75.81175706763207,73.69161056658852,74.38121032714844,7248800
2016-11-15,74.38853406060142,74.8653847501445,73.9630361778069,74.71865844726562,5672300
2016-11-16,75.09278686304474,75.48893939737214,74.43987035194078,74.61593627929688,3962900
2016-11-17,74.68929445550759,74.77733021515661,74.22711931067848,74.54991149902344,4212600
2016-11-18,74.38855327702534,74.68200036155167,74.22715710068398,74.32252502441406,4919200
2016-11-21,74.3225099427047,75.06346242144429,74.3225099427047,75.01944732666016,3870800
2016-11-22,75.21751142947981,75.56231122086776,75.15148879557273,75.48161315917969,4540300
2016-11-23,75.21018669038317,75.48162618080059,74.43255679491264,74.4839096069336,4658400
2016-11-25,74.82871699075228,75.49630921126729,74.63797555674266,74.95343017578125,3644900
2016-11-28,75.02677374814114,75.74571862490389,74.75533988819855,75.40825653076172,5556900
2016-11-29,75.4082724902878,75.5990139219669,75.0488027743457,75.22486877441406,3886800
2016-11-30,75.02015557211192,75.3231598624373,73.97810363769531,73.97810363769531,8123500
2016-12-01,73.82289336605645,73.94114277398769,72.79562559803267,73.18731689453125,7123000
2016-12-02,73.46076249122048,74.37717282483882,73.46076249122048,74.34761047363281,4594600
2016-12-05,74.36241348215863,74.57673635437085,73.99289245526379,74.42892456054688,3961800
2016-12-06,74.7023852943997,75.09407674967659,74.50284074723771,75.04973602294922,4828400
2016-12-07,74.76148887781285,76.06959069230439,74.76148887781285,75.98090362548828,4873400
2016-12-08,75.48574154692969,75.83309215281126,75.38227612880868,75.49313354492188,3993900
2016-12-09,75.55227360883904,76.8973299562527,75.41185381065758,76.54258728027344,5040200
2016-12-12,76.72734001689517,77.50333637027424,76.61648258949202,77.3924789428711,4858400
2016-12-13,77.45896553187863,78.34581903233116,77.36289213233378,78.06497955322266,4508600
2016-12-14,78.24974097634265,78.7301192569778,77.0155425673819,77.20769500732422,5007500
2016-12-15,77.03033898647229,78.02065241661649,77.03033898647229,77.82111358642578,4179400
2016-12-16,78.00588502141349,78.27932695163929,77.69548309752572,78.24237823486328,7499300
2016-12-19,77.9393458618959,78.24235569977947,77.69546071995666,77.90239715576172,3683800
2016-12-20,77.51811306733146,77.62897049235781,77.13381371747529,77.52550506591797,4903400
2016-12-21,77.46638788199199,78.10935649887179,77.37031444480263,77.37770080566406,3245200
2016-12-22,77.26684018089148,77.93197344281027,77.04512533462336,77.85807037353516,2605000
2016-12-23,77.57722739607902,77.78415822126276,77.3259502237544,77.66590881347656,1769300
2016-12-27,77.66591799123977,77.83590012540864,77.59201492186133,77.69548034667969,1505000
2016-12-28,77.50332584308079,77.67330232202731,77.24465666812719,77.31856536865234,1878600
2016-12-29,77.22987393804154,77.67329792387301,77.21509558183864,77.59200286865234,2438100
2016-12-30,77.38507532675663,77.71025556140366,77.10424143947918,77.3259506225586,3484000
2017-01-03,77.55503626634484,77.66588800839689,77.01553335511564,77.34071350097656,3741200
2017-01-04,77.68070076692581,78.06500010471754,77.4442075655672,77.4885482788086,3029700
2017-01-05,77.24465104613411,77.68808066324259,77.0007715228546,77.38507080078125,5087200
2017-01-06,77.5846175671523,77.71764532855894,76.94904111136972,77.27421569824219,4109700
2017-01-09,76.97860589895492,77.05250896019939,76.30607507321335,76.46127319335938,5603500
2017-01-10,76.35782064223649,76.35782064223649,75.19752490607847,75.36011505126953,5399200
2017-01-11,75.26402979247592,75.64833476559141,74.94624716556801,75.24185943603516,4650300
2017-01-12,75.16797227094918,75.76659457526505,75.07189882656634,75.26404571533203,3126000
2017-01-13,75.29361565839419,75.4635978415898,74.80585074905984,75.04973602294922,3478600
2017-01-17,74.69498353988156,75.6187861490314,74.68759154024413,75.52271270751953,3745800
2017-01-18,75.67786672692267,76.12129059298012,75.61874204119758,75.92913818359375,4340400
2017-01-19,75.58919835876104,76.1213093847664,75.50790330543012,75.64832305908203,3923100
2017-01-20,75.96610897514638,76.35780023564018,75.7074454671261,76.29867553710938,4750800
2017-01-23,76.04740754070744,77.02294255778575,75.99567483671244,76.86774444580078,4584800
2017-01-24,76.86035176820747,77.54766090859545,76.69776166039325,77.38507080078125,4992300
2017-01-25,77.38506790990037,77.73981046264664,77.25943215435252,77.31116485595703,3566100
2017-01-26,77.2372842512764,77.39987440027407,76.9121039532811,76.96383666992188,3634600
2017-01-27,77.14122294800649,77.16339895034066,76.43913511209331,76.47608947753906,4248200
2017-01-30,76.12869980866176,76.65341882667286,76.12130781166395,76.6312484741211,3462600
2017-01-31,76.27651549832103,76.98599506129652,76.27651549832103,76.69776916503906,3846600
2017-02-01,76.57212422531548,76.69775998280872,76.10652990366552,76.12870025634766,3515600
2017-02-02,76.68297615527092,77.14857044369728,76.33562561885896,76.88251495361328,3213700
2017-02-03,77.18553786017677,78.16845930221376,76.90469832950141,77.68069458007812,4287100
2017-02-06,77.67330754089276,77.77677296244914,77.2520538564296,77.2816162109375,4355200
2017-02-07,77.32596067967995,78.2645471559606,77.32596067967995,78.05022430419922,3980400
2017-02-08,77.9689170937703,78.50842013846157,77.78415662672346,78.10933685302734,3407100
2017-02-09,78.10936092436938,78.70059121805642,77.61419843487127,78.31629180908203,4012400
2017-02-10,78.21281466050127,78.59711401195703,78.03544052434364,78.412353515625,2475500
2017-02-13,78.7079770722792,78.84839686384616,78.24976897873246,78.7227554321289,3463700
2017-02-14,78.46407491417605,79.07748102676867,78.09455397479863,79.01835632324219,5665000
2017-02-15,77.85807104024818,79.26225192227066,77.42942534096207,78.8779525756836,7617200
2017-02-16,79.1883484168438,79.94956074575063,78.57494222694,79.90522003173828,5559900
2017-02-17,79.29181450005998,80.03824847664,79.23268978859086,79.9273910522461,5498400
2017-02-21,79.86822984563426,80.92505961685315,79.77954281895538,80.82159423828125,5370700
2017-02-22,80.82901918868943,81.13202345277801,80.68120741729282,80.85858154296875,3815300
2017-02-23,80.64423183188043,81.29458649399375,80.64423183188043,80.95462799072266,3382700
2017-02-24,80.9251058549819,81.23550216804855,80.7994700575659,81.16899108886719,3991800
2017-02-27,81.06549062354074,81.20590472062206,80.72553209824967,80.75508880615234,3475100
2017-02-28,80.59252559024503,81.7380372110222,80.59252559024503,81.57544708251953,4684700
2017-03-01,81.55533774059549,82.09110364885825,81.23536674967025,81.6520767211914,4750700
2017-03-02,81.71161487701073,82.09111673539006,81.42885201464892,81.93485260009766,3880800
2017-03-03,81.92739783857246,82.35154490862628,81.59254698011902,82.26969146728516,4111300
2017-03-06,81.70416398981808,81.99436957453692,81.42883826811322,81.5776596069336,4491000
2017-03-07,81.2279441640652,81.68185103595411,81.10888252888886,81.34700012207031,4361100
2017-03-08,81.23536094087227,81.3544225462705,80.71448061017955,81.33209991455078,5244500
2017-03-09,81.55534628860238,81.56278905954451,81.04190863701115,81.1237564086914,4066900
2017-03-10,81.54047550305684,81.6372088273922,81.3172377673027,81.54791259765625,3488900
2017-03-13,81.34700498357815,81.7041842332819,81.13121001480297,81.41397857666016,3131200
2017-03-14,81.31722454298996,81.65208109216472,81.19816859987509,81.36186981201172,3630000
2017-03-15,81.52558490234975,82.76826656111082,81.48093962883692,82.67897033691406,4973400
2017-03-16,82.66409339146259,82.74594685286303,82.2473889895488,82.70130157470703,4580700
2017-03-17,82.95428742320559,82.98404715098597,82.54502020159386,82.88731384277344,6444400
2017-03-20,82.70875549316406,82.92455049528613,82.45575230278313,82.70875549316406,3382100
2017-03-21,82.99892287174106,83.57189123703422,82.94683483853258,83.1700668334961,5587700
2017-03-22,83.5719351525988,83.62402321317862,83.02128912973032,83.35614013671875,3882200
2017-03-23,83.30401182610733,83.5867803130634,83.09565968445763,83.1775131225586,3208400
2017-03-24,83.32635064942953,83.52726004646364,83.1849663881128,83.43052673339844,3913200
2017-03-27,83.24450234676061,83.5570306179863,83.02126462321588,83.21473693847656,3514600
2017-03-28,83.19987400633968,83.90678987156365,83.07337524463328,83.67610931396484,3945400
2017-03-29,83.38589093409091,83.74307019913894,83.31892301530355,83.66121673583984,2683700
2017-03-30,83.55702740053178,83.7504997083426,83.34123245666028,83.47517395019531,2104900
2017-03-31,83.57189613875606,83.69095775145576,83.21472265499729,83.23704528808594,3744400
2017-04-03,83.3040131873519,83.60910431201725,82.93939693350686,83.23704528808594,3587100
2017-04-04,83.33379850228779,83.50494819214553,83.06591548687572,83.40077209472656,2360700
2017-04-05,83.3709881241797,83.7802496508801,83.11054793861213,83.29657745361328,2992000
2017-04-06,83.43052625114291,83.5495821990603,82.90964015713841,83.02870178222656,2740600
2017-04-07,83.11797802655065,83.31145029545388,82.92451143481719,83.05101013183594,2799600
2017-04-10,83.11802247732918,83.45287916149042,82.90223313862194,83.35614013671875,2873200
2017-04-11,83.12542665461422,83.40075237679737,82.85754370253608,83.14031219482422,3031500
2017-04-12,83.37844592744436,84.65832445259024,83.26682706288483,84.53926849365234,6260300
2017-04-13,84.27137610023784,84.36810941092025,83.82490636891575,83.84722900390625,3257300
2017-04-17,83.89186598613206,84.32345581054688,83.8472207205616,84.32345581054688,2917700
2017-04-18,84.41276997843264,85.28338690530886,84.38300456932944,85.03782653808594,4574200
2017-04-19,85.14200595651356,85.19409400518559,84.44253868537078,84.54671478271484,3044700
2017-04-20,84.47228787335773,84.80714443916595,84.37555455994868,84.52437591552734,2973000
2017-04-21,84.49463070765265,84.680660272683,84.28627282599436,84.40533447265625,3885300
2017-04-24,85.09736947828465,85.18666571831436,84.7625185132244,85.0676040649414,3221500
2017-04-25,84.98575750449928,85.25364056918768,84.82949332962646,84.94855499267578,3643600
2017-04-26,83.1552092344418,84.65088841296458,82.85011804598908,84.33091735839844,5343900
2017-04-27,84.15977571967554,84.41277888516247,83.72074866271527,83.8174819946289,4096200
2017-04-28,83.5942434425472,84.40533530621894,83.48263024416416,84.29371643066406,4872000
2017-05-01,84.03326903264765,84.16721053649887,83.54214829280268,83.54959106445312,4074300
2017-05-02,83.89935404256332,84.00353016990573,83.3933532766831,83.55706024169922,3082400
2017-05-03,83.6314674682115,83.86958513181915,83.11802394970599,83.18499755859375,3342600
2017-05-04,83.46773373322765,84.0853531766034,83.19985073796035,84.05558776855469,3488800
2017-05-05,84.1151277017159,84.29371449219371,83.89188995573986,84.24906921386719,3046100
2017-05-08,84.23418366964388,84.40533336518175,83.92165536701478,84.24906921386719,3097200
2017-05-09,84.2639608357594,84.39046527061814,83.75052303186455,83.87702178955078,2708200
2017-05-10,83.86210962322566,83.9886140179286,83.69840840609785,83.9662857055664,2160100
2017-05-11,83.81747912838824,84.1523300696303,83.73562566680965,84.11512756347656,2277200
2017-05-12,84.03327433728367,84.30860013401663,83.87701018578822,84.01839447021484,2383500
2017-05-15,84.01092946948073,84.82945819381153,83.91419048902867,84.7848129272461,3500300
2017-05-16,84.87413485385964,85.32061039333844,84.52439833061499,84.67322540283203,2444300
2017-05-17,84.6732174001393,85.04527652975911,84.32348090994917,84.6360092163086,2999300
2017-05-18,84.66575423244494,85.03781327243787,84.30113796285957,84.8517837524414,3439500
2017-05-19,84.95598188045923,85.2015422731126,84.42765858779924,84.59880828857422,5750100
2017-05-22,84.59880174549605,85.57359479120535,84.59880174549605,85.35035705566406,3324000
2017-05-23,85.35779855512361,85.90100734235249,85.35779855512361,85.61080169677734,3261300
2017-05-24,85.80426185271415,86.563265543098,85.66288326503161,86.36235046386719,2816000
2017-05-25,86.58559038236012,87.56782613589554,86.42932624852166,87.45620727539062,3596200
2017-05-26,87.2478623978466,87.80595106990106,87.21065421550769,87.73898315429688,3104800
2017-05-30,87.61245470494018,87.89522318792918,87.43386796848449,87.81336975097656,3231600
2017-05-31,87.59235540169183,88.36406027136434,87.56238555908203,87.56238555908203,5232900
2017-06-01,87.50993888433062,87.8545834966361,86.95550537586436,87.83210754394531,4404900
2017-06-02,88.00445151159434,88.18426489938265,87.68977665392364,88.16178894042969,3162900
2017-06-05,87.95198646866342,88.38654063394115,87.69725136801576,88.31910705566406,2968800
2017-06-06,88.24419720361738,88.3640765962037,88.00444413460878,88.18425750732422,2643200
2017-06-07,87.78715418133567,88.08684690279897,87.5249251936165,87.69725036621094,3681100
2017-06-08,87.69727167881476,87.71974763805815,86.60339212220947,86.82816314697266,3956700
2017-06-09,86.65583263024297,87.00796547388964,86.43106163405974,86.86561584472656,3197700
2017-06-12,86.86557821340325,87.37505396336485,86.86557821340325,87.08285522460938,3492100
2017-06-13,86.51347084416577,87.35260363962846,86.51347084416577,87.15031433105469,2760000
2017-06-14,87.59235185813542,88.45396050461785,87.53241217534068,87.93699645996094,3597200
2017-06-15,87.65978602155094,88.0194184280332,87.29266544130262,87.81712341308594,3372700
2017-06-16,87.9369865243033,87.95946247377115,87.1353119350309,87.55487823486328,5156200
2017-06-19,87.67477254069051,87.87706756591797,87.08288667795517,87.87706756591797,2436600
2017-06-20,87.87707855725384,88.51392212534009,87.79466290202528,88.37156677246094,3703500
2017-06-21,88.24417965061289,88.58882426149786,87.83959535535762,87.97445678710938,3767100
2017-06-22,87.90705507841535,87.96699478061552,86.94804270787117,87.02296447753906,3288100
2017-06-23,87.06791519711473,87.937023718555,86.9780056450526,87.62983703613281,3453400
2017-06-26,87.97446007476267,88.28164668151811,87.70473720117946,87.74969482421875,2704000
2017-06-27,87.83961015713813,87.94450176437992,86.86561584472656,86.86561584472656,2884300
2017-06-28,87.30016596221917,87.56240070136273,87.06041289604299,87.19527435302734,3110600
2017-06-29,86.96299395630822,87.06039165074301,86.07890366874688,86.29618072509766,3474400
2017-06-30,86.55843512028207,86.99298936068243,86.38611563209301,86.5284652709961,3313300
2017-07-03,86.57343587147776,86.9105867231619,86.41609271011568,86.49102020263672,2250800
2017-07-05,86.53594427352749,86.57340800773027,86.07142026376422,86.38610076904297,4023100
2017-07-06,86.13884674746738,86.47599746287054,86.0489372224839,86.25872039794922,4007000
2017-07-07,86.46852001709443,86.65582726359244,86.03396583333983,86.54344177246094,3972500
2017-07-10,86.85061639277296,86.91055607918948,85.56194171563335,85.61438751220703,5771200
2017-07-11,84.91761528999999,85.39712712679207,84.10095839323634,85.2173080444336,6368500
2017-07-12,85.77922284627002,86.1463491558017,85.62188544911217,85.98900604248047,3885200
2017-07-13,86.12387674888502,86.19131033558506,85.35217174432023,85.42709350585938,3089400
2017-07-14,85.60689709016806,86.25123441181513,85.59940320052203,86.10887908935547,2956400
2017-07-17,86.1163729790015,86.28120425423627,86.04144551486716,86.10887908935547,2481300
2017-07-18,86.048943866287,86.2737148380188,85.704299234818,86.1688232421875,2694800
2017-07-19,86.1688202005853,86.42355529113726,85.88410955095303,86.41606140136719,2578200
2017-07-20,86.41606850055801,86.95551428505841,86.24374903483142,86.54344177246094,3518100
2017-07-21,86.74574005742205,87.41255346664376,86.4460472887893,87.38258361816406,3476400
2017-07-24,87.2851742327623,87.41254178465623,86.97798761402164,87.0079574584961,3681300
2017-07-25,87.38258026593805,87.49496576438443,87.0154596394328,87.24771881103516,3075100
2017-07-26,87.13533356975573,87.97446637776777,87.02294807835024,87.8021469116211,3305600
2017-07-27,87.9070626049573,88.45399671490925,87.37511056375585,87.91455078125,2954800
2017-07-28,87.89206520808767,88.01194460964189,87.06042043733991,87.36760711669922,3276300
2017-07-31,87.30766741592211,87.55491439450431,87.04543837022788,87.36760711669922,3098600
2017-08-01,87.42751825389239,87.49494610811381,86.83562676346638,86.8506088256836,2946100
2017-08-02,86.70827959906663,86.89558685968176,86.26623149160967,86.61837005615234,2626400
2017-08-03,86.7082851063039,87.40506838869462,86.6708213653358,87.13534545898438,2986200
2017-08-04,87.15031855048775,87.27768611079942,86.81316778115364,87.18778228759766,2955200
2017-08-07,87.24772858507444,87.82463820751848,87.19528277541266,87.62983703613281,2569600
2017-08-08,87.50996136255269,87.62234115487298,87.18779262018421,87.4425277709961,2412600
2017-08-09,87.27769200656722,87.43502942396249,86.88060151749858,87.38258361816406,2513800
2017-08-10,87.17279839622394,87.53991902839535,86.97050906882941,87.19527435302734,2236000
2017-08-11,87.47246927042205,87.8470836998457,87.17277658365062,87.29265594482422,2759700
2017-08-14,87.9295044922484,88.54387196391428,87.66727551949398,88.28913116455078,3191700
2017-08-15,88.31911014410763,89.27063415018502,88.29663418928372,89.13577270507812,2749800
2017-08-16,89.12828557714631,89.42797833525162,89.02339396923405,89.2331771850586,2373900
2017-08-17,89.158232444756,89.4504312366517,88.59631081170082,88.70120239257812,3096900
2017-08-18,88.62631441092876,88.73120603176136,87.95950094299376,88.10934448242188,3776500
2017-08-21,88.25918375554012,88.75367195265599,88.07187649435788,88.60382843017578,2119500
2017-08-22,88.59635284268062,88.93350369599642,88.14681646620448,88.34910583496094,2313700
2017-08-23,88.33409770005295,88.49892898989357,87.83211565638452,87.87706756591797,2616300
2017-08-24,87.85460020588681,87.88457005389552,86.93304595715196,87.07540130615234,4760000
2017-08-25,87.46497761176134,87.584856975992,86.76070635347573,86.79816436767578,3442500
2017-08-28,87.00048748910288,87.1278550676481,86.22128851821192,86.56593322753906,2932700
2017-08-29,86.57341617388718,86.98548870817055,86.54344632693066,86.79068756103516,2348700
2017-08-30,86.86235637269888,87.08115393609583,86.69637737344733,86.87744903564453,2491800
2017-08-31,86.94534519148004,87.39802720652563,86.71146073087539,87.3150405883789,4709500
2017-09-01,87.05099191330933,87.58666643256882,86.8774665476073,87.3980484008789,2591900
2017-09-05,87.48102293879978,87.56401531629628,87.0736131389352,87.42066955566406,2711400
2017-09-06,87.64702407394466,87.87336801053864,87.24715477463867,87.78282928466797,2617500
2017-09-07,88.0091682937994,88.49202995907767,87.81300394347852,88.26568603515625,2623800
2017-09-08,87.82055426508911,87.88091341503193,86.4398689300153,86.79447174072266,4818300
2017-09-11,86.82463795878373,87.4357584284866,86.58320715231899,87.28486633300781,3247900
2017-09-12,87.28486976189458,87.48102834248996,86.65865660434508,86.7642822265625,2998500
2017-09-13,86.66618676290011,86.89252487277122,86.00979415633026,86.34930419921875,5141500
2017-09-14,86.34178574256768,86.42477813096254,85.78347226497222,86.15316772460938,3456900
2017-09-15,86.56812302992972,86.74920046976682,86.09280770172867,86.65111541748047,5543000
2017-09-18,86.89253430911283,86.93780654093443,86.52284466019465,86.75672912597656,2441200
2017-09-19,86.80955017082071,86.85482240693844,86.28142205082048,86.37950134277344,2568300
2017-09-20,86.26633439151978,86.50022464923042,85.05918022136775,85.69293975830078,4059800
2017-09-21,85.41377694704555,85.87400534110509,84.9082820736243,85.10444641113281,3630900
2017-09-22,84.92336208465348,85.15725230674543,84.35750811392701,84.38768768310547,3746300
2017-09-25,84.53105824448096,84.60650430634472,84.06328345106071,84.45561218261719,3885000
2017-09-26,84.67438838793316,84.7272011935047,84.29715241780387,84.35750579833984,2953800
2017-09-27,84.28960542099686,84.41031793727957,83.2484304677177,83.82183074951172,4016200
2017-09-28,84.02555076400773,85.05163316955642,83.88974557044497,84.22925567626953,11581100
2017-09-29,84.40279322488792,84.52350576385714,83.90483889170642,84.0708236694336,5122300
2017-10-02,82.92403661783757,83.38425933282363,82.20728462294869,82.3280029296875,8306400
2017-10-03,82.55432307871797,82.72785416768917,82.15445384832515,82.33552551269531,6064400
2017-10-04,80.6832444282581,83.11264539719512,80.11739037982241,82.49397277832031,9092400
2017-10-05,82.73543859861067,83.73888242437431,82.65244618168906,83.33146667480469,5670400
2017-10-06,83.12018532445265,83.49742135379789,82.93156730978002,83.29371643066406,3240300
2017-10-09,83.43707066488145,83.69359418404348,82.8334964104492,82.99948120117188,1977800
2017-10-10,83.20318538362346,83.6407805994945,83.20318538362346,83.5804214477539,3032300
2017-10-11,83.67093622379343,84.35750267076884,83.57285119125132,84.13116455078125,4051100
2017-10-12,84.13117801079567,84.88565004378884,84.03309296256107,84.84037780761719,3287200
2017-10-13,85.05164321018835,85.24026123706113,84.63668124860207,84.9686508178711,3090500
2017-10-16,85.20252502779421,85.73065313671843,85.02145335561515,85.68538665771484,2675900
2017-10-17,85.42131601123333,85.67783371401099,84.24434159865028,84.64421081542969,3825200
2017-10-18,84.4631576538086,84.83285316384494,84.33489876559152,84.4631576538086,2590500
2017-10-19,84.21417828922884,85.09690926909929,84.19908562370189,85.0063705444336,2673700
2017-10-20,85.26288892500222,85.27042950114685,84.0330957859585,84.20662689208984,3772300
2017-10-23,84.22925712818922,84.8403776316736,84.04818545237251,84.26698303222656,2263200
2017-10-24,84.38015685981858,84.40279585798639,83.20318222636647,83.55778503417969,3351100
2017-10-25,83.31633386082153,83.39177990114048,82.37324396642491,83.04472351074219,3836900
2017-10-26,83.49742947907225,83.92747836412802,83.301270869163,83.5427017211914,2865000
2017-10-27,83.30124196634762,83.6332056751026,82.93909293587615,83.44458770751953,3343200
2017-10-30,83.26352627049444,83.271072601848,82.50905430773618,82.72785186767578,2206100
2017-10-31,83.17298399527604,83.57285319740038,82.95418644472113,83.16544342041016,4379400
2017-11-01,82.8108682030344,83.50498122811437,82.69769622464473,83.09001922607422,2822400
2017-11-02,82.92401458550428,83.12771947879594,82.64485789246504,83.0296401977539,2169800
2017-11-03,83.09755406039716,83.48233643120868,82.99192843016107,83.15791320800781,1725700
2017-11-06,82.96927573748377,82.99190897349034,82.38078857665796,82.43360137939453,3331800
2017-11-07,82.35063177624532,83.42952712141422,82.35063177624532,83.3465347290039,3882000
2017-11-08,83.4219820192858,84.53105695588965,83.3691692011697,84.5008773803711,3685300
2017-11-09,84.0104659698621,84.83284354018517,83.76148879898001,84.10855102539062,2856900
2017-11-10,84.07835502413715,85.24024250508263,83.98026998777216,85.06671142578125,3699500
2017-11-13,85.02146470878549,86.15317288431321,84.98373880046839,86.04000091552734,3194500
2017-11-14,85.77593523767624,87.66211549530011,85.70048342243902,87.33769226074219,4998900
2017-11-15,87.25467589542433,87.46592710524983,86.24368056190602,86.83971405029297,3861500
2017-11-16,87.05854825431163,87.39805844791641,86.71903806070684,86.93783569335938,3058100
2017-11-17,86.56059883761931,86.8699294492679,86.40970094252695,86.52287292480469,2646400
2017-11-20,86.57566995058389,87.40558807556562,86.54549037707262,86.6963882446289,3594300
2017-11-21,86.75673615063991,87.76773165277304,86.74164924292063,87.55648040771484,3179300
2017-11-22,87.34522780300064,87.51875890941294,86.22106604597661,86.82464599609375,3598500
2017-11-24,87.25468796919944,87.74509592053333,87.08870320817894,87.44330596923828,1183000
2017-11-27,87.5187429233825,87.82053284331661,87.26222523294508,87.40557098388672,2818900
2017-11-28,87.71490912499733,88.1449578994176,86.99061675524554,88.09968566894531,3600400
2017-11-29,88.1524887084961,88.55990420062723,87.73753264225836,88.1524887084961,3276300
2017-11-30,88.52095031738281,89.04514936985704,88.18668358192016,88.52095031738281,5984000
2017-12-01,88.50578901058812,88.77168507157171,87.3966184446998,88.718505859375,4956600
2017-12-04,88.88559759834504,89.79724243476126,88.59691141923575,89.23506164550781,4403000
2017-12-05,89.36422835668182,89.59974119403621,89.02236292285129,89.3338394165039,3198600
2017-12-06,89.51616293620752,90.33664683994802,89.3718169357077,90.32904815673828,3203500
2017-12-07,90.0403572972601,90.13152410864164,88.54374126740203,88.68048858642578,5409500
2017-12-08,88.52095707662599,88.58173495902275,88.04994297829579,88.55894470214844,3127500
2017-12-11,88.37660583993818,89.21988001580898,87.79162893792474,89.18189239501953,2429400
2017-12-12,89.81245000003045,89.92640706654898,88.97677450572324,89.18949127197266,2664600
2017-12-13,89.27308506076199,89.80487712923845,89.25029480012712,89.49340057373047,3193900
2017-12-14,89.59975799467865,90.1011611113869,89.44022037590337,89.66053009033203,4057800
2017-12-15,90.07837147094831,90.678540114909,89.98720463269267,90.57218170166016,7173500
2017-12-18,90.63295184035,90.96721862649385,89.64533146341542,89.68331909179688,3472700
2017-12-19,90.21511542828107,90.70132695511191,89.82007073626797,90.10875701904297,3942500
2017-12-20,90.1467457645361,90.49620994151319,89.31106425861411,90.42023468017578,4273400
2017-12-21,90.74689609661964,90.83806292000689,89.52376874763885,89.84284973144531,2790000
2017-12-22,90.10115051269531,90.215107597301,89.774476628078,90.10115051269531,2045600
2017-12-26,89.9568164276354,90.58736818614899,89.9568164276354,90.32147216796875,2156300
2017-12-27,90.30626833710919,90.70891165229074,90.25308914069082,90.63294219970703,2465100
2017-12-28,90.65573738217495,90.80767629559882,90.4430205849423,90.67092895507812,1999300
2017-12-29,90.75451680442387,91.59779128807624,90.72412785592027,91.1039810180664,3116400
2018-01-02,91.1115784922696,91.3015050708163,89.59216586389596,89.69092559814453,4165800
2018-01-03,89.57695432487803,90.00238791125928,89.37183041994572,89.45539855957031,4224000
2018-01-04,89.49341367581185,90.48862717656215,89.34146892250286,89.89605712890625,3147000
2018-01-05,89.95685364292498,90.47344852276358,89.83529781512705,90.15437316894531,2714200
2018-01-08,89.80489268272376,90.20753614660467,89.39465053194893,89.63775634765625,5730400
2018-01-09,89.84288600307984,90.38987557203988,89.60737306327192,89.70613861083984,4573600
2018-01-10,89.74409432666053,89.91882930879903,88.65771419241283,89.25028991699219,3363900
2018-01-11,89.37183480326753,89.53137240598515,88.41460339086358,88.7944564819336,3685200
2018-01-12,88.84763488960786,89.65292737683343,88.77166543129175,89.17430877685547,4335500
2018-01-16,89.03756208572935,89.91122535301038,88.90841342603602,89.53897094726562,4936500
2018-01-17,89.86566327656543,91.29390910316894,89.80488537855693,90.54180145263672,4554600
2018-01-18,90.4734144604448,90.87606364135651,90.13914765205028,90.44303131103516,6221800
2018-01-19,90.76969857442711,91.68134368843651,90.13154235774189,91.29389190673828,6002600
2018-01-22,91.24072389005167,92.57020989201857,91.16475442058764,92.3119125366211,4308600
2018-01-23,91.97762404268748,93.07160276169361,91.81048776105065,92.15235900878906,3536900
2018-01-24,92.10676931928947,92.28910296316717,91.78769413665019,92.03079986572266,3445200
2018-01-25,91.62816473231197,92.26631515460933,91.43823818337609,91.84848022460938,2712900
2018-01-26,91.62815262699644,92.5625878784944,91.62815262699644,92.50181579589844,3993900
2018-01-29,92.21312104215677,92.80569664774151,90.89883278185215,90.91402435302734,3854700
2018-01-30,90.92163153373083,92.07638232217492,90.784884195985,91.08116912841797,4945200
2018-01-31,91.0431692803124,91.7345045605767,90.79247069151606,91.39263916015625,4018100
2018-02-01,91.10394715472847,91.93202975438037,90.61773575159414,91.39263916015625,3485600
2018-02-02,91.09641344607671,91.37750115468289,89.9492549546624,90.15437316894531,3348900
2018-02-05,90.07836370294268,90.90644647308245,86.91798893190315,86.95597076416016,5347600
2018-02-06,85.42138750493274,86.5685399693412,83.68165919343747,86.27225494384766,6642600
2018-02-07,86.58371689557077,87.95118458350578,85.65687440040352,86.22665405273438,4931400
2018-02-08,86.37859420683726,86.39379157693124,83.6360543108165,83.681640625,4907900
2018-02-09,84.1830484441487,85.07950205883446,82.71681513697871,84.46414184570312,5301700
2018-02-12,85.01112240074767,85.65687149224563,84.37296619783218,85.0339126586914,4759200
2018-02-13,85.08709252576502,85.59609427748951,84.08428059569815,85.19345092773438,5274700
2018-02-14,84.83637865598976,85.01111360898445,82.62563692260736,82.89153289794922,7702700
2018-02-15,83.21060212960737,84.35775987974952,82.59524208829203,84.30458068847656,5125200
2018-02-16,84.37296295166016,84.85917442274724,83.38534843680735,84.37296295166016,5578500
2018-02-20,84.29699987792714,84.31219724785424,83.06627373825852,83.17263793945312,3835500
2018-02-21,83.07385796019581,83.44611231322374,82.00267541076109,82.04825592041016,4501900
2018-02-22,82.2989662332137,83.54488381938395,82.06345339219891,83.0054931640625,5394700
2018-02-23,83.08147918336033,83.6056783709263,82.48131052707002,83.3245849609375,4760400
2018-02-26,83.65884052608902,84.45652847924646,83.59046396090538,84.28179931640625,5355400
2018-02-27,84.47174966930763,85.14788784717877,84.1070880763853,84.24383544921875,6385800
2018-02-28,84.32740384846034,84.82121412931534,83.3245917102145,83.36257934570312,4638900
2018-03-01,83.58065655767858,84.09341992479094,82.07297414007836,82.7464599609375,6896300
2018-03-02,82.58579662250202,83.6648962577957,82.57814177716342,83.45060729980469,4903600
2018-03-05,83.00667673392442,83.87914180503068,82.66993378053844,83.74903869628906,3781700
2018-03-06,83.69548956086832,83.89447461899955,82.99139577232374,83.86386108398438,3380800
2018-03-07,83.33578325315706,84.23120720724229,83.12149435873678,84.06283569335938,4612600
2018-03-08,84.2082356164784,85.81540791735011,83.86384363733931,85.77714538574219,5437700
2018-03-09,85.92254868777039,86.15214722337106,85.44039876972894,86.12918853759766,3680600
2018-03-12,86.09857918682225,86.55011559942501,85.77714589253551,86.28990936279297,4509600
2018-03-13,86.68788006431845,87.17003588086078,86.26695714895902,86.94043731689453,4590000
2018-03-14,86.91747699174142,87.07053880554761,85.89194999358529,86.18276977539062,4055700
2018-03-15,86.02205917230538,86.67258068515766,85.45572341465055,85.7082748413086,3906800
2018-03-16,85.96846462436808,86.6342898111939,85.39447417286564,85.44039154052734,7730800
2018-03-19,85.44806465933675,85.70827091698989,84.22355260198717,84.46080017089844,4216700
2018-03-20,84.75927084232194,85.18019957936974,84.05517717210907,84.10874938964844,3319000
2018-03-21,84.10109011465227,84.24650291413779,83.06025350966151,83.2209701538086,3867600
2018-03-22,82.99904355897226,83.9327359269625,82.50158967934587,82.60873413085938,4325500
2018-03-23,82.7235338941952,83.22099365068584,81.07809861809285,81.23881530761719,4873300
2018-03-26,81.6444145223329,82.2490185909102,81.1928722619556,81.74390411376953,4119400
2018-03-27,82.0653262208914,83.06789428606916,81.51429448344231,82.37910461425781,5036300
2018-03-28,82.76178967757753,84.269472566542,82.65464523420349,83.55772399902344,6413000
2018-03-29,84.27710617541344,84.69037999813072,83.39698632178954,83.53474426269531,3829500
2018-04-02,83.12915051337058,83.5883418427924,81.46075087328813,81.92759704589844,4325500
2018-04-03,82.18779750237616,83.06026271814828,81.57553854723277,82.80005645751953,4699000
2018-04-04,82.4862727823818,84.74397258806188,82.07299886026816,84.32304382324219,4694200
2018-04-05,84.51437655073539,85.08836715326989,83.99395817088009,84.62152099609375,3275700
2018-04-06,84.23119089555294,84.93529034806949,83.24392653264603,83.64955139160156,3579100
2018-04-09,83.83323139918575,84.52967021007963,83.25158602381627,83.71077728271484,2620000
2018-04-10,83.98631103065313,84.33835793182307,83.35874814788325,83.72610473632812,2817000
2018-04-11,83.09088595417079,83.77967589941888,82.97608665680697,83.1750717163086,4000200
2018-04-12,83.38934347709463,83.81027220123059,82.86127032116653,82.89188385009766,2691700
2018-04-13,83.30515036674741,83.77199642353654,83.05259315459598,83.61893463134766,2828300
2018-04-16,83.99396606640711,84.67510117832741,83.81793969595208,84.12406921386719,2769800
2018-04-17,83.18269951423642,83.4811740869769,82.63932257824904,83.3204574584961,5022000
2018-04-18,83.39700245461694,83.6954770778294,81.47604575119959,81.87401580810547,6525500
2018-04-19,81.6673794648244,81.84340581277714,80.41990869953905,80.79491424560547,6320200
2018-04-20,80.70305087386853,80.817850125879,78.26933125476336,78.4300537109375,8650000
2018-04-23,78.483663620808,78.6749938530977,77.9402806228422,78.50662231445312,6670600
2018-04-24,78.53722646607817,78.71324698894419,77.2744459160977,77.63414764404297,5695500
2018-04-25,77.45810303993373,78.33822296378891,77.18258713613675,77.41218566894531,4828300
2018-04-26,78.25403260335904,79.65457072513469,77.41218109766206,79.02700805664062,5978800
2018-04-27,78.23109742998132,78.82039190938978,77.79486478345086,77.84078216552734,4765900
2018-04-30,77.94793436073181,78.36120835728426,76.9759793636265,77.25149536132812,5479900
2018-05-01,76.80761168922874,77.24384440103407,75.43768647592611,75.86626434326172,4543900
2018-05-02,75.88922475120779,76.04228659866824,74.25908746497154,74.41215515136719,5927700
2018-05-03,74.60346249647792,75.07030273971542,74.00650746104621,74.69529724121094,6668200
2018-05-04,74.65702888554301,76.35603575880891,74.61876051893448,75.75908660888672,5937000
2018-05-07,75.75145796598979,76.00400940111084,75.05501321127917,75.1774673461914,3475400
2018-05-08,74.93253955545686,74.993760763259,73.79986254659516,74.07537841796875,5333700
2018-05-09,74.38152590184414,74.63407731291177,73.42487495995988,73.59324645996094,6201500
2018-05-10,73.79988994029043,74.80245838724996,73.77693124897604,74.44275665283203,3100600
2018-05-11,74.6800077269369,75.20042612304196,74.14427964448298,74.5652084350586,3507300
2018-05-14,74.76419558989551,74.79480912452055,74.0294882756984,74.35092163085938,4307900
2018-05-15,73.93764838711964,74.41979842452557,73.7463181730631,74.08306121826172,6555700
2018-05-16,73.9605943979944,74.65703906044304,73.89171833543158,74.38152313232422,5544700
2018-05-17,74.65701308466674,74.99375011603429,74.35088373338847,74.94017791748047,6531100
2018-05-18,75.23867209100456,75.3458165161117,74.48100627376601,74.62641906738281,6894000
2018-05-21,75.16981697849863,76.5167833480564,75.0473628362957,76.1570816040039,6678100
2018-05-22,76.3637087074913,76.88412708653244,76.09584759451447,76.47850799560547,6807600
2018-05-23,76.47849304415344,76.99125648002652,76.23359066889068,76.87645721435547,6249900
2018-05-24,76.7693275536102,76.97596743934362,76.34840461711296,76.66983795166016,4696700
2018-05-25,76.66981279885323,77.38156114266931,76.45552397945612,76.76930236816406,5324300
2018-05-29,76.53207262429065,77.51933706181605,76.53207262429065,77.3739242553711,8302600
2018-05-30,77.80254452160864,78.24642631455961,77.36630589655829,77.93264770507812,6256600
2018-05-31,78.12417142003765,78.24002653367334,76.97335731456442,77.42904663085938,8270100
2018-06-01,77.65303161251882,77.95425137239009,76.96563206895247,77.42904663085938,4414200
2018-06-04,77.83066513622074,78.07781994341772,77.25912074944688,77.3286361694336,3932000
2018-06-05,77.59123746498098,77.97741722892731,77.14326752457069,77.39814758300781,4851900
2018-06-06,77.54490691771137,77.90019163529647,77.09693692450729,77.87702178955078,3946700
2018-06-07,77.62985449298083,78.40221398798673,77.49082954817435,78.13188934326172,5052900
2018-06-08,78.14735225064655,79.25182682299331,78.14735225064655,79.15914154052734,4795500
2018-06-11,79.25180310198111,79.86969301487228,78.98919782658012,79.71521759033203,3984500
2018-06-12,79.73067186399388,80.75018614381719,79.41400164812991,80.69612121582031,5075900
2018-06-13,80.44896086998233,81.56115443960151,80.44896086998233,81.3062744140625,7553500
2018-06-14,81.29855350039432,81.37578826320356,80.65749377307175,81.1981430053711,4812600
2018-06-15,81.17496289362583,83.22171625855799,80.95870322807235,83.11358642578125,10573000
2018-06-18,82.65018500518744,82.80465453553701,80.96644119678376,81.3912353515625,5964400
2018-06-19,81.4761930131006,82.39530260230818,81.26765856387465,81.83920288085938,5504400
2018-06-20,81.66157387168295,81.95506836516432,81.37579873063115,81.72335815429688,4601400
2018-06-21,82.31035560754367,82.97458528065476,82.10182112535095,82.82783508300781,6550700
2018-06-22,82.82781457972797,83.93228867974163,82.75057982368779,83.7005844116211,5709400
2018-06-25,83.19081680082924,84.6428501164409,83.19081680082924,84.17943572998047,5183000
2018-06-26,84.22579722625974,84.31847658550357,83.00546792671474,83.45343780517578,5034100
2018-06-27,83.70059270711086,84.15628193775478,83.12132314044737,83.62335205078125,6229200
2018-06-28,83.73921022248965,84.41889031032571,83.64653085970107,83.94002532958984,4297400
2018-06-29,83.9709140167106,84.57335339947437,83.26034479050894,84.0867691040039,4721400
2018-07-02,83.95545221778312,84.9595216488687,83.65423256698419,84.59651184082031,4711900
2018-07-03,83.86278719921216,84.62742137472232,83.46115700112168,84.03270721435547,3769100
2018-07-05,84.11767465210536,84.666049181375,83.41482468968108,84.61198425292969,4870400
2018-07-06,84.5656326462109,84.97498220276789,84.16400833391955,84.61969757080078,4387300
2018-07-09,84.28759814383908,84.41890374975159,83.04409875895847,83.2294692993164,7866400
2018-07-10,85.43838970567604,87.27660275744931,84.71237006258183,87.19164276123047,16107200
2018-07-11,86.9985528072053,87.23026295885745,86.58147806981177,86.92131805419922,5521400
2018-07-12,86.92132762527305,87.05262730910444,85.70872360239032,86.14124298095703,5500100
2018-07-13,86.2571085591587,87.1144280692428,86.21076887514397,87.03719329833984,4417100
2018-07-16,86.93675975649523,87.36928496568586,86.31115061752776,87.2457046508789,5413600
2018-07-17,87.63963671161304,88.84451569139061,87.63963671161304,88.7286605834961,6783800
2018-07-18,88.75954247780726,88.82133264518406,87.96401322389369,88.69003295898438,5379000
2018-07-19,88.6436791704701,90.04937293850331,88.62823457637484,89.4160385131836,9241300
2018-07-20,89.40060244331339,90.20385694344075,88.99125289546578,89.6014175415039,27559700
2018-07-23,89.22296089379458,89.57825142560674,87.7245875707663,88.3501968383789,7769300
2018-07-24,88.1570994649489,88.75953884059909,87.93311453686252,88.62051391601562,5095100
2018-07-25,88.77500129792627,89.3388204234113,88.43516123809295,88.98353576660156,4762300
2018-07-26,89.70183182653626,90.28882669626442,88.72865720694611,88.82134246826172,5096300
2018-07-27,88.64368271460773,89.09165256552443,88.0721384280859,88.26522827148438,4563700
2018-07-30,87.8790737822798,88.50468316862899,87.79411375541312,88.18801879882812,3621800
2018-07-31,88.55874306682053,89.1997969731886,88.13394298491818,88.82134246826172,4892100
2018-08-01,88.3733585385986,88.45831854151443,87.45425488658047,87.74774932861328,4169000
2018-08-02,87.74001918249009,88.76725851116022,87.34611427212896,88.58189392089844,4167200
2018-08-03,88.64370905182132,90.13436332145585,88.33476992470139,89.82542419433594,3934500
2018-08-06,90.55914129596104,91.47825088430942,90.28881667957467,90.6595458984375,6704800
2018-08-07,89.94125318597969,89.94125318597969,87.68596506662975,88.2188949584961,6919600
2018-08-08,88.45062748472166,88.7055075919825,87.63965336066907,87.65509796142578,5172900
2018-08-09,88.14167148122984,88.14167148122984,87.57012118765323,87.81727600097656,4115400
2018-08-10,87.732302320001,88.02580266630625,86.94449831665641,87.17620849609375,3711900
2018-08-13,87.12987369284768,87.38475374320198,86.51198962570935,87.29206848144531,3170100
2018-08-14,87.04492917165823,87.65509399508058,86.58923981199646,87.35387420654297,3836700
2018-08-15,87.09127476828198,87.84818391657849,86.69736970143747,87.62419891357422,6513300
2018-08-16,87.84816046798483,88.61280055116674,87.56239124838287,88.2420654296875,4504600
2018-08-17,88.04897147518287,88.89084039152485,88.04897147518287,88.79043579101562,3391600
2018-08-20,88.81361663836714,89.47784627516576,88.51239690686954,88.69776153564453,3676000
2018-08-21,89.01442691520478,89.01442691520478,87.77865296952936,87.83271789550781,4667700
2018-08-22,87.81726503494448,87.90995028810516,86.47336127360627,86.68962097167969,3860900
2018-08-23,86.63555228875053,86.68189785963773,86.12579815006798,86.45018768310547,4508800
2018-08-24,86.40384986475866,86.91360401441405,86.34978494142196,86.62010955810547,3677700
2018-08-27,86.95223781699724,87.09898212157479,86.37296816606391,86.82093811035156,3155700
2018-08-28,86.67419249669686,86.85183189916785,85.64695284715276,85.86321258544922,5229400
2018-08-29,85.96359246336664,86.59692685378147,85.9018023051228,86.54286193847656,2403200
2018-08-30,86.40386388293352,86.68191378881448,86.15670906577664,86.47337341308594,2119100
2018-08-31,86.32660765049116,86.95222277224543,85.93270859870782,86.51197814941406,4248800
2018-09-04,86.3652299341923,86.57376438441166,85.30709540958176,85.73189544677734,4576300
2018-09-05,85.54653211608822,87.40791527820397,85.50018654329689,87.36930084228516,4392100
2018-09-06,87.2197792624587,88.41126279640606,86.78368226738672,88.38790130615234,4808300
2018-09-07,87.8817366943083,88.38792423281578,86.83821691646048,87.79607391357422,3833800
2018-09-10,87.93623350917277,88.76949373361974,87.7649079775596,88.44242095947266,3289700
2018-09-11,87.10296634859436,88.5825888003479,87.10296634859436,88.2555160522461,2807300
2018-09-12,88.23997474550693,88.95642775195279,88.02971530257267,88.6604995727539,3651400
2018-09-13,89.15886661898605,89.56381895049728,88.53587171559582,89.5482406616211,3808100
2018-09-14,89.47036766944714,89.47036766944714,88.55923382921537,89.2211685180664,2698300
2018-09-17,89.24453755037152,89.90647229514892,88.94861538978479,89.86753845214844,3092600
2018-09-18,89.9298178119078,89.9298178119078,88.53585823850035,88.7616958618164,4081200
2018-09-19,88.73834995449188,88.96418763258218,88.35676502183159,88.59817504882812,2844900
2018-09-20,88.95639701085838,89.95319361628924,88.86294510108308,89.72735595703125,3375900
2018-09-21,89.758499648246,89.96096985836103,89.43142096002951,89.4859390258789,6989500
2018-09-24,88.85515652246593,89.33798248064856,87.37553395250433,87.43004608154297,3387400
2018-09-25,87.71817852171719,87.80384128120406,87.03288238719828,87.19641876220703,3538700
2018-09-26,87.43004724576927,87.88951171782169,86.68244977697998,86.83041381835938,4053500
2018-09-27,86.77590261328564,87.53128923476977,86.37095620805916,86.47998046875,3841500
2018-09-28,86.86157257701463,87.2587358117914,86.37096336326245,87.06404876708984,5945300
2018-10-01,87.3365860511455,87.59357430725616,86.18403644097909,86.2151870727539,5064700
2018-10-02,86.0127277508838,86.52670436357853,83.87117041407579,84.66549682617188,6702200
2018-10-03,85.04705815322264,85.43643210646039,83.45841171104765,83.73097229003906,6107500
2018-10-04,83.20923675537061,83.63755060472435,82.39155478120902,83.0223388671875,4930300
2018-10-05,82.74198091440542,83.33383110029614,82.53172155358138,82.92887878417969,3438100
2018-10-08,82.82763634044487,84.36955402693535,82.78869656455974,84.25274658203125,3994100
2018-10-09,84.63432386101047,84.83679998302458,83.7309734253899,84.19822692871094,4105600
2018-10-10,83.78549969525137,85.15609792434385,83.48178843161385,83.59081268310547,5796200
2018-10-11,84.26832705312252,84.47859235697598,81.69067286984438,81.81526947021484,5755100
2018-10-12,82.0021810730895,82.3604045025783,81.40254168137592,81.98660278320312,4543000
2018-10-15,81.92429337065603,83.05348162021035,81.90093187952321,82.2591552734375,3805700
2018-10-16,82.78871134051543,83.8633875564442,82.4226987708224,83.6297607421875,4061600
2018-10-17,83.48958492447211,84.71221923071012,83.47401257633524,84.34620666503906,4495900
2018-10-18,84.4786068527789,85.15611398030816,83.75437079338826,84.05029296875,4093700
2018-10-19,84.56424731784492,86.12953255119822,84.48637370165406,85.88812255859375,5109000
2018-10-22,85.73237763357093,86.35537850579192,85.07044292019656,85.1950454711914,5477700
2018-10-23,84.82902401804819,86.07501969058845,84.35398723955221,85.76351928710938,4484100
2018-10-24,85.81801559777958,88.90186248842495,85.6233286241536,87.96736145019531,8222900
2018-10-25,87.9673918993334,88.20880192895159,86.76811901371467,87.88172912597656,6712900
2018-10-26,86.9238810489003,87.26652623578738,85.42089670179968,86.01274108886719,5872800
2018-10-29,86.66686902457313,88.23993743192803,86.55005563172664,87.9128646850586,5706000
2018-10-30,88.5826026999219,88.95640442881752,87.68704113270225,88.59817504882812,4900400
2018-10-31,88.38011978554337,88.38011978554337,86.5890027288784,87.51570892333984,6449500
2018-11-01,87.21979600350004,88.10756845179692,86.42547547553123,86.83821105957031,5736700
2018-11-02,86.82263209994122,87.29766896053931,85.37416002358917,86.57343292236328,6705700
2018-11-05,86.97836873392305,89.11992580071397,86.65907919210468,89.08098602294922,5270400
2018-11-06,88.80064336536161,89.82859060202993,88.66825761656848,89.71956634521484,3913400
2018-11-07,89.90646434863827,90.15566349904783,89.11993305785032,90.03106689453125,4219600
2018-11-08,89.85195131219935,90.72415130050743,89.75071620071658,90.38150024414062,2925100
2018-11-09,90.39707906917484,91.66643630793689,90.39707906917484,91.4873275756836,5026300
2018-11-12,91.11351041372882,92.1414574730492,90.88767279461008,91.09014892578125,4781900
2018-11-13,91.6975862416628,91.6975862416628,90.49831348783003,91.22254943847656,3609900
2018-11-14,91.45618465195483,91.48733529092506,90.5450448008618,90.84097290039062,4423800
2018-11-15,90.66964760482817,91.10574466885095,90.02328521252518,90.9577865600586,4045700
2018-11-16,91.15245659518652,92.26606648284283,90.9889142853071,92.16482543945312,4484300
2018-11-19,91.95457417183084,93.0759673603035,91.86891140822425,92.6788101196289,4673900
2018-11-20,93.29403080998875,93.66782659507189,90.16345991768898,90.33478546142578,5087800
2018-11-21,90.24911517672915,91.02786326243144,89.4937285829777,89.77407836914062,3245000
2018-11-23,89.38472050806743,90.77868054679551,89.38472050806743,89.87533569335938,1444700
2018-11-26,90.24133376241659,90.66964762279305,89.54824838208152,90.22576141357422,2972500
2018-11-27,89.84416898334548,90.74751367522494,89.47815643164273,90.67742919921875,2884700
2018-11-28,90.31918926280335,92.29720381441928,89.99989975353739,92.28163146972656,3989400
2018-11-29,92.20377248447568,92.56978502723452,91.45617505179595,92.10253143310547,2878700
2018-11-30,91.99350660919315,95.00726375405745,91.99350660919315,94.96054077148438,8051100
2018-12-03,93.82357103030856,94.15843294142746,91.51068828855433,92.65544891357422,6112600
2018-12-04,92.95915300997396,93.92479888831834,91.46395230057277,91.73651885986328,7018200
2018-12-06,91.29537492444105,92.13525133539878,89.56067714063308,91.71138763427734,5191700
2018-12-07,91.34247365878565,91.82128231537922,90.56538722287382,90.91075897216797,4615500
2018-12-10,91.36603730610612,91.53872321224574,89.84326812129599,91.20120239257812,4150600
2018-12-11,91.75849054638229,92.77105286688865,91.58580466386235,92.06461334228516,5545100
2018-12-12,92.88881118110835,93.08504409908963,91.37389880330421,91.83700561523438,4889700
2018-12-13,91.94687061625002,93.32050066932186,91.92332363065137,92.89663696289062,6181200
2018-12-14,92.08814529194925,92.26868213652845,89.22314468075506,89.44292449951172,7404200
2018-12-17,89.77262747934414,90.32207719309875,88.06932138959937,88.59523010253906,6015300
2018-12-18,88.8699448305446,89.11327167768115,86.93116307954135,87.78673553466797,5846200
2018-12-19,88.40684855432914,88.84641434542763,86.05205363174525,86.3738784790039,6915400
2018-12-20,86.49945796734379,87.85739223958088,85.71452638510453,86.50730895996094,8468300
2018-12-21,87.09603325958193,89.6078186545375,85.40842866377128,85.88723754882812,13263600
2018-12-24,86.44449794140463,87.1980314104965,83.17133525075663,83.22628021240234,3354000
2018-12-26,83.37542551322598,85.11797441445805,82.44135510488667,85.03163146972656,4537000
2018-12-27,84.59209885955231,85.9264865349034,83.22631918160637,85.88723754882812,5175900
2018-12-28,86.41310329492102,87.20588576226073,85.73021674365927,86.62503814697266,5410300
2018-12-31,86.79773023673131,87.19804100625174,85.80871482972013,86.71923828125,5019100
2019-01-02,85.67528191377333,86.35816854580854,84.95314630788553,85.7773208618164,4835400
2019-01-03,85.48689891044074,86.46021236618263,84.81185729104891,84.97669219970703,5975900
2019-01-04,85.98140072491044,86.81342623240664,84.96098733799627,86.71923828125,6293900
2019-01-07,86.35031099291709,86.64073179843109,85.28280373563163,85.97354125976562,5220300
2019-01-08,86.45237290284315,86.97043067504326,85.88722114718972,86.79774475097656,6407700
2019-01-09,86.6015003056194,87.025364065929,84.3722915649414,84.3722915649414,8521300
2019-01-10,84.30950265782764,85.03948326761508,84.27025368397659,84.89035034179688,7905000
2019-01-11,84.66273434019263,85.16509015325659,84.49004840659809,84.8982162475586,5939000
2019-01-14,84.65488155082204,84.741224515788,83.95629282595459,84.2388687133789,5804600
2019-01-15,84.34872333423937,85.61246330453054,83.77572679429927,85.54966735839844,4508000
2019-01-16,85.54969650226282,85.59679647218276,84.53713398300351,85.03948974609375,4953500
2019-01-17,84.88251220839891,85.92647279004191,84.84326322860193,85.73023986816406,4612200
2019-01-18,86.31890033673326,86.5779291159417,85.69095286990388,86.39739227294922,5142700
2019-01-22,86.23260160343949,86.52302850368456,85.38487388533542,86.2718505859375,5298200
2019-01-23,86.09129340775127,86.96256791506953,85.95785648031938,86.91547393798828,5197400
2019-01-24,86.58580490154083,86.58580490154083,85.09443961755802,85.95001220703125,4478000
2019-01-25,86.46023079609203,86.80559668323347,85.5889561013545,85.83228302001953,5074800
2019-01-28,85.52613443635767,86.02849011090044,84.77260092454353,85.41624450683594,4055900
2019-01-29,85.50260354784358,86.04420829428,85.17293369720974,85.55754852294922,4301500
2019-01-30,85.51044533754678,87.31578431710469,85.196471518499,86.98611450195312,5023800
2019-01-31,87.10385875510912,88.61877695038787,86.5073090750191,88.43824005126953,6183400
2019-02-01,88.65802136226402,88.91705022616598,87.48062396840366,88.06147766113281,5010500
2019-02-04,88.07717615029539,89.01124669219172,87.79460028868898,88.76791381835938,3665000
2019-02-05,88.72080572291061,89.12112246125832,88.296941997934,88.61876678466797,4593400
2019-02-06,89.01910236572182,89.15253931056503,88.14782774471665,88.73652648925781,4209400
2019-02-07,88.55598491643107,88.82286478063844,88.03793316252133,88.76791381835938,4227700
2019-02-08,88.6423411959923,88.72868416604632,87.857409459904,88.71298217773438,3868300
2019-02-11,88.82285258738804,89.15252238448873,88.41468484840911,88.67371368408203,4851100
2019-02-12,88.87781536554583,89.8746759485267,88.08503270440143,89.31737518310547,6765300
2019-02-13,89.56854213492886,90.05520186531157,89.19177234551118,89.5763931274414,5528000
2019-02-14,88.69725966559412,88.69725966559412,87.81813422807407,88.37543487548828,6359200
2019-02-15,90.93432245724259,91.27184327660022,89.56854318315587,90.9814224243164,8889500
2019-02-19,91.67999332938605,91.81343023510263,90.42409825177815,90.99710083007812,5596100
2019-02-20,90.85582891529285,91.55441753110807,90.58895505691515,90.91862487792969,6038900
2019-02-21,90.6595964543095,91.78204884042876,90.63604946534693,91.13055419921875,4825900
2019-02-22,91.13842142510438,91.65647324021306,90.73025358187577,91.64862823486328,4865400
2019-02-25,91.97043379256525,92.07247873285941,90.82443437945535,91.09915924072266,3755900
2019-02-26,91.34248485898837,91.44452380263176,90.60464729995226,91.02851104736328,4074600
2019-02-27,90.6909854395357,90.8165713643959,89.80401500813187,90.55754852294922,4175100
2019-02-28,90.7933405082756,91.96446174970185,90.3739544133342,91.50550842285156,5586300
2019-03-01,91.67963137998119,92.08319436639839,91.18111665825246,91.93284606933594,3629100
2019-03-04,92.22562333671189,92.52631387849719,91.39475947211972,91.9249267578125,4383100
2019-03-05,91.77457148736953,92.43925765506711,91.52135684675429,91.81413269042969,3785400
2019-03-06,91.6163153759811,92.44717918449574,91.45805847774673,92.31266021728516,4770700
2019-03-07,91.95658046561226,92.84283486281704,91.55301749472005,91.86953735351562,4858300
2019-03-08,91.65588330274086,91.99614106988498,90.41354792728232,91.18110656738281,5003300
2019-03-11,91.23649593218296,92.35222094431009,90.98328127405304,92.25726318359375,4821600
2019-03-12,92.38386580054025,92.74786146382328,91.79830808457305,92.2414321899414,4356400
2019-03-13,92.48674448872984,93.02482641852909,92.15440136544281,92.24935913085938,5968600
2019-03-14,92.47092402414962,92.56588179245288,91.35519288576438,91.39476013183594,8986600
2019-03-15,91.53720084085971,92.20980181626415,91.29190080017582,91.52137756347656,18194200
2019-03-18,91.92491651541906,92.89029924873672,91.82996479549497,92.79534149169922,9476000
2019-03-19,92.86654797541843,93.96644951200042,92.77950488658568,93.4441909790039,6751700
2019-03-20,93.42838131129457,94.54411231946236,92.85864684219726,93.62620544433594,5733500
2019-03-21,93.38091960605476,94.69446890926018,93.38091960605476,94.5124740600586,4305600
2019-03-22,94.55992408398603,95.97634542860972,94.52035684734848,95.52530670166016,6668100
2019-03-25,95.16134219365185,95.97637682324283,95.0189085471233,95.62820434570312,4275400
2019-03-26,96.11089950848597,96.66481083833814,95.95264257830816,96.55402374267578,4583000
2019-03-27,96.90218017450671,97.47982934444323,95.89723615648047,96.45114135742188,5318500
2019-03-28,96.45113492989614,96.91008837272791,96.21374355267598,96.41156768798828,3694700
2019-03-29,96.76764989109711,97.13956021273333,95.96052407879866,96.973388671875,5758800
2019-04-01,97.00503954913498,97.24243092502194,96.21374301232979,96.53817749023438,5025700
2019-04-02,96.45906701038629,96.74393429966445,96.19002299846153,96.28498077392578,3242600
2019-04-03,96.2849601965768,96.72017569471683,95.54113954052413,96.19000244140625,4534400
2019-04-04,96.38781994227047,96.64103456820017,95.88139069041104,96.11878204345703,3022500
2019-04-05,96.02381912052853,96.27703373281365,95.60443298491059,96.23747253417969,3971500
2019-04-08,96.31661542586708,96.5698300761602,95.91305250170466,96.53817749023438,3140100
2019-04-09,96.3324488159633,96.69644453666258,95.62819530722341,96.6727066040039,3864400
2019-04-10,96.81511654963053,97.09206909141085,96.26912612072435,96.56981658935547,2681100
2019-04-11,96.82305040731475,97.13165559180638,95.88140554139149,96.27705383300781,3399700
2019-04-12,96.16627309391511,96.79931277731889,95.86558256471093,96.72018432617188,3501100
2019-04-15,96.88634762845612,98.12076826507598,96.82304245808758,97.85173034667969,4419800
2019-04-16,97.50357347204692,97.97835025118196,96.45114748626946,96.86262512207031,5263700
2019-04-17,98.9120559268669,100.58169191388144,97.99414915005144,100.5025634765625,7318200
2019-04-18,101.4679420476431,101.49167997558988,100.2810033905141,100.56586456298828,6331200
2019-04-22,100.31265983034095,100.68457017049016,99.60840639193165,100.0515365600586,3707000
2019-04-23,100.24143615252754,100.9219515935286,99.79831206522003,100.56586456298828,4464100
2019-04-24,100.81911331773347,101.27015218573287,100.23354942536511,100.4313735961914,3517200
2019-04-25,99.42640208568913,100.01987443474364,99.05449178101023,99.80622100830078,4433700
2019-04-26,100.1148568315307,100.69250608465332,99.79834297804875,100.01990509033203,3033800
2019-04-29,99.8141436253246,100.46300653723155,99.71918586854063,100.24935913085938,2793400
2019-04-30,100.53421927434697,101.59455364998203,99.97239346605396,101.32551574707031,4963600
2019-05-01,101.16726935205395,101.28596504976944,100.50258310422954,100.68457794189453,3810800
2019-05-02,100.68455871560793,100.92986472060778,99.83787175468424,100.3601303100586,2875900
2019-05-03,100.57379486669285,101.42839059131124,100.43136123973748,101.02483367919922,2854900
2019-05-06,100.73206458802846,100.99318789076547,100.30476367839393,100.70832061767578,2883900
2019-05-07,100.20979837971942,100.45509838757322,99.05450609770178,99.68754577636719,3558900
2019-05-08,99.5450970960455,100.28891166330736,98.87249027526599,99.71917724609375,3844700
2019-05-09,99.52135945718126,100.13066115097577,98.79336811651677,99.74292755126953,3127200
2019-05-10,99.81413326870857,101.50750718108274,99.40266177289872,101.29385375976562,3720400
2019-05-13,100.51048977919383,101.23848722711287,100.20188459337177,100.62127685546875,4297200
2019-05-14,100.93778908271986,101.68951841343619,100.72414166399551,100.81909942626953,5150300
2019-05-15,100.57380168253387,102.76569071782578,100.57380168253387,102.3542251586914,3751900
2019-05-16,102.37002499757787,103.46201803833146,101.88733364651411,103.08219909667969,4812900
2019-05-17,102.80522512675803,103.55695427939219,102.59157172153371,103.27208709716797,4011700
2019-05-20,102.90020427939986,103.22463878235716,102.5124766739304,102.86064910888672,3965600
2019-05-21,103.32751175376269,103.32751175376269,101.95857201287858,102.11682891845703,4080800
2019-05-22,102.1563839874083,103.37497529676945,102.03768226670155,102.92394256591797,3588000
2019-05-23,102.55204985022158,103.58072582761874,102.48082397587694,102.8448257446289,3901400
2019-05-24,103.12969331445288,103.24838298165265,102.04562077326628,102.47291564941406,2702700
2019-05-28,102.47290608444078,102.78941988358204,100.77953190315735,100.99317932128906,8806000
2019-05-29,100.95360155886273,101.53124458096616,100.36803784483189,101.42046356201172,5502700
2019-05-30,101.40464452722983,102.00603761182632,101.11186867766159,101.76864624023438,2710300
2019-05-31,101.28595733642578,101.64203836534125,100.48674613892626,101.28595733642578,4191200
2019-06-03,101.17519868456621,102.20388683116623,100.88241672601332,102.06144714355469,3588700
2019-06-04,102.67071280600922,102.71818866040182,101.30177334937888,102.13263702392578,4242400
2019-06-05,102.25133289831352,104.13462239895688,101.96646568035256,103.96844482421875,5084200
2019-06-06,104.48255219314073,105.43109118045663,104.06806201325745,105.1999282836914,5528000
2019-06-07,105.88543316542703,107.37599974283398,105.6861606645153,106.38760375976562,6332700
2019-06-10,106.15645125583009,106.55499629672921,105.50284371332282,106.48326110839844,2957900
2019-06-11,106.8579070957855,107.08109137215372,105.76589744622456,106.17240905761719,3553600
2019-06-12,106.81803723139434,107.16079229032678,105.74197292108137,106.12457275390625,3302800
2019-06-13,106.37166811502752,106.64267582159533,105.09633129213988,105.96515655517578,2851400
2019-06-14,106.02092131656403,106.44337798296755,105.66223330053056,105.79773712158203,3291800
2019-06-17,105.7898019443822,106.20429221327842,105.12821568373461,105.63038635253906,2725800
2019-06-18,107.14485855732606,107.14485855732606,105.10430968023199,105.26372528076172,4378200
2019-06-19,105.2637094116865,106.2441267616402,104.68183708428963,105.89341735839844,4349900
2019-06-20,106.7064438799321,107.16875758048552,106.28398711544229,106.93760681152344,3847500
2019-06-21,106.9376061934968,107.25643735490449,106.5151494314485,106.77819061279297,7696300
2019-06-24,107.32815761682393,107.79844993405102,106.76223055962848,106.92164611816406,3685800
2019-06-25,106.79411131898497,107.19265630601484,106.44338978437825,106.65860748291016,4176300
2019-06-26,106.06077836825176,106.62671753931087,105.45499443296258,105.47093963623047,6024100
2019-06-27,105.41516428022871,105.56661334317377,104.72169979477452,104.96879577636719,4750900
2019-06-28,105.43906379230253,105.54268938391634,104.22748359176155,104.52241516113281,6318500
2019-07-01,105.20792562215594,105.44704291965347,104.47460419702779,105.11226654052734,3544800
2019-07-02,105.28763941242134,105.73400796913045,104.69780046075472,105.55864715576172,3233300
2019-07-03,105.9970475372251,106.8818181135669,105.82966541238332,106.80211639404297,2859200
2019-07-05,105.92531267885143,106.40357164804412,104.85721476530266,106.02893829345703,3356000
2019-07-08,106.09268210804487,106.32383285266037,105.24775650543006,105.66224670410156,5854500
2019-07-09,106.0129808577144,106.33181202531742,104.1956164445925,105.00865173339844,8233200
2019-07-10,105.53475020760582,107.17676643214534,105.11229332420776,107.13690948486328,6141500
2019-07-11,106.97747341826944,107.39993022094903,106.29197540894646,107.08906555175781,3944200
2019-07-12,106.81008909585034,107.1528320511545,105.70213418054044,106.2361831665039,4481200
2019-07-15,106.49122906472975,106.93759751954622,105.65428213063478,106.92961883544922,3077900
2019-07-16,106.87384955382639,107.79847705362593,106.05284766632714,106.65066528320312,4019700
2019-07-17,106.7462981381572,107.03325104293567,105.59051999708214,105.83761596679688,4105100
2019-07-18,105.70211777948495,106.17239801559191,104.83329249665083,105.9173355102539,3698600
2019-07-19,106.14849777009664,106.16444297922715,103.62968988323783,103.6934585571289,5022000
2019-07-22,104.01230396053509,104.26736649845625,103.3268059060897,103.84490966796875,4411700
2019-07-23,104.52241245572952,105.40718281568613,103.94850669993995,104.2115478515625,4145800
2019-07-24,104.57821345954764,104.57821345954764,102.5217196448374,102.99201202392578,4669700
2019-07-25,102.52969748482883,103.24707366800477,102.33839149342171,102.816650390625,3335200
2019-07-26,103.17537271180038,104.75360813596217,102.59350018517587,104.59419250488281,4580800
2019-07-29,104.81735108672324,105.26371960920862,104.56227640951442,104.84126281738281,4533400
2019-07-30,104.68981624536757,105.27966732851061,103.80504570196817,104.00431823730469,3367900
2019-07-31,104.00432805151819,104.00432805151819,100.62466723606224,101.8760986328125,5757600
2019-08-01,102.79275092427025,103.14346037307627,101.04711547134296,101.342041015625,6199400
2019-08-02,101.31014676130933,102.68114873712464,100.83189393519189,101.96376037597656,5573300
2019-08-05,102.30650627743984,102.94416854679123,98.74350692616672,99.15799713134766,6192800
2019-08-06,99.46089146404827,101.23043227685875,99.14205424061421,100.79203033447266,6258600
2019-08-07,100.7521755996957,102.29852603959095,99.34132291679693,101.85215759277344,6149000
2019-08-08,102.10726244217804,103.42245644521485,101.23045833173245,103.19927215576172,3702100
2019-08-09,103.39058428493806,103.41449602003017,101.48553294461199,102.50581359863281,2929500
2019-08-12,102.3862355372833,102.94419625445624,101.92392783504674,102.30653381347656,2920800
2019-08-13,102.25072407846288,103.92461826849244,101.97971634487882,103.56591796875,4088200
2019-08-14,103.23910086798217,104.04415739460177,102.66519509128938,102.92025756835938,6232700
2019-08-15,103.3507116928116,104.59417037988572,103.14346046987895,104.19562530517578,3701800
2019-08-16,104.75356659814932,105.4709548974908,104.13183736963029,105.02457427978516,3405000
2019-08-19,105.27168965173,105.8934189230951,105.1680640522928,105.67023468017578,3101200
2019-08-20,105.85357638161544,106.09270586372536,105.16009966723358,105.26372528076172,3160300
2019-08-21,105.94123219761994,106.5231044776862,104.91297931199126,105.48688507080078,2936900
2019-08-22,105.0166417098171,105.95720237814899,104.67389873622798,105.74199676513672,2484200
2019-08-23,105.57458763467842,106.29197606521616,103.25505238574478,103.8369369506836,4239500
2019-08-26,104.27534985277664,106.61081839143802,104.0920103425601,106.60285186767578,3954100
2019-08-27,106.96950210180044,107.89412965018974,106.55501179344813,107.4158706665039,7187800
2019-08-28,107.20861946619183,107.87817223750716,107.03325866951927,107.75861358642578,3972600
2019-08-29,108.09337146723284,108.75495760276029,107.22454631776564,108.42018127441406,3045200
2019-08-30,108.49193017878383,109.28902025072769,108.21294378855177,108.98612213134766,3742800
2019-09-03,108.68323037431323,109.73538288855988,108.30859708748297,109.56800079345703,2989800
2019-09-04,109.84697189000741,110.93898130727163,109.40060343222433,110.91506958007812,3201700
2019-09-05,111.40067808672295,111.40067808672295,108.7922328718706,109.13734436035156,4994600
2019-09-06,109.89977685462523,110.2930544215333,109.1694217256215,110.25292205810547,3051600
2019-09-09,109.47444152832031,109.69916815122178,108.69591992516796,109.47444152832031,4062100
2019-09-10,108.9447458522992,109.56273799911527,108.09398099067728,109.04105377197266,4175000
2019-09-11,108.5674848644527,109.7874255684063,108.2544719902347,109.44231414794922,5005100
2019-09-12,109.7473014134958,110.99131904307447,109.7473014134958,110.188720703125,4146900
2019-09-13,109.21758723039147,109.91584389061262,108.89654053564442,109.50652313232422,4008200
2019-09-16,109.46641308563522,109.55469941385797,107.85319444812667,108.2544937133789,2953600
2019-09-17,108.31868269325425,109.4021831576456,107.95750362511109,108.91259765625,4013300
2019-09-18,109.00090930892698,109.15340499596402,107.628472618958,108.75210571289062,2647800
2019-09-19,108.67987793381177,109.02498944885869,108.41501892969822,108.73605346679688,2804500
2019-09-20,108.3507901528654,108.96076056269881,107.93343553209496,108.1180419921875,6671100
2019-09-23,108.31867469237093,108.95272197684685,108.31867469237093,108.70391845703125,3346500
2019-09-24,109.3540522083704,109.51456946869767,108.01371410228066,108.63973999023438,4798500
2019-09-25,108.51933954891278,108.88050639454138,107.95751084829031,108.42301940917969,3579500
2019-09-26,109.04905003277594,109.41825071694944,108.35881485976694,108.92866516113281,4309600
2019-09-27,109.3460218537863,109.3460218537863,108.08593635567436,108.83235931396484,3559400
2019-09-30,109.20956429619312,110.54186826110279,109.04903482747812,110.03623962402344,3705200
2019-10-01,109.89977685462523,110.71040895716249,109.22559723707815,110.25292205810547,3638900
2019-10-02,109.867724512901,110.2610022451882,107.13889410578554,107.50006103515625,5728600
2019-10-03,111.11172560423202,112.16312755963352,109.5546827326653,110.702392578125,8829700
2019-10-04,110.63017394222982,112.72495651030759,110.4536012930676,112.58851623535156,5278700
2019-10-07,111.79395272589504,112.05079015428203,110.73452895050532,111.03148651123047,4273300
2019-10-08,110.47765372062618,111.11973482521387,110.02017904703192,110.14859771728516,4074900
2019-10-09,110.21279986273449,110.89500104142961,109.81952230324366,110.63817596435547,3065300
2019-10-10,110.04429268577515,110.95925458452528,109.66707037038249,110.67031860351562,2191000
2019-10-11,110.82281085391237,111.32041804315972,110.02823386913296,110.46966552734375,2761400
2019-10-14,110.63017448571455,110.9993751848714,110.14862273291835,110.3171615600586,2371500
2019-10-15,110.3412189932125,110.718441201769,109.28179552734673,109.4182357788086,3369300
2019-10-16,109.2657443167812,109.54665865193256,108.81629117788262,109.49047088623047,2812000
2019-10-17,110.01214493748277,110.45356416532893,109.63492279076993,109.92385864257812,2322500
2019-10-18,110.17270361206434,110.2529561170334,109.3379942829507,109.35404968261719,3630400
2019-10-21,109.42626745928298,109.74731418061803,108.88050640303369,109.24969482421875,2829400
2019-10-22,109.6750792753309,110.2369080183165,109.40219872665173,109.68311309814453,3248100
2019-10-23,109.64298175813519,110.35729393446192,109.64298175813519,110.3171615600586,2323600
2019-10-24,110.51782291261019,110.84689127228167,109.78745525968546,110.67031860351562,2292500
2019-10-25,110.5820380574831,110.6944013756083,109.33800773394347,109.66707611083984,2520000
2019-10-28,109.59479970755807,110.39739800311445,109.27375304132867,109.61085510253906,3212600
2019-10-29,109.8195314528188,110.05227958101725,109.10521942580321,109.21758270263672,2550300
2019-10-30,109.04104292156332,110.18875300574466,108.67987601204315,109.87574005126953,2653700
2019-10-31,109.79544977480927,110.38134310412825,109.23363341473093,110.0924072265625,4492300
2019-11-01,110.3974302071623,111.03147765707153,109.71521655825953,109.89981079101562,3054900
2019-11-04,109.79546315163309,110.036245120053,108.13407859154735,108.47920227050781,3202400
2019-11-05,108.21438836366704,108.43109345009542,106.42459662271901,107.5562515258789,4300800
2019-11-06,107.94951351544606,108.25450490751373,107.18704728195979,107.90135955810547,3645600
2019-11-07,107.87724009364247,107.94947100120633,106.84188143184802,107.00241088867188,3338700
2019-11-08,106.9783438857368,107.65253590302274,106.40048425856133,106.84993743896484,2604000
2019-11-11,106.76966683242678,106.76966683242678,105.91891446669908,106.2560043334961,2227200
2019-11-12,106.48874204877237,106.48874204877237,105.61391279592956,105.92692565917969,3246500
2019-11-13,106.44863448862779,107.20307897795796,105.95101513055116,106.97834014892578,3166600
2019-11-14,107.22718021452373,107.47598382652087,106.52891108943804,107.0104751586914,2141900
2019-11-15,107.27529081386469,107.48396196130338,106.58505579180985,107.39567565917969,3648700
2019-11-18,107.54817479565789,108.90456791486272,107.47594388611736,107.59632873535156,3619700
2019-11-19,108.06988863451289,108.39895697548857,107.60439225786659,108.00569152832031,3019100
2019-11-20,107.7970133968687,108.51132564370859,107.06664574934635,107.33953857421875,3047700
2019-11-21,107.09071891405328,107.71675705155546,106.81783834557925,107.4759750366211,3391200
2019-11-22,107.48398825453141,107.97357382304054,106.76165451258466,107.60438537597656,3014900
2019-11-25,108.07790129215915,108.17420917926923,106.91413608508789,107.4117431640625,3612400
2019-11-26,107.78093100187468,109.04903791117279,107.4438411520632,108.91259765625,4947400
2019-11-27,108.91261043100803,109.57074705784432,108.61565291467892,109.08116149902344,2476100
2019-11-29,109.20155437745551,109.49049033903593,108.55947310208991,109.01696014404297,2978400
2019-12-02,109.67509047437007,109.67509047437007,107.90135448015636,109.05709838867188,3866300
2019-12-03,109.68310930115835,109.68310930115835,107.8050318299492,108.7199935913086,5000000
2019-12-04,108.3106584568137,110.25294523762243,107.98159015287143,110.19676971435547,4228200
2019-12-05,110.07150567351175,110.35437533031767,109.32794460546454,110.19273376464844,3351800
2019-12-06,110.45944648431276,111.28383449087725,110.19273235476363,111.01712036132812,3216900
2019-12-09,110.84738628529145,111.5667017102159,110.72615819835046,110.85547637939453,3882900
2019-12-10,111.2191892395976,111.2191892395976,110.05535010489885,110.13617706298828,2940200
2019-12-11,110.76653996860883,111.16255982757686,110.17654289359356,110.80695343017578,3339100
2019-12-12,110.56451255455652,111.4535472683617,110.52409908291536,110.87162780761719,3502100
2019-12-13,110.66956025692622,111.73641659170384,110.07148534117998,111.48587036132812,3557900
2019-12-16,110.68573824163342,111.14642960994455,110.04724980037707,110.77464294433594,4701000
2019-12-17,110.76658903207934,111.08179443998901,109.6674089858498,110.05535125732422,5491800
2019-12-18,110.76654816654758,110.96860315687968,109.61887730135622,109.89366912841797,5370500
2019-12-19,110.09574313151269,110.51602103707071,109.87752025118026,110.29779815673828,3641700
2019-12-20,111.05752350499996,111.6394429458035,109.23902833560383,111.46971130371094,10311300
2019-12-23,111.28382671790894,111.63944553246846,110.5968347050135,110.75847625732422,2992900
2019-12-24,110.79887908561219,111.033269796539,110.13614508505992,110.63723754882812,1220600
2019-12-26,110.61299712562598,111.00093929860428,109.99875432403873,110.47560119628906,2934700
2019-12-27,110.62915893404406,111.19491047464876,110.42710393150962,111.1625747680664,2554000
2019-12-30,110.48369660488643,111.51013969089917,110.30588717794056,110.57260131835938,3024700
2019-12-31,110.47560999413415,110.93628904889644,109.94218175602178,110.45944213867188,3229400
2020-01-02,110.6210821845404,110.91204191658458,109.22286485143427,109.7724609375,3784100
2020-01-03,109.48148530713644,110.5564070416212,109.21477123045507,109.61888122558594,4000100
2020-01-06,109.3522047418958,110.17659286845843,109.27137778209968,110.0391845703125,4085100
2020-01-07,109.91794048126958,109.97452181139259,108.26108670605241,108.30957794189453,5718100
2020-01-08,108.67326075023392,109.40065377791981,108.35805546057566,108.86722564697266,3681400
2020-01-09,109.34409725238831,109.4168464376172,108.72985438602203,108.93998718261719,3954700
2020-01-10,109.2471034821547,109.44915849614088,108.61669282511455,108.72984313964844,3099500
2020-01-13,108.82682531144971,110.394774189019,108.81066978974438,110.34628295898438,5127200
2020-01-14,110.06341632839002,110.67767154755998,109.67547410165075,110.60493469238281,4159700
2020-01-15,110.75847595585704,112.54464778504752,110.56451102659611,112.50423431396484,5002600
2020-01-16,112.62544618751944,113.28010232280268,112.01928127226358,112.83557891845703,4977900
2020-01-17,113.23162549076199,114.21765486479968,113.06997162685416,114.16915130615234,6908700
2020-01-21,113.6438461195515,114.86425421734934,113.42562320611732,114.65412139892578,4440000
2020-01-22,114.61370252500936,116.03617794417089,114.54096566810988,115.88261413574219,5366100
2020-01-23,115.64819832791794,116.2624534285932,115.06627893383539,116.10079956054688,3915700
2020-01-24,116.24629407507975,116.50491808443856,115.13094643279229,115.51081085205078,2791500
2020-01-27,114.48435412648536,115.86641570519679,113.99942954265147,114.88038635253906,3895300
2020-01-28,114.87233275743168,115.51082124348785,114.57328291874401,115.12287902832031,2908300
2020-01-29,114.76724171621494,115.13093825516191,114.0964176262885,114.54901885986328,3263200
2020-01-30,115.02589936818956,116.35137994048779,114.37932077213802,116.24630737304688,4058500
2020-01-31,116.23015613609142,116.90905820941211,114.41975060723625,114.783447265625,4753100
2020-02-03,115.3896037672377,115.6320722986894,114.63795255298362,115.17945861816406,3977800
2020-02-04,115.73708990000159,116.43215952343385,114.84805538883948,115.75325775146484,3494300
2020-02-05,116.12504723715436,116.86053041947115,115.92299223096572,116.62615203857422,3504900
2020-02-06,116.90095978172981,117.43438803038593,116.44028071786174,116.6504135131836,3571400
2020-02-07,116.59381916610407,117.77382585721664,116.24629046659055,117.4909439086914,3138500
2020-02-10,117.94358291692616,118.3396153051491,117.29701654038855,117.72537231445312,3775600
2020-02-11,118.16987664578163,118.29110473846522,117.08685224380999,118.06480407714844,3870500
2020-02-12,118.54972878034394,118.59823234987849,117.47480680531972,118.06480407714844,4217400
2020-02-13,117.39393749626265,118.91339481609438,115.99572055782876,118.37996673583984,5041400
2020-02-14,118.46082674565235,118.9295835541308,117.95164413295943,118.80027770996094,3555600
2020-02-18,118.89727267151775,118.97000952884373,117.51521072001718,117.67686462402344,4938700
2020-02-19,117.69299899024584,118.38806872214813,117.58793877048261,117.6202621459961,2978800
2020-02-20,117.81422743919764,117.8384730514868,116.34326118721253,117.32121276855469,2805900
2020-02-21,117.24041305434324,117.93548287704799,117.03835801672511,117.87891387939453,4271800
2020-02-24,117.88698510774495,118.92958361778936,115.21985629250979,115.28451538085938,5027700
2020-02-25,115.24408053963101,116.69080116671324,113.61148510825775,114.03984069824219,7585800
2020-02-26,115.12287769079367,116.1816440915824,114.08835690739242,114.75109100341797,6157200
2020-02-27,114.29037696237927,115.6885939111334,110.16845061356172,110.2169418334961,8605000
2020-02-28,107.68722581451733,108.09941353110086,103.73503092712714,106.70927429199219,14164000
2020-03-02,106.68506106010985,111.34849483378098,106.45876040203376,111.19493103027344,8504500
2020-03-03,110.87971844704711,112.88410085921927,108.89958165148694,109.57848358154297,8728300
2020-03-04,110.07148179390282,115.341079552234,109.92599578364052,115.08244323730469,7635700
2020-03-05,112.94655469275517,115.07025314293892,111.2052856029451,112.36885070800781,6579100
2020-03-06,107.04738278966666,112.42579019850757,106.95787779071622,111.68534088134766,6754900
2020-03-09,105.92449061765639,108.50385823538375,104.29713623791747,105.9082260131836,8716300
2020-03-10,107.44607747132402,109.49654750562442,103.2230907881876,109.14665985107422,8258600
2020-03-11,106.24999974938629,107.84480055112226,103.84964761858974,105.57464599609375,7465100
2020-03-12,99.35000930225833,101.70967500392251,92.42561288978884,93.84954833984375,12808300
2020-03-13,98.1945925620751,103.81710037879814,93.62986168029337,103.70318603515625,12007700
2020-03-16,93.32066477104586,100.74953733979547,91.13187053681418,92.0187759399414,10733300
2020-03-17,94.95614637749817,104.03678878559238,94.70390837989521,103.9228744506836,14242300
2020-03-18,98.32477400807224,103.92287849150358,92.57207504003397,98.3898696899414,15250800
2020-03-19,98.80483391983633,99.34185770503154,94.4353846223674,95.47689056396484,9393500
2020-03-20,96.20921209501371,96.38008360061934,82.52315875169526,84.56549072265625,13093200
2020-03-23,86.24979571893624,91.83976112913653,83.70298794810482,85.58258056640625,13926800
2020-03-24,89.44755304890032,93.1091011941076,88.99189571068042,92.6290283203125,11447000
2020-03-25,91.73397710294358,94.67949116503199,90.35072817549937,91.5386962890625,9485500
2020-03-26,91.7095846375018,99.10591588552334,91.6038088038418,97.85285186767578,10376800
2020-03-27,96.47772942854193,101.4248895288311,96.00579504489872,98.01557922363281,9852500
2020-03-30,98.95127927383446,102.39313016160771,98.86991279994209,102.10021209716797,6916800
2020-03-31,101.66085816467829,102.27924853009881,97.25886037200159,97.72265625,7091700
2020-04-01,95.41994911589936,99.51275178759073,94.11806647450355,96.11157989501953,6873000
2020-04-02,95.37926425344305,101.8561355060343,94.77714472554297,100.7820816040039,6181800
2020-04-03,100.23692467850124,102.01074172581357,99.62666660545158,101.37606811523438,5552000
2020-04-06,104.68773794429629,107.5111995339087,101.94564285363963,106.72193145751953,8242200
2020-04-07,107.98313443980548,109.91154592661012,106.01402418366179,106.16862487792969,6253900
2020-04-08,105.48513350996558,108.4550509374101,105.07016252187383,107.9017562866211,5241100
2020-04-09,107.47865730533032,109.9115574843778,107.00672286847161,108.73172760009766,5502400
2020-04-13,107.15316446994684,108.50387175318092,105.31424584567655,106.5022201538086,3785000
2020-04-14,108.39808061393188,112.80007736902472,107.69018540313404,112.61292266845703,6278700
2020-04-15,111.58771703236673,111.92946004708865,108.78866481761759,109.87085723876953,5773100
2020-04-16,111.449418310342,111.449418310342,108.91074825235344,110.36722564697266,4564000
2020-04-17,112.067789291273,112.28748567443236,109.77322538801974,111.92133331298828,4866500
2020-04-20,111.42498170327173,111.78300173473816,109.44773922612079,109.48029327392578,3995400
2020-04-21,107.51934109024742,108.17028555363846,106.25813852037722,106.54293060302734,4359500
2020-04-22,107.76343325362016,108.76425294588448,106.77074586542156,107.9098892211914,4084600
2020-04-23,107.81225828681956,109.14668876068373,105.80247406361046,105.98961639404297,5527700
2020-04-24,106.48594531931664,109.69998061833165,106.30693531830764,109.32568359375,4063100
2020-04-27,109.37451992422025,110.01733205421495,108.94327187455758,109.40707397460938,4009200
2020-04-28,111.29480930055806,112.02711409639679,109.56981694501485,110.92052459716797,6674200
2020-04-29,111.28665915226587,111.45752444989074,108.13771923727492,108.51201629638672,6706800
2020-04-30,107.73903004304864,108.35742041190248,106.11980750937245,107.6413803100586,6783000
2020-05-01,106.689383458221,107.59256592593552,105.38750698537555,105.89198303222656,4488000
2020-05-04,105.91639139211767,106.87653723218708,105.22477301417985,106.52664947509766,5245300
2020-05-05,107.1124848990511,108.4876015947651,106.40458958391847,107.13689422607422,3580000
2020-05-06,107.06367174672968,107.59255708038346,106.33949937112465,106.41272735595703,4192200
2020-05-07,107.03926086425781,107.40541319883484,105.87569576509011,107.03926086425781,5528000
2020-05-08,108.27604579325562,109.97662839439595,107.77970213664625,109.21990203857422,4209100
2020-05-11,108.5689613175128,110.82285102158339,108.35740967916395,109.34196472167969,3591100
2020-05-12,109.65116693563704,110.96933282621713,108.10518477169794,108.17028045654297,3914600
2020-05-13,108.36552863684888,109.41517922706049,106.95787049099923,108.18653106689453,5168500
2020-05-14,107.98312305087708,108.67474132632576,105.90009867376818,108.2841796875,5522200
2020-05-15,108.84562742901157,112.0108319647187,108.04821465120419,110.61943817138672,20338200
2020-05-18,111.35176957898723,112.27936142184252,109.89527991768762,110.26957702636719,8480300
2020-05-19,109.38264888739334,109.65116392410475,106.91720731436281,107.18572235107422,6640300
2020-05-20,107.84478199455359,107.95869631793379,106.05469444898038,106.80327606201172,8213100
2020-05-21,106.57545910183003,106.94975615725446,105.46072507110641,105.94893646240234,4886300
2020-05-22,105.46072950494712,106.29068393875106,105.10270945837554,106.16862487792969,3429200
2020-05-26,107.35660154508831,107.44610655855438,105.2898539307748,105.57464599609375,5579300
2020-05-27,105.55023600964302,106.4615507478202,104.62264424664635,106.43714141845703,5686500
2020-05-28,106.76261962327287,107.99940036098054,105.86756949596803,107.6413803100586,4974400
2020-05-29,107.41354550289873,107.60070023795056,106.03844117221892,107.03926086425781,13337900
2020-06-01,107.0799493145689,108.992083728492,106.74633860544078,108.2109603881836,4049200
2020-06-02,108.25977277872697,108.87816308865528,106.68936905332126,107.91802978515625,5327500
2020-06-03,108.41435952679856,109.26057839035185,107.89360659175132,108.07261657714844,5421200
2020-06-04,107.90289707721656,109.51828460571603,106.74670371704335,107.06651306152344,5229700
2020-06-05,107.4190920122015,109.48547804895435,107.23049710976692,108.59988403320312,7075700
2020-06-08,107.73069725675514,108.62448673098304,107.61589872347909,108.41129302978516,5613000
2020-06-09,108.09970078213074,109.18208525702894,107.46010711239481,109.03449249267578,6446900
2020-06-10,109.28868047952908,110.83027152709417,109.19848073712683,109.98567962646484,7069900
2020-06-11,110.05945516265241,110.81384717802918,104.51630104817359,104.82789611816406,8541000
2020-06-12,105.90211537245538,106.54170905901553,104.49173234221968,105.77912139892578,7039500
2020-06-15,105.19691173679156,107.38630437528803,103.75372835163138,106.9926986694336,5481000
2020-06-16,108.7966868199407,109.10828822563589,106.69750632538995,107.96849822998047,5197700
2020-06-17,108.14890048101877,109.09188763728703,107.8209082124306,108.04229736328125,3309700
2020-06-18,107.76346365373895,109.16565699512512,107.115674778659,108.87865447998047,3417200
2020-06-19,110.21527939527486,110.55147958083597,107.59949931364457,107.64869689941406,8310100
2020-06-22,107.05010171656653,108.04228636087433,106.5581008516838,107.46009826660156,3379900
2020-06-23,107.92751106934983,108.79670194066655,107.40271587277533,107.71431732177734,3625600
2020-06-24,107.02551070620626,107.47650944645663,105.51671378317754,106.23831176757812,4853500
2020-06-25,105.89390698488012,108.01768608192225,105.00011752101163,107.75529479980469,4442000
2020-06-26,107.97667577013353,108.54247296059788,105.00830501679955,105.72169494628906,7372700
2020-06-29,106.74668657138692,107.74707906831578,106.13169179927986,107.48468780517578,4173900
2020-06-30,108.09970233468655,108.91150008659655,107.29611252231592,108.4522933959961,4626700
2020-07-01,108.67369146284318,109.56748099585916,108.18989850593758,108.53429412841797,3633000
2020-07-02,109.50190396807837,110.01850377072579,108.68191063669148,108.93611907958984,2769200
2020-07-06,109.12469997668391,109.8380900791637,108.49330168951124,109.30509948730469,4221600
2020-07-07,108.46048812270809,110.38746435216305,108.37848380992216,109.52648162841797,4424500
2020-07-08,110.01027354798482,110.44486887519868,109.19028047594337,110.0594711303711,3798200
2020-07-09,108.97706195963617,109.82986166500547,108.01767167517066,108.82127380371094,4005200
2020-07-10,108.54248388391095,110.60887002292095,107.64869439759818,110.25627899169922,5932800
2020-07-13,112.15044689046593,113.21644030027213,110.2644604749781,110.62525939941406,8960000
2020-07-14,110.36288805562734,112.29807261806363,110.08409335469175,111.12548828125,6766800
2020-07-15,110.98608490683992,111.67487619368525,109.2640941776233,109.62489318847656,5561300
2020-07-16,109.92828582362914,110.17428628478221,109.10009720025378,109.78069305419922,3788100
2020-07-17,110.4120877749615,110.74828801544335,109.5101026936033,110.42029571533203,3229300
2020-07-20,110.37927403895151,110.37927403895151,108.38668425728163,109.14928436279297,3620300
2020-07-21,109.87907553730962,111.85526191368358,109.70687148076966,110.2316665649414,5435400
2020-07-22,111.15826542481649,111.72406267995774,109.61667435424056,111.52725982666016,3522300
2020-07-23,112.00286193599845,112.54406042070757,111.10087697358584,112.4046630859375,5011400
2020-07-24,112.33085260751592,113.68383613738764,111.01885872053043,111.56825256347656,3300000
2020-07-27,111.13365834642302,112.96223936561039,110.5760690718049,112.88844299316406,3607700
2020-07-28,113.14262302526778,113.64281922210253,112.41282980484652,112.650634765625,3787500
2020-07-29,112.65066781046147,113.9790527668933,112.37186061823623,113.10165405273438,3179000
2020-07-30,112.53583660869668,113.33942619378345,111.91263396091153,112.90483093261719,2817600
2020-07-31,112.55228232429023,112.91308139896938,110.86309803111553,112.88028717041016,4304100
2020-08-03,112.4292559033736,112.74905271604777,111.51906305005453,112.09305572509766,2819200
2020-08-04,112.76545894610439,112.82285195901564,111.53546924886709,112.72445678710938,2553500
2020-08-05,113.28205741788474,113.28205741788474,111.33048207836926,111.72407531738281,2924000
2020-08-06,110.92048101329733,111.75686504857008,110.92048101329733,111.4042739868164,2692900
2020-08-07,111.46987271734865,112.14226060554279,111.0024706080541,112.12586975097656,3692100
2020-08-10,111.78147748142241,112.24067166512516,111.01068188216287,111.50267028808594,3052000
2020-08-11,112.3144469528717,112.70804010610111,110.38745831667437,110.79745483398438,3301200
2020-08-12,110.97787503441639,113.71664927877522,110.90407865041882,112.99506378173828,4424600
2020-08-13,112.4210803527608,113.65926566441614,112.4210803527608,113.24107360839844,2393500
2020-08-14,113.24926997596162,113.2984675697713,112.50307310423693,112.79827117919922,2461700
2020-08-17,112.7490492298416,113.88883911793558,112.38005484387332,113.09344482421875,2862500
2020-08-18,113.65924122961796,113.65924122961796,112.3718460892249,113.2492446899414,2638600
2020-08-19,113.72483515330833,113.80682694891864,111.60105621186139,111.88804626464844,3682200
2020-08-20,111.2402379482981,112.46201934103155,111.21563916267921,112.10942840576172,2263000
2020-08-21,111.82244661053271,112.06025159837667,110.90405841166144,111.89625549316406,4295600
2020-08-24,111.89628269890135,112.89666293755448,111.60928006092371,112.8638687133789,3177800
2020-08-25,113.37224652372211,113.47065420831049,112.09305923299392,112.5850601196289,2597400
2020-08-26,111.9946698743147,113.70025718785926,111.8306737409572,113.5444564819336,6019700
2020-08-27,113.74125367101783,114.7416337881884,113.08525665823363,113.48704528808594,4159300
2020-08-28,113.58542839207092,114.76622025712918,112.53583840359683,114.74981689453125,3355400
2020-08-31,114.24143399578362,115.63541963277606,113.97903022255652,114.84822082519531,3828700
2020-09-01,115.004024918011,115.1926198155578,113.57723251092854,114.13483428955078,3421700
2020-09-02,114.40541608545205,117.93138815569637,114.26601879003644,117.49678039550781,4918200
2020-09-03,117.91225725355615,118.96112793232626,114.07186319780173,115.1042251586914,6642400
2020-09-04,115.34371849469538,115.88054157255203,113.09729828218377,114.60041046142578,4836400
2020-09-08,114.22876828683475,114.49305896092567,111.0078044593077,111.9493179321289,4901500
2020-09-09,111.90802645576426,114.35266490332653,111.82543246552098,113.23770904541016,4282300
2020-09-10,112.8164827333405,113.60107504314519,110.57006284286422,111.29683685302734,6050500
2020-09-11,111.6767830731955,112.63481795093567,110.85914790307817,112.16405487060547,3411900
2020-09-14,112.75865884543175,113.55977243001271,112.15576321856472,112.87428283691406,2779000
2020-09-15,112.71739130255797,113.34507536489292,111.83369612300622,112.00712585449219,4080800
2020-09-16,112.55220486815259,112.81649552149422,111.31337078527558,111.47854614257812,3353500
2020-09-17,110.16538963463805,111.12342438985677,108.761380135892,110.00846862792969,5186400
2020-09-18,110.42969372453337,111.32164332002712,107.37389240613346,108.57969665527344,8473000
2020-09-21,107.67119241493674,108.44753043388187,106.83704869355508,108.38972473144531,4402700
2020-09-22,108.19151334171306,109.7524438316442,107.73727164314636,109.14128112792969,3951000
2020-09-23,109.59553799947426,109.69465331238418,107.24176040260505,108.1915283203125,5909900
2020-09-24,108.55489296840761,109.2734126357473,107.29953768809959,108.67051696777344,4316600
2020-09-25,108.10066979205412,110.52878679555549,107.78682776785185,110.29753875732422,4576000
2020-09-28,112.35401691825375,114.45178358329923,112.04844179543879,113.94799041748047,7487500
2020-09-29,114.51784120924918,115.24461540056734,113.25423128114889,113.27900695800781,4330500
2020-09-30,113.9644991262621,114.95556402745336,113.06426997406041,114.46829223632812,7060700
2020-10-01,115.16202243168058,116.32652953524884,113.5515405874226,116.28523254394531,6483900
2020-10-02,115.02988690394632,115.55020131415601,112.48614576813844,114.02230072021484,5130200
2020-10-05,114.06359891348713,114.28659260621617,113.13033974938757,113.91493225097656,4519800
2020-10-06,113.97273691744343,114.64997227275909,111.61894709244999,112.07318878173828,5031000
2020-10-07,112.27141045908309,113.57631726292769,112.12274380949444,113.15510559082031,4347300
2020-10-08,113.37809107765364,114.08010207909524,112.94862507905154,113.8488540649414,2977400
2020-10-09,114.5508396503195,115.01333562689102,113.89012571147298,114.33611297607422,3194000
2020-10-12,116.54951061482907,118.50687710455122,115.44282181940271,117.3836669921875,6167200
2020-10-13,117.45801198122793,118.92809436169965,117.2019882388645,118.54817962646484,4293200
2020-10-14,118.55641450385221,119.01891050710097,116.97070852039747,117.70574951171875,3641000
2020-10-15,116.5825761378694,117.25154468134069,116.13658870750527,116.80555725097656,3306800
2020-10-16,117.06982789693873,117.95353564504987,116.55778047777765,117.05330657958984,5076000
2020-10-19,116.73117808973588,117.71398826742211,115.00507266277683,115.36019897460938,3223200
2020-10-20,116.45040921097396,116.63210589308596,115.13724804649657,115.38501739501953,2750900
2020-10-21,115.36023426161962,116.0209483531145,114.88122946241077,115.29417419433594,2560100
2020-10-22,115.45935021456253,115.78970096112711,114.80689047729871,115.30242919921875,2909000
2020-10-23,115.80621369049827,116.0622373904092,114.83165763688473,115.26112365722656,2758400
2020-10-26,114.58391212524765,114.8647115267273,112.65958810556617,114.02230072021484,3431100
2020-10-27,114.44351408168637,115.53368166877658,114.22052038807126,114.89774322509766,3390800
2020-10-28,113.27074819201027,113.73325693167484,110.61964975972678,110.80960083007812,5196000
2020-10-29,110.47097841324553,112.01540039560808,109.2321441247812,110.66094207763672,3856500
2020-10-30,109.7854658882378,110.53702822562805,108.77789246925387,110.0827865600586,4303900
2020-11-02,111.99888753371656,112.51093504561692,110.48750807541468,111.61897277832031,3126400
2020-11-03,112.83303662192276,114.4683071541793,112.55223717370416,113.1799087524414,3293900
2020-11-04,114.7986455251382,117.02854475233396,113.69195657119224,113.85713195800781,4576300
2020-11-05,115.08771996675502,115.84753688099937,113.53504349734366,114.0140609741211,3667800
2020-11-06,114.43522935533194,115.43456104025297,113.41938895646437,114.28657531738281,2867000
2020-11-09,117.2763087373845,118.63902136850353,114.11315044721889,114.34439849853516,6111300
2020-11-10,113.13860545589145,117.63970064340683,112.47789134532188,117.04505920410156,5284500
2020-11-11,117.98656242518467,119.1262938514578,116.95420065561042,118.8454818725586,4389800
2020-11-12,119.13455428666539,119.53924465773034,117.90397445780727,118.79593658447266,2570100
2020-11-13,118.73811208941285,119.66310410313068,118.3251674258501,119.51445007324219,2580400
2020-11-16,119.75395097025111,120.79456697297123,119.49792729830124,120.38162231445312,3399000
2020-11-17,119.15111829160665,120.66249805308543,119.01897290651966,119.95223236083984,2924000
2020-11-18,120.15866583240043,121.05062798936233,118.34996584206715,118.4160385131836,4335200
2020-11-19,118.00307699845948,118.68029972752075,117.55708968233007,118.36647033691406,4263500
2020-11-20,118.63900956981817,119.45664462841971,118.10218649023696,118.44905853271484,3469100
2020-11-23,118.35823106566491,118.63903049213259,117.1772150414819,118.11872863769531,3443300
2020-11-24,118.25909867916654,119.22538771161743,117.95352365068513,118.95284271240234,4472300
2020-11-25,119.29975177085463,119.68792089613312,118.68033456269642,119.06024932861328,2278300
2020-11-27,119.4401461081158,119.98523625122054,119.07675267937931,119.42363739013672,1596000
2020-11-30,119.30799801380084,119.44839771101981,118.00309114296944,119.11803436279297,4906900
2020-12-01,119.7787555290763,121.10018379585628,119.34103509364616,120.63768768310547,3999200
2020-12-02,120.48072246821737,121.35616301797955,118.83719839701426,119.44009399414062,4432900
2020-12-03,118.96021329367493,120.57385542292758,118.96021329367493,120.14964294433594,4757900
2020-12-04,119.66718995203654,121.42223167308605,119.65056362843043,121.3141098022461,3592600
2020-12-07,121.17270359687039,121.90466801333048,120.29102610896207,120.91485595703125,4217300
2020-12-08,120.88158815287554,121.57196136035903,120.01653700707797,121.03962707519531,3623800
2020-12-09,121.0729033268992,121.52206795627278,120.00823466061966,121.18103790283203,3842000
2020-12-10,121.4721592577608,121.68010256925453,120.12469066067425,120.33263397216797,3985000
2020-12-11,119.46756523916777,120.69027261761069,119.28457415587364,120.58213806152344,2975500
2020-12-14,120.81505649920437,121.82982081182638,119.81693120419058,119.96664428710938,3952400
2020-12-15,120.24113167505816,120.83169623104936,119.6838451544801,120.41580963134766,3183300
2020-12-16,119.75872346371045,120.99807032515166,119.69218007264105,120.51564025878906,4915800
2020-12-17,120.81504875356192,121.60523069929421,120.75681854159225,121.19766998291016,3312500
2020-12-18,121.7133993402253,122.3538683919234,121.02302591678398,122.21245574951172,8980400
2020-12-21,120.60711512956223,121.15608849274815,119.33450313699156,120.9398193359375,3946900
2020-12-22,120.27442221633818,120.60712645395267,119.34282750568201,119.7919921875,2653700
2020-12-23,120.1829221675929,121.10619098819083,119.83357892356297,120.11637878417969,2645100
2020-12-24,120.46570866576809,120.69860413595454,119.89178315286175,120.65701293945312,883300
2020-12-28,121.25589302752356,122.7697263054953,121.05626289548344,122.19580078125,2493500
2020-12-29,122.83622099372343,123.74286313900994,122.13753477411088,122.61996459960938,3186700
2020-12-30,122.66157489560705,123.09410044307106,122.27895370134085,122.52848815917969,2224900
2020-12-31,122.66989157426288,123.48503833936418,121.97120522576185,123.3519515991211,2076800
2021-01-04,122.27900525961427,122.91947434335265,118.06192064224119,119.99995422363281,7486900
2021-01-05,119.83357359546528,120.75682968316032,118.8603877616882,120.35758209228516,4126000
2021-01-06,117.83730060058977,119.44262937934977,117.77075722558847,118.88533020019531,4843300
2021-01-07,118.78552352357151,119.06832335329537,117.40477702524737,118.50272369384766,4473200
2021-01-08,118.50270874570617,120.1080246576865,117.82897459852894,119.92503356933594,4312000
2021-01-11,119.80030293943705,120.03319843944908,117.85395653568517,118.18666076660156,3902700
2021-01-12,117.80406013105346,118.11181220004066,115.99078768202129,117.6376953125,5150000
2021-01-13,117.37983142747613,119.14319926454262,117.28002270358911,118.6025390625,4361600
2021-01-14,117.67927491736265,118.47778281540678,117.33825753339144,117.91217041015625,4724700
2021-01-15,117.65430499114463,118.61085169186076,116.88907524568204,117.60440063476562,4309100
2021-01-19,118.4278861938513,118.59423831502897,117.6460172632776,118.16171264648438,5158600
2021-01-20,117.31326783876631,117.92878447769293,116.3816860646934,117.55448913574219,5019300
2021-01-21,116.68945526806422,117.10534186316181,115.40021697674305,116.12385559082031,5684100
2021-01-22,116.03233764566534,116.06560298244041,114.97598234420566,115.27542114257812,4014900
2021-01-25,114.83458375596668,116.72271210858152,114.43533625088688,116.59793853759766,3829000
2021-01-26,117.53787636601164,118.18665848808776,116.2403121218594,117.94544982910156,4242500
2021-01-27,116.87244338894288,118.38627664837604,114.41040191652263,114.81796264648438,6659800
2021-01-28,115.47507438623268,117.1053427438385,114.5850709739419,115.7745132446289,5514000
2021-01-29,114.87617791977367,115.16730356775555,113.1294494155817,113.59525299072266,6778100
2021-02-01,113.936279296875,114.75142609885317,113.03796279736993,113.936279296875,4185700
2021-02-02,114.32720585921244,116.05729536671585,113.62020636527944,115.10076141357422,3581600
2021-02-03,114.57674065388143,115.57486580178846,114.01114105707906,114.80132293701172,3609600
2021-02-04,114.57672168264426,116.24858071127139,114.57672168264426,116.18203735351562,3860300
2021-02-05,116.8558078745596,118.21158940274579,116.22365219314364,117.24674224853516,4437900
2021-02-08,117.438060390459,117.95375571417196,116.03236164874919,116.78095245361328,4112200
2021-02-09,117.38817462393317,117.40480095246922,116.02406686460127,116.11556243896484,3179300
2021-02-10,117.37983443922565,117.37983443922565,113.75330264000752,114.53517150878906,6966600
2021-02-11,114.6599457984318,114.95938467142915,111.74041361374469,112.26443481445312,7528000
2021-02-12,112.50563626362315,112.78844879190198,111.00012883174976,111.34947204589844,5659300
2021-02-16,111.92337943856259,112.13132270080482,110.95851965571475,111.77366638183594,5180100
2021-02-17,111.5075159457019,112.34761502146475,111.34116383991837,111.8402328491211,3353000
2021-02-18,111.51581974334474,112.87160119457229,111.38273300830103,112.59711456298828,3935200
2021-02-19,112.29767916370078,112.38917471033933,110.03525536668383,110.21824645996094,5414900
2021-02-22,109.82731458552155,110.2931181828706,108.76264603242427,109.78573608398438,5792900
2021-02-23,110.3346983806776,111.74039697257258,109.21181229305502,110.44283294677734,6264300
2021-02-24,109.66928669549557,110.03525619294788,109.12862657335334,109.86890411376953,4944000
2021-02-25,109.25340724090616,109.86891124299011,107.9641563328789,108.13050842285156,5702300
2021-02-26,108.60462282235393,108.85414460591164,106.9410765754325,107.45677185058594,8329000
2021-03-01,108.63788892517563,109.76910088869379,108.4133066265472,108.64620208740234,5287300
2021-03-02,108.5464138355194,109.81902594789794,108.44660510258089,109.0205307006836,5614000
2021-03-03,107.96416501410833,108.57135590266475,107.28210489097083,107.41519165039062,7505800
2021-03-04,108.36510261810875,110.46113941923271,107.58538306882345,108.01296997070312,9102800
2021-03-05,108.69209142778215,111.85291872641427,108.31480733590588,111.53431701660156,10186500
2021-03-08,111.7020032679039,112.49849479098448,110.66237707519889,110.77975463867188,8634900
2021-03-09,111.45886408622836,112.27212745493844,110.67075213773039,110.88035583496094,8930200
2021-03-10,111.10672765217691,112.74163387664,109.44665721515841,111.99544525146484,7791700
2021-03-11,111.80259387985787,112.8338402728521,111.59299022638471,111.69359588623047,4458900
2021-03-12,111.60976880781045,112.171505162081,111.20733330492291,111.54269409179688,5275100
2021-03-15,111.97867582597495,112.03737100123276,110.64559939785482,111.53431701660156,5389200
2021-03-16,111.57623744761757,112.833859583691,111.29955904249815,112.35595703125,5544700
2021-03-17,112.64940029841071,112.81708068080616,111.82775746943788,112.02896881103516,6199500
2021-03-18,110.97256046519487,111.57622001967543,110.17606912873056,111.1150894165039,6476700
2021-03-19,110.9306543056462,113.19437158792574,110.82165629355771,112.76678466796875,16114400
2021-03-22,113.71421814882818,115.86893781149821,113.26146693398796,115.53357696533203,7813400
2021-03-23,116.07852399833799,117.52059844669783,115.85214842512488,116.92533111572266,6978400
2021-03-24,116.54806679714054,117.47032843224547,116.35523492550874,116.38038635253906,5082300
2021-03-25,116.69058177668317,117.58769187683427,115.98631631816231,117.06787872314453,5827600
2021-03-26,117.05947311567333,119.89331930209056,116.64865804137382,119.64179229736328,6785600
2021-03-29,119.78428605794274,121.53658223990698,119.40700205839315,121.41081237792969,6105800
2021-03-30,120.46344474151712,121.36055481073116,119.15551956559779,119.50765228271484,4372700
2021-03-31,120.16163275033699,120.17001229400549,118.35903299229071,118.59378814697266,6257900
2021-04-01,118.37580915240085,119.3064502611051,117.47031946880779,118.45126342773438,4823400
2021-04-05,118.92912180064548,121.01676606659143,118.4847630649032,120.0274429321289,5980700
2021-04-06,119.92682702040737,120.89939109380289,119.52439156676496,120.45503234863281,4751900
2021-04-07,120.7317298322991,120.81557642862707,119.9100869197015,120.23706817626953,4849200
2021-04-08,120.46344474151712,120.86589309810452,119.09683717600956,119.50765228271484,6725100
2021-04-09,119.25611274869297,120.01068086910432,118.72790738848911,119.53279113769531,4950800
2021-04-12,119.2225888983384,120.28737933803058,119.09683178834123,119.91009521484375,4386700
2021-04-13,119.11358360935247,120.70656643597876,118.9458904333344,119.93522644042969,5283300
2021-04-14,119.53280932715879,119.65856643529958,118.41771605992834,119.14713287353516,4685300
2021-04-15,118.77822673023611,119.97716658252492,118.56862302397258,119.31481170654297,4777100
2021-04-16,120.27901024601782,121.00004759010753,119.44059532466684,120.86589813232422,6481400
2021-04-19,121.14255905491807,122.07319999462564,120.11129963984038,121.36054229736328,6621200
2021-04-20,120.84072367381846,122.95351966178623,120.67303048695632,122.16542053222656,4999700
2021-04-21,123.54042389152708,123.91770798676274,122.58463154677271,123.2302017211914,6316000
2021-04-22,122.60978361793127,122.95352395934773,121.88874638608145,122.46725463867188,4904400
2021-04-23,121.99773048657774,122.69361629175258,121.62044639281157,122.26602935791016,4354700
2021-04-26,122.03125185016802,122.21570409206471,119.87652011218935,120.19512176513672,5817700
2021-04-27,119.5747336998666,120.04424401562844,119.1639185701733,119.80110931396484,4693700
2021-04-28,120.30412493040025,120.47180530482306,118.82850693181733,118.912353515625,4962700
2021-04-29,119.13873932579854,121.09223440632336,119.02974131609264,120.6814193725586,4699900
2021-04-30,120.16163266875654,120.93297286121587,119.47412629251446,120.86589813232422,5051100
2021-05-03,121.59530747381365,123.0625334951211,120.8155877860813,122.23249816894531,6109800
2021-05-04,122.39180051524386,123.05415543417318,120.30415565314007,120.69821166992188,6603800
2021-05-05,120.49699736119788,121.20965518434275,120.31254504916502,120.6395263671875,5305200
2021-05-06,121.12578094875495,122.37502354204406,120.7401045315885,122.0396499633789,4472200
2021-05-07,121.76297155842786,122.40855450331361,121.20962754171973,122.0396499633789,4181000
2021-05-10,122.81939808273013,124.07702037924027,122.50079634045831,123.0122299194336,5270600
2021-05-11,123.38953723764708,123.7835933213953,121.58695005784406,122.11514282226562,5266100
2021-05-12,121.46954549541573,122.19058276587747,120.60597923806212,120.92456817626953,5651700
2021-05-13,120.93296554254874,123.34759167053673,120.37960865757822,122.71878051757812,4849400
2021-05-14,123.41464700341663,124.00153476198876,122.76068453055146,122.90321350097656,4224700
2021-05-17,123.24700291678067,123.58236379383308,122.16545321406885,122.55111694335938,3747100
2021-05-18,122.9451622736876,123.2050688496859,121.8384612415019,121.99774932861328,4527300
2021-05-19,121.2682840280325,122.09831906564966,120.79877391134889,121.93062591552734,4432700
2021-05-20,121.77976145380829,123.85902677639811,121.66238388220715,123.4398193359375,3964600
2021-05-21,123.97644202543364,124.3453467320634,122.84458926812835,123.33087158203125,5194200
2021-05-24,123.78356013713143,124.37884027210214,123.25535472111477,123.95963287353516,3627800
2021-05-25,123.9596071525296,124.39557354547833,123.25532914624343,124.3368911743164,4649300
2021-05-26,124.00990998300892,124.64710049106684,123.81706540858234,124.3368911743164,4462600
2021-05-27,124.55489633284107,124.73096906375648,122.7774611121433,122.83614349365234,9203600
2021-05-28,123.59073636687175,124.50460548491263,123.44820737725765,124.03509521484375,4913700
2021-06-01,124.73934887339287,124.79804404822191,123.32242586045362,123.77517700195312,5530300
2021-06-02,124.25307217689563,124.52975059914193,123.43980878843689,124.26984405517578,4546900
2021-06-03,123.90249025505399,124.78924709734605,123.43799059830201,124.71324157714844,4651600
2021-06-04,124.99191048837416,125.49018595765857,124.5443053533686,124.85678100585938,4427400
2021-06-07,124.78922536771023,125.20305460560343,123.90246867982974,124.7807846069336,4724100
2021-06-08,124.738565767284,124.88213603279141,123.23528547354903,123.61532592773438,5997200
2021-06-09,124.35852980372456,124.64567034510812,123.31974908833156,123.38731384277344,4008000
2021-06-10,123.56466503809831,125.00038068966349,123.41265399945884,124.65412902832031,4698200
2021-06-11,125.03418331292798,125.0932944278148,123.97005437835337,124.73014831542969,4364600
2021-06-14,124.54432838098332,125.5239979803663,123.97003441743985,125.47332763671875,3831900
2021-06-15,125.7519736405715,125.98000299950455,125.05101693247295,125.48172760009766,4256500
2021-06-16,125.7182741604166,126.06453878884933,123.93629354693286,124.23188781738281,5492100
2021-06-17,124.35851427716935,125.83645926857884,124.07137377163619,125.43108367919922,5316400
2021-06-18,124.97502384800801,124.97502384800801,122.65253888041273,122.81300354003906,10661700
2021-06-21,123.09168921492197,123.92778834689875,122.83832467008148,123.77576446533203,4904300
2021-06-22,123.9193259120359,124.56962519078684,123.54772632417823,123.96155548095703,3518000
2021-06-23,123.35352848468035,123.41265247897378,122.3147477401294,122.3316421508789,3901700
2021-06-24,122.34008683179859,123.25219174159444,122.12895179397529,123.02416229248047,3818900
2021-06-25,123.10018051730742,123.97005593197825,122.66102887170948,123.64913940429688,6387600
2021-06-28,123.94467456664506,124.64564424973537,123.82643949278986,124.18114471435547,4282800
2021-06-29,124.52742862364109,124.73856363754575,123.64065898790977,124.09671783447266,3197700
2021-06-30,124.51051858617419,125.25371786556579,124.31627800602664,125.13548278808594,4943700
2021-07-01,125.05949458187366,125.90403464829367,124.94125948804121,125.16083526611328,3997600
2021-07-02,125.7520215098413,126.4952209556998,125.46488095545408,125.7604751586914,3835500
2021-07-06,125.89558057876377,126.19116183877048,124.79767603114237,125.94625091552734,4313800
2021-07-07,126.08136922689498,127.27217370360869,125.83645830033238,126.5036392211914,4225000
2021-07-08,126.19115214675051,127.24682703710279,125.99691157518949,126.56275177001953,4216000
2021-07-09,126.1827025709994,126.94278328428702,125.98000836701681,126.24181365966797,4088600
2021-07-12,126.25030750183048,126.50365922915269,125.65067834496222,126.2671890258789,4873700
2021-07-13,127.65218875006256,129.98312690276185,127.31437797642889,129.18081665039062,8750800
2021-07-14,129.12171199586254,131.02192687682592,129.04570649342168,130.51519775390625,6390300
2021-07-15,130.1182563263389,131.20770702462482,129.43416824696314,131.11480712890625,4920600
2021-07-16,131.47800444913824,132.4576741165531,130.99662326439852,131.59625244140625,5852500
2021-07-19,131.73982565595603,133.04885260911882,130.7010319692613,131.57936096191406,5750200
2021-07-20,131.91716893567937,132.8715034295111,131.37666375480566,131.59625244140625,5213500
2021-07-21,131.15708514100106,131.8496013485163,130.54057445260463,131.10641479492188,4905900
2021-07-22,131.06417846679688,131.54555961643854,130.03383852733901,131.06417846679688,3333500
2021-07-23,131.37663091599288,133.25995137265969,131.10638483643655,132.74478149414062,3588400
2021-07-26,132.41541819427763,132.9897120834752,131.7735724467344,132.6519012451172,2999800
2021-07-27,132.85459335899085,133.99472758248749,132.618123175647,133.38665771484375,4043900
2021-07-28,133.09950347408997,133.40353837658034,131.6722288731396,132.1620635986328,3556800
2021-07-29,132.7870172564104,132.9559226748363,131.9171421091924,132.43231201171875,3055600
2021-07-30,132.90527292659286,133.09952643019938,132.2718678443806,132.55056762695312,3757300
2021-08-02,132.5928052938781,132.6857052270663,131.33443581463024,132.01852416992188,3425900
2021-08-03,132.5927866744907,132.71946252620424,132.0100519832916,132.3140869140625,3359900
2021-08-04,131.90870980836755,132.30564465478685,129.949370746327,130.1013946533203,4846300
2021-08-05,130.8868088958147,131.06416797042132,129.94936895668386,130.3209686279297,3733500
2021-08-06,129.86496537824144,130.70105202674088,129.75517101564566,130.33790588378906,3430900
2021-08-09,130.59969308687502,130.72636895937296,129.81427690406687,130.3547821044922,2636600
2021-08-10,130.32099206661763,131.16553223983055,129.8987219800112,130.42233276367188,2670200
2021-08-11,130.65879786271572,131.76514327530117,130.45610360987877,130.93748474121094,3058000
2021-08-12,131.0979462017659,131.15707018989167,130.56589474192523,130.96282958984375,1958700
2021-08-13,130.9881329163083,132.31405374964987,130.8192146408183,132.1873779296875,2113800
2021-08-16,132.53367478455536,133.53867958875495,132.36476933796558,133.4795684814453,3224000
2021-08-17,133.36132840420214,133.81737438164456,132.7954880915762,133.35287475585938,3736300
2021-08-18,133.167061543393,133.6062259534017,131.91714594669205,131.98471069335938,3419200
2021-08-19,131.59620085628165,134.63653647440083,131.56241204697585,134.20582580566406,4745600
2021-08-20,134.22271668666903,134.81390491086557,133.64843575495976,133.73289489746094,3484100
2021-08-23,133.29375927705132,133.87649398058272,132.8630484854518,133.31065368652344,3102100
2021-08-24,133.22617932116447,133.22617932116447,131.47797541008688,131.65533447265625,3760800
2021-08-25,131.2077308069259,131.46953613686267,130.1942854159917,131.07260131835938,3346700
2021-08-26,131.33443412789464,131.46956364473482,130.13518866092318,130.59124755859375,3220700
2021-08-27,130.76856819058315,131.24996216765075,130.2365167629359,130.85302734375,4166500
2021-08-30,131.0556706903765,131.89176967231714,130.91210048095002,131.74819946289062,2540300
2021-08-31,131.82422640177165,132.1451556789895,131.19082149357175,132.0775909423828,5291200
2021-09-01,132.4576640470317,133.5977983182394,132.17896427214407,133.361328125,4231400
2021-09-02,133.32305071935963,133.74821513172122,132.54074975761284,133.4591064453125,2862500
2021-09-03,132.82134819008863,133.85875030336163,132.56624697002383,133.57814025878906,2035100
2021-09-07,133.05942923731712,133.2975202315504,130.67850631999838,131.4012908935547,4609900
2021-09-08,131.5118742999088,133.28905863436955,131.2057553687346,133.2635498046875,3199100
2021-09-09,133.3995777367806,133.4761042098734,132.14108185153728,132.42169189453125,3560400
2021-09-10,132.63426974548267,132.8638621322434,131.8094498513668,132.19210815429688,3851500
2021-09-13,132.6002705154899,133.8417432541248,132.1325870968313,132.44720458984375,3367200
2021-09-14,132.97442637445886,133.22101602576916,131.64791547778117,131.9285125732422,2808600
2021-09-15,131.98803880100704,132.97442333366854,131.61389204896383,132.66830444335938,3702400
2021-09-16,132.13259104746882,132.75332743534568,130.7890699932374,132.2771453857422,4589900
2021-09-17,131.9965263117699,132.2261187039306,130.80607126906042,131.06117248535156,8127400
2021-09-20,130.86559293099162,131.75844073734086,129.60710998036845,130.61900329589844,5484600
2021-09-21,131.46933680736103,132.7533286294475,130.07479808884088,130.55947875976562,4479800
2021-09-22,131.47783806235032,131.87749364594984,130.48295489944988,130.95913696289062,3001000
2021-09-23,130.6870257647895,131.74142509547877,130.5594686691505,131.06117248535156,2712500
2021-09-24,130.73805166040268,131.47783355682645,130.56798849714278,131.12069702148438,2366100
2021-09-27,130.7805697799288,131.07817706980444,129.5816030786057,129.86221313476562,4482000
2021-09-28,129.56461186242794,129.67515877272265,127.63437457875428,128.4421844482422,5910900
2021-09-29,128.688790130216,130.2448937860448,128.1360814599723,129.50511169433594,3326500
2021-09-30,130.28738645201332,130.4659482431725,127.86394405780216,127.89796447753906,4949200
2021-10-01,128.69731716648386,128.91839806611014,127.1412133239415,128.357177734375,4274300
2021-10-04,128.2975982432072,130.10029093289617,127.10713027974451,127.71936798095703,5404900
2021-10-05,128.70577344954958,129.58161111476448,127.60885495743182,128.47618103027344,6103100
2021-10-06,128.26358914313292,131.93701567443367,127.51530864508035,131.76695251464844,5499200
2021-10-07,132.24309796205122,134.13932697021954,132.24309796205122,132.98287963867188,4605100
2021-10-08,133.13598841365368,133.25503392841537,132.21763173906868,132.6768035888672,4186000
2021-10-11,132.98293660149005,133.6972097659069,132.36220013538895,132.8553924560547,2738100
2021-10-12,132.83835152130573,134.2243914644151,132.82985290523877,133.44207763671875,3195400
2021-10-13,133.89278682916333,134.39447773816173,132.66831120551467,134.3434600830078,3599900
2021-10-14,134.87911481434702,135.61890949977948,134.8706161995662,135.42332458496094,3677100
2021-10-15,135.7634950967191,135.7634950967191,133.93528044862478,135.04071044921875,4313000
2021-10-18,134.52200347685996,134.94716784497584,133.3315484361303,134.428466796875,3274200
2021-10-19,134.89616374752927,136.1886671894337,133.96079685371922,136.1376495361328,3125800
2021-10-20,136.54579804290813,137.65122805994875,135.78049435034728,137.16653442382812,3716500
2021-10-21,137.23453282641213,137.2685402615654,135.18523777758438,135.3553009033203,4164700
2021-10-22,135.69545667372424,136.4522487042541,135.6019199969178,136.02708435058594,3240300
2021-10-25,136.01011026752286,136.01011026752286,135.02372559103375,135.38937377929688,3281200
2021-10-26,135.34684289281915,137.24307261487095,135.28732661969963,137.04750061035156,3684700
2021-10-27,137.54067860046285,137.61720507579537,135.67845651744778,136.57130432128906,3751800
2021-10-28,136.7754317601168,137.5237124949821,136.45230257177107,137.43017578125,3589600
2021-10-29,136.92843809652558,137.9743388300166,136.82640279813242,137.4131317138672,4558200
2021-11-01,137.0729752771086,137.32807646616047,136.2056364243264,137.12399291992188,3017100
2021-11-02,137.37058372756204,138.44199305983,136.85188277841183,138.38247680664062,3464500
2021-11-03,137.88080031245636,139.78554136535413,137.88080031245636,139.70901489257812,3595000
2021-11-04,139.64097231458865,139.9300809423656,138.90119053910485,139.71749877929688,3310100
2021-11-05,140.7719414107465,141.52022196351922,139.89610374756634,141.1545867919922,3754300
2021-11-08,140.99301189148275,141.2396145018492,137.03047669203582,138.118896484375,5766400
2021-11-09,138.01683967091586,139.33485165971317,137.75323986815346,139.0372314453125,3778600
2021-11-10,140.0831708363689,140.30425165282625,138.6291028829723,139.48793029785156,2683500
2021-11-11,139.42843155681484,139.4369301748666,138.2209660690083,138.3400115966797,2453000
2021-11-12,138.61207282189167,139.39437364691565,137.8212733811015,138.3059539794922,3540900
2021-11-15,138.18691270247737,139.3518718473046,138.1699154704261,139.28384399414062,3357100
2021-11-16,139.68352416579026,140.295761977294,138.79917489362325,138.86720275878906,2899400
2021-11-17,138.2804510973567,139.1732988406249,137.8212793015257,138.91819763183594,3332200
2021-11-18,138.44202281631425,139.04576194262657,137.54067641011912,138.96072387695312,3498900
2021-11-19,139.87908734536748,140.32976057054807,138.97774089500632,139.2923583984375,5242200
2021-11-22,138.77364174311336,141.83483026409561,138.75663153605615,139.58145141601562,4157200
2021-11-23,139.07978783748516,140.916501309841,138.86720562008253,140.516845703125,3878000
2021-11-24,140.3807698870613,140.7294077877226,138.2464494006718,139.2328338623047,3309500
2021-11-26,138.35701041361457,139.1648202116437,136.8094057063478,137.02198791503906,3402900
2021-11-29,138.3229680437641,139.94709897442925,137.0219661710286,139.5729522705078,5305800
2021-11-30,139.30935826504978,139.45391259305637,134.68356786889197,135.8655242919922,7610000
2021-12-01,138.1528861037642,138.8161413613972,136.09509248713547,136.18862915039062,5385600
2021-12-02,137.08329345238937,138.41876835770907,136.8264683407507,137.5027618408203,4619800
2021-12-03,138.23037231872948,141.1495899582793,138.11907843615955,141.00405883789062,6465900
2021-12-06,142.15121306948868,143.21273738608735,141.92862527717176,142.46795654296875,5403100
2021-12-07,142.46796941553708,142.93025713160807,141.81735725746003,142.30531311035156,5460100
2021-12-08,142.22827624142428,142.69912002538007,140.42195777036886,142.5535888671875,3891900
2021-12-09,142.03991069100144,142.8617481392011,141.12391756726143,142.373779296875,3644500
2021-12-10,143.42676148423936,144.77936119086772,142.87887415292977,144.6509552001953,5025700
2021-12-13,144.61667580723835,146.61133119136906,143.86333904237284,145.37002563476562,5411800
2021-12-14,144.97627606042056,145.86658812606768,144.07739488646374,145.01051330566406,4985000
2021-12-15,145.33581756009255,147.05652314759712,145.0704364710543,146.8767547607422,5507800
2021-12-16,146.87675584176364,148.58033628883712,146.40591210161853,147.0907745361328,6909900
2021-12-17,146.48299172200254,147.5702106143304,143.86340434869902,144.07742309570312,10159600
2021-12-20,143.1014694648757,145.1046814004978,142.75047565506202,145.03619384765625,5263600
2021-12-21,144.87353539603856,145.1902919560709,143.63222954300574,144.608154296875,3401400
2021-12-22,144.64238829116542,145.5241441946603,144.05169465310968,145.50701904296875,4362900
2021-12-23,145.5155726776523,146.07202906577305,144.89064180922614,145.3443603515625,3241700
2021-12-27,145.52416585626526,146.86819655418648,145.3358283476141,146.79115295410156,2868800
2021-12-28,146.78262306367884,147.92119130159102,146.56003520688319,147.55308532714844,2332100
2021-12-29,147.9211408511306,148.49472239211673,147.18491609067695,148.0752410888672,2299500
2021-12-30,148.56321657255342,148.63170412477766,147.44176066304445,147.8184356689453,1988900
2021-12-31,147.6386771692263,148.97415187044285,147.33904574099648,148.70877075195312,2914900
2022-01-03,147.4160792235533,148.26359798544908,146.02068617008635,148.0838165283203,5488900
2022-01-04,147.80986524395848,149.34223325507386,147.4160651226456,148.29782104492188,4717600
2022-01-05,148.4091021343444,150.1212514376651,148.29780824957655,148.8029022216797,6564600
2022-01-06,148.87997981680866,150.32674839865385,148.2978421281062,148.83717346191406,4288700
2022-01-07,149.03403822199382,149.54768825614755,147.76705135045447,149.02548217773438,4916000
2022-01-10,149.3337134696387,150.53221315131043,148.63172575418324,149.10256958007812,5055900
2022-01-11,148.68306381692645,149.15390756573217,146.91955183291302,149.0340576171875,6452300
2022-01-12,148.8714141845703,149.23953317006135,148.05814567324404,148.8714141845703,5268000
2022-01-13,148.70874089570069,149.54769043857618,148.30638474436316,149.111083984375,4310300
2022-01-14,149.44498393051336,150.6178022250828,148.44336492054504,150.36097717285156,4474500
2022-01-18,148.63169991418133,149.60762464606609,148.22934372042786,148.9227752685547,5789500
2022-01-19,148.92279577624538,150.6349455811278,148.58892708679997,149.99288940429688,6424500
2022-01-20,150.16407053828712,151.42250142813674,148.8200269509342,148.9056396484375,6284200
2022-01-21,150.0955834351877,151.73068929860915,149.05117122335457,149.1453399658203,6753200
2022-01-24,150.2325781558938,151.09720904047808,144.64241050382873,148.38345336914062,9263900
2022-01-25,147.313324761574,147.65574939051663,145.31011325066868,146.67982482910156,6536900
2022-01-26,144.98480944696755,147.0821898166322,142.49362897389003,145.13034057617188,6841800
2022-01-27,146.2004462302249,148.3406331267473,144.48829671300697,144.99337768554688,6543500
2022-01-28,144.2571613292744,147.86979806744728,143.14427452795903,147.8184356689453,5796000
2022-01-31,146.19190621621624,149.05119308847262,146.03780595018304,148.54611206054688,5908000
2022-02-01,148.22933764650148,148.4690375313413,145.15603243092622,147.53591918945312,5952700
2022-02-02,147.89548552397173,150.36098525769688,147.73284227605598,150.2154541015625,5767000
2022-02-03,150.04420689153528,151.2341501272033,148.81145731102634,150.1298065185547,4632700
2022-02-04,148.18654327406549,149.71891131683253,146.55143737950223,147.66433715820312,4592400
2022-02-07,147.87837073943066,148.0923894467898,146.56857729540596,147.08221435546875,4813300
2022-02-08,147.7841842552251,147.79274029993348,145.798084619136,147.26197814941406,3957700
2022-02-09,147.67291178939783,147.91261170265145,146.3973555589182,147.19351196289062,6780200
2022-02-10,144.38559814173544,146.77404140441166,143.22133573609642,144.1373291015625,7899800
2022-02-11,143.87194554892065,145.7981140731836,143.55520201609508,144.31710815429688,7299600
2022-02-14,145.0362122188282,145.2587869967572,141.33797533559724,142.7076873779297,6822500
2022-02-15,143.15279171983,144.03454748856578,141.47487980240703,142.0741424560547,4943800
2022-02-16,141.79166585664566,143.13569642946666,140.85853444603183,142.365234375,4161700
2022-02-17,142.11698815843155,143.7777755394064,141.2523572198276,142.75048828125,5156800
2022-02-18,143.05867649711615,144.02604531035294,142.29677036162866,143.57232666015625,5181600
2022-02-22,144.30853097680836,144.62527446325328,142.30530607728005,144.1201934814453,7733900
2022-02-23,144.77935197210752,144.77935197210752,142.55356554530394,142.6990966796875,5812800
2022-02-24,141.8601823178271,142.3995006408094,137.2202447046985,140.2165069580078,8888800
2022-02-25,140.75578238514302,144.214331040513,140.61880731583574,144.14584350585938,6535600
2022-02-28,140.4304874959831,141.43210638624353,138.179019926323,140.17367553710938,7677000
2022-03-01,139.60011509485295,140.73868301184424,138.08485913694616,138.91525268554688,5107900
2022-03-02,139.52303791653242,141.95429976506844,139.10356971281664,140.84140014648438,5452100
2022-03-03,141.29380380800086,142.34508521216165,140.28561029389476,140.69061279296875,5352200
2022-03-04,139.59627204998586,143.47394627359657,138.6656286584896,142.82766723632812,6340300
2022-03-07,141.3799955817921,142.31062573964647,139.70828518774863,139.98402404785156,6319500
2022-03-08,139.9237296506279,141.2938381063399,135.88232914601704,136.0374298095703,6163700
2022-03-09,137.70914429684908,137.92457065690263,134.7707255900593,135.63243103027344,5764900
2022-03-10,134.2450870329198,134.64147732754807,132.15976140990054,133.14210510253906,6103700
2022-03-11,133.95212050880394,135.19297856188223,132.25455958182638,132.46998596191406,4762600
2022-03-14,133.69357114174338,135.9770980606242,133.13346795991978,134.33123779296875,6075600
2022-03-15,135.5634954608801,137.44200686088897,135.14125509502853,137.0111541748047,6203400
2022-03-16,136.50274005218566,137.86423600724208,135.32219484735361,137.6143341064453,6299000
2022-03-17,137.72636786233446,139.27744012423537,137.26966507807754,138.682861328125,3587600
2022-03-18,139.06199838016664,140.39763100771313,137.9245411312614,140.27699279785156,12123000
2022-03-21,139.82892289355937,141.15594327190175,138.79487916193705,140.0788116455078,5122600
2022-03-22,140.3200824807451,141.98318048281982,139.79444174208882,141.61264038085938,5779200
2022-03-23,141.53508347858957,142.42263881016112,140.13912521894852,140.87156677246094,4533700
2022-03-24,141.37138330557028,141.94872433547107,140.69064183705464,141.7246856689453,3160300
2022-03-25,141.69017609603094,142.95688375947708,141.69017609603094,142.38816833496094,4146800
2022-03-28,142.2675289704923,142.84486985714764,141.06975930892253,142.81039428710938,4308000
2022-03-29,144.15467887146315,145.26628611037665,143.36191154568647,144.9302215576172,4440400
2022-03-30,144.8526939032003,144.97333214233808,143.14650761578906,144.7320556640625,3871500
2022-03-31,145.0852879119265,145.8866805166694,144.1374201621142,144.23220825195312,6076200
2022-04-01,144.67169641666317,146.42956937190982,144.22360599725565,146.2830810546875,3239600
2022-04-04,145.7229820266899,145.96425845585264,144.29254809052566,145.90394592285156,3759900
2022-04-05,145.04221524383905,147.679030864244,145.04221524383905,146.05902099609375,4480700
2022-04-06,146.4209642798885,148.81650398297188,146.05043730896315,148.54937744140625,4294800
2022-04-07,148.2391501977736,149.31628173914473,147.16201865640247,148.68724060058594,5041600
2022-04-08,149.06637352782383,149.66956448245463,147.8599784699856,149.18701171875,3883100
2022-04-11,149.60067968613347,150.77259959263003,148.48908547083738,148.73036193847656,3825100
2022-04-12,149.74712616018692,150.49680546440695,148.75617045579082,149.33351135253906,3924300
2022-04-13,149.57478753318122,149.78160151099044,147.9806276821071,149.0749969482422,4394000
2022-04-14,149.48863218615776,150.1607612701767,148.00649801406993,148.12713623046875,4834300
2022-04-18,147.5411887984752,148.48044445979872,146.4554448077454,146.85182189941406,3086000
2022-04-19,146.35202962752817,149.22150994516,146.35202962752817,148.9888458251953,3642000
2022-04-20,149.69546100606576,151.63429812842875,149.69546100606576,151.2034454345703,4197600
2022-04-21,151.45332028448522,152.72865360800893,150.4968268661322,150.66055297851562,3701300
2022-04-22,150.7898128210813,151.03108924941972,148.1616090674889,148.34255981445312,5864000
2022-04-25,149.25594384034784,149.86774708865164,147.3515698135247,149.712646484375,7369900
2022-04-26,149.9108522492873,151.10000961342476,148.84233308523787,149.33351135253906,7386600
2022-04-27,149.43694393472512,152.25472418088802,149.23875538089987,150.669189453125,5180300
2022-04-28,150.39344684730062,153.05611345620014,149.78164335845537,152.9527130126953,5235800
2022-04-29,152.87511079316593,152.87511079316593,147.70487999543724,147.96339416503906,6505600
2022-05-02,149.07500191689908,149.471392100434,142.41402429897707,144.55966186523438,7692100
2022-05-03,145.74882933960893,145.89531765817972,143.54286594464787,144.75787353515625,5564900
2022-05-04,144.4304423348496,150.0401397442874,144.4304423348496,149.81610107421875,6231500
2022-05-05,149.16118528439685,149.35076149287178,145.69712646876613,146.82595825195312,6534300
2022-05-06,145.83503738663475,147.17929580601756,145.38694686397986,146.84323120117188,5824600
2022-05-09,146.19694544535417,148.9802502842967,145.4214026743197,147.95481872558594,7269100
2022-05-10,149.17842021242436,150.40204018425027,147.1361828194885,147.7738494873047,5936700
2022-05-11,147.1965002661874,148.5666084873476,146.42095763544432,147.05862426757812,5376900
2022-05-12,147.56704957512687,148.20471630386035,144.90438304794168,146.8345947265625,6473500
2022-05-13,147.09311106442323,150.07461757259753,146.02460476961045,149.69546508789062,4714600
2022-05-16,149.68684868567763,151.91866248420502,149.43694676003452,151.2034454345703,5317200
2022-05-17,151.06558691686118,151.38441373970466,148.71313461748005,150.33314514160156,5012200
2022-05-18,149.6696273296247,149.8247280051246,140.38905560333043,141.01809692382812,8875400
2022-05-19,140.0271257637559,140.26840222087773,137.58849793416354,138.9069061279297,6423800
2022-05-20,139.80308704826072,140.509678629996,137.54540998799072,139.77723693847656,5768800
2022-05-23,141.50064013357155,143.86170435786926,140.94914924009544,142.6984100341797,4657800
2022-05-24,143.06034718709822,144.99055904337243,142.31927994982664,144.61141967773438,6327600
2022-05-25,144.63723500223108,146.05043112078118,143.87031783695537,145.6023406982422,5781000
2022-05-26,145.59371530722277,147.42913842869896,145.59371530722277,146.5846710205078,5193800
2022-05-27,147.57562813314507,148.0495686238711,146.66222272297014,148.01510620117188,6713500
2022-05-31,147.3343601883507,147.3343601883507,142.50019320252667,144.55105590820312,13610000
2022-06-01,144.92160306424415,145.09395465740462,141.16458026722717,143.46533203125,5613900
2022-06-02,143.70826268398642,144.6887665079269,141.13119633825585,144.62802124023438,4677300
2022-06-03,143.91654755971447,144.54996408240928,142.61499914210222,143.04017639160156,4222000
2022-06-06,144.43711884859488,145.4436391905132,142.9359906955054,143.63882446289062,3447800
2022-06-07,143.7603161607701,144.78420752511855,142.4934834564448,144.52389526367188,4168300
2022-06-08,143.81239639866936,144.74082718156413,143.26574194629052,143.8037109375,2646800
2022-06-09,143.33514500340158,144.84493221123887,141.1485406540827,141.24398803710938,3522900
2022-06-10,139.67348152580314,142.23319042265868,138.35457559886817,141.01841735839844,5203300
2022-06-13,139.29166201501647,141.32207366076722,138.01614395139677,138.60618591308594,6300700
2022-06-14,138.8317936408027,138.87518122432178,134.37182279969318,135.46511840820312,6159200
2022-06-15,137.02698964844032,138.69296971601628,135.3002643110932,136.9141845703125,5940100
2022-06-16,135.90764080943478,137.49553089295785,134.58873518311506,136.2547149658203,7207900
2022-06-17,136.2547623275528,137.95545806107143,135.50854071591226,136.28079223632812,9881800
2022-06-21,137.24392869094225,139.66481595287027,136.53242250229854,139.44789123535156,4449600
2022-06-22,139.11816103302743,141.42624319848335,138.45002919775672,140.59324645996094,4706500
2022-06-23,142.1116885880117,143.2917593210579,141.56503418342947,142.3893585205078,5810700
2022-06-24,143.7255950159678,144.20283189211952,142.25051004970507,144.15077209472656,5951500
2022-06-27,143.92520035203492,145.0185093488488,143.46532103243436,144.34170532226562,4595800
2022-06-28,145.0358530734667,146.16386419219026,142.1724575475198,142.311279296875,4372900
2022-06-29,144.0900454315814,145.39159349448022,143.47398676289362,144.67140197753906,3653600
2022-06-30,145.01849145507967,145.40895323146285,143.71694337378128,144.6106719970703,6295100
2022-07-01,144.68011079333206,147.0923125334267,143.82975638881305,146.97950744628906,3918700
2022-07-05,146.3200484837791,146.97949478555034,143.45663988182017,146.64976501464844,4971600
2022-07-06,147.5088091127242,149.20081927512803,147.05760198940513,148.11619567871094,4209100
2022-07-07,147.09228799969355,148.41118049686483,146.97081071074274,147.82115173339844,5150200
2022-07-08,148.00337721852816,149.8515664913156,147.98601953689666,149.1400604248047,3482900
2022-07-11,148.7322650247639,149.93836591262678,147.526164136901,147.9166259765625,4921300
2022-07-12,150.11188149241218,150.38955144345167,146.52828147199696,147.07493591308594,5201600
2022-07-13,146.24194459561258,148.75827896790761,145.7560354037301,147.59556579589844,4533100
2022-07-14,146.0250190674167,148.51532352160433,145.51307997461691,148.359130859375,4218300
2022-07-15,148.6715314203949,150.04249731797023,147.52617571813846,148.4806365966797,4659100
2022-07-18,148.50664188107004,148.5847448342103,145.6432464801989,145.99899291992188,3479700
2022-07-19,147.72571693698694,148.1595663259355,146.320049153604,147.56085205078125,4201600
2022-07-20,147.55218116079058,148.0033882365775,145.3048444833669,145.99899291992188,3460700
2022-07-21,145.76474847063386,146.99687936626322,145.3916310447548,146.2159423828125,3088300
2022-07-22,146.76256018325884,148.00337623101365,146.19856131429952,147.17037963867188,3757800
2022-07-25,147.77776558506866,148.25500252487765,146.67578451315185,147.37863159179688,3357200
2022-07-26,148.00338401508048,149.2355146668641,146.84934307417706,149.0966796875,3732100
2022-07-27,147.9339518770408,149.20078452820803,146.6931358868918,148.88841247558594,4479000
2022-07-28,149.13141390114515,151.95143548110883,148.5413849719389,151.70848083496094,3134200
2022-07-29,150.68458043739088,152.26378540684516,150.4502980485039,151.81259155273438,4215500
2022-08-01,151.45681967490097,154.18139322415644,151.45681967490097,153.53929138183594,4034600
2022-08-02,153.53060611306174,153.71281542091674,152.03816332858057,152.27244567871094,3781100
2022-08-03,151.91673797693858,153.6347782384772,151.18787401629012,153.43521118164062,4401300
2022-08-04,153.07937919256588,153.35704908847853,151.48281701115627,152.60214233398438,3822500
2022-08-05,151.31801314062992,151.58699768566706,149.59128753469818,151.45684814453125,3295600
2022-08-08,152.53276607704453,152.68895874570876,150.3895622239732,150.8494415283203,2846100
2022-08-09,151.6650789940148,152.0468686135395,150.94490058631516,151.4134521484375,3228800
2022-08-10,152.55011301806366,153.08808199884405,151.60432457119745,152.6629180908203,4041100
2022-08-11,153.0273572694507,153.68680357540393,151.56094421381286,151.88198852539062,2743800
2022-08-12,152.65423237939194,153.91240613952522,152.17700866627325,153.8690185546875,3756200
2022-08-15,154.2507996435433,155.63043738138145,153.40913085605007,155.56101989746094,3043100
2022-08-16,155.9948904300964,156.79317174356274,155.005714319928,156.4634552001953,3395700
2022-08-17,156.27257409645546,157.11424307201816,155.94284428416327,156.37669372558594,2666200
2022-08-18,156.8972973059921,156.99273145987124,156.13371815469947,156.53285217285156,3010600
2022-08-19,155.97752280497642,157.06214624436356,155.5957464759392,156.33328247070312,3704000
2022-08-22,156.30726394527784,156.59360614292333,154.4677466949854,154.84085083007812,3385000
2022-08-23,154.2941844028837,155.19658519727665,153.83429192532103,154.7714080810547,2575000
2022-08-24,154.77140412580016,155.751907838137,154.54580724297492,155.5436553955078,3340600
2022-08-25,155.34413092323368,155.6218009227242,153.92110527593064,155.55238342285156,3401800
2022-08-26,156.15107817140307,156.16842261416812,151.56094421381286,151.88198852539062,5246600
2022-08-29,151.45682970757798,152.09891835239898,150.29411648152035,151.40476989746094,4184500
2022-08-30,151.27459580927365,151.578295665602,149.53052610073033,150.10321044921875,4026300
2022-08-31,150.81475091056623,151.33537557150396,149.4177550850863,149.47850036621094,5597900
2022-09-01,149.30373483599882,151.1032043687979,148.70974087834085,150.98965454101562,4846100
2022-09-02,151.749629245779,152.84154172116655,148.40400782171042,149.07662963867188,5801500
2022-09-06,149.356172833433,150.76255682822958,147.74015014510894,148.07208251953125,4900100
2022-09-07,149.04169251910622,151.80205066964933,148.4389546533662,151.33908081054688,6074600
2022-09-08,150.92853208303853,151.49632132573112,148.98929416296383,150.8324432373047,3888100
2022-09-09,150.8149629263795,152.4746780751918,149.95890718040926,151.31288146972656,3662000
2022-09-12,151.31289675288318,152.3786046240628,150.90233650764125,151.90689086914062,5953300
2022-09-13,150.68393571566463,150.97220223564545,145.83584120509755,146.2376708984375,6926200
2022-09-14,146.85790160784796,147.79258537482204,146.37747063276365,147.34707641601562,5156900
2022-09-15,147.2160336245184,147.24223846243243,144.42947034155438,144.90118408203125,5461000
2022-09-16,145.32044818035328,146.02800533236083,144.35082936822928,145.85330200195312,12012600
2022-09-19,145.93193812647993,147.46061581984435,145.4427633972452,147.39073181152344,3720900
2022-09-20,146.38617453489502,147.75760984935508,145.7572318018269,147.55670166015625,3872000
2022-09-21,148.39530620341463,150.2733906950201,147.05006230765892,147.13742065429688,5134500
2022-09-22,147.1024744658857,148.4040392102819,146.79674690551934,147.27719116210938,4290600
2022-09-23,147.09372747540013,147.40819883273707,145.46896101732776,147.20729064941406,4565100
2022-09-26,147.0412988348095,148.50882276038857,146.34247220543452,147.1461181640625,5326400
2022-09-27,146.96270641948252,148.50011457190047,144.34211616233134,145.0147247314453,5400700
2022-09-28,145.8008946200164,148.1681534415,144.3421011282918,147.3383026123047,5480900
2022-09-29,147.4518973666956,147.7488944295708,144.13248000975918,145.5388641357422,5167700
2022-09-30,146.4822792298681,146.96272349864924,142.3941510225275,142.61253356933594,5971900
2022-10-03,142.8396420346477,144.73520070373584,142.40287699580682,144.35084533691406,5093400
2022-10-04,146.22020381828347,147.39073096062504,144.6129116232164,145.97561645507812,4596800
2022-10-05,145.8533219680308,145.95814131482237,143.02307964355478,145.00599670410156,3538600
2022-10-06,144.82255519077546,145.02347671867793,141.9486469119089,142.21070861816406,4623400
2022-10-07,141.77392620643784,142.39412506205554,140.62086017158344,141.1711883544922,4779200
2022-10-10,141.50314329038318,142.42033921657185,140.80431655646836,141.35464477539062,4839200
2022-10-11,141.72155511922782,143.49482049244804,141.12754760740745,142.02728271484375,5222600
2022-10-12,147.3907368060356,149.1115922483429,145.5301266713624,147.96726989746094,9795300
2022-10-13,145.96687839667396,152.90269587856122,145.72229104612936,152.52708435058594,8412700
2022-10-14,153.7238096256068,153.96839696558308,148.4913733214604,148.66607666015625,5937900
2022-10-17,150.48302555988624,151.63607829567616,149.43479216489246,150.8848419189453,6401800
2022-10-18,152.71052733748857,154.53620191431648,151.47884678739467,152.920166015625,4547400
2022-10-19,152.71057126621997,153.6015625626236,150.53547605179236,151.43521118164062,5200200
2022-10-20,152.16894620693301,152.30871422690416,149.469741300174,149.77548217773438,4314000
2022-10-21,149.5483596021548,151.7234544826507,149.00677517230943,151.17312622070312,5071500
2022-10-24,152.701789491272,155.4708782152722,152.5794958145626,155.2088165283203,5316500
2022-10-25,155.59317513577105,156.24832270230365,154.27414950026278,155.72421264648438,5220000
2022-10-26,156.58897890847325,158.0215675378664,155.7678719263046,156.4230194091797,5136000
2022-10-27,157.55860072077851,158.04777538467846,155.986257395103,156.25704956054688,5424100
2022-10-28,156.9733802211254,159.79487914189409,156.78120250352373,159.18341064453125,6715300
2022-10-31,158.2661805409779,159.8385374207665,157.70712179805437,158.6156005859375,4877200
2022-11-01,158.05653433720514,159.69003131665755,157.139325090134,157.8992919921875,4084500
2022-11-02,157.91675846830321,160.36264522912109,155.63684454657454,155.697998046875,4970600
2022-11-03,154.42267338108638,156.27455320805515,154.20429082303767,155.29620361328125,3753800
2022-11-04,155.4184566568313,157.05195349844612,154.20425048486425,156.16969299316406,3922400
2022-11-07,156.81613110223756,157.77700623822574,156.2133931859204,157.4188690185547,3246100
2022-11-08,157.61977972805244,159.07857345435426,156.18719083948562,157.8556365966797,3724700
2022-11-09,157.19174791423234,158.17011074650551,155.83777351517588,155.96881103515625,4723600
2022-11-10,159.55026411997176,159.7861209741969,155.9775292841305,158.7204132080078,6704100
2022-11-11,158.22250235397124,158.7116770497382,153.252114232677,155.5320281982422,7390500
2022-11-14,156.0736331990542,156.51912878538192,154.1780743378382,154.3789825439453,5633000
2022-11-15,155.52328478403217,156.09981781802176,153.23464031026907,154.78079223632812,5153600
2022-11-16,155.75043700607796,156.91223376917458,155.24378789163643,155.77664184570312,4701100
2022-11-17,155.04285150300137,157.37517510889035,154.99042850426457,157.26161193847656,3920300
2022-11-18,157.41886733679019,158.84271235551827,157.25289448288044,158.397216796875,4498100
2022-11-21,159.21832699090226,161.71662348346416,159.06108464978433,161.44583129882812,4397600
2022-11-22,162.31062788678906,163.01818514446924,161.05274239357468,161.4633026123047,4109600
2022-11-23,161.6030743640062,162.54648850572076,161.16630929815753,161.67295837402344,2511000
2022-11-25,161.23619805769536,161.603079124334,160.6771392901014,160.8256378173828,1837000
2022-11-28,161.0789336311649,162.0310915023703,160.30149243071975,160.63343811035156,6411400
2022-11-29,160.1180760286644,160.22289537933005,158.12642839194487,159.49786376953125,4375400
2022-11-30,158.8951094786339,162.2145263075966,157.4450597374066,162.04855346679688,7915600
2022-12-01,163.033006366288,163.7801438133333,161.87276116592273,163.4021759033203,4683300
2022-12-02,161.73215923900807,163.76259887481353,161.59151935988254,163.21763610839844,3547700
2022-12-05,161.2311147723827,161.67940265517115,160.25546093844423,160.95863342285156,4083200
2022-12-06,161.51238744301583,161.98703019047983,158.83149887377562,159.64895629882812,5835100
2022-12-07,159.80713686533161,160.3696827727552,158.82268488037846,160.13235473632812,4241700
2022-12-08,159.80719783552308,161.71458099015737,159.32375661841357,161.53878784179688,3800800
2022-12-09,161.91670714293457,161.91670714293457,160.89708841215497,160.9410400390625,3116100
2022-12-12,161.89031229394143,161.89031229394143,160.2905778191792,161.7057342529297,4691400
2022-12-13,163.91201000978873,164.22844300528115,160.80043006424341,161.6178741455078,5634900
2022-12-14,161.79368247616864,163.3846324333876,160.08846094893195,161.1696014404297,5392500
2022-12-15,159.95658872039257,160.59825302329918,156.80105744657365,158.4359588623047,6127800
2022-12-16,158.28653072646756,159.26219789622718,156.88015904337382,158.5150604248047,15708100
2022-12-19,158.97212160076776,161.26625702599532,158.5238471980096,159.39402770996094,4447800
2022-12-20,159.81597109382056,160.19392563278763,158.7787688808348,159.29736328125,3249000
2022-12-21,159.57860805419313,161.45082382757778,159.4467531834053,160.41363525390625,4236900
2022-12-22,159.85113404486862,160.01814221394454,157.26693343573962,159.17431640625,4304700
2022-12-23,159.0160690791877,160.45759387580006,158.61173290148346,160.2026824951172,2197800
2022-12-27,161.09926618511992,161.38933085762505,160.21150224477745,160.91468811035156,3045000
2022-12-28,161.82004641373342,162.20678592460843,159.6577520768595,159.7544403076172,2694300
2022-12-29,159.90383689925528,160.73007919580553,159.87746860571886,159.95657348632812,2549200
2022-12-30,159.42922218141337,159.93903163283878,157.59214579901908,158.79635620117188,3136200
2023-01-03,158.73480529991136,158.87544515077377,155.20131957903536,157.69761657714844,5137400
2023-01-04,157.69763549855853,158.69087271058157,156.06273391954323,157.31088256835938,4771300
2023-01-05,156.42311304906127,157.1350839127233,155.45623075757237,155.6671905517578,3647100
2023-01-06,157.1702209415882,159.82474107596542,157.16143598062936,159.18309020996094,3713200
2023-01-09,158.60298664695335,160.6510095038481,157.1702464609343,157.6273193359375,3319200
2023-01-10,157.1526296461989,157.80307885236476,155.658368217489,156.32640075683594,3817300
2023-01-11,157.6800257835319,157.9613054719505,154.41900813321683,156.502197265625,4369900
2023-01-12,156.1594123015166,156.78347988048031,154.10260466118987,154.50692749023438,4246600
2023-01-13,154.17288350154342,154.4629481288234,153.09174328142922,154.03225708007812,4720400
2023-01-17,154.83212612142407,156.06270461481776,154.2520102472128,154.75302124023438,5032600
2023-01-18,154.0322854279302,154.471774929755,150.59547430474305,150.85037231445312,5032600
2023-01-19,150.5515061207779,151.33379681153625,148.9693414057178,149.1011962890625,4720400
2023-01-20,148.50348076841246,149.32972307087545,147.19381080621991,149.32093811035156,5779100
2023-01-23,149.43519901523,150.0944331948824,148.30132212757553,148.6529083251953,5440400
2023-01-24,149.0835992077226,150.19110770005852,148.06398055069133,150.03289794921875,4125600
2023-01-25,149.7252902791501,151.1668154050851,148.84631121669813,151.12286376953125,3852800
2023-01-26,150.86796062863195,150.8943289266392,149.4615888115197,149.61981201171875,4558400
2023-01-27,149.2242621181411,149.62858492981118,148.17827500752853,149.0924072265625,5451400
2023-01-30,149.2330567396349,150.70974846554708,148.67051070408633,148.9693603515625,5191500
2023-01-31,149.60221361602896,150.3669344177255,148.82872126542054,150.32298278808594,4665500
2023-02-01,150.19993864600963,151.46567057583752,148.99572827302188,150.79763793945312,4147700
2023-02-02,148.95175006432362,149.91861867570879,148.11670949301816,149.4000244140625,5653800
2023-02-03,150.27023970584602,150.5602909421978,146.83342896367463,148.6529083251953,5308200
2023-02-06,149.19790608158243,151.5184101951991,149.06605117916953,151.02618408203125,5640000
2023-02-07,149.6813308329861,151.21075915022072,148.77598351887553,150.79763793945312,6044700
2023-02-08,150.30542031116303,150.59548501245033,149.63740104926742,150.44606018066406,5687300
2023-02-09,154.10259387207364,155.13099762023583,151.2195306158013,151.86997985839844,9619400
2023-02-10,152.16879670067763,155.21885403199195,151.7556756157687,154.8760528564453,6176000
2023-02-13,154.92882148777767,156.66041105412808,154.7354450500626,156.25608825683594,5205100
2023-02-14,155.6671667014851,155.79900817005395,153.63671420045065,154.4981231689453,5203000
2023-02-15,153.82131204090234,154.74424259557856,153.4609274623467,154.70907592773438,4125500
2023-02-16,153.5927881433922,155.49137250183404,153.41698162184645,154.26959228515625,4973200
2023-02-17,153.96197414412043,155.0694829225367,153.67190944716847,154.94642639160156,3952100
2023-02-21,154.33114113220103,155.9396743815197,153.53126698854453,154.8585205078125,5797300
2023-02-22,155.3331789281474,155.95724654339924,154.4981515123304,154.8057861328125,5299500
2023-02-23,155.2804110321508,155.5704756699029,153.81251792266826,154.97276306152344,3801400
2023-02-24,154.22565638785423,154.99036380189915,153.19723918752206,154.66514587402344,2959100
2023-02-27,155.5529468658025,155.79905996371755,154.39268790806764,154.62123107910156,3208500
2023-02-28,153.71581680812307,153.8740265542615,152.2391254500707,152.52919006347656,4317100
2023-03-01,151.4656682847972,151.58872480877162,148.6529247445445,150.59547424316406,5359100
2023-03-02,150.8874971216172,153.76348317195746,150.24151018955249,153.37413024902344,4476300
2023-03-03,153.09094617537977,153.4891569186308,151.6131334598018,153.2236785888672,3627100
2023-03-06,152.4007065815486,153.67499172841858,152.4007065815486,153.5334014892578,3611400
2023-03-07,153.68383459869585,154.20593341001737,152.0909781802004,152.77236938476562,4094900
2023-03-08,152.80777135294971,153.4095231562354,152.0113498369305,153.18829345703125,2920200
2023-03-09,153.6395825105422,154.294427218656,151.49808084708414,152.02903747558594,4042100
2023-03-10,152.67504914969197,154.18826633472162,151.2857335671843,152.2325897216797,4129900
2023-03-13,152.87853951153778,156.83412691582453,152.745807116543,153.71922302246094,8265100
2023-03-14,152.63962704307804,153.80771267210304,151.8255034827788,153.5599365234375,6480800
2023-03-15,153.5599837784763,156.3297844032233,153.2591145771941,156.30323791503906,7099800
2023-03-16,156.28548823569713,156.63060597994823,155.14394908249346,156.19699096679688,4734400
2023-03-17,156.19699343215197,156.35628581812918,154.1793798950253,154.97581481933594,8854600
2023-03-20,156.18815181082022,157.23234940391131,155.31207742974456,157.1527099609375,4367000
2023-03-21,157.21468530950466,157.6659890596401,155.99349298199814,157.52439880371094,3812000
2023-03-22,157.3739344286756,158.72785892556743,156.11735152645912,156.19699096679688,4380800
2023-03-23,155.79876346298244,156.82527225927515,154.87845407847632,155.43594360351562,4655600
2023-03-24,156.2146825203572,158.70130167593487,156.09079445397637,158.48007202148438,3713800
2023-03-27,158.91368484400658,159.86054073072856,158.67475303966924,158.83404541015625,4078600
2023-03-28,158.69247631232693,159.6924387908166,158.69247631232693,158.7809600830078,2850000
2023-03-29,159.86053271127378,160.09062017901408,159.2764967228834,159.87823486328125,4496000
2023-03-30,160.17028624468657,160.4623110388374,159.3561626531697,160.0198516845703,2743000
2023-03-31,161.19680588242352,161.48883069594976,160.45347735860514,161.32069396972656,4479800
2023-04-03,160.9666935668059,161.72772412952546,159.63931562039645,161.49765014648438,3902300
2023-04-04,161.214481379681,162.25869246126894,160.25878107149907,160.92247009277344,3306400
2023-04-05,162.1613367468684,163.67455352485922,161.99320004900423,162.50645446777344,3826300
2023-04-06,162.2056040401131,163.47988915707288,162.02862299671048,163.14361572265625,3389700
2023-04-10,162.67462964694934,162.73656694341125,160.78090389659172,162.11712646484375,2408100
2023-04-11,162.31178307157634,162.71885160662183,161.72773350064531,161.86932373046875,3586700
2023-04-12,161.66579448076823,162.63035259337065,161.27642810432278,161.55075073242188,3620900
2023-04-13,161.60386546117775,163.3648587181205,161.15256173829806,163.1613311767578,4303600
2023-04-14,162.24101439445343,162.842766217867,161.86935010769344,162.39144897460938,2572900
2023-04-17,162.993177342019,163.4887296530518,162.3648791244532,163.22325134277344,3224400
2023-04-18,163.5064315747104,163.90464228816631,162.59496639619147,163.5595245361328,2438600
2023-04-19,163.922365542363,163.99316066763464,163.05513538487773,163.4622039794922,2209900
2023-04-20,163.56838383873523,164.63028367277647,163.00203636039396,164.0019989013672,3868200
2023-04-21,164.58605421237607,164.93117200791175,163.8250234962218,164.0727996826172,3781800
2023-04-24,165.03733875038168,165.0992895411704,163.72766284563644,164.1524200439453,3540200
2023-04-25,165.09044273325662,168.29384434351348,164.80727574974333,167.87794494628906,6231600
2023-04-26,166.78946685479016,167.62129256360961,166.24966592690436,166.84255981445312,4481700
2023-04-27,166.523978483016,168.09028821228654,165.931084631323,167.86021423339844,4574500
2023-04-28,168.04604482347455,169.56810596892285,167.81597083740888,168.922119140625,4608900
2023-05-01,168.53275440145072,170.1964057864107,168.38231985109815,169.62120056152344,3137800
2023-05-02,169.3380484818378,170.3468552925497,167.91332878837042,170.12562561035156,3712200
2023-05-03,170.41763522962495,171.01052910476366,169.70969760909955,170.06365966796875,3389600
2023-05-04,170.86010152760448,171.6299764635973,170.04597795675045,171.12557983398438,4267600
2023-05-05,170.6300327975845,172.09898759969636,170.2495107293762,171.9131622314453,4146500
2023-05-08,171.14327993483758,171.67423658311725,170.47959087588225,171.0990447998047,2249900
2023-05-09,171.5503500500092,172.2671320797158,170.53269888485835,171.79812622070312,3087600
2023-05-10,171.77157199663347,173.07240358554276,170.49728688890292,171.9131622314453,4352900
2023-05-11,171.92201938220865,173.01932352967253,170.78932442479584,172.8600311279297,3690200
2023-05-12,172.86004209844404,173.6387749946333,172.5149242926856,173.55027770996094,2741000
2023-05-15,173.94847797280454,174.22280061350997,171.67423039804885,171.9131622314453,2946400
2023-05-16,172.09899772656007,172.09899772656007,170.38225316111468,171.16983032226562,5803100
2023-05-17,171.06365278355713,171.3114289698195,168.8779022454079,169.95750427246094,4878800
2023-05-18,169.30267329329706,169.64779108925418,168.49739393513397,169.51504516601562,3709400
2023-05-19,170.31144559813885,170.66540764928834,169.10795572032913,169.76278686523438,3883000
2023-05-22,169.18762275078575,169.36460380522598,164.95771208655663,165.16123962402344,5787000
2023-05-23,165.02849406955414,165.15238214807738,163.34714042926677,164.65682983398438,6382300
2023-05-24,164.8337865574868,165.24969936748394,163.15243316523848,163.6125946044922,3721000
2023-05-25,161.6746552489516,163.01973554907156,161.01096617690928,162.6480712890625,4712700
2023-05-26,162.56842815685326,163.0462783366673,161.40917326161525,162.45338439941406,4449300
2023-05-30,161.10832430891043,162.01978964779872,159.90483412803025,160.71011352539062,4331800
2023-05-31,161.8162328720075,163.37368491193436,160.57735210192794,161.36492919921875,20414600
2023-06-01,162.55454341372487,162.7951443438323,161.11096502730808,162.34959411621094,5277400
2023-06-02,162.1981216024588,164.22091000721383,161.91296290743088,164.01596069335938,4288300
2023-06-05,163.8288345092618,165.89618062583511,163.61496549149985,164.13180541992188,4311700
2023-06-06,164.8357546040519,164.9605081210257,160.78124490673343,161.78819274902344,3975600
2023-06-07,161.03075942938526,161.94859175454332,160.13073932232382,160.49609375,5162700
2023-06-08,160.1307597859545,162.4476265632199,159.80105694656385,162.2694091796875,4036100
2023-06-09,161.92186849799094,162.9198966493475,161.28918119675427,162.49217224121094,3200100
2023-06-12,162.61693087968152,162.83078629192556,161.01294730228017,162.09117126464844,4207100
2023-06-13,162.29614539359832,162.34960925035853,161.3604871089491,161.7703857421875,2838700
2023-06-14,162.18028396492602,163.65059428730092,161.68126988211066,163.22286987304688,3559300
2023-06-15,164.1941605866868,165.8961656738839,163.53475496963605,165.48626708984375,4326100
2023-06-16,165.8694652303402,167.16155838161984,165.47737879058838,165.7803497314453,8925700
2023-06-20,166.2259176009618,167.41108315652667,165.06749757558518,165.12986755371094,4154800
2023-06-21,165.49518212450775,166.52886194393523,164.1317994787737,165.23675537109375,3832400
2023-06-22,166.3951860777828,167.15262691213115,165.6288391337425,166.9476776123047,3185800
2023-06-23,167.52688521933717,167.52688521933717,165.700126570661,165.80706787109375,7592600
2023-06-26,165.88725552668598,166.12784284737424,164.06940307658442,164.75555419921875,3706100
2023-06-27,164.55949611640105,166.28823293011095,163.92682249722594,165.94070434570312,5763000
2023-06-28,165.96745344677944,166.4040975481237,163.40999958903822,163.6951446533203,5193900
2023-06-29,163.29417785683225,163.86448167217478,161.63673026894378,163.85557556152344,5770400
2023-06-30,163.99811601146087,165.31695442859075,163.85555027746076,165.04962158203125,7635100
2023-07-03,164.22982650672333,165.4238979253202,163.49021145269592,165.3882598876953,2389000
2023-07-05,164.85361032939372,166.3595725128062,164.82687839927175,166.2615509033203,5277100
2023-07-06,165.5753657100926,166.41300227458981,164.75555496106278,166.2793426513672,5592100
2023-07-07,165.58428977067572,165.6377536213707,163.0981119364507,163.14266967773438,6309900
2023-07-10,164.0248480897994,165.6644694718788,163.76642137369802,164.22979736328125,5508800
2023-07-11,164.30110470900857,164.61298170707656,162.55454185079554,163.9446563720703,3914300
2023-07-12,163.94465907119869,164.50605671292297,163.05355860985296,163.22286987304688,6080100
2023-07-13,165.56646280564263,167.58034488481985,163.3030600964313,167.10806274414062,8223100
2023-07-14,167.40215964340777,168.08831091417224,166.71600837264327,167.71405029296875,4467600
2023-07-17,166.04766703868214,166.64470275328966,165.22785619487263,165.4149932861328,5637400
2023-07-18,165.24565863727756,166.47538152759657,163.80208035532942,164.36346435546875,5684100
2023-07-19,164.85358246902223,166.27934862111331,164.33674257881705,165.9763641357422,4140800
2023-07-20,167.08134957659482,169.3001947939334,166.46648803461454,168.68533325195312,5056500
2023-07-21,169.40710241555763,170.61899953797814,168.68531324652653,169.45166015625,15022100
2023-07-24,169.83485668503195,170.58337791071418,169.4338641424962,170.12892150878906,4225800
2023-07-25,169.6744381359236,171.10019068243028,169.36254754290863,170.52098083496094,3521600
2023-07-26,170.30711002564917,171.4299052708882,169.3625457443051,170.73484802246094,3898900
2023-07-27,171.09129584536507,171.34970900740112,167.88332860941867,167.99917602539062,4141800
2023-07-28,169.43384170119322,170.52989146485143,169.12195109991058,169.5853271484375,5602300
2023-07-31,168.81898130622264,168.94373482812634,166.5021282427087,167.0457000732422,5687700
2023-08-01,167.07243853858876,168.0615606427935,166.10112865455733,166.47540283203125,2853900
2023-08-02,166.27045229229822,169.28237657358557,166.10114100825677,167.8031463623047,4285900
2023-08-03,167.67837980399676,168.61403805037634,166.6090619211835,166.7427215576172,2857400
2023-08-04,166.74274085872952,167.53581985330536,164.27440197277048,164.49717712402344,4651100
2023-08-07,165.10309320916355,166.82292417858923,164.94270165194058,166.5377655029297,3323400
2023-08-08,166.81401630525215,167.06352336559678,163.9892292600458,164.35458374023438,5017900
2023-08-09,163.85555448567106,164.85358263487063,162.74167892732734,163.9446563720703,4413100
2023-08-10,164.15851859780042,165.3793218082742,163.54365713943784,163.7397003173828,3727200
2023-08-11,163.96250038864147,164.2120074536376,163.32090690804714,163.99813842773438,2873800
2023-08-14,164.31002204763325,164.72884037396207,163.18724030305165,163.62387084960938,3385600
2023-08-15,163.20505958286117,163.48131217373492,161.40504626962365,161.60108947753906,3331800
2023-08-16,161.8238469906292,163.02682443861042,161.244623540463,161.476318359375,2633700
2023-08-17,161.47632222111756,161.65453959577167,158.90104240559074,159.01687622070312,4503000
2023-08-18,159.02581155913418,159.99710790402037,157.96539971960422,158.7762908935547,6020300
2023-08-21,158.37528996521397,158.58025287260494,157.03863919911592,157.76934814453125,4284100
2023-08-22,156.99408492103746,157.56440231373034,156.21883181065746,156.5663604736328,3489300
2023-08-23,157.94754060815168,158.86537290163173,157.1633679313483,158.72279357910156,4042700
2023-08-24,158.6247926474763,160.79017389935956,157.81390153887202,157.8851776123047,5709800
2023-08-25,158.66935883396036,160.13968287263867,158.47331562880325,159.88125610351562,4710700
2023-08-28,161.1287833719247,161.44956646770777,159.80994496939914,160.620849609375,3189800
2023-08-29,160.66545298401707,161.48526396602594,159.5248452179945,161.22683715820312,4368600
2023-08-30,161.6990961601671,162.41196565358769,161.03967692192762,161.3604736328125,3153400
2023-08-31,160.9342515188767,161.1944963558574,159.60614842126157,159.6599884033203,5566700
2023-09-01,160.38683204927761,160.4586232457624,156.71659442040516,157.32681274414062,4801400
2023-09-05,157.28193873705314,157.82933461933848,155.82819099644348,156.28585815429688,5081800
2023-09-06,156.96785039560095,157.03067282476627,155.67563629682397,156.79734802246094,5933800
2023-09-07,157.80238682574546,158.88819594159892,157.22807105805595,158.29592895507812,4934300
2023-09-08,157.76651008652166,158.96898178149604,157.5870389472788,158.17930603027344,2995000
2023-09-11,158.68181684301194,161.01496883500582,158.68181684301194,160.5662841796875,4512700
2023-09-12,160.395824807045,160.55734473993022,159.5522953101425,159.97406005859375,3331100
2023-09-13,160.0279087245087,161.6521453707497,159.92022876340567,161.23934936523438,3781400
2023-09-14,161.47264854720208,163.04304496336096,160.92525267728735,162.6302490234375,4118300
2023-09-15,162.79179592675004,163.1597206891333,161.1765281710916,161.38291931152344,11661200
2023-09-18,162.42385730063882,162.42385730063882,160.1176114283156,160.97012329101562,3182600
2023-09-19,160.50349435845462,160.7457879348485,159.10360025977113,160.0189208984375,3369300
2023-09-20,160.7098784961889,161.0060120338336,159.33690444432614,160.07275390625,3695800
2023-09-21,159.82147605787065,160.02786716063642,157.15628817061946,157.38063049316406,5351000
2023-09-22,156.98580310400257,158.28698597951094,156.47429597973797,157.2819366455078,4542300
2023-09-25,156.75248661449467,157.43449614969163,155.40643245957975,156.43841552734375,3553600
2023-09-26,155.24491196080476,155.89101904820205,154.0244889838067,154.81417846679688,5213700
2023-09-27,154.62571447099427,154.96671921442112,151.6823440229719,152.16693115234375,5729900
2023-09-28,152.48995768319497,152.7143000068808,150.91956141739425,152.10409545898438,4841600
2023-09-29,153.01045587539917,153.3065894290682,150.7939522980829,152.05027770996094,5194200
2023-10-02,151.72723868743563,152.09516347351266,150.14787327617844,151.80799865722656,3838800
2023-10-03,151.52978225239505,152.55278271820637,149.88759477176677,150.48883056640625,4873400
2023-10-04,151.1618805434106,151.77209888734845,149.91453756032934,151.57467651367188,4134000
2023-10-05,151.44899695694068,151.4848856985209,143.46240321782034,143.66880798339844,10556400
2023-10-06,142.48431729723157,144.40468733372705,139.83708021176304,143.83934020996094,12774700
2023-10-09,143.57907681111357,144.85333947468007,142.35865411050838,144.79949951171875,7244500
2023-10-10,147.39291167499744,148.2274585749659,145.4007506774846,147.5275115966797,11456400
2023-10-11,148.07491860025291,148.4607945594593,145.0148993768201,145.93020629882812,7371500
2023-10-12,145.91225319381527,145.95711070445776,141.27284187790949,141.85614013671875,9024100
2023-10-13,142.3406971754739,143.79444458088548,141.73946145860538,143.57907104492188,6757100
2023-10-16,144.47648760640206,145.32898588167433,143.3996469590702,144.54827880859375,5605000
2023-10-17,143.57909527756783,145.0418116923943,142.82530831362527,143.91111755371094,6411300
2023-10-18,144.4944338721027,146.63016386974223,144.35982023782287,145.40077209472656,6650600
2023-10-19,145.28410628002825,146.01995579042645,143.94703458312907,144.08163452148438,6336800
2023-10-20,144.80846245905852,145.58020051363565,143.31884000347054,143.57907104492188,5486500
2023-10-23,143.22016069010348,145.01489947723374,142.73557354962696,143.65089416503906,5795800
2023-10-24,143.94704073017954,146.13662443940183,143.29195115481988,145.5443572998047,5265200
2023-10-25,145.41871368813287,146.71989657671173,144.89823779414726,145.68792724609375,4534600
2023-10-26,145.9840554699827,146.59427381587471,144.7456949407753,144.8444061279297,5147000
2023-10-27,145.39177741541067,145.499457349425,142.58300713254027,143.2380828857422,5078000
2023-10-30,144.7456886233843,145.89432037317394,144.24316394444764,145.62510681152344,4625900
2023-10-31,146.22632741985237,146.58528336219908,145.06872702611082,146.5224609375,5947400
2023-11-01,146.872424160113,148.45178911776793,146.05581485270272,147.9492645263672,6682500
2023-11-02,147.8326312328491,150.00426341061245,147.7698088059963,149.7081298828125,5413400
2023-11-03,151.36828431769104,151.48494673717593,149.58252773323778,149.67225646972656,4063300
2023-11-06,148.47873200103533,150.30935936792181,148.25438967362052,149.59146118164062,5784600
2023-11-07,149.6811952716588,150.49780458433278,149.07097705476156,150.02218627929688,4687200
2023-11-08,150.91059454626338,151.0631456851505,149.55557182360582,150.2106475830078,4926600
2023-11-09,150.38118137267296,150.63244373544595,148.7928335351088,149.10691833496094,5639300
2023-11-10,150.13886816237692,150.56063286467207,147.94031592893052,149.7888946533203,5552900
2023-11-13,149.86070318486398,151.4580197641073,149.3761296904031,150.5516815185547,5402300
2023-11-14,150.7131681169505,151.15288399436267,149.76195886922943,150.85675048828125,6238900
2023-11-15,151.38618938479104,151.4669493308391,149.20558868488504,150.0850067138672,5611200
2023-11-16,151.10802257166014,152.55278775635762,149.32225265617402,150.49781799316406,5386400
2023-11-17,150.80293896667771,150.98241011830868,148.75693771398798,149.64532470703125,5583100
2023-11-20,148.96332621800218,149.65430451696517,148.71206387161038,149.42996215820312,4886200
2023-11-21,149.95941090464558,150.6324379991803,148.89153905714036,150.57859802246094,3980000
2023-11-22,151.07213727654312,152.16692899147947,151.02726606997626,151.85284423828125,3235600
2023-11-24,151.61057897565527,152.57077094288385,151.61057897565527,151.9874725341797,1751700
2023-11-27,152.28358753686916,152.28358753686916,150.83882222579103,151.04522705078125,3664700
2023-11-28,151.0990821439494,152.33744275394724,150.77602857334736,151.52981567382812,4056100
2023-11-29,151.7451867267995,151.76312425786185,149.5466205149727,150.00428771972656,4722400
2023-11-30,150.19868492125246,152.23316231473314,149.03225728641735,152.16986083984375,7346700
2023-12-01,152.24218542507583,152.67621716295037,151.34702428472045,152.5315399169922,4897400
2023-12-04,152.26930887939264,153.64371510534312,152.0794320688568,152.9384307861328,5323300
2023-12-05,152.94746718176046,153.32724839531235,151.64541338156772,151.85337829589844,4553800
2023-12-06,151.88953459552502,152.196977174941,150.75926954567728,151.4645538330078,4726600
2023-12-07,151.90764104834602,152.1789074525117,150.73216249508303,151.41937255859375,4934800
2023-12-08,151.03958928765007,151.11192791426905,149.43914373919563,149.8098602294922,5115200
2023-12-11,151.4012528281019,152.02516128820784,150.51512897028886,151.74485778808594,6912600
2023-12-12,153.06502066538275,153.06502066538275,151.64541486627832,152.33261108398438,4515800
2023-12-13,152.39589141281314,155.56968450886467,152.016124011022,155.53350830078125,6082100
2023-12-14,155.20799779988008,155.49735228772957,151.8533787141107,152.13368225097656,7119300
2023-12-15,151.41031064695406,152.36877324806895,150.50609856330885,151.00341796875,17734600
2023-12-18,151.96188294800095,153.94210964972268,151.3741506033064,152.73046875,5439500
2023-12-19,151.85337434548114,152.65812252053664,151.28371633715412,151.86241149902344,4855900
2023-12-20,150.5603247882523,151.42837431925398,149.80079007186288,149.81887817382812,5157800
2023-12-21,150.55129185657523,151.09382455330862,149.54761602564423,150.9762725830078,4374000
2023-12-22,151.32891496106953,152.06132444491323,150.87680897872852,151.61825561523438,3030400
2023-12-26,151.5911542376481,153.19161353043876,151.22947491367796,152.6852569580078,2779200
2023-12-27,152.72143211672423,153.2549277902979,152.23316360889845,153.1735382080078,3502500
2023-12-28,153.1735421599558,153.30013131689392,152.54059637526504,153.1645050048828,2911100
2023-12-29,153.11928977656305,153.7793746128271,152.9655753590885,153.57139587402344,3291500
2024-01-02,153.2820121107748,156.41962865000838,152.98362051456527,156.3472900390625,5743100
2024-01-03,158.23712149798874,158.41796116312148,156.15743085600735,156.38348388671875,5588200
2024-01-04,155.17183144549324,156.90791693694254,154.24049413180714,155.0452423095703,6283200
2024-01-05,155.1356811850343,155.1356811850343,151.50978172713377,152.75759887695312,5252500
2024-01-08,152.75757102255773,153.471892401567,151.71771898825816,152.91128540039062,5735600
2024-01-09,151.71772678094746,151.80815350063708,150.03589189385448,151.15711975097656,6268800
2024-01-10,150.63271487030207,151.871495030398,150.28007264596735,150.9311065673828,4394900
2024-01-11,151.13000029495578,151.13000029495578,149.03223553000987,150.2167510986328,4800700
2024-01-12,150.4066493581614,151.3470377433325,149.7104159197902,151.24757385253906,3546100
2024-01-16,151.24753784103623,151.47359083018225,149.36677531567972,150.25289916992188,4576600
2024-01-17,150.09016239269064,150.75927047613442,149.59284300825215,150.49705505371094,4392300
2024-01-18,149.61996209651488,151.25658362376305,149.18594419580128,151.15711975097656,4709400
2024-01-19,151.13001284580454,151.22043957647446,149.71040699512452,149.90028381347656,6528600
2024-01-22,150.063019259709,150.7411782130213,149.21305783067552,149.29443359375,5697400
2024-01-23,148.7971627305494,151.8443535381134,148.61632304353728,151.58213806152344,4932700
2024-01-24,151.58210478867034,151.6725315109192,149.6651796921839,149.73751831054688,4984700
2024-01-25,149.92740124964413,150.64173651198735,149.14074116315743,150.60556030273438,5373800
2024-01-26,150.64174929684404,151.93476604515988,150.64174929684404,151.7810516357422,4849000
2024-01-29,151.48266678420018,152.54059338872403,151.35607762974047,152.04327392578125,5713600
2024-01-30,151.60922586564598,153.44477513980593,151.29275994086203,153.3724365234375,4804200
2024-01-31,153.67987110023628,154.05963846853555,151.7991085640069,152.3868408203125,5769200
2024-02-01,152.3868388604968,155.3436158008041,151.15711005636132,155.25318908691406,4920800
2024-02-02,154.83728077202764,155.4883145701471,153.8064795578687,154.5931396484375,5307700
2024-02-05,154.21335857445686,155.14469582594174,152.85704058136082,154.54791259765625,5142700
2024-02-06,155.02714051429268,155.3707454802448,153.66178539761844,155.00001525878906,5182700
2024-02-07,156.09413160560666,156.3382589266988,154.96386653587294,155.0452423095703,5769700
2024-02-08,155.27130467388344,157.42333391134864,154.9910011272587,157.19728088378906,9269700
2024-02-09,154.80110520684931,154.97290770945438,150.9762919748651,151.60923767089844,12731700
2024-02-12,151.78102566239292,154.68355223002288,151.18424243582524,154.26760864257812,7867500
2024-02-13,154.81920702333167,155.0271719567652,151.2204464924309,152.70335388183594,7302000
2024-02-14,152.2150643143853,152.48633070865426,150.15346179343243,151.47361755371094,5731900
2024-02-15,151.8624274176958,152.2421948639952,150.71407412712566,151.7810516357422,4451400
2024-02-16,151.19328261024322,151.3741222364775,149.80982566646222,150.38853454589844,5246000
2024-02-20,151.67253882358398,153.2820352175127,151.17521942159894,152.495361328125,6117900
2024-02-21,153.67083994362613,153.8788048584189,151.78104001135213,152.6581268310547,4192600
2024-02-22,151.58211233104714,152.65812691231778,150.18963180052015,152.13368225097656,7539200
2024-02-23,151.8533899033156,153.94211775160312,151.72680075484914,153.35438537597656,6409800
2024-02-26,153.19160474954757,153.19160474954757,151.64540986144345,152.14271545410156,3837000
2024-02-27,151.7448631041926,152.1065423820827,151.3198823642227,152.0522918701172,3567600
2024-02-28,152.01610527059339,152.35971021912255,150.5060730030149,151.030517578125,5275300
2024-02-29,151.43600307326668,151.86421312499562,150.25155413403908,150.64332580566406,8489400
2024-03-01,150.20598041994805,150.33353559101735,148.73908900141564,149.95997619628906,6109900
2024-03-04,149.83240220293067,150.92573408938793,149.05796515532182,150.67062377929688,4303700
2024-03-05,150.53400258289506,150.78911296090297,147.42710574058142,147.63665771484375,6631300
2024-03-06,147.6548589655581,149.41331295589802,147.6366328266378,148.5113067626953,5302500
2024-03-07,149.25840700839007,149.33128375008624,148.0557322333709,148.61151123046875,5801600
2024-03-08,147.89176139271868,149.60464313465647,147.6821955451778,148.55686950683594,6065300
2024-03-11,149.34954086350643,150.71620944450757,148.7937617511338,150.08753967285156,5404800
2024-03-12,150.46108639943506,150.7161967341767,149.38598054623407,149.91441345214844,6158500
2024-03-13,150.42468335177168,151.37223426013696,150.09668228686184,150.60690307617188,4585800
2024-03-14,151.4815295007352,151.4815295007352,149.60464034367024,150.13308715820312,5155300
2024-03-15,150.38821259740578,150.67977524262062,149.09443463982726,150.02377319335938,21887300
2024-03-18,152.20131895578228,156.87531579949336,152.1102021609266,156.03709411621094,10478500
2024-03-19,155.89132267068234,157.30353563707536,155.80020587818638,156.5290985107422,7653700
2024-03-20,156.98466241476453,157.71355508328793,155.9095426006365,156.58377075195312,5046700
2024-03-21,156.6384494084146,158.00511807183403,155.84578603242255,157.121337890625,4343000
2024-03-22,157.6406655894157,157.71355624705305,156.49265510971708,156.72955322265625,4106400
2024-03-25,156.89352710418817,157.704416452836,156.8115303380537,157.2579803466797,3941900
2024-03-26,156.86621362807227,157.59510629784515,156.54733264299568,157.37643432617188,4593000
2024-03-27,158.53354102703767,159.16221074171258,157.66798711801633,158.1417694091797,4911300
2024-03-28,159.22597254679056,160.18264319424068,158.8706393237342,159.45375061035156,5710400
2024-04-01,159.96402467552417,160.56534834602633,157.3035640015983,157.60423278808594,4815400
2024-04-02,157.56777942898967,158.41510728107363,156.12822018012602,156.20111083984375,5158500
2024-04-03,154.8890967997908,155.7273184788814,153.70464798494527,154.5975341796875,5828000
2024-04-04,155.72732227369326,156.51087945622618,154.27865696373965,154.57020568847656,5422600
2024-04-05,154.34239868974998,154.86173930876092,153.1306317169951,154.1055145263672,4412200
2024-04-08,154.11463843584642,154.9346478390912,153.7410929624764,154.5064239501953,3755700
2024-04-09,155.09865809727185,155.5451081728019,153.7319895136794,155.44488525390625,3773900
2024-04-10,154.49730258270057,154.5519670903606,152.857297840556,153.93240356445312,4581500
2024-04-11,154.54286343317156,154.7706415075171,152.8573140244968,153.39486694335938,4241500
2024-04-12,152.7844301069675,153.5315349944678,152.44732299086732,153.15798950195312,5453500
2024-04-15,154.16935264515394,154.2969078393885,151.27200765829284,152.1102294921875,5133200
2024-04-16,152.18307374969902,153.5315159493001,152.05551859436474,152.61129760742188,4569700
2024-04-17,154.05999569195083,154.61577482399986,153.25822621639236,154.4153289794922,4069200
2024-04-18,154.98020912724178,157.33086664733543,154.98020912724178,156.9573211669922,5574700
2024-04-19,156.96641434747116,158.77953269554993,156.5290843684384,158.6519775390625,6636700
2024-04-22,158.90710403707394,161.44910130829217,158.56087690457144,160.77488708496094,7288700
2024-04-23,159.17130761278926,159.33531504740142,155.0166379688766,156.00064086914062,9145000
2024-04-24,153.5224276929857,162.2599916061003,152.7479766510535,161.64044189453125,10016700
2024-04-25,162.43312728514562,164.57424711432947,160.19179843233505,160.975341796875,7441500
2024-04-26,158.9344161328185,162.69731400881446,158.84329935083318,159.97308349609375,4472100
2024-04-29,159.90019561639434,160.64731431468184,159.4628656407332,160.48330688476562,3224500
2024-04-30,160.60177418802587,160.7839938734026,159.29887632776396,160.27377319335938,4465100
2024-05-01,159.86377057852533,160.56531704107826,158.22376565491837,159.58131408691406,4340500
2024-05-02,159.97312435931227,160.64735257180777,159.03467965551883,159.85467529296875,3964800
2024-05-03,160.17353543759535,160.8022051109859,159.44464286116468,160.49241638183594,3491900
2024-05-06,161.0482063512873,161.0482063512873,159.56310274482598,160.1917724609375,3576200
2024-05-07,161.2669046884561,162.31467845171403,160.8204545801911,162.1962432861328,3708000
2024-05-08,162.82489070470425,162.9797781325965,161.4399960696187,161.64044189453125,3400900
2024-05-09,161.50375815052487,162.56975785248588,161.34887073083516,162.23265075683594,2421400
2024-05-10,162.13245537834953,164.1460199811415,161.82268048637306,163.80889892578125,4201600
2024-05-13,164.46490290759778,165.23024792944338,163.86357925807485,164.8202362060547,4408100
2024-05-14,164.95687935201272,165.16643128153297,162.72465706981563,163.8817596435547,3508600
2024-05-15,163.30777866296253,164.36465839748286,163.08910669936998,163.5082244873047,4785100
2024-05-16,163.66313383633891,167.10713778501585,163.5082463881413,166.83380126953125,5984700
2024-05-17,166.35999906792875,166.69712008790333,165.66755869340304,165.9955596923828,4449100
2024-05-20,165.90443256295217,165.94088483971873,163.918214455749,164.28265380859375,3221100
2024-05-21,165.36690321665685,165.43979387810685,163.81801489264265,164.98423767089844,3288100
2024-05-22,164.41019547734447,165.94087121908703,163.98197162654242,165.9044189453125,4047000
2024-05-23,165.21200272646163,165.72222341384355,163.1255476768458,163.33511352539062,4009000
2024-05-24,163.4262098053818,163.47176820115556,162.0595413469927,162.16888427734375,3447400
2024-05-28,160.56533572668474,160.6108941275671,156.6202173327914,157.9686737060547,6178100
2024-05-29,157.10311246769203,157.78644680252737,155.5451179696521,155.9368896484375,5352100
2024-05-30,156.11910848146962,156.44710948724094,155.2535406173014,155.32643127441406,3903100
2024-05-31,154.78889800463273,157.59512609924684,154.4517908372756,157.53134155273438,8155600
2024-06-03,157.36732804728942,157.53132159902398,155.82754593336006,156.009765625,5032400
2024-06-04,155.99152974960666,158.88885994431124,155.63619653888875,158.4333038330078,4619100
2024-06-05,158.38777442740542,158.50622348681142,156.67489258911476,158.0688934326172,5370700
2024-06-06,158.53351898781014,158.89795829805908,157.3308442395453,157.80462646484375,5536700
2024-06-07,157.4878828491793,158.41535746475301,156.7991603294307,157.06546020507812,3521100
2024-06-10,156.21141709398472,156.45016913797843,152.08826079317723,152.3453826904297,9429400
2024-06-11,151.39953567169303,151.94134124228654,150.1506519025506,151.5832061767578,8284500
2024-06-12,151.40871782512488,151.8219484106467,149.16807232413723,150.4445037841797,6281100
2024-06-13,148.83751135517588,150.19658637007387,148.3416233552456,149.98538208007812,5432600
2024-06-14,149.80172776203295,150.95877642533856,149.25074420116704,150.42616271972656,3603300
2024-06-17,150.1323005084776,152.81372461915595,149.48948174589574,152.56578063964844,5412200
2024-06-18,152.5290475961125,153.41979628319385,151.74849000035104,152.87799072265625,3519500
2024-06-20,152.18928185485063,153.94323161150447,152.18928185485063,153.06166076660156,4942400
2024-06-21,153.5483516584953,155.2563835724704,152.85043740653444,153.6126251220703,10899100
2024-06-24,153.81467634400215,155.75228267813276,153.43817138527257,154.3472900390625,4476900
2024-06-25,154.34727818419333,155.15538359216112,153.58509040387693,153.6769256591797,4217300
2024-06-26,152.33623300239023,153.36472078201018,151.38121063732817,153.11679077148438,4778300
2024-06-27,153.01575886655016,153.58509824463346,151.7668749959755,152.6759796142578,4326500
2024-06-28,151.79441485468828,152.63924595658918,151.1699659459225,151.4546356201172,8755900
2024-07-01,151.5556459275428,152.49231226691703,149.29664441810726,149.58131408691406,4508000
2024-07-02,150.14146990512182,151.03221858454768,149.0578868175434,150.21493530273438,4650800
2024-07-03,149.60888058507751,150.7200256378437,148.72732369470395,149.31503295898438,2879600
2024-07-05,149.35173667757988,151.07813851761978,149.19562795980275,150.95875549316406,4208200
2024-07-08,149.73743808765184,150.37106496976477,148.69058054697203,148.87423706054688,5268800
2024-07-09,148.93850926220324,149.27827447805313,148.30488244511596,148.6721954345703,5801200
2024-07-10,148.61708712295984,150.38940647448274,147.53350408867144,150.22410583496094,7372300
2024-07-11,146.10097330711258,151.41790367853736,145.11838936294612,150.55470275878906,10258600
2024-07-12,151.48222947665712,154.30139305339964,151.48222947665712,152.7862091064453,6677000
2024-07-15,152.446377517308,152.7126913151835,150.27919749266246,150.4720458984375,4551800
2024-07-16,150.05883110889386,151.5556448425643,149.5353953896668,151.29852294921875,4461700
2024-07-17,152.47393719923494,156.1746848034356,152.33619833584305,156.00938415527344,7671000
2024-07-18,154.92581841709824,158.56226493886976,154.63195679282518,156.45018005371094,6228600
2024-07-19,156.36752088539401,156.5603693082981,154.705406526251,155.52268981933594,5332800
2024-07-22,155.43084420744233,155.84408879867794,153.67690872599866,153.96157836914062,5308400
2024-07-23,154.08097396044548,154.60440972654888,152.60251593525894,152.69435119628906,3344300
2024-07-24,152.69433660611452,154.88906461892722,151.4730006140006,154.42991638183594,5867000
2024-07-25,155.64209594451447,159.3152823484359,155.06356460202673,157.04708862304688,6270900
2024-07-26,156.78076399869101,158.64490484973678,156.78076399869101,158.63572692871094,5746300
2024-07-29,158.21330609031125,159.31527315759087,156.89097083134368,159.0581512451172,4152700
2024-07-30,158.5806223031814,159.27852258772123,157.53376487032546,159.03057861328125,4994600
2024-07-31,159.71011112153658,160.41720328582772,158.1857357068122,158.56224060058594,6245600
2024-08-01,158.43369336086477,161.2161306232507,158.4061455869475,160.6651611328125,5994500
2024-08-02,164.22815507242538,165.24746482471866,159.6366722264366,163.49351501464844,6856100
2024-08-05,164.85260301587223,166.12903467875387,159.01223631106913,159.82032775878906,7502300
2024-08-06,159.12242074574618,161.8130368505333,158.2775896241192,158.39697265625,7287100
2024-08-07,157.5980264225743,160.1417114181592,157.3317266272671,157.75413513183594,5428900
2024-08-08,156.30324869216972,158.8652896841837,155.93592169604926,158.28675842285156,5112500
2024-08-09,158.02963825780625,158.66326507245464,156.46853704049548,158.3051300048828,3223000
2024-08-12,158.1673927836108,158.74591004519132,156.7624002721986,157.4143829345703,3802300
2024-08-13,157.59803606872939,158.33267604887814,156.3124266125382,158.28675842285156,3894700
2024-08-14,158.1582144534093,160.09582077813295,157.88272267977163,159.51730346679688,3555800
2024-08-15,159.51727447420814,160.05906598956454,157.79087275114313,158.42449951171875,4472100
2024-08-16,158.4245056676009,158.66325769752044,157.1297043249902,158.51632690429688,4614600
2024-08-19,158.5530741084812,159.76521817968288,158.35104776126556,159.61830139160156,3521700
2024-08-20,159.35199769095559,161.64773904420753,158.40615337438325,161.48245239257812,5330100
2024-08-21,161.5650821095566,162.37318748170335,160.3529240513365,160.8947296142578,4020700
2024-08-22,161.46406726819416,161.6936413818078,160.42638779079113,161.3814239501953,5265900
2024-08-23,162.19873838175656,162.24464200362078,159.48057418927226,161.50082397460938,5283600
2024-08-26,161.91403019886266,162.39153424471908,161.37222466622785,161.59262084960938,4146700
2024-08-27,161.90486093686684,162.42829669115503,160.26111629344157,160.97738647460938,3520600
2024-08-28,161.20695659290553,161.38143517332057,159.18670705502748,159.7101287841797,3915500
2024-08-29,159.56321677068735,159.74688730565651,157.86437641897868,158.0296630859375,4654300
2024-08-30,158.00210179920802,159.37954662114055,157.25828383729936,158.75511169433594,8677300
2024-09-03,158.2959484442155,163.3557569003932,157.8368002136773,163.0343475341797,7032100
2024-09-04,163.36492708836616,164.97194581918745,161.88646929552695,163.9342803955078,6188500
2024-09-05,164.1271227624317,165.04541922461385,163.0159918899628,164.6505584716797,5743100
2024-09-06,164.1832785638978,165.2381074343783,163.77614915445105,164.0907440185547,6395300
2024-09-09,163.8224596694478,165.43245388059051,162.72136323565203,164.87728881835938,4666200
2024-09-10,165.30287413680668,165.71926548167298,164.36833732994225,164.525634765625,4315800
2024-09-11,164.1832607578947,164.47009805104517,161.39813219931833,162.64727783203125,4036000
2024-09-12,162.64730083422765,164.41460622951115,160.9540202539015,164.00747680664062,4222800
2024-09-13,164.19254081533745,164.664447271797,163.193226936635,164.10926818847656,3290400
2024-09-16,165.6267662105792,166.02463378814278,163.17475548682233,163.9705047607422,4940100
2024-09-17,163.7761606238858,164.78472229232548,163.12846111749292,163.65586853027344,6305100
2024-09-18,163.64662487676281,164.7569689328781,161.39816510324798,162.11990356445312,5307900
2024-09-19,162.61955412991094,163.05444112252124,161.13908596968992,161.61099243164062,5504000
2024-09-20,159.67714131126723,160.78748536959228,157.5027063530047,158.39097595214844,12198400
2024-09-23,158.10414703134649,160.9447913998484,157.9746071196136,159.2515106201172,5350300
2024-09-24,158.21519432560598,158.77962126288313,156.8365084312623,157.22512817382812,7837900
2024-09-25,157.66927725602687,158.01164386780562,156.15180350175388,156.74398803710938,4505100
2024-09-26,156.57741160809812,158.22442496064133,156.07774762275253,157.01229858398438,5673600
2024-09-27,157.26212795227218,158.82585453530226,157.00303403754884,157.29913330078125,7545800
2024-09-30,157.83583060451377,158.90916944580798,156.91054142107924,157.34542846679688,5054300
2024-10-01,158.49274780498388,159.09419413083896,157.08631867979958,158.57603454589844,7095900
2024-10-02,158.6870776103126,158.90915207282353,155.92972009839193,156.8827667236328,5786000
2024-10-03,155.57807222654486,156.4756035725791,154.68054088051062,155.93893432617188,5090300
2024-10-04,154.66203269849274,155.9111783505973,154.35669978857104,155.4207763671875,4390100
2024-10-07,155.18949797640673,155.3838007921456,154.02363872559746,154.7176055908203,5459500
2024-10-08,155.18946675223535,157.90055664988031,154.38446986855593,157.687744140625,8297800
2024-10-09,156.7254655852386,160.33408727366628,156.4663857778023,159.6493682861328,7177500
2024-10-10,159.21448593138282,160.13051301067568,158.4279846293007,160.0657501220703,5292400
2024-10-11,161.000289271939,162.09212353710885,159.95470816267743,161.74977111816406,4720300
2024-10-14,161.88857621336814,163.10070259348745,161.40742196060657,162.9434051513672,4535900
2024-10-15,163.1839857546173,164.13703239527484,162.03662219127054,162.7583465576172,5802300
2024-10-16,161.93482955115442,162.23092882050477,160.6579402787542,161.44442749023438,4400900
2024-10-17,161.35191164128267,162.36047333342646,160.72270773543408,161.6202392578125,4125900
2024-10-18,159.42730173564752,162.23092635021297,159.2607423694766,161.98109436035156,5097000
2024-10-21,161.42594724608378,164.23881997880457,161.32416487740159,161.93484497070312,6436300
2024-10-22,161.47219127283748,161.87932072453475,160.5469021985403,161.3426513671875,3790500
2024-10-23,160.72269906096497,160.85223895829665,159.58459752592327,160.0287322998047,3800700
2024-10-24,160.00097457751332,160.57464924807618,158.87212085113552,159.29776000976562,4244900
2024-10-25,159.58460245087764,161.0002935578312,158.7796055011014,158.9553985595703,4442600
2024-10-28,160.05649964931865,160.05649964931865,157.04931016667103,157.15109252929688,5186400
2024-10-29,156.55887387429516,156.55887387429516,154.49548364885206,154.9858856201172,5127900
2024-10-30,154.5232848230367,155.11546930191824,153.67202051706897,153.7923126220703,4801500
2024-10-31,153.69052206399053,154.9859211303999,153.42218032386873,153.67201232910156,5582400
2024-11-01,153.68125720275245,153.8293068414555,152.86701242746705,153.21861267089844,6339000
2024-11-04,153.21860039648487,154.19940446643616,152.8484904481676,153.91256713867188,4885500
2024-11-05,153.55171105591236,155.41155103437936,153.29263125811033,155.3097686767578,3678300
2024-11-06,154.86563143328954,154.9026509036415,151.37730170794018,152.4043731689453,7849300
2024-11-07,152.21005053636506,152.58016051325333,151.25700393302662,151.74740600585938,5333500
2024-11-08,151.59933891341728,153.4314212088148,151.42353175305993,152.7744598388672,4618300
2024-11-11,152.12676263191645,153.73675640036512,151.72888103386808,151.9879608154297,3762000
2024-11-12,151.83067420145954,152.67269061091423,150.96090025048792,152.06199645996094,5386600
2024-11-13,151.2755326933088,152.48765925667533,150.23919921385968,152.43214416503906,4145000
2024-11-14,152.4321351100118,154.42150107569526,151.59011862010087,152.81149291992188,5422700
2024-11-15,152.0990064246398,152.0990064246398,146.24192551108254,146.7693328857422,9108900
2024-11-18,147.5003208807984,147.90745029429067,145.97358558020235,146.50100708007812,6991300
2024-11-19,145.9643380331935,146.07536819387488,144.20629460138716,145.01129150390625,8248900
2024-11-20,144.76145151931124,147.222723482781,144.53012928482246,146.88037109375,5067300
2024-11-21,146.55652905703712,148.50888947722135,146.14939962438598,148.36083984375,5977000
2024-11-22,148.878996506799,149.95233515011904,147.94445968666804,149.89682006835938,5846300
2024-11-25,150.5445208807072,151.36802754457867,149.89682138981783,150.86837768554688,8580400
2024-11-26,151.07193214812628,151.45128989068238,149.8042766747034,150.04486083984375,4653600
2024-11-27,149.8413097342939,152.79298403755234,149.60072554732594,150.5630340576172,3622900
2024-11-29,149.36939193799412,151.36801950555594,148.92525718479902,151.2384796142578,2799300
2024-12-02,151.11820967445777,151.42354262682775,149.67474694203148,150.86837768554688,4967400
2024-12-03,150.67406109907864,150.8683780061534,149.36015238082808,149.61923217773438,4277400
2024-12-04,148.60143291306278,148.99930044316753,147.5003366413165,148.21279907226562,6964600
2024-12-05,148.9067796825614,148.98080451058127,146.96368089251123,148.49966430664062,5229600
2024-12-06,148.7002756376058,150.0533659270234,147.15121387004774,147.24452209472656,8359200
2024-12-09,147.35650140043072,150.70656971860944,146.63795835045386,148.81224060058594,8380400
2024-12-10,148.37365905655545,149.6987554350462,146.83393810157202,149.1575164794922,5329400
2024-12-11,149.50280862730295,149.78274755572977,145.81678469424116,146.29270935058594,7925900
2024-12-12,148.45762332806046,148.7469029926887,147.41248021998254,148.2803192138672,6849500
2024-12-13,147.00187959524095,148.90554932683293,146.56328971781565,147.4124755859375,4353900
2024-12-16,147.30051770414866,148.2056914542816,145.46217631379687,145.5928192138672,6696500
2024-12-17,145.33154208404426,147.90707979865905,144.86495823609897,145.70480346679688,6572600
2024-12-18,144.66899141417878,145.41552844273693,143.81047881499023,144.1090850830078,7620900
2024-12-19,142.858651065107,143.78249228715725,141.29093603994198,141.346923828125,9829500
2024-12-20,140.77766764551822,143.23190304125413,140.45105328309427,142.57867431640625,19205200
2024-12-23,142.22408198928687,142.22408198928687,139.70453223460703,141.17892456054688,6822200
2024-12-24,140.44175103719027,142.61603367555028,140.35776935426472,142.5973663330078,3399800
2024-12-26,142.3360721320937,142.94262545849404,142.06545975667143,142.25209045410156,5528500
2024-12-27,141.1789231804272,143.21323599942073,141.15092929090505,142.6719970703125,4287000
2024-12-30,142.45738008436868,142.85863534820874,140.9923000060496,141.5802001953125,5397000
2024-12-31,141.6548424910312,142.9146101895132,140.8523177970099,141.8974609375,4274800
2025-01-02,142.66266785452007,143.3905374465119,139.8724915925463,140.17111206054688,4970200
2025-01-03,140.87100599169892,140.87100599169892,139.56456263365922,139.64854431152344,5218100
2025-01-06,139.6018647912728,139.9284648754325,136.3357785156388,136.49441528320312,9470600
2025-01-07,136.67175645673882,138.08083464893417,135.62659888253808,135.68258666992188,7473300
2025-01-08,135.68257309609493,136.86770002019378,134.8987156731198,136.7463836669922,6791800
2025-01-10,135.3093167509177,135.84122917562846,132.0525563458351,133.10704040527344,9632700
2025-01-13,133.24700468800685,135.43995439747644,132.64045140105154,134.8427276611328,8101400
2025-01-14,134.5534624190099,135.43996894865242,133.96556217011604,135.26266479492188,6996400
2025-01-15,135.76657450062686,136.4291155972055,134.53478629553715,135.10401916503906,7141600
2025-01-16,134.4228052889582,136.97967558375922,134.08686435925333,136.7463836669922,5068000
2025-01-17,137.847539547011,138.68738481652426,137.33429444274861,138.3421173095703,7338900
2025-01-21,138.4167570348508,139.7698472580594,137.8941854373916,138.62205505371094,7456200
2025-01-22,138.3234529753365,139.46191878081333,137.91285688299928,138.19281005859375,5905100
2025-01-23,138.5660910576082,138.98601371771372,136.81173104586628,138.68739318847656,4759100
2025-01-24,138.87402226623942,139.33126532073402,138.2301342827988,139.15396118164062,4509600
2025-01-27,140.83366285712643,145.0795785976821,140.81499551682927,144.2770538330078,9820600
2025-01-28,143.84778308497738,144.2770464558111,140.08711871137834,140.20843505859375,6349700
2025-01-29,141.0296511963227,141.84150260871823,140.18979165062802,140.3204345703125,4874100
2025-01-30,141.16959432716047,142.8492988661261,140.56304107873206,141.74815368652344,4671300
2025-01-31,140.68433287805254,141.5521860925231,140.22708989747733,140.6190185546875,4905500
2025-02-03,139.75118718475397,141.02963659394794,138.88334807363793,140.22711181640625,7196200
2025-02-04,136.33580629708635,137.87552730232085,133.44298073930207,133.90023803710938,12804900
2025-02-05,133.8069219142008,136.04651879870033,133.16303389417953,135.9252166748047,9248100
2025-02-06,136.48509704327688,137.08232377706923,134.33882281305995,135.63592529296875,5604900
2025-02-07,135.31862889151574,135.4492717862852,134.28281228334095,134.91737365722656,5872300
2025-02-10,134.70274353027344,134.86138030743876,133.4522881731348,134.70274353027344,8715400
2025-02-11,134.72142810593758,135.9812103070087,133.81625421844416,135.90655517578125,6354000
2025-02-12,134.41346828252196,135.1040175016316,133.47097403829886,134.3668212890625,6658200
2025-02-13,134.59075930079914,135.25331456363483,134.0028733938404,134.91737365722656,7175300
2025-02-14,135.00136879427794,136.40112033747582,133.75092749971665,133.80691528320312,5001800
2025-02-18,133.34963943432348,134.51609889137322,132.1365329901974,134.46945190429688,8738700
2025-02-19,134.59076371928018,136.1771458475622,134.51610859995998,136.06517028808594,5777300
2025-02-20,135.4119705538554,139.21929662016817,135.30932153347652,139.13531494140625,6789800
2025-02-21,139.96584287531377,144.2210857476599,138.94867915582785,143.2412567138672,10604400
2025-02-24,142.1587634999579,145.87278118496377,141.95346546756022,143.56785583496094,7187000
2025-02-25,144.44501191086192,147.8697496605573,143.70781574460833,145.96607971191406,9474600
2025-02-26,145.17290434905527,145.21022479148647,141.03896407861077,141.3842315673828,9076500
2025-02-27,140.8149957251843,142.48537382854013,139.90982194604925,141.8601531982422,6731000
2025-02-28,143.42785086985683,144.7342939949443,142.16808320949497,143.21322631835938,8455500
2025-03-03,141.2349370379026,145.71413060502394,140.44173879759495,145.56483459472656,8321700
2025-03-04,146.82460443404116,149.44680342732914,143.67050724903385,143.8851318359375,10274200
2025-03-05,142.70933497284884,144.95827263304287,142.5227042735278,143.59585571289062,5578700
2025-03-06,143.8664577805221,144.6129947633135,142.33606337335354,144.2770538330078,8421000
2025-03-07,144.272333985089,148.35808537924376,143.82045728743856,145.3926239013672,8997700
2025-03-10,146.7482832334876,150.70223705972583,146.26815072647332,147.0966033935547,11156900
2025-03-11,146.6635336373261,146.90831156049308,142.91669325977858,143.40623474121094,7981600
2025-03-12,138.89681595857397,140.77024309235804,137.927156494051,139.4899139404297,8330200
2025-03-13,139.67823529765153,141.66462858086282,139.38639790898844,139.64999389648438,5351100
2025-03-14,138.51086764001968,140.4219454820448,138.46379385592553,139.8853302001953,5277500
2025-03-17,140.4878349152253,142.78489763716553,140.39370171352888,142.47422790527344,5449500
2025-03-18,141.2127290597733,142.436575584605,140.03595631760854,140.26190185546875,8158600
2025-03-19,139.48053020598692,140.15835248953422,138.19077744609424,139.43345642089844,6080100
2025-03-20,138.91569384565742,139.39582641296602,138.04959065990056,138.5297088623047,4536400
2025-03-21,138.38849202981345,139.04748197602234,136.27030082527548,136.92929077148438,11574800
2025-03-24,136.96692840553575,138.12486867904047,136.34558899442567,137.8706817626953,5968900
2025-03-25,137.5882732829324,137.7294946412126,136.34560864650226,137.01400756835938,4763300
2025-03-26,137.4470600397012,140.58198443425795,137.2117054848387,139.93240356445312,5882200
2025-03-27,140.82675390729335,141.5987237747776,140.35604477782323,140.90206909179688,5397500
2025-03-28,141.6269549965484,142.51189039474835,138.49203069575353,140.52549743652344,8550900
2025-03-31,141.4010441359748,143.65103359034933,140.97740871898225,141.15628051757812,9985700
2025-04-01,141.67403895928112,141.9564529450411,139.96065083285663,140.90206909179688,6072800
2025-04-02,141.4292521200224,141.68343905611616,139.39579972597755,140.38427734375,5866200
2025-04-03,142.8037326505633,145.02548023307776,142.0223538011088,142.50247192382812,8216200
2025-04-04,144.0276008104388,145.84453135945375,137.8613076476617,138.02134704589844,12911400
2025-04-07,133.04123398778862,137.54121207368556,132.429303506335,134.8016815185547,14423200
2025-04-08,135.51716478695732,136.88221848297215,130.9983539614396,132.08099365234375,9488900
2025-04-09,132.03389617609014,137.39997678406334,130.22637504313607,137.06106567382812,14067000
2025-04-10,136.901028512306,138.52026891336223,134.54748308808487,135.69601440429688,10980300
2025-04-11,136.64684691601823,136.7786448903211,133.79435089975536,135.96902465820312,8563300
2025-04-14,135.7148522384357,138.55792488230733,135.09351277391997,138.1531219482422,5393800
2025-04-15,137.2964380582962,137.42823604246874,134.2744934337317,134.47218322753906,5459600
2025-04-16,135.66779109120782,135.94079607624906,131.58203913775694,131.88328552246094,7878600
2025-04-17,132.11863753524145,135.15942891242005,131.86446494320342,134.47218322753906,6131400
2025-04-21,134.15209636905837,134.46276610549074,132.33516609935322,133.4272003173828,7412800
2025-04-22,133.94499660495998,135.82783323349742,133.6343268374629,135.05587768554688,7144700
2025-04-23,134.87698903292687,135.5736293047905,132.5987587212155,133.9261474609375,7760000
2025-04-24,133.16361622237193,133.5401921628985,126.64900328274683,127.38330841064453,15577300
2025-04-25,127.53393650491947,127.66573449051971,124.0789331149888,125.56637573242188,11544700
2025-04-28,126.055893129194,127.47744382610306,125.30277004979276,125.9240951538086,8498600
2025-04-29,124.71908220004157,126.58310062489655,123.81532875002286,126.44187927246094,7010700
2025-04-30,127.68454784037625,128.20231632916762,125.30276107829259,127.6374740600586,7923500
2025-05-01,126.59249761270642,126.91257633065113,125.4345573302001,125.72639465332031,6807000
2025-05-02,126.29125730814674,126.52661187962289,125.3498390222421,125.9146957397461,7169700
2025-05-05,126.18769311911407,126.18769311911407,123.9847779104027,124.25779724121094,8972200
2025-05-06,124.17306609300756,124.17306609300756,122.53500747001931,123.0810317993164,6889900
2025-05-07,123.27871767430017,124.89795822281519,122.63856015576764,124.19189453125,6313200
2025-05-08,124.16365718187996,125.18979966617493,123.57055906485486,123.73059844970703,6392400
2025-05-09,123.46700582949805,123.93771498533282,122.55382891798632,122.7986068725586,4770500
2025-05-12,123.17516211863709,124.57788050227398,122.44085702247891,123.96595001220703,8392700
2025-05-13,123.48583643644025,123.92830418573396,122.1490241769434,122.67621612548828,8650200
2025-05-14,122.45029367724106,122.54442689483429,120.37916896398266,120.92518615722656,10463000
2025-05-15,121.62182727798522,123.84357494563696,121.26408374250403,123.79650115966797,9165100
2025-05-16,124.35193915541919,124.51197854180198,122.9962945120554,124.24838256835938,8896400
2025-05-19,124.3895969037637,124.51197150708177,123.4293462748164,124.06950378417969,9406200
2025-05-20,124.03185230175585,124.42724623615914,123.65529075420099,124.07892608642578,7624200
2025-05-21,124.07893784110902,124.17307105446437,122.44086478776691,122.52558898925781,9243700
2025-05-22,122.40319651229619,123.04335398334315,121.27349756257115,122.49732971191406,7140200
2025-05-23,121.97014416664702,122.15842494057152,120.26617946054151,121.76303100585938,8122500
2025-05-27,122.45969474997446,123.75885660670768,121.56535023384937,123.67411804199219,13974800
2025-05-28,123.59878084916888,124.44606579115566,122.8268254468084,123.01510620117188,9431500
2025-05-29,123.19399347888896,124.3331158885046,122.61972776848651,124.19189453125,6656900
2025-05-30,124.40841770651386,124.94503301156432,123.59879742575711,123.74942779541016,12992100
2025-06-02,123.2316349741992,123.35402393531926,121.50885233251735,123.24105834960938,6723700
2025-06-03,122.97746806015837,124.46491058829598,122.20549821591261,124.1259994506836,7339500
2025-06-04,124.49315480466868,124.96386393062642,123.41993857208112,124.02244567871094,6519700
2025-06-05,123.51408363926693,123.71178781171162,122.58208867390965,123.42935943603516,9560800
2025-06-06,123.96518407359329,124.36491651369984,123.0990898587677,123.75579833984375,7628200
2025-06-09,123.56543895582976,124.34586472857963,122.94679407048818,123.68917083740234,8453100
2025-06-10,123.91758684577486,125.74494126528833,123.21330261933483,125.46894073486328,11852900
2025-06-11,125.57363895719743,125.60219023664928,123.52737195383827,123.63206481933594,9168400
2025-06-12,123.62255115510061,125.9448186741453,123.45124348034605,125.91626739501953,11444900
2025-06-13,125.40231932264666,126.63959470678073,124.28877583368288,124.53623962402344,9581000
2025-06-16,124.97402563025115,125.71638789700782,123.94613606339071,125.06920623779297,11183700
2025-06-17,124.83128487323444,125.33571020682405,122.89923738287642,123.05150604248047,10235200
2025-06-18,123.37510917351234,123.42268495984698,122.38528303035115,122.84213256835938,8785800
2025-06-20,123.27992855579647,124.12698377238387,122.68032261373773,122.84213256835938,23001000
2025-06-23,123.05149935497872,123.2513728359741,121.65243581684074,122.86115264892578,12840400
2025-06-24,122.90874311953641,124.8788685622376,122.82308928007708,124.7265853881836,9226800
2025-06-25,123.97468725819628,124.28876583584807,121.47159267250369,121.84278106689453,10922600
2025-06-26,121.54773332939972,122.92777225346565,121.44304047097883,122.03312683105469,11538100
2025-06-27,122.09973423628114,125.00256829605756,121.92842658153404,124.717041015625,26536500
2025-06-30,124.86932793330895,125.9733590389264,124.28876110384815,125.66879272460938,11402400
2025-07-01,126.19226354363978,129.80890883980547,126.07805843111014,128.73342895507812,12846700
2025-07-02,128.72393092602672,130.38949010621562,128.3717887751372,129.8945770263672,9388700
2025-07-03,130.10395613007782,130.2276880243553,128.71441210328686,128.84765625,4941400
2025-07-07,128.99040637611964,129.17124082126236,127.22966675212406,127.96251678466797,7773700
2025-07-08,126.9726933601064,129.12363842895437,126.84896148342888,128.52403259277344,7718300
2025-07-09,128.39079073997263,128.84764020540575,126.54441194330077,127.99105834960938,7762600
2025-07-10,127.9434773177837,130.08491032863944,127.18209053194153,129.5138702392578,8869700
2025-07-11,128.3336965387024,128.85716084199987,127.35339726276437,128.73342895507812,7963600
2025-07-14,128.2480477991643,129.32352772661685,127.40099262836759,129.0284881591797,8480300
2025-07-15,128.89521289727188,128.97135447302054,127.29628337411162,127.35338592529297,8933500
2025-07-16,127.48665104443826,128.97137570971364,127.296304334984,128.81910705566406,10941600
2025-07-17,134.86269821166155,138.91715427216565,134.8055956512358,138.4222412109375,26161000
2025-07-18,139.2026683920094,139.288336755982,136.04287233084852,136.32839965820312,13752800
2025-07-21,136.19515745520872,136.66150472478148,133.6825430791148,134.86270141601562,9025600
2025-07-22,134.41538009545832,139.3359160297103,134.41538009545832,138.9932861328125,8281500
2025-07-23,138.82196901701857,139.9355124756751,138.08911896349295,138.63162231445312,6166000
2025-07-24,138.78388076052548,139.40251106428198,137.03265365035398,137.53707885742188,9749400
2025-07-25,137.82265265150065,137.83217942778762,135.81446339580182,136.5282745361328,7021600
2025-07-28,135.81444861335515,136.19515656027585,134.6342902842091,134.73898315429688,10639100
2025-07-29,134.73897363827265,137.0422020950138,134.3202021874975,136.947021484375,6282900
2025-07-30,136.83281475104727,137.4324061189081,135.42421724737073,135.9667205810547,9738400
2025-07-31,134.1774220905912,134.7389644189016,130.99858741906596,131.26507568359375,11689700
2025-08-01,132.38815582762228,133.06388879143836,131.61722772996106,132.55946350097656,7630500
2025-08-04,132.568966977621,133.54928073728212,132.05502946905622,132.82594299316406,8384700
2025-08-05,132.86402335141895,133.57783433391756,132.54041800223646,132.72125244140625,5535100
2025-08-06,133.1495217158203,134.74846569527705,132.6355842539535,134.006103515625,6747400
2025-08-07,134.4248930046536,137.34675181851844,133.70155522885906,136.97557067871094,7674600
2025-08-08,136.97556040142152,138.35559199600698,136.8613552969794,138.2033233642578,5315100
2025-08-11,138.30802844918693,138.57451673146682,136.81377709548988,137.87973022460938,5773400
2025-08-12,138.52691862698984,139.9164625174272,137.73696607666335,139.78321838378906,7668700
2025-08-13,139.8022634708239,142.32438986779965,139.76419994064327,142.14356994628906,6147000
2025-08-14,141.8485239449168,142.28633444079853,140.9063026634358,141.44879150390625,6892500
2025-08-15,142.18162311664884,143.80911847183557,141.32505578603747,143.14288330078125,9162200
2025-08-18,143.28565602606673,143.28565602606673,141.73430222849035,142.3339080810547,9901000
2025-08-19,142.7621987577565,144.97026106935363,142.6289546198168,144.81797790527344,8596900
2025-08-20,145.8173156821206,147.14975705677546,141.51541070855785,143.45697021484375,10023500
2025-08-21,143.06676570505408,143.06676570505408,141.4297579904124,141.79141235351562,8153600
2025-08-22,142.429083174796,143.88525646100774,141.8961066154665,142.41957092285156,5218000
2025-08-25,141.26795499032454,141.63915066855503,140.45897786763945,141.04905700683594,6624300
2025-08-26,140.3828105796762,141.0966214809288,138.77435435858385,139.9069366455078,11208100
2025-08-27,139.90694939454212,140.65882388913403,139.25024098194393,140.5160675048828,8092900
2025-08-28,140.82064773869647,140.8967748028066,139.17411315749092,139.88792419433594,9265100
2025-08-29,140.00214285049344,142.01984405323827,139.78323034451822,141.4773406982422,7760700
2025-09-02,149.8432056052382,150.1858354619355,142.96207171596618,143.0286865234375,17348600
2025-09-03,142.71460674448295,143.20000750886004,140.0116459657793,141.4678192138672,11259200
2025-09-04,141.82950469389164,142.25778843065936,139.38350512736915,139.80227661132812,6342200
2025-09-05,140.31450366720642,142.12129785915,139.62254055814657,140.68931579589844,7186300
2025-09-08,140.04541248586088,140.04541248586088,134.88453426095225,136.1915740966797,11127600
2025-09-09,135.6821906402561,138.03679497933393,135.60531888852194,137.52743530273438,5866400
2025-09-10,136.69130582338104,137.53704174531006,135.91285101550756,137.1045684814453,6015100
2025-09-11,137.3256041245454,139.11317294377417,136.950792017187,138.61341857910156,6144400
2025-09-12,138.4596687527182,138.63265219826283,137.33521769833763,137.94068908691406,5713700
2025-09-15,137.8157541502143,137.94069642169688,135.05752152596364,135.16323852539062,7279600
2025-09-16,135.21129786254028,135.80714933036774,134.46167354347148,134.57699584960938,9283500
2025-09-17,134.71153570888106,136.50870997794834,134.69231043743102,135.73025512695312,6092900
2025-09-18,135.16323361756602,136.1146865778613,134.92296905164568,135.24972534179688,6106600
2025-09-19,135.95131825517146,136.54716972903645,134.9902599220543,136.2396240234375,12365500
2025-09-22,135.58611126945019,136.00897928196113,134.49050535730203,135.53805541992188,5797600
2025-09-23,135.54765007921552,136.6913117510784,134.50972006676346,136.37416076660156,6356500
2025-09-24,136.2876701715211,136.7970298786481,135.51882062683984,136.63365173339844,5949100
2025-09-25,137.43132885057327,137.8349715531814,134.4136065519063,134.4712677001953,7101700
2025-09-26,134.49050963695797,135.4996238508183,134.40401790380656,134.97103881835938,6224700
2025-09-29,134.9710224252979,135.19206171581163,133.70241850147625,134.71153259277344,11930200
2025-09-30,134.71154895431832,135.5380597329122,134.3847926304662,134.97103881835938,7583400
2025-10-01,135.32660479357307,137.78691147556253,135.00945382314066,137.5658721923828,5880800
2025-10-02,136.364561010847,137.6716008797795,135.86480659092365,136.76820373535156,4497300
2025-10-03,136.72014494857245,137.7773149171102,136.33572750433265,136.4510498046875,5425700
2025-10-06,136.24923964401208,136.32612606795817,133.47178173652335,134.2598419189453,6750700
2025-10-07,134.90374558925555,136.3165024289781,134.25023300019,135.30738830566406,6110300
2025-10-08,135.30737967870155,135.48998308594076,133.28916622533674,133.43331909179688,8256700
2025-10-09,134.99025503960118,139.10358338340103,133.19306604975574,139.0747528076172,13706600
2025-10-10,139.95891987289497,144.94681461629915,139.35344847306882,144.23562622070312,17545200
2025-10-13,142.8612902242619,144.1394993422348,141.602306375654,143.09194946289062,7272000
2025-10-14,142.89977113549347,145.71566511574144,142.71716769917407,145.63877868652344,8371100
2025-10-15,145.436968254818,146.45568780424014,143.36107860811595,145.27359008789062,6101100
2025-10-16,146.446076751293,148.3681934602919,146.35957035430215,146.7247772216797,8532900
2025-10-17,147.78193483172066,147.91648240343594,145.83098770955652,147.72427368164062,6710100
2025-10-20,148.40662198685447,148.40662198685447,146.77282579809554,147.65699768066406,4810600
2025-10-21,148.67571752143175,149.14664137225756,146.8881484794825,147.21490478515625,5614300
2025-10-22,147.18606204101278,149.137009074512,146.76320873811474,147.07073974609375,6486000
2025-10-23,147.2052998926524,147.42633919833335,145.14863569150887,145.6099395751953,6091800
2025-10-24,146.1193162244975,146.48452311801555,145.37931179706786,145.64840698242188,3580200
2025-10-27,145.12940073968815,146.9169696674094,145.08135955896003,146.6863250732422,4744600
2025-10-28,145.5138364934886,147.24374431613015,144.08185438885482,144.27406311035156,5626500
2025-10-29,142.2846764787751,142.87092259634787,138.07523666195485,140.46827697753906,7767600
2025-10-30,140.6412664605415,142.32311846590622,140.55477473405188,141.8041534423828,5752700
2025-10-31,140.50671797422515,141.27556753317316,139.6417713857747,140.4010009765625,6313600
2025-11-03,140.1799668663612,140.228022715184,137.67160406950612,138.0079803466797,8331500
2025-11-04,139.06512814852215,139.28616744360434,136.5279349130254,137.33522033691406,8302900
2025-11-05,137.3352193252025,137.70042615623643,136.06663004909217,137.29678344726562,7136400
2025-11-06,136.86431527623682,137.63316484496178,135.79753998247008,136.06663513183594,6449400
2025-11-07,137.36407550640507,138.4404709289011,136.1339218789136,137.38330078125,7592300
2025-11-10,136.94120398331305,137.45056371486336,135.7590917025429,137.06613159179688,6617500
2025-11-11,137.70042063958113,140.08384091998272,137.12377984153306,139.43032836914062,7683600
2025-11-12,138.9305595171771,139.8339564965465,138.4500304570515,138.76718139648438,5790100
2025-11-13,138.488493613822,140.68931045733052,138.0560056886319,139.37266540527344,6663300
2025-11-14,140.20880026096194,141.1218027486024,138.32511946718267,140.1703643798828,5770500
2025-11-17,140.42984121761458,142.34235261075474,139.56489456963007,142.07325744628906,7320200
2025-11-18,142.52494024695787,143.99535818431355,141.70803487527806,142.9766387939453,10821500
2025-11-19,142.5249483405569,143.00547748893058,140.97764389621014,141.38128662109375,8123200
2025-11-20,140.89115844223036,141.3524623391248,139.25734753334513,140.41062927246094,6878900
2025-11-21,140.58361224109476,143.14003093479522,140.29529180732789,140.6316680908203,7911800
2025-11-24,140.15115067105953,140.64128518433876,139.12281112615946,139.83399963378906,9391400
2025-11-25,140.24722893335112,141.39089064244163,139.90126202766226,140.42022705078125,8954000
2025-11-26,140.62207663529182,142.68834639570068,140.53557023143202,142.21742248535156,5180600
2025-11-28,141.4966226460372,143.02471663114167,141.4966226460372,142.9478302001953,2969300
2025-12-01,142.84209910672166,143.9857608243312,142.72676213938055,143.6878204345703,7623300
2025-12-02,143.63978140555875,143.68782258937006,140.82387293283966,142.8228759765625,6830300
2025-12-03,142.89976771488008,144.83148970976154,142.15014337868212,142.29429626464844,5109200
2025-12-04,141.99637241540051,142.47690159447123,140.4394625678791,141.1890869140625,6803000
2025-12-05,141.31813647120063,141.4928266697756,140.2409271387148,140.73587036132812,5971300
2025-12-08,140.72617130580448,142.23038483072744,139.94010234845013,141.32786560058594,6327400
2025-12-09,142.02658625069992,143.20083256836466,139.6586654939957,140.36709594726562,10035200
2025-12-10,143.40464081836578,145.35525685657223,142.6573837098306,145.27761840820312,18526400
2025-12-11,145.7143095377326,146.43245401907615,143.75399441042111,144.63710021972656,7854000
2025-12-12,145.32613262455843,146.2189524971093,144.34597505761008,146.1995391845703,8143100
2025-12-15,146.48098890518284,147.2185319363422,145.84048282632313,146.75271606445312,8409600
2025-12-16,147.4999786165896,147.84934423544408,145.55906180251364,145.92782592773438,7520300
2025-12-17,145.93753329262213,146.77212807670037,145.06411188155263,145.64639282226562,8067100
2025-12-18,145.37467175689412,145.9278253465322,144.84091667354505,144.95736694335938,6643200
2025-12-19,144.74385585416522,145.46200035846985,143.53078292609473,143.78311157226562,17543500
2025-12-22,143.171733265947,144.57889505018,142.08482454566013,142.70591735839844,8818700
2025-12-23,142.8417737716263,142.8417737716263,139.31900505323446,139.43545532226562,7254800
2025-12-24,139.5422091945265,139.73631272424484,138.7270276785825,139.4936981201172,2618700
2025-12-26,139.31899919777268,139.68777811156514,138.8628825858776,139.53250122070312,4975500
2025-12-29,139.49369840306517,140.76499656198945,139.3578348167989,139.9789276123047,7201900
2025-12-30,139.71690142247806,140.9785003437209,139.6683755393494,139.9012908935547,4713800
2025-12-31,139.58103688567866,139.77512560885344,138.93083151863192,139.2801971435547,4380300
2026-01-02,138.98906427694166,139.17345375687677,137.90215552114051,138.02830505371094,7182100
2026-01-05,137.47513238829248,137.62069521649772,135.28188705653878,135.78652954101562,9031400
2026-01-06,135.55362059111178,135.92239951728988,134.47642599562923,134.8549041748047,9576500
2026-01-07,135.10722888162246,135.6992091384682,132.91399807836856,132.96250915527344,8539800
2026-01-08,132.535520486142,135.35954338252432,131.9920513036696,135.25279235839844,8762800
2026-01-09,135.3207235708962,136.63083354453343,134.60257901389596,135.77684020996094,6767600
2026-01-12,135.77682885795343,137.32955330518726,134.4667041858327,137.18399047851562,12223400
2026-01-13,136.93168266190216,139.40633967220984,136.8734427206545,139.24136352539062,9030200
2026-01-14,138.91142533379679,141.97807766462932,138.91142533379679,141.6092987060547,8329500
2026-01-15,141.7451537769363,142.67680037120252,141.23081200144168,142.24009704589844,5797800
2026-01-16,142.8126638139583,143.19114200324535,141.2113985454206,141.9974822998047,10313500
2026-01-20,141.9004197007879,143.29788208007812,140.05655477745827,143.29788208007812,9982800
2026-01-21,142.70591481667617,143.6375466151801,140.6582469410218,142.4050750732422,7679600
2026-01-22,142.34684523842108,142.78356340850763,139.91099974173082,140.1342010498047,8167400
2026-01-23,139.61013721958807,140.5611822454178,138.83376758690255,140.30886840820312,5870100
2026-01-26,140.52236257488167,141.60927111509258,139.88185655310673,141.5607452392578,6589600
2026-01-27,141.44430844496756,144.42362277014837,141.03671770359793,144.38479614257812,7114900
2026-01-28,144.02572992777058,145.60756699792628,143.39492310385097,144.11306762695312,5954100
2026-01-29,144.4430176636834,146.40334768240643,144.05484024580645,144.29745483398438,9062300
2026-01-30,144.60799453522742,149.34383605888615,144.20040380199734,149.09152221679688,12641300
2026-02-02,149.50880567642494,151.99317659415357,148.66451168073306,150.61512756347656,14660500
2026-02-03,151.97378914140776,158.61172094643885,150.90627899380635,158.03915405273438,19096400
2026-02-04,160.01888241156544,162.97878344559254,159.32015119015512,161.27076721191406,13322900
2026-02-05,161.59101517361762,163.04670270443714,160.3682429786162,162.5808868408203,11038800
2026-02-06,162.5032588158958,165.7057745506605,162.3188693475518,165.45346069335938,10960400
2026-02-09,164.49268788970775,164.90997786618058,160.06740024850663,161.5522003173828,10316200
2026-02-10,160.85346945308706,162.46443384738643,158.9028535254478,162.0374298095703,10352500
2026-02-11,162.69734281360965,165.23995385944528,161.11550571073383,164.1530303955078,6733400
2026-02-12,164.74502190906307,166.41421163548557,162.1538996124472,162.26065063476562,9516300
2026-02-13,162.26065996536866,162.92057945256352,160.12565420424966,161.0378875732422,9286100
2026-02-17,161.21254964136656,162.59059883490437,156.05941774772276,157.13662719726562,8749800
2026-02-18,157.0104480272681,159.66950920491473,155.88472760901175,159.5336456298828,7239800
2026-02-19,159.53366395720695,160.17417008794737,158.3108916414468,159.72775268554688,6155800
2026-02-20,159.78597209725314,160.09652589788482,158.20413495034887,160.06741333007812,4811800
2026-02-23,159.6307072550973,163.82307983526363,159.38809265554076,163.34756469726562,6801600
2026-02-24,163.2602112741321,164.77412399761351,162.81380870593625,164.53150939941406,6319800
2026-02-25,163.62898526092218,164.49269261211043,161.09608833988395,164.1724395751953,6832700
2026-02-26,164.61885234125265,165.03614231805338,162.22181906571544,162.62940979003906,7219300
2026-02-27,163.40577728373177,165.24964217556055,162.86232299174094,164.72560119628906,10585200
2026-03-02,164.05598752567116,164.53150264147814,162.2024085176361,162.33827209472656,7264000
2026-03-03,161.62013669557317,162.28005611295,158.83492580416564,160.03829956054688,6718100
2026-03-04,160.16443851350115,161.02814584699132,158.54377485663844,159.07752990722656,6855400
2026-03-05,157.36952766675228,158.572886528914,155.4286109904717,155.95265197753906,7133700
2026-03-06,154.94709821232027,156.20038160295132,152.8321768880117,156.1024627685547,5937900
2026-03-09,155.8478864409948,159.03984007261056,154.80022668209443,158.15863037109375,6416000
2026-03-10,157.34595381242363,159.46087505017817,156.25912053249277,157.42428588867188,5341300
2026-03-11,156.9640982384802,157.55158135500568,154.59460889837567,156.80743408203125,4359700
2026-03-12,155.55414320649203,158.16841456230614,155.37790724422652,155.5443572998047,6165600
2026-03-13,156.4451567315188,158.13904492032492,155.91643389431496,156.54307556152344,4676800
2026-03-16,157.99218907287343,158.2075985567983,154.25191070682953,154.42816162109375,4498700
2026-03-17,155.5149987713053,155.78915358661934,153.02800373769196,153.23362731933594,5460200
2026-03-18,152.00970454654095,152.86154158821958,150.09060605066855,150.33538818359375,5124400
2026-03-19,150.54100791920536,151.45159025917013,149.4737614324782,149.55209350585938,5555500
2026-03-20,149.26815075634542,150.20812077773732,146.223060239775,146.908447265625,14480700
2026-03-23,149.12128731932629,149.12128731932629,146.81054324816284,147.73092651367188,6783000
2026-03-24,147.30989829844128,149.39544704571202,147.06511614276414,147.4469757080078,5803700
2026-03-25,148.14215327964757,148.67087612532328,145.91952727770808,148.56317138671875,4978500
2026-03-26,148.7589935008929,149.95353152768627,147.52529690581997,147.6819610595703,5677100
2026-03-27,147.9855020146973,151.31453341373148,147.32948761890069,149.84584045410156,6663600
2026-03-30,150.6095655499855,155.08417539765304,150.1689457361383,153.5469512939453,10386800
2026-03-31,154.37920475304423,154.37920475304423,150.95225464896237,152.0488739013672,8033800
2026-04-01,150.34519349945418,151.91179023255023,150.06123785024408,151.42222595214844,5412600
2026-04-02,151.43201298876735,153.78191534425542,151.00119407085444,153.7329559326172,5410000
2026-04-06,153.14548792738094,153.58609275182206,152.15655860862577,153.45880126953125,3562500
2026-04-07,152.92029676546719,153.27278365721006,149.38565688092115,150.01229858398438,5151100
2026-04-08,148.71003842613572,151.58867854977672,148.58274694274692,151.569091796875,6878500
2026-04-09,150.49205166802795,154.71209323052315,150.05144681877658,154.2029571533203,4339400
2026-04-10,153.87985548234764,154.49669634542454,153.0671769455911,153.7819366455078,4412700
2026-04-13,153.71338963647122,153.7525482029982,151.71595911634196,152.62655639648438,5827800
2026-04-14,151.28514232562267,153.36090494852033,151.06973285588504,152.4698944091797,5655800
2026-04-15,151.78452258202748,152.50906819771822,150.13957873442837,151.61807250976562,7684800
2026-04-16,152.29365012297882,156.45494651593916,151.04036675750075,155.0743865966797,10422100
2026-04-17,154.9568784238755,156.6899401348414,153.2042448990029,154.3791961669922,7799900
2026-04-20,155.42686910214601,155.5247729915055,152.58738738503644,153.71339416503906,5731000
2026-04-21,153.468605502794,153.7623320986935,150.52141917453775,151.68658447265625,6357300
2026-04-22,151.84325384484694,153.93858829618517,150.34518839292508,150.58016967773438,5921300
2026-04-23,151.92159452173948,153.34132797900546,151.34391224345387,152.4503173828125,6077600
2026-04-24,152.6755031597438,153.0182041183358,151.43202069468106,152.19573974609375,5364900
2026-04-27,152.28385939806734,153.3804785730879,150.7857939392211,150.8837127685547,4077000
2026-04-28,153.52736501776255,154.8100210728406,152.078258896179,153.0279998779297,5174300
2026-04-29,152.34261546978044,153.22384017502011,150.27665352370698,152.0488739013672,4047600
2026-04-30,152.72446100479027,155.68143329211756,152.03907403496353,155.1820831298828,7065100
2026-05-01,156.2199528922024,156.6605577227346,153.16506185719487,154.12461853027344,4447300
2026-05-04,152.64613562986142,153.4588141227184,150.4626831371951,151.3634796142578,5330800
2026-05-05,150.83474948832915,153.04757453559037,149.35625588098753,151.8040771484375,6200100
2026-05-06,152.5482308660731,153.6546359666207,151.6376335468742,152.70489501953125,5296600
2026-05-07,151.77471648515746,154.06588872723103,151.6474399286042,153.0279998779297,4464000
2026-05-08,153.47840139162687,154.01692508632738,151.1578714912001,151.39285278320312,4934400
2026-05-11,151.16765129530032,151.47117874542764,145.9488945015607,146.29159545898438,8373300
2026-05-12,147.3980083448039,149.53251639623434,145.2635152336898,148.68067932128906,6250700
2026-05-13,147.54488653272873,150.04166737309015,145.85099829073266,146.15452575683594,5524900
2026-05-14,146.37972564969937,146.85950404204854,145.0578960640269,145.56704711914062,5022200
2026-05-15,146.43846360594267,146.9769872967206,145.0970622728089,146.0076446533203,6230600
2026-05-18,146.85951098391334,146.9867875484704,144.4018885207864,145.94891357421875,8799400
2026-05-19,147.16302089595797,149.3856468400642,145.8607781595572,147.23155212402344,10093900
2026-05-20,146.44825725012896,147.50570288506162,145.29287784853176,146.17408752441406,7425800
2026-05-21,146.1740901316135,146.54616374999878,143.32483749393919,145.7432861328125,6123100
2026-05-22,146.2916059337681,147.6917526433998,145.4397539027054,147.42739868164062,7774400
2026-05-26,146.5853521536971,147.1140750343239,142.46321409313896,142.6394500732422,9059200
2026-05-27,143.21714339696015,145.80204228334347,142.6590329279272,144.65646362304688,7404500
2026-05-28,144.68583061171262,145.50829501141862,142.58069525636705,143.23670959472656,7625200
2026-05-29,142.11071108694327,143.70669533625968,140.55390034453268,141.1805419921875,12776400
2026-06-01,139.6139440166876,141.10222367760863,138.37046144700977,138.5662841796875,8077300
2026-06-02,138.58584917353755,139.9076786996062,137.87108951130173,139.0362548828125,7864700
2026-06-03,138.83062553773877,140.6811778330713,138.8110537244702,139.56497192382812,6225100
2026-06-04,141.83656573509418,142.65903015104385,138.26275241844283,139.18312072753906,8089800
2026-06-05,140.06371120513737,142.8143254527316,139.71741975666563,140.41990661621094,13228700
2026-06-08,139.43047706353104,140.36054370097895,137.7880196015487,139.19300842285156,8800500
2026-06-09,140.03404062402373,142.77476622399638,139.36123540388888,141.2708282470703,10390200
2026-06-10,142.42845627002652,143.91260138245647,141.48850071832183,142.7945556640625,11249200
2026-06-11,143.32884576312276,143.86313137747558,142.0524875692489,142.21078491210938,8653900
2026-06-12,142.28005330888078,142.8341317567156,140.90474605532452,142.74508666992188,6781700
2026-06-15,141.5082924488725,145.21865520115114,141.30050549184284,144.7041473388672,8976400
2026-06-16,145.31758829315368,146.07945366776724,143.49704060349688,144.5755157470703,9345200
2026-06-17,143.97196308452527,144.32815851123533,139.36123046336755,140.09339904785156,10126600
2026-06-18,139.559111507425,141.22134674385373,139.54920754452675,140.51885986328125,19130300
2026-06-22,139.78668459660318,140.98390167143734,138.99513748987445,139.22271728515625,10345000
2026-06-23,142.16129888403006,142.16129888403006,139.38100292666553,140.5485382080078,7589000
2026-06-24,140.51886257561333,142.22068350147524,140.1725560125873,140.76622009277344,8324100
2026-06-25,140.4891815753522,141.58744956086855,137.8968645164054,138.0452880859375,7333300
2026-06-26,139.03472370419237,140.63759565602908,138.71809882123404,139.89552307128906,9735700
2026-06-29,140.46939054262367,140.86515653809323,136.07631854438839,137.2141571044922,10042400
2026-06-30,137.34278647757802,137.66930021446228,133.51369691344348,133.9688262939453,14148300
2026-07-01,135.7597077010077,139.84604365852172,135.16604361496206,139.66795349121094,9391700
2026-07-02,141.7259651993828,143.21011026812354,140.65737893818897,142.6956024169922,13040200
2026-07-06,142.7153917410378,143.1705210963408,139.88562127555292,141.77542114257812,9006600
2026-07-07,145.43633495212399,147.4646545668194,143.01221914382054,143.44757080078125,9256700
2026-07-08,144.45679383395426,144.45679383395426,140.934425112234,141.00367736816406,8997900
2026-07-09,135.64096663900548,137.2735353366723,133.26634047558733,136.40283203125,18763700
2026-07-10,134.4239643502271,136.50177345022746,133.87977481475042,135.9279022216797,9074900
2026-07-13,136.561135506319,138.767560222303,136.2939851737771,137.0261688232422,6716300
2026-07-14,136.7887024069684,137.32298798323302,133.97872472956806,134.01829528808594,8518600
2026-07-15,133.66210538588868,135.5420315893886,133.22675373670964,133.9688262939453,8078300
2026-07-16,135.5914853544139,138.14421665643164,135.05719977841213,137.9562225341797,7805600
2026-07-17,139.4007944277792,140.45949179228919,134.74057240692864,135.67063903808594,8579300
2026-07-20,136.11589620526743,136.13567393562545,132.53414923743347,134.0281982421875,8758700
2026-07-21,133.47411003630194,133.949047338797,132.85077936022233,133.57305908203125,7989500
2026-07-22,134.91868853470933,134.91868853470933,133.29602378068546,134.2161865234375,6198700
2026-07-23,133.27623256082987,133.90946722620518,132.31648414803374,133.52359008789062,7755700
2026-07-24,134.09745650305294,135.6805506578769,133.14761208816236,135.1957244873047,7968300
2026-07-27,135.6211877885543,138.82693157296873,135.56180930207955,138.3124237060547,7237900
2026-07-28,141.69628213763494,143.8928029284583,140.2912782003228,141.3499755859375,10648800
2026-07-29,141.76553950839082,143.6949251292903,141.07294147749164,141.98321533203125,8390800
2026-07-30,139.60859000049058,141.01357889910406,137.94633961927565,138.7180938720703,8253100
2026-07-31,138.0551724325427,138.6785181896626,136.91733392423276,138.08485412597656,9699400
2026-08-03,139.5887996469044,140.0538329994634,137.24385515240832,138.1541290283203,6645300
2026-08-04,136.31378640595798,137.73856813735512,135.6805517583931,137.62973022460938,8525200
2026-08-05,138.74778100089753,138.7873666601581,136.462199847525,137.3131103515625,6257600
2026-08-06,138.6092533879925,139.03471616420634,135.69043773247301,136.97669982910156,8510300
2026-08-07,136.08620030565325,138.01560095098017,135.7003231960887,137.55056762695312,4734000
2026-08-10,137.05585865581244,137.05585865581244,135.73001087695707,136.27420043945312,5883800
2026-08-11,135.5618103089342,137.04595543422474,135.45297239584605,136.947021484375,5823900
2026-08-12,136.06642751756058,137.28342227693042,135.28476930729107,137.23394775390625,5472700
2026-08-13,137.9364498022582,139.34143869118154,137.85729358488868,139.13365173339844,6246700
2026-08-14,139.13364806931799,139.77678665694404,138.63893304691535,139.30184936523438,3867000
2026-08-17,138.23328732215685,138.41137749516867,136.2049525769921,136.77882385253906,6856200
2026-08-18,138.87639890695473,139.31175053353675,137.58024798986088,138.64883422851562,6224700
2026-08-19,139.3810049992557,142.11184157393262,139.1435514518955,141.07293701171875,6954200
2026-08-20,140.24182919759406,141.854590010258,139.61848339722084,140.57823181152344,5350000
2026-08-21,141.16198872759466,142.04258090129292,140.1428769455901,141.9634246826172,6627600
2026-08-24,143.37832254612468,144.35784870411655,142.85392578947105,143.14085388183594,5997000
2026-08-25,142.21077953838582,142.34929914409528,140.578225964131,140.76622009277344,10194100
2026-08-26,141.181772507001,141.181772507001,139.7273091642623,140.6870574951172,8577000
2026-08-27,139.07428165866637,139.59867836321212,138.20357840696596,138.2431640625,6241300
2026-08-28,139.17323325783477,139.7965639176636,138.51031694174438,139.5789031982422,5465100
2026-08-31,139.54921119246345,139.54921119246345,137.85729421812061,138.8566131591797,6555600
2026-09-01,139.69763487120713,139.9350884270868,137.8968648857604,138.3124237060547,5529500
2026-09-02,138.78735623458877,140.21213791083318,137.82760788593814,139.0347137451172,7054500
2026-09-03,138.83684059809875,139.26228829956483,137.11522676767714,138.54000854492188,10320000
2026-09-04,137.74000549316406,139.47000122070312,137.42999267578125,137.6300048828125,6138900
2026-09-08,137.0,138.97999572753906,137.0,138.4499969482422,10086300
2026-09-09,138.00999450683594,138.1199951171875,136.3300018310547,136.69000244140625,7371700
2026-09-10,137.5,137.7899932861328,136.47999572753906,136.64999389648438,7445600
2026-09-11,137.30999755859375,137.49000549316406,136.0399932861328,136.32000732421875,8767100
2026-09-14,138.0,138.8000030517578,136.14999389648438,136.33999633789062,10764800
2026-09-15,135.77000427246094,136.02999877929688,134.75,135.5,8173500
2026-09-16,135.4199981689453,136.0500030517578,134.24000549316406,134.33999633789062,6880700
2026-09-17,134.77999877929688,134.91000366210938,132.92999267578125,133.66000366210938,10553600
2026-09-18,132.2100067138672,132.3000030517578,129.5500030517578,129.75,23539900
2026-09-21,129.64999389648438,130.22000122070312,127.9800033569336,129.58999633789062,12011300
2026-09-22,130.41000366210938,131.41000366210938,129.92999267578125,131.19000244140625,7740400
2026-09-23,131.08999633789062,131.38999938964844,129.22000122070312,130.17999267578125,8173400
2026-09-24,131.02000427246094,131.19000244140625,128.11000061035156,128.14999389648438,9642900
2026-09-25,127.75,128.72000122070312,126.9000015258789,128.6300048828125,6705400
2026-09-28,127.4800033569336,128.75,126.72000122070312,128.5,7512700
2026-09-29,126.51000213623047,128.94000244140625,126.41999816894531,128.69000244140625,8413900
2026-09-30,128.89999389648438,129.97999572753906,126.69999694824219,126.72000122070312,9807500
2026-10-01,126.94000244140625,127.30999755859375,125.52999877929688,125.5999984741211,8538700
2026-10-02,125.95999908447266,126.30000305175781,125.16000366210938,125.88999938964844,6091400
