Date,open,high,low,close,volume
2016-10-03,237.09113078958296,241.66064329710292,234.7464018681628,237.89816284179688,18125170
2016-10-04,238.41073448735253,241.7369825977741,238.18170558059822,239.13050842285156,13113580
2016-10-05,240.79910066090105,241.34438747710735,236.8294021557144,237.61460876464844,10789932
2016-10-06,238.18170914494164,245.65215753884016,238.18170914494164,242.28228759765625,21111045
2016-10-07,242.9802219533401,244.95415098980746,241.34436167957992,241.8896484375,15280380
2016-10-10,242.98024701728107,244.72517647062278,238.61793794393364,239.13050842285156,11553662
2016-10-13,237.52737183641736,237.53827728184586,229.45710925920062,230.58041381835938,21938040
2016-10-14,231.8563900627462,236.00057598454413,231.56192846345715,235.05177307128906,15265659
2016-10-17,235.5643038486653,235.73880551362342,230.92935908331,231.34378051757812,9826781
2016-10-18,232.51071391954494,236.16415450156984,231.64916919817793,235.80426025390625,11073137
2016-10-19,236.5349348480837,238.77062384438344,235.86968815162695,237.16746520996094,17073242
2016-10-20,238.60703143109822,239.49040159889924,236.4476950742572,237.2111053466797,10125508
2016-10-21,239.27229411104634,239.27229411104634,230.85304297465063,232.1181182861328,43608816
2016-10-24,233.38317198515514,234.25563668670898,231.34379557327733,231.9217987060547,10513017
2016-10-25,232.2926017030756,232.34712892770003,229.93695279926723,231.38742065429688,7658966
2016-10-26,230.34046819566052,231.08206756855105,229.4789089289222,229.90423583984375,10945927
2016-10-27,229.26078055801574,229.87149998028323,227.58129850677884,228.7373046875,12842476
2016-10-28,229.02087203518477,230.76578683590748,227.66855323662065,230.1005401611328,8127969
2016-11-01,229.30441582195954,230.31865129074313,228.4537620223326,229.23898315429688,10223897
2016-11-02,227.05784412653767,227.46136015158623,222.69553508602482,223.29534912109375,7039997
2016-11-03,223.31714785141972,225.69460753224655,222.60827940493752,223.33895874023438,7311872
2016-11-04,222.53197205271658,223.98244003939422,218.1151354171956,219.32568359375,11535892
2016-11-07,221.1687390887076,221.7249313688768,217.90792352614616,218.365966796875,9506040
2016-11-08,219.35836362231106,219.35836362231106,217.7442996540723,218.87850952148438,13432073
2016-11-09,207.20938721941647,220.07817761489426,202.84707774026717,219.11846923828125,21640144
2016-11-10,222.17206638137736,224.42956636996118,219.64193025891092,220.38352966308594,9764091
2016-11-11,217.64615712724017,221.93212782976445,217.04634312337697,218.49681091308594,14775330
2016-11-15,217.3517150642381,218.11511075194684,213.65465283717185,214.93063354492188,14487470
2016-11-16,217.0245205105068,217.41713104891895,213.90547621090911,215.1814422607422,16550762
2016-11-17,215.06151186323157,217.7116078808309,212.5313757443697,213.26206970214844,12628378
2016-11-18,214.84340031350146,216.5228825551867,214.18904448115077,215.38868713378906,18163751
2016-11-21,215.39957967636647,216.70826214266268,214.45077688029838,216.26113891601562,13232434
2016-11-22,217.61347416518802,219.81643251865887,216.6537657878323,218.43141174316406,17646355
2016-11-23,219.20570599564596,220.4053487091396,218.01698328791883,220.0781707763672,13107911
2016-11-24,219.32567085243767,219.32567085243767,214.2326823060655,215.35597229003906,18913793
2016-11-25,215.9339949894038,217.22086676904135,214.70165044110612,216.7410125732422,10454964
2016-11-28,216.5882974364724,218.24596865159003,214.6470701092924,215.20326232910156,8312777
2016-11-29,215.71584345277975,219.0530114968794,215.5086400006326,217.6134490966797,9885281
2016-11-30,218.1042217031886,218.1042217031886,215.2032858398047,215.94488525390625,27596098
2016-12-01,218.11511871945842,221.38685416345433,217.02454509146204,217.62435913085938,12627845
2016-12-02,217.22087226758288,219.2057217786302,216.32661109096418,216.9700469970703,12481430
2016-12-05,217.02456793902326,218.0497090044638,215.17058384024463,216.77374267578125,3987213
2016-12-06,217.24266834598842,219.54379020989808,216.93731586357902,219.24932861328125,6726369
2016-12-07,218.98757527084422,219.77278184728613,217.31899855589973,217.92971801757812,4930865
2016-12-08,219.21660670809848,222.870047438481,219.06393047077154,222.48834228515625,8750556
2016-12-09,222.91368000735392,225.06211111944657,222.54288028160954,224.42958068847656,8239158
2016-12-12,222.5864934271383,227.21053341340274,222.5864934271383,224.04786682128906,9023848
2016-12-13,224.22232391948847,227.05782676298645,224.12417492198392,226.79608154296875,10365823
2016-12-14,226.79611047056923,232.1726552908185,226.44713621270844,231.09298706054688,24139260
2016-12-15,229.54437725333105,232.85972016620684,228.72643969100562,229.66433715820312,19331986
2016-12-16,229.45710925920062,231.63827114493978,229.45710925920062,230.58041381835938,14942206
2016-12-19,230.11145859417073,232.71793277787455,229.96967324760445,231.7582244873047,15009634
2016-12-20,230.04602499225058,231.42014019181653,229.70794163489361,230.74398803710938,11688169
2016-12-21,231.22384631858503,232.79427411762782,230.59131593286094,231.91090393066406,20367894
2016-12-22,230.76582252986208,231.78005814566168,229.22811093687588,229.7515869140625,28892834
2016-12-23,229.4571077741469,233.15417023054383,229.4571077741469,230.61312866210938,10265033
2016-12-26,229.96968635445938,232.5107280122672,227.85397164057773,228.46469116210938,15321770
2016-12-27,228.55193593140532,232.75064877657007,228.3665288046274,232.2271728515625,17442849
2016-12-28,232.9251429541673,233.2850372135143,228.38834661333428,228.9554443359375,9637310
2016-12-29,229.02087728122407,233.12144098885716,228.91180827367563,232.3907470703125,8772325
2016-12-30,232.2489655179758,236.6548960344083,231.87816585352218,236.08778381347656,15711974
2017-01-02,236.4367776974772,237.74547471558395,233.89573633265823,236.6767120361328,7097888
2017-01-03,237.71277233077117,239.2722946635221,235.80426119404578,237.61460876464844,6434204
2017-01-04,238.37803083895733,238.39984173028458,232.13994119927543,232.76156616210938,10392483
2017-01-05,233.60129684154023,235.54250970213045,233.11053726397373,234.99722290039062,8734164
2017-01-06,234.29927842195005,236.6549274927825,234.05934405658374,234.46286010742188,7845839
2017-01-09,234.9099763621418,236.87301464750885,233.60129387856793,235.06265258789062,5228980
2017-01-10,235.5643230993557,238.7051786052128,235.5643230993557,237.7127685546875,11349916
2017-01-11,238.83604389964992,238.98872011962422,236.4367733571677,236.8839111328125,11475958
2017-01-12,237.0911361628406,237.82183011640626,235.52070836294743,236.28411865234375,4371992
2017-01-13,236.55672203594514,239.38131933167153,236.55672203594514,237.83270263671875,7234429
2017-01-16,237.73457818651454,238.6070283379646,234.24473390069468,234.74639892578125,12013154
2017-01-17,232.29258196304224,232.94692316293663,226.51253648396354,227.1123504638672,39234251
2017-01-18,227.4068201585827,228.58465190800652,224.38592450942386,225.2147674560547,15867619
2017-01-19,225.78187987637995,227.99575817338288,224.87669875514263,225.4656219482422,15284274
2017-01-20,225.52015387669454,226.28354965845992,223.3280864256083,223.7425079345703,8784907
2017-01-23,222.87003130019446,224.87667681121007,220.90699300810724,221.58314514160156,13708502
2017-01-24,221.82307709246723,224.3968349908142,221.82307709246723,224.06967163085938,9419288
2017-01-25,225.0947920226412,225.2474682433215,221.63766424862547,221.8885040283203,23856654
2017-01-27,222.53198630849104,224.4186868126294,222.25933558314938,223.58984375,21861796
2017-01-30,223.55709481925751,228.24656721941435,223.52437848418708,227.8866729736328,15678126
2017-01-31,228.33380170217706,229.84970218019618,226.90514478087738,227.97390747070312,15125194
2017-02-01,228.1702179242346,229.21716971520297,225.79275822557454,228.94451904296875,11312284
2017-02-02,229.02087035165306,229.19535746244085,226.45801811192754,227.60311889648438,9099129
2017-02-03,228.14842977134933,229.11904354762012,224.68039615815806,225.4547119140625,13219481
2017-02-06,226.18537997086602,227.9084839653648,225.10571179304637,227.19961547851562,9991907
2017-02-07,227.27597069451002,227.35230881545232,224.04787136318936,224.85488891601562,9905562
2017-02-08,224.85484791296284,226.45800640044064,222.91363522582236,223.60069274902344,16230826
2017-02-09,224.22233072784405,225.531027747659,223.96060005988468,225.2583770751953,9861688
2017-02-10,225.74915676916052,225.86911666933952,223.6879693351467,224.69129943847656,12518554
2017-02-13,225.3129120793158,225.5310355368213,222.91365596680097,224.6258544921875,8565757
2017-02-14,225.74916506624677,229.65343116835373,224.63678046732463,228.97726440429688,18244623
2017-02-15,229.65340162480157,230.65673163593493,227.98481038106493,229.30441284179688,15236663
2017-02-16,229.57707520279018,233.26321754094187,229.57707520279018,232.837890625,19655195
2017-02-17,232.6198007620418,235.17174790653675,230.86396572945753,234.58282470703125,14847356
2017-02-20,233.50313211617075,235.31349418974352,232.61977652895155,234.5609893798828,11650581
2017-02-21,234.51738677981467,237.95270408663046,234.0484380558998,237.35289001464844,14186476
2017-02-22,238.39983964580279,264.2791899796737,238.18171617443,263.3740234375,127323130
2017-02-23,264.7044956271861,266.53666857532676,257.2340476136446,257.97564697265625,62249698
2017-02-27,259.6660187022134,274.12704515863584,259.6333169301458,270.2228088378906,83422197
2017-02-28,268.71784244961253,272.2077015775386,267.9544321253768,270.0374450683594,36111716
2017-03-01,270.4845308527283,271.42242812886707,268.2815729901732,269.2630920410156,24385665
2017-03-02,270.0047169453847,273.66906324335594,267.63819150796195,269.75390625,18063590
2017-03-03,270.800820104699,280.8886327717915,270.800820104699,274.5087585449219,84305639
2017-03-06,276.7881057600534,286.1670512224952,275.9701827655425,284.7165832519531,66724743
2017-03-07,287.6611347207693,289.4387660264565,282.70991683816817,284.62933349609375,42071555
2017-03-08,285.2291332362857,285.2291332362857,280.5178645125562,281.6302490234375,43336972
2017-03-09,281.36850450430023,283.11340473985325,279.51452070401393,280.65960693359375,31094457
2017-03-10,281.4230667482268,282.6772367635016,275.0868131135091,279.5472717285156,24785585
2017-03-14,287.63933564170037,287.6938774317287,280.3324829788653,281.25946044921875,27765035
2017-03-15,281.59753227141823,287.1049424373943,281.4557760391947,284.62933349609375,24107889
2017-03-16,285.73076561186275,285.8180091575145,282.15366376010695,283.03704833984375,15924023
2017-03-17,285.2945555765743,287.9010296392679,283.124328418439,283.70233154296875,22727289
2017-03-20,284.85836770391387,284.9129094927155,278.8274960392178,279.36187744140625,12869337
2017-03-21,279.6672205310077,280.0380056743551,274.67238094113867,275.6539001464844,22596181
2017-03-22,273.08014660775535,276.11194799714235,271.8914384175392,274.7596435546875,20291685
2017-03-23,275.51210453375325,278.65296004986203,274.3888291401525,277.7259826660156,11807911
2017-03-24,277.9004566821145,281.8047222831855,276.6680977767457,280.65960693359375,16282523
2017-03-27,277.24608305065016,278.91468874752735,272.03313532840855,272.8837890625,32452615
2017-03-28,274.3888873691726,275.6975701652681,270.9208386474933,271.71697998046875,21707345
2017-03-29,273.01467764631025,274.8250397064237,269.0122775216132,274.0943603515625,18924345
2017-03-30,273.7344433912039,278.04222472986515,273.2982256394453,277.14794921875,27862325
2017-03-31,276.1337475475613,291.76170259699813,276.1337475475613,288.1082763671875,45390562
2017-04-03,292.71043539898244,301.1078591200992,291.6307529068356,299.8318786621094,44886623
2017-04-05,304.31426121502307,309.28729048960577,301.02072896528307,308.6329345703125,40323877
2017-04-06,307.32418851912024,316.0269661161793,305.841018959726,313.7585754394531,50620850
2017-04-07,310.0070067455602,312.77704778944496,305.9173341643747,306.8006896972656,31875272
2017-04-10,307.54234627690647,310.79225658671766,300.4099806611396,301.2933654785156,30768410
2017-04-11,302.71106701414163,305.45932647845814,298.8395321694194,299.3302917480469,32249647
2017-04-12,301.60962337617667,302.4057646627581,294.7062863570316,295.3279113769531,27448279
2017-04-13,295.32786921145197,299.5592983934516,293.8774013320534,297.68353271484375,12713918
2017-04-17,297.7271426609843,304.39055863726304,297.7271426609843,303.5835266113281,11837502
2017-04-18,305.3502879516684,307.54232616249385,298.1633810152431,298.8613586425781,16016414
2017-04-19,298.5995910188473,301.55506857224754,296.10217128140476,298.55596923828125,11572557
2017-04-20,300.78074523688343,302.48202367357453,297.53080634420576,298.71954345703125,8393496
2017-04-21,301.10798237336303,309.94165653226935,300.682655379933,305.9065246582031,30230907
2017-04-24,307.3350899915316,312.9952051139542,305.4047825849342,309.1563720703125,25512511
2017-04-25,318.4480561910905,320.1384437226784,311.0539611809138,312.51531982421875,36764315
2017-04-26,312.9951778999978,314.09664228731106,305.9282464550188,308.9491271972656,16763153
2017-04-27,309.06916371802555,310.6286861796481,305.8410643345287,307.43328857421875,12571594
2017-04-28,307.4878261720635,309.78891893202416,303.39815292831315,304.3142395019531,11848658
2017-05-02,305.79736636197384,305.79736636197384,298.01067525842427,298.9376525878906,18591411
2017-05-03,300.32270822674064,301.16244205882936,297.7271540548239,298.83953857421875,9500038
2017-05-04,299.90828105260044,300.9116110532944,295.3387688277013,296.1894226074219,14365934
2017-05-05,296.98557659474193,298.23974655293347,289.0025572379298,289.71142578125,15598448
2017-05-08,290.0930490433989,292.1651414188515,287.5520080667645,288.2172546386719,16066733
2017-05-09,288.78439852362084,290.88919289884814,287.96644654235683,290.16943359375,21106150
2017-05-10,291.1400847592102,297.4217963567215,290.23491818388015,296.4402770996094,22906024
2017-05-11,297.53080109049307,298.76315995890866,294.8152726983295,296.53839111328125,13783848
2017-05-12,296.6474619814442,297.5090066766222,293.1576323017237,294.5535583496094,7523427
2017-05-15,295.851313990997,295.851313990997,290.8564753030619,293.1684875488281,6738085
2017-05-16,293.5938399125287,300.3226883694539,292.49234635104966,295.82952880859375,12655992
2017-05-17,295.10975038981377,297.9343333779051,293.9646350119328,295.1315612792969,9844573
2017-05-18,292.32879839319924,294.4554038648374,288.8062377106258,289.5151062011719,9790379
2017-05-19,290.747444959486,291.33633895314074,285.7307949690363,287.6611022949219,12813204
2017-05-22,289.32973974050793,290.8783714002991,286.86505056480485,288.8171691894531,8801430
2017-05-23,289.1552493667427,290.06044510595825,283.98592212742875,284.7602233886719,9223001
2017-05-24,285.1855297491947,286.53786325702066,282.4809209735732,283.0480041503906,14326531
2017-05-25,283.5497249679749,286.25433413653053,282.7753945301848,284.0841064453125,25922008
2017-05-26,284.4112134677526,293.23396609799767,283.54966874247975,291.68536376953125,21430443
2017-05-29,291.61990493129684,297.82526281349783,291.31452337504686,295.96038818359375,24022633
2017-05-30,295.7423216973924,297.6617383832214,294.12825749157685,296.49481201171875,9658309
2017-05-31,298.1634110275898,298.3706290715659,291.3582085561189,292.4269714355469,16423338
2017-06-01,290.6820541461166,292.27427836711075,288.56633940204534,289.71142578125,9534069
2017-06-02,291.1837178748836,291.9907500279187,287.2576406936465,288.9480285644531,11495005
2017-06-05,289.2751564201241,292.49233518677266,287.00676583753545,289.9512939453125,10835031
2017-06-06,290.95465656746495,290.95465656746495,285.94892619036233,286.3415222167969,9591064
2017-06-07,285.99255005999987,292.71050817926755,285.51271046863064,292.05615234375,11199223
2017-06-08,292.27419843376265,293.32115007357294,289.6677247771515,290.4638366699219,7903123
2017-06-09,293.3866467010995,295.09884529203276,290.3112237685909,291.33636474609375,13836547
2017-06-12,289.34062365411125,290.0386012706135,287.2576108098692,287.7919921875,8432435
2017-06-13,288.0428508915313,289.43877709613076,285.9489470246241,286.67962646484375,6025338
2017-06-14,287.01768570940146,296.6365503289753,287.01768570940146,296.0912780761719,52939271
2017-06-15,296.63660433973405,304.27065022907556,296.44030629298345,301.8604736328125,28290813
2017-06-16,302.9837065925329,304.44506526999805,298.6650049868653,302.91827392578125,32710880
2017-06-19,303.22367671348997,308.80741080339817,303.22367671348997,307.3787536621094,15236956
2017-06-20,307.32422170884666,310.1815358121526,306.9861383357052,308.0549011230469,10142474
2017-06-21,307.06252526979085,311.468442257688,306.28819486685387,310.1597595214844,19992472
2017-06-22,311.784688359443,315.2636275144517,311.40298319371925,312.482666015625,22118609
2017-06-23,313.2133644445475,314.52204714924125,312.0355470983214,313.1806335449219,31143289
2017-06-27,312.3408360033211,314.74009199339844,310.81401555871804,313.464111328125,32591540
2017-06-28,314.0749206452655,314.0749206452655,304.39062168809824,305.0340576171875,15567803
2017-06-29,305.3611741463324,307.5423214382329,303.2018377449507,303.7689208984375,12898245
2017-06-30,303.61629744201366,303.703541019254,299.91924893638793,300.9989318847656,7814271
2017-07-03,302.78739708416896,304.2051631862772,299.0358366121598,301.2278747558594,9195278
2017-07-04,303.18000489723477,311.27207765374163,302.9618960078436,310.1487731933594,18816782
2017-07-05,311.78463276585575,315.7107090618043,310.59589569713495,314.66375732421875,27209010
2017-07-06,315.9833213804944,316.26689203449087,313.6494982068909,314.6419372558594,13590313
2017-07-07,314.74009146669783,326.6818878555257,314.0857648086871,325.2423400878906,35845310
2017-07-10,326.1038882208501,327.3689780131679,324.79520577087874,325.6131286621094,3504540
2017-07-11,327.3907753445121,328.13234553411354,324.3371636743567,325.9403076171875,20995547
2017-07-12,327.0417886226503,332.6255509361608,326.6273817309498,329.59375,17104482
2017-07-13,331.6972279419762,335.2697754999661,331.12560741803645,334.6322021484375,23010262
2017-07-14,334.17053955271354,337.6881118210563,333.192195228486,337.1934509277344,20530867
2017-07-17,337.9079429402156,342.8765359785552,337.9079429402156,341.1507263183594,18749450
2017-07-18,340.0624456806391,341.1616887626977,332.19186990933974,334.1485290527344,19640167
2017-07-19,332.5436457900754,338.1278281118845,332.5436457900754,337.017578125,11790198
2017-07-20,338.51250452999676,340.7659660180265,334.9839257847286,336.1271667480469,13626050
2017-07-21,340.7659626407307,349.93366907014655,339.6557421270225,348.460693359375,97142371
2017-07-24,351.75844033158796,357.2326715970578,348.4607110072266,355.11114501953125,43429394
2017-07-25,357.1886956404528,357.24367100289487,351.23078109410665,352.2311096191406,20063064
2017-07-26,352.6818238295933,358.3319295298749,352.0002819207915,356.760009765625,21954323
2017-07-27,357.91425045104086,358.68370016015956,349.1972349728015,350.6152648925781,18409364
2017-07-28,349.83474288721385,353.0665487377584,346.92175305334956,350.53826904296875,14331863
2017-07-31,352.18719895679993,355.891652578929,350.8790903712883,355.1001892089844,16567422
2017-08-01,356.76001845260976,356.76001845260976,349.88974123745953,352.5499267578125,12311920
2017-08-02,353.95691098734613,359.6070162054877,353.5391804266931,358.1780090332031,20786240
2017-08-03,357.6613815881096,366.0266478093563,355.5068639103855,362.7728576660156,19707381
2017-08-04,365.6088766903527,365.6088766903527,355.07811649712875,356.6280517578125,18579866
2017-08-07,358.7056415909039,358.7056415909039,354.51753451555027,355.35296630859375,9537088
2017-08-08,355.715703775665,356.38623879868186,348.85640492672985,352.31903076171875,10961296
2017-08-09,352.08820316656966,356.1554114571411,348.4607097285341,351.4945983886719,10436651
2017-08-10,350.2305007613479,353.2204503327047,346.9107870521037,348.31781005859375,10188164
2017-08-11,340.9748491325664,347.36144256565643,337.02853961889866,339.9415588378906,16996281
2017-08-14,343.1843174949378,348.3507690384517,343.1843174949378,345.83349609375,13440617
2017-08-16,345.602674120104,346.4820744945461,340.8099552875706,344.3055725097656,13576650
2017-08-17,344.9430918310222,351.24177711711064,343.2172822946796,344.525390625,15828719
2017-08-18,343.84383184058265,346.8777495577848,341.4584648502155,346.35009765625,7935890
2017-08-21,346.7018690872631,348.273788599654,343.01940071000473,343.9317626953125,7573558
2017-08-22,345.60265805485136,347.33944509592527,342.09606353362403,342.9754638671875,9533641
2017-08-23,344.03075037998343,348.8014555298424,341.45850211335465,347.8121337890625,8320052
2017-08-24,349.55993193066377,350.24144441651515,343.95376601869066,344.7342224121094,12654347
2017-08-28,347.1525716639717,347.79011558597875,343.228246820904,344.4044494628906,12316426
2017-08-29,343.371180448652,344.61333598676276,336.36899822657466,336.8416748046875,15164812
2017-08-30,340.22734452560223,344.8991349911947,338.84230586501064,343.8658447265625,10334911
2017-08-31,346.2621752131938,351.1978061253657,346.0423324747119,350.54925537109375,25104625
2017-09-01,351.72548108724953,355.40795023557746,351.5386294074586,353.97894287109375,15431918
2017-09-04,355.1661275674554,359.70601293106546,350.84608497778424,354.6934509277344,21560532
2017-09-05,358.35388610738715,359.42016744025676,356.3862495264694,358.9255065917969,25216776
2017-09-06,357.56243333503215,363.30050521525425,356.77099943555487,361.73956298828125,48745984
2017-09-07,361.8715271572122,366.0486571471458,358.3539254700023,359.71697998046875,16205339
2017-09-08,360.5523854654127,361.9814220530865,357.07878193740225,359.1893310546875,13248413
2017-09-11,361.1239871378895,363.5643002551419,359.0354224046733,359.6289978027344,12690592
2017-09-12,361.7615485749285,362.7508703043641,359.23329823942754,362.2012634277344,6500191
2017-09-13,362.3111893648229,378.0963393329069,361.4317889996409,373.30364990234375,29377106
2017-09-14,376.29360252971753,378.7998686425318,370.22576637590083,371.0391845703125,11867640
2017-09-15,370.225754482086,374.99645952368064,367.0379465789162,370.1378173828125,28595395
2017-09-18,373.74331069035946,374.20500979350754,370.7093928393166,371.7866516113281,5061995
2017-09-19,373.17174430300236,373.1937285783475,368.0272771147383,368.73077392578125,7718697
2017-09-20,376.4255374054256,383.6365857978323,371.58884965701105,372.490234375,24942703
2017-09-21,372.4242218722812,374.49080230392065,367.697456267361,369.9399108886719,12950541
2017-09-22,369.3023971813547,369.3023971813547,357.56244184178007,359.4091796875,12294087
2017-09-25,358.3539194922093,364.048023186431,354.04488391361116,361.23394775390625,14229631
2017-09-26,361.2999007079691,363.65227698559784,357.1227707862714,360.59637451171875,10564143
2017-09-27,363.01473922293127,363.0587077764853,349.7798230336181,351.38470458984375,18448855
2017-09-28,351.6045620454738,353.03356932788677,343.05241457234666,345.800537109375,29547622
2017-09-29,348.13096578073163,348.8564763121598,342.5687966437991,343.3602600097656,16666208
2017-10-03,349.5599526874431,353.4512574244829,345.31684084671826,351.0329284667969,18345748
2017-10-04,351.4066684936975,362.72889324399273,349.8237713060179,360.0467529296875,18907611
2017-10-05,362.7508689051354,364.2678425817863,359.95880727962185,362.37713623046875,10631751
2017-10-06,362.3112435744364,369.0606225747972,361.6956544212528,368.04931640625,12997688
2017-10-09,368.90666114125344,369.2584389106859,364.07000298871617,365.2351989746094,8850408
2017-10-10,365.3890474118601,372.5561260737543,365.3890474118601,370.75335693359375,14732024
2017-10-11,371.67666999170154,377.436724925629,367.5874783054084,369.4122314453125,15420644
2017-10-12,370.26971810699587,385.52724490054436,370.26971810699587,383.7464599609375,18642942
2017-10-13,386.62648387087313,391.6390158155488,384.0102671755721,385.3733215332031,21509701
2017-10-16,386.49455905206776,392.2106168420422,378.7118915266222,385.5272216796875,32009221
2017-10-17,386.05486306295046,388.69306403032414,381.3061130622782,384.4499816894531,13898844
2017-10-18,385.79110880658294,403.59887257665656,384.73583413392305,402.1039123535156,36671941
2017-10-19,402.67544083968835,405.357610334306,397.0473199127622,400.08123779296875,8014767
2017-10-23,401.4003587024283,415.38276917369177,399.72949502172276,413.20623779296875,27455320
2017-10-24,416.7018181492623,416.7018181492623,408.1277164485432,410.7878723144531,13857773
2017-10-25,413.36015390028865,415.9103886022918,408.69934066184766,413.272216796875,10011782
2017-10-26,413.3161854077807,421.14279307324165,409.3588983475855,416.5699462890625,16840049
2017-10-27,417.7131061662602,420.6590868200903,407.0284265589064,408.8531799316406,11498547
2017-10-30,410.67799142410144,415.75650599319505,409.18303128823794,414.4154357910156,7823263
2017-10-31,415.4926801805031,415.8444285880789,409.886513825748,413.6899108886719,9504986
2017-11-01,416.7238319399557,421.1427887477525,415.8444315632219,418.8343811035156,17571371
2017-11-02,418.9443084374955,420.5712035603068,415.1848798451769,416.2181701660156,10277678
2017-11-03,420.32931321375895,420.32931321375895,413.3821064679399,415.64654541015625,4798537
2017-11-06,414.4153729206034,414.4153729206034,408.4794431271554,410.01837158203125,9757496
2017-11-07,410.39219632174775,411.1176774385511,397.0693433345378,398.6742248535156,20447574
2017-11-08,396.82750461178887,398.3664332566556,388.7370563717959,390.3639221191406,17752793
2017-11-09,393.41971897418074,400.0811581608841,392.2325390576135,395.947998046875,15007224
2017-11-10,396.1459639767803,396.1459639767803,386.5825398883443,388.62713623046875,13923102
2017-11-13,389.1327849220655,392.16670310241875,384.0762546214768,384.8457336425781,9088619
2017-11-14,384.73581213699094,393.5297574558687,383.85641173480246,389.8802795410156,12481463
2017-11-15,388.91293615910126,391.59507652618277,386.0329079571012,388.5611877441406,15272059
2017-11-16,389.3525876503477,398.36640415948153,389.3525876503477,397.4210510253906,15160866
2017-11-17,404.0605337355176,406.67672121771665,399.4656734078237,400.9606628417969,12219276
2017-11-20,398.45436625934656,406.4348930391286,397.92674364990773,404.89593505859375,9231195
2017-11-21,407.51212455220184,413.16222970682384,406.9405040788137,410.0403747558594,13082246
2017-11-22,412.1949447025352,412.72259669516274,406.03917111373835,409.2489929199219,11058315
2017-11-23,409.3588397240419,417.66912961974884,407.446149295427,416.3940124511719,16031638
2017-11-24,417.71315379733244,421.89028357421563,416.56994211274895,418.1968078613281,13987125
2017-11-27,416.50396182534405,421.01085543962597,415.07492530020517,418.30670166015625,10237135
2017-11-28,417.6471979190636,418.30672618333006,412.48074642479656,414.7891540527344,10153618
2017-11-29,414.1295617708184,417.71311577936956,413.75582911901864,415.9543151855469,8038351
2017-11-30,413.9537427541948,413.9537427541948,404.30238117845596,405.2037658691406,20637767
2017-12-01,406.4788524582643,409.4688018990885,399.1139149064519,400.169189453125,11114967
2017-12-04,401.664136187916,401.7960418329414,394.563010170205,396.4317321777344,10103208
2017-12-05,396.1899371411829,404.85197667570475,393.72763953228923,401.7521057128906,18306627
2017-12-06,400.12519840187605,409.0510483210935,399.5975464824616,407.4461669921875,24078081
2017-12-07,408.94118087702634,411.5573978424175,405.841309827271,409.6007385253906,12095301
2017-12-08,410.61201836946015,411.9750727807388,404.1044968137722,404.9618835449219,12224184
2017-12-11,405.59942166947314,407.16036377318153,401.6861036250772,402.8293151855469,10792248
2017-12-12,402.74144486990264,408.4795172484126,399.24585678915236,402.5875549316406,15782031
2017-12-13,403.15912148393954,406.6986776443967,400.4329834596337,402.1697998046875,9147866
2017-12-14,404.082519566807,406.6767227835391,399.5755963235818,405.1817626953125,10983157
2017-12-15,409.3589013418954,410.21631745807645,403.510907812253,404.41229248046875,24408414
2017-12-18,400.98264168687433,410.0843664141735,379.3055299998507,404.9618835449219,18581421
2017-12-19,406.1051374177366,407.60009752730775,404.52221085324663,407.138427734375,8891691
2017-12-20,407.116450978269,407.77597926606916,403.203132397973,403.7087707519531,10443493
2017-12-21,403.84066176759944,406.2590201230297,400.12523115985636,401.4223327636719,9071450
2017-12-22,402.16980881811315,405.5774594112423,399.81740339823574,404.69805908203125,10658428
2017-12-26,406.6547358258531,412.83249332087905,403.708754868408,408.83123779296875,11596338
2017-12-27,410.23825907165235,412.216873058955,404.0824863179319,406.1710510253906,9520350
2017-12-28,406.8305967702033,410.8538364423893,404.12647228173506,406.3689270019531,15511891
2017-12-29,407.3802301791146,409.9304647272447,403.8626288487955,404.9838562011719,11089700
2018-01-01,405.7093940695705,405.7093940695705,399.0259980520491,400.01531982421875,9453202
2018-01-02,401.4443374776237,404.3243657644046,398.54232491426063,400.6308898925781,9499419
2018-01-03,406.7206883923315,407.1604032514544,401.4662998187556,402.23577880859375,13507800
2018-01-04,403.7087301164242,405.31364082486886,402.6314713366122,404.6540832519531,9008932
2018-01-05,405.3136279478872,407.556082532456,404.6320861225771,405.951171875,7441284
2018-01-08,407.20435740385597,409.3588750180191,406.06114577296336,408.2816162109375,8827020
2018-01-09,408.1057058870631,415.03095773275516,406.2809817737514,413.7338562011719,14294571
2018-01-10,414.6352218215553,416.5698965690251,411.3374927821635,414.34942626953125,11727682
2018-01-11,414.1075988695826,414.48136089217263,411.11764944637065,412.32684326171875,7849171
2018-01-12,414.6353263789822,418.9443624251717,412.5467611922165,417.27349853515625,15071161
2018-01-15,417.71317856338413,421.450593697631,415.6026292741727,417.33941650390625,11120925
2018-01-16,416.701844644829,416.701844644829,404.52220381560244,405.8193054199219,10825151
2018-01-17,407.1603815523922,408.47946735645695,398.8060931893132,406.5008239746094,13204016
2018-01-18,408.47951268696335,408.74332400675223,402.36770766949553,404.39031982421875,9381821
2018-01-19,405.8413069198199,410.85386869756803,405.44558994453865,409.4908142089844,9973533
2018-01-22,416.8337534298782,428.3978052812969,413.31618127350276,427.1666564941406,45700733
2018-01-23,428.7056059033461,435.7187657999639,428.7056059033461,432.3330993652344,22526810
2018-01-24,431.67355475299144,431.67355475299144,423.27532656318414,424.9022216796875,14289485
2018-01-25,425.58374728199215,427.3865166606427,420.4172955393989,424.7043762207031,13669901
2018-01-29,424.83627036811043,429.7168970320304,421.80235223436125,424.0887756347656,9897064
2018-01-30,424.6604006057876,424.6604006057876,417.27344900176803,417.8890380859375,9182956
2018-01-31,417.7131392989015,424.08875512111547,413.997679439338,422.6817321777344,12551686
2018-02-01,423.53919699924336,427.65034492821997,411.82122492509683,415.009033203125,16524809
2018-02-02,411.1176413978391,415.0529439106164,396.16792392595465,397.6408996582031,28965593
2018-02-05,393.09002877417123,401.2244449119785,387.7257191964092,396.6735534667969,19191099
2018-02-06,385.61524115505944,394.84890203599826,382.97703975271725,392.2546691894531,24062503
2018-02-07,396.84948446786,398.10261751571784,391.33125523980664,393.26593017578125,15532284
2018-02-08,394.80488402114116,400.4110209404907,392.364541425599,397.7288513183594,13825894
2018-02-09,390.89156386035035,396.60762212940665,389.5724486546818,394.78289794921875,11580639
2018-02-12,397.04727291704637,403.73066756117316,396.62954240710263,402.5434875488281,11877059
2018-02-14,405.841311205587,414.41544325742615,404.96191078861597,410.52410888671875,22247829
2018-02-15,412.282842656736,415.84438294705177,408.10568401772457,411.4034423828125,13363743
2018-02-16,413.1402610541679,414.45937624217123,403.6867587481529,405.09381103515625,9628162
2018-02-19,404.96189649843313,409.79858394534585,401.6861513406502,407.60009765625,8941900
2018-02-20,408.4795230976794,408.72135014698256,403.9946131409468,405.0058898925781,8458450
2018-02-21,408.9191879232259,410.0184310795045,405.4675685217216,408.6333923339844,11917390
2018-02-22,405.4015852379144,409.3588720438302,404.52218490865516,406.43487548828125,11196908
2018-02-23,406.89653839741874,412.4367515729764,405.73134252001597,410.7878723144531,10610664
2018-02-26,412.8764735271878,415.4707061515473,411.82119892693214,412.74456787109375,8435611
2018-02-27,412.87645340376895,420.26337524552326,412.5906578294948,417.9329833984375,14021366
2018-02-28,415.9323628729262,420.8350030278222,414.7231983785712,419.7137756347656,56650480
2018-03-01,417.60324837104173,422.0661739016729,415.93238465586256,417.0096435546875,8956590
2018-03-05,414.6352416634823,417.77908094069085,405.22570810614127,406.324951171875,12325694
2018-03-06,408.47945805302135,411.64528152157317,397.97068170526603,400.4989318847656,16019726
2018-03-07,399.79544642431404,399.79544642431404,390.47384926054247,391.2213439941406,15853546
2018-03-08,394.6949204955266,402.1038557909865,392.782259268476,400.76275634765625,13283967
2018-03-09,402.27974450961244,404.2364037076672,400.58689661426115,401.48828125,10638527
2018-03-12,404.5221780436031,410.28223395917274,403.44491926263026,409.0510559082031,8315150
2018-03-13,409.7545892549272,411.5573584635263,405.11578993817983,409.73260498046875,11148731
2018-03-14,408.3915739785139,409.82058130660283,404.1704754724315,408.5014953613281,14724464
2018-03-15,406.72068120112385,408.67734037844394,400.12522259441727,400.9166564941406,12711836
2018-03-16,399.68545587288935,399.99326503433707,389.5944107974892,395.75018310546875,30814962
2018-03-19,396.1679322023547,398.76213533161535,392.21064533256566,393.7496032714844,12630833
2018-03-20,392.7822439861495,397.4869959374654,390.0341217346192,391.2432861328125,15192983
2018-03-21,393.4637886978802,396.76151805895245,392.78227616119017,394.36517333984375,14715126
2018-03-22,393.9694722069794,400.9826617944784,393.85955082567887,399.3117980957031,22129723
2018-03-23,391.5950302820251,395.72819107573343,390.9355020818587,393.0460510253906,23469999
2018-03-26,393.06807460615215,397.6189370483925,392.43050126406655,396.2119140625,13227705
2018-03-27,398.8940486887464,400.4549614662703,394.4091101156281,395.6402587890625,15179544
2018-03-28,393.8814852028125,393.90346947628746,386.93424932420874,388.1214294433594,19160609
2018-04-02,392.6503412089737,396.14595840040124,389.79232670657075,392.62835693359375,12494499
2018-04-03,391.7709658870762,396.475718172684,389.24268619166367,395.5303649902344,13922126
2018-04-04,397.7948451041913,400.91670055066515,392.23267616240173,393.4858093261719,14214534
2018-04-05,397.97068589857395,400.1252034477274,397.2671597809828,399.333740234375,8527915
2018-04-06,399.245794611347,403.8626094462106,397.92670885160027,400.56488037109375,9664888
2018-04-09,401.24642247718776,404.0824818113761,401.24642247718776,402.76336669921875,7813897
2018-04-10,403.8186730872744,406.2370314163251,401.9499803418064,403.22509765625,8455132
2018-04-11,405.3136971880992,410.1283712799641,402.78541726658824,409.29296875,13140816
2018-04-12,408.8532335631459,411.84318315544266,406.36895167065467,408.34759521484375,10822592
2018-04-13,410.10636238142484,414.0636494286388,408.34759096716544,412.8105163574219,12616816
2018-04-16,410.8758008716018,413.31614329755917,408.2596136082108,412.0190124511719,8934275
2018-04-17,413.3161827012067,416.482006458331,411.5573819411922,415.18487548828125,9599816
2018-04-18,415.6246062504644,416.92170791862156,411.13966707604186,412.4367980957031,7360987
2018-04-19,412.92043179788385,415.5146643576494,411.11766250647923,414.3274841308594,9802587
2018-04-20,412.43675877211217,414.12957725683026,405.0498370939298,407.99578857421875,7326696
2018-04-23,408.91920228582006,415.22886585586633,408.25967397979014,411.5574035644531,7674482
2018-04-24,411.46944351616685,429.0133944540038,411.11766575439253,426.5290832519531,19921115
2018-04-25,428.1119672903521,431.69549191866275,423.67102664564186,426.7269287109375,14079382
2018-04-26,427.8262372256467,434.42169638194673,423.0994709509119,428.8595275878906,34096999
2018-04-27,435.2131231902759,444.53471994533214,433.3224168389882,438.0711669921875,25518647
2018-04-30,431.78348021065676,436.4442638257751,422.11010588427666,423.5611267089844,19406069
2018-05-02,425.1880099606535,430.5523199353733,424.33059386541703,427.6943054199219,13381914
2018-05-03,429.98070807246245,429.98070807246245,421.78033890105667,422.8136291503906,8634812
2018-05-04,423.36324011139175,424.17668762438456,417.7131347727149,419.449951171875,8302649
2018-05-07,421.6044520619188,427.93609901457063,420.50520902228476,426.94677734375,7683268
2018-05-08,429.8048400138968,431.78348344312815,424.3965323198635,425.2319641113281,10792648
2018-05-09,424.7043733772384,432.79479254745905,423.099462498123,429.4530944824219,9831044
2018-05-10,430.90406019428417,432.92667206546025,428.37578067956395,431.4096984863281,8781584
2018-05-11,431.45365139218694,435.8726076249822,429.9147229467778,434.97125244140625,8774740
2018-05-14,436.15846621363016,436.15846621363016,429.45305704028226,433.8060607910156,5642499
2018-05-15,432.2451520389496,439.6980266146841,429.43107682589437,430.4423828125,10501479
2018-05-16,428.26591893136754,428.26591893136754,418.7904315413347,420.41729736328125,18840763
2018-05-17,421.82435270920104,422.11014830735087,413.97573108643536,415.6685791015625,10353948
2018-05-18,415.7784506940116,419.2520540639039,409.79855201674053,410.61199951171875,11440117
2018-05-21,409.2490060537845,411.42550822127606,405.4456086542764,409.5128173828125,14491208
2018-05-22,410.30424868426456,410.677981371206,406.7206943387555,407.49017333984375,11310073
2018-05-23,407.1604150015514,407.1604150015514,399.7514791723163,401.11456298828125,9991028
2018-05-24,401.88403164552074,404.9619184876834,400.19121296080937,402.6974792480469,11632489
2018-05-25,402.76335248402575,406.01711289960855,402.08184003001446,404.8739013671875,17782410
2018-05-28,406.67670248488076,407.60007136297725,403.68675310616374,404.69805908203125,11369679
2018-05-29,405.1817554488862,408.0397699209851,402.05990032352247,403.4009704589844,17878384
2018-05-30,402.2577356822106,405.92919747524854,398.6302130854391,402.8073425292969,13105124
2018-05-31,404.9618949270522,405.53351544872055,402.12586464899505,405.1158142089844,37080158
2018-06-01,404.52218210911155,411.44743397153724,403.84064025456456,409.1610107421875,19174278
2018-06-04,410.41416578861435,415.0749495950042,409.16103273512294,413.6899108886719,12250151
2018-06-05,414.54730676795157,419.91161647940135,413.7558435379996,416.6798400878906,17436812
2018-06-06,416.394005750326,420.35126282862393,414.48131535249115,419.64776611328125,9164022
2018-06-07,419.867615787806,429.1452430384665,419.6697573333403,427.10064697265625,14999572
2018-06-08,424.90219876680175,433.7840805465304,422.3739191249521,432.8167724609375,14289325
2018-06-11,434.0259340382162,439.6760393490657,430.486348433424,432.06927490234375,15018718
2018-06-12,432.3990638208888,439.698048842878,431.0360093705574,438.4449157714844,16285583
2018-06-13,439.6980286381466,442.29226111637854,435.08121352889714,440.7972717285156,12962502
2018-06-14,438.5767896943391,444.8864524978692,434.1578331747486,443.1936340332031,11997529
2018-06-15,442.3362630706637,450.03096528434185,439.3682976970795,445.9417724609375,24705890
2018-06-18,443.56743486340764,448.68991829604107,442.77597151918195,446.535400390625,12363932
2018-06-19,445.8098342514566,446.2055805499414,436.905938780823,437.96124267578125,13881382
2018-06-20,437.9392496522937,449.76714228658346,437.433611307361,448.1622314453125,15735681
2018-06-21,450.00892447730166,455.5271532789503,449.06357135773834,453.7463684082031,22988909
2018-06-22,452.1854504134907,452.53722816258426,443.4134899365319,445.19427490234375,35370008
2018-06-25,444.7105958922529,446.953050652031,440.70934042415786,441.6546936035156,11369371
2018-06-26,442.3362276303299,442.3362276303299,428.81551713496145,430.4423828125,17649122
2018-06-27,433.1205900420165,436.1747889046505,426.1269134300521,427.521240234375,19595831
2018-06-28,425.81703732695695,428.69418605939774,416.21181694555554,418.27008056640625,18770484
2018-06-29,420.1070751127927,431.7927219188633,420.0628126422111,430.4426574707031,17425606
2018-07-02,430.39831370972433,430.39831370972433,423.6038484724722,425.19732666015625,14570004
2018-07-03,427.1450000737451,433.0984794484109,425.0867361670919,429.9336242675781,11084063
2018-07-04,430.1549500336946,439.0962349919258,429.80085027017634,438.2552185058594,10938521
2018-07-05,441.30942278425584,446.35549221211556,424.3121611726955,426.9237060546875,40946479
2018-07-06,427.03430049233924,435.11243665609027,426.92364433094065,432.7000732421875,20039239
2018-07-09,436.92730309708384,442.63730936884104,435.33379510867593,441.3536682128906,11309207
2018-07-10,443.8545001333729,455.252409534271,442.63725283675956,454.0130310058594,22846197
2018-07-11,453.7032776336033,460.74121748046366,450.5384222582618,459.8116760253906,18953870
2018-07-12,462.2682305141414,486.4583471820609,461.4936078305945,479.08843994140625,52736376
2018-07-13,478.26963746040093,490.8847959319712,478.04829556358465,486.8125305175781,39301408
2018-07-16,486.81250988481946,490.840512658671,474.9719451369637,476.36627197265625,14427529
2018-07-17,477.2957779713499,485.10830981860164,473.44482535470144,483.51483154296875,14150770
2018-07-18,486.19280703153544,488.93716869429767,476.8531603417831,483.6033935546875,10241565
2018-07-19,483.9353582855338,493.54057970862004,480.8590281363584,489.0478210449219,11885426
2018-07-20,492.832438165361,503.94261434457053,492.1684715238985,499.5826721191406,17538801
2018-07-23,500.09161892617885,500.09161892617885,492.69960928487313,495.8865661621094,12779803
2018-07-24,496.6391369133667,498.74163395800775,490.1766089309246,491.74798583984375,9775749
2018-07-25,491.32738797163836,497.0816859521699,488.7601057972345,493.6069641113281,13014255
2018-07-26,491.3716687277913,496.41776742607743,490.3536024039706,491.6151123046875,14053674
2018-07-27,495.53242608654807,503.45564380885503,492.2790462225454,500.1137390136719,14610585
2018-07-30,500.1801243755461,512.2641325666103,499.29487502620094,509.652587890625,30344461
2018-07-31,509.4754973915056,526.9153809461602,507.77136298220756,524.9677734375,30350826
2018-08-01,526.9154777352431,532.4484640300158,524.7022950364188,527.7786254882812,21227054
2018-08-02,527.402421736804,527.402421736804,516.0930351476295,517.1553344726562,13668930
2018-08-03,520.098827431446,523.8612553695951,517.6864343032773,520.9619750976562,14536058
2018-08-06,520.8512529511331,529.3941449850735,520.2537392278248,527.8892211914062,8785462
2018-08-07,528.9072220817177,531.7844002716075,520.9840050872534,524.1710205078125,8879612
2018-08-08,524.5251502333981,541.1240470186613,524.5251502333981,538.9993896484375,17307566
2018-08-09,540.6814545371221,545.196344330461,536.476402010622,539.110107421875,14976885
2018-08-10,536.0337082134338,537.8042657481574,532.1827559171065,533.0237426757812,7833494
2018-08-13,530.080278607436,531.1426369232181,523.507154442885,525.7203369140625,10211072
2018-08-14,526.7383264846779,538.7780711428649,524.2153069668918,535.856689453125,11592139
2018-08-16,532.6033790044269,538.2469915795908,529.1728898946021,531.5188598632812,13086024
2018-08-17,535.1484549846034,537.9813709699346,531.1868756757327,532.8246459960938,8379864
2018-08-20,534.6615725949496,547.4537798214348,534.5508868824152,546.61279296875,16639535
2018-08-21,547.6529859742922,553.9605350562346,543.1159355150601,552.0571899414062,15923396
2018-08-23,551.658858450267,563.9199166673336,548.162064380408,561.9059448242188,17429373
2018-08-24,560.0468165790594,566.5535761373131,557.7451093330017,565.4691162109375,14550512
2018-08-27,566.310019893236,573.5914010578117,566.0223434643467,571.6659545898438,12188510
2018-08-28,573.6579598387789,585.6091808781202,573.2153351548222,583.838623046875,19018790
2018-08-29,582.6434454777053,588.2649559431339,571.0906463804185,572.8611450195312,24230135
2018-08-30,572.5956102867835,574.1670165820664,562.3485827665904,564.119140625,21545859
2018-08-31,562.1492573480824,562.1492573480824,547.3651820272736,549.6005249023438,33479841
2018-09-03,551.0834348230343,556.7934703656733,542.6954313774909,544.067626953125,26686176
2018-09-04,546.723432492321,555.4212731824157,544.0012612256086,549.7333984375,19333815
2018-09-05,549.9767648351094,554.4695525826468,534.9271136986284,543.1159057617188,22584608
2018-09-06,544.5103654556515,560.2461190162796,542.3857074950868,558.3427734375,24487897
2018-09-07,559.8919192232029,567.1733021176628,555.2885043132686,565.9560546875,23389269
2018-09-10,564.3624544853731,565.2477628051493,553.3408061649557,555.885986328125,15440786
2018-09-11,557.2804361881091,561.4412268741748,546.3251490083154,547.8522338867188,23787332
2018-09-12,554.0933629003331,557.1475914382887,543.9348603816215,554.4032592773438,17642490
2018-09-14,557.4574108229871,564.628107824439,552.2564231675549,554.69091796875,17233514
2018-09-17,553.6285756317748,553.6285756317748,540.7256832758947,542.6290283203125,14773803
2018-09-18,542.6733577249023,548.6047059094601,537.5166323023844,538.7559814453125,16660044
2018-09-19,541.7880203228374,541.7880203228374,531.607416524799,535.923095703125,24642640
2018-09-21,539.5749478829646,547.7194798582115,523.8613552165729,538.9110107421875,41713856
2018-09-24,537.5608874708122,548.8260108024501,533.1566240877464,545.351318359375,22098277
2018-09-25,546.8784539592787,551.083507076302,528.951620573083,544.7095336914062,21250513
2018-09-26,548.4275959714746,555.0449821591765,543.1823461846037,553.916259765625,13992341
2018-09-27,555.5097312167069,559.05084633914,547.7635640471631,554.9564208984375,23642923
2018-09-28,557.6787605123563,562.9019092990245,552.1015119629488,556.8156127929688,24220992
2018-10-01,556.7048214845108,556.7048214845108,532.9351727969432,545.1962280273438,16039441
2018-10-03,544.2225767537168,548.6932041353247,531.1868960326858,533.4221801757812,16135428
2018-10-04,526.5170287523828,526.9153909353719,489.55680694650005,496.7496643066406,50774608
2018-10-05,486.6796898804231,493.67333663354873,459.5238698269349,464.2601013183594,47998260
2018-10-08,464.7691837675426,494.4258648450093,453.9466852504677,491.06182861328125,53983473
2018-10-09,496.48415089049286,497.214511197296,478.5794793640813,482.496826171875,24042005
2018-10-10,484.20095620725556,493.9168638111641,479.9516409131189,487.8305969238281,20784941
2018-10-11,470.9661217456406,493.4299456169422,461.67073718064023,481.5008850097656,28926389
2018-10-12,489.0920567053838,499.73747508395496,487.7420219664262,498.65301513671875,19814528
2018-10-15,500.1359396998812,507.66079672140984,494.93498077268015,504.4959411621094,19406012
2018-10-16,507.262341021569,516.7347451698961,504.60647485877587,515.1412963867188,16358598
2018-10-17,521.8693644996696,522.0242535824618,504.60647095666945,509.6083068847656,27967162
2018-10-19,486.9010283540417,491.7700475018947,473.73256019501423,487.4764404296875,55606079
2018-10-22,491.3273997993972,493.4520573561572,468.0225603769544,470.3685302734375,28798142
2018-10-23,465.9864007172986,471.2759130683031,461.95839817722594,466.84954833984375,23128845
2018-10-24,475.7907713133117,476.25555671678256,456.5360682871857,462.8879089355469,29869514
2018-10-25,458.57227539594385,460.63053933092556,449.8965654116271,456.2705383300781,30833933
2018-10-26,457.20001437553316,467.8675930652,452.3752876806667,462.51165771484375,20085933
2018-10-29,462.99864081915166,484.1788235216352,462.99864081915166,481.5008850097656,16781215
2018-10-30,480.4827719550035,480.4827719550035,465.6986652988151,467.86761474609375,19263668
2018-10-31,468.75287477267574,471.784942364411,463.44123106576563,469.7488098144531,35999348
2018-11-01,472.6923389405378,472.6923389405378,464.76915084726494,467.5356140136719,20552752
2018-11-02,472.2939785994359,478.4909010289118,470.5898145896325,475.7908020019531,36739798
2018-11-05,475.1490197847463,483.66978116030407,471.4087230901009,482.6074523925781,16585905
2018-11-06,484.24519386814285,492.2126744103127,483.18286509903413,488.7158508300781,18886485
2018-11-07,493.54058276769933,493.54058276769933,489.8667092816277,491.6372375488281,2808599
2018-11-09,489.66748163448926,493.00938629301976,480.2614421518218,484.001708984375,23712291
2018-11-12,485.8829720740352,486.3698592250039,475.6359151924671,478.04827880859375,12690610
2018-11-13,475.39246962124497,488.2289399381306,473.64404303650656,486.6575927734375,14899604
2018-11-14,489.13634567495455,492.50038186216375,480.4827968608081,485.9936218261719,17034346
2018-11-15,485.55100685333554,488.2289452972339,480.92543114923296,485.5067443847656,14943663
2018-11-16,485.99364589349165,500.15804992215857,485.6174148995349,499.0293273925781,24131016
2018-11-19,501.46377985959435,509.78535987340223,500.6227930031541,509.03289794921875,15987574
2018-11-20,506.8197236292204,511.64445070498687,500.18011722241687,503.4556579589844,12511640
2018-11-21,503.4999146912165,507.0410301884581,490.0216095734906,492.61102294921875,16422494
2018-11-22,493.31923094991254,498.12185608074793,486.9452587835665,488.1625061035156,12670591
2018-11-26,490.88476733552335,494.6471656942796,485.7501733968261,491.21673583984375,13969873
2018-11-27,490.39781567752465,500.18008616996013,489.31335575970326,499.38336181640625,14896607
2018-11-28,501.26455814446837,512.463316400144,498.5423869899777,510.20587158203125,17507771
2018-11-29,513.9018159634514,522.2676572802367,513.4591913637076,517.2216186523438,27640198
2018-11-30,518.9037053513254,524.9678409771739,514.4773401972819,516.8012084960938,23443212
2018-12-03,520.0546336763155,520.0546336763155,508.36898610935697,511.88800048828125,12182825
2018-12-04,512.574014835583,512.574014835583,505.58036707556204,510.0509948730469,11358720
2018-12-05,506.26636947361516,512.9280769901476,504.29660122667514,511.3124084472656,12729759
2018-12-06,508.5901852193306,508.5901852193306,494.9791230877339,497.369384765625,12831451
2018-12-07,499.936644435788,503.25638815354296,490.59696955454234,501.8620910644531,15779984
2018-12-10,491.3274009700011,493.23074619157273,479.4204720397295,482.5853271484375,20521072
2018-12-11,471.85136663265433,487.83059080270107,466.9823768220481,485.81658935546875,29518062
2018-12-12,486.45834436397206,492.8766085719846,481.47869890016324,491.5486755371094,27572962
2018-12-13,499.29485901164674,499.29485901164674,484.7099627810662,490.0216064453125,20337275
2018-12-14,488.27314514681257,493.49626350676584,483.2713391013265,492.3011474609375,15795834
2018-12-17,493.961072137774,501.5080292498539,491.9913333510003,500.1358337402344,11077711
2018-12-18,497.2145610880072,504.1639469005171,495.9751527012784,503.01312255859375,12841994
2018-12-19,505.27045843181776,507.837740503206,501.5965556374403,503.1900634765625,16118419
2018-12-20,496.1963780651814,501.2867390481279,494.0496188714748,499.49407958984375,12609700
2018-12-21,497.9669505886336,500.7334434966957,485.1304802268269,486.98956298828125,18115814
2018-12-24,487.29940701814274,488.31747334945453,480.9475654515845,482.0984191894531,9065704
2018-12-26,480.61556706264236,486.90101453525165,471.69641421389167,486.170654296875,15771193
2018-12-27,490.08801663787307,498.852251139613,488.6715881289746,495.84228515625,27294221
2018-12-28,498.1881968871248,502.50393470684946,496.2848519097499,498.2103576660156,16768547
2018-12-31,500.6006146077265,501.88428517569804,494.0717237972682,496.3070373535156,15799099
2019-01-01,498.0775628458981,498.9849728586727,491.3715930627903,496.1963195800781,9746670
2019-01-02,493.31926575244586,498.8522514846727,487.343655344541,489.7339172363281,15628818
2019-01-03,490.22075460323975,493.3634781245717,482.5188791945198,483.6918640136719,16288287
2019-01-04,485.7502164249091,488.8708092850702,478.53522679127866,486.3034973144531,18516544
2019-01-07,489.99947507255644,495.06767517209585,487.3436384673368,489.0035400390625,12060290
2019-01-08,489.15844012280803,491.30522873951855,485.1304376755269,488.9592590332031,12304389
2019-01-09,492.21267318377784,494.425855651597,486.32558772693704,491.65936279296875,12614237
2019-01-10,490.33148136893067,491.7700707213868,488.2289549747655,490.2208251953125,8925160
2019-01-11,490.26505606504674,493.0094176370213,481.85495103045383,486.0378723144531,14139060
2019-01-14,484.6878651488265,487.12236004562834,480.8811746140079,485.484619140625,8994060
2019-01-15,489.11427442494005,501.06549673814635,489.11427442494005,500.0252990722656,22011407
2019-01-16,502.3933572218789,506.8197816987164,500.3351227305531,502.7917785644531,13961606
2019-01-17,506.5762673652518,508.10335206954045,500.1801338609765,502.14990234375,16379077
2019-01-18,508.5017364096409,526.6941435340066,502.5040239545783,524.2374877929688,56181172
2019-01-21,528.509001172476,548.8481690848818,526.1408702049339,547.8522338867188,48206814
2019-01-22,545.7054738560403,551.9466598791307,539.8404893083788,546.7235107421875,36207430
2019-01-23,545.9045229540942,550.7293089254705,540.9027462181267,542.8060913085938,19313542
2019-01-24,542.2306577517834,554.713026959405,540.0617379573561,552.1678466796875,28775487
2019-01-25,553.4957691968117,559.8033178284057,546.8340617705471,551.5260009765625,18703992
2019-01-28,553.5180050276912,555.9303984566689,541.0798955042951,544.2447509765625,18744303
2019-01-29,544.8865233857091,545.1742589755294,531.7623174984154,535.8788452148438,20405845
2019-01-30,537.8043656072043,542.2307307181926,527.2252808955305,529.2614135742188,17164298
2019-01-31,532.0499778547592,544.3110343342596,531.6073532371764,543.1823120117188,22279301
2019-02-01,546.2145238749713,555.5098796864428,543.1381933253141,553.2745361328125,20187323
2019-02-04,551.9686981888808,574.0784806662556,549.7776764638679,571.4005126953125,25528059
2019-02-05,571.8873820352513,577.3761052108845,565.9560341911196,571.6881713867188,20479210
2019-02-06,573.7685922129579,583.2410560216659,572.8833428361716,579.9655151367188,20586783
2019-02-07,579.9655059785771,584.812393978493,569.2758539932959,571.17919921875,20150710
2019-02-08,568.7003111247333,575.6497541284344,563.145224334816,565.5576171875,14230054
2019-02-11,564.7608799881442,564.8051424496962,553.7391724892514,554.735107421875,16457901
2019-02-12,553.9605356558238,563.189525666057,553.9605356558238,556.1294555664062,13998153
2019-02-14,549.3128564552972,549.3128564552972,539.1321939259117,541.8765258789062,14496604
2019-02-15,544.3332058212081,553.2523589386116,537.3616603663344,550.8399658203125,20994460
2019-02-18,553.2965993868063,554.4032201240432,537.8043227333932,540.061767578125,21106139
2019-02-19,539.1321855608721,548.7374358904422,536.1222788619095,538.2911987304688,13658461
2019-02-20,541.7217070999318,548.8703030309389,539.5748886041301,546.369384765625,13776558
2019-02-21,547.0996507231351,556.7491632550892,544.1561082536389,551.9243774414062,23142949
2019-02-22,550.9064312740302,551.2162685698074,542.673375318835,545.484130859375,19152470
2019-02-25,547.0997456286915,550.1982368058309,540.3052494604813,545.4619750976562,17176522
2019-02-26,535.3697501614166,546.568508156536,533.8205639171774,540.1281127929688,22160532
2019-02-27,543.5807423314526,551.039174906928,535.1484763797688,541.5667114257812,24308835
2019-02-28,546.1037761145965,548.8038457853164,542.916760195535,544.9086303710938,24688859
2019-03-01,547.5423224852349,549.910453132345,541.0134608104729,542.6954345703125,17329606
2019-03-05,541.5223487959233,548.7816284735072,539.3976916626754,547.8299560546875,15577500
2019-03-06,548.7816838409304,563.5214978834231,546.70128895691,559.8475952148438,26332276
2019-03-07,559.493577776652,566.4872253380775,556.9041346329068,562.2600708007812,17738092
2019-03-08,560.4008762300434,564.1190411676282,558.608217000862,560.8656616210938,13211934
2019-03-11,562.1714143403789,580.7400185125824,561.26400436799,577.2432250976562,21258869
2019-03-12,582.9089216256317,590.4780384085485,581.7359369280207,589.3050537109375,24561597
2019-03-13,591.8060215375222,601.9866242361073,587.8665442066667,596.3651733398438,24577591
2019-03-14,597.4496475061777,602.871946999757,591.4076144308954,593.8200073242188,22753310
2019-03-15,595.3471487793354,601.4555465859182,580.3860210833575,585.0115966796875,34764353
2019-03-18,589.1502531477479,601.079372818546,588.26500375624,597.58251953125,22104063
2019-03-19,601.9867341954044,610.8395237390288,594.5061994229327,609.3124389648438,21448030
2019-03-20,609.865575823248,614.3804651405608,603.7571787776457,608.8253784179688,21639437
2019-03-22,607.5196617727818,611.2378271135251,591.6732852516752,593.9085693359375,25078643
2019-03-25,588.9731457836614,591.7396385052343,582.8204858269424,586.2509155273438,17394088
2019-03-26,588.8404374331935,607.1213698963418,588.7076500196026,605.1959228515625,20734876
2019-03-27,609.9321386710575,609.9321386710575,595.0152718866375,597.2284545898438,22079870
2019-03-28,597.6710151211328,606.3245934275687,594.3733726565703,601.9866943359375,22930248
2019-04-01,606.4131620781352,622.7021649241899,603.1155193758486,616.0847778320312,22088854
2019-04-02,618.806959600837,621.0644045184021,610.8837416081006,615.133056640625,17526740
2019-04-03,616.48305202846,621.0201023548342,607.2983247627387,608.7147827148438,17169813
2019-04-04,610.3968352667464,612.4772302504579,596.3430591887059,598.910400390625,18320845
2019-04-05,602.4072136697757,603.7129859979176,594.4618939853823,599.28662109375,14717266
2019-04-08,600.2162046801037,600.8801417011313,585.9190138260517,588.3756103515625,19081843
2019-04-09,588.2207125793918,593.4438019252227,584.7238594627548,590.6773681640625,20774977
2019-04-10,592.2265507481526,596.6750764335661,587.1583505228762,589.3272705078125,16651949
2019-04-11,590.0133624275286,598.888252928807,588.264965445455,596.1439208984375,12558520
2019-04-12,597.560333920002,600.6145623846402,591.651146738665,594.5061645507812,12948769
2019-04-15,595.347076344954,597.0955322431255,590.920711938801,593.2003173828125,9285737
2019-04-16,595.3470744696564,601.9866210579718,593.1338922735513,594.7938232421875,17360317
2019-04-18,608.6263175144761,615.1551793737904,604.1999524621015,613.4732055664062,39286534
2019-04-22,601.986797590798,605.0852890312248,593.7094783852317,595.502197265625,23607922
2019-04-23,596.67504937718,607.7409611357401,595.7898000746608,603.6908569335938,19807450
2019-04-24,606.5458650761914,617.3904643392481,604.7531466235507,615.0444946289062,16101112
2019-04-25,614.8674710903454,625.180921221674,603.137562941129,607.4754028320312,30469914
2019-04-26,608.6262916236552,617.8995443334779,606.7229464587433,616.5051879882812,15069884
2019-04-30,618.0986958860659,618.0986958860659,604.9966511607613,616.5051879882812,22348580
2019-05-02,616.1510924873053,625.8448682453895,611.768990059855,621.9275512695312,18992003
2019-05-03,623.2111958810029,627.4384094458284,620.8652259081734,623.6095581054688,14240262
2019-05-06,618.8069835524767,620.9316411509761,609.9984567813605,613.0084228515625,15832114
2019-05-07,617.3904606725227,617.4789856008622,593.2224460908922,594.6831665039062,19417647
2019-05-08,593.1339293378248,593.1339293378248,571.9758802189367,575.1849975585938,31958919
2019-05-09,570.47090294577,570.47090294577,554.0712163675477,556.151611328125,42670173
2019-05-10,559.9361017716008,565.5576117490074,551.083372962911,553.8056030273438,24557430
2019-05-13,552.3671264964185,558.0771031610542,543.3372873863411,545.351318359375,17603659
2019-05-14,547.3209945199728,561.8616578495395,545.107812119542,557.9221801757812,28438234
2019-05-15,563.4773242204387,565.6905068440055,553.5622353372404,556.350830078125,24419559
2019-05-16,557.7009538898299,562.9904671434444,556.8820685929253,560.0911865234375,14451308
2019-05-17,560.8213632521894,565.2255665097833,554.1817581050116,560.9984130859375,17276949
2019-05-20,581.448359716685,592.1159095094665,576.9776733603718,586.8927612304688,26979100
2019-05-21,589.6814037049653,605.0851552655346,588.7297311552686,593.04541015625,30343560
2019-05-22,595.634903419491,601.8539280461488,590.9650652062413,593.31103515625,24689918
2019-05-23,607.298434663643,616.1511655016716,586.4944817370215,590.4339599609375,38766006
2019-05-24,596.675036517145,599.2423185345325,582.7319466350825,591.7396240234375,22269265
2019-05-27,591.8504477847542,592.0274976827403,578.5270292933205,580.1426391601562,16076686
2019-05-28,584.1927040808862,590.8322514138105,581.3376863176912,585.9411010742188,42594251
2019-05-29,584.7238497637976,590.1683104518131,577.265417294087,581.2048950195312,15558515
2019-05-30,582.6214347720608,594.0193465659813,582.6214347720608,588.5970458984375,23494381
2019-05-31,592.204416473568,593.9749741568739,584.3697238404902,588.7739868164062,25724066
2019-06-03,590.920760397822,605.1958488284881,584.8123628335076,602.0752563476562,18556942
2019-06-04,600.8579314460692,608.2942618509585,596.7193023793029,598.2906494140625,15442761
2019-06-06,602.82779506063,602.82779506063,584.7681748617575,587.53466796875,16764835
2019-06-07,586.9149542153037,587.4903663054001,577.9072759524873,582.0238037109375,14722419
2019-06-10,584.6795298650989,587.3795991628351,579.8990657422914,583.9049072265625,11768468
2019-06-11,585.1000798331271,590.6994293154609,583.3959454068723,588.331298828125,11492074
2019-06-12,590.7879631289733,592.4257334309978,586.4943858289229,589.6592407226562,10297599
2019-06-13,588.7075426938709,590.7879375562793,579.2572408867777,587.4902954101562,15686169
2019-06-14,585.1222242324548,586.4944198237544,579.5892975904819,583.19677734375,14942768
2019-06-17,584.2812968208682,584.2812968208682,565.9118390345379,567.5938720703125,14908257
2019-06-18,566.0888616521408,570.0947629240811,561.7510214030443,567.0184326171875,16797371
2019-06-19,569.6298616886322,576.3136705840072,558.8737881915675,565.4026489257812,14492763
2019-06-20,566.5756380228256,575.4284257651233,565.6903887963003,573.9898071289062,10748848
2019-06-21,573.6358142299943,573.6579750124874,564.6060340567591,566.3544311523438,23236832
2019-06-24,563.1010185325224,565.0043637095691,556.4393695082755,558.7853393554688,11267228
2019-06-25,557.2360676913559,574.543164242957,555.1777744289116,573.5914916992188,14966899
2019-06-26,571.4448139366182,577.4646873103839,569.386520381215,572.839111328125,11593027
2019-06-27,572.3964332567001,574.0563053208624,562.5919717680536,563.986328125,24905533
2019-06-28,565.2920488190996,567.837229088313,552.6989939576308,554.6687622070312,18942165
2019-07-01,556.8597964178464,563.3222934590809,551.725232394284,561.6403198242188,13478857
2019-07-02,563.8978322942693,567.0184250293855,559.1837315656976,565.9118041992188,10146746
2019-07-03,567.8594770169232,569.4529851929734,564.3847841285344,567.7045288085938,8806492
2019-07-04,567.1954283317691,571.4447432351052,566.5756947157804,568.3462524414062,9351405
2019-07-05,568.8331010917125,571.2233922716598,557.7229274615001,559.2057495117188,10926753
2019-07-08,556.8378073507522,561.3084353173435,552.4999668032424,554.2041015625,14009219
2019-07-09,552.8319115410211,568.1250393463115,551.3048266580228,566.6200561523438,17535754
2019-07-10,566.597799927596,570.7143270299403,561.5738628185551,566.066650390625,12018196
2019-07-11,569.6741727579423,570.913580866762,566.265844780248,567.2617797851562,8608376
2019-07-12,567.9036808879804,575.4285371516787,565.7125999850862,566.797119140625,15692436
2019-07-15,568.7888445920233,570.7807145325879,562.3042459909406,564.8494262695312,10659498
2019-07-16,566.5536173225701,573.1710630706701,565.2699466652127,572.3300170898438,10070773
2019-07-17,572.9054787586715,574.1006245841717,566.5757680501406,567.3946533203125,9482233
2019-07-18,567.4610232119414,569.4086308695252,556.8377355775831,558.5418701171875,11942908
2019-07-19,561.3526341456075,563.4551309237335,550.065350230861,552.85400390625,16336536
2019-07-22,553.7392768538886,568.5676179363936,543.2487760118573,566.797119140625,29092589
2019-07-23,568.7888438003976,572.7283212128182,557.8999823849913,563.720703125,20316348
2019-07-24,563.6986805761317,566.044650794516,554.8680510801075,557.32470703125,15189179
2019-07-25,559.4935026021844,561.7288456848177,543.1159181038291,545.1077880859375,21805071
2019-07-26,545.1078253964605,549.9768149769168,535.5910994760233,537.2731323242188,20387504
2019-07-29,538.6453019932452,540.9027468061763,533.4221538311792,536.0115966796875,17626045
2019-07-30,537.3396401391742,540.0176084680503,520.5194272008885,522.71044921875,20853117
2019-07-31,520.4308216260823,524.5251884932695,514.5215754092878,516.2257690429688,21229950
2019-08-01,514.9642974498554,525.9417459851501,509.1878966381572,522.4227905273438,22628222
2019-08-02,523.532441715617,533.5738082205122,517.4764342690546,527.3842163085938,23766807
2019-08-05,519.6583111824154,519.6583111824154,502.2918571615806,509.12713623046875,30399133
2019-08-06,505.29766180019584,511.9103009753535,499.62017334179836,502.4255065917969,29067994
2019-08-07,501.62398206269296,506.9897732425716,491.20406705572293,494.0094299316406,25349369
2019-08-08,493.54178609190376,515.6506357007383,487.73071417873945,513.134765625,31198568
2019-08-09,517.3650887436063,523.4433298981054,513.1125017553761,517.4763793945312,21970009
2019-08-13,549.1145484399736,580.1292670325504,545.9306965304685,567.6387939453125,104827144
2019-08-14,580.663783789375,580.8641307811267,570.1325471404525,573.650390625,31688983
2019-08-16,574.9639544714397,575.2311234055627,566.8595923358139,569.0860595703125,21977767
2019-08-19,570.4441907669835,577.4575832737376,569.9766154131626,575.5873413085938,16317602
2019-08-20,574.3405755757227,575.5873639681415,566.6814947931508,568.1732177734375,14969299
2019-08-21,568.0396602662252,569.3755644859428,563.9652445438119,565.94677734375,10677848
2019-08-22,565.9467658023939,565.9690001563606,551.675104712561,555.170654296875,14031953
2019-08-23,551.719531948119,571.7577344689116,546.1533348561654,568.1286010742188,21307915
2019-08-26,576.2107721314826,576.2107721314826,560.6255006974678,564.0988159179688,19202504
2019-08-27,572.2030462418404,572.2030462418404,561.6050487465466,567.683349609375,28401906
2019-08-28,567.1936244358561,570.422005132932,559.311902506049,562.540283203125,11605488
2019-08-29,559.4899700160746,561.1820993687841,550.0719976379863,552.9441528320312,18890222
2019-08-30,554.613907633516,558.5770317812273,543.7042139151635,555.9720458984375,24735240
2019-09-03,553.1667296097228,553.5007204611325,534.3530213828047,537.2029418945312,18730619
2019-09-04,534.5980654192097,536.6909483563797,528.1413039705059,534.865234375,32949395
2019-09-05,537.3812257418266,540.2310877115812,531.3697452015832,533.7297973632812,22995486
2019-09-06,535.6889646599803,547.266641257182,532.2379435925851,544.3721923828125,23186819
2019-09-09,543.5484313072873,549.0478072829346,540.2087601059558,544.2386474609375,11747929
2019-09-11,544.3722356169108,552.1649008896854,544.3722356169108,549.6712646484375,12127900
2019-09-12,549.9384316970572,552.3652459694027,536.8913250448002,538.9619140625,11880005
2019-09-13,539.6966172932991,547.043940961514,537.4256220176591,545.7526245117188,12947715
2019-09-16,529.4549331671433,542.8582662920594,528.1635570515573,539.1400756835938,20547730
2019-09-17,539.2513635093034,539.2513635093034,531.4586984555199,533.2175903320312,15640772
2019-09-18,536.5573055032447,541.6113996591116,533.1062843578578,536.8912963867188,14933909
2019-09-19,537.8486354259852,538.6724360290432,522.174308515453,525.024169921875,13766222
2019-09-20,528.9872248397661,565.4790838872689,522.9089837818785,558.5547485351562,48165560
2019-09-23,567.3717536957056,570.4220218464667,549.938473640637,551.8087158203125,21610844
2019-09-24,553.7679076968577,578.3481013609863,553.3893886827366,569.397705078125,34958974
2019-09-25,571.757716416527,576.6559911048386,565.0115532894308,569.7761840820312,18192270
2019-09-26,575.3201696805687,578.3481436646135,571.5351576129076,577.4575805664062,18350457
2019-09-27,575.5427970097883,585.5619288812624,571.7577850305494,582.9124145507812,19058663
2019-09-30,583.3354436432543,594.8017698849055,581.3538516822917,593.2432250976562,25263770
2019-10-01,595.3583438041417,597.5848106628989,575.8989485514377,581.0643920898438,17920384
2019-10-03,572.6484099833085,585.4283468989939,570.5555272924099,583.8030395507812,13524851
2019-10-04,587.7438189170942,591.6178868813973,580.5968427407329,582.4893188476562,14992253
2019-10-07,582.4893823323844,588.1446363696328,579.6395209613231,583.3800048828125,10061584
2019-10-09,582.7566465089587,592.2191475563906,575.5428471529523,589.903564453125,17588647
2019-10-10,590.0149434034656,609.6078688219752,588.2337575563017,606.8248291015625,35006390
2019-10-11,607.2477982108662,608.0938926735619,595.1580761873038,602.3050537109375,16597126
2019-10-14,607.8043907217964,607.8043907217964,601.525742419961,604.7095947265625,13394275
2019-10-15,606.7133758781993,610.0531062053814,603.0619484845057,607.4481201171875,9672791
2019-10-16,610.0085788805053,614.3501629165811,607.2477145302422,611.0995483398438,19403660
2019-10-17,612.2796025393912,622.9666568670059,610.9436984546371,621.8533935546875,16038940
2019-10-18,625.1931896364645,635.8357169262007,622.8331377508903,630.6925659179688,28121951
2019-10-22,634.54428464092,639.8210196591194,624.9036715114763,629.712890625,27786502
2019-10-23,630.6702961024129,634.9673523948646,615.908766295107,620.0277099609375,18446160
2019-10-24,623.8572069872114,641.8471160772802,617.4227401722367,639.6428833007812,22642488
2019-10-25,641.7135207744709,641.8693395842341,628.4214807350571,637.3051147460938,13539957
2019-10-27,641.6689472852668,643.450132721921,636.7706724719341,638.6632080078125,3014841
2019-10-29,643.6728963240666,659.0355270409135,642.1588794964196,653.2689819335938,25768505
2019-10-30,659.0354579712998,661.0615781305346,650.2631739322103,658.6347045898438,16341366
2019-10-31,660.8167626906161,663.3326929918588,650.8866854203613,652.0667114257812,19463741
2019-11-01,647.9031106067357,650.931084439674,641.6689908799688,648.7491455078125,13904301
2019-11-04,652.7568529986388,655.0278484266997,643.494758660676,649.0831909179688,14063434
2019-11-05,651.5100516103723,654.1149784345749,641.6690319851688,644.474365234375,12685356
2019-11-06,642.4260127980896,644.0958483615741,636.1028363395386,638.9526977539062,14625505
2019-11-07,638.9972235731321,651.4654032117422,637.7503758842035,649.5061645507812,14084039
2019-11-08,645.2313964399264,649.973734129593,641.8026095996164,643.6728515625,12019353
2019-11-11,640.8229381763804,643.116227364074,633.4533203520368,635.7911376953125,11357841
2019-11-13,636.7707449505183,657.2097624735924,636.7707449505183,655.606689453125,25225749
2019-11-14,657.254254782022,659.7478907611141,648.2593302163147,651.3541259765625,14258133
2019-11-15,652.6454752595923,662.0634466136269,651.5322120472323,654.9609985351562,15691605
2019-11-18,655.7625002501892,661.7071569205408,648.081186273856,649.7733154296875,14076051
2019-11-19,653.2465495956901,674.5761867834334,652.3559866213146,672.2828979492188,30176255
2019-11-20,692.4546864959441,700.1805277345366,687.177952684269,689.1594848632812,43538120
2019-11-21,687.9795894631586,692.8778052437542,680.6545001439249,684.6843872070312,14897371
2019-11-22,686.6882237413482,698.889294670371,684.6843973559228,688.6475219726562,22352865
2019-11-25,690.7181960629307,696.7964379518986,690.6513741041939,695.3492431640625,15146156
2019-11-26,698.2659351892099,701.9395972615475,692.8778499230012,694.7703857421875,35330983
2019-11-27,694.6367599013516,701.561095873568,692.9223368095898,699.045166015625,9642739
2019-11-28,700.2919947848181,705.4129111039688,696.417985740945,703.6985473632812,13747479
2019-11-29,704.4332917027102,704.4332917027102,689.2487729882732,690.71826171875,18559594
2019-12-02,712.4708300137888,718.9052971997955,702.2290568533912,706.4593505859375,31225364
2019-12-03,709.2423692080436,709.7989413715627,700.2696792384197,703.0750122070312,12990426
2019-12-04,700.4479011474155,702.4517277091587,682.9700937922422,691.408447265625,20987607
2019-12-05,700.8930681166133,703.4535259601828,687.5342661895404,690.5845336914062,19942460
2019-12-06,691.5420265271395,698.2214285325554,686.2429974104203,692.3880615234375,13085234
2019-12-09,692.9446854555637,702.407186386415,688.6475696603118,700.269775390625,12642677
2019-12-10,700.0247448761385,700.7149609432445,692.0539680288318,695.5272827148438,10173333
2019-12-11,692.6997496186247,701.1158091150277,690.4732823124417,695.727783203125,12364641
2019-12-12,699.2232816841165,700.8263546736185,693.1672744072167,698.3104248046875,10326606
2019-12-13,703.5648253338594,708.0178188148872,700.1806263844514,704.856201171875,12668303
2019-12-16,708.9084095503324,709.7544444582198,696.5960482571616,697.5979614257812,11892718
2019-12-17,697.664748110966,703.1195956735934,692.6774758966036,695.861328125,20324601
2019-12-18,695.9949025377775,703.5648670591819,695.5496209983077,701.7169189453125,14742077
2019-12-19,700.7595267067665,719.1056609955814,699.9134917904707,716.9014282226562,20507816
2019-12-20,719.1502234523015,720.2857211455093,710.7341642408371,712.070068359375,21271510
2019-12-23,694.7036132588689,702.4739851671383,693.679465590368,699.7354736328125,25107772
2019-12-24,698.6221435556297,700.0248101711578,686.8663538680914,688.6253051757812,18048449
2019-12-26,686.4879804270106,691.5197815023248,672.4611936111012,674.7990112304688,29761019
2019-12-27,679.9644018021946,688.5140465472763,677.4262371654013,686.7996826171875,17677571
2019-12-30,688.4026855518733,689.1596642144276,680.4319077161741,687.6234130859375,17123749
2019-12-31,686.6437000385328,687.4007381135765,671.5260051917422,674.19775390625,22203005
2020-01-01,675.9566705310696,680.0088516309808,670.3905321258029,672.2161865234375,14004468
2020-01-02,673.2849207275859,686.1762083080744,673.2849207275859,683.6602783203125,17710316
2020-01-03,682.6360013302883,686.4878350527088,678.1830672888824,684.4840087890625,20984698
2020-01-06,676.8471984455604,680.3649817308929,667.0507082361115,668.6092529296875,24519177
2020-01-07,676.4019343098523,683.304036115152,673.9528263419015,678.8956298828125,16683622
2020-01-08,674.6207365379029,683.2816698165456,672.3942695805264,673.7969360351562,16047902
2020-01-09,685.1297254143482,690.206053788195,681.8568169732863,689.3154907226562,14982742
2020-01-10,691.0519607522283,693.7460027018882,685.597114360423,689.1594848632812,12478359
2020-01-13,688.0018555733295,694.0800969009713,685.0406443123888,687.4006958007812,18282382
2020-01-14,685.7531846503401,690.2061193009722,677.6711159879618,681.0330810546875,15816535
2020-01-15,683.9052024938248,685.708622508407,676.068009361063,678.5616455078125,15817859
2020-01-16,680.8548065679221,687.244744275973,680.4094656486131,684.81787109375,12847975
2020-01-17,691.7645940988411,705.7690846391494,691.6310096398801,704.0101928710938,29463471
2020-01-20,716.4784286658733,716.4784286658733,679.6971043882497,682.3466186523438,32545850
2020-01-21,680.6768744071713,688.3581898620575,677.7378970312928,683.0369262695312,18922720
2020-01-22,687.5342668020733,688.7588206739724,681.7899569992577,682.7918701171875,10322817
2020-01-23,684.1945779592724,686.6214514994721,677.1589513580537,679.8975219726562,11247739
2020-01-24,679.9643509483909,684.1278823316969,676.2016324357799,677.5375366210938,14628445
2020-01-27,674.576343167049,678.8288715307318,670.1678770715025,670.8580932617188,13387750
2020-01-28,671.7708873528463,672.3943409712025,651.7326826089246,655.36181640625,24532236
2020-01-29,656.385997983268,665.4477454950623,651.9330633649719,658.96875,24746565
2020-01-30,658.5902996781803,658.9019968109739,641.2238409642008,642.8936767578125,22402689
2020-01-31,647.0125063572486,647.1238564671794,626.6180767993984,628.599609375,34750310
2020-02-03,610.0085691432375,623.3896651574961,606.9583015760081,616.9551391601562,30712290
2020-02-04,623.4118752792756,637.8839401729988,622.4322559797637,635.1676635742188,25383901
2020-02-05,638.9526598272524,646.9234370233874,636.9043647870463,645.0086669921875,18472100
2020-02-06,647.5024215657478,653.2466727335321,641.268301219584,649.1499633789062,15538577
2020-02-07,646.121961162775,646.7231209827357,636.0137726868787,638.3961181640625,12209212
2020-02-10,635.8801458287573,643.6728102657878,628.065247040691,639.264404296875,15142476
2020-02-11,644.5188995976021,652.8904307204514,643.4724582072458,646.9012451171875,13999816
2020-02-12,648.4152429768247,656.742245701073,647.9031394730254,654.7161254882812,13533565
2020-02-13,658.0336151395259,658.0336151395259,651.2873910883294,656.4305419921875,13565659
2020-02-14,657.8109261027595,668.5870368609382,647.0570496970056,662.4197387695312,21227841
2020-02-17,663.0430895240688,670.6798756802237,656.4972728187931,658.2561645507812,13149130
2020-02-18,657.2097556655767,657.2097556655767,648.97180932506,653.4247436523438,11127161
2020-02-19,658.7460229239962,670.813509728984,656.8535465958774,669.6334838867188,14084409
2020-02-20,666.6055073331329,671.5037233050037,660.7276124968037,661.6849975585938,16892268
2020-02-24,654.4711971958799,657.699577615814,641.0233376549481,643.4279174804688,21370214
2020-02-25,646.3000526686237,646.3000526686237,627.8648619763386,630.7147827148438,27745062
2020-02-26,627.8649155292255,628.911356956024,617.779020325235,619.849609375,29362748
2020-02-27,618.0683364567957,620.6510881290094,609.6077499205786,617.2891235351562,25054993
2020-02-28,603.3292278998576,604.264378720804,590.0149512052195,591.6402587890625,39315769
2020-03-02,603.4181347083037,609.6077258365907,579.3722800369876,586.073974609375,29500495
2020-03-03,592.1077777316948,602.8838887991839,588.6789907987993,597.96337890625,27398798
2020-03-04,602.0378101189941,602.8393168736188,582.4003001293128,596.5606689453125,22105261
2020-03-05,602.1269086434213,604.6873667976507,581.5543059975552,583.8475952148438,30510390
2020-03-06,565.5235905903087,573.6057169779667,552.6545991174132,565.9688720703125,33734039
2020-03-09,552.187127563448,552.610174773984,487.59722352706973,496.1246032714844,88187018
2020-03-11,493.3860202311153,524.7569973633897,493.3860202311153,513.669189453125,59578576
2020-03-12,483.14426957764243,490.26895266015714,466.98007386558294,473.3477783203125,55970485
2020-03-13,444.40366683588684,507.6354328669012,419.64532802906,492.1837463378906,73297403
2020-03-16,472.2567483861661,480.78412669693296,447.5206482825577,452.2853088378906,38482258
2020-03-17,466.3343737158094,472.0118916262875,446.7191870864638,448.8565979003906,45445979
2020-03-18,456.5601919681001,461.28032501489446,427.9277857781092,431.2674865722656,44730415
2020-03-19,409.715250893795,430.5995508438921,397.29153849959346,408.64654541015625,61404010
2020-03-20,418.3538872632153,460.83496091441367,414.12359413052815,453.2872314453125,63360475
2020-03-23,407.9785720617482,423.02953408613564,389.9219001729814,393.6623840332031,40670949
2020-03-24,414.1236553813101,431.9354232678665,398.8946097412174,420.0906066894531,45734887
2020-03-25,429.17456609975056,512.7785178891949,428.9296612692312,481.9196472167969,73130298
2020-03-26,487.9534251497577,497.34913321338615,464.15244304869213,474.772705078125,45744488
2020-03-27,487.59721846033517,493.0743302616386,465.86685415365895,474.50555419921875,41657940
2020-03-30,463.3732417891349,478.6022880413513,454.20017367620915,458.8534851074219,30229866
2020-03-31,478.2237318418846,503.09338839129396,466.6683494310366,495.9464416503906,44292810
2020-04-01,499.7314691179713,500.7779105092495,465.4215737109047,481.1181945800781,41597459
2020-04-03,505.1640473665368,505.1640473665368,470.36428521360847,479.7822570800781,41367807
2020-04-07,490.7587797499459,540.587180545846,489.82365880229355,537.0693969726562,54373624
2020-04-08,525.4472847573542,547.2667377451544,516.5414146971003,530.8576049804688,49880330
2020-04-09,540.5871800325931,548.9587106749909,531.2360300150857,543.2366943359375,33032857
2020-04-13,536.1120125498173,541.0325221376103,525.4471928092958,529.5216674804688,23673784
2020-04-15,533.0394274350746,550.3836477833194,508.97127785494433,512.0215454101562,35321842
2020-04-16,512.0216140957893,528.7646769192855,509.8619687316648,520.1259765625,37455706
2020-04-17,541.4777278308106,547.7118467989294,531.0800784676695,545.0400390625,33269335
2020-04-20,545.9306250723796,559.7347065066759,535.2435731893313,553.8568725585938,36030932
2020-04-21,538.8060261793212,557.508386765965,518.3225393512134,550.98486328125,61371628
2020-04-22,587.7883765401166,616.6879797457742,578.8825082607582,607.2031860351562,142683366
2020-04-23,608.8730782936495,617.1110242514935,602.6166648338456,610.453857421875,65464502
2020-04-24,601.2140598103026,665.692673747736,599.9004494609227,630.9819946289062,134986308
2020-04-27,638.5519000387314,656.8089776563307,633.6536843523593,636.659423828125,58482901
2020-04-28,645.6766910891598,648.1035053145215,619.9164097345322,635.947021484375,78453401
2020-04-29,643.4056688448253,647.3019715047586,632.3178017703171,635.41259765625,37494672
2020-04-30,647.4355395070829,665.6926172797448,640.3553848329962,652.8013305664062,71345899
2020-05-04,641.2237757465786,652.3561123219903,631.1823492999154,639.0863647460938,53456868
2020-05-05,647.3242091452047,658.5901284085901,644.4297604788242,650.4189453125,44903763
2020-05-06,651.9108178555344,661.2397341507669,643.6728711176166,650.463623046875,40489094
2020-05-07,647.9031324834183,674.0196380436263,643.4501981639638,671.0361328125,50026966
2020-05-08,687.9796639330426,703.520407322856,684.4618205288415,695.4606323242188,84262770
2020-05-11,703.564854514178,719.1501837188379,700.1361272712575,702.1399536132812,67085063
2020-05-12,696.7963482041542,698.3771867058508,652.3560060092849,658.701416015625,100683202
2020-05-13,686.409748828676,686.409748828676,653.5951127082542,672.6770629882812,66430125
2020-05-14,660.3376694799763,672.789261174422,642.8290714721867,645.481201171875,49266771
2020-05-15,649.0999689371046,659.3039915320402,636.1089830747022,656.0225219726562,62152260
2020-05-18,660.7874506904164,666.1816004751524,641.9078075435432,647.6390991210938,62796089
2020-05-19,654.9436171986698,657.0563561877386,630.7821895369445,633.3218994140625,42315854
2020-05-20,633.8163258707098,650.380975067575,626.1745466989224,644.4698486328125,55320985
2020-05-21,645.054274887475,656.9439458804737,640.5591310175457,647.86376953125,39167981
2020-05-22,652.6061872445827,655.3931503743523,641.233434844536,643.5034790039062,37828973
2020-05-26,650.9653812121286,651.6621368125705,636.6483020759156,640.132080078125,33216635
2020-05-27,643.2562252592883,653.5950802585778,634.7154397533718,649.7966918945312,35667956
2020-05-28,654.0445650157022,665.1700639694456,651.3474905739236,661.7987060546875,40126278
2020-05-29,659.8882522484166,661.6863216286777,652.9882315987021,658.27001953125,40022527
2020-06-01,665.2825892982372,691.5118162804832,663.4620474135976,683.4205322265625,39943702
2020-06-02,685.9601831154127,692.2533963499591,683.622663148201,690.3204345703125,22153960
2020-06-03,694.5009892228203,701.243705152625,689.2640858781962,692.9951171875,25381289
2020-06-04,694.0513671813276,714.5043536279225,692.7028597821947,710.14404296875,34202350
2020-06-05,716.9767743613463,727.3156301764457,707.4020907099616,710.9982299804688,33076685
2020-06-08,727.4954324920736,727.4954324920736,703.4913080333477,705.5140991210938,31414953
2020-06-09,701.3784997663072,711.5825211649343,689.1067431761999,690.9722290039062,25857161
2020-06-10,693.6468614517847,710.0317358884901,692.2758817982025,706.705322265625,22132647
2020-06-11,703.9406793398144,704.8172120727567,688.2076777451796,691.2194213867188,20385805
2020-06-12,674.2727936948124,716.0777164159133,672.9242267053721,714.1897583007812,38548899
2020-06-15,703.4913585731487,731.3388178242635,701.7382332043936,725.7648315429688,53107403
2020-06-16,738.5535392456209,741.0483050918923,712.6164520349436,727.1807861328125,51187003
2020-06-17,722.9327480146142,735.159560417052,720.1682571993283,726.1243286132812,41782053
2020-06-18,722.3709596460744,748.4428198793569,721.7416204317783,744.3522338867188,40471557
2020-06-19,750.6903261392612,804.0927203501327,747.0942467519249,790.8770141601562,105804173
2020-06-22,797.1703064721975,811.0153531945601,779.9088977902954,784.9210205078125,60198705
2020-06-23,786.6515522559022,792.83240486235,771.4129953643138,773.5706787109375,37962078
2020-06-24,780.313374152456,796.855553260014,769.4351285440347,776.6947631835938,51586221
2020-06-25,776.3127539840192,786.2021069841788,770.0420123108671,772.22216796875,39679374
2020-06-26,777.1218366018753,787.5505795010465,771.8175170961591,782.8980712890625,30921913
2020-06-29,776.7847199037966,782.0440358258111,771.1657900960829,774.5820922851562,25621946
2020-06-30,780.807914512527,782.6059245493964,762.1754677566296,766.0188598632812,30276420
2020-07-01,773.1660690211988,786.201997392839,767.7943331649622,781.0775146484375,28464103
2020-07-02,786.6934075977497,797.7964904471671,783.1051979902952,794.5242309570312,28789533
2020-07-03,803.3027790862244,809.2605842388523,797.9769338084662,806.9586791992188,29434266
2020-07-06,814.6766894354603,838.5979258395846,808.8543255351691,835.7996215820312,47016185
2020-07-07,839.5007072874031,841.4640390934211,815.2635191046126,823.0040283203125,35189589
2020-07-08,823.2747585521189,828.1943991602055,807.9065001671087,811.5172729492188,26204095
2020-07-09,816.4820182311743,828.2169399112072,806.2139095305935,823.364990234375,36418942
2020-07-10,825.2832912510764,850.6037089763864,823.3650271392274,847.6473999023438,43759967
2020-07-13,859.0663542368072,879.083489970848,857.5543543318056,873.3514404296875,69608392
2020-07-14,872.9001111198423,876.3754426124376,851.8223070969156,865.2272338867188,67331128
2020-07-15,874.6829238098223,893.1203699369507,811.5173183412455,832.2791137695312,139669773
2020-07-16,833.6332409895332,843.5628377124207,818.0392846940356,832.0084228515625,60961724
2020-07-17,832.7304674212536,866.581298459645,829.5710262803591,862.8351440429688,49726765
2020-07-20,865.5882812630414,871.997357955958,857.3963818411495,866.5360717773438,36592938
2020-07-21,875.156852095807,892.3079337086934,874.0284930342241,889.8480834960938,42173371
2020-07-22,895.0159986639695,907.202312550526,884.9510213382299,904.4942626953125,59771457
2020-07-23,904.4716140026857,938.6609588483409,898.7846915588252,928.7765502929688,58333751
2020-07-24,928.866760017871,976.2578974882695,928.7765056243875,968.6527709960938,120597372
2020-07-27,983.389199696608,992.4160717579479,960.4157553838029,973.1887817382812,80304827
2020-07-28,973.1888610354255,990.2496888244225,970.6838835389933,982.8927612304688,55114422
2020-07-29,982.9830381867582,985.1945694094204,934.4860429521891,946.311279296875,72663399
2020-07-30,947.3719425825504,965.7416374844678,935.1856290159112,951.8176879882812,72857444
2020-07-31,954.3678774596883,960.9123366610667,926.5199162983887,932.97412109375,74958061
2020-08-03,925.8428264432459,928.4154946857375,904.0879942280135,906.7509765625,46715383
2020-08-04,911.9865832893145,978.0633706821992,902.8017056351508,970.6613159179688,92041055
2020-08-05,978.9660179222315,991.1522713264957,956.0828280071764,959.7612915039062,74549993
2020-08-06,973.549973124917,978.379359794549,951.3438079467057,963.2141723632812,49322975
2020-08-07,961.2733960409245,973.911042177792,956.9405280202135,968.7882690429688,32984416
2020-08-10,974.4976996368632,977.1606220933874,951.479128353328,956.7824096679688,26958997
2020-08-11,963.5301281069163,974.9040336698868,947.9812996710002,963.0787963867188,46828306
2020-08-12,957.3014618538515,968.1337801877427,950.8923849420117,960.2803344726562,30264617
2020-08-13,960.4609991024712,965.3806401973786,952.3367893848268,957.7755126953125,24830322
2020-08-14,958.0011068702576,973.549934599968,942.9713613334557,954.0518798828125,33224635
2020-08-17,950.0800072856482,950.0800072856482,934.3281075225127,943.919189453125,30979066
2020-08-18,941.0531171539242,963.3044077157676,939.8570673079405,956.1957397460938,30547672
2020-08-19,966.3284692913196,972.1959605908819,957.4595415393626,962.063232421875,34087543
2020-08-20,956.8501235506358,958.6103827292058,942.4070922309022,946.4917602539062,22537845
2020-08-21,955.9474560788303,957.7528424475055,937.4423204149851,939.63134765625,25280895
2020-08-24,943.9418195814,949.8543785402047,934.5086821849079,945.9051513671875,32717218
2020-08-25,950.5313951315512,952.9235547016002,937.8937489378307,939.7442626953125,19388008
2020-08-26,941.0531605726751,969.4652701628314,923.9020783795879,964.658447265625,59870421
2020-08-27,969.4878026998181,970.3905257659359,949.2901575537568,952.6075439453125,28085062
2020-08-28,956.8502459731571,962.6726103207113,950.6443003943401,955.1126098632812,27166900
2020-08-31,981.2227244337602,981.2227244337602,929.9274278526689,939.1123046875,62076132
2020-09-01,947.8232164171761,957.9333200606449,930.8526447960281,942.068603515625,38616258
2020-09-02,944.2124754240062,964.9743291453718,941.0530940448734,960.5511474609375,26949439
2020-09-03,960.4609660708118,965.3129161947521,949.177375013291,953.2846069335938,18586429
2020-09-04,940.3987281070342,946.4467283078576,935.275954940486,937.5552368164062,28475945
2020-09-07,940.6018292728933,950.4185474757394,922.6608419794579,939.9924926757812,21926473
2020-09-08,944.2125515075138,957.3015291324416,939.0220876589311,951.0278930664062,27397082
2020-09-09,941.0531948204808,978.4244877673116,939.4508806683891,975.5133056640625,55310877
2020-09-10,985.3300156152798,1058.3801472724467,981.8320607367515,1044.4110107421875,140304404
2020-09-11,1043.5083899488072,1055.175562246342,1032.269926063605,1047.0062255859375,59470807
2020-09-14,1049.3757689779331,1065.1727948098135,1029.967851123539,1039.2430419921875,44063445
2020-09-15,1043.4859648870015,1049.7144745661237,1032.7438987899045,1046.6002197265625,27178393
2020-09-16,1047.1189617708817,1069.3928153950412,1042.8538446608136,1049.172607421875,33952295
2020-09-17,1047.1190390154095,1053.3025400234242,1034.4137023752521,1037.528076171875,25828669
2020-09-18,1044.52376716858,1046.8707395543606,1027.5080681415218,1040.664794921875,33074915
2020-09-21,1038.092106363457,1054.340524274349,1014.3288160609994,1018.1653442382812,33627381
2020-09-22,1027.7112111815643,1027.7112111815643,993.6573068799258,997.990234375,34792254
2020-09-23,1020.0384225209982,1027.5984225615102,995.3499037941469,1006.859130859375,42988708
2020-09-24,996.5234072507043,1004.6926843399245,982.1480654339798,984.4725341796875,29826318
2020-09-25,987.9929866283342,998.7349916951074,978.1988318727759,993.7250366210938,28374935
2020-09-28,1005.1440644113056,1010.1088922605071,996.1397551110359,1000.2921142578125,19666849
2020-09-29,1004.2413355722142,1021.8436888287242,1000.2920490892888,1013.290771484375,25842539
2020-09-30,1020.0384044786468,1023.1977860425367,1004.2413772750692,1008.4614868164062,24465159
2020-10-01,1021.7534684542669,1021.7534684542669,999.2765413206039,1004.3541870117188,20783227
2020-10-05,1012.8167670183199,1015.1411757807246,995.6657462772324,998.4640502929688,18922799
2020-10-06,1004.3541775876134,1008.2582772733267,993.7024274130506,997.629150390625,18412175
2020-10-07,1008.7548038474227,1042.154304099075,1001.9846493971844,1018.9100952148438,53170865
2020-10-08,1019.5870900273933,1023.6492546738874,1002.9325253755236,1010.6730346679688,21077808
2020-10-09,1008.7548278164428,1016.8790372265936,1000.6757456073183,1008.0552368164062,18545499
2020-10-12,1008.7547657275612,1018.1200919736274,1004.8055389601913,1009.6799926757812,14226473
2020-10-13,1006.7690374076642,1031.660751903399,1004.625136856039,1029.3814697265625,23112012
2020-10-14,1028.5689032035948,1039.8976215416956,1023.8748385588287,1032.450439453125,26742011
2020-10-15,1033.5787209899615,1033.5787209899615,990.7010157207518,995.8914794921875,20036197
2020-10-16,999.7278829970974,1007.6263364491078,980.6134107518138,982.03515625,21583600
2020-10-19,988.466891534098,1005.9113606750328,972.7149909324551,982.2157592773438,31200385
2020-10-20,983.4795214556434,989.798344269808,971.40602552376,973.053466796875,18482288
2020-10-21,978.5148226542062,989.3470825746206,946.8078286470422,958.9264526367188,34082321
2020-10-22,960.1901490428081,962.4919944695694,943.7612212611413,950.9601440429688,30802210
2020-10-23,950.5313739814042,963.6203515996452,946.198506037611,953.71337890625,23422125
2020-10-26,948.7034801284107,948.7034801284107,911.0387994567244,915.8230590820312,37324416
2020-10-27,918.4408237514781,929.7018515417203,904.9456412841947,918.2603149414062,36478896
2020-10-28,921.5550042670169,928.7314227324945,906.028800472741,907.8567504882812,29924017
2020-10-29,901.3347148477378,921.6452355897476,898.6266653128221,914.8298950195312,30655304
2020-10-30,917.8088456567091,932.0713684328344,912.5281277212341,927.287109375,34021563
2020-11-02,914.8751840367496,914.8751840367496,839.1170566069392,847.3766479492188,99366895
2020-11-03,853.0409611809424,861.6165021715815,828.2621884933044,835.167724609375,88691623
2020-11-04,829.1196689111366,870.6433759833506,829.1196689111366,863.5120849609375,80180117
2020-11-05,882.3557933334056,885.063843200435,871.9974294692396,882.3783569335938,37205373
2020-11-06,898.1754160907856,920.7425971059893,892.8269476303738,915.8455200195312,66674086
2020-11-09,930.7173580690493,933.831612463532,918.9372485037195,925.572021484375,35838510
2020-11-10,937.4422740636721,943.3097645487367,921.2841713240634,940.8499145507812,36934242
2020-11-11,942.858502861752,945.5665526357731,892.8043809348467,901.425048828125,56724780
2020-11-12,894.1133176465529,906.502703689629,886.8917719189561,893.6619262695312,40046527
2020-11-13,894.564633496026,919.2305871473199,894.4518154997988,901.06396484375,45388670
2020-11-14,909.4139110537326,909.5944198559474,900.5901107359409,903.7269287109375,5226220
2020-11-17,941.0531655438715,941.0531655438715,895.9186819311539,899.6422729492188,46542562
2020-11-18,899.6422957138947,905.6226647867821,884.6802404612616,896.9116821289062,30402290
2020-11-19,896.9116993129645,907.405445431904,888.3361577898231,890.5703125,27796343
2020-11-20,891.4052660410506,895.377116449163,855.297714134409,857.3287963867188,57471248
2020-11-23,880.5729426320072,889.148483349999,869.4021701299365,880.4375610351562,45327567
2020-11-24,886.4404490954421,890.9538853742781,871.997417187929,886.4630126953125,30936268
2020-11-25,893.6618865906463,899.5068137121415,876.6011198738435,879.1286010742188,32637879
2020-11-26,881.4982981188252,886.891834503416,871.1173701719107,881.295166015625,25838637
2020-11-27,875.8338420233673,882.8748194602481,867.2131737985623,871.0044555664062,47336811
2020-12-01,875.7661696758335,887.456025013745,871.1173516152288,882.333251953125,19750687
2020-12-02,883.9580550659119,885.5378055525415,873.3514915114731,883.8001098632812,22188887
2020-12-03,890.0512219953362,894.1584537844419,884.0257260648682,886.4630126953125,27785372
2020-12-04,888.6971374121213,888.6971374121213,875.6081607043218,878.6547241210938,18464552
2020-12-07,875.8789913444388,886.8917588790096,875.8789913444388,883.8226318359375,18242188
2020-12-08,885.1541251431139,909.120487964561,880.1216067950427,899.867919921875,43403061
2020-12-09,907.1797819467947,917.9443506509773,902.3503953551077,914.8526000976562,29175254
2020-12-10,912.4378508699459,915.5521050393417,903.1401558672769,905.8482055664062,16065507
2020-12-11,908.5563377171925,919.8399885896688,891.0667415415232,905.3067016601562,26944202
2020-12-14,906.2770801525107,909.4590851843236,896.5280523361688,898.76220703125,17312747
2020-12-15,898.0399769590505,898.0399769590505,885.1315087967429,891.1118774414062,18551265
2020-12-16,897.2727587493416,900.4096365369544,887.2077809533278,892.1048583984375,18561011
2020-12-17,895.6930552499342,904.9456238899453,892.3756687000254,896.1895141601562,20252358
2020-12-18,893.7070987327945,904.9004347378007,886.8917576008947,898.8749389648438,18466344
2020-12-21,907.2022710782971,912.6183705411303,837.3567098855556,875.4727172851562,44135540
2020-12-22,879.6703154945026,884.13862467934,852.3413781920493,874.1187744140625,28140001
2020-12-23,871.0947542977892,880.7760906412614,866.8746448149003,877.3458862304688,19501410
2020-12-24,878.7675857883312,902.1472362313513,878.2711268911072,900.0485229492188,20776988
2020-12-28,905.7128472166959,910.8130563627905,900.5675108718648,904.1782836914062,17221499
2020-12-29,906.7509753463718,908.2404117114976,894.8128611333499,898.197998046875,18611939
2020-12-30,900.544896853225,905.9384324891365,891.6534065904553,900.65771484375,22043630
2020-12-31,899.7550430883384,908.0597603382951,893.0300164591347,896.0540161132812,18781189
2021-01-01,897.2728162016685,901.3349212804142,894.5647660465282,897.0471801757812,10015175
2021-01-04,900.4772865018267,902.1923588792536,888.2458453983129,898.55908203125,24513534
2021-01-05,888.6971735420237,895.286819208082,882.8296824610696,887.3883056640625,24123091
2021-01-06,887.297983512097,887.3431107117481,859.8788522034279,863.986083984375,46401468
2021-01-07,866.8070252352164,877.8649808483686,859.8789250447446,862.5869750976562,32325918
2021-01-08,865.6785443392591,874.8859848548774,863.0156218642852,872.7646484375,27540187
2021-01-11,875.0665690475399,875.0665690475399,854.1693322211945,856.313232421875,33307825
2021-01-12,858.9084582491231,884.6350813991116,857.5092762592445,883.3036499023438,41161546
2021-01-13,886.2373626282811,891.3826993524976,865.8817711258671,875.0665893554688,26619458
2021-01-14,877.8648459446861,887.7493136723414,875.1793599061967,884.9058227539062,21553242
2021-01-15,884.9058936036437,890.8636390967538,866.6038890308039,874.457275390625,20593268
2021-01-18,879.7154868801754,901.3348792931557,868.0933816341949,895.44482421875,35100458
2021-01-19,900.2741645341835,916.6805284572496,900.2741645341835,910.0909423828125,32006615
2021-01-20,912.3476352561834,928.8668167227358,903.3207030552749,927.3773803710938,30924537
2021-01-21,939.6991037539394,956.8501859101181,936.539722158253,947.552490234375,39087742
2021-01-22,952.7880800202875,954.7514714069698,918.5536065523528,925.0755615234375,30532660
2021-01-25,918.4633177239738,918.4633177239738,871.9974047459384,876.0595092773438,54207104
2021-01-27,868.8380990078514,868.8380990078514,852.1383477435087,855.2977294921875,42370131
2021-01-28,848.5952770841457,868.0708291399083,844.0141496085763,846.970458984375,34067814
2021-01-29,854.9817319108826,863.4670185270817,825.9602859922227,831.3538818359375,43712383
2021-02-01,839.2298742462161,859.8111617886597,834.0845374375884,855.4331665039062,34180952
2021-02-02,863.9860695183817,875.6081736879117,837.2213427448476,869.1990966796875,41470034
2021-02-03,870.3274543100903,881.024271808645,857.5543678212887,871.3881225585938,30301696
2021-02-04,868.3865924082124,875.6081377765653,859.8110520523379,868.5220336914062,25626981
2021-02-05,871.1172947571725,877.7069402051127,866.5812949964159,868.2738037109375,20248046
2021-02-08,872.4713450669083,888.6972004305863,870.6660182415897,880.776123046875,21183400
2021-02-09,885.5153163375164,897.9949582317895,881.1598247943388,882.8974609375,19604141
2021-02-10,881.8142219915239,895.8058629486737,869.8761074541144,891.0892944335938,21234156
2021-02-11,893.6619528050209,931.6652040177879,890.1640575276463,927.8287353515625,42539278
2021-02-12,927.7384783498696,937.8937101488065,909.6395460369704,921.4647827148438,30497029
2021-02-15,924.375996830397,930.3563061780627,913.9725053748315,917.4027099609375,15791099
2021-02-16,920.6297689320974,938.5255683500038,918.4858688517324,929.5438232421875,21421660
2021-02-17,929.7694401272191,945.9952940995148,925.5268269442237,940.2632446289062,23742994
2021-02-18,941.0531321070791,951.6145681859424,929.3632772705301,933.244873046875,18646877
2021-02-19,928.4155145358285,950.0574695218014,926.745509641073,938.9318237304688,23403483
2021-02-22,938.7963735267837,943.2646823971752,900.4095436576987,906.3446655273438,23804335
2021-02-23,924.3534685124855,926.5650596508531,908.8272033401173,913.27294921875,25644108
2021-02-24,916.2292459832904,932.1391518608341,914.491550200775,930.220947265625,10807663
2021-02-25,936.9909986645049,971.2931609562635,935.6369439506498,967.8403930664062,34855693
2021-02-26,955.4961387654923,963.123829134179,934.5988434646592,941.4141845703125,37481215
2021-03-01,952.4269850885058,953.2394537638484,930.897848571293,948.590576171875,17680764
2021-03-02,957.7529796144208,961.3636931768278,942.9037417589657,950.5314331054688,17150760
2021-03-03,957.3241328149178,1001.9395335212855,951.0730007855624,993.9055786132812,31924461
2021-03-04,983.9308776144062,988.421750465709,973.8659000002634,982.0578002929688,21435754
2021-03-05,973.0985692708165,998.3512962856287,971.7670781260525,983.3440551757812,25511666
2021-03-08,978.7404377726681,1007.355680497462,978.5148017597687,988.9408569335938,19506841
2021-03-09,992.9576927650287,999.1862609710787,968.8559482883367,988.9181518554688,15154484
2021-03-10,996.1171885060364,999.7730887336929,979.5302558776189,984.8109741210938,11519358
2021-03-12,990.7010162557301,995.8463528292266,958.6104430105866,964.7938842773438,16864952
2021-03-15,965.8997240046931,969.8940783739292,939.0221172112458,951.84033203125,16698099
2021-03-16,954.142054646313,959.558213666829,945.7922099765842,948.0940551757812,13873801
2021-03-17,946.9432570402209,949.1774117375747,918.5310865076837,927.6708374023438,19210236
2021-03-18,935.5918936777657,940.9629260845496,903.1402423037733,906.796142578125,20647480
2021-03-19,898.6267780925764,945.9502287147974,894.9257507304794,939.6990966796875,41787429
2021-03-22,934.7342566902689,936.0882516774249,917.6734303772165,930.8526611328125,18572478
2021-03-23,930.6496079854647,952.2013071535108,927.9641218620927,942.1814575195312,17421165
2021-03-24,938.6835805295864,938.6835805295864,920.9232211318065,924.0374755859375,16822814
2021-03-25,927.0614339788925,927.0614339788925,895.9186520687285,898.829833984375,22001648
2021-03-26,908.1049928320286,908.8722746334809,890.818529006779,900.274169921875,20180202
2021-03-30,906.2996230548414,924.7596332154852,898.8750045089173,915.9132690429688,20441701
2021-03-31,910.8130382876154,925.2108826971944,902.2374380883726,904.0879516601562,16250796
2021-04-01,910.813145160988,916.2292452262719,904.1106213459858,912.55078125,11723312
2021-04-05,913.9499154284324,913.9724790288182,885.582933146535,899.3489379882812,14875099
2021-04-06,904.4942743627021,904.9230424620014,888.6971873373794,895.602783203125,14009194
2021-04-07,902.6888544411458,923.8569132620463,899.6648545655975,903.9751586914062,24266353
2021-04-08,907.6537426263076,912.6185111810149,899.5295324880082,905.1036376953125,15369188
2021-04-09,901.9892738152234,905.5548598128081,893.661932570132,894.5872192382812,14037885
2021-04-12,884.1838040998745,885.2670360594527,857.6673339221142,862.5869750976562,20901482
2021-04-13,868.3866470158723,875.8790157297038,865.6109063786529,871.9071655273438,19411189
2021-04-15,869.4248015602077,885.0864478844724,863.4219285584875,877.5490112304688,19723716
2021-04-16,874.0736236379038,880.0764962565872,869.492436882543,872.0425415039062,15656948
2021-04-19,859.3597599294095,864.9564280013587,853.0409372873982,858.3216552734375,18478808
2021-04-20,862.2934748740392,866.1298835841033,853.2440391612164,858.0734252929688,17203668
2021-04-22,854.0564191309984,864.076268326873,847.0380060050811,860.4429321289062,14490954
2021-04-23,860.262540485022,866.0848449417196,855.4557174605446,859.517822265625,11828857
2021-04-26,866.5813583165724,885.5378273951245,862.7448895453444,874.6378173828125,20846778
2021-04-27,875.6081964100579,901.4250736005504,874.8183510247649,897.5661010742188,19992524
2021-04-28,901.7184130880825,906.2995399608012,893.729645559396,901.4701538085938,17122437
2021-04-29,913.0246189844161,922.7737059327087,905.9837012820783,913.543701171875,17412606
2021-04-30,906.52536632468,918.9373173233724,897.0697247389294,900.20654296875,19828769
2021-05-03,887.3431780134558,893.2106694861402,877.007436823715,884.2063598632812,23640186
2021-05-04,880.1216239409943,888.1555786981006,862.5192105636345,865.0466918945312,21849830
2021-05-05,868.0932764991574,874.9311213941457,861.1876811156937,866.6264038085938,12393609
2021-05-06,867.4162254267926,873.3514068231331,860.533193830387,871.5460205078125,14624666
2021-05-07,874.5926322966467,882.6717141211767,869.289350739611,871.8845825195312,12288548
2021-05-10,875.1568754240988,878.677334300937,867.010102487007,869.379638671875,13941237
2021-05-11,864.324640162575,874.9537675806936,862.0678622246373,872.5165405273438,13478264
2021-05-12,871.1398768410697,872.4036175039552,860.7138223730607,863.4895629882812,13177961
2021-05-14,870.2146050700743,876.5108642766377,860.2625054108522,874.3895874023438,13291616
2021-05-17,874.3896599460207,886.1922742569557,871.2753456385512,884.7931518554688,11873078
2021-05-18,894.1133650520243,903.8623926091062,890.2768962963072,897.2501831054688,12064918
2021-05-19,893.661980396703,910.1135316770341,890.0512670062741,901.357421875,16317002
2021-05-20,901.7411000663334,907.6085916449601,894.1134087677735,896.0993041992188,11422532
2021-05-21,899.0780871843959,907.0217278069957,896.3700373777015,903.8397827148438,10785605
2021-05-24,906.2995151967815,907.1119838096187,894.5645936578591,896.2119750976562,8551760
2021-05-25,901.0639435208391,901.3347663974367,884.6350172082499,886.0567626953125,14780102
2021-05-26,891.4052361303035,893.436318314461,887.0272410491106,889.1710815429688,7480204
2021-05-27,889.2838771196103,899.5293624195406,885.6505408776364,891.9016723632812,26819294
2021-05-28,898.1754320907405,950.0800090423911,898.1754320907405,945.476318359375,56469931
2021-05-31,948.7259715836556,989.2115769657272,941.0757172389948,975.0393676757812,59124142
2021-06-01,977.6120318921522,993.860450495012,968.8107952002592,978.9209594726562,28013832
2021-06-02,973.5499025688986,997.2455024822107,973.5499025688986,993.5219116210938,24630162
2021-06-03,1002.4358843892015,1015.5249208069228,991.1974809457165,997.3131713867188,23974257
2021-06-04,999.6376236399614,1000.38234182816,985.8490553582253,988.6699829101562,14468646
2021-06-07,993.8603642166437,1011.9141080373831,986.1874872775942,1005.324462890625,16336573
2021-06-08,1004.9635226595291,1005.2117222594065,992.1227450436447,999.54736328125,9674735
2021-06-09,1001.5332651004173,1002.4359284900111,973.9786921208427,981.6741333007812,11409161
2021-06-10,989.9788572705107,1006.4980988117626,982.8250618353879,985.284912109375,14155653
2021-06-11,988.6745196444147,1009.1011338517071,987.4063134106076,1002.375244140625,13762778
2021-06-14,1003.213263471595,1022.8019357932958,994.1775030221097,1016.7554931640625,20332436
2021-06-15,1024.04738247787,1030.3428892787051,1014.6719292575741,1019.0652465820312,15174215
2021-06-16,1016.755357809192,1017.7290947897937,999.0688775364099,1001.6731567382812,10797349
2021-06-17,996.4193416411849,1012.2714997953356,987.315715260484,1003.5075073242188,15745975
2021-06-18,1007.9687553467284,1012.2715036865906,989.3311797612216,1008.0366821289062,29369026
2021-06-21,998.0046053152495,1017.9329096042337,996.4873342427861,1013.29052734375,12186448
2021-06-22,1020.877007795391,1024.047523693767,1005.1834033496904,1008.0820922851562,12871913
2021-06-23,1019.0653035968686,1019.3370107371757,997.1893446925246,998.842529296875,16653951
2021-06-24,999.5218896905816,1003.0319792586279,969.2443347205035,975.3587036132812,91461975
2021-06-25,975.3587188779936,975.3587188779936,942.5674531142881,953.14306640625,55355022
2021-06-28,961.0918688993542,963.1299720367883,942.5222185353294,944.7868041992188,20277042
2021-06-29,946.3720075153033,955.2039275943256,943.9262837366043,945.60205078125,27144063
2021-06-30,949.4291224770184,961.3861531398231,947.0739679222726,955.951171875,19762858
2021-07-01,959.2802038142157,961.6127163035006,948.863085632743,950.19921875,12534407
2021-07-02,949.7688855828178,966.0286658416347,947.9345627995748,964.284912109375,14086620
2021-07-05,967.6364952540457,975.3814069298204,965.3945518663345,973.8641357421875,11702287
2021-07-06,971.4863144110957,973.2752927037599,960.2765977537204,962.3599853515625,10070124
2021-07-07,963.6961834604583,963.6961834604583,950.2218803000953,955.6795043945312,10454892
2021-07-08,958.8046409163389,958.8046409163389,942.522218479792,947.7760620117188,11185460
2021-07-09,945.6925548959384,947.3683817256788,935.7736870853545,938.0835571289062,9037675
2021-07-12,941.9560333000883,951.8070347554016,939.5782363454429,943.92626953125,8585292
2021-07-13,951.1276138236502,952.5090313833667,945.7152147930674,950.9917602539062,6717133
2021-07-14,951.2861518765445,954.2301252196338,942.6354298484742,944.7868041992188,8532544
2021-07-15,948.8630578642602,948.8630578642602,941.3899132919198,943.1336669921875,9448356
2021-07-16,945.5793426478567,957.8081403899708,945.5114158643191,956.7437744140625,8828185
2021-07-19,951.1276470202398,961.9976700838799,947.6175572445412,950.652099609375,8354449
2021-07-20,950.9010950356152,954.7509382666392,943.8809159970199,948.3194580078125,6741464
2021-07-22,959.7329730544459,961.9522739144625,950.2896532195613,960.5029296875,7972397
2021-07-23,966.7306870173245,966.7306870173245,952.0561048845019,953.7092895507812,9937030
2021-07-26,954.750983452507,960.6388700312618,938.0382987131833,940.642578125,12389668
2021-07-27,940.6199818363403,943.7450933231961,924.8584510240973,930.746337890625,10824523
2021-07-28,932.1051326635076,932.1051326635076,913.1957878078247,922.7523803710938,12897848
2021-07-29,930.2933070796137,939.5328466147575,925.4923692829198,929.95361328125,13765738
2021-07-30,932.1051183084293,936.6116474595756,919.9216040760916,921.8239135742188,11350608
2021-08-02,930.4293230086479,941.7975357253354,924.4734496016514,938.6724243164062,10925104
2021-08-03,946.598366059032,947.0512711550073,934.9131031020454,945.5792846679688,11817299
2021-08-04,948.5912282263394,957.4684320780918,945.2396345210956,952.8260498046875,13169800
2021-08-05,957.6043762856963,975.9475444073931,953.0525626247831,966.64013671875,21252078
2021-08-06,964.6925186543999,972.3921457790564,941.5031281309346,946.168212890625,16620987
2021-08-09,942.5221349162108,946.5078316871239,935.9548011334763,940.7783813476562,7494143
2021-08-10,942.9750770172923,957.0155553586313,939.238504866793,945.7152099609375,11919198
2021-08-11,949.7461759426325,960.1859355324891,943.6091647712293,958.9630737304688,9184963
2021-08-12,962.4052906590396,962.9941092821113,953.3922326146494,955.88330078125,8137612
2021-08-13,958.9631450993386,973.7282964676544,955.1812882059611,971.8033447265625,12780901
2021-08-16,973.4791642916643,997.7782056289792,963.8772875225334,984.4171142578125,21935444
2021-08-17,982.3111087496648,989.7162669243918,972.7998007947025,980.2276611328125,12658169
2021-08-18,984.6436264377176,990.4409443539315,974.9511803260805,984.0321655273438,10075860
2021-08-20,970.6031001945055,983.7377088016336,967.8856094241049,972.98095703125,9426282
2021-08-23,984.6435509846982,984.6435509846982,965.7568499022403,979.3670654296875,9854395
2021-08-24,980.5899239821464,992.7960796490014,976.3098177521405,989.036865234375,11864472
2021-08-25,989.8068486851395,1005.4778098902966,987.4063495975512,997.5969848632812,13380559
2021-08-26,1000.0427614622415,1016.7554463089577,998.6839861429403,1010.2107543945312,18589616
2021-08-27,1013.1773175448565,1015.7816567389563,1003.6887127626729,1008.8292846679688,10480636
2021-08-30,1019.065142199232,1030.7731064450631,1013.0866276567323,1028.2366943359375,14027062
2021-08-31,1031.2486961976206,1034.351165067264,1015.5550939662595,1022.7565307617188,26485463
2021-09-01,1029.4825691995866,1038.4956282529236,1024.9533974079704,1026.810302734375,11145486
2021-09-02,1021.32982832915,1045.2438888621152,1021.32982832915,1039.1748046875,9956770
2021-09-03,1046.2402142010292,1084.7382844176575,1042.8433961232756,1081.7943115234375,30664428
2021-09-06,1092.8909697996994,1123.2365131929273,1092.4380047519112,1098.5977783203125,33641710
2021-09-07,1100.5904921516135,1113.272195169168,1092.4379602260194,1105.52734375,17349882
2021-09-08,1110.5547152662286,1111.460525484485,1090.01483063056,1101.201904296875,14301651
2021-09-09,1099.6394421897962,1104.145971203985,1094.2950296674799,1098.5977783203125,8963249
2021-09-13,1101.9492019199529,1101.9492019199529,1072.5322338327235,1074.117431640625,16311160
2021-09-14,1075.6799942004575,1084.2853708994928,1071.6036685532943,1072.71337890625,8908356
2021-09-15,1072.7359589929417,1085.0779069197367,1072.7359589929417,1077.174560546875,9071075
2021-09-16,1078.6466838742622,1103.6476943262978,1072.0567074838173,1099.7752685546875,13448882
2021-09-17,1107.8371172912175,1112.2983612101125,1075.9516645338,1082.7227783203125,34882133
2021-09-20,1074.3664868663025,1095.3139316833478,1073.415392150155,1084.4439697265625,11779819
2021-09-21,1089.2675674362638,1094.521410709491,1079.756260196694,1089.1317138671875,9915736
2021-09-22,1090.6264428510565,1106.0255780999046,1086.210482648724,1100.817138671875,10995912
2021-09-23,1108.4713001643795,1130.9360171926044,1107.6107744419755,1127.7203369140625,15748397
2021-09-24,1133.9026086017536,1134.7631343059459,1119.613065939266,1124.459228515625,15192163
2021-09-27,1126.4069614315592,1145.837138258342,1121.1078331879216,1143.36865234375,15373834
2021-09-28,1147.6939414575027,1161.689135216267,1138.092065214608,1154.0574951171875,18035258
2021-09-29,1163.9991145771864,1163.9991145771864,1141.3758992926414,1144.90869140625,9719875
2021-09-30,1143.617767070168,1147.965800183617,1132.4533348800387,1141.013427734375,13590654
2021-10-01,1133.1779894261922,1150.320936930379,1130.0302358504632,1143.0289306640625,8958928
2021-10-04,1156.2993722307872,1166.1955973057436,1149.075293250508,1157.72607421875,10918552
2021-10-05,1157.2505376163047,1183.0216242133338,1153.7403880823629,1181.75341796875,13533634
2021-10-06,1186.6222902143543,1186.6222902143543,1155.4389825506435,1159.4019775390625,10258881
2021-10-07,1175.3219190109808,1177.0204479976474,1162.9573276219362,1165.0860595703125,6336665
2021-10-08,1170.906015220909,1215.8129290316733,1169.207605953432,1209.8570556640625,15772493
2021-10-11,1223.5124154081877,1231.9366542030143,1198.1263679197398,1201.4326171875,14768666
2021-10-12,1197.9678831315707,1215.1787568517786,1196.269354160262,1208.2943115234375,6682011
2021-10-13,1213.3671067441883,1231.7103344750674,1208.9737889938256,1220.5911865234375,9959762
2021-10-14,1223.0370501176033,1230.7820226229398,1217.0811759648275,1223.0596923828125,8623469
2021-10-18,1208.6565974394791,1243.2594798164876,1205.8031936198447,1226.3204345703125,13594479
2021-10-19,1233.6577079515857,1246.1356302424738,1226.5016753447112,1237.3037109375,8833409
2021-10-20,1242.2408058239628,1242.2408058239628,1219.0287701738525,1223.0596923828125,12710570
2021-10-21,1235.2883536749923,1235.5600608138357,1179.0358711096487,1187.7772216796875,20831669
2021-10-22,1186.6449281501523,1206.9810344630644,1182.7951444896785,1189.99658203125,11027475
2021-10-25,1213.819979870448,1213.819979870448,1163.9989792562783,1178.4017333984375,17198417
2021-10-26,1185.3316395816128,1208.792739180254,1179.013369646043,1205.2373046875,9750178
2021-10-27,1201.138372284091,1212.3707315877277,1186.6222858874532,1189.99658203125,9896298
2021-10-28,1186.644837678606,1194.77472717133,1173.283867099268,1176.952392578125,9886181
2021-10-29,1175.8428779756357,1175.8428779756357,1133.0648156155328,1148.713134765625,14233025
2021-11-01,1148.7131311991511,1157.6582624374937,1129.6225892164332,1149.4151611328125,15481114
2021-11-02,1152.6759743257276,1154.0347494893902,1130.1433322293192,1132.656982421875,10569130
2021-11-03,1135.034999269857,1141.353269066621,1114.6310849978502,1124.8670654296875,11989430
2021-11-04,1129.1016597099565,1134.514118637374,1127.7656464746356,1131.77392578125,1705656
2021-11-08,1141.0813257713814,1141.3531527093287,1112.5475239087214,1133.177978515625,20337183
2021-11-09,1134.5593339553402,1145.384011549245,1126.429444729638,1142.123046875,15682497
2021-11-10,1139.8585280650227,1158.56403111527,1133.9479393972968,1154.8953857421875,10253470
2021-11-11,1150.4341308509872,1164.2254244154967,1148.3959679290283,1157.00146484375,10722478
2021-11-12,1160.783343266853,1177.0204805624614,1158.1110771767962,1174.46142578125,8712341
2021-11-15,1177.586582367733,1178.583081524526,1163.9990683781703,1167.5318603515625,4803269
2021-11-16,1164.9273785910239,1166.2635115241296,1130.030145313062,1140.4019775390625,11337581
2021-11-17,1131.819326460902,1131.819326460902,1114.631092727357,1115.9898681640625,10202029
2021-11-18,1114.177982402732,1127.3126501781812,1109.6714536653499,1120.2017822265625,8505625
2021-11-22,1103.353466536403,1109.1961291306902,1064.8101030658254,1070.5848388671875,24124307
2021-11-23,1056.6800550508478,1087.5691305828452,1045.7874503355001,1080.5941162109375,25326999
2021-11-24,1077.9446209027212,1091.4868494573443,1061.4357769402945,1064.9912109375,16820296
2021-11-25,1074.7742721480843,1133.2006528139436,1067.5954770563671,1129.1016845703125,42401936
2021-11-26,1117.7108501017365,1122.149452357917,1087.6824179851199,1092.7098388671875,15763138
2021-11-29,1104.7120019443607,1132.2947064909179,1086.5951994258771,1105.7989501953125,24325354
2021-11-30,1117.8012696969345,1121.3793456985663,1081.9528225027632,1089.4486083984375,32172299
2021-12-01,1101.9493776790864,1120.519028933976,1098.3713010103995,1117.3486328125,10104610
2021-12-02,1118.5714698041102,1130.5737867535804,1114.9028239659328,1124.52734375,12720411
2021-12-03,1131.5699598889346,1131.6152444047298,1087.002808328186,1090.7393798828125,19222481
2021-12-06,1094.2497321105475,1098.3259382907745,1067.595476803198,1070.0638427734375,10332254
2021-12-07,1076.2008936152106,1088.814549469748,1068.8862454989733,1078.782470703125,11235122
2021-12-08,1097.9184786382343,1101.4058665244686,1089.8565147837464,1095.200927734375,8744178
2021-12-09,1102.8551026436394,1120.9265028973477,1098.3259314492311,1112.5701904296875,13213547
2021-12-10,1105.2328712872275,1116.8955527047663,1100.7489847314073,1113.7025146484375,8364414
2021-12-13,1120.2924973928066,1120.5642045309762,1088.8146024741634,1091.3736572265625,12901733
2021-12-14,1077.9447685198427,1089.7206627192115,1074.9555104415622,1078.0126953125,12991523
2021-12-15,1079.7564383300423,1089.267747138745,1069.3846036415657,1074.864990234375,9366969
2021-12-16,1089.5846504628314,1094.0232528934675,1072.8040976676455,1088.7694091796875,9761279
2021-12-17,1086.1199416955528,1090.6264710688479,1050.7696168986836,1060.0318603515625,21049821
2021-12-20,1049.7957435304404,1049.7957435304404,1017.7517924627566,1031.45263671875,14325846
2021-12-21,1046.8519251541745,1062.545530320319,1038.1786200134966,1046.806640625,12836561
2021-12-22,1052.9889486908655,1074.276151843881,1051.6755775302054,1071.649169921875,17658543
2021-12-23,1075.2269101223426,1077.9444602528379,1068.0029516992752,1071.263916015625,9072401
2021-12-24,1073.4155095265614,1083.3796623765666,1058.718285237532,1074.6837158203125,7886494
2021-12-27,1069.5882123719496,1077.038713611814,1063.4964862774043,1073.528564453125,4017223
2021-12-28,1075.9516508475376,1089.1995288788441,1074.7967758285763,1086.2781982421875,6374613
2021-12-29,1082.9266955421135,1095.60839765478,1078.8956544896844,1088.13525390625,15425312
2021-12-30,1087.0030029803643,1089.2449463146104,1062.3642685656102,1068.4786376953125,29333171
2021-12-31,1074.7741732718725,1079.710904759357,1068.8862272626782,1072.5775146484375,9477290
2022-01-03,1071.150790940942,1090.6036067166367,1070.4940456132024,1088.74658203125,5421611
2022-01-04,1094.2043208037267,1114.6308734629547,1088.8145046450295,1113.3173828125,10847728
2022-01-05,1115.0840198447643,1121.877776996668,1101.9267085410534,1118.526123046875,11643813
2022-01-06,1110.1924425923644,1111.4606489189575,1091.0792578429503,1094.4761962890625,14447422
2022-01-07,1101.0207557139988,1113.294777565113,1092.2341211399646,1103.3079833984375,13112115
2022-01-10,1110.5547786779957,1112.8193642531028,1094.2723568788356,1104.2138671875,9246731
2022-01-11,1103.3081569787676,1120.9492358826358,1102.8551919025351,1112.1627197265625,16205164
2022-01-12,1119.2960312179016,1143.595131948247,1116.4426269818646,1141.851318359375,14800442
2022-01-13,1141.9194026287705,1150.8645340891296,1136.0993826537385,1148.2828369140625,11856712
2022-01-14,1148.146875628832,1162.776052313962,1144.0026230998735,1149.95849609375,19930176
2022-01-17,1149.5055923237667,1161.734329339856,1149.0526273304495,1155.9595947265625,8036453
2022-01-18,1157.091856839492,1160.533959238436,1139.4280204859526,1142.168212890625,6215029
2022-01-19,1145.882379974198,1151.3173615953267,1136.3710722869748,1142.077880859375,9755485
2022-01-20,1132.3176461756468,1136.8015335141931,1111.9136106984854,1122.0816650390625,16494486
2022-01-21,1110.5547274570392,1133.3137934671236,1110.5547274570392,1122.2625732421875,13338594
2022-01-24,1120.9718770080574,1134.4463001586594,1066.6671028591084,1076.99365234375,21868937
2022-01-25,1064.1532222498897,1081.8623458947789,1043.9757327083191,1074.887451171875,24510205
2022-01-27,1058.0163123551283,1067.119939925388,1046.7160258148951,1058.9674072265625,20020431
2022-01-28,1071.1508364816766,1076.087568078922,1054.5740661673967,1057.9482421875,14667727
2022-01-31,1068.9768076649402,1089.9016105598887,1067.1650674426833,1080.933837890625,12143683
2022-02-01,1090.6263567842825,1096.333045361315,1063.0436492942567,1077.3558349609375,13200509
2022-02-02,1090.1732649193555,1090.1732649193555,1075.7252273627023,1079.5523681640625,10017691
2022-02-03,1083.3797131393435,1087.659819731054,1063.0890104902376,1065.6026611328125,9572839
2022-02-04,1060.280768575064,1063.655064440526,1051.2677111603737,1055.887451171875,11061241
2022-02-07,1060.7338205814565,1067.4370085401163,1043.9757907846413,1049.4561767578125,10714467
2022-02-08,1055.5931024543218,1068.8862659765236,1046.240291320876,1067.09716796875,12060849
2022-02-09,1073.9363098694528,1081.2056742872649,1067.9805561051007,1079.5299072265625,11486225
2022-02-10,1085.055306543387,1085.055306543387,1071.19608713209,1078.420166015625,12464491
2022-02-11,1074.887506839841,1079.982854527415,1061.6849113374171,1076.314208984375,15943370
2022-02-14,1059.9412213800138,1066.599124811997,1047.5991516117767,1059.1712646484375,10719633
2022-02-15,1064.9004831978962,1097.8277206759533,1057.8803043046898,1095.1328125,11212671
2022-02-16,1100.5903723798485,1101.949147519633,1085.1685980041375,1092.8681640625,10392840
2022-02-17,1096.106699582626,1111.8682307103675,1091.5322435754686,1106.7049560546875,12853252
2022-02-18,1107.1126644779383,1112.5476464311962,1096.129369451274,1098.0543212890625,6775458
2022-02-21,1092.4379072087868,1103.987376793005,1080.028031731223,1086.9576416015625,11107193
2022-02-22,1065.6705251768456,1085.146105195485,1063.066305633856,1082.0208740234375,13494914
2022-02-23,1087.5012562225045,1089.9696221846223,1072.5096827529123,1075.249755859375,7310110
2022-02-24,1043.975778151862,1059.7827129241718,1016.0760782454672,1021.6695556640625,24846650
2022-02-25,1032.698202879161,1045.3119804850721,1030.954508957098,1034.4420166015625,14570089
2022-02-28,1015.8948766365417,1072.2151647642706,1015.8948766365417,1068.682373046875,21297446
2022-03-02,1057.3142599474093,1087.4560239699686,1054.9364629191114,1086.3463134765625,21471786
2022-03-03,1087.0028583304952,1093.7286874382123,1073.4379888203655,1077.174560546875,10186748
2022-03-04,1065.7159678106761,1070.8339584078715,1050.928292256373,1053.283447265625,10805667
2022-03-07,1032.0640445664155,1047.1915918601796,1006.3836454479082,1014.3323974609375,17983310
2022-03-08,1001.6279629474421,1017.253699474235,987.3610616449254,1012.4979858398438,21289374
2022-03-09,1012.724579802494,1072.0567736389658,1011.8865764630572,1066.214111328125,20414228
2022-03-10,1087.0030697416826,1089.2676554769666,1068.8863838594104,1083.492919921875,17980493
2022-03-11,1076.1555181267943,1091.9850941858494,1076.1555181267943,1086.617919921875,12257423
2022-03-14,1081.0698447752459,1098.0542977910961,1075.2271823953638,1095.54052734375,8340678
2022-03-15,1099.6619166858584,1099.6619166858584,1060.2127522331937,1070.44873046875,15925769
2022-03-16,1078.850581492875,1090.581191192119,1076.6312801930274,1088.5203857421875,11149828
2022-03-17,1101.8361008572806,1131.1172183134404,1093.8420644373464,1124.0064697265625,21422098
2022-03-21,1106.9315283978274,1125.0482148088292,1104.6669425964524,1117.52978515625,11999466
2022-03-22,1114.2233926126817,1148.1243719419283,1111.2795389519592,1146.4033203125,22557065
2022-03-23,1142.7120228084564,1161.666592238369,1142.7120228084564,1150.0491943359375,15462187
2022-03-24,1136.823891628139,1170.407753742212,1136.823891628139,1167.9166259765625,13168266
2022-03-25,1169.660588741769,1184.833300668766,1167.169460657995,1175.70703125,14222488
2022-03-28,1182.115617621465,1191.0607479382818,1171.4720782015438,1187.528076171875,9891424
2022-03-29,1194.7974641560254,1194.7974641560254,1180.9382429362058,1187.7999267578125,8684065
2022-03-30,1195.6581430818142,1217.4434746814534,1185.331593767139,1210.6270751953125,15811550
2022-03-31,1207.0036419353132,1209.1550162306944,1190.5400818204482,1193.325439453125,13223718
2022-04-01,1193.8916640782966,1207.094259791017,1187.55087204633,1202.882080078125,7922880
2022-04-04,1202.7009276541294,1211.555489970758,1196.45070474843,1206.4375,7929162
2022-04-05,1200.7307025551163,1209.2456310104756,1186.9620503043643,1189.3851318359375,13149870
2022-04-06,1171.7439190700502,1193.2121362457021,1171.7439190700502,1186.214599609375,12257215
2022-04-07,1175.3672812713683,1180.3041331292436,1162.6402930619627,1165.2899169921875,15496499
2022-04-08,1159.4697737682463,1188.909504082465,1159.4697737682463,1184.6746826171875,15152495
2022-04-11,1177.5866823955819,1195.0467435815697,1169.8871144408708,1182.20654296875,9254209
2022-04-12,1171.6986884850992,1178.7642727503164,1157.3865016457235,1159.945556640625,13217742
2022-04-13,1166.0371790472568,1174.2349955581562,1152.9025109003892,1155.68798828125,10354235
2022-04-18,1147.2410619855225,1159.3792305452218,1142.1683569783831,1152.1551513671875,9974224
2022-04-19,1158.564096562945,1208.385101413979,1155.4163428280708,1196.065673828125,26141820
2022-04-20,1203.4481327307994,1238.2775602010167,1199.8247720277507,1231.234619140625,25072240
2022-04-21,1245.9319403276972,1263.1880996959114,1237.3717275306717,1260.06298828125,21708633
2022-04-22,1249.5552942902013,1269.0760391912017,1242.8973909745034,1249.510009765625,15054154
2022-04-25,1242.0822318802027,1249.3288344946673,1206.41491600151,1220.6138916015625,17063215
2022-04-26,1227.4076394974306,1265.9057172545076,1226.3659755709643,1257.1417236328125,12227666
2022-04-27,1248.1738072854712,1280.8518611647926,1247.8114113086813,1258.364501953125,19338945
2022-04-28,1272.6767577965609,1291.269050141953,1261.874601680994,1277.16064453125,25614076
2022-04-29,1293.6016912062303,1293.6016912062303,1257.8890896131295,1263.75439453125,18214862
2022-05-02,1250.9594824534263,1270.6613674733937,1249.1703841481763,1259.3157958984375,9467006
2022-05-04,1261.3764403153348,1263.6410258882418,1212.1442565160846,1220.0023193359375,19247660
2022-05-05,1233.5219702392728,1236.4659436174286,1192.0800401164388,1196.1109619140625,17210669
2022-05-06,1183.112189870724,1204.3087009820067,1174.6651887519583,1186.9393310546875,19649948
2022-05-09,1166.2408838499182,1176.2730823033007,1135.465140485421,1140.5831298828125,18083752
2022-05-10,1130.0301899582084,1144.3423749690376,1113.2721615832613,1120.813232421875,19511677
2022-05-11,1119.9075231154202,1125.478478168712,1096.9445548183617,1109.3319091796875,16643899
2022-05-12,1099.458311385817,1102.787203178042,1073.4155164726255,1086.7313232421875,20490321
2022-05-13,1098.7789520224087,1122.3306194635952,1093.9553113783713,1099.0506591796875,19308778
2022-05-16,1102.6059947530612,1123.6892942266647,1094.54403200538,1099.3223876953125,13437911
2022-05-17,1102.9002734069516,1150.3661168047677,1101.4962137094635,1145.4971923828125,16551828
2022-05-18,1150.252881038085,1163.998888744779,1136.0312660890313,1149.6640625,17276788
2022-05-19,1125.0481241931686,1137.956250241304,1116.918234266966,1123.16845703125,14699118
2022-05-20,1137.95611299257,1197.6959774442455,1133.2005197063886,1188.6602783203125,21793091
2022-05-23,1191.8533389891315,1201.8402528023153,1174.416043471332,1180.711669921875,15252755
2022-05-24,1180.7572230169496,1194.7975837442214,1176.5450429185616,1184.7655029296875,13527818
2022-05-25,1193.4387237828619,1203.2670225299603,1178.2658929997126,1183.0216064453125,12714544
2022-05-26,1188.637781781663,1193.3934954511844,1154.0348942869591,1171.7440185546875,17882023
2022-05-27,1174.4388502012214,1179.9191164627784,1150.4568600156867,1166.3089599609375,16521973
2022-05-30,1184.3802630005096,1211.1024440039564,1174.959644745959,1206.9356689453125,13853398
2022-05-31,1196.3375071337728,1213.2766769254029,1184.697585806112,1192.37451171875,70620653
2022-06-01,1193.1215535044294,1202.587575606305,1184.9237375655662,1192.75927734375,9776989
2022-06-02,1192.98576447725,1237.5755649319342,1192.98576447725,1233.88427734375,22126569
2022-06-03,1242.806733024834,1276.0282006397301,1241.9008029974498,1258.88525390625,23939791
2022-06-06,1259.1119042533815,1274.5110388345443,1246.3395117355965,1253.4730224609375,11093152
2022-06-07,1254.5372764842177,1264.139152836091,1246.4527910651425,1255.828125,12358255
2022-06-08,1255.8281557796806,1259.564728048269,1230.260968517713,1233.7711181640625,12479250
2022-06-09,1227.4075206691546,1269.5288357275542,1227.4075206691546,1267.60400390625,17278305
2022-06-10,1255.4432409626409,1263.5957731905057,1223.5577842447772,1229.33251953125,18093057
2022-06-13,1200.2325310142617,1210.558959942895,1184.9691305419672,1206.0750732421875,17620803
2022-06-14,1200.2551062805883,1210.1286894158018,1183.6782159302647,1190.3134765625,14714312
2022-06-15,1185.5352852287417,1194.4804162045639,1170.5210697144335,1175.9107666015625,11195535
2022-06-16,1188.0035257051024,1204.3312302745605,1156.7521762440374,1159.4697265625,17111475
2022-06-17,1159.4698594973618,1188.8415454022556,1157.7035234680366,1173.057373046875,24457187
2022-06-20,1179.8512897369692,1185.3316762636523,1141.8514592915058,1151.7930908203125,12066797
2022-06-21,1159.4698864092793,1174.5973137201734,1145.112415821389,1170.38525390625,11720049
2022-06-22,1158.6093864513275,1158.6999555030718,1132.7477291666964,1134.8311767578125,10617206
2022-06-23,1139.1111811125647,1143.6177098347453,1107.3842221697334,1116.419921875,19446323
2022-06-24,1123.2365200121847,1137.2768791745684,1117.8014186070498,1132.3175048828125,14240234
2022-06-27,1152.6533352328772,1152.6533352328772,1123.9382780429507,1128.9656982421875,15474529
2022-06-28,1124.1877183226331,1147.6714605178865,1124.1877183226331,1144.8406982421875,13572847
2022-06-29,1135.5557396776305,1176.2278290145132,1132.7476201425022,1168.5960693359375,19205146
2022-06-30,1168.5281075997498,1184.7878859438251,1162.1873163749465,1175.6163330078125,23112959
2022-07-01,1166.218207707014,1173.9630584583938,1071.1507876954663,1090.9432373046875,81997149
2022-07-04,1077.4691189892487,1106.025565464495,1071.6490989100685,1093.2080078125,41857728
2022-07-05,1097.42011751126,1116.3973279805082,1094.7478514073186,1102.0625,17647327
2022-07-06,1096.106567126978,1106.0027924376789,1081.5679595799388,1092.3699951171875,23943726
2022-07-07,1098.733462298577,1102.0623535548807,1075.6799289511744,1081.6131591796875,23301033
2022-07-08,1095.155510044553,1095.155510044553,1079.0995110804106,1083.10791015625,19010108
2022-07-11,1076.3594210782474,1100.046939975301,1073.4154479368833,1097.8277587890625,13847467
2022-07-12,1088.8145132177926,1104.9837222205626,1088.8145132177926,1096.2650146484375,10778989
2022-07-13,1099.3677256155834,1102.4022679488555,1074.7742754785731,1076.8349609375,14224132
2022-07-14,1081.5680252499114,1102.3796184650857,1076.5632467388843,1085.712158203125,16970315
2022-07-15,1093.7968755659167,1093.7968755659167,1079.348834704648,1087.818359375,9603210
2022-07-18,1096.5142680086967,1098.3258884954794,1083.5154537448523,1097.0804443359375,15160908
2022-07-19,1087.1389350761635,1108.2902834767385,1087.1389350761635,1103.806396484375,16439888
2022-07-20,1150.4114709277653,1151.543703777921,1126.0670869457035,1133.6534423828125,23924246
2022-07-21,1129.5772288514759,1132.2947793542016,1117.484344754926,1126.0897216796875,16523230
2022-07-22,1132.29491466853,1139.6774905895736,1130.0303289124045,1133.698974609375,10969995
2022-07-25,1117.5522733397709,1117.5522733397709,1088.361726850526,1096.242431640625,23110452
2022-07-26,1096.5595845623452,1106.886133119494,1092.143624721455,1096.74072265625,11303288
2022-07-27,1096.038608509345,1099.2316463703332,1087.90871936657,1095.698974609375,8655086
2022-07-28,1103.3081533989875,1117.7788361232904,1096.5143960795697,1112.86474609375,12496073
2022-07-29,1120.8358207488034,1140.039571763476,1115.9896583759382,1136.57470703125,15130683
2022-08-01,1140.9681259695833,1172.038340631328,1135.7369249153332,1166.1956787109375,15700044
2022-08-02,1165.1313691654111,1181.1193216829413,1160.1718752661886,1170.63427734375,13917913
2022-08-03,1177.5865998850716,1182.1157712823,1162.8442104812696,1180.462646484375,14250977
2022-08-04,1182.1157790494954,1185.6259288355277,1148.1469933470867,1164.859619140625,14467127
2022-08-05,1166.7167086831898,1167.9847952886944,1144.5010533182249,1147.694091796875,13942438
2022-08-08,1146.3350193022331,1170.1358666072051,1146.3350193022331,1162.7080078125,10165178
2022-08-10,1167.1239881901556,1173.011933912273,1158.133573794528,1169.660400390625,10724688
2022-08-11,1178.990645714219,1182.0704726435374,1168.618812190309,1173.5556640625,8198226
2022-08-12,1173.193230375856,1196.3146936661199,1169.5247047340195,1192.5328369140625,12650587
2022-08-16,1198.51117514086,1203.5385951585092,1189.9510835759586,1200.821044921875,6607378
2022-08-17,1207.0263114935751,1212.4160085847718,1202.746205068067,1207.09423828125,6595965
2022-08-18,1208.6925853891362,1212.7820913718717,1199.6955520359063,1209.2833251953125,7410035
2022-08-19,1204.148579928399,1209.464997552082,1183.6779742626552,1187.72216796875,9460724
2022-08-22,1189.1535324408326,1195.651309470641,1175.0672431781986,1184.427734375,9471680
2022-08-23,1178.7024907985585,1205.6027266806439,1177.4982950302235,1202.694580078125,9678484
2022-08-24,1199.6500999587201,1213.2365143204822,1197.4917062121833,1199.490966796875,10369622
2022-08-25,1203.6713213411974,1210.010084840808,1191.6979945608696,1195.9920654296875,7871946
2022-08-26,1196.4237108559755,1204.1485194816453,1184.6095168359632,1189.6077880859375,10742038
2022-08-29,1174.6128173581192,1206.4205794013706,1171.4547933496005,1180.3609619140625,19838975
2022-08-30,1187.790382333822,1201.9902529871206,1170.795945790086,1198.673095703125,23139054
2022-09-01,1173.5450568236956,1183.6780172121637,1159.0270403092493,1163.4346923828125,19909939
2022-09-02,1163.4345573963137,1170.2277638288456,1147.6670348863252,1149.84814453125,12999345
2022-09-05,1150.0754462865928,1173.0224725362493,1150.0754462865928,1167.7060546875,11327815
2022-09-06,1169.1601553219334,1184.1552111927028,1168.7057123414318,1179.9974365234375,10899618
2022-09-07,1170.0688269822717,1179.1112920563703,1167.7968526449285,1173.135986328125,7488501
2022-09-08,1176.0894937430355,1180.5198614611618,1168.2512248209334,1174.79443359375,7057077
2022-09-09,1185.9727033347192,1185.9727033347192,1165.0704903678632,1167.4788818359375,8314850
2022-09-12,1168.04668408102,1186.8814864106484,1168.04668408102,1180.5426025390625,7435419
2022-09-13,1189.607891122723,1194.9243089400052,1181.8832020191865,1190.403076171875,8888657
2022-09-14,1170.068717981627,1185.9725368614704,1169.0463716919833,1176.1348876953125,8678219
2022-09-15,1173.7039298739198,1183.0417041001508,1161.7760353689525,1164.479736328125,10365600
2022-09-16,1155.8689337357673,1160.0721402601105,1131.8995628990685,1135.6256103515625,20217708
2022-09-19,1135.6256276709717,1146.3038949822844,1127.5146444730447,1137.1024169921875,7580254
2022-09-20,1146.1903481529216,1153.119972213298,1133.5808482063046,1137.2841796875,8411448
2022-09-21,1134.5125199123227,1150.9843653188254,1133.7173348356014,1140.419677734375,9207309
2022-09-22,1129.6275413603653,1137.352229588345,1123.3114939606403,1129.6729736328125,10308170
2022-09-23,1129.1732182552973,1134.1487732337614,1106.9532313002373,1108.4981689453125,9528051
2022-09-26,1087.845960638479,1098.6379294477279,1079.257938059937,1080.257568359375,12479523
2022-09-27,1087.8231145473603,1102.3638454814661,1072.4191704410875,1088.8455810546875,16154822
2022-09-28,1072.532996783001,1080.55311676986,1057.424358985553,1059.8553466796875,16997059
2022-09-29,1072.3738473223364,1075.7817488504493,1051.0171916607421,1056.6063232421875,14671827
2022-09-30,1050.1084789606275,1091.4584634929545,1050.1084789606275,1080.439453125,18613024
2022-10-03,1086.687337582096,1098.2516553264609,1073.7370949613044,1076.690673828125,11852723
2022-10-04,1089.5499554327275,1098.7287171700252,1086.0737854797874,1096.547607421875,8948850
2022-10-06,1103.7271026820092,1113.269322563035,1098.7968595905177,1100.5916748046875,13352162
2022-10-07,1097.2064333500286,1110.49753632006,1097.2064333500286,1105.249267578125,7714340
2022-10-10,1092.8216022630288,1098.547030597458,1085.0969133921378,1093.1851806640625,6329527
2022-10-11,1096.9110251312234,1096.9110251312234,1068.32955827905,1071.41943359375,9215177
2022-10-12,1068.7386577474495,1082.2342073300697,1064.6944639855953,1079.3033447265625,7417103
2022-10-13,1077.5540097610362,1087.8232672093102,1072.4193209412924,1082.734130859375,7328492
2022-10-14,1097.3655839798673,1097.9790399185752,1076.5088032110611,1077.23583984375,9106089
2022-10-17,1070.1018190034106,1096.911067683068,1064.9216983657,1094.5255126953125,16729355
2022-10-18,1100.5462980220425,1119.1765361724479,1099.7056807153497,1113.83740234375,12415820
2022-10-19,1115.314085328947,1148.6440655761994,1109.4977929604431,1133.21728515625,19247142
2022-10-20,1129.1734452455337,1144.6228248019718,1129.1734452455337,1136.261962890625,8717053
2022-10-21,1139.4880471639096,1143.6231056125362,1120.9942254138175,1123.0843505859375,8243452
2022-10-24,1117.8133802746593,1137.1252236758137,1115.6778227953112,1126.8331298828125,3370033
2022-10-25,1135.5348605120162,1135.5348605120162,1107.8167232856267,1109.4298095703125,12233241
2022-10-27,1116.904583955269,1121.6530982836084,1105.453847178534,1113.7919921875,12513059
2022-10-28,1120.0852998000876,1151.893061521459,1117.5634478847232,1147.8717041015625,17609592
2022-10-31,1154.6194450652783,1163.6846262416873,1150.62068370947,1158.5272216796875,12419943
2022-11-01,1181.428769564145,1181.428769564145,1139.6244632866772,1149.552978515625,13963166
2022-11-02,1150.666129478395,1158.7998289194838,1142.8051438822936,1156.7322998046875,8981896
2022-11-03,1149.5530246719463,1163.0485752218901,1147.3719146666933,1161.0491943359375,6693449
2022-11-04,1160.4810755593053,1181.428720196316,1159.2088516372303,1178.1343994140625,12575815
2022-11-07,1177.3392175630618,1186.1090891689403,1169.6145286927685,1184.427734375,11789748
2022-11-09,1186.1090519678319,1191.4027533204435,1176.9074538352093,1183.246337890625,11254205
2022-11-10,1176.8848340514855,1179.8611290593667,1164.616195791804,1168.9329833984375,5966242
2022-11-11,1181.428793587036,1197.787058206641,1175.9760787775724,1195.878662109375,12310132
2022-11-14,1195.4015009715274,1200.5134736804264,1183.7689145270133,1190.0850830078125,9043112
2022-11-15,1191.5617725862496,1193.4247362453084,1176.8847439241665,1184.745849609375,7086433
2022-11-16,1185.9727580356148,1188.6764594316192,1172.954366703904,1177.9527587890625,9716161
2022-11-17,1174.5901593039591,1187.3359568517499,1172.3409009131724,1180.9971923828125,6661451
2022-11-18,1184.495900066872,1185.518366679259,1168.2967693410817,1180.3609619140625,5303197
2022-11-21,1175.9760614312995,1175.9760614312995,1155.5737233322704,1159.1180419921875,6390268
2022-11-22,1156.4369938334312,1167.1152613187112,1152.5746494360667,1165.547607421875,6611488
2022-11-23,1170.0688915510787,1171.3866679891707,1159.7313656787815,1161.9124755859375,6413408
2022-11-24,1165.9794167577484,1178.7024981272687,1157.8911489931052,1171.9320068359375,9389439
2022-11-25,1176.4303522401324,1192.7430620390162,1173.294924490057,1189.426025390625,7349922
2022-11-28,1185.472920181286,1236.4333911015242,1136.8980043426527,1230.299072265625,31527484
2022-11-29,1228.6632233258865,1241.2500078770877,1224.1419904117938,1232.4119873046875,11058913
2022-11-30,1232.54834119291,1247.5206802015884,1226.0504438987869,1241.1136474609375,26164986
2022-12-01,1245.862104269674,1251.8601266305577,1234.1387734132652,1237.455810546875,9485801
2022-12-02,1240.5001400003844,1248.6792715763747,1227.1408877532265,1236.93310546875,11589592
2022-12-05,1232.3209547622266,1234.4793482971581,1216.8715781623773,1218.8935546875,14828536
2022-12-06,1211.0099786652759,1225.5051588426245,1209.146894711336,1222.415283203125,8594245
2022-12-07,1220.052515180835,1224.5964643493226,1200.5816581384124,1204.3758544921875,8462111
2022-12-08,1208.6925503476532,1210.9645247591304,1199.6500849785011,1203.8077392578125,7757008
2022-12-09,1202.330873974504,1208.6924740397408,1182.2692798901842,1185.563720703125,12655763
2022-12-12,1174.8401159938364,1191.8798642806923,1174.6128344148897,1187.38134765625,9479842
2022-12-13,1187.381293975718,1196.4237590933476,1184.473147579326,1192.7886962890625,8333348
2022-12-14,1198.5367354613884,1199.127475241392,1186.4271108317469,1188.471923828125,7268947
2022-12-15,1182.564761948623,1188.244637773301,1168.2513114103942,1171.591064453125,8688551
2022-12-16,1168.2513090093973,1189.9714223850988,1162.412300039899,1165.7974853515625,15837349
2022-12-19,1172.7951677670053,1183.246273075343,1166.2972711057284,1181.110595703125,7729933
2022-12-20,1174.1131186326063,1193.2431129001116,1165.9794185762812,1191.334716796875,7467588
2022-12-21,1190.9710448813423,1196.4237592798247,1170.5687080191292,1174.3856201171875,8527550
2022-12-22,1180.5199485444361,1183.541675654874,1166.3200787009303,1171.3411865234375,7451122
2022-12-23,1164.7524600759673,1177.112082738486,1132.4676588679463,1136.9888916015625,10257115
2022-12-26,1142.6915558359974,1155.0737739248264,1132.5357596211306,1146.9173583984375,5990242
2022-12-27,1149.6211545027727,1158.1637450751377,1142.9188116159999,1156.30078125,5763271
2022-12-28,1153.2563929529824,1158.618243480646,1145.7588646322624,1156.187255859375,7459393
2022-12-29,1148.2577664634932,1158.2089965163484,1147.5761621923448,1155.6644287109375,6930648
2022-12-30,1156.4825694772394,1170.977750881057,1154.6650378382933,1157.436767578125,7289476
2023-01-02,1158.7090222381169,1171.8865462707408,1157.8911210447166,1170.4779052734375,5316175
2023-01-03,1165.5476587645308,1169.160125804233,1157.7093889350726,1161.9124755859375,7658932
2023-01-04,1161.8898109401732,1163.7301788455284,1142.350805656606,1144.4183349609375,9264891
2023-01-05,1146.6676067944138,1152.5293324862785,1137.806869836127,1142.37353515625,13637099
2023-01-06,1148.0988183662998,1157.7774553339088,1144.3046224842542,1152.75634765625,6349597
2023-01-09,1156.57338165,1182.3376907366148,1155.6873320113693,1179.9747314453125,10722753
2023-01-10,1184.155127696438,1184.155127696438,1156.891435377878,1162.52587890625,8047142
2023-01-11,1159.8450319996036,1162.3441677767541,1145.5768933771294,1147.8717041015625,11509553
2023-01-12,1147.2810049505638,1150.7570549852321,1120.0853394706564,1123.0843505859375,17688773
2023-01-13,1117.0862332620186,1123.6749947373953,1106.2716693328798,1121.2667236328125,20618583
2023-01-16,1123.5842986583098,1126.7423229514006,1102.8183808956273,1110.588623046875,13623855
2023-01-17,1116.9046027544262,1128.2644751675343,1113.5421334042796,1126.3560791015625,10751000
2023-01-18,1123.947854631307,1131.9451378363888,1117.9725482719243,1124.4930419921875,13448286
2023-01-19,1123.6751148013898,1127.4238787769261,1116.2911675478767,1123.2889404296875,11940054
2023-01-20,1124.6293134044963,1124.6293134044963,1107.475983857866,1109.9296875,14930286
2023-01-23,1112.8151498129876,1120.630703944606,1101.9095996617807,1104.31787109375,10954118
2023-01-24,1108.7253859560433,1110.3839043654414,1084.8014472016187,1097.7972412109375,16488755
2023-01-25,1096.2068953996695,1097.2292417944516,1081.4617181061994,1082.620361328125,12385018
2023-01-27,1083.4611595770739,1084.8015319770323,1050.403768536496,1062.081787109375,25830975
2023-01-30,1059.5144571522903,1077.781116815708,1045.564464693845,1072.26025390625,21772103
2023-01-31,1082.370452122445,1084.9378563899695,1063.7402148448057,1069.5792236328125,22691594
2023-02-01,1081.4391134749721,1081.4391134749721,1047.382090519888,1063.2406005859375,19347800
2023-02-02,1053.2890475640809,1066.920892525141,1050.1083077780725,1057.35595703125,13662663
2023-02-03,1067.3754956611733,1067.3754956611733,1041.9293331709027,1058.28759765625,24699575
2023-02-06,1051.9259524136774,1054.6523697762398,1047.7455820077842,1050.3128662109375,14837879
2023-02-07,1050.5627428744976,1057.5603943899198,1041.9291690153093,1047.7908935546875,15135435
2023-02-08,1051.017186057536,1072.3284093286718,1048.290888887822,1068.7159423828125,21160332
2023-02-09,1069.3974980927496,1077.3039157739506,1060.559478401166,1070.578857421875,13172763
2023-02-10,1070.0563840638993,1070.0563840638993,1054.7886158361225,1061.763671875,10790445
2023-02-13,1063.3768779331142,1067.8299624778901,1051.2672523692866,1055.7203369140625,10352493
2023-02-14,1058.7192622894795,1082.3250555378218,1055.8565481440585,1080.598388671875,14321920
2023-02-15,1079.6439410045025,1107.4530577750195,1078.2808527003092,1105.0673828125,33503591
2023-02-16,1113.019527781497,1119.5401413378127,1101.9322491792432,1104.2042236328125,17264487
2023-02-17,1099.6375221146495,1112.1334412904273,1095.3661670147737,1108.8162841796875,11809520
2023-02-20,1110.9974583087273,1113.1558521216361,1095.1390690194628,1097.093017578125,8836937
2023-02-21,1101.4551746278107,1111.8152960708703,1096.161352929149,1106.0445556640625,13311592
2023-02-22,1102.34116225432,1104.181409716533,1079.2124090771258,1080.9617919921875,11024335
2023-02-23,1080.5530912531344,1088.1642003254076,1072.9874144624137,1075.7818603515625,9851910
2023-02-24,1077.8265267799054,1088.800224148405,1076.0089953829322,1083.1429443359375,9434053
2023-02-27,1082.370422196558,1085.846592046861,1068.6022799971277,1075.940673828125,11199715
2023-02-28,1070.601498241021,1075.5544571553608,1051.3124942776465,1055.3565673828125,21994038
2023-03-01,1065.1032935969702,1065.7848978208335,1055.6745353261815,1065.057861328125,11551145
2023-03-02,1061.9228195758383,1068.57973034707,1054.925046511839,1056.9471435546875,9333535
2023-03-03,1067.44368158329,1087.573426851757,1063.9903475271667,1083.91552734375,14643807
2023-03-06,1090.5497203643376,1101.7278641326047,1090.5497203643376,1094.5029296875,10171916
2023-03-08,1094.5028585607813,1099.1832244435238,1083.7337262043,1098.4334716796875,15782657
2023-03-09,1097.8199821583767,1098.2288726400263,1070.147279158801,1072.032958984375,16235128
2023-03-10,1063.9676377715205,1065.103564973256,1051.9487563495386,1055.4249267578125,13334091
2023-03-13,1058.287501818403,1065.1034247048499,1033.750107312473,1038.06689453125,12771592
2023-03-14,1036.0221323528851,1047.3592882483779,1031.0465769110588,1034.181884765625,16027522
2023-03-15,1037.885231401589,1044.3375763114452,1012.1209234658597,1016.505859375,21728555
2023-03-16,1019.2095726723305,1024.207844384365,1000.6701985245505,1011.4393310546875,18363159
2023-03-17,1020.0047033408911,1023.2763079373278,1005.4413153341551,1010.1670532226562,34014213
2023-03-20,1006.4864237654998,1008.7583980790381,990.5825434751304,1000.2384643554688,19524589
2023-03-21,1008.2813118906954,1033.295867476511,1007.3952622768678,1031.3419189453125,21400360
2023-03-22,1038.294084967167,1041.2249475152355,1031.47816188993,1034.4771728515625,10920094
2023-03-23,1030.569386905087,1031.4327203269945,1019.2322313496287,1021.390625,16249370
2023-03-24,1020.231887763167,1022.3902814688943,998.7617116838695,1001.1699829101562,12375945
2023-03-27,1007.6223573447278,1024.2077208751948,999.7613122149304,1016.73291015625,14054323
2023-03-28,1020.1183586375283,1025.3439120336418,1016.4831753805086,1021.4815673828125,12576424
2023-03-29,1017.391938716083,1020.0274916428302,1004.71434981678,1015.4381103515625,18804065
2023-03-31,1024.6622202928697,1064.8535577563764,1024.5259234682055,1059.218994140625,28171201
2023-04-03,1065.5579119993613,1067.3754434349298,1051.9259454677697,1059.4007568359375,10293043
2023-04-05,1066.9210129823457,1066.9210129823457,1048.995215362799,1056.856201171875,16262928
2023-04-06,1053.357419977002,1069.647537063385,1053.357419977002,1063.94482421875,18435046
2023-04-10,1067.8299972108045,1068.0117263349803,1054.9023498118622,1056.40185546875,12961408
2023-04-11,1060.559540630498,1063.7402807994256,1056.0383079017138,1061.6273193359375,10542367
2023-04-12,1061.6272515959452,1075.9179854968688,1058.7646577412916,1066.3076171875,18179087
2023-04-13,1069.1929322468407,1075.0092249147228,1064.1946609026813,1070.3289794921875,12378208
2023-04-17,1101.8867990924884,1101.8867990924884,1067.3981721567704,1075.759033203125,17929479
2023-04-18,1080.0985197030036,1080.0985197030036,1056.9243329412964,1063.4449462890625,10405576
2023-04-19,1062.8543275704733,1071.4196347028246,1059.7417355351329,1068.73876953125,12273475
2023-04-20,1069.692811176778,1071.9193532094926,1059.6961482625013,1066.034912109375,7007330
2023-04-21,1068.1252410633845,1072.8282030082607,1061.6500596936005,1067.37548828125,7647317
2023-04-24,1079.1897769115358,1081.8706418346944,1066.9210188410907,1071.465087890625,12936186
2023-04-25,1075.1000833366595,1081.7342770992536,1068.0569991057368,1079.666748046875,9236126
2023-04-26,1081.0073822687018,1084.2336751201349,1069.6702254865136,1073.328125,8617834
2023-04-27,1079.189733985385,1083.2792397187284,1074.191342363561,1080.1212158203125,9167125
2023-04-28,1082.3705544049471,1101.4098041424304,1082.256973708253,1099.86474609375,15565210
2023-05-02,1106.9988106394346,1111.361030519598,1103.3181951274973,1109.20263671875,12981805
2023-05-03,1110.9974233118683,1110.9974233118683,1096.4795270846325,1099.6829833984375,7061872
2023-05-04,1100.1601065895743,1114.564421653396,1097.1838117593734,1112.360595703125,8635233
2023-05-05,1109.1798878043744,1118.4267984938415,1106.9079133744922,1109.5206298828125,8746585
2023-05-08,1113.2694731180964,1128.5599594768491,1110.6113241430285,1123.2208251953125,9153782
2023-05-09,1124.6293700397016,1129.9913407668835,1119.2902356444074,1126.6968994140625,6464721
2023-05-10,1131.4453248412979,1135.9211253467272,1127.446563252221,1134.4443359375,10872255
2023-05-11,1135.5121619830659,1140.3059886325332,1125.3336486663607,1127.0377197265625,10557860
2023-05-12,1122.2663301444138,1130.2637323324755,1116.2228762779578,1128.8778076171875,6955341
2023-05-15,1131.3999221918086,1138.0567125858797,1123.7886933664054,1131.1044921875,6833343
2023-05-16,1133.2628763872494,1135.8074445597895,1113.3375770795326,1114.9962158203125,8717229
2023-05-17,1119.1764803056624,1120.0852459817609,1103.7271032383842,1108.4073486328125,8798967
2023-05-18,1113.0649351771951,1116.4502407386783,1102.8864225456616,1106.0218505859375,10525531
2023-05-19,1106.0219413561279,1111.4292240517473,1099.1150328365684,1109.611572265625,8050447
2023-05-22,1106.4536050806153,1120.5398963368386,1105.2495293990407,1115.54150390625,7434906
2023-05-23,1118.1086413363598,1121.4483940779485,1113.9281511842048,1115.3367919921875,6092034
2023-05-24,1111.4062712432678,1119.630834331706,1105.748992019405,1108.8388671875,8112254
2023-05-25,1105.9536236071287,1112.8149786046417,1097.842640709934,1108.70263671875,11487863
2023-05-26,1116.904610291511,1140.0787982471202,1113.6102893364032,1138.94287109375,12626260
2023-05-29,1145.5314605509366,1149.6210865747194,1139.2608448772517,1145.3497314453125,10010304
2023-05-30,1145.3496310598186,1153.1198717474913,1142.50963326853,1145.0543212890625,11342504
2023-05-31,1135.9891655098565,1140.4649655887667,1118.267694287889,1122.311767578125,27107927
2023-06-01,1126.969538270473,1129.1279320638168,1116.9046059479208,1119.2901611328125,14592692
2023-06-02,1122.8117036497752,1128.1962696801756,1113.7238061790024,1115.6322021484375,15800644
2023-06-05,1121.085068396339,1128.6053121788445,1117.1090229973545,1125.6517333984375,10908682
2023-06-06,1128.4689187387335,1130.4000307352399,1118.7221336360576,1126.6058349609375,7493309
2023-06-07,1130.0820196952836,1135.989176828128,1123.5386905370437,1135.1485595703125,10312545
2023-06-08,1138.7155083681228,1143.6457515710592,1131.899585359948,1135.830078125,12071109
2023-06-09,1139.1699412328312,1139.874261684162,1125.9924180855612,1127.787353515625,5877018
2023-06-12,1124.8564945620458,1131.0816777652867,1120.0852643496842,1128.7869873046875,6391969
2023-06-13,1133.7173319025067,1146.6448585440896,1129.741286337972,1145.46337890625,11248016
2023-06-14,1145.5314201372407,1160.9809175855808,1143.7138887627082,1159.549560546875,13277380
2023-06-15,1159.5268135380984,1164.4116242878063,1152.1201510303479,1159.86767578125,11813494
2023-06-16,1163.3437504987226,1173.4313981302719,1163.3437504987226,1171.159423828125,24171579
2023-06-19,1174.1585755296505,1174.1585755296505,1155.369322961202,1159.5269775390625,6798554
2023-06-20,1157.5957972211602,1165.070488566,1151.893084884151,1161.9351806640625,6921096
2023-06-21,1161.889751966922,1167.728761153971,1157.800246036839,1165.2069091796875,6961603
2023-06-22,1161.4354185434336,1169.296404389101,1150.52986917785,1152.1202392578125,7619166
2023-06-23,1149.1212794125972,1151.1660925456156,1141.4420223330224,1142.691650390625,6628570
2023-06-26,1139.1698775330913,1142.9867893628173,1130.8544495978458,1133.967041015625,12641159
2023-06-27,1134.4216529822017,1140.305974461151,1129.9231362063101,1134.376220703125,9689466
2023-06-28,1141.896393407388,1153.1881169201986,1135.0122016455275,1149.3939208984375,11354006
2023-06-30,1157.0732487107562,1161.7307784588775,1151.1888070463274,1158.8226318359375,11151555
2023-07-03,1162.3669506539804,1191.425580555085,1161.1400387375704,1188.5628662109375,12154387
2023-07-04,1192.788615416969,1192.788615416969,1169.2735683249591,1176.3167724609375,8061643
2023-07-05,1185.5183304828597,1185.5183304828597,1170.432411192628,1174.3856201171875,10248062
2023-07-06,1170.546016490242,1201.6266214253383,1170.546016490242,1199.03662109375,19117987
2023-07-07,1197.332705283274,1210.9418359205672,1194.1518448825288,1196.696533203125,13375267
2023-07-10,1221.8244401255106,1252.3144236363512,1215.508392547687,1242.7947998046875,33240016
2023-07-11,1250.905728718348,1258.6758491021378,1243.9535094175255,1256.267578125,20069348
2023-07-12,1256.9946762890331,1273.2166423107678,1254.8817149747802,1257.653564453125,18733835
2023-07-13,1264.9922784824523,1271.853634660212,1243.7947539621482,1246.407470703125,14682934
2023-07-14,1249.5879849572364,1254.5409440468316,1238.2735461254954,1245.3621826171875,15124144
2023-07-17,1248.225023984058,1279.1466167196916,1239.5914489485467,1270.8084716796875,22220040
2023-07-18,1280.0325658904894,1289.3249082218795,1269.1270172578058,1281.6002197265625,25867313
2023-07-19,1285.9397747939042,1297.7540895736324,1270.944719940005,1291.3243408203125,39122156
2023-07-20,1270.1422890108254,1295.2251136644823,1270.1422890108254,1289.7606201171875,38717624
2023-07-21,1284.4190157057792,1287.3235564344566,1242.3763715855305,1249.834716796875,30249238
2023-07-24,1221.4042392370138,1238.1179088392782,1215.6443158350814,1224.554931640625,23727866
2023-07-25,1227.8041962368873,1233.3179681079685,1220.9119513502328,1223.767333984375,12026020
2023-07-26,1223.3733833366434,1253.8961800235134,1223.3733833366434,1243.65625,12911012
2023-07-27,1247.521034743089,1249.2932542715916,1226.0074074454076,1232.0872802734375,17226898
2023-07-28,1236.6900924258125,1251.85305275367,1231.0286064735196,1244.468505859375,20827852
2023-07-31,1244.4686660676819,1257.2930680054526,1239.594792375287,1255.00390625,8551174
2023-08-01,1257.8346449464532,1259.803857697837,1233.3672005487501,1237.25634765625,9536632
2023-08-02,1235.2871417271826,1236.665614699006,1212.8381883521488,1224.0380859375,12748214
2023-08-03,1218.5981228148664,1231.201012494138,1210.1058926997707,1218.8934326171875,10168350
2023-08-04,1230.1672134573323,1238.6348041373592,1216.776590964359,1235.45947265625,22885610
2023-08-07,1241.0963994857652,1244.7393951840495,1233.2195480808575,1242.49951171875,5982870
2023-08-08,1244.5424722858313,1247.7178038434138,1230.536470478926,1235.016357421875,9844072
2023-08-09,1233.1456430382627,1245.034716513302,1221.453442754676,1243.1639404296875,11486586
2023-08-10,1243.0409059369185,1255.3731247892663,1234.9179033647526,1248.702392578125,15470598
2023-08-11,1246.733259512152,1259.7301365729732,1236.8380369520157,1253.9700927734375,22179330
2023-08-14,1249.9577340453427,1271.274485095857,1243.065489745762,1268.788330078125,9575812
2023-08-16,1255.8654425931288,1271.5207081344915,1255.8654425931288,1267.7545166015625,10203112
2023-08-17,1263.7916479940673,1269.2069834305885,1246.9302626576266,1249.465576171875,13673744
2023-08-18,1246.142454602955,1268.960755625946,1234.9671961841154,1258.7208251953125,18639978
2023-08-21,1254.8424457661688,1262.5000997685252,1242.8371963360953,1244.986328125,9221746
2023-08-22,1243.4547138866417,1253.8543258928648,1234.6114071159911,1244.6898193359375,7713044
2023-08-23,1247.0614487779783,1256.275409297995,1243.4796423923776,1246.0733642578125,9517952
2023-08-24,1254.8177179260883,1254.8177179260883,1220.7782590700385,1225.1258544921875,14140020
2023-08-25,1213.3676467766436,1237.5757146480018,1206.747529523438,1219.4691162109375,22222400
2023-08-28,1221.272366528133,1227.2008731617648,1201.0660879981488,1207.315673828125,12580826
2023-08-29,1211.4162410930335,1212.107851949824,1189.7277154191993,1195.755126953125,16876644
2023-08-30,1201.5106390304122,1206.9451032694478,1193.1119215700844,1194.6187744140625,12168946
2023-08-31,1197.0643437840804,1198.0524282609965,1185.651919829385,1189.15966796875,21638600
2023-09-01,1188.9373425267036,1198.3734766692594,1186.5164632510111,1191.950927734375,18112842
2023-09-04,1191.9507848594153,1197.3852486913688,1188.3196473047951,1190.9874267578125,9347626
2023-09-05,1195.5822395056102,1202.4741047382813,1191.852196412095,1197.36083984375,8675876
2023-09-06,1196.1256007292052,1203.5608392350891,1194.2234900414205,1199.8802490234375,8200370
2023-09-07,1196.421961377583,1204.5983838407617,1191.1357340059783,1201.5106201171875,13652572
2023-09-08,1205.463038004146,1213.3677136631895,1197.039593881822,1209.51416015625,23109288
2023-09-11,1211.391482722607,1223.668479723262,1211.391482722607,1222.556884765625,13271074
2023-09-12,1226.7068128830886,1226.7068128830886,1203.462102676104,1204.8948974609375,16255666
2023-09-13,1205.462928884613,1216.652936105206,1198.6698488550378,1210.922119140625,12803338
2023-09-14,1215.3438722575231,1218.2093412827492,1207.9332388900991,1212.0338134765625,9209636
2023-09-15,1219.2962186489121,1219.2962186489121,1210.156437431325,1214.28173828125,25468592
2023-09-18,1205.487828880595,1210.8975674516837,1201.535490839137,1203.709228515625,7516300
2023-09-20,1197.089090701199,1199.3370070481767,1163.4694916701224,1176.8826904296875,57081884
2023-09-21,1173.3255153106452,1180.8103271156433,1165.9396084396587,1168.31103515625,12226182
2023-09-22,1173.8443150051187,1177.0308632017375,1160.9992172819989,1163.4447021484375,19176786
2023-09-25,1161.1968240581607,1166.2854832156668,1153.638074334712,1156.2811279296875,14254884
2023-09-26,1155.342502590839,1161.0980464311394,1153.8851021083722,1157.2939453125,10087782
2023-09-27,1157.7880446735417,1171.769464855697,1155.3178333556975,1170.336669921875,11722778
2023-09-28,1177.3026603074284,1177.3026603074284,1148.6482103293206,1153.14404296875,14518346
2023-09-29,1156.9481416896208,1170.435518964013,1153.1440405649926,1158.529052734375,12342014
2023-10-03,1151.0936382938999,1153.885049186791,1144.2017734963838,1145.263916015625,8859056
2023-10-04,1140.7434506187415,1145.683872665596,1133.8763122199225,1143.2877197265625,10286386
2023-10-05,1145.8074528562056,1150.8219332922222,1140.743519950406,1143.26318359375,10953682
2023-10-06,1144.7206253894863,1148.5494528467332,1142.2504141267464,1145.18994140625,5431026
2023-10-09,1140.2988590719287,1142.200849187487,1133.826857954507,1135.4324951171875,7576878
2023-10-10,1139.5331157395624,1145.1404226117538,1138.1497733893898,1140.447021484375,10236032
2023-10-11,1143.4359710357805,1160.8509589721596,1142.7196339530417,1158.5537109375,9814118
2023-10-12,1157.9609209243824,1165.6185754357678,1155.1447837404767,1160.7027587890625,12554450
2023-10-13,1156.058825491677,1164.7045645712087,1150.6984190160554,1160.6534423828125,10150316
2023-10-16,1158.5291304894404,1163.247258320988,1154.082750031272,1158.059814453125,5929036
2023-10-17,1163.963549268257,1165.7914814830851,1156.7011522648252,1163.593017578125,7928180
2023-10-18,1163.5929949263082,1169.3979912920374,1146.6720480730119,1148.1541748046875,8918320
2023-10-19,1142.2256445327594,1147.0672825471008,1136.7911799610206,1139.33544921875,12032556
2023-10-20,1136.2971288231192,1143.559525479833,1134.4691966955595,1135.8525390625,8913312
2023-10-23,1131.356688684127,1139.3848747937852,1114.1887214650121,1118.1163330078125,7853962
2023-10-25,1111.6196977984057,1127.0090643806484,1108.1366760976812,1115.5225830078125,11620688
2023-10-26,1112.089019549233,1115.5473150342816,1096.9219477593886,1099.9849853515625,15222534
2023-10-27,1106.654565590137,1123.204979852311,1104.6536704890175,1119.40087890625,11771084
2023-10-30,1123.4520304054054,1148.6481841216216,1121.4511352518443,1142.47265625,16813304
2023-10-31,1150.1303563093797,1150.1303563093797,1127.8490026208185,1130.3192138671875,12808438
2023-11-01,1130.9367248364767,1144.9428703315039,1124.0448598372486,1135.0125732421875,10309190
2023-11-02,1143.1889695269997,1148.302354744411,1140.2247162104195,1146.2767333984375,10562104
2023-11-03,1149.7349795725816,1153.5638066087804,1144.078220526126,1146.0296630859375,8850156
2023-11-06,1152.2546386732256,1156.0587394619763,1148.9445800808262,1155.564697265625,10647304
2023-11-07,1153.1192304428853,1155.614167696399,1145.9556184844287,1148.0552978515625,6960204
2023-11-08,1152.1064866637696,1156.552866758098,1147.042553778562,1154.033203125,7884494
2023-11-09,1154.0085696526105,1154.0331752710283,1138.3720609954937,1141.50927734375,14513610
2023-11-10,1139.039102652828,1144.3747829309668,1135.3337858785344,1143.6583251953125,7734954
2023-11-13,1147.6107081381433,1148.4506764659145,1142.0774589944763,1143.51025390625,3854810
2023-11-15,1156.0588204395372,1166.9030232858888,1149.6362714370953,1164.185791015625,12220648
2023-11-16,1161.542667627995,1172.9302438744137,1159.4923201233041,1166.285400390625,13134910
2023-11-17,1162.4319266451018,1172.4857343750468,1162.012063114762,1163.7412109375,7758634
2023-11-20,1160.2828426994563,1165.1490860409533,1154.2801575494677,1160.6781005859375,4490186
2023-11-21,1168.9038812090425,1179.7728099438689,1166.0384122376151,1175.2769775390625,8214450
2023-11-22,1173.3502489811203,1182.9593458443583,1171.9669066696931,1179.87158203125,8534814
2023-11-23,1179.8716170501546,1185.7013394254852,1179.8716170501546,1183.4781494140625,8531542
2023-11-24,1181.5514214570694,1186.9858858764198,1181.2796741129466,1182.6876220703125,6749486
2023-11-28,1182.6876712625676,1185.5531403805655,1173.4738317237427,1182.9346923828125,13792174
2023-11-29,1189.6536514263266,1191.605094048659,1184.7379555197092,1186.047119140625,12531306
2023-11-30,1183.0828973645985,1186.0471507278282,1170.8306260067593,1174.5606689453125,28439984
2023-12-01,1174.8324632282502,1183.922792325671,1174.6348945757863,1182.8853759765625,14342842
2023-12-04,1210.4035134582498,1210.4035134582498,1185.0097900344595,1195.6810302734375,15590990
2023-12-05,1204.9689932142376,1205.8830195816831,1196.3973123183705,1204.3514404296875,12693624
2023-12-06,1208.9708595498532,1221.7417795681863,1202.992899973077,1215.887451171875,16422442
2023-12-07,1215.3438750518303,1215.813191043024,1206.4511149904754,1213.886474609375,8142096
2023-12-08,1217.2459307176134,1223.5943006598802,1207.9331869400896,1213.244140625,10204894
2023-12-11,1213.367615499601,1219.098553135076,1211.5890153738967,1215.022705078125,7066138
2023-12-12,1215.3438006129375,1217.7892853568703,1195.6561708810905,1197.5830078125,9197124
2023-12-13,1196.570218805253,1204.6478570918039,1188.8137803209581,1202.4739990234375,10031182
2023-12-14,1212.3795628682321,1222.7297228698085,1206.7721356331074,1217.39404296875,16972354
2023-12-15,1224.236571728094,1235.1055001292314,1220.3089603608373,1232.9317626953125,15932152
2023-12-18,1232.9317234441762,1252.3474847954778,1230.634354917611,1245.4803466796875,14165188
2023-12-19,1262.2778691174958,1271.615218807123,1247.5553868731267,1263.8094482421875,16820604
2023-12-20,1270.207325538083,1283.9417239360823,1244.9864450577063,1248.518798828125,17736722
2023-12-21,1248.444829631281,1271.4177954317774,1244.1219597225854,1266.008056640625,13765454
2023-12-22,1264.550535970751,1275.0735389423144,1258.6466348491601,1267.2430419921875,16541784
2023-12-26,1268.7003790735205,1280.5326657287192,1266.0819312708138,1273.66552734375,7465664
2023-12-27,1275.6170305456778,1284.4603381656593,1271.2201029702012,1278.01318359375,9204156
2023-12-28,1279.470665481518,1290.4383794995902,1278.0132649417642,1287.2518310546875,12302636
2023-12-29,1289.9937398232034,1291.4264140714613,1274.2831724837226,1277.074462890625,10864584
2024-01-01,1274.9006856426909,1287.8940202608817,1271.2447008145452,1279.69287109375,4030540
2024-01-02,1277.099135940161,1291.920402508132,1271.1706293129728,1290.2900390625,7448800
2024-01-03,1289.450180352941,1301.3071935056118,1273.2455715878027,1276.25927734375,9037536
2024-01-04,1278.581319191514,1289.3761903993159,1274.1843914947026,1282.854736328125,9612778
2024-01-05,1285.9424160498672,1294.3165279752034,1283.521657474919,1288.3138427734375,8086406
2024-01-08,1289.4502625359673,1300.2944657165137,1269.1698042070248,1278.26025390625,7734652
2024-01-09,1284.5098000629723,1287.8693113555237,1273.245613077726,1274.8759765625,5403074
2024-01-10,1273.1469362430112,1313.6584025883456,1272.183577934786,1309.261474609375,11102740
2024-01-11,1313.6582540274271,1346.265040325212,1312.6701695941608,1343.696044921875,23725852
2024-01-12,1343.6961234746648,1356.961085397271,1329.7147038034357,1354.39208984375,15012164
2024-01-15,1358.616069177015,1379.8104316098675,1349.723309451493,1377.51318359375,8610594
2024-01-16,1373.4126778584214,1379.6623844587446,1354.1697570573224,1358.24560546875,9069024
2024-01-17,1343.3007252899447,1369.7567088979374,1338.879071777444,1345.3509521484375,12197382
2024-01-18,1335.2974203430863,1354.6638524622786,1335.1491835446054,1351.650146484375,10279438
2024-01-19,1359.6042988176375,1359.6042988176375,1342.806861986315,1351.1561279296875,10422704
2024-01-23,1355.4048574857818,1355.4048574857818,1306.791150318716,1312.7442626953125,20055420
2024-01-24,1319.314984194113,1333.4199132911328,1308.1497027138623,1327.8619384765625,21919128
2024-01-25,1326.9480369708251,1347.895500834099,1319.2903820615336,1336.952392578125,11808872
2024-01-29,1348.241154971167,1435.1925816017736,1343.9677382154596,1430.795654296875,23893438
2024-01-30,1442.5537625848374,1442.5784888178382,1387.690473107798,1390.852294921875,14093978
2024-01-31,1387.2705659116798,1417.1601204834947,1385.788439238697,1409.6259765625,15130226
2024-02-01,1417.9011153905622,1426.1515960154993,1401.1531330404457,1409.650634765625,13349362
2024-02-02,1416.0978932450594,1457.3256902760372,1416.0978932450594,1440.33056640625,19652588
2024-02-05,1443.3442832345067,1452.9781061073709,1414.4675408489986,1421.878173828125,8814432
2024-02-06,1424.6695010773788,1424.6695010773788,1402.9069175392074,1410.7869873046875,9047984
2024-02-07,1418.8152626559165,1432.2284612961826,1412.2197504708995,1424.966064453125,9296568
2024-02-08,1432.7224367107362,1442.0845126481563,1410.515263064875,1432.845947265625,14694634
2024-02-09,1436.6747903139974,1454.4355841797649,1433.661084495157,1443.3443603515625,12556798
2024-02-12,1443.3443671360003,1443.5913882496639,1425.163589047209,1435.04443359375,6674430
2024-02-13,1438.1568697691962,1461.3768535820275,1436.6747431428453,1447.6424560546875,7715594
2024-02-14,1440.1331160740654,1465.9715491065435,1440.1331160740654,1463.7236328125,7117888
2024-02-15,1465.674980481667,1467.0335965408115,1449.0505085860837,1453.076904296875,10006782
2024-02-16,1458.881830082394,1459.4005984941116,1441.1704903137313,1443.1712646484375,9767498
2024-02-19,1444.6288410678121,1461.8708655513933,1436.2053974591388,1456.4364013671875,6729828
2024-02-20,1457.4492860314679,1457.9186020207894,1444.3818933388152,1453.4969482421875,7117496
2024-02-21,1456.4365283424868,1470.7884795851646,1440.1825868389801,1450.2115478515625,12720292
2024-02-22,1450.6561919754163,1467.2559381666686,1440.6271108051608,1464.0941162109375,18493728
2024-02-23,1471.7517883622584,1479.7059164315408,1465.6750448712426,1475.82763671875,14438584
2024-02-26,1475.7534607654734,1476.7168189041834,1464.8350802180469,1469.6025390625,7513106
2024-02-27,1465.3539102526265,1482.0771665679397,1460.4382144226488,1467.9476318359375,10826044
2024-02-28,1465.3290823583084,1473.5055044292124,1432.8952620082478,1438.2802734375,8647950
2024-02-29,1447.5437052316252,1461.352161163495,1437.1935448412644,1443.393798828125,23628976
2024-03-01,1446.061542580972,1482.1266237591103,1445.0734581651325,1474.345458984375,12132926
2024-03-04,1472.7150995331629,1494.4282305064353,1469.503825173054,1489.4384765625,10024420
2024-03-05,1487.8328618357061,1489.4384990399915,1468.3429205099196,1482.32421875,7107668
2024-03-06,1475.654687549837,1491.0194491388315,1460.8828731290673,1485.0909423828125,7805676
2024-03-07,1485.0662153094684,1485.1897258668157,1457.968071396935,1461.3028564453125,8315726
2024-03-11,1471.257625711574,1471.257625711574,1446.0614742974403,1449.12451171875,11277130
2024-03-12,1449.1245651727334,1470.269595576354,1447.568380480176,1457.844482421875,9432678
2024-03-13,1462.142657909758,1465.4279903850718,1410.7622676768488,1415.10986328125,13522134
2024-03-14,1422.5451836499767,1431.2651015924712,1408.5144322207132,1414.418212890625,18571102
2024-03-15,1408.9589780840722,1416.1473166057365,1396.0645483366263,1401.3260498046875,19223818
2024-03-18,1403.0798345242215,1424.5459437848976,1399.6462653903534,1422.32275390625,9169392
2024-03-19,1411.7256294896865,1420.4701525728194,1400.3626585436627,1408.267333984375,8275764
2024-03-20,1410.935092987457,1427.7819805194806,1407.056934025752,1426.546875,8488806
2024-03-21,1435.2173701383908,1440.5283239841642,1427.460931435626,1433.685791015625,13006936
2024-03-22,1432.6977472783171,1442.6033181580033,1430.1040255590262,1437.6876220703125,19527608
2024-03-26,1427.7819423573562,1435.0937909604027,1421.8534360223084,1424.397705078125,11415906
2024-03-27,1430.7463249095808,1482.126717793074,1429.7582404310522,1475.0618896484375,16326644
2024-03-28,1475.0865810929813,1488.0057370987279,1461.0311038405712,1468.145263671875,21854364
2024-04-01,1474.691331987126,1476.1734586788064,1464.8352136106084,1467.0831298828125,5013880
2024-04-02,1466.3172549197961,1476.198098955644,1457.4244952875333,1469.2320556640625,8910166
2024-04-03,1464.4152240453116,1466.7619246317818,1451.397283687729,1454.0650634765625,7008292
2024-04-04,1462.117879861305,1462.117879861305,1432.7223691832353,1445.493408203125,14490272
2024-04-05,1443.467815909923,1453.274601948929,1438.6509043996564,1442.7020263671875,7442298
2024-04-08,1445.5427357963142,1473.2090987059642,1443.5912932499484,1468.2686767578125,8357118
2024-04-09,1471.2577557160955,1472.0482715276003,1445.0735176190665,1446.2098388671875,7071414
2024-04-10,1448.8776750369068,1469.281643980642,1448.8776750369068,1461.945068359375,9138330
2024-04-12,1458.2891033204971,1468.7627741208264,1445.6415744118667,1449.6680908203125,15551012
2024-04-15,1443.591352839028,1464.4646364315843,1429.0911655763507,1447.3707275390625,12902062
2024-04-16,1436.0325186728678,1453.6451964542034,1433.6364862387566,1448.2847900390625,9366184
2024-04-18,1446.0615875622616,1468.2934876101954,1441.9610129858208,1446.876708984375,19005692
2024-04-19,1439.4168835663286,1456.4366156882386,1425.8307211065503,1452.6077880859375,15741778
2024-04-22,1454.9048261235944,1465.1562017707047,1450.3103301575065,1462.2166748046875,10350362
2024-04-23,1461.3768889290402,1475.7041133303053,1438.20635702296,1441.936279296875,14605554
2024-04-24,1446.0614393265091,1451.0513135165108,1432.2282584925008,1432.895263671875,10462776
2024-04-25,1425.31186113177,1450.4832891142164,1424.3237766526493,1442.57861328125,15943926
2024-04-26,1446.5062542977878,1447.5437912682185,1432.7225237808307,1435.2421875,9413848
2024-04-29,1432.7223672737166,1450.4091019997668,1432.7223672737166,1447.568359375,7247974
2024-04-30,1450.5079819172845,1465.403306850403,1445.4440490785064,1449.5198974609375,11474262
2024-05-02,1454.460329459568,1459.7218309784546,1446.6791643138517,1449.0753173828125,14512646
2024-05-03,1453.4722101911175,1457.3750954799905,1399.275802819383,1416.9130859375,17226958
2024-05-06,1418.3952205864964,1422.841600588335,1401.1037428015688,1402.610595703125,7394208
2024-05-07,1399.1028593353728,1403.8209867220144,1375.4135586957902,1384.775634765625,14517472
2024-05-08,1380.8481115524094,1415.8756594095175,1380.8481115524094,1401.6473388671875,9439002
2024-05-09,1396.1632769069981,1406.7851843569276,1373.437335386219,1377.51318359375,11009612
2024-05-10,1380.106935558881,1393.1990543318577,1371.535254832905,1390.65478515625,10505096
2024-05-13,1383.2193979190515,1390.210046915121,1367.5088315833425,1385.9859619140625,8456620
2024-05-14,1384.2815424166113,1410.070521585227,1383.342910466477,1403.1539306640625,7188300
2024-05-15,1403.5739245612333,1412.9360003572742,1396.1880176135714,1399.3992919921875,5046534
2024-05-16,1401.6471872524828,1410.4904944706304,1381.3667306256436,1408.3660888671875,14711774
2024-05-17,1406.0936018418706,1420.0749000882806,1396.4103261437938,1418.5927734375,10916476
2024-05-21,1408.6132041549795,1424.6448506468714,1408.6132041549795,1419.0128173828125,11176128
2024-05-22,1419.1610465084934,1451.2737917888355,1419.1610465084934,1443.24560546875,10281604
2024-05-23,1441.1705740518107,1474.4442444107415,1437.6628261266358,1468.3428955078125,14608260
2024-05-24,1465.9467233388211,1470.7636348065282,1458.5113640783345,1462.6119384765625,7094776
2024-05-27,1462.587264504762,1467.2066075031105,1444.134859977049,1448.77880859375,6629010
2024-05-28,1450.5079553599196,1460.8828419616084,1435.4396676765145,1438.8485107421875,7820162
2024-05-29,1429.2640587693002,1440.6270291639403,1421.3099312467443,1423.6072998046875,7383556
2024-05-30,1418.3951935729253,1423.2368313836507,1403.178669288835,1407.8720703125,13206858
2024-05-31,1414.245257118902,1425.0647331073133,1405.3030450073677,1413.35595703125,31069832
2024-06-03,1465.3292536675044,1496.4539141466187,1441.6152266357983,1492.32861328125,21527942
2024-06-04,1480.1999676014107,1480.1999676014107,1343.1032493273078,1380.625732421875,36709098
2024-06-05,1405.0561505394378,1414.097147783154,1367.6077240917773,1403.821044921875,17464890
2024-06-06,1417.9011371144834,1426.4974232883105,1404.4137607114592,1414.5416259765625,17855722
2024-06-07,1411.478521453965,1454.4601915157414,1409.5023527154926,1452.4345703125,18558696
2024-06-10,1452.4346368701142,1475.5558362929214,1450.5819785928986,1453.867431640625,9251760
2024-06-11,1451.4959629037996,1456.1153056542432,1437.3417023219272,1439.31787109375,11774902
2024-06-12,1440.1330064471847,1458.41256776401,1437.835758473946,1445.8885498046875,10081742
2024-06-13,1454.4603416652449,1454.7073627830548,1442.7021123343332,1447.790771484375,9181160
2024-06-14,1452.4841280922399,1462.0438933040555,1439.8613252368543,1459.9442138671875,8157998
2024-06-18,1469.6273935638167,1469.6768460329972,1453.8180422457062,1463.3778076171875,7196766
2024-06-19,1469.7756214798555,1469.7756214798555,1438.650961260282,1441.2694091796875,8725874
2024-06-20,1441.6152213906755,1465.181011544537,1432.8212456085912,1456.1400146484375,16113776
2024-06-21,1456.0659025463858,1457.1280450509373,1423.4096642387256,1436.872314453125,31170360
2024-06-24,1428.3007403004744,1432.2283517054532,1420.3713387903338,1424.2989501953125,8878386
2024-06-25,1425.8058325289194,1438.576872033328,1423.8296636688654,1436.822998046875,7045386
2024-06-26,1428.8194845866847,1500.875466568816,1427.905458276952,1495.9844970703125,22014882
2024-06-27,1495.7127559544517,1519.1797603831344,1488.0551018777237,1512.3126220703125,28383030
2024-06-28,1512.782033239127,1562.1615299634889,1512.782033239127,1546.7474365234375,28957336
2024-07-01,1543.9066370278445,1560.5805616644209,1537.138282854078,1541.5599365234375,7724306
2024-07-02,1550.7985635373939,1554.7509013864856,1538.4475077589818,1546.525146484375,7749246
2024-07-03,1547.661278880494,1556.2329594590622,1524.391963189475,1533.927001953125,9049620
2024-07-04,1538.447461634288,1548.822348177101,1532.321386398175,1535.5079345703125,6837176
2024-07-05,1535.3102911811948,1579.4530127748421,1529.5547474353805,1569.6956787109375,12269710
2024-07-08,1570.0662334946016,1589.6303543798022,1563.6684106310508,1581.824462890625,9500806
2024-07-09,1578.563597646217,1581.4290665009253,1561.6673786971023,1571.325927734375,6960002
2024-07-10,1575.9946562525065,1578.4648673124634,1544.5241914718106,1565.3480224609375,7134578
2024-07-11,1568.5840280306456,1585.1344421846698,1551.786592769845,1561.815673828125,11940946
2024-07-12,1565.619909710512,1586.0238790122883,1555.739064587694,1577.69921875,12924784
2024-07-15,1585.332123675554,1586.7154660951303,1566.607970695329,1578.1932373046875,5329688
2024-07-16,1574.5125966882063,1580.9351457176842,1550.4280378276635,1557.4681396484375,9386838
2024-07-18,1557.2210712967385,1574.9078068261192,1539.2625884242743,1567.7689208984375,12298374
2024-07-19,1567.1020115011324,1571.029623251694,1534.2976544625544,1536.61962890625,13140390
2024-07-22,1518.9328421942273,1519.1798633102128,1481.4103587992008,1482.793701171875,19674376
2024-07-23,1483.1147807956386,1487.808182000688,1445.5675711552426,1470.1708984375,18052044
2024-07-24,1467.3054738461674,1491.5135439533938,1458.8079713194404,1477.8779296875,11913362
2024-07-25,1463.3530011800513,1482.595920809754,1459.474721651074,1474.6171875,12519876
2024-07-26,1474.6172851615388,1494.4037007697482,1472.59166375446,1491.044189453125,9859940
2024-07-29,1493.9342700426573,1509.2990318372968,1493.7614276294273,1501.9871826171875,7538550
2024-07-30,1498.9488223237445,1506.8287716127938,1492.0075050067665,1495.1199951171875,8228208
2024-07-31,1486.0788700242824,1492.4519658681731,1483.2628537354879,1487.4869384765625,10057346
2024-08-01,1493.9836579008804,1499.9121644798522,1486.37545603751,1497.244384765625,10764222
2024-08-02,1487.0670219426547,1491.3404387261814,1475.481756476256,1481.4595947265625,10268248
2024-08-05,1462.3649300475706,1466.2184833782828,1416.1719837774867,1430.0792236328125,17046704
2024-08-06,1437.8111393077952,1459.8948030686215,1434.0316438440889,1438.700439453125,10236186
2024-08-07,1451.4960282823629,1454.954323788822,1444.0853950542364,1447.3707275390625,8174568
2024-08-08,1440.157843842289,1447.5437511456266,1428.6960880928925,1431.85791015625,12387192
2024-08-09,1442.6033755756382,1458.9067698886504,1438.6510375603623,1456.7330322265625,6249776
2024-08-12,1452.4842396100769,1455.4484931603017,1440.380204279993,1443.220947265625,8184584
2024-08-13,1443.3444377180147,1452.5582774619256,1440.6272053348387,1446.1851806640625,6265064
2024-08-14,1446.1110904012166,1454.4603560192809,1436.3783617708266,1444.4312744140625,6267466
2024-08-16,1451.1501701128775,1462.760161748311,1440.676499654279,1460.5863037109375,9416902
2024-08-19,1469.8067419652286,1485.47150978375,1467.8238660907393,1475.65625,13797742
2024-08-20,1484.4057091952604,1491.0484162933285,1477.2674041310693,1483.1416015625,8411808
2024-08-21,1480.464784262564,1494.964564922092,1477.2426107826689,1485.8433837890625,7769996
2024-08-22,1490.1312336221058,1493.6012664349316,1477.8869991875908,1485.2979736328125,10445782
2024-08-23,1490.8749048344312,1498.3849993365056,1485.5955458508122,1487.1322021484375,9249654
2024-08-26,1494.0722092753902,1509.9600269352031,1490.131267553257,1499.6490478515625,8816114
2024-08-27,1497.5671500638725,1500.516654009415,1486.6117113802566,1487.6031494140625,6251156
2024-08-28,1492.1141436005682,1494.567928369235,1480.2168879705305,1485.4715576171875,9610286
2024-08-29,1490.2303777286736,1523.8401488737275,1481.2083164719252,1507.90283203125,38335358
2024-08-30,1520.865886117465,1526.5418444404818,1490.4534771750382,1496.6995849609375,41620730
2024-09-02,1497.9388431759776,1513.7275412609433,1493.7252318027681,1503.267822265625,11240852
2024-09-03,1508.2250430567562,1509.9600595401412,1494.5927706873033,1496.203857421875,10923800
2024-09-04,1487.850885016148,1504.50709100704,1486.6612078847159,1501.5823974609375,11983304
2024-09-05,1506.0439573959175,1512.7113538076746,1474.3179410781217,1480.192138671875,16264168
2024-09-06,1479.721175380084,1484.182646260627,1449.110527949692,1452.2830810546875,19394228
2024-09-09,1453.943716732093,1457.339440034618,1443.1370191466497,1449.9283447265625,9010298
2024-09-10,1447.9951044503912,1459.4462610127246,1445.0951000796938,1449.0113525390625,10768260
2024-09-11,1450.5232999620255,1456.1744477064742,1435.1560121734635,1439.0721435546875,9760202
2024-09-12,1444.5250498204912,1473.2767495080643,1433.4953029575859,1467.1298828125,22349376
2024-09-13,1463.7590600068495,1470.451266381587,1456.918113729867,1460.016357421875,8711328
2024-09-16,1464.8991851443227,1468.2204780575375,1452.2087310287416,1458.752197265625,5481774
2024-09-17,1461.3796100548857,1464.8248328952707,1454.0677548146177,1459.6942138671875,5935328
2024-09-18,1457.413889315684,1469.3111455549956,1448.0448484372855,1450.919921875,8574714
2024-09-19,1453.6959512825117,1463.8581906691413,1443.0876132109174,1457.0916748046875,16955902
2024-09-20,1461.3795684407844,1482.1997658201985,1458.7770437683578,1473.2025146484375,30897320
2024-09-23,1478.2340798324108,1488.6441789861601,1476.2015834923338,1480.5887451171875,8832314
2024-09-24,1475.7554165819738,1487.6526722077606,1475.1357678514642,1476.6229248046875,17137444
2024-09-25,1471.1948125268714,1483.6869066134093,1467.5264194610884,1481.15869140625,7069002
2024-09-26,1477.8870868947113,1491.122760061236,1475.309372285805,1485.12451171875,18818998
2024-09-27,1486.1655345930462,1520.345334807694,1479.2254687210307,1513.10791015625,20597478
2024-09-30,1506.3908994638518,1511.9181178232873,1461.7761901136828,1463.9324951171875,27008814
2024-10-01,1467.9726595996829,1475.2100841908111,1450.3002051077794,1452.2830810546875,16431642
2024-10-03,1424.2750076222521,1436.9902726871705,1390.070396353704,1394.928466796875,37757294
2024-10-04,1391.9046094477658,1405.2145916660443,1369.9442340651563,1374.653564453125,37072876
2024-10-07,1381.5689173076198,1384.5432314460647,1349.7189700751067,1358.9888916015625,22181340
2024-10-08,1361.2195630224157,1389.004637160655,1353.4119887771337,1385.3858642578125,17020808
2024-10-09,1385.5594536683957,1388.979866453412,1360.7486928237201,1362.8306884765625,14310610
2024-10-10,1368.209166456891,1374.132983939481,1357.699948504806,1359.31103515625,22358646
2024-10-11,1358.2700551936466,1371.4314188021033,1357.1050671377104,1360.35205078125,7980122
2024-10-14,1367.6390728953818,1368.2587216327886,1356.5350159311083,1360.7734375,12221432
2024-10-15,1346.8933067731043,1359.9554295521655,1329.2208521541709,1332.5174560546875,33762794
2024-10-16,1328.5268821992931,1352.3213935222657,1326.1722170162907,1342.4813232421875,20034438
2024-10-17,1354.0067695283685,1356.7332239102464,1340.4737382347967,1344.811279296875,15543660
2024-10-18,1340.5976258716714,1356.70849216764,1329.840427555484,1347.66162109375,12082452
2024-10-21,1355.4196212833501,1362.2357572594483,1346.1000802528206,1357.476806640625,14067408
2024-10-22,1357.4769157261562,1364.2187428070656,1328.7500227270916,1331.8482666015625,15831960
2024-10-23,1326.0483270387208,1345.8522769141389,1323.56973203491,1327.0645751953125,17214742
2024-10-24,1323.8424540123256,1332.1952468902052,1311.7964576126847,1328.3287353515625,22155934
2024-10-25,1331.996862815434,1332.8395608533488,1310.6809472586556,1316.4808349609375,18597496
2024-10-28,1325.552505604476,1341.4155124030337,1310.7800563182918,1322.9251708984375,10824350
2024-10-29,1316.728719636798,1331.6994085045892,1308.995576227512,1328.52685546875,12008361
2024-10-30,1323.569732267355,1338.4413022928309,1314.0023313459362,1332.3935546875,11984423
2024-10-31,1328.5269031210519,1331.5012170832633,1314.7955112005386,1320.64501953125,9331650
2024-11-01,1321.6364480777281,1330.4601492824747,1321.5868277686543,1327.1884765625,2127335
2024-11-04,1326.3952636738204,1328.52687951389,1274.0969107675833,1291.0009765625,19796890
2024-11-05,1281.9292880644173,1298.337634786513,1275.1379622128013,1294.1240234375,16267479
2024-11-06,1298.783649697479,1316.9270116872763,1289.0675098622075,1314.002197265625,21625209
2024-11-07,1312.6638089321268,1312.6638089321268,1291.447013193,1294.470947265625,9611974
2024-11-08,1286.5395574614042,1290.5053095001092,1264.083462337208,1272.758544921875,19814406
2024-11-11,1267.9994654475693,1274.9891511168566,1256.151830843746,1261.802978515625,9056552
2024-11-12,1264.6287615317467,1278.2610337323058,1256.6476373969983,1263.33984375,10671091
2024-11-13,1259.374078659472,1264.5295076822267,1238.8017408266169,1241.3299560546875,14633633
2024-11-14,1242.866693712679,1261.7040163358736,1240.38809863068,1256.746826171875,12612633
2024-11-18,1256.7467703539512,1262.0014401044657,1233.24973843027,1249.9554443359375,13620611
2024-11-19,1249.9553610165642,1270.5276979121372,1224.5745744010292,1231.0189208984375,14183746
2024-11-21,1231.0189056876295,1233.299140266532,1206.8277964681656,1212.528564453125,19433843
2024-11-22,1218.8739057022901,1257.9860865301255,1211.9833389629089,1254.565673828125,20471957
2024-11-25,1278.9549045518283,1293.2811339485756,1271.4694999174592,1275.9805908203125,28923341
2024-11-26,1283.8625006531302,1286.7376948587628,1273.2045428922675,1284.6060791015625,9247557
2024-11-27,1282.4250432843673,1292.6864023015983,1274.9892583407009,1282.1275634765625,9572746
2024-11-28,1278.905374093644,1285.4984608667178,1258.184417128475,1259.91943359375,15027412
2024-11-29,1269.0406134614407,1288.3736540571424,1264.3312830599236,1281.1361083984375,13202307
2024-12-02,1276.9721028104004,1300.1221551586505,1266.115905470633,1297.9410400390625,11024152
2024-12-03,1305.7238628126408,1315.4400037478053,1295.8094826849822,1311.969970703125,16869482
2024-12-04,1314.6467414933138,1317.0262168141671,1292.884726573221,1297.74267578125,19608540
2024-12-05,1303.0964459866593,1318.5628538088617,1294.966703202915,1310.7305908203125,16858723
2024-12-06,1312.564791729292,1312.564791729292,1298.7837793313574,1300.320556640625,9037514
2024-12-09,1291.8436769577456,1303.7409326166044,1282.0284168341586,1284.0609130859375,14650002
2024-12-10,1278.2113501165884,1283.812998621138,1269.238788448007,1273.8489990234375,16043729
2024-12-11,1273.9978081396894,1278.9549980546296,1265.1244866020038,1267.2559814453125,11724373
2024-12-12,1259.1262215126183,1267.25596445406,1249.8066803924569,1252.0870361328125,20906813
2024-12-13,1249.211828655226,1264.281637225772,1228.9864700814942,1261.9517822265625,28630222
2024-12-16,1264.0833817296273,1270.032009408355,1255.7057794921418,1257.4407958984375,9486781
2024-12-17,1250.2529662315405,1253.0785403896136,1232.1592223274588,1234.6378173828125,17462791
2024-12-18,1230.027558928225,1249.162239402372,1230.027558928225,1242.5196533203125,12670179
2024-12-19,1228.3916379278016,1234.2411461229626,1218.4772582835096,1219.914794921875,14244653
2024-12-20,1213.5201900622435,1228.8874800507767,1191.2128336272758,1194.9803466796875,20312896
2024-12-23,1204.5971709809228,1216.6926661807136,1202.8125341694108,1211.834716796875,10052824
2024-12-24,1211.8347850736238,1222.988463211123,1210.545867189896,1212.2808837890625,6734917
2024-12-26,1213.767935093776,1217.1883476811242,1203.8535553911518,1206.1339111328125,10016178
2024-12-27,1207.86900439277,1217.3867853075249,1206.5800865394056,1210.595458984375,7000397
2024-12-30,1205.9851311625014,1212.7268365212021,1197.7561478726802,1200.3338623046875,8818766
2024-12-31,1197.6570485426987,1208.6619856280877,1195.8229125326573,1205.043212890625,6405475
2025-01-01,1204.4483521073844,1215.800389087432,1201.2261788160188,1210.7935791015625,5892590
2025-01-02,1210.7936258321927,1233.7949384205442,1209.554328364606,1231.167724609375,15486276
2025-01-03,1233.2496968938563,1251.2443199889096,1224.9215938636924,1240.4376220703125,15521102
2025-01-06,1243.2136823453243,1251.1948069805778,1204.597219081935,1207.571533203125,14816766
2025-01-07,1211.5371275851955,1233.8444805890147,1210.7935491517349,1230.2257080078125,10070505
2025-01-08,1238.3060678446636,1260.167324257905,1234.6872949225542,1254.664794921875,19346579
2025-01-09,1256.1519514905858,1258.878406002503,1237.3642497185242,1244.0068359375,12794704
2025-01-10,1243.114481097643,1245.9896754309787,1225.4173374439545,1231.266845703125,8120332
2025-01-13,1219.4687349455062,1234.5881643828388,1215.899582365329,1229.234375,13764861
2025-01-14,1233.4479678208604,1242.6187691440975,1216.742262047884,1228.143798828125,13095266
2025-01-15,1234.2905907014622,1246.2374660533972,1231.2171573529768,1241.478515625,9578856
2025-01-16,1248.1212833322295,1264.0834104275011,1240.586378973141,1255.6065673828125,14117603
2025-01-17,1310.9288585996749,1314.6467509950228,1273.997794139219,1291.19921875,29366277
2025-01-20,1304.7324245206253,1304.7324245206253,1289.1172758229052,1294.272705078125,14040244
2025-01-21,1299.2795231523412,1301.7581181984158,1259.324522599558,1262.7945556640625,14562976
2025-01-22,1267.355325635656,1271.9159165250771,1257.8374234010246,1266.16552734375,10273590
2025-01-23,1259.1262957502838,1266.4133410521551,1250.7981921087953,1252.8306884765625,8720682
2025-01-24,1255.1605533566642,1262.1006196074513,1232.8531975505623,1235.6292724609375,14235970
2025-01-27,1228.4907387555406,1229.8291557820492,1209.5542981292017,1218.82421875,9536019
2025-01-28,1227.4002071753887,1234.0924134746083,1208.0671667554209,1223.8310546875,10568025
2025-01-29,1225.4173498520336,1232.1095562529247,1217.53546627882,1224.921630859375,5928156
2025-01-30,1224.971246456504,1246.237542749693,1221.8481926097397,1242.3214111328125,9269259
2025-01-31,1245.09738698474,1256.1519448799122,1238.306060895825,1254.2681884765625,6584612
2025-02-01,1254.2681799336815,1259.6715896071485,1230.374548522757,1253.7724609375,7118453
2025-02-03,1240.2889757645512,1245.2461659154887,1226.9541826685895,1235.232666015625,9252345
2025-02-04,1237.3642207434832,1277.7653184740125,1235.9265630557768,1274.196044921875,16691069
2025-02-05,1271.6679530846961,1279.4507170461238,1265.7688244708304,1267.2559814453125,10112028
2025-02-06,1262.7945076095025,1276.9721191435924,1259.4732145791813,1270.577392578125,9956001
2025-02-07,1265.2236540965398,1272.7089385364054,1251.1947819010975,1255.8544921875,8764283
2025-02-10,1253.673337746878,1255.6562137259161,1234.8856362555493,1242.916259765625,6970972
2025-02-11,1253.7230036544372,1253.7230036544372,1219.567891058193,1224.2772216796875,8859714
2025-02-12,1209.0089844264594,1216.3952699200001,1183.1324776076385,1206.1339111328125,21131654
2025-02-13,1206.6295607029597,1217.4857574427408,1201.622750831109,1205.6876220703125,8511216
2025-02-14,1208.56289732395,1213.5200872227356,1195.1288642881832,1206.827880859375,10298145
2025-02-17,1200.7305822668588,1216.9901902768092,1194.1871154284454,1214.4124755859375,8166683
2025-02-18,1214.362863790828,1219.3696743222742,1205.6877809072391,1214.908203125,6673250
2025-02-19,1209.0585466128707,1222.1950990873443,1207.125291073852,1216.9404296875,6217338
2025-02-20,1213.4704313005311,1228.738599945727,1211.5371757067999,1222.4429931640625,7795582
2025-02-21,1218.1797397323817,1229.3830367840985,1211.6858938870325,1217.634521484375,6904025
2025-02-24,1206.13399913207,1212.7765856074127,1200.1357505642943,1204.151123046875,7172498
2025-02-25,1200.631472565407,1210.5458530159883,1191.2128111373545,1193.69140625,11552182
2025-02-27,1202.416039651657,1204.597154814102,1190.370043898487,1196.7647705078125,11509215
2025-02-28,1191.7084634163882,1206.9270123506615,1183.0830013175257,1189.82470703125,23007298
2025-03-03,1193.6912720117396,1196.1202465389174,1146.1022512006402,1161.2216796875,17944938
2025-03-04,1152.2491409974891,1163.948157257321,1149.6219272411693,1151.9517822265625,11377373
2025-03-05,1151.0594540375048,1172.8710888254677,1147.093702257875,1165.534423828125,8664095
2025-03-06,1186.7511925218207,1203.5560168880775,1175.0026773522586,1199.2432861328125,14468014
2025-03-07,1205.5885908312287,1244.0564330934674,1201.622838887705,1239.0992431640625,16474965
2025-03-10,1234.340341763354,1247.2290360950196,1224.8225609234617,1227.796875,11931051
2025-03-11,1229.3830600118497,1238.801720552263,1219.2208210077197,1236.62060546875,10089838
2025-03-12,1247.2290491693625,1252.186239348891,1233.3489166666827,1246.2872314453125,11977555
2025-03-13,1249.2614495168184,1253.326320946517,1233.2000819547634,1237.2154541015625,9505270
2025-03-17,1231.514713672869,1246.6341428999226,1222.5421515247892,1228.242919921875,16640917
2025-03-18,1228.242919921875,1228.242919921875,1228.242919921875,1228.242919921875,0
2025-03-19,1230.4241762433128,1242.5196714129374,1228.1934407470596,1236.471923828125,16162399
2025-03-20,1241.1315230182402,1262.1004590128364,1239.3470073959113,1258.283447265625,15971477
2025-03-21,1264.0834578966683,1270.0320859338292,1259.225387461291,1265.421875,21780769
2025-03-24,1279.946478246575,1294.8180484818179,1273.2542716407156,1290.951416015625,20299319
2025-03-25,1296.50346593687,1296.50346593687,1271.6183955406093,1274.4439697265625,13713899
2025-03-26,1279.9464094999762,1282.7224842048433,1257.8869148358597,1262.150146484375,12074747
2025-03-27,1267.2064821612498,1273.9978081396894,1260.4151561828103,1267.2559814453125,15028056
2025-03-28,1269.0405652360093,1284.6557128160619,1258.1347478785124,1264.1824951171875,18147129
2025-04-01,1253.7723771839194,1266.9585500115554,1238.603449529153,1241.8751220703125,12099648
2025-04-02,1236.868469635997,1244.7999732789833,1233.2496968938563,1240.4376220703125,10142590
2025-04-03,1222.4926375090713,1241.0820994494682,1222.4926375090713,1238.008544921875,7434366
2025-04-04,1230.473619610667,1234.7863505024063,1182.9342181609516,1194.38525390625,17908652
2025-04-07,1122.506064991245,1161.2217676393545,1105.3046397460778,1155.71923828125,22156106
2025-04-08,1161.9653833278503,1186.3547349162204,1153.3399207865864,1172.0780029296875,19555040
2025-04-09,1159.4867811653644,1179.613021672609,1157.9996241138485,1175.2010498046875,10223104
2025-04-11,1184.917153801556,1212.1816988912137,1184.917153801556,1208.5133056640625,11224242
2025-04-15,1240.288998738938,1240.288998738938,1226.5079856590305,1229.4822998046875,13378535
2025-04-16,1223.5336585713449,1230.2754856402491,1218.477348782242,1228.689208984375,8248464
2025-04-17,1229.5813957339365,1269.238916912585,1217.0893007676923,1263.5877685546875,15398401
2025-04-21,1259.126289394177,1289.761748514388,1256.151975324742,1284.407958984375,10429964
2025-04-22,1288.8693558313819,1292.7359881039044,1275.286704106908,1280.1446533203125,13051707
2025-04-23,1285.8950708007812,1294.8180126953125,1274.3944143417477,1288.869384765625,10480888
2025-04-24,1281.3345072026398,1293.3308829080645,1279.2525115884996,1290.4556884765625,10468940
2025-04-25,1292.3394247863746,1313.85358083958,1277.071255478384,1289.2659912109375,14431012
2025-04-28,1328.5268607294433,1362.830589793996,1308.8963407951755,1357.080322265625,31104496
2025-04-29,1359.2614765022709,1398.8198762816546,1358.2700385179512,1387.7156982421875,32538970
2025-04-30,1389.9960230274132,1400.3070020394923,1357.2785702742715,1392.9703369140625,25480745
2025-05-02,1401.8932881277126,1414.4845019236116,1397.0352178747166,1407.6436767578125,13007841
2025-05-05,1418.747808269532,1427.1750314493302,1414.6829365878357,1419.0452880859375,12685649
2025-05-06,1418.7477523435755,1419.7391903256466,1398.5223933042987,1408.7342529296875,14084117
2025-05-07,1408.7342420156256,1412.2042749259901,1390.6899982666434,1393.9617919921875,13440169
2025-05-08,1392.0780527042998,1408.6351396947061,1386.030305191398,1394.9532470703125,16106175
2025-05-09,1373.6374315703338,1382.8578539346386,1362.731612914777,1365.408447265625,13668904
2025-05-12,1388.0131966802994,1426.679278587822,1388.0131966802994,1424.20068359375,10674081
2025-05-13,1421.2263802516663,1435.3047515134413,1400.307062549957,1403.5787353515625,11407896
2025-05-14,1407.8418724989147,1417.6571322938998,1403.380401776207,1412.2042236328125,5570160
2025-05-15,1412.7992032271827,1448.8875719918406,1400.6044669576877,1441.7491455078125,20177211
2025-05-16,1440.757623701411,1448.4908883531898,1434.9082364412498,1443.9302978515625,9036695
2025-05-19,1439.667043567546,1442.1456384779733,1425.886031660542,1428.4638671875,6195791
2025-05-20,1425.8861208416395,1432.6279478297215,1409.6266340324114,1412.402587890625,11270560
2025-05-21,1411.7085860045363,1423.9032007341596,1405.9581972205492,1416.963134765625,6136364
2025-05-22,1409.031659643212,1411.6094953044076,1384.9397884743898,1397.332763671875,12134466
2025-05-23,1394.5567410207764,1421.5239286750705,1394.5567410207764,1414.5838623046875,6474883
2025-05-26,1419.7391840414937,1428.6621258406371,1412.898237790455,1422.5152587890625,4842944
2025-05-27,1413.8897021801247,1424.696400543767,1401.794207036506,1409.9239501953125,12640414
2025-05-28,1407.9410393609537,1410.4196342901241,1398.6214982222443,1400.802734375,5944611
2025-05-29,1400.0096192804465,1407.842003929875,1396.5395861721686,1405.660888671875,13771917
2025-05-30,1405.8590585766528,1418.3511529457182,1397.6300749154059,1408.7342529296875,13788484
2025-06-02,1400.0095486308933,1405.3633379328091,1383.650821945961,1401.5958251953125,8098668
2025-06-03,1410.1223942601396,1414.2863856817387,1391.384190812638,1393.4661865234375,11252626
2025-06-04,1402.5873087929724,1413.4931269376204,1394.0609660849138,1411.31201171875,8126827
2025-06-05,1415.7734397380668,1442.244785474372,1411.4110884077945,1430.0501708984375,13716817
2025-06-06,1428.6621520805822,1439.0722510374496,1424.6964000970136,1431.1407470703125,8182161
2025-06-09,1444.5251287223314,1445.0208477095387,1432.9253528317358,1436.3953857421875,7885125
2025-06-10,1437.5850079496329,1441.4516401070769,1423.704876838395,1426.1834716796875,7913181
2025-06-11,1433.4210733170682,1456.0257865422643,1430.7441181682645,1436.4945068359375,8195700
2025-06-12,1441.0552171722854,1444.5252503749707,1422.1187744712338,1429.257080078125,8828114
2025-06-13,1411.8076840776937,1423.2092208521976,1402.1907840779525,1415.67431640625,9757276
2025-06-16,1414.6829254727506,1430.0502146798779,1412.204330439343,1425.4896240234375,8458093
2025-06-17,1435.6022520574631,1435.6022520574631,1413.59237643736,1418.946044921875,10366599
2025-06-18,1417.7563491543892,1430.4468040463896,1413.4931173168031,1417.85546875,6681735
2025-06-19,1417.8555238832446,1427.5716651338516,1413.4931722804179,1421.0281982421875,10007230
2025-06-20,1418.7477927518771,1458.4053131642288,1415.8725983169522,1453.6463623046875,29010635
2025-06-23,1440.5593915455418,1451.266970188698,1429.6535737155343,1444.326904296875,5989078
2025-06-24,1452.4566670598808,1462.3710470398119,1430.744150698803,1438.3782958984375,16402744
2025-06-25,1451.4652666586912,1459.7933702625824,1447.9952335758323,1454.737060546875,7525851
2025-06-26,1456.5215658062507,1485.9673475108061,1452.5558137403293,1482.497314453125,14657893
2025-06-27,1486.5621628826696,1508.9686374999123,1484.083567880206,1502.4251708984375,11117052
2025-06-30,1500.838885203447,1511.7447031481738,1483.191240482831,1487.7518310546875,8409527
2025-07-01,1487.7518183386467,1518.2881567329412,1487.256099345396,1515.3138427734375,10368523
2025-07-02,1515.3138007089854,1516.900077238324,1495.7824003020085,1505.7960205078125,6361002
2025-07-03,1507.7790015843786,1518.7839394915495,1500.0457365549344,1504.8046875,11283291
2025-07-04,1510.9515946827762,1516.900223008299,1504.2097675037892,1514.223388671875,6603501
2025-07-07,1513.5291857359532,1531.5734294639212,1511.9429091838053,1528.3016357421875,7251074
2025-07-08,1522.8486600409224,1531.672481820406,1517.0982716385254,1524.4349365234375,7171261
2025-07-09,1523.5426661942138,1537.7202774459709,1497.1704406377573,1505.9942626953125,8870660
2025-07-10,1506.6881895774993,1511.6453792793734,1494.5926951149827,1504.2095947265625,10047129
2025-07-11,1499.0542783474266,1502.0285923917668,1477.540121836759,1482.3980712890625,7234991
2025-07-14,1479.4236826617216,1487.1569471972039,1466.4358695278945,1470.9964599609375,10311846
2025-07-15,1473.4750846086956,1483.6869442622558,1469.7076928815193,1472.6820068359375,8132454
2025-07-16,1460.388154594461,1478.234038357326,1458.9009976142222,1472.8802490234375,10409983
2025-07-17,1474.6649737790947,1476.8460890701654,1461.2805601585153,1463.7591552734375,11854613
2025-07-18,1472.0872520008465,1472.0872520008465,1456.5216021387357,1463.362548828125,10296318
2025-07-21,1452.4566531183941,1463.362470991638,1410.9153771961905,1416.3682861328125,22442744
2025-07-22,1415.178583447059,1419.640054314783,1398.6214967228645,1400.70361328125,20396320
2025-07-23,1413.7906253323065,1413.7906253323065,1402.2899684336514,1412.402587890625,8354596
2025-07-24,1407.0487949065318,1410.81630780687,1384.0474811654185,1390.888427734375,14740507
2025-07-25,1386.9226057137396,1389.0046012536307,1372.2492752918665,1379.7841796875,11854722
2025-07-28,1380.3790691362324,1395.7463569486692,1373.1415238854815,1375.71923828125,7748361
2025-07-29,1371.1586653944225,1408.04010820105,1371.1586653944225,1404.9666748046875,10750072
2025-07-30,1405.9581148273558,1411.113664716939,1389.3020300940545,1398.026611328125,7209849
2025-07-31,1376.215001569177,1390.5908519212596,1370.365493427784,1378.2969970703125,17065827
2025-08-01,1375.025384070285,1393.8627060383,1372.4476694796913,1381.76708984375,10321171
2025-08-04,1383.155066191865,1403.975263237478,1379.7841529413568,1399.4146728515625,6312820
2025-08-05,1398.918980991344,1398.918980991344,1376.2150271869518,1379.7841796875,9315972
2025-08-06,1379.9824375441353,1383.9481891450812,1371.4560958071288,1380.874755859375,5834312
2025-08-07,1375.818511047819,1381.7671392504185,1354.3043541251445,1377.5040283203125,9976705
2025-08-08,1373.1415514013454,1385.2370458989403,1353.312792536344,1356.0888671875,8793606
2025-08-11,1358.2700517359046,1376.1159356273254,1349.5453489789295,1374.331298828125,9997486
2025-08-12,1370.0682117041065,1389.8969719255274,1363.4255044148417,1368.5810546875,12244664
2025-08-13,1376.115874093997,1379.8833867126677,1365.7057756228248,1370.7620849609375,7457021
2025-08-14,1370.961308962897,1374.3455639562076,1363.794372575189,1367.4774169921875,7126128
2025-08-18,1383.602791829514,1388.4802648218374,1370.6626218339861,1375.3409423828125,11785109
2025-08-19,1383.6027633741608,1414.460091190419,1382.7068811681168,1413.564208984375,14384719
2025-08-20,1406.4969482421875,1418.342205158243,1403.510755146132,1406.4969482421875,8725641
2025-08-21,1418.4417067156319,1425.3099750709036,1413.7633861810953,1418.24267578125,11021323
2025-08-22,1413.464698965694,1416.84907536351,1401.4204113959267,1402.71435546875,5818868
2025-08-25,1408.1890657335161,1412.9670232567023,1399.230486508923,1406.0987548828125,5979407
2025-08-26,1401.519906786198,1403.5107021083375,1375.241384232256,1378.5262451171875,12145259
2025-08-28,1383.50331940736,1385.7926612650012,1360.2109883890075,1379.521728515625,13161813
2025-08-29,1374.7437651325777,1397.0406983353935,1343.7869203796088,1350.9537353515625,18758842
2025-09-01,1349.759256141992,1356.9260708455383,1334.430107544873,1347.6689453125,11232238
2025-09-02,1348.5648331807902,1378.128095842481,1348.2661652716795,1360.2109375,11517006
2025-09-03,1363.3961593284287,1370.1649121838109,1354.2385492379765,1366.2828369140625,7847563
2025-09-04,1365.4865379446771,1367.6763641601647,1350.8541196588233,1353.0440673828125,13223177
2025-09-05,1356.7271022727273,1374.6442613636364,1353.0441792852228,1368.671875,5777575
2025-09-08,1373.6488583038629,1379.6212446443146,1366.0838599076599,1372.15576171875,6986720
2025-09-09,1370.2643943031567,1374.843199236951,1362.4007284883235,1369.8662109375,9754452
2025-09-10,1377.5308659113482,1382.1096709119122,1367.7759200987732,1370.66259765625,7790815
2025-09-11,1369.6672638548873,1379.1235422027225,1368.6718661340626,1376.9337158203125,9766072
2025-09-12,1376.9337291414593,1389.873899637371,1374.146566892781,1388.579833984375,7403368
2025-09-15,1386.5889315301856,1394.3530818320328,1382.2091575524387,1392.8599853515625,5396697
2025-09-16,1398.2350616507645,1401.5199225726963,1391.7649767809332,1398.8323974609375,8686961
2025-09-17,1400.5245819104894,1409.6821922648512,1400.4250664409112,1407.2933349609375,7519417
2025-09-18,1413.8628424954393,1415.4554544293837,1404.2074124117412,1408.4876708984375,9332642
2025-09-19,1408.3882121473878,1410.4785229891424,1397.1401696768169,1400.9227294921875,13461373
2025-09-22,1397.4387885526373,1404.2074196840813,1381.6119415772491,1384.199951171875,7757970
2025-09-23,1384.5982372618869,1388.5798281670254,1370.4636381520502,1383.40380859375,14014702
2025-09-24,1378.9244730635044,1389.5751797778832,1374.0470000648747,1376.635009765625,5922759
2025-09-25,1374.942926360271,1378.128150477363,1362.6994857374575,1366.0838623046875,11411143
2025-09-26,1365.685684712474,1376.3363918134596,1359.7132983361805,1371.2598876953125,9879109
2025-09-29,1375.2413599514077,1382.6073268149732,1361.7039763015719,1366.48193359375,14231999
2025-09-30,1370.7620971908361,1370.7620971908361,1356.5279835173724,1357.722412109375,14604684
2025-10-01,1360.7086293823172,1372.255218175594,1356.4283707523282,1362.4007568359375,12045916
2025-10-03,1356.926091696157,1365.287456651113,1350.6551591113212,1357.125244140625,12842347
2025-10-06,1353.740909090909,1371.0608538471567,1352.7455113636363,1368.671875,12396580
2025-10-07,1369.667209612737,1389.47564777439,1369.5676941462978,1378.4267578125,11244040
2025-10-08,1378.426755451918,1382.6073771032557,1358.2201339506064,1361.1068115234375,8525081
2025-10-09,1367.676424553763,1373.6488106871855,1362.7989515764332,1371.458984375,8826633
2025-10-10,1371.45898859096,1381.6119964455866,1368.7713419175536,1375.3409423828125,6373084
2025-10-13,1370.5631549835205,1371.3594002602317,1361.505059967041,1368.671875,7600682
2025-10-14,1373.6488553790207,1381.612037149334,1363.7943936365562,1369.5677490234375,9768174
2025-10-15,1376.6350089791804,1377.6304066718624,1366.382364141153,1367.97509765625,10882743
2025-10-16,1368.7713249510273,1394.0544503152107,1368.671809484766,1391.8646240234375,12315932
2025-10-17,1394.5522084059296,1416.7496262080865,1392.6609284325848,1410.279541015625,19335561
2025-10-20,1433.3726108781723,1467.0170999313523,1426.7034952504036,1460.04931640625,24721978
2025-10-21,1461.2438272093502,1467.2162134241023,1453.2806455896807,1458.4566650390625,2066169
2025-10-23,1468.2115624957596,1476.0752283864208,1437.9514490416038,1441.7340087890625,18707090
2025-10-24,1443.3266994671071,1453.0816457634617,1434.3681199531734,1444.9193115234375,9700837
2025-10-27,1456.266786847925,1478.16553552233,1451.289798512833,1477.2696533203125,14113867
2025-10-28,1477.26972256393,1485.1333888036675,1470.79963742504,1480.056884765625,17631577
2025-10-29,1483.1425015536738,1501.3583271895798,1481.2512217130793,1497.277099609375,11884745
2025-10-30,1493.0964871305005,1496.1821955688695,1477.1701246011085,1481.6494140625,9318663
2025-10-31,1483.540795005222,1490.6080945575152,1475.4780977270138,1479.5592041015625,8758053
2025-11-03,1479.1610089962214,1488.1195884585134,1472.4918928888083,1477.866943359375,8452085
2025-11-04,1477.07065615293,1485.9297198935935,1463.334119430687,1466.3203125,10007806
2025-11-06,1477.1701896475465,1494.6891648996161,1469.406038969176,1489.2144775390625,16772678
2025-11-07,1487.7213309001133,1491.5038906434634,1469.1074431042953,1471.19775390625,7821765
2025-11-10,1471.0982430243503,1494.0919049344996,1468.7092643110286,1482.44580078125,7068438
2025-11-11,1490.1103850249956,1491.9021495222175,1473.3876547459602,1486.5269775390625,7127506
2025-11-12,1498.0734942427068,1517.6827797499902,1493.0965058897411,1504.5435791015625,12384459
2025-11-13,1508.0275174062697,1515.0948167835015,1499.8653048593553,1503.9464111328125,7196443
2025-11-14,1498.5711928131457,1513.900341239272,1498.5711928131457,1511.9095458984375,7682823
2025-11-17,1513.900387650411,1516.6874283079178,1504.5436249599409,1511.3123779296875,5871416
2025-11-18,1514.696568271851,1520.7685911952462,1503.5481631005248,1512.4072265625,11045042
2025-11-19,1510.4164493928117,1515.2939222795571,1505.0412776708577,1511.9095458984375,5692366
2025-11-20,1522.9585089376258,1543.7623455509595,1519.6736478639639,1541.9705810546875,18171724
2025-11-21,1533.9078528560988,1550.6305827884978,1533.0119706260582,1539.4820556640625,9615271
2025-11-24,1542.8663816107544,1542.8663816107544,1524.7501927010492,1528.831298828125,18433951
2025-11-25,1528.8313312270848,1552.4222077972818,1518.0809876078647,1532.61376953125,15033482
2025-11-26,1535.2018536795324,1564.3669320995493,1533.4100892950657,1562.6748046875,14054299
2025-11-27,1567.7513003642512,1568.2489991897637,1548.8387449947777,1556.2047119140625,9794643
2025-11-28,1560.7835875199362,1574.0224254817672,1555.806599039324,1560.285888671875,8959508
2025-12-01,1567.7513979315313,1570.2398922139623,1556.403839701944,1558.892333984375,8920233
2025-12-02,1553.9152843475838,1560.2858537619331,1534.9032130787248,1539.1834716796875,11389150
2025-12-03,1538.0884656023031,1545.2554018922647,1525.9446623591427,1531.718017578125,6090883
2025-12-04,1528.9308982335338,1553.3181423785347,1510.6155558800758,1528.53271484375,11867930
2025-12-05,1523.356635808528,1538.685784402705,1513.6016899280953,1533.5096435546875,10183266
2025-12-08,1532.1161217020071,1543.861863398969,1527.9354998822807,1535.898681640625,11301491
2025-12-09,1533.211064854301,1535.4008911036892,1513.1039592099478,1522.3612060546875,11503971
2025-12-10,1526.9401045329791,1540.3779737710465,1524.3520947592017,1529.8267822265625,7991629
2025-12-11,1529.826707449835,1542.8663926602953,1516.9860531705099,1537.889404296875,4706197
2025-12-12,1543.6628294631555,1552.62140892391,1538.9843872841,1549.3365478515625,5106655
2025-12-15,1544.060853330096,1551.4268205626304,1539.3825327747268,1549.037841796875,5774543
2025-12-16,1537.8894294536826,1544.5585453663573,1531.7180123854912,1535.201904296875,11731856
2025-12-17,1542.8664391614582,1542.8664391614582,1532.2157323461342,1537.292236328125,7116649
2025-12-18,1528.1345045583196,1544.3595357154854,1528.1345045583196,1537.292236328125,6580829
2025-12-19,1547.2461442463334,1566.9549449740825,1543.8617679066683,1557.8968505859375,13937275
2025-12-22,1566.2582562309594,1570.2398469681211,1558.0960438231807,1568.1495361328125,10184852
2025-12-23,1573.6241984599117,1573.6241984599117,1560.8830596994947,1563.4710693359375,7506564
2025-12-24,1565.4619535362338,1568.448146711295,1546.4498812900458,1551.0286865234375,8815745
2025-12-26,1547.5447581940155,1553.8158123179846,1547.1466963201515,1552.0240478515625,2311495
2025-12-29,1547.7439417510202,1550.9291658570105,1536.495898892566,1538.4866943359375,5972105
2025-12-30,1539.8801935176687,1546.449793829553,1530.7225835687998,1532.71337890625,8815884
2025-12-31,1533.9078900841737,1569.7422080874378,1533.9078900841737,1563.172607421875,5771830
2026-01-01,1566.457230908256,1585.1707553042595,1563.8692213237453,1568.3485107421875,6408128
2026-01-02,1572.7283614795997,1587.2611435561273,1570.9365970213464,1584.9718017578125,6602230
2026-01-05,1585.6684856930358,1604.3820104615531,1568.049995566515,1570.8370361328125,8704973
2026-01-06,1561.77894010158,1561.77894010158,1489.4135782872731,1500.6614990234375,27417125
2026-01-07,1503.0504545946628,1513.004431115157,1491.1056827700695,1497.277099609375,11199340
2026-01-08,1493.0965028672745,1496.9785780764303,1462.040144211037,1463.831787109375,16518684
2026-01-09,1458.2576091430024,1473.0890589574892,1458.2576091430024,1468.51025390625,8335311
2026-01-12,1468.5102348906719,1478.4642116159973,1444.322022844729,1476.373779296875,8883745
2026-01-13,1478.165525590484,1478.9618923221497,1438.050951275772,1446.11376953125,13499760
2026-01-14,1437.3542473990606,1460.2483939989072,1433.5716876182923,1452.086181640625,8321764
2026-01-15,1452.086181640625,1452.086181640625,1452.086181640625,1452.086181640625,0
2026-01-16,1452.0861898343726,1473.1885721290346,1448.4031454989463,1451.1903076171875,17167161
2026-01-19,1443.9238298491432,1443.9238298491432,1396.8415931572963,1407.0941162109375,20392765
2026-01-20,1404.207443054835,1409.4830993039366,1383.6027599099377,1387.5843505859375,13189498
2026-01-21,1383.105138772638,1406.3974698374059,1366.681076311502,1398.1356201171875,17352720
2026-01-22,1403.610286379211,1412.9670491536458,1388.5798052619484,1396.0452880859375,15721693
2026-01-23,1395.348519642108,1400.5245389866304,1374.6441992470054,1379.720703125,9837802
2026-01-27,1373.6487855396595,1385.195374217857,1361.7040134914885,1374.146484375,26302396
2026-01-28,1378.6257466723232,1403.4111724845945,1378.526231208921,1390.2718505859375,11121657
2026-01-29,1396.4434009824272,1396.4434009824272,1377.6303609139109,1384.59814453125,20846683
2026-01-30,1376.236766748553,1391.5659148620384,1372.1556606847782,1388.9779052734375,11239835
2026-02-02,1333.8329085367304,1386.4894707948447,1329.35361891851,1384.0009765625,15711165
2026-02-03,1467.1166446366906,1482.6448239290096,1423.6176937150067,1430.4859619140625,25456171
2026-02-04,1437.3543194605445,1457.2622740237098,1433.6713964697635,1450.095458984375,8333387
2026-02-05,1450.2944646433757,1454.7737543419996,1432.8750047042822,1436.757080078125,11763658
2026-02-06,1434.865799564727,1446.113842295832,1426.9026178813986,1444.123046875,8277304
2026-02-09,1451.2898835062008,1459.153549837875,1446.3128948796364,1454.873291015625,5775864
2026-02-10,1464.2299462371711,1464.2299462371711,1445.5164217743147,1451.7874755859375,10259630
2026-02-11,1452.882456999606,1463.234617369774,1446.91007080626,1461.9405517578125,7106877
2026-02-12,1463.2345557130195,1466.2207486838624,1438.8473131178025,1442.231689453125,11135399
2026-02-13,1438.8473526451965,1444.0233720001163,1409.7817888672503,1413.0665283203125,10755693
2026-02-16,1413.564201587246,1432.9744560797708,1402.8139796964888,1430.4859619140625,5896514
2026-02-17,1424.5136248062843,1425.2104761017015,1412.0711535507119,1416.450927734375,10731630
2026-02-18,1420.4325123887006,1435.4629932986807,1412.6683617554224,1434.666748046875,5521096
2026-02-19,1436.3588845536149,1436.3588845536149,1393.5567833507007,1403.0130615234375,11884664
2026-02-20,1403.013091941889,1420.8307355027325,1399.6287153786739,1412.8675537109375,8177670
2026-02-23,1418.4416634695872,1428.2961245911818,1411.772547760535,1421.4278564453125,7758856
2026-02-24,1418.7403513100855,1426.7035326906043,1408.4877066792656,1422.2242431640625,12529409
2026-02-25,1428.395737725409,1433.8704252219175,1387.0867320699354,1392.063720703125,10728792
2026-02-26,1392.0637118415314,1406.397463315574,1385.4941111892442,1400.3255615234375,16683858
2026-02-27,1391.5659695052796,1403.9089251530934,1381.711508080472,1387.48486328125,12031440
2026-03-02,1369.1694587628867,1372.2551671563263,1335.3259388807069,1351.75,23728722
2026-03-04,1323.8789706886037,1346.5740873609554,1300.9848230751916,1338.8099365234375,32495007
2026-03-05,1346.8726294272453,1392.5614090361375,1346.8726294272453,1383.005615234375,25957532
2026-03-06,1390.0728674061675,1417.7449716586152,1383.9014503612218,1398.334716796875,19311971
2026-03-09,1368.6718029922313,1422.8214608086796,1363.6948146177142,1417.4462890625,24870822
2026-03-10,1424.015880450879,1424.9117626543534,1394.1539503917586,1402.3162841796875,18071259
2026-03-11,1418.34212900751,1427.4002232775151,1377.2321576556008,1383.8017578125,21848087
2026-03-12,1383.6027762448114,1404.4066120742223,1374.7437125844203,1385.7926025390625,20939959
2026-03-13,1378.8248707870416,1394.3531723993444,1372.0562392077015,1374.3455810546875,17265090
2026-03-16,1373.6488401657623,1390.8692691567512,1357.224777946389,1388.6793212890625,22837802
2026-03-17,1392.5613056143347,1399.429573667814,1381.8109624429321,1391.167724609375,19007744
2026-03-18,1390.7696473738063,1406.3974645008152,1390.7696473738063,1401.6195068359375,9559327
2026-03-19,1381.6119817895922,1409.1844489610974,1369.7667250791762,1378.4267578125,16498373
2026-03-20,1391.5659566755692,1423.4186824363833,1389.6746767818195,1407.8905029296875,22994918
2026-03-23,1393.5567722314413,1409.0849519631759,1384.598192981382,1401.3209228515625,18979554
2026-03-24,1413.4647025895886,1415.8536813182018,1400.1263494042955,1405.302490234375,18620893
2026-03-25,1413.464703831985,1423.9163794589117,1401.9181150601291,1406.596435546875,19041331
2026-03-27,1394.552193095842,1398.235116023098,1338.809921280448,1341.8956298828125,23266517
2026-03-30,1328.855902170806,1358.7178325566667,1327.960019957529,1337.7149658203125,24393861
2026-04-01,1377.8294025098971,1378.028554948465,1356.6275051009459,1362.8984375,14404619
2026-04-02,1350.7546307176451,1351.9490593116357,1321.8880984473344,1344.2845458984375,21280051
2026-04-06,1352.7454554606609,1352.7454554606609,1284.0630151171836,1298.6953125,29274881
2026-04-07,1289.040031502862,1302.2788696189978,1285.058440671965,1298.5958251953125,28388922
2026-04-08,1342.7914745147666,1344.3840865060406,1320.0963587364665,1341.5970458984375,21817543
2026-04-09,1339.8052690319548,1343.7868597274437,1320.195983460075,1323.87890625,20725390
2026-04-10,1330.8467605257397,1346.0763943468285,1325.3720730291864,1343.9859619140625,19364461
2026-04-13,1315.1193869938081,1321.4899565481755,1303.970981405046,1309.0474853515625,28753269
2026-04-15,1330.8467629297493,1340.8007402141902,1328.059600686701,1337.9140625,15313779
2026-04-16,1345.7777093601655,1347.5694738488123,1323.8789596516422,1337.1177978515625,30211012
2026-04-17,1333.832952366644,1362.1022720767137,1333.832952366644,1358.7178955078125,13869105
2026-04-20,1356.9261198573818,1366.6810660920328,1346.5740808024586,1357.0257568359375,13614733
2026-04-21,1352.7454957201878,1363.4958396538184,1343.8864317482064,1347.07177734375,27293629
2026-04-22,1344.085556855853,1359.7132520720183,1342.8910067161314,1355.8311767578125,9525953
2026-04-23,1339.8052948565,1349.261572940554,1334.529638479888,1337.21728515625,16385079
2026-04-24,1333.8328899956957,1339.7057606040942,1318.9019248091768,1321.6890869140625,11744802
2026-04-27,1306.9571155871217,1365.2873936261717,1304.9663202853897,1359.51416015625,24673098
2026-04-28,1351.7500009887617,1388.7787447541255,1350.75460334444,1382.5078125,41027699
2026-04-29,1385.5935377241706,1427.2012083655534,1384.896807968084,1418.83984375,30542143
2026-04-30,1402.5153692729207,1430.386505071105,1386.6885214286783,1424.215087890625,30957881
2026-05-01,1424.215087890625,1424.215087890625,1424.215087890625,1424.215087890625,0
2026-05-04,1426.8030702776819,1460.6465916696056,1426.8030702776819,1456.3663330078125,24035700
2026-05-05,1453.280606341501,1466.6189594959255,1443.3266295857375,1456.864013671875,23543341
2026-05-06,1456.2668061036345,1466.519450812893,1420.9301884572374,1431.2823486328125,14221786
2026-05-07,1432.1782190445704,1442.828925531327,1423.717338832762,1429.590087890625,19816903
2026-05-08,1419.4371163507371,1436.1598462687914,1410.9762359236815,1428.5947265625,8663105
2026-05-11,1413.4647305422184,1421.427912122738,1375.6396180347506,1381.81103515625,15261787
2026-05-12,1385.593546668805,1387.0866431630602,1354.0394893602804,1357.722412109375,24357500
2026-05-13,1355.1343963286624,1366.0837705701026,1346.1758174038478,1352.54638671875,13797989
2026-05-14,1358.9168476375535,1371.6579863902991,1352.148216400817,1355.5325927734375,17303059
2026-05-15,1350.5556491178086,1358.5188307246153,1323.082575367519,1330.24951171875,19976192
2026-05-18,1327.860551095503,1335.8237328112184,1312.6309174607939,1329.7518310546875,13022473
2026-05-19,1332.5387892026445,1337.8144453658963,1312.3322897558653,1316.6124267578125,21665501
2026-05-20,1312.6308349443716,1356.6274840630256,1306.558933569541,1353.442138671875,13248515
2026-05-21,1360.9076465750106,1364.590690861155,1339.0088978228712,1343.388671875,17150630
2026-05-22,1343.7868238683554,1361.106767233248,1342.8909416840763,1348.26611328125,7105813
2026-05-25,1360.5095872329855,1364.7897243191815,1350.7546414401118,1360.7086181640625,6750071
2026-05-26,1353.8404218493883,1362.2017870434288,1346.1759079681497,1350.0579833984375,13769747
2026-05-27,1346.7730400596713,1354.736221375619,1342.393266034199,1344.2845458984375,13215138
2026-05-28,1344.2845458984375,1344.2845458984375,1344.2845458984375,1344.2845458984375,0
2026-05-29,1357.7224546740495,1362.6994431442622,1310.9387630540493,1315.119384765625,42634247
2026-06-01,1326.3673976551404,1329.353590670499,1312.4318302501333,1313.9249267578125,10700603
2026-06-02,1301.6815361898255,1321.689127358814,1294.3156903458798,1308.5498046875,23302785
2026-06-03,1308.9480145168118,1317.906594083847,1295.0124463014238,1307.15625,20012293
2026-06-04,1295.0124259474096,1305.1654340270677,1287.1487597049047,1297.699951171875,23474327
2026-06-05,1304.5,1306.0,1288.0,1291.0,17785223
2026-06-08,1277.0,1282.5999755859375,1259.199951171875,1263.300048828125,16494759
2026-06-09,1269.0,1274.199951171875,1257.5,1269.199951171875,23620214
2026-06-10,1275.0,1300.5,1254.4000244140625,1258.800048828125,21012796
2026-06-11,1258.0,1276.0,1253.199951171875,1263.0,13117486
2026-06-12,1277.0,1297.0,1262.5,1293.0,11988785
2026-06-15,1315.300048828125,1325.0,1303.300048828125,1307.0,18633321
2026-06-16,1313.4000244140625,1333.4000244140625,1306.4000244140625,1328.800048828125,18513223
2026-06-17,1333.0,1334.0,1317.0,1332.699951171875,10029170
2026-06-18,1330.0,1333.9000244140625,1322.0,1328.0999755859375,15494549
2026-06-19,1328.0,1338.199951171875,1305.300048828125,1309.5,24887034
2026-06-22,1316.699951171875,1344.9000244140625,1314.0999755859375,1326.5,12931213
2026-06-23,1328.9000244140625,1333.0,1304.0,1309.5,15400184
2026-06-24,1305.699951171875,1322.0,1297.5,1313.5999755859375,11030917
2026-06-25,1318.0,1328.0,1314.5999755859375,1318.0999755859375,12694362
2026-06-26,1318.0999755859375,1318.0999755859375,1318.0999755859375,1318.0999755859375,0
2026-06-29,1308.0,1313.699951171875,1292.5999755859375,1301.0,13757656
2026-06-30,1306.9000244140625,1306.9000244140625,1290.0,1293.9000244140625,15695263
2026-07-01,1298.9000244140625,1312.199951171875,1296.5,1308.0,7001401
2026-07-02,1310.0,1313.199951171875,1299.0,1303.5,17795024
2026-07-03,1312.0,1312.0,1302.0,1304.0,7839550
2026-07-06,1304.0,1325.5999755859375,1299.4000244140625,1321.300048828125,7610709
2026-07-07,1323.5,1328.0,1304.0999755859375,1308.4000244140625,14335554
2026-07-08,1297.0,1302.300048828125,1271.5999755859375,1275.9000244140625,19960868
2026-07-09,1277.0999755859375,1296.5,1274.199951171875,1279.800048828125,14651963
2026-07-10,1291.9000244140625,1311.0999755859375,1287.800048828125,1307.800048828125,8412537
2026-07-13,1300.0,1306.4000244140625,1295.0,1296.9000244140625,9488352
2026-07-14,1290.0,1308.0,1286.9000244140625,1293.0,13511284
2026-07-15,1294.0999755859375,1310.9000244140625,1294.0999755859375,1295.5,9577965
2026-07-16,1295.5,1309.4000244140625,1291.800048828125,1296.5999755859375,15631046
2026-07-17,1300.0,1330.300048828125,1296.0999755859375,1327.199951171875,18302218
2026-07-20,1317.199951171875,1345.9000244140625,1314.9000244140625,1323.0999755859375,14305844
2026-07-21,1321.0,1326.9000244140625,1302.699951171875,1303.699951171875,12753410
2026-07-22,1302.0,1304.5999755859375,1280.699951171875,1288.5999755859375,10840383
2026-07-23,1283.0,1287.300048828125,1268.0,1272.199951171875,12580741
2026-07-24,1265.0,1283.4000244140625,1249.800048828125,1278.0,9817000
2026-07-27,1288.199951171875,1288.699951171875,1278.0,1280.0,7163132
2026-07-28,1275.0,1279.199951171875,1265.9000244140625,1267.699951171875,9312184
2026-07-29,1275.0,1282.4000244140625,1268.699951171875,1275.9000244140625,9448307
2026-07-30,1279.800048828125,1297.0,1275.300048828125,1292.9000244140625,12158451
2026-07-31,1295.0,1309.699951171875,1293.5999755859375,1307.800048828125,8624996
2026-08-03,1315.199951171875,1319.0,1306.0,1319.0,7508023
2026-08-04,1315.0,1315.0,1286.4000244140625,1290.9000244140625,10759546
2026-08-05,1293.0,1299.0,1270.0999755859375,1280.0,24820782
2026-08-06,1285.0,1325.199951171875,1281.199951171875,1325.0,20342297
2026-08-07,1320.0,1337.0,1316.5999755859375,1334.800048828125,9885638
2026-08-10,1330.0999755859375,1332.9000244140625,1321.300048828125,1327.300048828125,8207102
2026-08-11,1326.5999755859375,1328.699951171875,1314.0999755859375,1323.9000244140625,9953124
2026-08-12,1323.9000244140625,1329.0,1309.199951171875,1329.0,7901012
2026-08-13,1327.800048828125,1327.800048828125,1307.199951171875,1317.0,9397301
2026-08-14,1317.0,1317.5,1301.5,1310.0,10497358
2026-08-17,1314.0,1320.800048828125,1298.0999755859375,1316.0,13383867
2026-08-18,1314.0,1328.5999755859375,1311.199951171875,1322.0,10180567
2026-08-19,1320.300048828125,1321.5999755859375,1303.5,1311.0,7489365
2026-08-20,1315.5,1316.5,1307.0,1313.199951171875,5546227
2026-08-21,1314.0,1316.0,1308.0,1316.0,5434871
2026-08-24,1316.5999755859375,1320.0,1302.4000244140625,1309.800048828125,7277167
2026-08-25,1304.300048828125,1317.0999755859375,1300.0,1317.0,7115355
2026-08-26,1310.0,1315.5999755859375,1298.0,1298.0,5744474
2026-08-27,1305.0,1308.4000244140625,1282.199951171875,1282.199951171875,11271497
2026-08-28,1284.9000244140625,1291.800048828125,1280.0,1287.0,6830228
2026-08-31,1278.699951171875,1297.5999755859375,1271.0,1277.0,34871137
2026-09-01,1285.0,1311.800048828125,1280.0,1309.0,12617528
2026-09-02,1298.0,1321.9000244140625,1293.0999755859375,1313.0999755859375,13497841
2026-09-03,1313.0999755859375,1316.800048828125,1302.5,1302.5,9721454
2026-09-04,1304.0999755859375,1333.0,1304.0999755859375,1322.0,13031534
2026-09-07,1323.0999755859375,1324.199951171875,1301.9000244140625,1309.5,10210522
2026-09-08,1304.0999755859375,1306.800048828125,1288.0,1294.9000244140625,9799528
2026-09-09,1283.5,1294.699951171875,1277.199951171875,1279.0,12152819
2026-09-10,1278.5,1285.300048828125,1266.300048828125,1274.0,9296079
2026-09-11,1267.0,1267.4000244140625,1253.0,1257.5,8777736
2026-09-14,1257.5,1257.5,1257.5,1257.5,0
2026-09-15,1252.5,1259.4000244140625,1235.300048828125,1235.300048828125,13754376
2026-09-16,1243.0,1255.0,1240.0,1240.0,10023997
2026-09-17,1244.800048828125,1253.4000244140625,1238.5,1243.9000244140625,7752895
2026-09-18,1245.0,1247.300048828125,1226.4000244140625,1226.4000244140625,15122715
2026-09-21,1234.0999755859375,1249.0999755859375,1232.5,1247.4000244140625,10007218
2026-09-22,1247.5999755859375,1251.9000244140625,1237.4000244140625,1240.4000244140625,10684376
2026-09-23,1242.0,1252.800048828125,1238.9000244140625,1248.0,8352048
2026-09-24,1236.5999755859375,1241.5999755859375,1219.199951171875,1219.199951171875,13923795
2026-09-25,1210.5,1227.4000244140625,1210.5,1226.0,13138735
2026-09-28,1218.0,1219.699951171875,1197.0,1197.5999755859375,13602349
2026-09-29,1193.800048828125,1198.300048828125,1181.800048828125,1182.0,24191416
2026-09-30,1182.0,1196.5,1181.699951171875,1187.0,16376789
2026-10-01,1180.0999755859375,1183.9000244140625,1160.800048828125,1167.699951171875,16771221
