Date,open,high,low,close,volume
2016-10-03,227.25867059908705,230.53729811137885,226.94427565131423,229.3246612548828,9314647
2016-10-04,229.77382247759653,235.34300535934491,227.97731098630382,233.32192993164062,21532806
2016-10-05,235.34298609902996,237.94792206570017,233.14224873726732,234.30999755859375,20868556
2016-10-06,234.75912255296765,235.34298325026958,229.63905431874747,230.6720428466797,11081154
2016-10-07,231.07627197070877,233.4566440225834,229.27976062399773,232.37875366210938,11934100
2016-10-10,232.96261953839527,233.8159459994719,229.9983593029711,230.49241638183594,9399844
2016-10-13,229.01028486415456,229.36959536305227,220.83616632892233,224.24952697753906,18050638
2016-10-14,225.46216964359317,227.75272430752585,223.75548937980452,226.45025634765625,12133951
2016-10-17,227.9323826069087,230.35768394845104,226.36043514065415,227.43833923339844,16865537
2016-10-18,228.96536003527942,231.4804923064873,227.97728704261937,230.76187133789062,20218355
2016-10-19,231.74997535532248,231.74997535532248,228.9204753247811,229.4145050048828,9546481
2016-10-20,229.68397105068738,234.35489777254213,229.32467426681154,233.72613525390625,14179531
2016-10-21,233.3219009635527,233.3219009635527,230.04327338151958,232.19908142089844,8833390
2016-10-24,232.91769482347388,237.947932285998,232.91769482347388,236.19635009765625,14483254
2016-10-25,237.13952503001568,237.6335547421252,234.22019375597193,234.84898376464844,9079178
2016-10-26,233.90577668743254,237.903025481409,230.67205071408608,232.4236602783203,15020687
2016-10-27,231.74997535532248,231.83980640968343,228.4264319383849,229.4145050048828,10938008
2016-10-28,229.8636270390008,232.4685630739212,228.1569466997487,231.74996948242188,11430184
2016-11-01,230.851692591188,234.35488400013244,230.40256478459034,232.60330200195312,10000632
2016-11-02,228.24677795236826,229.95345829311984,225.0579674886853,225.50709533691406,13716294
2016-11-03,225.59691579815464,227.07904594155346,219.93791579736003,220.65650939941406,12902390
2016-11-04,221.19546710931502,222.22845568639408,215.85084841179042,218.1414031982422,12657669
2016-11-07,222.76739802379657,228.06710080071636,220.52175893081477,226.98919677734375,11224419
2016-11-08,227.88746135846057,228.24677185121556,223.35126747134615,226.9442901611328,9367228
2016-11-09,211.09008612999548,234.48963577639168,211.09008612999548,233.54647827148438,31761606
2016-11-10,239.83426106557883,255.284269372666,238.26231366159095,252.67930603027344,50227559
2016-11-11,250.38875523940985,259.41621329735676,242.97814633994747,245.22378540039062,57937113
2016-11-15,247.15501837757694,254.6105561699899,243.15779747758143,249.89471435546875,48658808
2016-11-16,255.10457136125788,255.82316482259426,248.05325994498813,248.99644470214844,27532708
2016-11-17,249.71509903445886,253.48778415756945,247.55929071236284,249.2210693359375,19500760
2016-11-18,249.84979781298298,251.5115762097432,246.88556520125982,247.7388916015625,13389671
2016-11-21,248.9515588649831,249.35578489029757,229.81872364347043,231.16610717773438,26002028
2016-11-22,234.26507285898853,235.92685136709835,225.59691093774148,231.16610717773438,25631435
2016-11-23,233.3668050350257,233.86086208611906,228.83062500390835,232.3338165283203,16190033
2016-11-24,231.57031760114282,236.24125838985643,228.651000167639,235.11843872070312,28927720
2016-11-25,236.69038243160588,237.58863815240895,232.06437095198797,234.39984130859375,19303589
2016-11-28,227.6628850195919,231.52538694164224,222.7673946131029,227.75271606445312,22315183
2016-11-29,228.38149575625113,230.40257093993478,226.3604205725675,226.98919677734375,12656706
2016-11-30,228.15692886031997,233.68119547422384,226.9891938059967,232.06434631347656,16501691
2016-12-01,233.23207597452895,234.44472659460467,228.74079768727597,229.63905334472656,12986151
2016-12-02,228.11201856603938,234.80402038764493,227.25867844357714,228.24676513671875,21139754
2016-12-05,228.51623220962662,231.57029594154827,227.4383281693186,230.76187133789062,8406973
2016-12-06,232.1991087006426,233.6812251885543,230.26786434290375,232.73806762695312,10048459
2016-12-07,233.8608610122343,236.01666906254323,226.04602599070438,229.59414672851562,22193202
2016-12-08,232.1541954693384,233.99560868009652,231.79487126106412,233.45664978027344,9047721
2016-12-09,234.2650658347726,240.01392400532856,232.4685545096207,239.51986694335938,16004173
2016-12-12,241.5409616266739,241.94518767240567,235.61246829394898,236.8251190185547,14296268
2016-12-13,237.94792016489606,239.60969862758614,234.9387582047688,239.07073974609375,9084137
2016-12-14,238.9360419338696,239.16060588305558,235.61248452088068,236.1514434814453,8672531
2016-12-15,233.4566726583288,240.28342209571596,232.64824793566518,238.39707946777344,12274497
2016-12-16,239.250401188017,239.250401188017,236.28614105423165,237.8131866455078,11017555
2016-12-19,236.5556360952383,237.58862463286368,234.30999692101463,234.75912475585938,8371299
2016-12-20,235.20825491249346,236.15141240994248,227.48325059439142,228.65098571777344,12765309
2016-12-21,230.04329016341092,231.74997051023215,228.24677876410678,229.36959838867188,8778450
2016-12-22,228.38151248071807,228.38151248071807,223.08180931569896,224.38427734375,12981595
2016-12-23,224.33937397256565,226.18080100469058,222.58777799812296,223.8004150390625,10557157
2016-12-26,222.7673932545529,223.0368726812001,218.8150740180377,219.35401916503906,8592983
2016-12-27,219.71333046926736,224.51898981981333,218.36594703721454,223.4410858154297,8756536
2016-12-28,223.89023021155242,226.8095611972597,222.0038877844239,222.5428466796875,11747088
2016-12-29,222.4530029296875,223.53092065868194,220.5217587934435,222.4530029296875,10658616
2016-12-30,222.54285230010393,226.62991852457358,222.09372444480604,224.7435760498047,10538497
2017-01-02,226.80958005759004,227.8425687020669,217.91685349032537,218.8151092529297,25988990
2017-01-03,219.17437874172123,221.33018682059782,216.56944283755422,219.98280334472656,15963085
2017-01-04,220.79124419611676,221.33018936889434,217.55751833427672,218.18629455566406,11225978
2017-01-05,220.07264421032363,220.88106884939492,218.90490907121412,220.3870391845703,11970913
2017-01-06,220.97090405131718,223.66567117389422,220.52177619755435,220.88107299804688,12354302
2017-01-09,221.33020331861326,223.08181293284613,220.97090651411625,221.91407775878906,8329253
2017-01-10,222.49792162099243,223.66565670650195,221.33018653548294,223.03688049316406,9352013
2017-01-11,224.24952377641543,227.4383341638557,223.66566307019554,226.4951629638672,13415303
2017-01-12,227.16885343335235,228.56115246294482,225.05796083288072,225.68673706054688,11282323
2017-01-13,226.3604317027167,226.8993905940503,223.75549570929033,225.37234497070312,9333736
2017-01-16,225.50708303417017,230.31274252426417,225.1926880750445,229.7288818359375,13234727
2017-01-17,231.25595777706985,232.33384824804125,228.5162612449294,229.95347595214844,9480201
2017-01-18,230.94152678168365,232.91767271008743,230.49239896896648,232.06434631347656,8048897
2017-01-19,231.03136260442747,235.34297873064116,230.4025726885857,232.1092529296875,13029151
2017-01-20,232.1990975342636,233.99560892717858,224.83340356457094,225.50709533691406,15341756
2017-01-23,225.46217189099838,229.23484294233802,224.65374727510192,228.2916717529297,9339939
2017-01-24,229.14502464609635,230.85170491979528,228.15693793629572,228.96536254882812,13540202
2017-01-25,229.54923943685512,234.44473010193954,228.3365887986379,232.827880859375,16343545
2017-01-27,233.81594603387225,240.91218794201194,233.0973524441664,239.34024047851562,18039379
2017-01-30,238.8012694819282,240.6426825951285,236.60053217949056,237.09458923339844,11884795
2017-01-31,234.57947924163824,237.00478068630346,233.23209564184413,233.8608856201172,8899165
2017-02-01,235.34297156645695,244.23569668893185,234.9836748023078,243.15780639648438,27253142
2017-02-02,244.19078620605944,247.0202858156122,241.36128659650672,245.4932403564453,20139955
2017-02-03,245.22379968768823,250.20910772729292,244.32554401117653,249.31085205078125,15366890
2017-02-06,251.51157464982165,253.75721370919507,247.9185521548242,248.86170959472656,14725291
2017-02-07,249.58032706630812,251.51157114796283,248.18801442133042,249.62522888183594,10981984
2017-02-08,249.8048691992977,250.83785757968755,244.86446376800575,248.99644470214844,13622088
2017-02-09,250.43368190079894,251.78106547073708,243.29256542768016,247.78384399414062,16080181
2017-02-10,250.38874863245144,254.02667284934165,247.02029013066957,248.23294067382812,37580487
2017-02-13,249.53543682327924,249.9396628765253,242.70871504135997,244.01116943359375,19853043
2017-02-14,244.32557442956866,245.22383021791268,240.8223823375453,242.70872497558594,13306738
2017-02-15,243.38240319980753,244.7746886288071,239.87918389119508,241.5858917236328,12201568
2017-02-16,248.81685792143816,248.81685792143816,242.2146722738564,242.9781951904297,21794688
2017-02-17,243.5620090843433,245.80764816388285,240.46304360213054,241.94515991210938,17830528
2017-02-20,242.4392093120061,243.92132574283022,240.73252895491808,242.2146453857422,9229363
2017-02-21,242.5290164997839,243.8763999247827,241.3163659347678,243.15780639648438,7754157
2017-02-22,244.2357196815185,246.75085209251148,242.07991148108775,244.5950164794922,12617613
2017-02-23,244.05606232009606,245.22378365819594,242.16972004020812,242.93324279785156,13146194
2017-02-27,243.24761795850762,243.83150605844529,240.37321633901638,240.9570770263672,9645350
2017-02-28,241.5409316700931,243.65183786777817,240.7325070914822,241.8104248046875,7941592
2017-03-01,242.5290352155445,245.49326801425482,242.34937311331257,244.10098266601562,7656892
2017-03-02,245.223797524023,246.7508431256545,239.38513567821295,240.10372924804688,14220808
2017-03-03,239.1605746406686,241.5409467085652,237.36406328186547,238.08265686035156,10120034
2017-03-06,239.47498646345707,242.84344549826022,239.25042252780352,242.39431762695312,9515073
2017-03-07,243.24760801421078,243.33743905765084,239.2952888161198,240.55284118652344,11599142
2017-03-08,240.55283624365902,242.79847522058856,238.9359871453038,242.43917846679688,9122987
2017-03-09,241.6307926439737,246.03224026166203,241.09183372061423,245.44837951660156,15594429
2017-03-10,246.5711903168466,247.51434783936196,242.07991180470006,244.37045288085938,9557026
2017-03-14,250.07436069576073,250.07436069576073,245.9423793352978,246.70590209960938,15734886
2017-03-15,244.90942780216247,251.96074100991342,244.90942780216247,249.13124084472656,20055974
2017-03-16,249.71509102499078,251.69126458087172,247.9634813998877,250.8828125,18005184
2017-03-17,251.01754617768967,251.06244799404942,245.67291422673532,246.25677490234375,14265642
2017-03-20,246.7957340708879,246.7957340708879,244.1458690002697,246.03221130371094,9678185
2017-03-21,246.48135152159423,248.86172357574176,242.663764906188,244.6399383544922,11898233
2017-03-22,242.79846024690804,243.42725008670413,239.65456587309453,240.28335571289062,9887203
2017-03-23,241.6307684473929,241.9900652227899,239.5647914294202,241.181640625,7998170
2017-03-24,242.07993113843702,250.56845916936658,241.31640824787556,248.3677215576172,20133467
2017-03-27,247.91856977893897,252.230186114407,247.19997619389034,251.01756286621094,15966114
2017-03-28,252.09542189230174,254.11649693806459,250.16417788664532,253.3979034423828,18673371
2017-03-29,254.3410960173876,260.4043219934581,254.3410960173876,259.10186767578125,31008407
2017-03-30,259.5958733270379,263.86258750801863,259.46114046699785,261.4372863769531,19683170
2017-03-31,262.2906652717755,264.9854323807321,259.1467703113261,263.5482177734375,20185269
2017-04-03,264.80575525938116,265.61420727629604,262.4703124941201,263.3236389160156,10509610
2017-04-05,263.45836177635954,268.3538658591594,260.17973425340085,267.0963134765625,21936647
2017-04-06,265.3896696277293,267.2759847536455,261.7966466639426,263.05419921875,18413111
2017-04-07,262.0211973855202,264.80576811195795,258.38324537059333,260.0001220703125,10765502
2017-04-10,260.3144769160539,260.8085339720761,257.3951460478222,259.9102783203125,10307875
2017-04-11,259.86534511759015,265.12014608259403,259.4162172985742,264.5362854003906,11682024
2017-04-12,264.0871655253909,265.3896472047518,259.6857182491519,260.6288757324219,13251421
2017-04-13,260.7187226213193,263.27875690477,260.4941586914129,261.8864440917969,9944020
2017-04-17,261.48224522015295,262.9643616736265,259.1467748688002,260.4043273925781,8146800
2017-04-18,261.4372719979993,266.69207255123854,259.0569002262573,260.7635803222656,13457050
2017-04-19,261.8864542924107,262.0661164083694,254.1165474975255,255.1495361328125,18149995
2017-04-20,255.01481744587056,257.70958485969646,253.48779902559093,255.8232421875,14514929
2017-04-21,257.7993942444845,257.7993942444845,250.83791234415438,253.48777770996094,12042308
2017-04-24,254.4309398006206,258.56292171061557,252.32003331710894,256.946044921875,10077853
2017-04-25,258.2485267173113,259.4162482209101,256.00288735455206,256.946044921875,11531902
2017-04-26,257.8892196152294,260.0450278349705,254.52076070545002,257.30535888671875,13836891
2017-04-27,257.3053901333833,258.6527738609187,252.45478678418212,253.35304260253906,22622372
2017-04-28,254.2063364287303,261.1678173733333,253.75720862585268,260.2695617675781,14152004
2017-05-02,260.7186808710138,262.73975591652555,257.88918128981436,258.9670715332031,9754789
2017-05-03,259.95518685510586,263.3685748675616,256.7214609426801,260.3144836425781,13950914
2017-05-04,264.08717179953203,269.47670591788983,263.27874716429596,268.62335205078125,24534923
2017-05-05,270.37497618391706,273.8781680672373,262.42540744815113,265.8836975097656,34756331
2017-05-08,265.97348119112564,270.1503641315909,263.997307961455,268.9377136230469,11560550
2017-05-09,270.2850825069174,270.2850825069174,265.20994426347755,266.332763671875,7843574
2017-05-10,266.7819658273616,267.81495448861943,263.1889427185756,264.4914245605469,8699405
2017-05-11,265.79387639326563,268.93777158273923,264.4914219766095,267.7700500488281,11934889
2017-05-12,269.4767356988162,271.8122062240575,265.8837125561653,267.59039306640625,13376269
2017-05-15,268.03948592492105,271.2732118131583,267.2310613060086,270.7342529296875,10383539
2017-05-16,271.2732467527312,277.0220782874894,268.8928744077834,276.2136535644531,17533439
2017-05-17,276.6627225767093,277.38131608590044,274.4170835947555,276.34832763671875,14120513
2017-05-18,273.83326733450923,276.5729363716009,271.2732329975443,272.1265869140625,15471393
2017-05-19,273.4739535359073,283.22000576216465,271.27321614847557,276.6627502441406,55250969
2017-05-22,277.51612773630734,277.92032638034425,263.36859953061867,264.3566589355469,35771221
2017-05-23,264.9854179122596,265.79384251828805,258.0239365942257,259.4611511230469,19846852
2017-05-24,260.53903816314767,260.8983623502461,252.99369624805516,254.34107971191406,16435958
2017-05-25,255.23935198835042,261.7068040013895,254.70039308516573,260.583984375,15018467
2017-05-26,263.30313449210905,263.7563240523364,258.589952001546,261.445068359375,12304394
2017-05-29,261.85287240446667,263.6203224163135,256.7771447662946,257.41162109375,10619968
2017-05-30,256.86780992387907,262.623322259596,254.73781368492965,261.8075866699219,9643418
2017-05-31,261.9435278702879,264.20947534321425,260.3120567539776,261.3090515136719,10697171
2017-06-01,260.99185529089175,264.1188463785066,257.95547997876383,260.5386657714844,12186700
2017-06-02,262.759302983459,263.3031359909267,259.5416681517269,260.1761169433594,12004368
2017-06-05,261.0824835589715,262.62333906288245,259.90420181632976,260.3573913574219,7917410
2017-06-06,264.6627028866677,265.5237741143671,259.76826117360247,260.4027099609375,12346121
2017-06-07,261.21845057237846,264.2094903422443,260.31207153175325,263.3484191894531,10864355
2017-06-08,264.6626768229785,264.6626768229785,260.81056594456186,261.58099365234375,8370299
2017-06-09,261.309049785456,262.30607219904795,259.0431023275159,261.53564453125,10804887
2017-06-12,259.90420691141986,260.130801686408,257.6835670523379,258.2727355957031,10326846
2017-06-13,258.68060293152104,260.13081509831477,256.50529851157864,257.2757263183594,9171049
2017-06-14,259.1337844481278,259.4963305634302,256.1427444212636,257.59295654296875,11566255
2017-06-15,257.27566978372107,259.04309213507764,255.0097224149381,257.41162109375,11925641
2017-06-16,258.04616420597796,259.8135870147601,256.7319033277446,259.17913818359375,19246907
2017-06-19,259.7682338654902,262.71396569411377,258.5899245377451,261.8075866699219,14848661
2017-06-20,260.674604272241,263.7562873205199,258.86184628378385,262.9405517578125,14927701
2017-06-21,261.26375056112374,265.0705534808514,261.26375056112374,263.6656494140625,10537576
2017-06-22,263.982857411098,268.19751380848203,263.8015705649891,266.9285888671875,26110402
2017-06-23,267.1552421582132,267.8803343806192,260.8558962916416,261.89825439453125,20648597
2017-06-27,262.1701630155973,262.35144990556273,250.88573179740004,253.4689178466797,25523129
2017-06-28,251.6108287614525,252.38125648283415,248.12126390142512,250.52316284179688,17241351
2017-06-29,251.20292722999056,253.15163649290764,246.2178428706491,246.94296264648438,30457363
2017-06-30,246.5350893050412,249.02763156823553,244.45042865820275,248.03060913085938,12235472
2017-07-03,248.43850184883746,249.70742698015886,247.03359773232643,249.1182861328125,8951033
2017-07-04,249.25424065782036,250.56850135457725,246.58041137565718,247.4414825439453,7856082
2017-07-05,248.25722565204867,249.79808115952156,246.85234913561328,249.16360473632812,10048734
2017-07-06,249.29955357974362,256.23337563370217,248.8916995921835,254.69252014160156,16115817
2017-07-07,254.32994424526314,255.96141532534222,253.06101922070266,253.8767547607422,5914038
2017-07-10,257.5022952856945,260.1307890154241,256.68655966757063,258.8165283203125,2095795
2017-07-11,260.5839617662247,262.57800662480645,256.50525627770986,257.0037536621094,12400820
2017-07-12,258.0461082568234,261.3996939071485,256.6865397784639,260.71990966796875,7524835
2017-07-13,261.8529007876558,262.8499232700893,259.72290449802364,261.7169494628906,8434324
2017-07-14,261.76229263195495,266.11292923428346,260.35741598587316,264.3001708984375,13750192
2017-07-17,265.38780490209825,266.5661143971537,262.532716102593,265.569091796875,10549310
2017-07-18,264.52674490296283,268.6507587287338,262.8499380419754,263.7563171386719,11913832
2017-07-19,264.2095016218122,266.4754493201125,264.1188581817813,265.8409729003906,9006728
2017-07-20,265.56906454370477,266.70203836854995,262.8952352528727,263.71099853515625,6256500
2017-07-21,263.8016330316398,264.84399115285623,261.2637825481028,263.4390869140625,7266604
2017-07-24,263.5750165523729,268.56010132503843,263.4844007758101,266.97393798828125,11195781
2017-07-25,268.2882322840103,269.4665141318697,267.0646148816967,268.3788757324219,10846999
2017-07-26,268.5148152634117,271.59649875036945,267.6084361401597,268.10693359375,12527914
2017-07-27,269.19456518103465,271.7777508840622,268.46947303935667,270.4181823730469,22286060
2017-07-28,269.19456001479045,272.59348122709844,267.92563496096045,271.09796142578125,15766196
2017-07-31,271.3698974757135,284.46708655748967,270.100972265625,283.24346923828125,41547584
2017-08-01,284.6030318868199,285.32812408857575,279.11944950224296,280.0711364746094,14888804
2017-08-02,280.9775135940581,282.6089848668582,276.71752087214406,278.8928527832031,17005571
2017-08-03,278.2583566179435,278.6209026905589,271.0979679569418,272.4122009277344,14459919
2017-08-04,272.18559321684245,277.62386702865143,269.738386597823,276.67218017578125,9615344
2017-08-07,277.1707163034198,282.6089908757079,276.5815754235209,282.065185546875,11420767
2017-08-08,281.8838762159167,282.6089683702815,273.0013728527312,275.22198486328125,13578680
2017-08-09,274.406294778213,278.6662879578788,272.00439550052795,273.9984130859375,15852734
2017-08-10,273.0014050602071,274.089043420069,264.6627059987867,268.9226989746094,14519518
2017-08-11,266.92864973194315,274.6328722199619,251.474896864292,253.92210388183594,67652562
2017-08-14,255.1003950020793,255.96143850434774,250.61380763483513,252.1546630859375,23773509
2017-08-16,252.92506496833636,257.32100892995595,248.52914866721048,256.5959167480469,21074533
2017-08-17,257.23031970244494,258.0460828374955,253.78609096074462,254.5565185546875,12134114
2017-08-18,251.97337272987883,253.46889261146475,250.16061465268547,252.60784912109375,12653217
2017-08-21,252.87973529431045,254.37525507846888,247.75869959195404,248.93698120117188,9247153
2017-08-22,250.16060357731982,251.06698257578836,245.80999544886754,248.2572021484375,11814388
2017-08-23,249.02766471780757,253.51425245299095,248.52916726300754,252.87977600097656,11317821
2017-08-24,253.5142086630737,255.10037185863334,251.52016386731657,254.05801391601562,14138226
2017-08-28,255.68953333280876,255.68953333280876,252.87975276993308,253.19699096679688,10505317
2017-08-29,252.38126205298914,254.5565662798169,250.2059301656674,251.06700134277344,10335964
2017-08-30,251.97337766142016,253.10635148184022,250.1606195487481,250.70445251464844,7648702
2017-08-31,250.93105999435676,253.33295908326184,248.52916090545168,251.74679565429688,14222467
2017-09-01,251.65611548555563,254.14865765302744,250.7044286312628,251.83740234375,8255209
2017-09-04,252.83446164121372,253.42360252558743,250.52317833413917,251.74679565429688,7168751
2017-09-05,252.06403813972722,253.33296337228356,250.1153285689626,250.6591339111328,9565430
2017-09-06,250.11530303869165,250.74975175996133,248.03061468468144,248.57444763183594,7306781
2017-09-07,249.61679786637043,250.9763665123316,247.53213700676127,248.52915954589844,16102724
2017-09-08,249.16357059152253,249.61676007155822,245.7193416074476,246.35379028320312,7077895
2017-09-11,247.07895508320524,247.89469076385737,244.31448215480626,245.58343505859375,14489224
2017-09-12,246.5351045320471,249.8433825717938,245.1755359408777,247.849365234375,8375133
2017-09-13,249.20893552213943,250.70445545050836,246.98829574391397,247.8040313720703,10150073
2017-09-14,247.80403967175556,249.7980847500299,246.80701713261837,248.52915954589844,8015217
2017-09-15,245.4021249001856,248.8010462976951,244.6316971846515,246.0819091796875,18404860
2017-09-18,247.44149106362002,248.34787015176514,244.22385636490264,245.08489990234375,17538678
2017-09-19,245.13022864724627,245.4474391908943,241.50471239532467,242.72830200195312,14331316
2017-09-20,243.04552458328865,246.58039716959416,242.41107587628065,244.76763916015625,12355806
2017-09-21,244.4957515354263,245.99127145294185,242.32044732263157,243.36277770996094,8509419
2017-09-22,242.22978338696976,242.36573470242263,236.65555816947082,237.33534240722656,12860892
2017-09-25,237.0181314809311,237.29003414309759,230.5828344248757,234.5255889892578,13937050
2017-09-26,234.29899772946854,235.3413281640577,232.03304997579863,234.07240295410156,11728345
2017-09-27,235.56792261923408,235.56792261923408,226.14158550887882,226.9573211669922,17080769
2017-09-28,226.8213466347921,229.8124001256957,226.14156237914335,228.90602111816406,17776419
2017-09-29,230.85473393824714,231.579839921271,229.35921408533548,230.08432006835938,10073641
2017-10-03,232.3955964149783,232.3955964149783,227.1386086831816,227.7730712890625,10547836
2017-10-04,228.09027272988206,230.80940976459672,227.81837009060752,229.4951629638672,14063896
2017-10-05,229.94837068710297,230.31093061860275,225.86966481189924,228.04498291015625,13476692
2017-10-06,228.54349526082288,233.7551753304612,228.49818736789413,232.7128448486328,11932139
2017-10-09,232.75813124763644,234.38963014985674,230.44687571177482,232.803466796875,8009211
2017-10-10,232.80346056834793,234.02707779715254,231.76111638041345,232.89410400390625,9742878
2017-10-11,233.07536474885947,234.2536740978882,227.00262794313193,228.18092346191406,14192548
2017-10-12,228.40752484276067,229.2685821902058,225.23519810883343,227.6824188232422,13404759
2017-10-13,227.5917898758432,231.4439009210878,226.7760404151726,228.4981689453125,15697555
2017-10-16,230.7641043533548,230.85473395733638,226.6853987575353,228.4528350830078,12171830
2017-10-17,228.45284968919339,230.8547487170879,227.18391068010519,227.63710021972656,13505216
2017-10-18,222.96923865685096,224.60072365697474,219.84223380759073,220.9298858642578,20677891
2017-10-19,220.97521455992725,222.28946141283248,218.57330178575884,220.0235137939453,3458869
2017-10-23,221.1564984729733,223.87563574928038,219.6156567824488,222.92393493652344,8901335
2017-10-24,222.9692579622905,231.39858633423145,222.92393624137063,230.62815856933594,17197805
2017-10-25,253.6501530572107,297.3376015697621,253.6501530572107,294.4825134277344,262677081
2017-10-26,299.1050770204636,318.4109391094056,287.77533925453696,290.4944763183594,112804243
2017-10-27,290.2678977434946,293.30427316611866,281.06815569683783,281.92919921875,27580765
2017-10-30,282.7902526855469,292.17128102307936,281.52132759662044,282.7902526855469,28530254
2017-10-31,283.6966246239941,284.46705229964005,275.81111632583975,277.1706848144531,16455750
2017-11-01,280.4336626692727,291.35554643372114,280.4336626692727,289.90533447265625,34907283
2017-11-02,290.04129362685995,292.89638207890073,284.1951377379963,284.9202575683594,23110527
2017-11-03,285.9173022065885,296.8391594519982,283.3341162029224,294.5732116699219,26898400
2017-11-06,293.30428875303375,299.1051095887158,291.3555791772064,298.19873046875,17143407
2017-11-07,298.1534024261454,300.64594483759197,285.96259302232727,287.5034484863281,21883541
2017-11-08,288.2285556208639,289.40683739410963,277.94114723877493,280.56964111328125,20242447
2017-11-09,283.83259065469264,288.22853452786086,279.3460310059794,284.33111572265625,21846178
2017-11-10,285.5094029460466,306.8093107848786,280.52431813270294,302.3227233886719,82984969
2017-11-13,305.2231652025665,312.5195059717185,298.87851143443595,300.0567932128906,38777555
2017-11-14,299.4223109185575,303.3650651366892,296.83912521285106,298.2893371582031,25647162
2017-11-15,297.29233819579747,300.1474267652741,292.08065848657236,294.52789306640625,17389606
2017-11-16,296.7484933169932,302.91188740923855,293.34957190378583,302.186767578125,22506014
2017-11-17,312.7007975260417,314.24165309978855,304.5433854166667,305.9029541015625,26518142
2017-11-20,305.5403783267683,305.58568621433534,300.23805543825074,301.82421875,13507662
2017-11-21,303.6369990084671,303.99954511697524,299.10510350087804,299.6942443847656,14189920
2017-11-22,299.8755345793189,307.8516596965188,296.3859694678582,303.9089050292969,22861716
2017-11-23,304.0902027872265,305.1325332706423,300.60063755101146,303.5917053222656,13338423
2017-11-24,304.5433656721125,305.44974473661284,300.464659881861,301.2803955078125,11716981
2017-11-27,299.0144255048565,305.44972191407635,297.3376188287194,304.2261047363281,13114683
2017-11-28,304.54336290474396,305.1778393083263,300.1927544988737,300.9178466796875,16054996
2017-11-29,301.2350506798356,303.5009980632246,296.5672046021523,298.1080322265625,11264624
2017-11-30,295.29833157460575,295.9328080772554,288.6817744949643,290.35858154296875,27276288
2017-12-01,291.4008793453518,292.12597155790746,282.11049361194637,283.4700622558594,16425620
2017-12-04,285.23750101290835,286.3704748369817,282.0198387562437,284.240478515625,13887727
2017-12-05,283.2434781469375,290.6757980777115,279.8898643014794,289.2255859375,15130931
2017-12-06,287.0502169748179,287.68466562682664,282.3370354946598,283.15277099609375,18658202
2017-12-07,283.2434476183219,288.00193753830973,283.19813973090015,286.7783203125,12278558
2017-12-08,286.95961922693726,288.99897213538134,282.8809134100492,283.78729248046875,16418832
2017-12-11,286.37045252723465,289.40680001080904,285.60002485478634,288.591064453125,14014369
2017-12-12,288.00196763862283,290.49451023817034,285.19218681248833,288.6364440917969,17658856
2017-12-13,286.5517529155623,289.0896310448454,282.0198573209449,283.96856689453125,17540585
2017-12-14,284.8749299999445,285.8719525068144,280.5243215378682,284.60302734375,13894451
2017-12-15,288.59107107919056,289.45214220237216,282.3370614460318,283.016845703125,16050711
2017-12-18,279.16475463684895,293.213630276041,272.2762681461785,289.0442810058594,32119915
2017-12-19,289.54277483847477,292.0806249061236,288.5910603177381,289.8599853515625,14741481
2017-12-20,289.134898076095,289.134898076095,286.86895059900957,287.77532958984375,9895770
2017-12-21,286.95966022437835,288.40987247633785,285.8719941202842,287.0956115722656,9916409
2017-12-22,287.4127921728703,293.53085054507216,286.8689592299094,289.90533447265625,13821639
2017-12-26,288.7723906596123,289.99600799309917,286.6877021053952,287.4581298828125,9329690
2017-12-27,286.8689941509188,290.31322377478836,283.7419750936062,285.37347412109375,14276027
2017-12-28,285.7812923867138,286.8689582689923,278.8474984535428,279.52728271484375,20353152
2017-12-29,280.97748425055613,282.79024221346293,280.11641315397884,280.8868408203125,11939569
2018-01-01,281.52135641835594,283.47006596805164,277.6239096584693,278.3490295410156,12182400
2018-01-02,280.0711775588675,280.0711775588675,273.13738209315056,274.8594970703125,14797364
2018-01-03,276.71756070198796,277.7599189179435,273.86247173338836,274.4969482421875,13857373
2018-01-04,275.9924340642252,281.1588059631229,274.76881675548685,279.6179504394531,24517099
2018-01-05,282.24642298489664,282.24642298489664,276.9894357016352,277.6692199707031,14580575
2018-01-08,278.439637532219,280.52429815056286,276.44559268472267,277.1706848144531,13557197
2018-01-09,278.7115814965789,280.5243397502152,274.90477809974436,275.8111572265625,15574755
2018-01-10,276.1283397533619,277.2160055503417,271.91368319592317,272.91070556640625,13064599
2018-01-11,272.72943606289437,274.6328374984474,271.91370049351224,273.9077453613281,12298455
2018-01-12,276.128368121796,276.128368121796,272.4122085375688,273.95306396484375,17594228
2018-01-15,275.4939420398116,276.67222382071395,273.3186100435375,274.27032470703125,18189668
2018-01-16,274.08903316983793,274.95010437546057,267.65373605445933,268.4241638183594,18040940
2018-01-17,268.2882159122088,279.52731131697254,265.2065324777487,278.3490295410156,26277307
2018-01-18,285.50945285127267,288.04730359019567,272.36695422796015,274.8594970703125,40000111
2018-01-19,275.49393144948596,280.9775137997676,274.17967072396675,280.2977294921875,18461642
2018-01-22,279.48201323925633,279.844559363012,275.5845663425183,277.8052062988281,12622645
2018-01-23,277.71450793127656,290.5397646886913,277.6692000474534,288.31915283203125,35252217
2018-01-24,287.956656694796,300.555320895984,286.597088018542,299.01446533203125,38070520
2018-01-25,301.5976794945747,301.5976794945747,282.65435970304816,283.8326416015625,42466150
2018-01-29,283.8326073934494,287.23152899163176,281.8838978759238,282.88092041015625,23600898
2018-01-30,282.83556087056985,288.9989547754903,281.8838739679939,284.19512939453125,25810404
2018-01-31,283.6966230266111,286.9595929130091,279.0287767740863,283.9232177734375,16409938
2018-02-01,287.23152696989587,287.6847165131303,276.4456213730149,277.3973083496094,19515991
2018-02-02,274.5422028587727,277.12538862828956,267.8350035638906,269.5118103027344,23274673
2018-02-05,265.2518293060039,272.2762670985728,262.84993030257914,270.1462707519531,18940578
2018-02-06,258.3180075991123,269.4664579155091,256.41460622154693,264.4360656738281,30577218
2018-02-07,268.83201309478807,270.01029471377245,262.8499062480783,265.38775634765625,21463818
2018-02-08,265.4784255666707,274.9047624156821,265.1611873582845,273.1826477050781,18932796
2018-02-09,269.1945592428675,272.45752912942487,267.3818012681681,268.6507263183594,15750824
2018-02-12,261.26375994001114,265.02522744781203,258.4539793660598,261.7169494628906,50839665
2018-02-14,261.6716577161812,261.6716577161812,249.25425295911108,250.3419189453125,45641149
2018-02-15,249.0729487421722,255.87079153164734,248.57445133514125,252.60784912109375,26058237
2018-02-16,254.23930941072706,254.87378577470105,244.76763779985615,246.2178497314453,30338112
2018-02-19,246.08191489107782,246.53510442126395,232.6221803124505,243.36277770996094,43847791
2018-02-20,243.81597996172655,248.52916238577959,240.00917664533793,244.40512084960938,33458021
2018-02-21,246.71641449208315,248.43852933659292,242.36577799698352,247.71340942382812,23714454
2018-02-22,245.08490388409615,247.98532807747992,244.2238603326662,247.07894897460938,25584062
2018-02-23,247.84935403524838,251.24827535959082,246.98828290221795,250.20591735839844,15482147
2018-02-26,253.78611431909832,253.78611431909832,248.21188912597353,248.75572204589844,15306032
2018-02-27,247.44146868920504,250.06996227505056,241.05150775977958,242.54702758789062,20824909
2018-02-28,239.51067014950425,244.45044716380525,236.38365128203017,242.9095916748047,26810799
2018-03-01,241.3687214207907,244.72233485147083,236.79151844424723,237.6072540283203,22859175
2018-03-05,236.06645680174404,240.19047080226372,234.5256012078707,238.83090209960938,18484565
2018-03-06,240.96088188504882,241.09683321378483,231.1266634192298,232.5315399169922,20778164
2018-03-07,231.17197220590785,231.44388867841448,223.0145610121861,223.55838012695312,31262500
2018-03-08,223.87561448120945,233.80047566107126,221.42839393106732,232.75811767578125,33133336
2018-03-09,232.93941829941232,233.3019643911259,228.09028479882386,229.54049682617188,21536191
2018-03-12,230.31092180893253,231.35325218284862,224.1022197931805,229.17794799804688,25332474
2018-03-13,227.77306821127812,237.8338678177936,226.23222652346016,230.85475158691406,37647221
2018-03-14,228.86072728835546,233.70986110161377,226.59477949342124,232.9847412109375,25471485
2018-03-15,232.93941791538236,234.57088915565058,228.90603387316926,229.9483642578125,18339890
2018-03-16,227.18389442866896,231.76111121746658,226.68539703494284,228.67942810058594,25728297
2018-03-19,229.2232681000547,229.85774453215504,223.0599013046297,224.7366943359375,18167594
2018-03-20,223.73968451744526,228.63412608488395,222.3801158786848,225.77903747558594,20556571
2018-03-21,228.18093450607793,230.49220393743224,223.9662772955621,224.78201293945312,19533972
2018-03-22,223.87564608226253,224.19288431123942,218.1201330496679,218.93588256835938,26828240
2018-03-23,215.53694728975913,217.21374028416284,210.59718408585812,212.81781005859375,27150262
2018-03-26,212.77248555893348,224.6460568453327,212.31929602632658,223.4224395751953,30373940
2018-03-27,226.59476688638284,231.57985175788326,224.78200875129176,230.5375213623047,31205051
2018-03-28,228.40752141695353,232.21432450476684,225.41646777520597,226.50411987304688,36673566
2018-04-02,228.22624394133626,228.40751698241587,221.97222029724125,223.10519409179688,14993188
2018-04-03,226.18690101849472,229.1326330133673,225.0086054544963,227.04795837402344,19883309
2018-04-04,228.13559943750985,229.31389494438008,222.51605220887473,224.1475372314453,18824449
2018-04-05,228.95135528474512,237.38066944897048,226.59476420491526,235.02407836914062,22880821
2018-04-06,235.34132216462905,236.97282110197747,230.99071365268853,235.38665771484375,24868860
2018-04-09,236.24771118164062,238.15111285837372,233.48326594053705,236.24771118164062,20208874
2018-04-10,236.65556468647983,240.19043728805465,234.29897373193256,238.6495819091797,21201141
2018-04-11,238.37770802707914,238.37770802707914,232.30495687245724,232.9847412109375,14885838
2018-04-12,233.39260112269335,233.39260112269335,228.63411119689087,230.03900146484375,18660913
2018-04-13,230.22028474682295,231.987721174696,226.32285196340607,227.45582580566406,25654020
2018-04-16,226.0056232115568,227.77305960522247,223.96627033496253,225.68838500976562,16408377
2018-04-17,227.86366991581775,228.8606923253731,223.51306187838344,224.91793823242188,15922452
2018-04-18,226.1415644775634,226.50411055184176,222.33477537665567,223.37710571289062,16142387
2018-04-19,223.96626523985637,225.18986863982855,222.2441367739839,223.10519409179688,13166927
2018-04-20,222.83327711014238,222.83327711014238,217.0777650719608,218.6186065673828,15546939
2018-04-23,219.25307569544964,221.92690482339705,216.89649858147808,219.7515869140625,12111837
2018-04-24,219.34373903234928,220.6126642219251,217.1684347558629,218.07481384277344,9486349
2018-04-25,217.2590506010515,218.21075134805807,214.58523523012565,214.99310302734375,13124853
2018-04-26,216.08078355407133,216.44334351176082,210.73315210794743,211.36761474609375,24495144
2018-04-27,211.4129232002397,222.78798357041785,211.4129232002397,219.8875732421875,31401889
2018-04-30,221.88161928121215,226.3228715960258,221.60970276943314,223.33181762695312,17263193
2018-05-02,222.87861472007498,223.24117465751127,217.30438879812408,218.43736267089844,12887066
2018-05-03,218.39202496117073,220.61265082318405,216.39799385712297,219.25308227539062,12939642
2018-05-04,220.70330648093343,221.06585258165742,217.8482179045521,219.2984161376953,12777310
2018-05-07,219.75160159503014,224.96328122000935,219.3890555010434,223.4224395751953,15122614
2018-05-08,224.78201106870898,228.95136035450165,221.70032773938198,226.6400909423828,23293920
2018-05-09,226.41349805748249,226.41349805748249,223.241171261966,224.78201293945312,11429823
2018-05-10,225.008610831088,226.7760473041951,223.2411743579809,224.7366943359375,13160967
2018-05-11,224.41946015550258,228.04497638528292,223.01456985041332,226.91200256347656,11958589
2018-05-14,226.54943530017601,231.8517581464871,224.91795028359982,229.85772705078125,18673849
2018-05-15,229.31390836161953,233.34730635154543,222.87861133004435,224.78201293945312,18026861
2018-05-16,222.5160635312942,225.41647381331055,218.07481158354238,220.34075927734375,17222004
2018-05-17,221.33777913410916,222.96926432202721,218.57332004211577,219.97821044921875,11721064
2018-05-18,220.25011508774458,221.15649416217974,215.58226838650234,216.4886474609375,11873041
2018-05-21,220.74859553365135,222.74262645304154,217.80286395288883,221.5643310546875,18780730
2018-05-22,220.83925327175396,235.3866538360447,218.43735428577267,230.129638671875,68713602
2018-05-23,230.80944733076703,244.49577816516086,230.49222292323375,238.5590057373047,71202072
2018-05-24,239.14812061132852,244.4504436466052,236.24769655393968,243.36277770996094,34679642
2018-05-25,242.7282857657935,243.27211869930338,237.96979600344304,241.9578857421875,22317308
2018-05-28,242.36572669798815,248.52912017971474,241.142109578341,246.58038330078125,18959368
2018-05-29,245.17556158466024,245.58344326887035,238.19643102248787,239.55599975585938,16107543
2018-05-30,236.1117598230563,242.90960319608095,235.6132623732327,242.13917541503906,19320209
2018-05-31,241.8672463738244,249.07294296730487,238.51363294457443,244.314453125,31935892
2018-06-01,244.04254813298112,244.54104552365197,239.82789127392502,241.73129272460938,16574717
2018-06-04,242.9095807093631,243.22681890283587,236.83683012743185,238.377685546875,12933824
2018-06-05,236.47427610341688,240.41703029444398,236.47427610341688,238.8761749267578,14102731
2018-06-06,238.37768703525364,245.99126542367262,237.6525948689254,244.85829162597656,18315171
2018-06-07,245.6740460682405,247.35085294951872,243.27214696502887,244.40512084960938,18773700
2018-06-08,243.77065842754578,248.25721816309036,242.00320820232014,247.4414825439453,14096549
2018-06-11,247.7133934478595,252.33593232431073,247.57744211688922,248.34786987304688,18219428
2018-06-12,248.3478634836605,257.7742002151751,248.3478634836605,256.36932373046875,31358021
2018-06-13,257.41164530365575,262.5326813066475,257.09440711009137,260.7652587890625,26748300
2018-06-14,259.7229114430773,259.7229114430773,254.96442132559972,256.1427307128906,18513730
2018-06-15,256.2786664896878,256.9131428643809,250.70444107957027,251.47486877441406,16949917
2018-06-18,251.97337590765954,253.5595392452078,249.6621203942867,250.93104553222656,13542420
2018-06-19,250.1606323922702,250.79510882847762,244.49576299932932,247.07894897460938,20726975
2018-06-20,247.62279363766686,249.02767024912305,245.7193918998418,247.71340942382812,14002946
2018-06-21,249.02763581742525,249.02763581742525,243.0002208647708,243.49871826171875,12954943
2018-06-22,243.81596183966968,248.07595439325894,240.8702299587071,247.48678588867188,20784133
2018-06-25,246.39915769595365,247.5774394322452,242.18450051861007,243.31747436523438,10934401
2018-06-26,242.22980184801403,245.81001017058247,240.5529950683238,242.36575317382812,16867009
2018-06-27,242.32045340173417,242.32045340173417,236.56494069188255,237.1994171142578,16277655
2018-06-28,236.02110593472082,237.47131798888924,231.76112704219094,232.93942260742188,21349738
2018-06-29,234.07240493806998,238.78558736984976,234.02709704681058,235.06942749023438,16244724
2018-07-02,234.70688489945192,237.24473537894437,230.22029717765756,234.61624145507812,21896701
2018-07-03,235.29599482309507,236.4742764633601,232.39557094791525,233.39259338378906,16099030
2018-07-04,231.806449797075,234.1630409380591,230.6734759466494,233.34730529785156,14206935
2018-07-05,233.75516633737118,234.4802862198086,231.262623791264,232.44093322753906,11215032
2018-07-06,232.12367455877535,236.3836393932699,231.6251633274208,233.12069702148438,16174019
2018-07-09,234.0270680167326,237.83384320665226,233.80047326755314,237.06341552734375,13220744
2018-07-10,239.1481232975526,240.87023799950478,237.83386258105284,239.05747985839844,11487165
2018-07-11,238.06045380219877,238.06045380219877,233.75515328120918,234.8428192138672,12857179
2018-07-12,236.927460113994,239.7372404873428,236.70086536873185,238.1510772705078,10642215
2018-07-13,237.5619716017618,237.83387427209587,232.75814569539506,233.6192169189453,11976239
2018-07-16,232.9394244283018,233.39261396999112,227.50114992803017,228.04498291015625,8965623
2018-07-17,227.2292432359178,235.52262050462096,227.00264845530157,234.79750061035156,16067598
2018-07-18,235.74921175168876,237.92451608090082,232.16900320741615,235.2506866455078,17641125
2018-07-19,235.11472390178727,238.8308835999575,232.2143274904181,235.83984375,9958284
2018-07-20,235.56791539341353,238.37769605005676,234.34429811352925,237.01812744140625,6120163
2018-07-23,237.47132315897431,242.4564081871207,236.20239795663602,241.41407775878906,17013119
2018-07-24,242.1845172838489,243.99727556393609,240.68896957437997,241.86727905273438,9320281
2018-07-25,242.90955964095568,247.30550309939198,240.7795635672298,246.3991241455078,13099277
2018-07-26,249.3448774441961,262.30608654845764,248.52914184681126,260.7652587890625,53496546
2018-07-27,262.396747831895,269.1945910399752,258.40868534858697,259.9042053222656,32175436
2018-07-30,262.12480747941726,271.5058076293701,262.12480747941726,269.5570983886719,40949610
2018-07-31,269.19460482491746,274.0890466532713,264.48142222843086,266.02227783203125,36510328
2018-08-01,266.9286401621868,270.1009669552858,261.3544143292689,267.47247314453125,33885474
2018-08-02,265.56903010898174,268.65071298087867,263.34839063602453,266.384765625,15665209
2018-08-03,267.01932048207226,271.86845478193277,266.92867702907984,271.2339782714844,18254462
2018-08-06,272.45756113047696,282.201136388902,272.45756113047696,279.6179504394531,31576923
2018-08-07,280.8415797744793,282.518386701926,274.6781850763641,275.5845642089844,23928622
2018-08-08,275.5845401267394,281.7932421747332,274.678161073324,279.7992248535156,20498279
2018-08-09,283.6513825620691,289.905393528884,281.1135041980948,287.68475341796875,46464355
2018-08-10,287.9112680687795,295.8420838849535,272.3668746011765,275.94708251953125,111510771
2018-08-13,268.2881959167345,274.4515623263,263.84694415156287,266.61138916015625,58127432
2018-08-14,268.92266704974566,270.96201985044496,265.8862917921615,267.2911682128906,25294933
2018-08-16,266.02227240946223,270.46352457687374,263.0765402618277,265.29718017578125,31083900
2018-08-17,267.381841364561,274.36097167793594,266.5207701332565,273.817138671875,21931134
2018-08-20,275.62986916271336,279.7992182420031,275.1766796467143,278.8475036621094,20240462
2018-08-21,279.4366434895424,279.93516855163296,274.95008389368434,278.25836181640625,14139592
2018-08-23,278.21307483216066,278.21307483216066,270.3728735162981,274.1343688964844,22721004
2018-08-24,272.45754556248517,277.0800842088718,271.0073335631589,272.32159423828125,18869585
2018-08-27,275.5392178622159,281.2947300832126,274.9047414937311,279.16473388671875,28111768
2018-08-28,279.2100547342383,281.2040997044787,274.9953976922006,276.7628479003906,16890236
2018-08-29,278.0771058377306,282.790288374843,277.12541881605205,280.70562744140625,24320824
2018-08-30,280.3430669885107,281.4307330597036,277.352026783476,279.7086181640625,19935935
2018-08-31,279.0741042659264,281.5666466561329,276.0377289130307,280.6149597167969,18100140
2018-09-03,283.2434454449614,283.2434454449614,276.2643158850005,277.6692199707031,14708076
2018-09-04,278.0770622546982,278.66623072486874,267.7896828766721,268.6507263183594,42859084
2018-09-05,268.74137424297777,270.8713704309649,263.2124567955938,268.78668212890625,22922686
2018-09-06,270.1009518766277,271.77775862004086,266.928625260627,268.6960754394531,18001336
2018-09-07,268.1975701593965,268.1975701593965,262.3514415606609,264.345458984375,23716678
2018-09-10,263.43905509219144,265.7956460625254,257.23035330935704,258.18206787109375,23354395
2018-09-11,260.4480312953703,264.1641910144516,255.28165953219704,256.1427307128906,28361400
2018-09-12,257.41165358643065,259.85888811782314,253.78613733873445,258.5899353027344,22717796
2018-09-14,262.9405894599557,264.4814173747832,261.6716642181872,263.4390869140625,15149585
2018-09-17,261.49035936508886,261.49035936508886,257.5022970247218,258.5899353027344,16089996
2018-09-18,258.318021043086,260.0401356512747,246.89763984381943,248.16656494140625,33901000
2018-09-19,249.61678190099877,256.36931680824824,245.17553014035164,246.0819091796875,40759431
2018-09-21,248.5291443999591,253.28763437082984,229.67644372859445,245.26617431640625,39308482
2018-09-24,247.1695893051594,247.4414919683993,238.01515494932116,239.601318359375,24633374
2018-09-25,239.28409072090992,247.39619501219974,236.383666435852,245.53810119628906,28948831
2018-09-26,248.34782716815042,248.34782716815042,238.1510641913559,239.14808654785156,23951904
2018-09-27,239.73726269233921,243.45342239093551,239.05747839358966,240.5076904296875,24829383
2018-09-28,241.4593971923446,247.8946946138716,237.92452408095536,240.64366149902344,33803139
2018-10-01,240.64362849593977,249.43551600612776,239.37470340696737,248.21189880371094,17711738
2018-10-03,247.7587341038068,252.60786785196086,245.26619156284397,246.26321411132812,19714943
2018-10-04,242.86428529131354,247.16958591672423,240.8249323634874,245.9459686279297,17754204
2018-10-05,245.6287139513701,245.6287139513701,232.033028677309,234.16302490234375,36628643
2018-10-08,235.4319648060839,243.36278171485478,234.1630396327794,240.8702392578125,21100804
2018-10-09,242.90961644297943,243.04556778575483,235.65858311632334,238.33241271972656,16010883
2018-10-10,237.10874928661804,254.19399877809212,236.74620322276147,252.5625,31772330
2018-10-11,242.909576815534,246.08190337842345,236.20237761466626,237.6072540283203,46291120
2018-10-12,241.09683276714307,242.8189474690953,237.0181269496538,239.05747985839844,42967696
2018-10-15,239.6466441319174,240.82495363503557,236.6556039711114,238.5590057373047,21965859
2018-10-16,239.82793329474197,245.4928030926124,238.69495933516788,244.99427795410156,33597068
2018-10-17,248.1212794467174,249.25425332546953,235.65856678044392,236.70089721679688,21631573
2018-10-19,235.38665345861764,239.4653592374967,233.93644142736187,236.65557861328125,28474307
2018-10-22,241.0968514323217,241.0968514323217,235.16007912478446,235.97581481933594,19933462
2018-10-23,233.84580141263027,234.752180487873,231.12666418690202,231.71580505371094,20206307
2018-10-24,235.8851511601782,237.2900276437166,229.13262990646456,231.76112365722656,25636533
2018-10-25,230.67346307981487,231.12665259470646,225.144545466039,226.1868896484375,33066232
2018-10-26,228.40753844433667,228.8607280047421,224.2381889565076,224.87266540527344,20543437
2018-10-29,226.59478840860567,244.04258711606832,225.14457623069126,242.8189697265625,37768359
2018-10-30,242.45643200847678,252.97043608748595,241.09686323085916,247.5774688720703,33401683
2018-10-31,249.25426326996833,256.2787015984856,243.45344231142104,255.05508422851562,28137370
2018-11-01,256.50526489610627,261.9435390635149,252.74379746241385,259.1337585449219,29144808
2018-11-02,260.9465708791123,265.3878235075369,256.68660515817385,258.63531494140625,27760214
2018-11-05,259.63229525128156,271.9137205659808,256.9584659348518,267.3365173339844,44619891
2018-11-06,268.37887767405294,270.37289525104853,257.32104073977024,259.63232421875,40688243
2018-11-07,261.8528966465722,261.8528966465722,259.1790951001644,259.722900390625,3312160
2018-11-09,260.13079408408265,260.5839836208145,256.00678036402047,256.73187255859375,19201007
2018-11-12,257.13979637175674,257.13979637175674,250.93109316832542,251.92811584472656,24044907
2018-11-13,250.43249830180844,253.51420892764756,247.75869693708344,252.01866149902344,25633628
2018-11-14,254.1486787740004,260.76526240109,251.973374597345,257.0491027832031,52674807
2018-11-15,257.27569606182243,260.17609239381653,254.82846158938048,258.6805725097656,18445463
2018-11-16,259.13375434795455,264.48138499386346,256.1427146685202,263.6656494140625,24805910
2018-11-19,266.0222598280319,266.0222598280319,259.2697246216916,261.1731262207031,13799970
2018-11-20,259.1337589986069,261.53565789465233,256.05207583044523,256.91314697265625,12900924
2018-11-21,256.9131742195449,262.4420647573949,256.55060044090254,260.1761169433594,16167419
2018-11-22,259.17913069417926,260.17612563727334,255.23637583390922,256.2333984375,12066797
2018-11-26,257.5023141805401,260.3574028837194,253.42360813014244,259.58697509765625,16846820
2018-11-27,257.95551294800805,263.30314442839597,257.4569878166477,262.3061218261719,21242956
2018-11-28,262.3061003218067,265.0705731131773,256.505279739652,257.91015625,19837609
2018-11-29,262.21546902025784,262.5327072451657,257.6382655167876,259.58697509765625,27919104
2018-11-30,261.76223005501686,263.66563138472696,256.68653005644387,258.0007629394531,17583510
2018-12-03,259.85887763406157,260.9465158681944,256.7318589323827,259.9494934082031,15772176
2018-12-04,260.9918504387978,260.9918504387978,255.50824075961864,256.0973815917969,11897307
2018-12-05,256.0067924454795,256.6865767826576,251.1123230894006,253.92210388183594,14893748
2018-12-06,251.97339551324612,253.10636941393517,249.34490159574662,249.84339904785156,11083451
2018-12-07,251.06698747061688,251.38422565836416,246.62573582363225,249.6167755126953,10165275
2018-12-10,245.62873537031666,250.52317696367788,244.85830760550635,248.52915954589844,11947887
2018-12-11,243.22681414212454,256.73185592990455,243.22681414212454,254.91909790039062,30927239
2018-12-12,257.18504816267597,259.0884496459344,255.78017173911218,258.54461669921875,21765939
2018-12-13,262.84995214336885,266.4754687246567,258.9978407757505,261.9435729980469,24097152
2018-12-14,261.49037097639155,263.57503184718723,260.17611021404525,262.1248474121094,12156361
2018-12-17,262.21544164589034,264.16417868381336,260.4026835905147,262.396728515625,12728014
2018-12-18,260.90124643259674,266.4754727279702,260.1308186153995,265.3424987792969,13606582
2018-12-19,267.1098831298858,273.72643828923765,267.1098831298858,272.54815673828125,26124125
2018-12-20,270.4181985136263,273.40923835219075,265.70501632992506,266.520751953125,19222232
2018-12-21,266.15821541642583,268.74140136638044,263.5750294664713,264.5720520019531,15777301
2018-12-24,266.0222615353951,267.3818301633443,262.98588606754294,265.6143798828125,12048877
2018-12-26,265.4331074720165,267.3818168764752,260.2667358783416,266.61138916015625,12684324
2018-12-27,268.9226554732435,269.73839102630916,264.20947369476636,264.7986145019531,15304564
2018-12-28,266.11292314312357,269.28525015824135,266.0675875894669,267.2005615234375,12876558
2018-12-31,269.3758802299027,270.3275672229859,267.8350246920112,268.19757080078125,9526067
2019-01-01,269.6477157705286,272.54813923965054,266.33943840325674,271.5511169433594,11837127
2019-01-02,271.09794718942373,274.1796300613207,265.6596735353149,266.384765625,25559853
2019-01-03,267.3818272071909,267.8803246343964,262.9405752704245,263.8469543457031,17548347
2019-01-04,264.75332920042143,271.00733918804684,264.2094962318249,269.7837219238281,19514041
2019-01-07,272.86542040782035,273.2733020721261,267.56312473481717,268.56011962890625,14579399
2019-01-08,268.10689824371485,277.35197514611554,267.1552113539789,276.7174987792969,22949961
2019-01-09,277.35197514611554,278.348997582334,272.5934853764518,276.7174987792969,21109911
2019-01-10,276.53626831667253,278.7115726196538,275.0860562278534,276.9441223144531,16295468
2019-01-11,276.8081181010371,277.5332378371688,272.77474848198233,274.4062194824219,12702551
2019-01-14,272.8201086259196,275.17669981392356,271.50584786900544,272.2762756347656,10372933
2019-01-15,273.7264789290105,275.1766909719915,272.9107432987381,273.40924072265625,9444374
2019-01-16,274.6328475050231,277.9411254494702,273.81711190591864,274.768798828125,12111480
2019-01-17,275.4485616552657,275.85644325330315,267.92562731750377,269.5570983886719,15974634
2019-01-18,270.7807467302892,271.7777692377966,266.7020409217995,267.3365173339844,9082501
2019-01-21,268.19754767721935,268.9679753797401,264.1641776165989,265.070556640625,10188647
2019-01-22,265.5690498450622,265.5690498450622,261.21844166265055,263.0765075683594,11297989
2019-01-23,263.25779443080165,265.5237419550451,258.7712072686027,259.81353759765625,10304608
2019-01-24,259.81356380420164,262.7592958828445,258.77123337001166,261.0824890136719,11532528
2019-01-25,262.48737554234356,263.75630066637177,256.6865552178622,258.6805725097656,11121223
2019-01-28,258.9071983907749,259.76826964656016,251.33892696420335,255.2363739013672,18905470
2019-01-29,254.69251740758074,259.22441273511777,250.6591195018752,254.32997131347656,17435611
2019-01-30,254.87379677889245,262.30608830087715,254.01272562782125,260.5386657714844,18908654
2019-01-31,262.8499251168351,267.20053350284735,261.03716701258105,266.158203125,25546487
2019-02-01,269.1039387469229,274.3609539178852,255.59889621651772,257.7742004394531,60015958
2019-02-04,255.96148963678345,258.4993680831993,251.8374751945439,257.36639404296875,20642919
2019-02-05,257.5929090076877,260.1307590069742,256.5052432019989,258.0007629394531,13291133
2019-02-06,259.08846463453045,262.62333750194,256.95846827195857,261.9888610839844,12149759
2019-02-07,262.30610536351554,266.475454745372,259.76825495394803,260.49334716796875,19733315
2019-02-08,258.8618801564981,261.0371844951923,255.7801967049734,259.22442626953125,19781908
2019-02-11,259.17914230925976,259.17914230925976,253.78617502576313,254.23936462402344,15420017
2019-02-12,254.37526534742724,255.78016941873878,248.93699125059075,249.6167755126953,15326106
2019-02-14,242.90959244809355,243.226830656897,238.96683793409466,242.09385681152344,26372671
2019-02-15,243.68004426603605,243.68004426603605,236.83686496770616,238.33241271972656,23366091
2019-02-18,239.64662100484475,240.64364351572814,234.57089267166089,235.61325073242188,14781744
2019-02-19,236.4743053701754,242.45641305618406,235.93047236953905,238.2870635986328,19064306
2019-02-20,239.73728621451406,243.18151593524982,239.55599931952938,242.63771057128906,15514595
2019-02-21,244.99425247945797,245.62872889504504,242.2751152592176,242.9095916748047,13760702
2019-02-22,242.81896213019476,246.4444786313115,242.5470594568093,245.58343505859375,12536918
2019-02-25,245.9006219877583,245.99126542367262,242.8189387901236,244.85829162597656,20793897
2019-02-26,241.82193175570413,243.0908846185373,238.60429702900757,241.41407775878906,15274303
2019-02-27,242.90959966842846,247.16959251785642,241.59533890453184,242.5923614501953,20571652
2019-02-28,242.6377078915272,245.4474611092815,242.5923723380334,243.86129760742188,31636468
2019-03-01,245.22081704497958,248.89166843647703,244.81296310847372,247.39614868164062,20024726
2019-03-05,246.2631812669428,251.8374064921021,245.80999177448282,250.5684814453125,21533972
2019-03-06,251.3388908088975,256.09738065683746,250.56849077143457,252.0640106201172,22161376
2019-03-07,253.2876838310601,256.0521293849996,251.65618464044942,255.37234497070312,14899105
2019-03-08,255.46293539365598,257.6382395357378,253.4235825741119,254.87379455566406,19943319
2019-03-11,258.5899348941484,261.9435484821661,256.9584636494605,260.4480285644531,22931245
2019-03-12,262.1248496821571,262.7592984628743,258.99783068838786,260.0401611328125,20828136
2019-03-13,261.12781388066315,266.83799091988783,258.046130595042,265.70501708984375,23725641
2019-03-14,266.92864317841156,267.1099300614064,263.52972157597003,264.5720520019531,16164017
2019-03-15,265.20654351426344,273.0920254840792,265.11590006761116,270.4635314941406,37928480
2019-03-18,270.916700582666,272.7294587366624,267.0645895054236,270.9620361328125,23782967
2019-03-19,272.04969811859064,277.89585473850127,271.1433189626663,274.6781921386719,27218691
2019-03-20,274.4515616358491,276.1283683882089,271.9590192814068,275.3579406738281,18820555
2019-03-22,275.8111399395087,277.71454151862616,269.1492759033386,270.1462707519531,17865957
2019-03-25,266.4754638671875,267.7897246681458,264.84399249954595,266.4754638671875,16895511
2019-03-26,267.15524236688503,276.4456282337572,267.15524236688503,275.0860595703125,18303791
2019-03-27,276.6721970720122,281.74792513843755,275.8564614825225,279.88983154296875,35956450
2019-03-28,281.0681501647551,307.8516401450433,280.1164355618021,289.1349182128906,63244736
2019-04-01,291.6727728159401,296.975095892162,290.9929885154115,292.5338439941406,22372357
2019-04-02,293.3495966448338,300.0114887086816,291.9447200730851,298.19873046875,27897583
2019-04-03,300.01145604173774,301.3257166867823,289.58809729708526,290.4944763183594,30552104
2019-04-04,291.400887854819,295.2529991250616,288.5004635989087,291.67279052734375,27832294
2019-04-05,293.39490487303175,293.39490487303175,285.50939619951464,287.3674621582031,23117232
2019-04-08,288.45515818311134,289.36153731330177,281.97455293434876,283.515380859375,17394139
2019-04-09,284.55771421964226,286.1438775594162,279.2553912374421,285.2828063964844,25556039
2019-04-10,285.37348265436924,287.3675002002627,280.9775382178932,281.79327392578125,19237974
2019-04-11,281.8838893835168,285.87195173980217,279.79922859696813,285.41876220703125,14897935
2019-04-12,285.1468515875916,286.7783227958033,282.06516838291753,285.7359924316406,14751964
2019-04-15,285.96257922265465,288.86300313475175,284.37641594645925,286.05322265625,13864791
2019-04-16,286.95963677343923,289.4974872615964,285.23752196644,286.189208984375,14940726
2019-04-18,286.2345015883239,286.2345015883239,279.21006373823826,281.7026062011719,15691168
2019-04-22,279.88985328046203,283.06218011079335,277.669241095527,281.0228271484375,15665440
2019-04-23,281.02278816103205,284.3764014091773,276.0830393782668,276.67218017578125,17324274
2019-04-24,277.216035819285,282.7449535133972,275.1766829726407,281.65728759765625,15228591
2019-04-25,281.8839033435982,282.7902824540278,276.80817479309354,277.5332946777344,30842477
2019-04-26,278.16774073743227,284.14984833984374,277.8958380711615,283.24346923828125,14987906
2019-04-30,282.7902558789781,282.7902558789781,276.44560270220614,280.93218994140625,18178758
2019-05-02,279.2100767707709,282.24645235398884,277.0347724155014,279.30072021484375,16640100
2019-05-03,280.0711294850995,282.60897978840455,279.88984260893756,280.9775085449219,12452689
2019-05-06,278.0770931709995,281.2494199794193,277.2613575237905,279.84454345703125,10639216
2019-05-07,281.6120060455081,284.05921309404334,275.31266004368473,276.853515625,15219845
2019-05-08,275.4939477918709,276.7175374897033,268.96800698778355,270.32757568359375,22103678
2019-05-09,269.7384080668217,272.820091273359,268.3788395056588,271.27923583984375,12654440
2019-05-10,273.54518348450415,281.65728696490714,265.0705615803263,279.2100524902344,60739833
2019-05-13,280.97750519340775,284.7843082634513,276.7175125988587,278.167724609375,40101505
2019-05-14,279.02880257017216,287.0955707708615,276.5362601246477,285.1921691894531,30521436
2019-05-15,286.5970802229346,288.1379080844804,281.8838978759238,282.88092041015625,27932459
2019-05-16,283.2434768253909,287.41282633635984,280.56964733996097,286.189208984375,18147559
2019-05-17,286.0985109503574,291.80871494991317,284.1044938502747,289.3614807128906,25838962
2019-05-20,300.9178681431732,313.4258889475767,300.01148902226004,312.42889404296875,53207071
2019-05-21,313.516512908909,315.01203283338054,304.7699604677331,305.9482421875,33457162
2019-05-22,307.1718789394999,310.5254927553798,302.32274510429346,309.1659240722656,32002499
2019-05-23,319.9517849036984,329.9219538383746,307.44376584984684,310.16290283203125,74413322
2019-05-24,312.6554805509573,323.57733760479226,311.34121979620767,322.0818176269531,35703403
2019-05-27,321.80989798549086,328.5624335460142,320.8582109663146,327.83734130859375,31374994
2019-05-28,327.15749903812576,327.8372832630335,323.26005288569354,326.34173583984375,23501608
2019-05-29,324.4837137315449,325.39009282018054,314.64949508774976,316.0090637207031,28370210
2019-05-30,317.006057702782,321.76454748960003,314.9667049370028,320.4502868652344,25712604
2019-05-31,321.17540286663683,324.39303723926133,312.3835155384496,319.49859619140625,32588069
2019-06-03,319.3626741557712,323.0788339133761,316.9154395772158,322.1724548339844,18380919
2019-06-04,320.8582015949332,323.7586257808933,318.5016104014025,319.4079895019531,18130636
2019-06-06,316.3262925200047,316.8701254891006,304.45272128013494,305.3591003417969,41941144
2019-06-07,305.44977389065633,310.6614540089687,304.54339473964546,310.0269775390625,29739710
2019-06-10,313.6071395712577,314.7854212279932,308.3048167949631,312.0662841796875,20500542
2019-06-11,312.7460932848163,315.69182532114235,310.7520758872924,314.60418701171875,16281297
2019-06-12,314.46820164327835,314.46820164327835,310.253517211404,311.79437255859375,11564970
2019-06-13,310.88800665344854,314.9214043928872,307.9875826991901,314.0603332519531,15509948
2019-06-14,313.15395355327416,313.92438125764556,310.48012436177703,311.61309814453125,10347594
2019-06-17,311.56781548161183,311.56781548161183,305.4044486686463,306.2201843261719,13779496
2019-06-18,304.0901589175678,311.7943805294883,302.5493035309868,308.21417236328125,21957480
2019-06-19,310.978636581205,312.8820379897333,304.09015073440776,307.12652587890625,16416903
2019-06-20,309.07526334287513,313.83375346765547,304.1808218894856,312.83673095703125,20626861
2019-06-21,312.51952361871497,317.8671827965011,311.0240035353074,316.6888732910156,24749090
2019-06-24,317.23272365573615,321.5380249053497,316.91548539998075,320.1331481933594,17919504
2019-06-25,319.6799266283776,323.57734577945007,318.3656658404253,323.1694641113281,15922634
2019-06-26,322.44432486791123,325.3900565778781,321.1300642715755,324.61962890625,15835579
2019-06-27,324.574354013606,329.0156059725973,323.803926263665,328.24517822265625,29658120
2019-06-28,328.29051455143826,330.82836491673874,325.1181877645654,327.429443359375,22708464
2019-07-01,328.83426761772813,329.0155544695107,324.93684924881427,327.7012939453125,12348793
2019-07-02,328.2451866809202,330.82837265705376,326.6137153594122,330.37518310546875,14482172
2019-07-03,331.05493093308945,332.36919155198296,329.0155781758014,331.87066650390625,12626285
2019-07-04,332.8676802769474,336.1759580205765,331.9159934125101,333.0036315917969,19252646
2019-07-05,334.8617331325023,338.623200456226,331.73471451346546,335.9493713378906,30019347
2019-07-08,333.54749361604536,333.95537525667555,320.4049972643262,322.0364685058594,27247892
2019-07-09,320.4049575232664,326.29642067433065,319.4985785769488,325.8432312011719,16579914
2019-07-10,326.79494386421936,327.6560149954861,318.410937948014,321.0394592285156,18681819
2019-07-11,324.93690658983047,329.9219916281682,323.5773379430111,329.1968994140625,20048321
2019-07-12,329.01558477965193,332.2332192415369,327.6560162475046,329.5594177246094,14661748
2019-07-15,330.0125872506401,330.82832278843114,324.12112396810636,326.34173583984375,15665939
2019-07-16,324.9368740535761,331.7347166069982,324.16644636542316,330.23919677734375,16251836
2019-07-17,329.96728237240075,338.5778833548144,329.06090332162034,337.5355529785156,17545177
2019-07-18,337.1276990469011,338.80447816267355,328.607713840035,329.604736328125,21691056
2019-07-19,330.9190461091629,331.78008973896186,321.9005621505739,322.6709899902344,22213173
2019-07-22,322.67095962624944,325.8885943673132,316.0544032599092,318.00311279296875,19682038
2019-07-23,318.3203137785845,319.9517849036984,309.0752369749608,310.16290283203125,27956145
2019-07-24,309.8456576220086,312.428843228573,304.76992983832787,307.8063049316406,20823143
2019-07-25,309.7097111746608,311.0692796562695,305.81226493108755,309.3471374511719,19857643
2019-07-26,308.89398321727487,313.7431168873018,308.6220805541123,310.5254821777344,16139052
2019-07-29,311.749077126856,314.1056404665906,305.2684449611075,311.61309814453125,17060483
2019-07-30,312.1569536778558,314.24164218525283,295.343632589485,296.88446044921875,24437235
2019-07-31,294.66382452850934,302.00550011250243,293.57615864180946,301.09912109375,22741445
2019-08-01,299.83019923141194,300.46467567410747,282.2011420966039,287.4581298828125,40853304
2019-08-02,286.0078698069373,292.08061990404946,278.3036486457754,279.5726013183594,64472348
2019-08-05,270.5088485380965,274.49691097344663,264.39078972439637,272.14031982421875,48815899
2019-08-06,270.8260565777017,275.76583360123124,269.42118007548396,273.1826477050781,30442970
2019-08-07,274.0890471418312,274.13438269525096,261.7622852725446,262.7593078613281,30820114
2019-08-08,262.84990940110384,267.8349938897455,258.8618473422889,266.79266357421875,32929233
2019-08-09,268.56007612379454,270.100931427679,262.8952075955295,264.0735168457031,23377581
2019-08-13,263.6656605400128,264.25480139136846,256.05208203977827,256.822509765625,24231272
2019-08-14,258.363329067087,263.9828900657305,257.86483166935733,262.6233215332031,18523649
2019-08-16,260.99184792135424,265.3877640070851,257.68354239470153,263.6656494140625,20047399
2019-08-19,264.662689221481,265.0252353184527,259.22441478542316,259.9948425292969,19831459
2019-08-20,260.4026823459211,260.4933257803552,254.37526737270363,257.1397399902344,23204417
2019-08-21,258.77124192354034,258.8618853687476,250.43254285339953,251.4295654296875,28226325
2019-08-22,252.24526091556302,252.24526091556302,242.27509206260808,243.40806579589844,27728925
2019-08-23,242.09385926836333,249.48084328306544,238.10579682427516,245.71937561035156,35212444
2019-08-26,261.0371837395555,261.0371837395555,244.72235975583325,253.96743774414062,64066440
2019-08-27,257.41159847371523,261.03711394517603,256.14267359080156,258.95245361328125,45164811
2019-08-28,259.81358052120646,259.81358052120646,255.78020985799918,258.2274169921875,18979998
2019-08-29,256.6865806616198,257.68357557615093,247.71340514687253,248.8010711669922,27083514
2019-08-30,250.1153002674157,251.92805829751694,241.86724569835658,248.21189880371094,45702652
2019-09-03,246.53509527249275,246.53509527249275,241.95789225166746,243.27212524414062,21241863
2019-09-04,244.45046779063986,250.02469403038933,242.22982780920069,249.34490966796875,27309675
2019-09-05,249.25426503551898,250.47788241415626,245.6740563462648,247.71340942382812,25085139
2019-09-06,249.29957673407313,251.06702715913943,246.62577481008435,248.30258178710938,16675146
2019-09-09,248.30254936101343,252.6078498060212,245.62872012570605,251.97337341308594,18616889
2019-09-11,252.42655828477626,259.0884496459344,252.42655828477626,258.54461669921875,20999669
2019-09-12,259.9042142698734,261.76228041318427,257.54762301117734,260.1761169433594,21964832
2019-09-13,258.31802694292975,265.11586975721735,255.59888981721468,264.3907775878906,27303181
2019-09-16,261.2184385568139,263.2577913044141,257.2303488331132,258.0461120605469,18267680
2019-09-17,258.31806043449365,259.6323212798503,247.44151052146233,248.30258178710938,21533362
2019-09-18,251.24825508989574,256.4599340334303,248.71037744283691,254.14865112304688,25478758
2019-09-19,253.74080068777383,253.74080068777383,247.48676374101126,248.3931427001953,23387797
2019-09-20,248.80103910478,278.84749785801284,243.2721215925753,273.4545593261719,84481749
2019-09-23,278.7569029204874,286.41581797808766,272.27629738124716,284.37646484375,54178171
2019-09-24,283.83261327037945,285.64537149361104,272.63882570982565,274.27032470703125,40096711
2019-09-25,269.1945747423129,269.6477642620811,252.60784938299395,254.01272583007812,73063465
2019-09-26,255.1457134470397,262.759292259364,251.06700754824155,255.46295166015625,79005946
2019-09-27,256.2333631020268,259.2697107271759,253.7861286543767,254.87379455566406,37851718
2019-09-30,255.05505684750173,255.46293848053634,244.85829262656887,245.4474334716797,41094131
2019-10-01,247.21488758543833,249.7074299900578,222.56138002216076,231.9877166748047,79350077
2019-10-03,230.22028036306972,236.29303110613557,226.68540757463313,230.35623168945312,56207921
2019-10-04,234.29896626052462,236.1117242199871,225.28049817824797,226.54942321777344,60029186
2019-10-07,227.95434176550373,229.67645650916802,223.73968451744526,225.77903747558594,39160623
2019-10-09,226.68541925898572,237.47132505575496,221.47373941520482,236.51963806152344,60328507
2019-10-10,233.8457965892598,233.8457965892598,228.95135521600193,230.35623168945312,37577511
2019-10-11,232.21432954482393,236.92748412768142,227.95433683792936,230.7187957763672,43272106
2019-10-14,232.89412842313342,235.1147406944342,230.22029892652074,231.5345458984375,28265136
2019-10-15,232.44091926172982,235.56791039903277,230.94538552577347,234.25367736816406,23444973
2019-10-16,235.02408591102792,237.42601261707244,231.12666690583328,232.07835388183594,30892295
2019-10-17,232.3956101917702,241.09685562616733,231.67051793077744,240.59835815429688,37061013
2019-10-18,239.6466305343712,245.94597639683695,238.55899220147106,244.40512084960938,33203721
2019-10-22,245.08490892391404,249.25425841495422,243.3627941251462,245.17555236816406,27574295
2019-10-23,245.4021319621234,251.79209330912795,243.49873039264529,249.66212463378906,31789622
2019-10-24,250.1606166294643,251.65613652286785,225.37114419585893,237.92449951171875,63943183
2019-10-25,240.91558275229198,257.54764677398015,238.87622953149776,255.19105529785156,105518180
2019-10-27,258.2727186449243,258.2727186449243,254.0127260905378,255.4176025390625,12183625
2019-10-29,256.6412068867783,258.3180135595262,252.47185797792972,254.37525939941406,51033578
2019-10-30,256.5052973105897,263.75633045011165,253.10637552643874,262.7593078613281,51469048
2019-10-31,265.8862635171973,288.0472116651874,265.3424306294114,283.15277099609375,128449327
2019-11-01,283.15279905825935,285.5093900318909,279.70856986175414,284.19512939453125,44894016
2019-11-04,286.4157638104426,289.134900808643,283.1074859947305,284.8749084472656,31535656
2019-11-05,284.51236725157685,291.85404280453474,283.5153448030654,289.3161926269531,50080853
2019-11-06,289.0896009561751,289.0896009561751,284.6030137202731,287.8206481933594,32157080
2019-11-07,288.4551453942245,293.032348734554,287.14088464951874,288.364501953125,33926772
2019-11-08,286.5970888902032,290.9476976032498,285.0562333215641,286.4158020019531,25423362
2019-11-11,285.2375045243741,289.724064326641,283.78729247960837,288.45513916015625,20491942
2019-11-13,286.46106235584745,288.7723453252511,277.0347266015401,278.0770568847656,32675829
2019-11-14,278.2130609091761,280.52431642619615,271.64181278610687,277.35198974609375,43617772
2019-11-15,282.7902801464426,293.39492671613226,281.0228298313293,291.763427734375,95199897
2019-11-18,293.6668263418417,298.9691495717795,293.4402315684298,294.6638488769531,39009263
2019-11-19,295.29830194363353,300.7365765846617,291.9447158446299,299.4676513671875,41372145
2019-11-20,300.91784960959217,301.37103914213674,294.6638395925759,298.0174255371094,29972583
2019-11-21,298.4253336141792,301.6883040696225,295.97809885747256,300.3287353515625,34116162
2019-11-22,300.4193486677677,302.5493173173737,297.51892462927117,298.4706115722656,28974967
2019-11-25,298.1987059312242,305.9029278169853,297.6095650838235,304.6340026855469,27561300
2019-11-26,306.3561271292264,308.1688852779201,301.46168565985244,304.0901794433594,36464072
2019-11-27,304.4980764602037,313.1992938847218,302.7759340036262,311.38653564453125,33971305
2019-11-28,314.3775630852124,318.139030419902,312.2475668936075,316.5981750488281,42538227
2019-11-29,316.1903568712346,316.1903568712346,308.71272924174383,309.845703125,23081823
2019-12-02,311.70376779288716,312.11164945317773,304.72466530048865,306.809326171875,20648850
2019-12-03,309.0752590250348,310.842709253745,302.1414647578916,304.76995849609375,26482178
2019-12-04,302.82126504881165,310.8427256743645,300.7819120589505,309.845703125,26789483
2019-12-05,310.88800621098954,312.3382181860548,303.7729253180855,304.7246398925781,30429507
2019-12-06,305.177831184055,306.03887466828746,288.22853221893314,290.0412902832031,47027528
2019-12-09,289.0895846236984,296.97506509580836,285.2827818713066,287.05023193359375,52435239
2019-12-10,287.5034612741451,292.4432107675209,283.0168736697856,284.0592041015625,52155809
2019-12-11,282.065196379467,286.1892103576352,279.16477209865917,283.515380859375,52557951
2019-12-12,284.6029981279834,292.71510101780234,284.1951165250685,291.71807861328125,37804216
2019-12-13,294.75445738051235,302.2320840167657,294.57317051907324,301.41632080078125,40955226
2019-12-16,304.49808137114263,305.67636318207155,299.8302066989721,300.78192138671875,35027613
2019-12-17,302.05081974396586,304.31676737895435,299.6942286714791,301.73358154296875,26734601
2019-12-18,303.6369773905777,304.13547479672326,295.298279186102,296.34063720703125,26449075
2019-12-19,296.703191505935,298.74254439562844,294.1200056468913,297.42828369140625,27516289
2019-12-20,299.42234107930034,307.7157043083846,299.42234107930034,306.2201843261719,51839714
2019-12-23,304.27146301695996,307.12655153803723,299.4223294897844,301.2803955078125,30150335
2019-12-24,302.00550535134727,302.91188438582253,298.3799892134463,300.4193420410156,21747782
2019-12-26,301.8242353142542,302.23211696671456,297.382983329717,298.9691467285156,24616942
2019-12-27,302.18679590719034,306.67338365742495,301.82424978789265,305.6763610839844,33477173
2019-12-30,306.1295149064774,306.22015834084283,301.3710250374648,303.0931396484375,22775554
2019-12-31,303.09313863339776,304.8605887858804,301.416331914977,302.5039978027344,23801635
2020-01-01,303.36511407573465,304.4980880188611,301.0538306354587,303.1385192871094,17379320
2020-01-02,303.18381512373156,308.0329489395735,302.1414846696056,307.534423828125,20324236
2020-01-03,306.3107898961737,306.3107898961737,300.9178238562402,302.45867919921875,21853208
2020-01-06,300.6459432623662,300.6459432623662,287.9566365069415,289.1349182128906,35645325
2020-01-07,294.07467393073466,296.385929287588,285.8719274871838,288.591064453125,50966826
2020-01-08,282.88088383528265,291.4008406743793,281.8838614299595,289.8599853515625,44527485
2020-01-09,296.29530945606115,300.37401522983515,294.5731947725664,299.286376953125,40348407
2020-01-10,300.01146588350616,306.31081135220614,297.3829721676829,301.1444396972656,42377838
2020-01-13,302.7306444279101,304.04490529576304,298.2440564477885,299.784912109375,23615129
2020-01-14,298.92379910381305,300.64594142420054,295.93275930823347,297.2923278808594,26296117
2020-01-15,298.1987334805079,298.38002037053025,292.1713178039585,293.8934326171875,32625740
2020-01-16,293.6668250597939,296.29531888779803,292.17130509390313,293.0323486328125,26653623
2020-01-17,283.69668080071983,293.2136621055363,281.0681867343461,288.22857666015625,58396326
2020-01-20,290.9476808195661,291.35556246435186,284.059194370867,284.60302734375,30682902
2020-01-21,284.4217314982013,287.2768476006926,282.79026029148616,284.33111572265625,30591772
2020-01-22,287.3221856088501,287.3221856088501,284.3311455294863,286.5517578125,24994911
2020-01-23,286.415801230863,294.39192640347363,284.73899433079845,292.9417419433594,33293610
2020-01-24,293.21359979356725,296.6578288505935,291.0836036601865,293.71209716796875,22706879
2020-01-27,290.8570414995215,291.8540640205103,286.23450265529647,286.5970764160156,23309355
2020-01-28,288.18322237725965,290.04128831633915,281.92918496954445,285.60003662109375,26488426
2020-01-29,288.09259460687383,289.7694014282234,286.00790613745477,286.82366943359375,23914114
2020-01-30,287.09558204297446,287.09558204297446,277.0347684266544,281.61199951171875,35802330
2020-01-31,284.33114323803306,291.58217625489846,279.7086041576822,288.6364440917969,92656638
2020-02-03,274.63284098786045,278.12240572062973,267.6990470692753,270.19158935546875,56060158
2020-02-04,274.5422074282808,278.75686445896116,269.2852200270764,277.5785827636719,51141567
2020-02-05,278.1676909147531,284.2857487544932,276.0830304187414,281.88385009765625,35014841
2020-02-06,282.065171546177,293.2136228018008,281.0681490586471,291.8087463378906,57757656
2020-02-07,291.4009273040892,294.5732546619875,288.59114611213647,290.53985595703125,37126803
2020-02-10,289.86001389793574,292.57915109270243,286.8689740478899,288.6817321777344,24816396
2020-02-11,290.9929719582071,295.29827228325433,290.9929719582071,293.9840393066406,30188757
2020-02-12,299.0144557773891,299.0144557773891,289.3615240165325,290.22259521484375,38930849
2020-02-13,291.85404648438816,299.96614983440907,291.85404648438816,296.7938232421875,62516057
2020-02-14,297.38300729808685,300.82723703459146,288.72706974212656,289.49749755859375,48205947
2020-02-17,290.90239137206646,291.0836506008557,282.47304890923783,284.7843322753906,36950692
2020-02-18,285.8719388225962,289.31619571232187,280.433664675075,287.8206481933594,38588583
2020-02-19,292.1260043823534,293.66686008278947,287.54880049773135,290.35858154296875,39846727
2020-02-20,289.45216241657675,298.38000181531754,288.9083294408246,296.97509765625,40150409
2020-02-24,295.2529686245857,300.28336117010906,291.71809594444824,292.7151184082031,45273936
2020-02-25,295.38894573147627,297.42829872424414,292.03535962855517,296.2046813964844,39050709
2020-02-26,294.437287489963,299.8302271123784,293.84814654438793,297.4736633300781,43915281
2020-02-27,297.2923285285646,299.10508662934853,288.228538024645,291.8087463378906,47010040
2020-02-28,282.7902227722772,285.1921213759054,272.91069808572826,274.6328125,59705346
2020-03-02,281.8838994075194,282.79027850529275,257.456971658329,260.49334716796875,66711413
2020-03-03,265.56904705876775,266.8379721269502,258.58991769302656,262.7139587402344,61949382
2020-03-04,264.48139920524073,265.56906514374714,249.34488546740536,258.5899353027344,73675736
2020-03-05,263.6656606375422,270.46350352606856,244.72234398694758,261.4903564453125,149245973
2020-03-06,242.90960456439174,248.71042540994972,230.1749751411418,245.17555236816406,106043172
2020-03-09,235.7038804267555,238.1511151288141,227.63711174516692,229.72178649902344,101286241
2020-03-11,229.31390789717955,234.29899285146607,220.3407605115627,222.1535186767578,90845604
2020-03-12,210.1893026505019,210.1893026505019,189.0706811978622,192.69619750976562,99767083
2020-03-13,181.275826446281,225.50713086522316,167.36290123442973,219.34375,155701316
2020-03-16,206.5637717501169,209.73609829898814,199.94721601238243,202.43975830078125,75583409
2020-03-17,205.929332676966,208.37655352753677,192.19769458247316,195.00746154785156,65403057
2020-03-18,200.30979738355725,202.2585070748725,181.36647818571848,195.05279541015625,101356399
2020-03-19,183.94962860662127,199.17679967550816,179.59900632547544,184.58409118652344,93533467
2020-03-20,186.30621122793283,195.50595279331966,181.27580487655905,190.20364379882812,77391650
2020-03-23,172.21202859712076,180.82263002697678,163.37483239279481,164.59844970703125,61750037
2020-03-24,173.07308290347368,173.97946198527268,157.3020924122696,166.04864501953125,67491360
2020-03-25,161.3354780275841,176.97051733081906,159.9305876719686,172.1213836669922,71567553
2020-03-26,173.61692241196016,182.18220229093203,167.77077988061413,174.70457458496094,107260359
2020-03-27,183.0885610163514,192.06170773208402,176.74390791182438,177.60496520996094,114740377
2020-03-30,172.2120019809485,176.7438967699208,168.81308088921924,169.4022216796875,60081554
2020-03-31,174.02480132568914,179.91626595390258,170.44460635613223,178.42074584960938,59543412
2020-04-01,175.83754342579317,176.290732970705,167.906726389836,169.08502197265625,52954239
2020-04-03,169.99140537741522,170.58054626865598,158.61634474534256,159.0695343017578,64448494
2020-04-07,167.13629278706046,169.76480035378538,160.97292625597441,168.9490509033203,72130500
2020-04-08,165.7767119154848,176.20007031158764,163.5560861536686,165.8673553466797,80435759
2020-04-09,170.39926322195407,172.21202134133654,166.41120089141134,170.17266845703125,62416005
2020-04-13,169.31161028903983,171.0337249619394,165.9580105506188,166.320556640625,51847146
2020-04-15,169.49287025050856,173.97944346167876,163.28416866912693,165.27821350097656,72190004
2020-04-16,164.96098380253233,172.1213726223019,163.37482049673875,170.85244750976562,61165773
2020-04-17,177.6503031386441,179.46306133393637,168.858428657526,175.1577606201172,89851063
2020-04-20,175.83753487723214,178.87391021262323,172.25734041253372,174.47796630859375,81958510
2020-04-21,170.39926903173628,170.58054208380568,165.86737357876459,167.4535369873047,53042420
2020-04-22,168.1332967645302,171.7588125977276,164.371829619686,171.03370666503906,61503413
2020-04-23,170.17264792954902,172.12135714071874,167.81605712652242,169.220947265625,50955312
2020-04-24,166.77372612243568,166.77372612243568,162.24183139084775,162.92161560058594,65137305
2020-04-27,166.32056519602526,166.32056519602526,163.60142789036817,163.96397399902344,42996571
2020-04-28,164.96099487634214,167.99737036907706,164.23588883611092,167.04566955566406,49590230
2020-04-29,167.68011952423402,173.84349965657947,166.32055098755103,172.3026580810547,57470466
2020-04-30,175.38435952494464,177.55966387842625,171.94011610672564,172.66522216796875,63063889
2020-05-04,165.36886779096406,166.320568633664,161.33548347025717,162.1059112548828,58118177
2020-05-05,164.05461482570504,164.28120959756376,152.99679272504952,154.44699096679688,91050439
2020-05-06,155.126759301522,157.0754824369017,150.95742422698677,155.08145141601562,73156432
2020-05-07,154.85487989529608,156.39572165027332,152.99679991271412,154.7642364501953,42942399
2020-05-08,156.3050665124264,157.52868377851152,150.54956776552777,151.04806518554688,55932236
2020-05-11,152.22636644168594,153.0874238170318,149.55255087392882,149.96041870117188,54591827
2020-05-12,148.82745254142185,152.72488562307518,145.7910907099725,151.27467346191406,70752542
2020-05-13,161.83398215117188,161.83398215117188,154.53762803227886,157.80059814453125,81720683
2020-05-14,154.94550138316924,155.67060741519924,151.81849631467756,152.2263641357422,48136531
2020-05-15,152.22636249672914,152.49827898459358,149.2806305103997,150.82147216796875,35495540
2020-05-18,150.82148116126433,150.82148116126433,140.48876464826526,140.76068115234375,77349435
2020-05-19,142.7546991926523,143.0719373896235,138.1321605438392,138.49472045898438,71522334
2020-05-20,138.67598238654233,140.71533506869739,136.99917576022779,139.0385284423828,66168767
2020-05-21,139.26516136310568,141.53110940891116,137.3164515758127,137.7243194580078,61147471
2020-05-22,137.76960999608946,141.03257997546373,135.4583407465532,136.72727966308594,87064198
2020-05-26,138.1321633627476,138.85726937758884,136.13813219461943,137.2257843017578,48275988
2020-05-27,137.72429520460872,145.74575540627197,136.68196481919344,143.75172424316406,88195120
2020-05-28,144.52213394672327,147.19594932619094,142.02959160768205,143.38916015625,76968678
2020-05-29,141.4857610128933,146.74274791018718,140.67001165175625,146.1989288330078,58363280
2020-06-01,148.64616470500826,155.3533641656965,148.05702385260543,154.1297607421875,92740893
2020-06-02,153.99379695275806,155.2627359364789,151.5465762537744,154.31103515625,70419104
2020-06-03,156.35039153757475,163.05759120766746,155.8972019968861,158.52569580078125,113168889
2020-06-04,158.52567811730955,161.01822031305497,155.44399511648624,157.75526428222656,83494674
2020-06-05,160.0212371703771,172.03076056803974,159.52272588593397,170.21800231933594,201321234
2020-06-08,178.55667884456335,179.00986838477797,168.40523590980513,169.31161499023438,151741826
2020-06-09,170.1273574964893,173.11841134866768,166.18461663564997,167.18162536621094,96654191
2020-06-10,167.27224629258708,171.30563005427072,166.59246204633996,170.12733459472656,67333317
2020-06-11,170.39926675120515,172.57457100741954,159.8399560192001,160.56504821777344,91726802
2020-06-12,154.08444451788273,163.1482353718758,153.9031714668523,162.3778076171875,92758901
2020-06-15,161.1995309371927,161.1995309371927,155.8972075888451,157.43804931640625,63613412
2020-06-16,161.33547521201245,162.19653256647658,153.54060964158043,156.7129364013672,63925976
2020-06-17,154.9908186113293,159.70398693755428,153.40465526296774,156.7582550048828,73866905
2020-06-18,156.25974542475007,163.73737271821875,155.08146370331013,162.83099365234375,58261857
2020-06-19,163.420154515327,167.63481179872517,162.69504846919196,167.22694396972656,76895151
2020-06-22,167.68011407428617,173.7981722905101,167.00032982803904,170.12733459472656,80023958
2020-06-23,171.8494756766858,175.0218023934899,170.26331231828377,174.43264770507812,65487085
2020-06-24,176.56262878537507,176.65325838559485,166.6830895652017,167.31756591796875,74668987
2020-06-25,165.14227909545505,169.31162873602267,163.51079385217867,167.90673828125,73620385
2020-06-26,170.3992489303556,170.94308185265717,166.5924599649819,167.31756591796875,49176958
2020-06-29,165.86736626405596,165.95800970121698,161.7886605362513,162.46844482421875,50966428
2020-06-30,164.14522910350288,165.77670010683062,160.65566470475719,161.74331665039062,43613239
2020-07-01,162.6497071972381,168.04265942857847,161.87929335290136,167.49884033203125,54012853
2020-07-02,168.26927048627618,170.39926685405067,166.77375053800705,168.08799743652344,52127276
2020-07-03,169.17562403753553,169.3569108901802,166.22989247524617,167.40818786621094,38048810
2020-07-06,169.13034838625128,172.07608050991686,168.7224667203148,170.44459533691406,43773740
2020-07-07,169.4928879158647,171.48691912529603,166.81907239661038,170.94309997558594,55124494
2020-07-08,171.2150057772165,178.9645498174568,170.7618162290182,173.93414306640625,143063102
2020-07-09,174.74989195398305,182.18219775298053,174.52329718065843,180.4600830078125,89539723
2020-07-10,179.46306990912282,183.54177604342107,176.56265942411594,177.2877655029297,111406477
2020-07-13,180.1881742190957,181.09455335115328,173.66224723433075,174.6592559814453,61949761
2020-07-14,174.29668959542224,174.29668959542224,167.3175738560832,168.63182067871094,62239932
2020-07-15,170.35393569919052,172.1666937568148,165.86736227261977,166.59246826171875,58527305
2020-07-16,167.68015161296665,169.44758828283733,164.6437757678755,168.81312561035156,46546803
2020-07-17,169.31161074002347,171.7588314297007,167.68012567015637,170.58053588867188,47035238
2020-07-20,172.21203085323148,175.1577629599315,171.0790569660392,172.89181518554688,45672856
2020-07-21,174.4326369464576,177.83155821910972,173.57157965676828,176.2000732421875,59281860
2020-07-22,177.3783800439075,178.33008082707724,172.3026655840804,174.0247802734375,62276152
2020-07-23,174.38732837223006,180.46007923455144,173.2543545292965,179.6896514892578,70801412
2020-07-24,177.37836766361747,177.9222005961134,172.80115094422226,173.9794464111328,65265493
2020-07-27,174.93116855014677,175.11244160642897,169.0397043243646,169.62884521484375,50697767
2020-07-28,170.39926931783265,172.66521704812297,168.35991636057136,171.71351623535156,51488617
2020-07-29,170.03672612778558,176.9705207692313,169.49289313109477,173.2996826171875,73763368
2020-07-30,174.47797479105765,175.38435388088132,168.6318324277444,169.08502197265625,48472816
2020-07-31,170.3992555272962,176.60795733791585,169.22096003685604,173.52626037597656,145892485
2020-08-03,174.0247632883615,176.3813541566563,172.2573270522632,174.25135803222656,72454278
2020-08-04,175.24841018035943,175.65627802249043,172.66522412978318,173.66224670410156,43866676
2020-08-05,174.70455586641668,178.42071537544027,173.11839258358282,173.52626037597656,68888892
2020-08-06,174.29670693947827,176.29073823053503,172.43862698385237,173.07308959960938,59740172
2020-08-07,173.52629938135362,174.1154541741275,171.8041843907056,172.8011932373047,44822338
2020-08-10,173.88884395640648,177.19712229320857,173.75287878693288,175.65628051757812,48784530
2020-08-11,176.74393913945437,178.37542442063753,175.61096517061173,176.7892608642578,43890305
2020-08-12,177.65030593759028,185.12793361098375,176.38138071299227,184.26687622070312,157818228
2020-08-13,186.2608793884513,187.89236430972772,181.95557925660142,182.99790954589844,70443118
2020-08-14,183.99493322784969,184.90131220926764,176.38135531603692,178.1034698486328,56169088
2020-08-17,179.87090887821606,180.05218191125408,173.57157762598536,175.02178955078125,54787889
2020-08-18,175.6562686378096,177.42370507944815,173.7528670358929,176.83456420898438,46294169
2020-08-19,178.01283508135356,181.54772157905566,177.55964556859018,178.60198974609375,59296062
2020-08-20,175.8375344429457,177.96753072731713,175.15775016030543,176.51731872558594,37504602
2020-08-21,180.36944029006466,182.63538803240215,179.14582297710342,179.8256072998047,68041871
2020-08-24,181.27579536391855,183.8136592650625,180.00687032846935,182.5900421142578,53850253
2020-08-25,184.9013420763738,188.93472642914705,183.72304644415124,188.48153686523438,105394375
2020-08-26,188.98002658381282,190.6568333110195,186.8500303444147,190.20364379882812,66749637
2020-08-27,190.79277095654814,196.23104471302935,190.79277095654814,195.4606170654297,80997993
2020-08-28,196.68426543031006,204.75103391816384,196.50299237568646,203.79934692382812,95974037
2020-08-31,209.87207224003572,209.87207224003572,190.65683910520616,192.15235900878906,119986476
2020-09-01,193.14937920814862,198.40636658281144,191.42725073175336,197.6812744140625,75048313
2020-09-02,197.81724433678423,198.4970286815842,192.42429130075425,196.00448608398438,47608088
2020-09-03,197.13744124668068,197.81722552684164,192.42427300361393,193.19468688964844,38594129
2020-09-04,190.33958707325058,192.42426150724486,186.6234276982936,187.25790405273438,54435758
2020-09-07,188.07365690725547,190.02236637443667,186.1702553293483,188.4362030029297,35687359
2020-09-08,188.4362064565606,188.98003944028625,183.90431102633792,184.9466552734375,34146789
2020-09-09,182.27284050303402,182.5447431657943,174.47797479813528,176.60797119140625,72715826
2020-09-10,179.19114645066594,182.590068097417,176.92519868616526,179.59901428222656,67789617
2020-09-11,179.96155510358358,184.76536662001774,178.55666487279913,183.7230224609375,48487971
2020-09-14,186.62344405962676,186.89536054533383,178.87391411358027,179.91624450683594,63605531
2020-09-15,181.18517890370688,182.18220145871436,178.64732845504733,181.41177368164062,51761038
2020-09-16,181.13985129668737,181.3211243332547,177.87688131749098,179.64431762695312,52404964
2020-09-17,178.55666944153612,179.46304847423428,176.7439113761398,177.1517791748047,41223296
2020-09-18,177.65030215728848,178.73795430240605,171.94011110761187,174.56861877441406,55286316
2020-09-21,174.976475672378,175.38434347254392,167.00033738923108,168.4052276611328,57611375
2020-09-22,168.72245477066943,170.67117802799532,164.19055951676754,168.7677764892578,51210889
2020-09-23,170.53520873890366,171.26031472800264,164.0546042149955,166.59246826171875,44320497
2020-09-24,164.1452353674382,164.77969787408233,159.0695076537945,159.83993530273438,46114798
2020-09-25,162.24186253036788,165.64078423142308,159.65867650546681,165.14227294921875,46550127
2020-09-28,166.77375041722297,170.53521806029516,166.18460954839142,169.719482421875,41921548
2020-09-29,170.85246915733308,171.2603370073089,166.093978637036,167.7254638671875,35688726
2020-09-30,167.72545444761911,169.31161786530487,165.32354154554653,168.0426788330078,37641083
2020-10-01,169.49287892451758,173.29966809153234,169.4022354892508,172.4839324951172,43588724
2020-10-05,174.02478787251655,175.6562730248709,169.53821407622775,171.0790557861328,41694686
2020-10-06,173.20905713945646,174.11543626874666,170.67119281139432,173.66224670410156,31098726
2020-10-07,174.52328809060666,175.06710722011243,171.39628314764678,172.8464813232422,34578053
2020-10-08,173.43565815488998,177.46904265913776,172.71055205934863,173.5716094970703,43351606
2020-10-09,174.02477925734252,180.18815962208944,172.7105323883755,179.73497009277344,64907230
2020-10-12,181.0038979933038,186.6687671958374,178.78327203196005,180.09751892089844,69122798
2020-10-13,180.0522030353564,181.27582035485065,176.83456828825584,177.37838745117188,34948525
2020-10-14,175.88286203196324,182.09155038916933,174.97648295818888,181.32113647460938,40548275
2020-10-15,182.18219579071067,183.54176441601447,174.0247840388878,174.7952117919922,49184123
2020-10-16,175.83752889689194,178.33007118795612,173.66222479315257,177.60496520996094,36893126
2020-10-19,177.8315622381873,185.44515435914647,177.69561091630706,184.9013214111328,60220779
2020-10-20,182.18220323985307,185.21857882594975,181.9102867376246,184.040283203125,39316753
2020-10-21,185.53578571081275,187.89237673406836,180.23347665385737,184.6747283935547,54515523
2020-10-22,182.99793716585745,185.44517183225707,182.2728449405144,184.26687622070312,33721637
2020-10-23,184.9013270255647,186.35153904413846,182.68070110919922,183.8136749267578,32707020
2020-10-26,183.72303391764706,184.90132946953173,177.28775084700274,178.28475952148438,45470123
2020-10-27,178.7832726470147,179.05518913572118,174.2513772693971,176.4266815185547,37794381
2020-10-28,176.74393139641919,176.74393139641919,171.35097830703958,172.61990356445312,46458319
2020-10-29,171.62286128608085,172.84646458163778,168.4958428157518,171.03370666503906,44822673
2020-10-30,171.62286999502774,174.02476882430648,168.7224461170925,171.5322265625,41519686
2020-11-02,174.2060527588191,178.78326978293606,172.2573433097604,177.69561767578125,52600119
2020-11-03,179.4630569625687,186.53281651805264,179.1005108644401,185.58111572265625,69890201
2020-11-04,184.44812638287382,189.43321087970827,179.50836360205983,187.62045288085938,117577856
2020-11-05,195.77788003806984,200.30977540932147,194.64490619525694,198.17977905273438,138023646
2020-11-06,198.49701064864402,201.08019645630722,196.72957427878077,198.67828369140625,73147085
2020-11-09,201.66933237827448,201.80528369946467,196.72956947483343,198.9501953125,60359458
2020-11-10,202.2131744796921,212.99907979688226,202.12253104129678,210.00802612304688,135294550
2020-11-11,210.95973986044658,216.94184757548425,206.42784426731131,212.27398681640625,107094861
2020-11-12,211.36760857079997,211.50357373730427,204.52444343085153,205.56678771972656,58859905
2020-11-13,203.93527466984455,209.05631047945562,199.494023109133,207.96865844726562,70676525
2020-11-14,210.27994446903597,211.09568010082566,206.42783341734028,208.1499481201172,7753219
2020-11-17,210.14399282270892,218.98118875147085,209.373565081436,217.71224975585938,80501583
2020-11-18,216.98713512341897,229.31389551314095,215.6275665729458,228.4075164794922,104514060
2020-11-19,224.78202544561393,228.22626892413663,216.62461323186182,217.3043975830078,82284278
2020-11-20,218.89053998450171,222.42541273786705,212.0473754094131,220.0235137939453,84411129
2020-11-23,220.70331416172257,223.10521328066483,215.80887248037894,216.35269165039062,57538324
2020-11-24,217.98417800964825,222.0628840430928,217.077798891105,221.0205535888672,47636611
2020-11-25,222.4707481070295,226.50413235008654,218.9811968579735,220.2501220703125,74767232
2020-11-26,221.15648679447995,223.1958396440192,217.66692194205854,222.47073364257812,64248318
2020-11-27,222.47072393901192,223.19582990882583,219.3890408551103,221.38307189941406,54355703
2020-12-01,222.06287260772118,225.64306717555135,221.38308830382,224.82733154296875,37003272
2020-12-02,225.0992613394139,227.3652091530571,221.24715005622048,223.830322265625,56723083
2020-12-03,225.96029233418085,234.75216605754545,224.78199684274622,232.304931640625,79266442
2020-12-04,232.93943772144067,239.60132989654605,229.8124324713853,238.83090209960938,79252024
2020-12-07,239.10275719476127,246.03657832687256,238.3776650951699,244.35977172851562,76053084
2020-12-08,245.58341450715045,248.0759568930819,240.4170428612043,246.4444580078125,65617502
2020-12-09,246.62571391861272,249.1635638741971,243.99722053736676,245.03955078125,48495641
2020-12-10,243.81595572952693,245.6287137646907,240.68893705467244,244.314453125,38676657
2020-12-11,244.76763097946971,250.38719168510565,244.76763097946971,246.94296264648438,50255223
2020-12-14,248.34787266223898,250.296582189351,246.8523526837807,248.52915954589844,31946501
2020-12-15,248.39314536452636,248.39314536452636,243.04551498007845,245.31146240234375,34890948
2020-12-16,247.26019583683075,248.03062356785134,243.36277695354136,244.1785125732422,24844177
2020-12-17,244.72237156112965,246.67108120998006,241.73133141735894,242.63771057128906,25904699
2020-12-18,242.63768437469068,246.48979536299697,240.1904498590986,246.03660583496094,29816205
2020-12-21,243.3174779116775,243.81597534726026,227.54647343865054,230.85475158691406,55160758
2020-12-22,230.945392436801,234.48027914827713,225.0086066945215,233.34730529785156,51189571
2020-12-23,232.89410346446155,239.19342114402426,231.67048623849115,238.377685546875,29056404
2020-12-24,240.19047211155447,243.68003733282157,239.87323388043995,241.86727905273438,28585509
2020-12-28,243.5893755390755,250.16062380943194,242.9095912352455,249.43553161621094,36870242
2020-12-29,250.4325241724048,253.69549433299352,248.98233979924885,251.8827362060547,45032526
2020-12-30,251.97340198484395,252.60787844972373,246.98831669377688,250.97637939453125,30971894
2020-12-31,249.25421596521562,251.29356864129468,247.07891197616286,249.2089080810547,29467966
2021-01-01,249.16360370788996,253.78614255073438,248.7104141676208,253.2423095703125,24531791
2021-01-04,255.4629280276535,257.3209939232434,251.74676857598166,254.73780822753906,31450608
2021-01-05,252.01873079597448,256.0068214882459,251.0670436801589,255.37234497070312,27393072
2021-01-06,256.50527625983915,262.07950199628453,255.0550642188508,258.36334228515625,40765708
2021-01-07,261.94354046745246,264.4813906949815,260.1307824019338,260.7652587890625,30546600
2021-01-08,262.9405861642355,264.11886794671705,258.499334043465,259.22442626953125,32543357
2021-01-11,261.03714740044245,261.21843426144494,253.42356946669452,256.05206298828125,29703173
2021-01-12,253.78613698584402,266.33949250813544,251.88273542635142,265.1158752441406,44307145
2021-01-13,268.28817507461787,279.16472271277803,266.92860661984787,278.0770568847656,78042133
2021-01-14,277.98645743550054,280.2977128800965,275.3579361402438,278.4849548339844,40123498
2021-01-15,278.077091492439,281.7932512633978,273.0920065378709,275.4032897949219,35307601
2021-01-18,275.08608236812665,279.7539296340365,264.8440086522274,266.88336181640625,54969750
2021-01-19,269.7837042749694,274.17964796451537,268.6507305230499,270.644775390625,35803901
2021-01-20,270.8260239462404,276.1736819734336,269.05860155903315,274.2249450683594,33759304
2021-01-21,275.5392432655102,276.5815736865538,264.20950464439545,267.2458801269531,29995203
2021-01-22,267.8350014016356,270.1009489600251,255.96143066357627,257.1397399902344,44440810
2021-01-25,257.86485150719574,261.03717832714364,251.1123162119658,254.647216796875,34034630
2021-01-27,253.9674406426571,258.18209802112125,247.16959723852278,249.84339904785156,39211107
2021-01-28,246.4444652848935,256.82251677150595,244.26916103412813,255.9161376953125,48717297
2021-01-29,258.8618251218296,263.439027604301,252.97036214097085,255.6894989013672,42300984
2021-02-01,258.40868884844326,284.51239605681866,256.27869241563076,281.61199951171875,103414068
2021-02-02,285.50939022471874,305.81227466415584,285.50939022471874,301.91485595703125,121434166
2021-02-03,302.5040019403347,308.07822745522657,295.2982775714913,304.498046875,66420168
2021-02-04,303.09316613627914,324.4837184727254,300.10212616427606,321.855224609375,145203439
2021-02-05,350.76865968211877,370.11985612949667,349.0918530636849,356.2975769042969,214955688
2021-02-08,360.7388788192706,369.62138286167783,357.7931467686107,359.8778076171875,79389205
2021-02-09,359.60592083161794,365.72397997620124,352.5814825545038,357.8384704589844,63869990
2021-02-10,357.1586624282923,360.6482273892608,351.6750801042662,355.5271911621094,54163507
2021-02-11,355.11929919081194,359.78717340653003,351.9016646414175,353.623779296875,36392708
2021-02-12,354.39421655596686,361.9624873265371,349.4544395576771,356.3429260253906,53589755
2021-02-15,360.28565937089473,371.11689969165064,358.6541882039782,368.8509521484375,56608937
2021-02-16,373.42816225930954,376.82708363909694,362.8235164901756,364.6816101074219,80365431
2021-02-17,365.2707818962982,376.01137989854897,362.6875958966943,373.20159912109375,74161370
2021-02-18,385.2564252854117,387.65835202815066,374.9690446316219,376.32861328125,67154539
2021-02-19,376.147273459964,376.147273459964,358.01969401611035,362.1437072753906,66155518
2021-02-22,363.0954503663463,363.4579964516558,349.5450726015199,353.0346374511719,52535049
2021-02-23,355.30059790846593,362.27972786015135,352.5814606795746,358.5635681152344,45462768
2021-02-24,359.832515249399,372.0686335261418,358.2010438766984,368.2165222167969,39632090
2021-02-25,372.5217851670408,376.056657888352,368.4883873777989,369.12286376953125,46988836
2021-02-26,362.0984289098423,363.45799747896564,350.76869083381473,353.623779296875,64450414
2021-03-01,358.11037759850547,360.46696872253716,354.39421786374334,357.97442626953125,29677890
2021-03-02,358.0197394223151,362.14375320462744,353.98634142032154,357.2946472167969,30534337
2021-03-03,359.379314935539,370.6184102992803,358.9261253832874,367.12884521484375,46268223
2021-03-04,361.3733288275104,365.72393708928246,357.5212179659752,358.6088562011719,43603653
2021-03-05,358.0197070455635,358.0197070455635,342.7019073901429,347.7322998046875,72179228
2021-03-08,352.0829747361394,356.56953471385725,349.9076427536754,353.12530517578125,39147858
2021-03-09,356.6148845489193,357.9291177087604,346.46342709247557,351.31256103515625,28054083
2021-03-10,354.4848509535254,356.2069656114055,349.59040962989485,351.4031677246094,22677399
2021-03-12,355.02870556290617,356.3882742168456,342.1581112414152,345.42108154296875,35336355
2021-03-15,346.6899677534364,349.86229425575544,334.7710894268219,347.9588928222656,42722585
2021-03-16,349.4997605046783,351.5391133280401,340.88915969492854,343.1097717285156,38196452
2021-03-17,342.7925358448598,344.1067687486498,331.7800092847245,333.68341064453125,33143064
2021-03-18,336.7198127246577,339.89213935867195,327.2934762585425,332.73175048828125,39405038
2021-03-19,329.8766751520337,337.98875127063246,323.8039242900932,336.402587890625,60309145
2021-03-22,337.17300855756133,337.89810073757366,329.4687865878321,332.64111328125,28461974
2021-03-23,334.1819787871313,342.56598530038633,332.6864311725875,337.8074951171875,41032380
2021-03-24,334.00066483965446,334.4991622304421,325.0728260682871,326.1604919433594,42318999
2021-03-25,326.29647035696803,327.0668981107431,312.88207097315717,321.94586181640625,57495003
2021-03-26,326.2964562189816,328.109214309087,321.35667935924687,323.75860595703125,40718848
2021-03-30,326.3871271390696,330.19390285254525,322.942869881549,327.0215759277344,39405124
2021-03-31,326.56836195930134,333.4115404105168,324.43839331166174,330.1938781738281,38651025
2021-04-01,333.2755698800472,337.08234508964426,329.10622094149545,335.9493713378906,31883453
2021-04-05,333.094285077262,334.63514045338087,316.3715813336761,320.4502868652344,51743981
2021-04-06,322.39904497453415,323.5773266966268,316.5981968213255,317.7311706542969,44147709
2021-04-07,318.36568192469025,329.19692401807066,315.0574035022697,324.98223876953125,48023602
2021-04-08,327.20285220919027,329.2875130565745,321.1301012286445,322.30841064453125,33370259
2021-04-09,321.22076855275367,330.37520359460757,318.3203718390305,319.95184326171875,46473100
2021-04-12,311.7944125874405,311.7944125874405,292.35256969184536,298.0627746582031,75501713
2021-04-13,300.91787460192904,310.20826079069343,299.55830589137815,309.0752868652344,49773360
2021-04-15,310.07231687300805,315.0120667099398,304.63404190064483,310.61614990234375,52992349
2021-04-16,310.88796618878536,313.1539134642138,306.945212397442,308.07818603515625,37766793
2021-04-19,296.5218839073633,300.96313546911597,291.21956123260605,300.14739990234375,53304377
2021-04-20,303.7276450479078,308.07825370819756,296.1140660621531,298.65191650390625,41296147
2021-04-22,295.47957579432506,306.03888639107254,293.0323412496223,305.13250732421875,49105833
2021-04-23,300.6006270919663,308.07825476918185,300.6006270919663,304.9512634277344,44223940
2021-04-26,307.4890812125699,314.9214002088024,307.4890812125699,312.0662841796875,49234985
2021-04-27,311.79441152719977,321.71927377227814,310.34419942985795,319.99713134765625,46003023
2021-04-28,323.5773528662632,330.19390952173904,322.7162816193674,329.378173828125,56696255
2021-04-29,330.82838370870775,335.3149714834763,322.21778194094685,325.7526550292969,63692926
2021-04-30,320.35969089034313,328.56241034652083,317.6405537012685,320.4049987792969,53832840
2021-05-03,316.87011023977,319.49860385999483,309.43779122762413,317.7764892578125,43691860
2021-05-04,321.7645506770648,328.92493937130104,317.4139424645015,318.59222412109375,57749307
2021-05-05,323.1241588023508,323.98523003727064,315.4199362222106,322.12713623046875,40872501
2021-05-06,324.48373199737495,325.70734936801176,317.73119634272825,322.2630920410156,36294427
2021-05-07,324.0305123392386,328.1092180889633,319.9518065895139,324.7102966308594,38357618
2021-05-10,326.7496752919672,332.6411396176199,325.208819711829,327.83734130859375,41739324
2021-05-11,323.4413630149227,332.0972717040139,321.5379615161324,330.5111083984375,41892770
2021-05-12,328.8342643329932,338.5325299361911,328.0185288291004,333.2755432128906,53436590
2021-05-14,335.36025472715534,337.6262023942307,325.8885824145827,326.704345703125,51722170
2021-05-17,330.28449705886874,349.1371965692474,329.6047128191782,347.2337951660156,106555796
2021-05-18,353.48781628106605,355.79907170793757,344.46933400662135,346.46337890625,70917710
2021-05-19,346.23683546364924,353.0346790918623,345.51174320750516,348.4121398925781,48189573
2021-05-20,350.76870500234344,351.4937972043004,346.2368095888765,348.5480651855469,42898608
2021-05-21,353.48779623994847,366.5396477997869,342.6112486633347,363.6392517089844,192810772
2021-05-24,377.9600676311915,379.95411262533776,367.355421575903,373.4734802246094,142964052
2021-05-25,376.2379648545769,376.60051095757547,370.25585734336846,373.74542236328125,56048127
2021-05-26,375.0596330885077,379.5462203696114,372.3404959873523,374.8330383300781,52357719
2021-05-27,374.9690356228089,388.92726789153824,373.4281801260522,385.39239501953125,73392997
2021-05-28,390.19617589897246,393.0512643368663,380.72450388670495,382.5372619628906,65137568
2021-05-31,381.5855729490926,386.11746811475876,378.8664358496929,384.6219482421875,38291043
2021-06-01,386.16276617095207,394.59210756078545,385.75491221272136,392.0542297363281,59299647
2021-06-02,390.46808356688643,396.9487159009735,388.9725636669023,396.3142395019531,38657806
2021-06-03,399.7445654033738,404.2725756515228,396.5429498909898,402.16864013671875,38909199
2021-06-04,400.20190798204277,404.22679015914537,394.94211147713594,396.6343994140625,36898769
2021-06-07,398.0065409057618,400.11044845061065,394.07311091356587,395.3995056152344,20201197
2021-06-08,395.399522537788,395.62820936401,387.852857272463,390.7800598144531,31113823
2021-06-09,391.0544427567875,395.4452183161297,382.54730464211076,385.5202331542969,27784834
2021-06-10,388.67610762888614,396.3599790779108,386.3892394645412,395.3995056152344,27397712
2021-06-11,397.7778565241294,398.3724366673243,388.9962771361186,392.9754333496094,26831924
2021-06-14,390.597059760629,395.582443235397,381.17517463766893,393.6614685058594,30106015
2021-06-15,392.60952864329266,395.90259639194994,391.5118207831599,392.8839416503906,16413658
2021-06-16,391.5118173487716,395.85686672355354,388.767575638383,389.6365966796875,19701175
2021-06-17,385.1085762781873,389.636586144243,381.0836941282875,384.4225158691406,23048331
2021-06-18,387.76134676758494,387.76134676758494,368.3229680521954,377.6991271972656,45748727
2021-06-21,371.70754165462415,385.1085829607002,366.35626478802953,383.96514892578125,33128978
2021-06-22,386.93807938477613,389.17922127096506,381.72400899267575,382.95892333984375,28442965
2021-06-23,385.2000574524912,388.53887920088465,379.6200938631363,383.1418762207031,27564829
2021-06-24,384.513985899629,386.70937356674546,380.809243040243,381.6325378417969,19214547
2021-06-25,385.1086042207349,394.25607700507544,383.3248358614399,392.2436218261719,29886797
2021-06-28,393.98160958519685,396.2227233583746,388.35589226695373,390.36834716796875,29370660
2021-06-29,391.0544317388026,392.38082635783167,384.6969274716719,385.5659484863281,22275961
2021-06-30,386.93806431492044,388.6760784059744,382.63874132285144,383.4620361328125,18337773
2021-07-01,384.4682425958838,387.5784054538985,381.58679445707094,384.5597229003906,16161469
2021-07-02,384.46828047269025,389.1334973034476,383.2791201445572,388.21875,16423811
2021-07-05,390.13972109902784,397.45769945492987,388.08153968643035,395.7654113769531,16483761
2021-07-06,394.8963780726386,399.2871534736993,391.6947628672366,393.11260986328125,20195278
2021-07-07,392.7467185189113,397.00028744406666,391.1001567984235,395.9483337402344,14473774
2021-07-08,395.90258222017076,398.2809305547424,386.1148038004786,388.26446533203125,21433043
2021-07-09,388.76757956535766,391.054447680448,385.1543167771667,387.6241455078125,16844494
2021-07-12,390.1396765129672,393.56997847527344,388.4016624352391,391.0086975097656,12886781
2021-07-13,393.34130279972993,394.98783662184604,391.78622136649943,392.5180358886719,12831125
2021-07-14,392.4265676463679,395.4452223849918,390.04821922897344,394.3017883300781,12767351
2021-07-15,395.8111400579754,396.0398268669029,393.02114423953844,394.8963928222656,11030732
2021-07-16,395.17083371184594,395.6282073619754,391.0087446620168,393.3413391113281,8713863
2021-07-19,387.303926035199,392.8381628751564,383.14183779468794,391.4202880859375,14426686
2021-07-20,390.59705333166187,390.59705333166187,383.18759544875394,385.01708984375,14623321
2021-07-22,389.2706766176685,390.3226582758298,385.0171075370059,386.0690612792969,11799761
2021-07-23,386.84659960481434,393.2955843528593,383.73646459295605,392.3350830078125,17704661
2021-07-26,391.32882561716195,391.32882561716195,386.2977162148494,387.21246337890625,14037519
2021-07-27,387.9900424357847,396.31424803539767,387.8528359307758,393.29559326171875,24119619
2021-07-28,393.34130758964636,393.7986812031227,385.15430874207203,389.2249450683594,17636515
2021-07-29,389.6823083744162,405.78186472611054,389.22493477303783,403.9066162109375,35263606
2021-07-30,403.8609447572453,406.5137064216268,393.98168479476493,394.9878845214844,35196813
2021-08-02,397.68640188205535,399.4701703426427,394.9878860910895,397.8236083984375,16926025
2021-08-03,397.8693419127847,409.71530247827803,396.634427497543,408.4346618652344,40922962
2021-08-04,410.4013553558495,427.5986207081888,403.8609179863568,417.9937744140625,129761158
2021-08-05,421.6984642996832,423.07058511627656,401.0251717465032,404.1810607910156,58595639
2021-08-06,405.87337584549294,408.8920306774342,397.00031613871687,398.5096435546875,38236066
2021-08-09,400.56783992999857,404.1353488421458,394.25608909837314,396.45147705078125,22196404
2021-08-10,397.3661872816168,399.19568172390404,385.74891432261467,390.0939636230469,27794251
2021-08-11,393.15836386828283,395.9940859768348,387.07530013088865,391.55755615234375,23827946
2021-08-12,393.3412879797034,393.75293537765754,388.7675520729627,390.7342529296875,16847144
2021-08-13,391.14593019145286,395.3994993263061,388.7675817551882,394.43902587890625,20908992
2021-08-16,393.3412829162981,397.0002715945892,387.85279989886135,388.6303405761719,17608693
2021-08-17,388.63035721880027,389.545104427546,379.8487784316673,385.5659484863281,22957877
2021-08-18,386.16048622463506,388.17294102944464,382.3642913079803,383.91937255859375,17668574
2021-08-20,379.6201008108056,381.7697623865227,370.60983500356787,372.0277099609375,25541790
2021-08-23,376.0525904034102,377.7906045506143,367.0423246390654,374.5889892578125,26559937
2021-08-24,374.5890154843821,383.05042792206353,373.39985517300266,381.99847412109375,19012313
2021-08-25,383.2790740691864,385.38298144784864,378.97975109347084,380.7635192871094,16410980
2021-08-26,379.162754757696,380.3519150779214,375.04639191955454,375.7324523925781,15897679
2021-08-27,375.36650097553365,379.0254895988295,372.7594659982618,377.2874755859375,15090541
2021-08-30,379.07124700345594,387.2124917774755,378.2479800785992,386.6636657714844,20308691
2021-08-31,387.7156002845112,390.5970483366075,383.00465786081486,389.72802734375,26262421
2021-09-01,391.0544291910187,395.67389139874035,388.9047676812977,393.24981689453125,18776721
2021-09-02,394.62193716265404,396.54291186906903,391.2831154601944,393.11260986328125,14372717
2021-09-03,394.48474174127756,397.27470961796934,391.6947738645858,394.6219482421875,14233624
2021-09-06,395.1708093781607,396.863097362607,393.3870410861472,394.3017883300781,10694099
2021-09-07,394.3017762099861,394.89638423296043,388.85904702541853,392.5180358886719,14928735
2021-09-08,392.42654093250144,398.28091731195707,390.91721366593475,394.5762023925781,22817464
2021-09-09,393.5700306432355,396.8173724316418,393.3413438154358,395.44525146484375,9662128
2021-09-13,393.4327789234805,396.81732683650046,392.24359080603887,395.9483337402344,9567921
2021-09-14,397.91503518613325,399.51584279895104,395.39948036599105,396.0855407714844,9981562
2021-09-15,396.0855163926868,407.0624822049553,394.6676694749492,406.0105285644531,22181568
2021-09-16,406.92531346386943,426.36369222629446,405.00433868534986,424.1683044433594,42637448
2021-09-17,428.10169954211534,431.66920812179234,411.9564166703356,415.38671875,41529478
2021-09-20,411.0874330206504,414.83790255192383,398.5096575849526,400.1562194824219,18376916
2021-09-21,402.62596652481625,403.7236743094292,395.7653626606565,401.39105224609375,17279588
2021-09-22,401.4825548085636,405.05006343256156,398.9212737236087,401.43682861328125,14321143
2021-09-23,404.68415392077236,412.6881918856447,404.3639868190037,411.4532775878906,20516770
2021-09-24,412.64247446805365,413.37426107405764,402.4887747934983,403.1748352050781,10731274
2021-09-27,406.9710111708125,412.13932710856494,404.546936748596,408.5260925292969,11746892
2021-09-28,410.9044686740325,416.9417780856612,402.1228896445678,406.9710388183594,19241170
2021-09-29,404.18106543544235,422.88762936709935,401.6655105761151,420.7837219238281,38635938
2021-09-30,420.73799754782823,425.26597956466856,412.91689202004414,414.3804931640625,26530369
2021-10-01,410.26412074001394,416.71307735787383,405.96479771752786,413.14556884765625,14777309
2021-10-04,415.11226920872434,424.8085951356085,413.0998421133248,423.6651611328125,16246765
2021-10-05,422.61320970441886,429.0164401544858,419.5945550871636,425.0830383300781,16487568
2021-10-06,425.35745981885697,430.84594317135833,414.9750732272012,418.2224426269531,19056690
2021-10-07,422.70468129074806,424.4426953653202,418.1309453493114,418.86273193359375,9984651
2021-10-08,422.5217321810097,424.442706911845,415.52392158341723,418.9542236328125,16521128
2021-10-11,420.7837356299114,434.45921820423183,419.5488212573886,429.2451477050781,20686981
2021-10-12,429.93119265475383,443.1035470167468,428.19317852294046,441.8229064941406,33763609
2021-10-13,444.70436703068015,444.70436703068015,437.24918257620556,440.6337585449219,17638983
2021-10-14,440.9081322004549,451.7936178479564,440.9081322004549,448.77496337890625,23431826
2021-10-18,451.88511993692896,458.28835038137936,449.7812125286715,455.4983825683594,20084248
2021-10-19,457.6937939090819,461.2155764185171,442.05161028978694,446.5796203613281,20645100
2021-10-20,447.12846500652836,464.2342505272814,441.9144221934791,457.28216552734375,34080545
2021-10-21,461.8558839542996,463.31948514702015,449.8269631215146,460.0721435546875,20808243
2021-10-22,461.581470943858,465.3319402764947,457.37362798323807,460.0721435546875,24080485
2021-10-25,463.3194580078125,471.5064566355026,455.4069002903594,463.3194580078125,35619415
2021-10-26,464.3256863029112,474.0220122478447,464.3256863029112,468.8536682128906,21107457
2021-10-27,469.9056384217324,481.93453036245717,469.03661743274023,474.8910217285156,29463032
2021-10-28,475.30262921780246,476.17165023590735,455.178218461403,458.6085205078125,28140401
2021-10-29,458.74575189412275,468.94520619814455,446.7625571787192,459.34033203125,31355893
2021-11-01,465.14900717568435,472.8786331122094,458.28840235008425,471.7351989746094,20679604
2021-11-02,470.91185470185064,480.2422874529996,468.39629986281113,477.2236328125,26797820
2021-11-03,479.32756253370434,496.06742616576594,471.27779784070805,482.6664123535156,80775924
2021-11-04,486.18813452196457,490.21304451580113,483.0322455304038,485.2276611328125,9796046
2021-11-08,488.8866594503413,488.8866594503413,472.42120960636737,478.6414794921875,36802110
2021-11-09,481.3857542665781,486.6455511065455,477.68103896303666,484.0385437011719,25451967
2021-11-10,480.7453767019264,483.4438920909196,477.04066173209947,479.6934509277344,15805538
2021-11-11,478.27555445162017,478.27555445162017,463.86831386915736,466.1551818847656,23086898
2021-11-12,468.35056153596366,469.2653087264636,459.8434238306619,467.7559814453125,19836221
2021-11-15,468.71647784739696,471.9180929806941,462.40469996620203,463.36517333984375,13328183
2021-11-16,464.142737141441,464.142737141441,451.4277562763057,452.891357421875,19553216
2021-11-17,451.74790319983754,462.3132220273596,449.14086813765704,455.6813049316406,20488483
2021-11-18,456.5503446929596,463.04505556100526,450.33004682553235,460.8496398925781,22471070
2021-11-22,462.86209561777235,462.86209561777235,436.79179971835237,444.93304443359375,28800269
2021-11-23,443.8810960109461,453.16577486777436,439.078673024738,451.01611328125,20000371
2021-11-24,453.5316796325042,457.3736292848453,447.3571356371588,451.10760498046875,13963769
2021-11-25,448.2261787138783,453.21156268428973,444.84160252458787,448.7292785644531,12894211
2021-11-26,444.7958494828941,446.3051768594048,427.27844526124056,430.3885803222656,26305817
2021-11-29,429.93116911587015,437.02045967044035,415.56962740671617,425.44891357421875,22407465
2021-11-30,428.10171289395703,436.5631249543611,418.95424039622293,421.2868347167969,23026652
2021-12-01,424.85434273313274,436.56309557594625,424.44269533208814,434.7793273925781,17156956
2021-12-02,434.047573993291,437.3863959023729,430.8002323931985,436.3344421386719,12962679
2021-12-03,435.1910010036649,440.45079765268446,429.9769305504625,432.8126525878906,16653993
2021-12-06,432.8126686828265,436.33445128369937,424.2597760566698,425.63189697265625,14353300
2021-12-07,429.19939361913106,438.8042391343788,429.19939361913106,436.05999755859375,13644942
2021-12-08,439.9019595427856,450.4215532191186,439.3073793964281,449.6440124511719,20397660
2021-12-09,450.3300326137153,451.42774041328664,444.65861675824704,446.9912109375,12560970
2021-12-10,446.8540078456145,453.66888566180825,443.10353873702195,452.52545166015625,13261408
2021-12-13,455.31543011455665,457.78525878227936,444.8873173585926,446.21368408203125,14047645
2021-12-14,444.567185835096,448.5463421556833,440.72523602572784,446.8997802734375,11642447
2021-12-15,448.22614873064373,449.14089597295117,442.2802916556454,443.4694519042969,8639835
2021-12-16,446.716837297836,448.7292645531708,437.47788423781503,440.1306457519531,11107781
2021-12-17,439.12441627677026,440.3593306757933,426.7296019210809,427.91876220703125,12648603
2021-12-20,419.8689607705104,424.4426967266162,405.2330057109719,410.9044494628906,22336114
2021-12-21,418.08521012509567,419.18291796697093,406.60514355988784,407.9772644042969,16617447
2021-12-22,411.6362717126858,418.31391562078755,410.7215244422132,416.987548828125,13102553
2021-12-23,421.69848070301714,425.3574696895943,418.72555215142324,422.4302673339844,14471377
2021-12-24,423.1620908843943,424.07683815050154,413.64872490005297,417.9937744140625,13221159
2021-12-27,415.02084125115795,421.2411114261733,412.13936506180016,418.9999694824219,8856482
2021-12-28,421.8814697265625,423.43652340104677,419.9147406811489,421.8814697265625,8832210
2021-12-29,421.69847007131534,422.7504237952607,412.9168911417539,415.6611328125,11757303
2021-12-30,414.1518186638395,416.11851967398894,410.2641428398278,413.19134521484375,28879190
2021-12-31,415.523959645218,422.0643972353255,414.47200583688556,421.1954040527344,10005842
2022-01-03,422.61319979926327,431.7606716563902,420.87518572958294,430.6629638671875,13124509
2022-01-04,432.2180541865951,443.37798124940093,430.8916595735372,442.2802734375,23296671
2022-01-05,440.81669320318196,452.7998877344807,438.30113827132374,450.4215393066406,24694169
2022-01-06,446.1222306004526,452.2510202282293,444.01829524379843,449.7812194824219,18190843
2022-01-07,451.3820229037345,459.1573742053209,447.72303405592913,449.36956787109375,22746330
2022-01-10,451.2905476393541,461.90162099966733,450.513006917338,460.7124328613281,15832274
2022-01-11,460.11782987724814,464.50860515903355,456.6875279646444,462.81634521484375,16107950
2022-01-12,466.42961925486287,469.72271495260253,465.14897868237273,466.7497863769531,14489616
2022-01-13,466.5210671549638,469.12807431519354,463.776825583464,467.7559814453125,10450974
2022-01-14,465.60635992683945,466.8412743231792,462.08457735797106,465.01177978515625,8724574
2022-01-17,464.6915705936892,474.6623372560519,464.2799231935481,470.1800537109375,17422211
2022-01-18,470.18003215786865,473.3359209719678,461.9473078593845,463.5938415527344,12592506
2022-01-19,461.94734043264435,473.51891495637545,457.6480173850423,471.82659912109375,16079457
2022-01-20,472.00953933912194,474.89101525499143,464.6915619850271,467.80169677734375,17724642
2022-01-21,462.2217652954026,464.23422037272604,455.5441216662415,459.84344482421875,16947941
2022-01-24,459.56903455421923,463.5939170614201,446.3966791143473,452.0223693847656,20233933
2022-01-25,448.2261178985928,473.3816653316771,447.3113707192079,470.774658203125,21791739
2022-01-27,460.62098729239676,485.5935771744518,460.3008480731917,483.8555908203125,35409230
2022-01-28,488.47500415393523,490.67041976372684,476.94921178187474,478.8244323730469,24715250
2022-01-31,483.9012787789612,494.78679301613647,482.1175105358289,492.4084167480469,28674232
2022-02-01,497.57671786896583,497.57671786896583,475.6685127040387,486.9198913574219,32245356
2022-02-02,490.89912779394075,497.8511844727147,486.0509227652862,493.7805480957031,21661864
2022-02-03,491.35653281557944,498.26286374016564,491.35653281557944,494.05499267578125,22717677
2022-02-04,495.9302424816646,499.8179182828877,482.34621235952267,485.0904541015625,25332894
2022-02-07,486.5540844927539,502.19624013136206,480.4709929489944,487.7889709472656,52289545
2022-02-08,489.8470957843641,491.8138244773501,474.7537679030532,486.0508728027344,26567546
2022-02-09,489.3440867280435,490.76193389821304,482.7578949017371,489.6184997558594,14856155
2022-02-10,491.3106942745925,497.5767460360815,488.8409215226681,494.4665832519531,18659370
2022-02-11,490.5331950851254,491.85958971603907,482.1632357174107,484.4501037597656,14607095
2022-02-14,471.0948345620402,471.6436605802897,457.0992127792638,458.6542663574219,26153332
2022-02-15,459.2030716920032,481.9345161552179,454.7208162168285,480.0592956542969,23842951
2022-02-16,481.6144139827795,482.9865348203373,470.18007366979805,472.64990234375,19773807
2022-02-17,475.66859225767956,475.66859225767956,467.5730731331966,469.2196350097656,16408356
2022-02-18,466.61256337439534,476.49185011832066,466.61256337439534,471.3692321777344,15111223
2022-02-21,467.9389684852804,473.38172606728205,461.62721772089105,468.2134094238281,16866932
2022-02-22,458.19690235666815,462.2217847649798,453.2572726775642,455.9100341796875,27108772
2022-02-23,460.117850108577,462.2675116515027,454.8580536113119,456.1844482421875,13899433
2022-02-24,439.07868356986904,446.35093543284336,428.1017164806223,432.35528564453125,32356037
2022-02-25,439.0786756350873,449.9641622186997,438.4383414001046,441.7771911621094,21792287
2022-02-28,436.2429352502415,443.92680616738363,432.7669070473986,442.005859375,18069367
2022-03-02,437.2492110795829,438.89574505955875,427.18699074093144,433.81890869140625,22003848
2022-03-03,439.0786773078168,442.1888123555731,424.99157532736507,427.5528564453125,20358590
2022-03-04,421.05811917340276,430.7544449425451,418.6340447100843,422.5674743652344,20684268
2022-03-07,409.34940565923307,415.2495367507259,396.49721760879453,402.7632141113281,33720472
2022-03-08,400.6593065446795,404.4097759562401,388.7675919668694,402.7632141113281,42510207
2022-03-09,404.3182856972216,415.56966573918965,401.16239650902844,413.19134521484375,32331325
2022-03-10,429.83974542673155,436.01428962617155,422.29308029408264,428.7420654296875,34553299
2022-03-11,426.6380802370432,434.3219509851084,422.6131982181394,430.2513427734375,22091309
2022-03-14,430.8459441310982,444.56715254291663,430.4342967123957,443.78961181640625,27750689
2022-03-15,447.3113797305622,448.6835005272817,439.67323504564973,444.429931640625,27204899
2022-03-16,450.9704165601416,452.1595768776228,447.6773207140534,450.7417297363281,16211288
2022-03-17,456.458871892994,460.5752344651753,455.8185376598621,459.11163330078125,22947673
2022-03-21,459.203075445287,459.203075445287,447.3113623361461,448.77496337890625,19064060
2022-03-22,448.7749654566082,453.5316339727658,436.56308520097156,451.6106872558594,26157969
2022-03-23,456.0014493439607,459.56895760720937,447.4943121073009,448.8206787109375,15800195
2022-03-24,443.65241995119067,452.6169319096292,442.28029906474364,445.5733947753906,18174877
2022-03-25,449.82692845652457,451.2447754276608,445.1159860345105,448.866455078125,11541196
2022-03-28,449.0951479771104,456.092958457899,440.8624231959782,455.08673095703125,16738684
2022-03-29,457.37363256589333,458.6542731539036,449.7812414316479,452.7998962402344,14301429
2022-03-30,456.7332820613425,457.7395096003556,450.3300514332755,452.1595458984375,16461225
2022-03-31,452.1595712050208,455.1324998772987,450.2386242417848,451.4735107421875,10240982
2022-04-01,449.14087909358597,466.2923892422718,449.14087909358597,464.8745422363281,18527226
2022-04-04,465.8807418554522,471.0033597191569,462.86208723548157,468.71649169921875,16257176
2022-04-05,470.54596220970984,472.37545653271536,464.4171450612942,465.9721984863281,13602384
2022-04-06,463.77683412154323,471.27777238808164,462.8620869142029,470.13433837890625,13738275
2022-04-07,466.5668491980889,475.5771436021247,466.5668491980889,471.04913330078125,19620958
2022-04-08,475.2112374704078,475.2112374704078,468.67077173460365,472.10107421875,13572638
2022-04-11,469.72271895190704,477.4980706774985,469.44830593970516,471.0033874511719,12370288
2022-04-12,469.036660399113,472.64992326429416,461.35278895185803,469.12811279296875,14460680
2022-04-13,470.4545037373942,476.4918691407067,469.9514039117203,473.5646667480469,15440525
2022-04-18,468.35058881256134,471.09483054388494,461.03261086236506,466.063720703125,14492183
2022-04-19,469.4939971361894,476.5375616935719,462.03881309118987,468.1676025390625,20362934
2022-04-20,468.3505965878075,469.9056780943888,463.7768602930047,465.8807678222656,11881305
2022-04-21,469.6312630416218,473.83907808185285,468.5335551692924,472.28399658203125,10035638
2022-04-22,469.1738934337883,469.72271945878424,456.4588841478741,457.9224853515625,16760456
2022-04-25,452.79988432002824,456.6418338987888,448.2718743104798,452.5711975097656,14057444
2022-04-26,456.4588972595396,464.600142549331,455.9557974168849,462.4047546386719,12137213
2022-04-27,457.373617641167,459.9348987336095,449.91843325679,454.8580627441406,12367342
2022-04-28,456.5960774059972,466.52109050280944,454.1720028130292,464.2342224121094,12154792
2022-04-29,464.78304713123094,468.8079291347753,451.8851063269834,453.989013671875,12894773
2022-05-02,450.65019641708875,452.7998578912614,440.26781025398407,449.140869140625,18590895
2022-05-04,450.05564856423587,454.12628500723224,436.79181339313544,438.7585144042969,14645323
2022-05-05,443.65241050720215,451.88513565063477,437.8437599617173,439.07867431640625,14130385
2022-05-06,430.84596717104483,444.65865662743096,430.84596717104483,442.69195556640625,16710020
2022-05-09,436.42589383933114,442.4632309305549,433.4072113357847,435.32818603515625,13544947
2022-05-10,436.33439995006216,441.41123557558666,433.13278485608896,434.6878662109375,10884328
2022-05-11,434.7336302694935,438.1639324546815,424.12255659347113,435.92279052734375,14771351
2022-05-12,432.6754334647198,432.6754334647198,417.4448978910489,423.2077941894531,18947096
2022-05-13,429.4280875753913,436.3344178232267,402.26008435589927,406.7423400878906,61403008
2022-05-16,407.0625191154061,422.15584847586496,401.43682920968183,416.2099914550781,27940958
2022-05-17,419.2286397659697,429.6110262963001,417.261938826114,427.46136474609375,16880698
2022-05-18,428.0102154600422,428.6505496756105,418.1309567241316,418.9542236328125,15644497
2022-05-19,410.76724282787416,411.6362638846456,406.5594277964166,409.3493957519531,14201420
2022-05-20,416.0727653345268,424.44269654749434,415.43243113459465,422.9790954589844,13596860
2022-05-23,423.6194190471002,431.2118093744921,420.3263236594132,421.6069641113281,13499415
2022-05-24,422.9791026522859,427.0039847772349,420.9666755477461,422.658935546875,17175179
2022-05-25,428.27954538016223,431.48468563956214,419.9647793082008,421.8692932128906,12728644
2022-05-26,424.4241207597808,436.7336742783001,420.3828654437724,435.61883544921875,17055257
2022-05-27,437.94134153089556,441.28582927571136,434.3181582871475,435.6652526855469,10977001
2022-05-30,439.42783380561843,443.05101746267394,437.66269595746616,440.9142761230469,9365470
2022-05-31,440.3568396046054,442.58648881837377,431.99563378932805,434.8756103515625,15441579
2022-06-01,434.78267534704867,438.4987665893312,431.71691141277614,435.0613708496094,9424008
2022-06-02,433.7607749847262,438.82396099779396,433.0640078279661,436.50140380859375,9370989
2022-06-03,439.66007813288394,441.7503796137059,430.6021050493222,431.5311279296875,11306291
2022-06-06,431.2523837021756,432.55300991749357,424.0988969906391,430.7878723144531,10661432
2022-06-07,429.0692421203595,432.8782417701939,427.81505550557466,430.50921630859375,7672515
2022-06-08,433.48208961754125,441.7968275387451,430.32341743653836,437.8484802246094,17168871
2022-06-09,435.66526611320165,437.47684361514746,429.62661773699557,433.8072204589844,12635601
2022-06-10,429.2085616259813,431.20595510609974,426.0498895700351,429.0692138671875,8621104
2022-06-13,421.7763643705004,421.82280417134024,410.72099837558784,414.204833984375,13426836
2022-06-14,413.41518936323826,417.3635366773815,411.88230725275895,416.295166015625,11351101
2022-06-15,417.0848343951183,423.1234831307332,416.7596707159718,419.3144836425781,9920926
2022-06-16,422.84478009816445,425.26024538178035,408.9094361752225,410.25653076171875,10780703
2022-06-17,408.77010423309946,415.78421627194143,406.2152910816426,409.6991271972656,14326050
2022-06-20,410.16359660915805,411.97520254407925,400.1301609658986,403.84625244140625,12368534
2022-06-21,408.30554249996754,422.6589568704408,406.54040475559736,418.7570495605469,13801891
2022-06-22,416.8990365982563,419.17515409968314,413.0900369445457,415.8771057128906,11066447
2022-06-23,417.13128210675404,424.05251405247765,414.3442134067089,419.3609313964844,12229833
2022-06-24,423.44864119662316,427.67571254945517,421.0332042538962,422.0086669921875,10833364
2022-06-27,427.30408395166796,431.85629038223016,425.5389178027619,428.4653625488281,9509175
2022-06-28,426.3286108845583,432.6924235354718,425.4924959296749,431.29888916015625,13261290
2022-06-29,427.3505192076278,429.85889229141424,425.4924734719425,426.514404296875,11800876
2022-06-30,426.42147428790844,435.9903979912313,426.04987083029397,432.83172607421875,16926328
2022-07-01,430.4627752517755,435.52593315014667,427.86149406727816,433.71435546875,9405495
2022-07-04,433.71432965875215,440.49618522424714,433.71432965875215,439.84588623046875,9186358
2022-07-05,441.4252217540061,445.9309884534772,437.5697824199745,438.6381530761719,12003244
2022-07-06,441.4252250729725,446.8600147059179,440.26394644847693,445.8845520019531,12059857
2022-07-07,449.64706093308615,453.59540805904817,447.4174117557896,452.2018737792969,11497832
2022-07-08,454.29221717097454,455.12833214576847,450.7154731855187,453.8741455078125,9057231
2022-07-11,450.5760961604987,456.4289289555805,450.5760961604987,453.5489807128906,7704792
2022-07-12,450.57607236923,456.4753730076686,448.8109346632436,450.5296325683594,7364457
2022-07-13,453.1309136197599,457.4973325339497,450.15802903756315,451.9696350097656,8208853
2022-07-14,452.0625646992339,454.19930610372376,442.958122948317,445.3271484375,9385630
2022-07-15,448.2999911595239,450.01868920290036,441.0071840415013,445.0948791503906,6945602
2022-07-18,450.1580268670489,456.6147472480962,447.8819378133518,455.4999084472656,9934786
2022-07-19,453.3631749213971,463.1643551697625,453.3631749213971,462.6069641113281,11724183
2022-07-20,465.4404881732386,474.3591139762054,464.88306874464126,472.5010681152344,19280117
2022-07-21,473.61584479592835,476.9603611286514,470.78233640092463,475.7061462402344,13814893
2022-07-22,477.0068189822082,483.27772355243076,474.9165174588007,477.23907470703125,14699129
2022-07-25,476.9603680284706,482.16287346167064,473.0119924472466,481.04803466796875,10229778
2022-07-26,480.95516288809955,483.8351111742268,476.6816235598744,477.7035827636719,8862656
2022-07-27,478.72551175966873,492.33572057211575,475.89200312074297,490.7099304199219,15101546
2022-07-28,495.35503134884004,499.34981855668167,491.9640750160222,494.65826416015625,12160734
2022-07-29,497.07364633641913,498.88525216814304,489.36276830459843,490.84918212890625,11921058
2022-08-01,491.49954787978527,497.0272454076405,489.03767124679666,495.865966796875,8295631
2022-08-02,494.1473327488394,506.2246311712478,493.4040690219345,503.6233215332031,16845027
2022-08-03,503.4375250087631,507.6181279991191,496.70210907985614,502.4620056152344,24262125
2022-08-04,505.0633195290963,505.38845486111114,486.9938128814101,495.4014587402344,18072293
2022-08-05,497.5382080751771,504.3665604850358,491.45311935571334,493.35760498046875,21110734
2022-08-08,486.8079911951748,486.8079911951748,477.37838624175544,483.4635314941406,32566317
2022-08-10,484.53187490892833,486.34348087745,476.9603724089837,478.1680908203125,16904151
2022-08-11,483.0919322631313,488.66606994309046,480.4906793530958,487.5047912597656,13862195
2022-08-12,488.3873561434631,494.0543732250272,487.876404882512,493.032470703125,12154012
2022-08-16,495.44789392173413,495.9588451685862,487.73701530607804,488.6195983886719,10721167
2022-08-17,491.31375335391226,492.8931036739318,487.1331501731273,490.6634826660156,12054183
2022-08-18,489.4556515735559,496.8413943563711,488.85182076049057,494.5652770996094,9013662
2022-08-19,494.24013050861817,495.773040812657,481.6983226855611,483.4169921875,11087222
2022-08-22,482.1628561373997,482.9989993783973,473.8016505396413,475.0093688964844,9676954
2022-08-23,472.1758708824076,486.8079809982914,472.1758708824076,484.8570556640625,8597965
2022-08-24,482.16286332109064,485.8789547532378,475.93839883163315,482.4415588378906,11930650
2022-08-25,484.9035056236676,490.8027782555925,481.6983653333934,483.4635314941406,15473450
2022-08-26,486.6221618652344,491.91760349846345,485.13574797309,486.6221618652344,12855886
2022-08-29,475.0094140125052,480.3048560679867,472.6404168754124,478.30743408203125,9421339
2022-08-30,481.4196589738832,494.7046745749081,481.18740325812036,493.54339599609375,14835308
2022-09-01,485.1821847954132,502.5084836785202,485.1821847954132,495.4478759765625,16670228
2022-09-02,498.88529342761575,499.67494020526334,493.5434117940799,498.6065979003906,10017930
2022-09-05,498.8852246906846,502.41549985626574,498.2348974147237,500.650390625,7819994
2022-09-06,499.8143559729734,504.1807752561006,496.1911437224278,499.6285400390625,8657868
2022-09-07,496.46984649081065,499.30335491557975,493.8220972783756,495.0298156738281,8445359
2022-09-08,497.95620933651264,507.5251326156154,497.4916979472062,505.9922790527344,12240707
2022-09-09,510.6374895329618,517.4657855661197,509.1045789770801,514.0748291015625,18587927
2022-09-12,515.5147705078125,518.9521094794106,512.1238146322019,515.5147705078125,9677415
2022-09-13,520.2528211805555,520.2528211805555,514.4464280870226,518.394775390625,16707275
2022-09-14,510.96263463496115,534.0488328095158,510.2658674059135,531.1688842773438,21632641
2022-09-15,531.9120414407419,537.4397389468393,527.5921190475323,531.5404663085938,12749947
2022-09-16,528.7069045918777,533.2591394390437,520.5315144916118,521.925048828125,14739280
2022-09-19,520.903158514852,533.6307837600242,519.8347594839756,531.6333618164062,11194003
2022-09-20,536.9287536952673,536.9287536952673,532.1907032602358,533.3055419921875,8484017
2022-09-21,534.1881531589202,536.3248944309445,525.2695562395763,529.2643432617188,9392526
2022-09-22,526.5237777018439,533.2591943552861,522.1109185151059,527.0347290039062,11869435
2022-09-23,524.7120630012332,527.6849472842902,510.49802558577016,511.5199279785156,12563239
2022-09-26,507.0606552468925,510.0335396785257,495.16917422341385,504.73809814453125,16158750
2022-09-27,505.89939922928977,511.7987285538855,495.3550121961274,498.4207763671875,11066799
2022-09-28,495.07630512312164,501.486528839793,483.4170228594841,487.5976257324219,12233485
2022-09-29,491.45312862643,497.67759358102506,482.6738506213195,484.71771240234375,17310168
2022-09-30,486.8079858742602,498.7924036275781,479.5151789961069,492.93951416015625,17466950
2022-10-03,490.1524567024575,493.91504478951293,481.6983710394965,482.8596496582031,9351162
2022-10-04,495.1692289897622,497.7704818914978,490.3382983419329,494.8905334472656,8745887
2022-10-06,496.6556282508377,503.3446045871675,496.6556282508377,499.16400146484375,9507322
2022-10-07,497.4917419504565,497.5846215553129,489.17697600581823,492.56793212890625,11065307
2022-10-10,488.3873640167519,496.0053633580189,485.13578377256994,493.07891845703125,9649292
2022-10-11,493.0789093889518,495.81953831354355,488.20153911237713,489.9667053222656,10825440
2022-10-12,492.38213885807085,497.02725337559986,488.66604724404766,495.91241455078125,8522604
2022-10-13,495.16919835658643,495.912405324953,483.27771675355,484.4389953613281,12972765
2022-10-14,492.5679217953702,496.8878439855607,488.66601452131914,489.7808532714844,8545479
2022-10-17,489.03767889540234,506.0387866822973,486.99381716787735,505.0633239746094,13485349
2022-10-18,508.26839542147115,523.5043933483238,507.94326009440294,522.5289306640625,20440781
2022-10-19,523.039873690099,523.4579453205156,512.4025505311012,514.1212768554688,9540583
2022-10-20,512.8206693998048,517.2799682278867,506.5962042820574,515.9793701171875,11225588
2022-10-21,517.6979600044227,525.6410936759931,517.6979600044227,521.0424194335938,11767639
2022-10-24,526.7559275246837,531.865552923953,525.7340251260505,530.0075073242188,3692065
2022-10-25,531.8656286557928,544.5932541668578,527.6850254611185,537.4862060546875,19899324
2022-10-27,542.5029660780416,543.4784288404763,536.6036362901586,538.5081787109375,13613533
2022-10-28,538.7867669202338,541.2951397403938,526.7559107054863,530.23974609375,10043644
2022-10-31,534.1417633453428,536.4643207503551,528.056674284823,533.0733642578125,9894639
2022-11-01,535.4423001724173,544.1751376967455,533.8165101750305,535.9533081054688,12069579
2022-11-02,535.0242932214652,537.8578016328036,529.4501560045153,533.1197509765625,10241440
2022-11-03,528.6140711438858,546.2190678064255,527.6850481717524,543.3855590820312,17557998
2022-11-04,544.4074086062908,554.5802205002109,539.2049031506616,551.7931518554688,25759031
2022-11-07,569.4910492043815,578.5025828570365,564.5672390755263,570.5594482421875,44265903
2022-11-09,576.9231710597669,576.9231710597669,567.2148712528526,571.8599853515625,18939854
2022-11-10,569.5839107900034,571.4419565687384,559.4575953177317,562.755615234375,11618405
2022-11-11,573.4393865971748,575.5761279324214,556.0202071744174,558.6214599609375,15525267
2022-11-14,561.0834383305436,561.0834383305436,549.6564670534292,550.4925537109375,12957268
2022-11-15,552.1182806785682,559.3646477289204,550.5854269638519,558.203369140625,10286417
2022-11-16,557.36727343122,560.6652932272399,553.6976218118226,557.1814575195312,11555749
2022-11-17,556.5776287719075,559.9685852334757,553.8370564214758,556.5311889648438,8167131
2022-11-18,558.342768853174,562.7556276752249,554.7660533312614,559.922119140625,12933675
2022-11-21,559.3645896317379,559.3645896317379,553.0936859062563,555.6484985351562,7412419
2022-11-22,555.6950493243781,558.0640462892758,553.8370035945674,556.5775756835938,8048595
2022-11-23,558.8537390242528,566.3323623614517,558.3427877471263,564.5208129882812,12435924
2022-11-24,566.4717295081228,567.911703703776,562.8020776073517,566.10009765625,8960032
2022-11-25,567.2149011984452,570.1413459163525,563.2201142032641,564.2885131835938,9994513
2022-11-28,562.6161908483663,567.5400571020017,559.596866716974,565.4032592773438,7934274
2022-11-29,564.0098389072251,568.3762583345875,564.0098389072251,565.35693359375,6942919
2022-11-30,565.3103961576169,568.0045850653908,555.9272881877424,559.6898193359375,15606230
2022-12-01,564.7065870320074,566.5181931557748,558.8537536885804,564.9388427734375,14209313
2022-12-02,564.3814166405217,566.3323420662039,561.3620921893583,564.4278564453125,7533838
2022-12-05,565.3104494503227,574.1361672313877,564.4278663316044,573.48583984375,11585602
2022-12-06,571.1168371932469,575.8083915750034,564.6601165911579,565.728515625,12996244
2022-12-07,567.4935934113071,569.39813564367,561.594320910099,563.9633178710938,7613892
2022-12-08,566.4716504109158,570.2341813977581,564.0562138201916,568.23681640625,10020015
2022-12-09,570.7916893478897,574.1361490885416,565.8678226421276,572.7426147460938,11202267
2022-12-12,571.1632044460752,574.786416036808,567.6329291569044,569.5374145507812,9285187
2022-12-13,569.9555899098569,573.5788021601909,569.0265669434187,572.9749145507812,7455415
2022-12-14,574.6006001839154,582.2650382623589,573.6715773865283,581.103759765625,14010673
2022-12-15,581.1502869681508,584.8663787165883,570.6987789256705,572.231689453125,10622271
2022-12-16,568.5620106489584,571.9064703833176,559.3646613248847,560.5259399414062,9435071
2022-12-19,561.1297799553664,566.2394054350925,560.2007571408708,561.5478515625,8322012
2022-12-20,560.2007571408708,563.4523369916055,556.9956170902503,561.5478515625,6753785
2022-12-21,562.8950131289239,565.9143376361941,547.7518940838596,551.2822265625,9217253
2022-12-22,554.6266864124063,556.4847322630342,545.847408427578,551.2822265625,8740149
2022-12-23,548.1235219709549,548.7738493545831,530.9365979769505,533.2591552734375,13047046
2022-12-26,533.2591374365397,558.993082761458,530.1933732483348,554.7195434570312,13201587
2022-12-27,557.7853597232435,560.2936761363036,551.1892632547101,559.1788940429688,9638618
2022-12-28,558.2498407537006,563.9168573306621,556.0666030832242,558.38916015625,7988631
2022-12-29,557.413761402815,574.1361742448994,554.7660687173757,568.376220703125,20130392
2022-12-30,571.5812703676361,576.505079803862,567.9580588128947,570.1412963867188,13052895
2023-01-02,571.3026768929869,575.2510244474183,567.8188408155474,568.7478637695312,6726084
2023-01-03,570.884518977408,572.835444204816,566.70391631606,568.93359375,6818062
2023-01-04,568.4226584190668,571.3026635308936,561.1298510820882,562.2446899414062,7011191
2023-01-05,563.9168383606225,568.1903205500095,559.225284571544,562.1516723632812,8241475
2023-01-06,564.2885438654469,564.3349836708002,554.6266828234792,558.0176391601562,7972036
2023-01-09,562.0588266606619,565.7749180766002,557.5065919949155,564.5671997070312,8878905
2023-01-10,565.2640136601837,565.7749649315789,548.6809203213877,552.9080200195312,10622660
2023-01-11,554.1157667163757,556.9492754594182,550.2138588671233,554.3480224609375,7419630
2023-01-12,555.4628501283095,555.4628501283095,548.2164256822556,552.67578125,8183715
2023-01-13,555.4628476926819,560.1079624694962,551.5145001323897,557.5066528320312,7877610
2023-01-16,560.2008056640625,563.0807539572319,557.9711280349228,560.2008056640625,5483191
2023-01-17,560.2008665458281,562.9879355336183,544.4539154242008,550.8641967773438,13461999
2023-01-18,553.6048056104106,554.766084312645,545.8938696651248,549.4706420898438,11538075
2023-01-19,549.0525298677518,549.7492970376347,545.8473895456789,547.984130859375,7475688
2023-01-20,551.6537723185195,554.2550250301911,548.8667036910736,550.1673583984375,6750607
2023-01-23,556.0201811934469,559.0395054856419,550.8641156658481,557.831787109375,6604469
2023-01-24,560.6652540658442,561.687156454172,550.9569545645247,552.1646728515625,7609623
2023-01-25,553.5582645072653,553.5582645072653,527.1276087360154,528.3353271484375,25686294
2023-01-27,527.684995977524,528.1959472210457,494.4724280088681,501.62591552734375,40163464
2023-01-30,497.9562907999654,515.0038388951956,487.9228544901303,500.0001525878906,40797825
2023-01-31,506.3174777560764,517.4657524956598,499.67494137585163,514.2141723632812,21911943
2023-02-01,521.5534386941342,524.8978981961093,463.9075551645127,489.920166015625,38218810
2023-02-02,483.2777269428903,494.84407346083447,466.8340101694445,490.6169738769531,39287056
2023-02-03,497.95625051241154,507.2000392645869,482.30223807957736,505.5742492675781,32317232
2023-02-06,519.1379591275065,519.1379591275065,498.46720063982644,506.6890869140625,25338586
2023-02-07,509.1045148167841,512.2632151446792,502.64779475723776,508.26837158203125,16195947
2023-02-08,510.9625718765987,515.1431747374072,506.7819690157902,510.7303161621094,15502847
2023-02-09,512.8206188020864,512.8206188020864,504.2735971481072,511.7057800292969,15061047
2023-02-10,507.710993148678,517.6979888967993,507.710993148678,513.7960815429688,13824475
2023-02-13,514.6787012854288,517.3728904535258,495.4479153661014,499.3498229980469,18488732
2023-02-14,501.6259190389974,505.94584144053107,493.0788971403248,502.4620056152344,18559909
2023-02-15,501.6723328903008,505.9923117714112,498.69944846589567,503.76263427734375,12796579
2023-02-16,508.0361017308311,508.0361017308311,500.27878393689315,501.76519775390625,12767016
2023-02-17,500.27882893880206,501.34722794923516,490.29183281792535,493.3111572265625,14192008
2023-02-20,494.2401880600991,496.0517940749912,485.0893350789315,487.87640380859375,12570032
2023-02-21,489.6879884670626,491.4067149962504,485.321625837866,486.2970886230469,10223218
2023-02-22,483.78868174872025,484.8570807794608,476.1242427195758,479.7009582519531,14763050
2023-02-23,480.2583430611784,486.80794239593325,475.05580976221444,484.0208740234375,15535085
2023-02-24,486.99379699984996,490.05956111264493,480.86221207120434,484.0673522949219,12253035
2023-02-27,484.1137765958178,492.19628660023636,482.16285132370643,490.245361328125,11048799
2023-02-28,489.82737042433325,490.9422093505489,484.0674165581049,485.6932067871094,15768010
2023-03-01,486.111228651769,499.2569252659543,485.9718525366277,498.6065979003906,13510198
2023-03-02,497.90982849243375,501.5794802430642,494.70468818610954,495.865966796875,10376913
2023-03-03,503.53042431722355,524.2476241616192,503.29816858644995,521.36767578125,27656538
2023-03-06,524.80503782157,527.5921064096759,519.3237802504061,521.8321533203125,16162268
2023-03-08,520.2527988045408,525.3624245070854,516.954779009873,524.7120971679688,12637578
2023-03-09,524.6656570130145,525.5946798673979,518.3947527459267,519.2308959960938,8993423
2023-03-10,513.8425223260048,515.5612486426553,506.31745982451406,508.5006408691406,11522371
2023-03-13,508.1755305452167,513.8890441091696,490.9421669468635,492.38214111328125,14373729
2023-03-14,490.19891340448197,494.9833469032127,483.09186615388154,488.1086120605469,14750800
2023-03-15,492.1963265499269,494.2401882932551,478.95775007778616,480.8157958984375,11282329
2023-03-16,481.60550483684807,491.77826045743336,477.79647683963054,487.27252197265625,20040008
2023-03-17,491.12794681882934,493.8685188331115,483.18475617807985,492.1962890625,18787379
2023-03-20,489.2234291835881,489.2234291835881,478.4467863850695,482.34869384765625,14275315
2023-03-21,484.94995350871756,486.29704805352003,479.7938877574261,484.8105773925781,29485180
2023-03-22,485.13577844622523,489.5950771058183,483.18479629930033,484.5318908691406,11619538
2023-03-23,482.53453150028315,484.02094550390814,475.19522768761806,476.35650634765625,22097792
2023-03-24,477.9822736866617,478.4003453249582,467.7165821618938,469.4817199707031,14416984
2023-03-27,471.0145931632608,477.65712933781117,465.9514072018612,473.9410095214844,15674218
2023-03-28,475.1487618497131,475.42745737224135,468.08818231320515,472.0365295410156,15833599
2023-03-29,472.87263014609675,481.2338357871869,470.36425711315877,479.8403015136719,24203789
2023-03-31,483.69579631566717,487.64414364678476,482.4880211813495,486.57574462890625,17356345
2023-04-03,487.50477764489926,490.98861359757836,485.04284422378237,489.3628234863281,14210949
2023-04-05,489.5950280621676,490.15241907513473,482.20928527356034,485.8789367675781,13574801
2023-04-06,486.80801821349587,495.81955202867067,484.62483699624335,490.198974609375,25125879
2023-04-10,491.6853308266744,492.75372975815685,487.1795928002729,488.9447021484375,17335453
2023-04-11,493.1718206534169,497.67761607710594,489.7344810288869,494.3330993652344,26414406
2023-04-12,495.35504514047574,496.09825215515224,488.6660686022661,490.7099304199219,21292441
2023-04-13,491.7318462158536,496.33052125362167,489.73448085407773,495.122802734375,28597560
2023-04-17,490.52403259277344,506.31742000579834,490.52403259277344,505.3883972167969,32476990
2023-04-18,506.6426052589142,509.56905001405534,502.1368669691831,507.10711669921875,22283456
2023-04-19,505.3884457950075,508.6400258690563,500.0465642447845,501.9510498046875,21156372
2023-04-20,502.78725378272253,506.73560149221805,498.5602105166989,506.1317138671875,25588577
2023-04-21,506.31745499760086,507.6181096733121,501.39364521621684,504.5987854003906,22599418
2023-04-24,505.2026478818052,516.1186670908221,504.9239523489952,515.236083984375,23335611
2023-04-25,515.6077045098767,527.592122485113,515.6077045098767,521.925048828125,38142390
2023-04-26,522.1108726535115,526.7559871788986,516.9548068709435,526.152099609375,23143882
2023-04-27,524.8979661864694,527.1276439453,521.2747540041349,524.6657104492188,17845169
2023-04-28,527.4991662626207,539.251328071495,525.3624250345678,537.25390625,16183423
2023-05-02,538.8332768389454,539.6229236151588,532.4694927161221,534.4668579101562,13667511
2023-05-03,530.1468834254196,534.188109923621,528.613973124418,530.0075073242188,9699527
2023-05-04,529.7288393814246,539.57645889107,528.149489198882,538.833251953125,12533761
2023-05-05,539.0191223003028,546.4977456429474,534.2346314676785,535.5817260742188,18163461
2023-05-08,536.6500331448386,545.8937644708997,536.3712809475688,542.1776733398438,12990869
2023-05-09,543.4783797193426,544.8254742233607,531.4939619981551,532.7946166992188,18959065
2023-05-10,534.188166838668,534.188166838668,523.2721477771822,531.5869140625,18561315
2023-05-11,531.5868903735,538.8332573209989,531.4010744613989,532.7481689453125,16016715
2023-05-12,533.9094836079651,539.5300609348624,530.9830387279558,537.1146240234375,11319335
2023-05-15,537.6720048826024,542.5493751212783,533.8630336631455,540.5984497070312,11410243
2023-05-16,542.5493549355248,548.495123972205,540.6913091994442,544.6860961914062,22178229
2023-05-17,544.4074006716053,548.5880035777866,538.3687520293435,544.6860961914062,23739774
2023-05-18,548.4021918988014,551.7467082714093,530.8436935790718,533.4449462890625,45656620
2023-05-19,537.9042299383079,544.6396455981572,529.450144687857,534.3275146484375,42293962
2023-05-22,536.5107432551475,539.1119961242575,532.7482117209831,536.1856079101562,21484049
2023-05-23,537.8113856521496,542.2706842826218,535.8604035179653,540.3197021484375,16120548
2023-05-24,538.647485615748,543.7106719449978,537.2075114091327,541.3416748046875,17616658
2023-05-25,540.6913350554436,541.5274783578868,536.0462204931116,539.9945678710938,16479436
2023-05-26,539.9945509718547,546.0331997139054,539.3442236128685,544.4074096679688,9788076
2023-05-29,548.1235013048188,554.0692704408735,546.3118953412509,552.7686157226562,18432231
2023-05-30,552.7685930459252,553.2331044686529,549.5170130868315,550.7247314453125,15031640
2023-05-31,552.9030104609316,553.8500865520962,546.9364426475817,549.1620483398438,28797643
2023-06-01,551.0088964611522,555.3654814653645,550.251247096706,551.9086303710938,17820226
2023-06-02,553.7554176157541,557.7331488713374,552.1453766545729,556.1231079101562,11323908
2023-06-05,557.3542953022576,558.5854826943589,554.9866050078555,556.1231079101562,12920507
2023-06-06,556.8808077766311,557.7331994819402,552.1454267581223,554.3710327148438,11199940
2023-06-07,556.8807700208413,559.3431448615423,554.9866177418588,558.0172729492188,11113781
2023-06-08,558.7276422332659,562.515947212822,555.3181330686974,557.3543701171875,15971917
2023-06-09,556.8807949778836,557.9225556560352,546.2261879311128,548.072998046875,18870272
2023-06-12,549.3041644401906,550.7247786585704,547.1259008663296,548.025634765625,8786066
2023-06-13,548.783285043374,550.6300950913596,543.8584775170594,545.8947143554688,12612098
2023-06-14,546.4628779101002,547.930834218716,544.8054948315169,546.0366821289062,8948696
2023-06-15,545.5158387577229,546.1788035949786,535.3347705864633,536.5186157226562,17934877
2023-06-16,538.6495217087493,544.284635958382,537.039480808149,541.0172119140625,12660226
2023-06-19,541.0172686527673,542.4378829249408,535.950434203992,538.7442626953125,17903691
2023-06-20,538.7442468937137,539.3125272688809,532.7776786865753,537.3710327148438,14549152
2023-06-21,537.3710020274224,539.3598387145792,535.7136188531458,536.3765258789062,14946871
2023-06-22,536.3765795536382,538.8863545906687,531.3570872845204,533.1565551757812,14979063
2023-06-23,532.256799763519,532.3514842571589,524.4907637219954,525.2484130859375,12215712
2023-06-26,526.5743072501397,528.9419974805809,525.1536931118749,527.5687255859375,8360264
2023-06-27,528.7052460586985,537.8918960196315,526.2428712590395,536.1397705078125,10694768
2023-06-28,541.9643913735406,543.6217748333986,538.4601976402801,539.64404296875,18028934
2023-06-30,543.621753554977,543.621753554977,540.0228754582851,542.5325927734375,8718232
2023-07-03,544.0952635802307,555.3180931535118,543.5270409961187,554.4657592773438,15421985
2023-07-04,557.0701568811107,564.4099964360767,551.435042694053,558.0645751953125,24799250
2023-07-05,558.5854903048938,562.279110336461,557.0701916178066,559.3431396484375,13598114
2023-07-06,559.153741476405,562.0896542062237,557.922496326865,561.142578125,11323509
2023-07-07,558.774875477377,563.9837938080983,554.5130332067869,562.184326171875,11707209
2023-07-10,563.1788570435173,568.0562645445196,559.0116988517439,561.2373046875,11417363
2023-07-11,563.5103252653819,564.4100591944411,556.2651693899928,557.4016723632812,13221177
2023-07-12,557.8278061774104,563.0367245712572,557.0701568811107,558.0645751953125,16029716
2023-07-13,563.4156674537284,566.3515806192413,552.4768908483136,554.6552124023438,20024503
2023-07-14,555.6969192600167,560.0061040903931,549.9671202346848,553.4713134765625,12190152
2023-07-17,555.933724407829,570.9448589210546,553.2819226326304,569.2874755859375,19378986
2023-07-18,571.1342759530944,572.0813521283934,557.5910982073067,561.0005493164062,25757209
2023-07-19,563.1788513109324,570.5186914159763,560.6690764111024,569.6189575195312,17556585
2023-07-20,569.5716199279582,578.4741010580569,567.0618450076182,577.7637939453125,34038351
2023-07-21,577.7164436119874,586.7136669141413,576.7693674749186,582.5465087890625,21040281
2023-07-24,582.4991762065254,588.9866825360349,581.7888690919402,584.9616088867188,11756364
2023-07-25,588.8919257906668,588.8919257906668,572.2234090326344,577.3375854492188,18503305
2023-07-26,579.610620027468,583.7303782733334,576.9114760463759,582.5939331054688,9999125
2023-07-27,583.7777730624562,588.3710693551636,580.6523754641814,583.9197998046875,17444742
2023-07-28,583.7778004197922,587.0925671630472,581.1259407812325,583.4462890625,11930586
2023-07-31,584.0145391310097,588.1342973187537,581.9783022582515,587.3766479492188,8605483
2023-08-01,587.3766262120196,587.9921910123245,578.2846606992431,579.468505859375,13493453
2023-08-02,577.5743429390312,578.189965532909,562.6578941967817,566.7777099609375,14977497
2023-08-03,567.0145102168711,569.0506892838814,554.0395552258084,559.2484741210938,27774877
2023-08-04,563.3208772718776,567.0144973448427,541.1593302489086,542.958740234375,52725616
2023-08-07,546.46297490863,546.46297490863,536.660759225921,537.8446044921875,32736325
2023-08-08,540.7804504311654,543.858447740975,538.3654179490715,542.769287109375,25038671
2023-08-09,544.5687939346745,544.5687939346745,538.270714326323,543.3849487304688,15769111
2023-08-10,543.3849677007904,547.0311879350622,539.9281164618493,543.290283203125,27325801
2023-08-11,544.9950425510931,548.3571516956642,541.7276179100518,543.7638549804688,18221179
2023-08-14,542.6272364301581,542.6745786718476,529.0366603790627,531.1202392578125,28084093
2023-08-16,529.2261668704698,536.4239806444865,524.6802126897423,535.4295043945312,15725767
2023-08-17,535.8083185745926,542.8167050327628,534.1509353531953,541.86962890625,27910162
2023-08-18,539.8334329901751,544.805583030874,537.3710579967587,542.6273193359375,18253227
2023-08-21,542.6272655405768,545.0896402898765,540.543686550049,541.4434204101562,9380810
2023-08-22,542.2011467523499,544.0479569791332,537.4657655580063,538.412841796875,14073413
2023-08-23,540.7805133977928,547.362704587704,536.0451323697911,546.3682861328125,18579297
2023-08-24,547.5520913034119,551.198311306055,545.0896586661597,546.4155883789062,24131644
2023-08-25,543.4322918904455,544.8529061378787,537.1816123237163,539.7860717773438,12271885
2023-08-28,542.4852505231413,544.3794029745524,539.0757992325795,542.5325927734375,9711932
2023-08-29,543.2902516515835,545.799968743401,541.5854683530627,544.4266967773438,13144855
2023-08-30,546.1788293829949,547.1259055366658,536.1397874711188,537.3710327148438,15281416
2023-08-31,539.1704412789,540.1175174300328,529.7944220656501,531.6411743164062,27898476
2023-09-01,532.9197778538285,540.9699253809107,532.3514974630689,539.4072265625,18121168
2023-09-04,541.727551909577,545.8473099953048,538.3654431746227,545.0896606445312,12108655
2023-09-05,545.1369963939355,547.6467712562122,541.11192284817,542.6746215820312,14444729
2023-09-06,543.8584813779117,543.8584813779117,537.9392554160275,540.3069458007812,20609936
2023-09-07,537.9392393188474,550.251228951145,537.9392393188474,548.4044189453125,12390597
2023-09-08,550.2512460973644,557.3543172604112,549.0200586567578,552.5715942382812,14032068
2023-09-11,555.9337399799246,560.9532323744613,554.3710410982075,560.385009765625,10946134
2023-09-12,562.2317689827164,562.7999915400404,553.7080837932164,557.2122192382812,16093060
2023-09-13,557.2596541767706,566.3515624928049,552.5716154680572,564.8836059570312,19377172
2023-09-14,566.7777593769611,571.749909391221,563.6997617490858,565.6885986328125,13178911
2023-09-15,567.6300722204844,568.9086597168509,563.6997408474365,567.1091918945312,11756389
2023-09-18,567.1091681687718,576.2011335888857,565.4517849614788,571.9866333007812,19305055
2023-09-20,569.0507065380637,574.6858214384503,567.6774923043499,569.2874755859375,21314600
2023-09-21,568.2457179919575,574.4963977678915,553.7081214953073,557.0228881835938,23453425
2023-09-22,562.0896643296132,570.1398111649995,560.1008276451988,566.4935913085938,18784139
2023-09-25,569.6662630363052,569.6662630363052,559.2010838964593,562.6105346679688,9712784
2023-09-26,562.5632240608297,563.5103001956123,559.9587646901778,562.9420776367188,8327427
2023-09-27,562.0423402102848,562.8473317978076,557.0701905339704,558.5381469726562,9865347
2023-09-28,559.9587263925239,563.6996884300446,557.6857207025291,558.7275390625,21960816
2023-09-29,561.4740302773386,568.2456473637309,560.0060739159695,566.8723754882812,12189735
2023-10-03,565.0255828135226,572.8863607525196,558.3960500586644,571.03955078125,15322196
2023-10-04,568.2456856343284,568.6718814595422,553.5186631759601,555.223388671875,24914612
2023-10-05,558.7749204115613,562.8946784824502,556.0283764943421,560.8111572265625,13248028
2023-10-06,561.9949962079626,567.2512571455039,560.8584932959413,562.7999877929688,8216780
2023-10-09,556.8807601865917,557.8278363093581,550.7721076337612,554.1342163085938,9189597
2023-10-10,555.9337191138808,563.5103285736951,554.7498738857847,560.337646484375,10373508
2023-10-11,565.309766412258,565.4044509034987,556.5019121391563,557.2122192382812,14220119
2023-10-12,559.5326085412145,561.6161877464566,554.0395781309901,555.0339965820312,11983797
2023-10-13,547.173196531182,550.5353050008061,544.3793105785601,545.6578979492188,19064577
2023-10-16,545.5158407243849,548.1203000333988,541.2539982187257,545.1843872070312,11290293
2023-10-17,547.1258616987968,549.2567828738186,544.8528559901324,545.9420166015625,10765224
2023-10-18,547.173266107088,548.593880385168,539.2178030278637,542.3432006835938,11777454
2023-10-19,539.6439190474274,543.6216499986483,536.9921176815916,540.9698486328125,11441499
2023-10-20,539.738686602659,539.8333710896472,532.3514468595878,533.2985229492188,11110988
2023-10-23,533.2985796647226,536.0451237387181,521.8389808834517,523.685791015625,11875035
2023-10-25,529.0366808435873,531.1202598029354,524.3013003927678,526.7637329101562,12134624
2023-10-26,522.2651596499072,523.6384316419934,514.4517813350399,518.0506591796875,19424825
2023-10-27,520.8918604785226,532.7303118530344,520.8918604785226,531.4517822265625,10415296
2023-10-30,533.2038964013556,536.7080898747511,527.0479011498302,535.2874755859375,8593704
2023-10-31,536.9921072492025,539.3597973164387,533.3458876676318,535.6188354492188,13039696
2023-11-01,536.2818656519717,539.5019476582157,534.0088597881594,536.4239501953125,13575575
2023-11-02,540.8751285057469,544.9949441545303,537.5603622114079,541.8222045898438,11148516
2023-11-03,545.5158870868132,548.8306537618198,543.1008543560113,547.5521240234375,11371371
2023-11-06,551.1983420030499,551.6718800975543,542.911425349224,543.9531860351562,16499138
2023-11-07,544.3793444383654,550.4406547530965,542.2957654048678,549.0673828125,17923281
2023-11-08,551.1036132997641,551.766520334941,548.3570694499737,549.5882568359375,15434808
2023-11-09,550.2512299373365,551.0562215235307,545.9893873646721,547.741455078125,12434363
2023-11-10,547.2205864297704,550.2512416625661,544.9476383588791,548.8306274414062,6773038
2023-11-13,550.2512491026093,551.6718633429775,544.758218934174,550.5827026367188,11282362
2023-11-15,556.1704034301611,556.8807104588075,551.7664767305796,553.75537109375,11397676
2023-11-16,553.7554110919988,556.8807506828024,552.0506856611003,553.7080688476562,8622660
2023-11-17,544.0952543037619,544.0952543037619,532.3514867895021,533.251220703125,37173221
2023-11-20,534.1509536100332,536.8027552939175,530.9308715478544,533.9141845703125,12714585
2023-11-21,536.045045358415,536.6606679141044,531.309665099065,531.783203125,14280013
2023-11-22,533.1565296940364,534.6244861641455,525.7693472920832,529.3682250976562,14909071
2023-11-23,532.0200331450485,533.6774164258742,528.7526088304325,530.3153076171875,6376210
2023-11-24,532.2095095129049,532.6830476372504,529.6523920804499,530.6941528320312,6529851
2023-11-28,533.7721599642382,535.2875166715822,531.4044693011517,534.5772094726562,8153314
2023-11-29,537.9392847228976,538.8863609283957,535.1927406049756,538.5075073242188,10299034
2023-11-30,539.5967095161022,540.0229054022911,533.8195673409369,534.861328125,19758998
2023-12-01,536.992172021036,543.8111317981642,536.5659761965393,541.4907836914062,10614230
2023-12-04,556.880774541967,564.4573837194087,553.6133502732071,563.2261962890625,26077882
2023-12-05,563.5576052803208,578.9475914557199,563.5576052803208,576.0590209960938,36430152
2023-12-06,581.5047350018984,581.5047350018984,572.554854148129,576.2484741210938,21439069
2023-12-07,577.7164969433031,580.131529754782,572.9811158208171,579.3265380859375,10725706
2023-12-08,577.7164613742833,584.1565677433689,573.3125340795355,581.6468505859375,17722136
2023-12-11,582.4518232147626,587.0925193997506,580.6523554357004,581.7415161132812,11706255
2023-12-12,584.3459679623248,585.2457018402724,578.4740844380203,579.9894409179688,14494836
2023-12-13,581.9309286579414,587.6607275753272,579.2791271049712,587.0451049804688,13977914
2023-12-14,592.8696487197641,594.5270319230541,589.4601978235428,590.64404296875,15813797
2023-12-15,594.7638458710953,615.5995220003375,587.0451518194214,613.942138671875,29813572
2023-12-18,612.4268262567273,620.9505117561671,608.4017525486585,614.1788940429688,16221796
2023-12-19,614.178896420345,624.6914187883696,606.3655180156144,620.7137451171875,19964008
2023-12-20,623.8390450027288,625.4490859501609,600.398911288317,602.7666015625,22542056
2023-12-21,598.6942371598262,614.6051056049055,594.2903097504551,609.6802978515625,19915516
2023-12-22,610.6273291849556,615.0312562708087,601.5354215427969,603.0507202148438,14998068
2023-12-26,605.0395707400135,607.3599188509928,602.0089733268344,604.2819213867188,10153089
2023-12-27,606.8390745327218,615.0786490253292,605.1816911844077,614.2262573242188,14417646
2023-12-28,615.8362543661124,618.7248250055344,612.2847188738049,616.9254150390625,16982092
2023-12-29,611.3376144926107,615.220603329458,605.7025002108935,608.0701904296875,13221898
2024-01-01,608.212275921118,612.6635451004371,604.2345447863022,607.4072265625,8295548
2024-01-02,607.4073203201524,613.7054004061756,600.3042485561921,605.60791015625,15164482
2024-01-03,605.5131321806922,613.7053642545236,602.1510233047925,609.3961791992188,14571772
2024-01-04,608.4963852753671,612.1900051328654,604.8501654661197,608.733154296875,13883388
2024-01-05,610.8640954983638,617.2568592884629,603.9977936497388,607.9755249023438,15984585
2024-01-08,606.1287006578947,610.8640811317845,591.9699014799768,593.8167114257812,14739531
2024-01-09,598.5521321607245,600.777738011181,591.4490609721083,592.3014526367188,13400235
2024-01-10,591.7331138945065,592.2066519270412,585.4824349870212,588.8445434570312,12742464
2024-01-11,592.8696781345247,593.9588388441286,585.7666069108683,587.3766479492188,15533860
2024-01-12,590.7861088551372,602.8139878885283,588.2289916110394,600.0674438476562,16620797
2024-01-15,605.0870045162184,611.3376842854633,602.4351449244722,606.2234497070312,16844018
2024-01-16,606.1287229383505,610.7694190953231,599.9253858505162,603.1928100585938,15025543
2024-01-17,590.9755375773763,603.0981011461799,590.0284613953612,592.8696899414062,30016308
2024-01-18,592.6802223057629,599.9253777209321,586.2874585176507,595.0479125976562,14695436
2024-01-19,599.499188239714,601.8668785566165,591.6384679485856,594.5270385742188,11675202
2024-01-23,593.816735051732,601.2986596201333,568.8613020834159,573.0757446289062,30954343
2024-01-24,577.6690860249656,589.4127951297775,571.1815799753688,585.5771484375,19221835
2024-01-25,585.7665492181922,590.7860408275468,574.1648673622134,580.3208618164062,22684904
2024-01-29,586.240116875537,596.1844161117133,583.0200349532757,589.9810791015625,19572140
2024-01-30,592.3487686641458,599.9727198414752,591.1649235184444,593.5799560546875,16966577
2024-01-31,593.2484841784004,609.1593508832941,589.0813262725044,606.6022338867188,23270745
2024-02-01,608.7332050368398,618.3933934805597,599.7359814695897,613.3739013671875,26587707
2024-02-02,617.493672317934,625.5911621347344,612.4741801008781,615.26806640625,27471811
2024-02-05,612.8529386660016,620.1454364049642,604.9448761274464,608.922607421875,28339525
2024-02-06,610.343212779607,620.3348542139742,603.9504490148065,615.8362426757812,14079390
2024-02-07,620.3821741954093,642.0702395337361,620.3348319524308,639.5131225585938,41696232
2024-02-08,644.3906262816,680.8530575303441,642.591158500595,662.527099609375,74222434
2024-02-09,666.4101818840758,689.8029174512828,657.4603003588977,686.8670043945312,43235061
2024-02-12,687.5772971988666,687.5772971988666,667.215159609644,670.4352416992188,22873137
2024-02-13,671.0508318054963,680.0007134812453,664.9895787916939,675.6915283203125,23351472
2024-02-14,668.2095893122887,708.8865229305478,668.2095893122887,704.0564575195312,36782182
2024-02-15,708.1288729039719,723.5662031109259,702.3990735633622,721.387939453125,33941282
2024-02-16,723.0452778952919,733.6051419871368,713.4797743669861,714.7583618164062,27365121
2024-02-19,718.5466246062158,724.5131922757347,710.3070512507203,719.0675048828125,13979584
2024-02-20,718.878140197099,723.092640626177,714.095417199918,719.87255859375,12528399
2024-02-21,720.3935575488127,736.3517689040475,719.3990812632494,730.6693115234375,21465311
2024-02-22,732.0898793051539,732.0898793051539,716.9366605873241,725.3656616210938,18799244
2024-02-23,725.3656188570327,729.7221458595922,715.0424660921377,718.8781127929688,14143636
2024-02-26,715.0424640283459,725.7917547695781,712.8642005333531,718.736083984375,11355186
2024-02-27,718.7360628262059,722.003429070041,702.9198806721752,710.1649780273438,13969393
2024-02-28,710.1650270994766,716.6998756485756,701.7834263040562,703.2040405273438,11263318
2024-02-29,704.5300165868673,714.0007786982383,698.1372521616919,708.5076904296875,19217113
2024-03-01,712.2012253214909,731.1427472715305,712.1538830776034,728.443603515625,17348526
2024-03-04,733.4157269093953,735.8781015532362,728.3014930430356,731.1900634765625,9789141
2024-03-05,728.7751257237001,745.3016167439201,728.3962721270127,742.4603881835938,18088847
2024-03-06,742.1762558623576,748.4742776430227,731.9951871429561,742.4130249023438,26710525
2024-03-07,748.190193930005,751.410276114466,741.5606605660682,746.3433837890625,15497868
2024-03-11,748.1901368545919,750.8419384368862,729.7694947090195,732.7528076171875,16778340
2024-03-12,729.2486473566764,736.5884876385131,717.2681107424115,719.4937744140625,21529705
2024-03-13,718.4993277010051,723.2820505868954,703.6775631743476,707.70263671875,27950252
2024-03-14,710.2124078847078,711.0647417125944,695.2012166495516,701.8307495117188,19730882
2024-03-15,700.1260254598068,707.0396696118478,684.7360384273795,693.1650390625,29792241
2024-03-18,688.6190419826069,698.8475105936745,683.8836612570906,692.2653198242188,18145126
2024-03-19,691.3655971347375,695.4853553107556,682.983996236656,685.4937133789062,15205043
2024-03-20,686.7722682789549,699.8419071119082,681.7053763780509,697.2847900390625,25405455
2024-03-21,702.730488902024,710.8753205031713,701.3572169516723,704.9087524414062,15161161
2024-03-22,704.4825610232863,709.170599460014,702.1622707327812,707.1817626953125,15535921
2024-03-26,703.7248953357582,708.2708491244837,699.4157105756636,700.8836669921875,14678342
2024-03-27,703.6775556672179,706.3766994815164,691.5549929179226,694.4909057617188,30088789
2024-03-28,698.7054262433901,719.3516746513696,697.9004346418056,712.53271484375,21705116
2024-04-01,718.87809271021,721.1984406857478,712.2959023406002,718.1677856445312,9949971
2024-04-02,718.0731365019557,728.064778156646,713.4797825681824,725.8391723632812,15713063
2024-04-03,724.4185584476019,731.7109984397689,719.9199468084377,730.2430419921875,19136981
2024-04-04,733.9840367300943,734.2681480220336,717.9784262265191,719.1149291992188,15889530
2024-04-05,717.8363829672766,727.0703754749767,712.7694908570097,724.2764892578125,9939620
2024-04-08,725.5076285980329,729.248590721814,721.4825552076852,727.6385498046875,9797174
2024-04-09,727.7806275520223,731.5689318840728,720.8195836589176,723.7555541992188,7465892
2024-04-10,725.933847345905,739.3823398361972,723.2347035208019,737.8196411132812,14530669
2024-04-12,736.1149412559511,738.2458626040706,724.3238315687016,725.7444458007812,14408722
2024-04-15,719.58848097137,722.9032476518954,709.1233005838425,717.4102172851562,11356572
2024-04-16,711.4909794514435,714.9478306266623,705.003530747474,711.9171752929688,13338991
2024-04-18,712.2485648644453,719.7304891283136,702.7304616816317,705.3822631835938,14589648
2024-04-19,695.6274008930026,712.2012327726861,693.3070528688593,710.7332763671875,10886554
2024-04-22,714.2374792815871,728.3015365467629,710.7332860753157,725.5549926757812,17452186
2024-04-23,729.5801297256875,736.5411744994312,725.0341755131074,732.0899047851562,12292429
2024-04-24,737.2988047972324,737.2988047972324,729.4380840784303,732.1845703125,7842615
2024-04-25,729.8642999447579,771.2988838816899,728.9172237404853,769.6888427734375,36732974
2024-04-26,772.7194359962122,773.6665121242601,756.6191418193988,758.89208984375,14964358
2024-04-29,764.2904978785022,787.2570958630791,756.4297769334296,782.7584838867188,27302732
2024-04-30,782.7584365175279,790.666499233327,776.5077570611428,782.5216674804688,27449073
2024-05-02,783.1372892528356,789.7668222833302,781.3378214511536,786.1205444335938,19943724
2024-05-03,790.6192154121966,791.9451452396878,776.6024989434741,787.446533203125,22667634
2024-05-06,790.8085783183144,791.755654460013,760.5021417839598,765.048095703125,35283557
2024-05-07,769.0258341813609,771.5356091020818,751.2208141135195,759.4603881835938,16725013
2024-05-08,760.1233071452959,778.4966078740321,757.1873941548523,767.8893432617188,27908322
2024-05-09,768.9310974695414,795.2124588602853,761.0229774672023,776.4129638671875,49290254
2024-05-10,783.2320208951047,788.0147441654584,772.4353290449478,774.0927124023438,20543142
2024-05-13,776.4603581145727,776.4603581145727,756.33498993591,765.9951782226562,15398505
2024-05-14,769.9728976160259,778.875436405395,765.1428324503737,774.897705078125,10912462
2024-05-15,777.5495004946132,781.6219162809175,774.7556143581575,776.8865356445312,9755062
2024-05-16,781.6218974626161,782.426946834383,755.151108781539,768.9784545898438,20536990
2024-05-17,771.3935410944193,778.9228082130512,768.2682012918576,774.5662231445312,12492509
2024-05-21,777.5495346221023,792.0397884444491,776.2236048637419,786.6888427734375,14037801
2024-05-22,795.9331822307055,796.0295133266376,783.414724155801,788.422119140625,19239277
2024-05-23,794.1517316465437,804.5516696610887,791.5517324493296,801.277587890625,17497488
2024-05-24,799.2553916967729,810.0886726083256,796.3665167870256,797.9072265625,12252075
2024-05-27,801.7590699633794,808.3072335281287,792.5146936444445,802.818359375,12295193
2024-05-28,804.7443027300019,809.5590944673188,792.8035957117308,800.3628540039062,13818893
2024-05-29,797.7146835951445,803.5405695871641,788.9517277526038,792.1776733398438,14518232
2024-05-30,790.9739767920537,805.0331445629747,788.9517290829909,795.2590942382812,17818705
2024-05-31,799.9294778988177,804.0701868667423,786.8332096505334,799.5924072265625,22267336
2024-06-03,831.5626306363492,878.2179721623354,825.0145259321062,872.1032104492188,64269020
2024-06-04,863.7736004371982,863.7736004371982,704.8373437950039,746.4852905273438,122381193
2024-06-05,761.4592351040986,765.5518076607758,716.4890731382206,760.4962768554688,74256082
2024-06-06,770.3666270723245,802.4812623286783,766.5147939369629,786.6887817382812,40555649
2024-06-07,789.5295559574165,800.699849042878,780.4777241722821,799.207275390625,25061284
2024-06-10,803.2516957835098,814.1331129043821,798.4850404060916,800.9887084960938,16725508
2024-06-11,805.0331354685376,808.4997618244676,798.3405635563713,804.5997924804688,14754408
2024-06-12,805.9960606828112,814.2293420209461,802.1442276568479,808.0182495117188,15071442
2024-06-13,813.6997946256373,814.5664806385139,805.1294419180801,812.6405639648438,12523972
2024-06-14,813.6997704563229,818.4182896763856,804.1664596950984,808.1146240234375,12903496
2024-06-18,810.377569958488,819.9590170862313,809.1257358857379,813.603515625,14929083
2024-06-19,815.4330423267555,828.7218545519676,809.8478961769484,821.0181884765625,32925140
2024-06-20,821.4033966290509,821.4996689454273,811.1478676397271,812.4960327148438,13985352
2024-06-21,813.6034982004232,816.6367816070117,797.9072307555297,805.322021484375,18990090
2024-06-24,800.699845971808,805.0331584274583,790.6369197366024,801.8554077148438,12715254
2024-06-25,805.996104620019,814.5182621448073,803.3961054308986,811.0516357421875,20917530
2024-06-26,808.7404727237647,817.3589609223837,805.0331069252793,814.0367431640625,16281760
2024-06-27,812.6405440846468,816.0108981811181,807.1998061049042,812.73681640625,20378887
2024-06-28,815.5294261991826,831.9959899913704,812.736823556385,817.5034790039062,23636388
2024-07-01,817.888612537416,818.9960380974777,808.8368397383734,810.7627563476562,10967797
2024-07-02,812.7368170641629,814.9516094316318,792.6591597257975,795.5480346679688,21142840
2024-07-03,798.292447663417,812.5923552125606,794.440614381567,808.8368530273438,23598009
2024-07-04,811.7738338725269,813.6034781228886,803.3960850421123,808.2108764648438,13372587
2024-07-05,806.9590387546798,829.3478187678616,805.996080474543,827.9033813476562,24873722
2024-07-08,827.9033739699761,832.9589048956433,821.8848847727533,824.5330200195312,10359800
2024-07-09,828.0478287632818,837.7255474919629,824.2922680509901,829.3959350585938,13585081
2024-07-10,828.2403880397673,828.3848552906051,812.2553041995063,817.5515747070312,17343236
2024-07-11,822.7516382126789,826.5071405152041,818.273858372934,824.9664306640625,8501366
2024-07-12,824.9663498407772,831.032975099971,823.6181847723751,827.855224609375,11446064
2024-07-15,827.8552953420664,854.4810581363205,827.8552953420664,848.7033081054688,25392820
2024-07-16,849.6180412132858,855.2031872360685,841.9143753130872,848.0773315429688,11893692
2024-07-18,848.0292886499858,861.7514450438412,844.9959463584611,860.451416015625,19435183
2024-07-19,861.8476591694113,865.6994922830175,850.581035557251,856.4069213867188,14562742
2024-07-22,848.7996180509505,861.8476914572568,835.8478169663675,844.3218383789062,14614111
2024-07-23,850.2921997086647,851.7366371940136,817.647889030057,831.8997192382812,18279212
2024-07-24,832.1885940113407,835.8478238817672,815.8183025297853,820.4404907226562,19624845
2024-07-25,816.1071101173486,819.2367244039343,810.0404849474438,817.070068359375,9522375
2024-07-26,813.362771563015,832.23673119642,812.7368251429314,830.50341796875,12081506
2024-07-29,833.9699855260068,856.1661615632173,831.2255780072089,839.3143920898438,26582781
2024-07-30,842.2996149354311,847.9328973347123,836.8107410128214,840.469970703125,13528447
2024-07-31,841.4810813734941,842.5403707610664,835.8477988655185,840.0848388671875,11636874
2024-08-01,845.2848286735671,848.7515140014297,827.6145664441017,830.696044921875,11787203
2024-08-02,824.9663688604599,826.5070785961769,814.8071707781978,816.4441528320312,12609331
2024-08-05,799.25534329257,800.5553134135039,770.3665959446458,781.5850830078125,27676951
2024-08-06,792.1776770526977,795.9331791962649,766.1778026885571,768.15185546875,17900930
2024-08-07,779.0333009734679,780.6703419145541,770.8962912047291,778.6962890625,17692355
2024-08-08,781.9221664085547,787.507312985182,773.06293798995,778.1184692382812,14769069
2024-08-09,785.7739981345145,799.2072786074854,779.5629051443975,793.7665405273438,15320885
2024-08-12,790.2035442003192,792.5146675912324,781.1517715969126,782.4998779296875,16120449
2024-08-13,783.3665819906377,789.6258109801142,765.5999894887229,768.0073852539062,17585172
2024-08-14,771.2815013387534,779.1777715549281,770.7518860016988,773.2555541992188,11788665
2024-08-16,773.2555353649926,784.7147629479969,773.2555353649926,782.0184326171875,11427335
2024-08-19,784.8110381744631,794.8258283062914,782.4999146750221,783.5592041015625,10151482
2024-08-20,787.6517443817361,792.5146719871843,783.2221009869668,789.9146728515625,10347493
2024-08-21,789.9146891751129,790.588771746324,781.1517920723019,785.3406372070312,14607257
2024-08-22,788.662838830503,793.3813579571615,786.8331945713555,789.9146728515625,7832917
2024-08-23,791.0702271868793,791.5517063269808,784.3295192254573,785.1480102539062,5537747
2024-08-26,787.6998695275697,792.9480038850295,783.6554330147424,784.859130859375,8523795
2024-08-27,787.5073199593448,789.0962247326166,781.0073511539267,785.677734375,12833290
2024-08-28,784.5702603306938,786.9295198766698,776.625854503473,779.41845703125,10371300
2024-08-29,779.5628735084862,785.7739662465469,777.0592054590912,784.3295288085938,18247268
2024-08-30,786.8814263829273,790.2999167148297,784.1850960274376,785.3887939453125,8911426
2024-09-02,787.0257841074723,794.8257813768107,782.9332114506573,791.6961669921875,11813750
2024-09-03,791.6961816359209,795.3554113830713,786.159171468402,794.2479858398438,10548350
2024-09-04,785.2443376942574,788.325815931437,783.5110245528155,786.2554321289062,10789570
2024-09-05,788.0369123055189,791.6962009160937,784.2332739868236,788.422119140625,8395074
2024-09-06,781.4406841241514,782.7888492947188,748.2186217676717,753.514892578125,40220096
2024-09-09,755.9222919924988,759.0037704153561,742.4408753200211,755.2000732421875,21322103
2024-09-10,758.8111049121503,759.5814597612606,748.7000432350214,753.6593017578125,12824701
2024-09-11,751.1555836071334,758.811113576376,737.0482802754062,740.1296997070312,20060665
2024-09-12,746.2927156991332,760.6408185171384,744.1260594277486,758.5704345703125,17578964
2024-09-13,761.7000092457633,765.5518424151477,756.0185318111974,761.5555419921875,12950936
2024-09-16,761.5555716904744,765.5518722692779,755.344537482079,756.451904296875,9553736
2024-09-17,756.5000258703583,758.3296701716079,751.637098153009,753.9000854492188,10665630
2024-09-18,754.7667043250664,765.3111094724715,753.0333911386886,763.3851928710938,18324412
2024-09-19,765.5999675189145,771.6665929182252,755.0074264560737,760.6889038085938,10645478
2024-09-20,765.4073730812867,765.4073730812867,750.625986843672,752.7445068359375,21372244
2024-09-23,756.8852061006995,775.1814133728537,755.4407686844768,772.1480712890625,17309545
2024-09-24,769.6444158126969,774.4592072785255,766.9962805064912,768.6814575195312,15180653
2024-09-25,768.3444760133515,768.4407483367515,759.4852476109977,763.7222290039062,18465571
2024-09-26,766.5147888755175,773.2554968178902,762.277748944874,772.1480712890625,23198842
2024-09-27,772.1480434176262,778.0702601200948,768.8740206569526,772.91845703125,15193681
2024-09-30,772.1962595176911,772.8702832866289,757.3185425049131,758.71484375,15484573
2024-10-01,758.811137952777,770.7036494096986,758.811137952777,767.4296264648438,13280535
2024-10-03,760.6408027275493,774.2184915699847,755.2482008550121,764.6851806640625,15944135
2024-10-04,762.6629675013947,779.8517495092212,756.1629990283715,767.1407470703125,20097454
2024-10-07,770.3666227637009,774.2184558775194,737.0482898388944,742.1038208007812,24267990
2024-10-08,743.6445559601656,755.3445229531092,743.6445559601656,752.5037841796875,8560960
2024-10-09,757.5593104537433,774.5554892758929,753.0815308248506,767.8629760742188,18758697
2024-10-10,769.4036799200226,774.6518143977434,765.5518467289336,767.5740356445312,10241015
2024-10-11,767.6703835690523,772.9666543229133,763.6259468748779,770.1259155273438,14322720
2024-10-14,772.2925246699068,779.273972056262,771.136963002821,775.3258666992188,8967564
2024-10-15,775.6629124338771,777.5888290383062,771.9073515455158,774.8444213867188,6252104
2024-10-16,773.0628831824524,779.0332361787332,772.3406644838936,775.61474609375,6494240
2024-10-17,779.514689677183,789.1442720079697,776.1443358614076,781.0072631835938,18580553
2024-10-18,781.0554274190987,792.1294474976112,773.1592166434322,790.010986328125,11704698
2024-10-21,794.1517285715379,795.8369056109815,779.0332713770955,783.7999267578125,10359618
2024-10-22,783.8480454773676,786.5924530851014,758.329650876446,761.1222534179688,16645356
2024-10-23,760.7370259136948,763.2406938816622,750.9148399002006,756.8851928710938,13866198
2024-10-24,756.9333844585227,767.4777899396578,755.585278059477,765.1185302734375,5607500
2024-10-25,768.4407046924659,771.0888399529977,743.4037895019845,752.0222778320312,9717125
2024-10-28,754.7667145175037,774.1703480481368,754.5259749390806,762.7111206054688,13757251
2024-10-29,766.5148254883454,803.925732845734,761.2185547092174,801.8554077148438,28274791
2024-10-30,797.3294530672716,802.1442444505282,790.6368812896834,791.9850463867188,15977682
2024-10-31,789.625816992613,797.3294834998579,783.4147241162844,789.8184204101562,13402324
2024-11-01,791.9369337915391,795.0183533490626,788.566579722976,790.7813720703125,1637141
2024-11-04,792.2258449875555,806.4776167890851,777.2036594878515,799.1109619140625,14498161
2024-11-05,799.1109232553587,819.8627216790217,795.6442968785319,817.7442016601562,26254561
2024-11-06,817.7441759391488,829.492278606691,814.8553011245552,823.13671875,15002433
2024-11-07,829.1070762299017,830.4552413269911,815.3367846280997,827.7589111328125,15283847
2024-11-08,827.7588901564618,831.5144508501054,803.2997858129482,811.9182739257812,26139105
2024-11-11,814.662743202751,822.3664098051412,810.810909901556,816.2516479492188,12621337
2024-11-12,820.9218861125494,821.7885720240326,793.766452435842,796.0775756835938,11350729
2024-11-13,792.8517297121596,800.940603318519,774.8444556831504,778.6962890625,13756706
2024-11-14,778.6962686314655,787.6999054097373,771.3777501381329,774.459228515625,9461484
2024-11-18,780.9592121300385,786.4480864115857,769.6444516583641,784.136962890625,9322451
2024-11-19,788.6628877822667,789.9147218810267,770.462951477566,773.2555541992188,13677029
2024-11-21,768.9221597525542,768.9221597525542,733.3408407931131,751.8296508789062,29486577
2024-11-22,756.8851983330345,789.5776432728918,755.0074179563543,785.8220825195312,20665405
2024-11-25,796.3664717835007,818.1293046973657,795.0665016573014,813.1701049804688,23434605
2024-11-26,812.7367744440559,815.3367735105277,804.5997653621181,808.3071899414062,8893744
2024-11-27,807.4405312232043,811.292364407334,801.2775746188726,803.2034912109375,8375108
2024-11-28,803.2034750413964,814.4700986330259,799.7368487551913,807.7775268554688,13505677
2024-11-29,809.9442265086632,812.7849653323096,800.7479862272926,807.8739013671875,10822949
2024-12-02,807.873928059787,810.8109393035892,801.8554383084241,805.4183959960938,6651119
2024-12-03,806.9590409400479,824.8700414893754,805.8998103387524,822.3182373046875,12186182
2024-12-04,822.3182146362292,831.9959333561703,818.8033934913788,827.855224609375,10749716
2024-12-05,828.1441384564639,839.1700227524034,823.9070984244045,833.3922729492188,14716036
2024-12-06,833.199706421366,843.0218932764863,825.2553000902753,831.6589965820312,14520568
2024-12-09,827.1811795615839,834.7403787055949,825.2071268017763,826.266357421875,9630346
2024-12-10,829.8774588919769,836.7626343106416,826.2663652334417,835.3663330078125,7379849
2024-12-11,835.3662917047014,837.6292201091063,829.0589268478445,829.684814453125,7006973
2024-12-12,829.588577653526,832.2848491458258,819.6219827317773,822.0775146484375,8845103
2024-12-13,821.0182301359672,830.9367477307743,804.0701874198363,829.63671875,9379370
2024-12-16,827.9515344064523,834.3070944496669,826.025617806868,829.0589599609375,6432713
2024-12-17,826.7478560331779,830.6478254844673,815.6738353243519,819.044189453125,8791216
2024-12-18,819.4775061625006,820.4404644541135,805.9960900799213,807.103515625,8295338
2024-12-19,794.0553903446263,806.9590550690585,789.8184090909501,801.95166015625,9453398
2024-12-20,803.9738871433539,805.0331177359144,779.9962025910175,781.922119140625,10244198
2024-12-23,787.025851437494,793.4776841679945,782.114787338898,790.7332763671875,4933200
2024-12-24,793.7183788955526,795.5961593356999,779.2258682332135,781.9702758789062,10602771
2024-12-26,782.8850840507691,792.3701996282533,778.0702926359427,782.35546875,8318714
2024-12-27,786.0628842447148,787.9888009322062,767.6704033888981,770.0296630859375,10649800
2024-12-30,772.292577441985,778.0221912364731,755.9222859001974,759.1000366210938,21515438
2024-12-31,757.8000566357981,769.5962959772957,756.8852344830239,765.5037231445312,9086044
2025-01-01,766.0814709969738,769.0666770195652,760.2555849821816,763.8185424804688,7273098
2025-01-02,765.5518634653022,772.6777785343264,757.848196914708,771.522216796875,11398319
2025-01-03,771.5222327205842,779.5147751769242,762.8074715102198,764.0111694335938,13336514
2025-01-06,767.8629313364202,768.055475966793,744.5111937959167,747.6408081054688,11419367
2025-01-07,750.9629781385199,754.8148111917903,746.1481868219319,749.9037475585938,9669152
2025-01-08,751.9741707073787,754.911181809416,731.9445907621887,742.5853271484375,15641490
2025-01-09,742.5852812864381,742.7778259178452,699.3484321602015,732.2816162109375,15351029
2025-01-10,732.1853132713054,735.1223830791824,714.5631882955921,715.71875,11779296
2025-01-13,714.0335881192036,716.3928477377098,695.7373801970662,702.4780883789062,10414733
2025-01-14,705.800278346691,728.9594130704888,705.800278346691,720.437255859375,11960975
2025-01-15,725.252061939764,730.7890721249498,722.2187198068513,725.7816772460938,7792299
2025-01-16,732.2334984141427,747.929706597395,732.2334984141427,737.9149169921875,11816079
2025-01-17,737.9149066564445,739.5038113032925,731.2705298930534,735.79638671875,5766573
2025-01-20,740.5149313492541,755.9222641211501,739.4075057965499,750.38525390625,9198929
2025-01-21,755.7296474236301,755.8259785163474,728.044596835733,730.9334716796875,13751780
2025-01-22,733.7742364327505,734.7371947482791,710.6632368600655,725.5409545898438,9908339
2025-01-23,722.2187354602709,727.6594734437961,715.5742995843119,718.2706298828125,10986405
2025-01-24,722.1224594960153,725.7816893156935,711.6261904172143,716.58544921875,10579213
2025-01-27,712.5891362148737,727.3705224901476,708.6410307266503,721.4483642578125,11433353
2025-01-28,728.9594308479976,731.6075661648166,717.7891381122306,724.5298461914062,14140860
2025-01-29,725.1075785552505,732.6186413192878,722.0261003310969,730.355712890625,9251973
2025-01-30,730.4520203133268,736.6631132188579,726.7927904600431,734.3519897460938,11085824
2025-01-31,736.5668412651819,748.7482287285419,731.3668428360176,744.2705078125,10083763
2025-02-01,746.1000586507049,749.9037555863902,724.2890890176571,737.6260375976562,9363077
2025-02-03,734.5445718854385,734.5445718854385,725.2520596511663,732.7631225585938,7862190
2025-02-04,738.5889944967314,752.3111498703669,737.2890243394788,750.3370971679688,12020807
2025-02-05,751.107474382643,753.0333909836241,736.6630998752845,737.6741943359375,13419162
2025-02-06,740.5149273858113,742.2963767183029,722.2668559769037,724.3853759765625,32745391
2025-02-07,731.6557177630287,731.75204885935,704.6447487163948,709.8928833007812,37240692
2025-02-10,712.5891688607044,716.3447298819926,706.233667350861,709.5076904296875,12667049
2025-02-11,710.1335578124041,712.7335567858637,699.6372896053772,704.0187377929688,13017060
2025-02-12,705.992919921875,711.3373268740813,690.5855867123075,705.992919921875,12697743
2025-02-13,707.1965624268578,710.1817094926294,699.2521568630419,700.6965942382812,12370571
2025-02-14,703.8744122850989,705.7521928080495,689.6707767316124,695.400390625,10417539
2025-02-17,692.4151383583221,701.7558454140641,685.1929512700127,700.7447509765625,9093600
2025-02-18,700.7447443190354,701.2743596122846,690.7780909672726,698.9151000976562,8562003
2025-02-19,695.3040270429543,707.6298814976512,695.3040270429543,700.3595581054688,6766606
2025-02-20,698.0485270359545,704.4040285962709,696.5558945833883,702.6707153320312,7423268
2025-02-21,700.359526366243,704.5965661934869,693.3299428670359,695.255859375,6571602
2025-02-24,684.1818648659195,693.089229046088,684.1818648659195,689.8633422851562,6912148
2025-02-25,692.318880181649,692.318880181649,683.7003916586949,684.5670776367188,8599635
2025-02-27,689.4781266274379,691.1151674539011,675.1300247842662,677.8263549804688,12033139
2025-02-28,674.9374748612561,675.3707590632506,657.3152915031974,663.28564453125,15780609
2025-03-03,664.5857216898627,671.5671696530677,654.8116710316503,669.544921875,10598479
2025-03-04,667.3300691464701,691.8373684334783,666.4633832092842,689.5262451171875,14386214
2025-03-05,690.970715357852,704.2113919626877,690.4411000485206,703.2965698242188,10409805
2025-03-06,708.7372906926826,709.4595093992308,700.0706662141035,704.93359375,10928847
2025-03-07,704.9336444546556,707.6299160648454,701.0336749136387,705.6077270507812,7246729
2025-03-10,705.6076955415114,711.1447057760574,699.6854784765769,701.9003295898438,7400109
2025-03-11,698.0484671027334,706.8594999287487,695.9299471730827,702.8150634765625,5538789
2025-03-12,703.5373526546633,709.7003096539208,692.4151953776362,696.2670288085938,5547762
2025-03-13,699.0114385308547,704.3558452266985,697.663273429962,700.88916015625,5908337
2025-03-17,701.9003527020252,704.1632812757161,695.5447924372056,696.3633422851562,5149563
2025-03-18,696.3633422851562,696.3633422851562,696.3633422851562,696.3633422851562,0
2025-03-19,712.2039126231394,721.5446195922909,711.7224334883822,717.5001831054688,7604850
2025-03-20,720.292765833536,724.8186813309343,716.6335362646441,721.7853393554688,6963197
2025-03-21,722.1705565633118,727.611235450561,719.3298179504133,725.3001708984375,9577327
2025-03-24,729.9223707530908,753.9481914133478,727.1297682523594,751.8778076171875,12095064
2025-03-25,754.8630261504609,756.8852150473521,740.7075275492936,744.2222900390625,15190143
2025-03-26,743.4038006048552,747.3037699282959,733.2446023903115,735.7001342773438,7711852
2025-03-27,735.5075423870684,747.063042059369,732.3297917320479,743.6926879882812,15648616
2025-03-28,743.5001147786132,749.7593440220716,738.5890507280865,742.92236328125,7628185
2025-04-01,738.3964100364205,753.7556066211873,734.92978367858,743.1149291992188,7011125
2025-04-02,743.6926981564776,748.2186140115384,735.9890316029483,747.20751953125,5458436
2025-04-03,741.4778693122336,755.6333676630561,741.4297331535035,750.3370971679688,7956680
2025-04-04,750.2408294522949,753.9001182138272,736.6631401821917,739.0223999023438,8231194
2025-04-07,702.9595626780941,725.7816862623683,702.9595626780941,719.2335815429688,14923235
2025-04-08,731.8482821294997,745.3296978529378,730.0668328471972,740.1296997070312,12911288
2025-04-09,738.5889950046072,739.5038171183404,713.5520799197053,714.7076416015625,11319387
2025-04-11,730.8853451496299,731.5594277102952,718.3668873275676,725.9260864257812,9360327
2025-04-15,741.4778565892068,742.1519391227857,729.0556715859763,735.2186279296875,7859090
2025-04-16,735.2186797710156,746.0519609071307,732.3298048013849,743.1630859375,12536694
2025-04-17,743.4038315336337,771.329623132695,738.7335071379982,767.9111328125,27034818
2025-04-21,773.255458543513,793.8145932403959,771.7147488855273,786.447998046875,16398507
2025-04-22,790.7332527762891,804.5516812424216,783.8480772367818,791.9369506835938,25117557
2025-04-23,795.4035350043313,800.2183263784495,780.0924749249118,783.3184204101562,12104382
2025-04-24,782.6443782863423,788.6628678148439,781.1036684767707,783.2703247070312,12713521
2025-04-25,784.811056973124,788.6628903815811,757.8482231139246,769.0667114257812,13131038
2025-04-28,769.066700695532,792.3221093100369,767.8630027721836,787.073974609375,11317611
2025-04-29,789.6257719721119,798.2923962986351,779.0332311285836,782.4517211914062,11283059
2025-04-30,781.4407087956405,781.4407087956405,755.440833087098,759.4371337890625,25635764
2025-05-02,761.0740226752047,773.6406747464794,759.7740525588761,767.1888427734375,14720184
2025-05-05,753.0333941109573,769.4036852872824,753.0333941109573,760.737060546875,23986447
2025-05-06,764.5407210502615,769.5481157490566,742.5370895801225,745.4259643554688,18869468
2025-05-07,736.9519304230361,753.4185516163304,736.2297117419523,747.3518676757812,15586266
2025-05-08,750.1445368852355,757.3667243392013,735.7001619773041,740.5149536132812,14491673
2025-05-09,728.4779526212103,752.7445134918086,727.5149943229668,750.38525390625,13578216
2025-05-12,769.4036424963954,774.1221614356956,763.6258929907904,771.9555053710938,15096824
2025-05-13,769.018476685771,777.7332963407931,767.6703703271746,772.0518188476562,13909596
2025-05-14,775.9036380329437,777.5888150314639,766.8036704860727,771.0407104492188,9281719
2025-05-15,774.6518391145711,779.4666307570579,765.0703919911599,777.82958984375,17058854
2025-05-16,789.7644580739088,789.7644580739088,776.9946347468432,778.0751342773438,14733924
2025-05-19,778.0750903727592,787.2104729702169,778.0750903727592,780.9237670898438,10666184
2025-05-20,784.0180560729261,785.2459236919375,769.9220998339915,771.7393798828125,11324667
2025-05-21,773.0654298291093,776.9946060925355,765.3052827270537,773.1636352539062,8206040
2025-05-22,774.0477442991881,774.2442151084329,766.4840678018166,771.346435546875,7355826
2025-05-23,773.9495383488706,780.874699700136,772.2796264031289,776.5034790039062,5534158
2025-05-26,777.9769427872259,783.4286631605596,775.2265312430146,780.33447265625,4965466
2025-05-27,780.3344684569088,787.1613645883718,776.0614530866071,779.6468505859375,11995043
2025-05-28,780.4326591919574,784.7547771957036,778.6154390963333,782.4463500976562,6873519
2025-05-29,784.8529869834019,786.2282227070898,777.3384131262393,783.232177734375,14034127
2025-05-30,783.8706869171444,800.0785394661832,778.5662748283969,797.91748046875,22037314
2025-06-02,798.4577080916993,807.9859725290632,794.8723707211232,799.2435913085938,26891575
2025-06-03,801.7484370268255,803.9094959854718,790.8940994751483,795.4617309570312,14247597
2025-06-04,802.5342413659282,802.5342413659282,790.9922862422444,792.2201538085938,9607927
2025-06-05,794.3812098308251,797.3280919793597,788.6347536685006,791.72900390625,13595507
2025-06-06,792.3675287830383,801.9939985959651,788.88033690073,798.6541748046875,17163935
2025-06-09,802.9272300169949,809.9014942207324,801.2573180380161,805.5302734375,12793040
2025-06-10,806.4634476687678,807.4948444720902,800.1767415127031,802.5833740234375,6560513
2025-06-11,802.5342598525855,806.0704945433416,798.6541862626485,800.6187744140625,7197825
2025-06-12,801.5519752269744,802.0431222706184,787.0140347260071,791.679931640625,13448521
2025-06-13,772.3287088939938,782.2007522600275,772.3287088939938,778.3206787109375,11377117
2025-06-16,778.4680786132812,781.3167555010375,772.2305350251097,778.4680786132812,8085001
2025-06-17,779.9415184126576,784.7056208342702,776.5525917636725,778.2716064453125,7753156
2025-06-18,778.4680756237817,781.4149579289822,774.3915311197982,777.8787231445312,5710169
2025-06-19,778.320667516001,779.2047561439027,767.8592718430074,771.1990356445312,11824333
2025-06-20,773.5565989033221,785.2950253156704,772.181363190149,782.053466796875,11367669
2025-06-23,776.0123304607985,780.874698193188,774.5388893270122,776.2088012695312,5549253
2025-06-24,784.8529460243278,792.3675194893278,779.5976968381185,781.3167114257812,11402190
2025-06-25,785.3440886452789,789.567941046098,782.0042649119035,785.8843383789062,6528324
2025-06-26,787.7998677833231,789.1259408358321,777.3875743106198,782.9375,24704402
2025-06-27,790.7467068374075,795.1179273319369,788.4383398116579,791.1396484375,19375990
2025-06-30,794.6759369772839,806.4634663267615,792.7604514670988,805.824951171875,19652607
2025-07-01,805.4811416394373,810.2944065895595,798.8506566320394,805.7758178710938,11456405
2025-07-02,806.4634551919074,809.4594402026391,794.6759260051804,798.5068969726562,6661200
2025-07-03,799.0962152227779,800.0785092795976,791.5325389943724,792.8095092773438,7020403
2025-07-04,794.4303152499558,799.4399909377498,789.8626239223718,797.4754028320312,4319538
2025-07-07,796.8369801203829,798.2613185459272,790.8941128494637,792.56396484375,4461783
2025-07-08,793.5953947208753,799.1453201848503,791.0904969053553,798.2612915039062,5935770
2025-07-09,795.6581782931005,798.0648106998194,794.675884245825,796.5913696289062,4099112
2025-07-10,796.9351619351286,801.0608089938022,792.613104027281,793.693603515625,12178137
2025-07-11,793.2515938303184,798.1630643635436,790.3047115103832,794.3321533203125,6202372
2025-07-14,795.4617558456557,801.0608442463658,793.6936384439774,794.528564453125,6938635
2025-07-15,796.6405037947652,806.4634446553665,796.1493567517351,801.9940185546875,9297645
2025-07-16,801.5519699633943,819.4297342255312,800.8643521159136,816.9739990234375,16458920
2025-07-17,823.5553655077234,827.5827471798666,811.7186740978348,814.32177734375,23073718
2025-07-18,817.2686571434967,817.9071722636787,805.7267019494631,808.7717895507812,15387801
2025-07-21,808.4280466091758,812.7010019745913,803.4674733809013,809.6068115234375,8852594
2025-07-22,812.848378561757,813.3886283330482,799.5874080353719,800.5697021484375,7851163
2025-07-23,798.113968917551,810.5891161764496,797.1316748019602,806.1196899414062,15470390
2025-07-24,805.4811769361788,807.3966624575928,796.29675091266,801.25732421875,10118309
2025-07-25,800.569684169264,804.6953313423805,791.2378903047143,792.269287109375,6734439
2025-07-28,792.269295178368,794.6268250025805,781.906104403612,783.0357666015625,7734158
2025-07-29,782.1025562450097,785.8352617474154,779.057408633055,785.0494384765625,7833759
2025-07-30,784.8038487430033,789.1750692870572,782.1025400865564,787.4560546875,8743723
2025-07-31,781.0220116677076,789.5679822929258,778.5171737140591,782.4463500976562,11359112
2025-08-01,781.6114403088707,786.8175871342196,777.9769400877676,779.9415283203125,15468391
2025-08-04,780.4326243068729,783.0848302381428,772.62337460265,781.6113891601562,8820724
2025-08-05,783.8706809392065,789.8135481709712,782.2007690014489,786.4246215820312,7381537
2025-08-06,786.7684568691343,795.8546771264834,784.8529714185823,790.8941040039062,7409396
2025-08-07,786.915765008732,792.3675451267196,779.3521485418682,790.8941040039062,7091392
2025-08-08,790.7467609363763,793.4971724617818,776.0123492419096,790.0591430664062,15708181
2025-08-11,793.6936009259229,810.392599955305,793.6936009259229,808.8700561523438,15236297
2025-08-12,810.3435108131079,810.8837605645641,805.481143141057,806.0704956054688,7986728
2025-08-13,808.0842230461906,810.3434873670307,806.1196349490305,807.29833984375,4447508
2025-08-14,807.4457350525524,813.3394995419872,804.5970582342032,811.9151611328125,7087573
2025-08-18,821.1978592084581,823.1624473883827,810.5399923141568,812.9957275390625,6138124
2025-08-19,812.8483446933888,816.2863739458684,811.1784327798614,815.697021484375,5076681
2025-08-20,814.0271315534591,817.1704846600775,812.7501612160911,814.272705078125,4493888
2025-08-21,814.272717098252,818.4965697939625,809.4594519619582,811.0802612304688,4402511
2025-08-22,809.4103255407733,811.3749137095616,801.2572966311966,801.7975463867188,5097647
2025-08-25,802.9763126407477,805.9722976123364,799.7838568610522,801.9940185546875,5672898
2025-08-26,800.4223233479629,801.404617447895,792.4657651203016,793.5462646484375,6997817
2025-08-28,792.9568789424643,796.6404816628535,786.4737621363677,787.750732421875,7898436
2025-08-29,786.5228982350536,792.4166628378574,784.3618392231308,788.291015625,6861440
2025-09-01,788.8803576581267,793.9882989038185,788.4383732823478,791.7781372070312,5619805
2025-09-02,792.0237296591938,796.1493769160325,788.4383921269514,789.666259765625,5075460
2025-09-03,790.0590972888992,798.8997437933355,788.7821270069304,797.7701416015625,4261589
2025-09-04,800.2258915459101,802.2886851199853,793.6936119705517,795.06884765625,4471950
2025-09-05,797.1316242177459,798.1139182710025,789.4206398814698,792.318359375,5194842
2025-09-08,793.6936078879036,799.4400042107487,792.5148430140074,794.4794311523438,4614227
2025-09-09,797.6228148719179,797.966593827573,791.3361086054234,794.528564453125,4567272
2025-09-10,797.622777526262,809.9996587129843,796.0511310104619,803.7130126953125,7285853
2025-09-11,804.5970423736838,811.0802191569468,804.4988369492515,809.0665283203125,7425055
2025-09-12,809.5085114612542,811.1784233553801,805.2846589910332,808.96826171875,5078018
2025-09-15,808.9682688172991,813.1430186120108,806.561636356512,810.1470336914062,3852494
2025-09-16,810.4908511172532,818.2509986153229,807.1019843806856,816.82666015625,9467531
2025-09-17,819.5279331306582,842.9556827448961,816.2863746805828,841.973388671875,17243938
2025-09-18,843.4468127830675,845.5587090248177,836.0304447176452,839.222900390625,10400847
2025-09-19,836.9145788068039,849.1441524246292,834.262372728141,847.081298828125,15206426
2025-09-22,846.7374795324375,852.8277146939828,838.8791270541783,840.1069946289062,6594034
2025-09-23,839.4684757773939,858.7705779481222,836.1287119616596,855.1851806640625,14357863
2025-09-24,860.4896293435494,864.9099527819579,849.1441445091953,850.8631591796875,12840160
2025-09-25,851.2069400560208,854.7432347874252,844.7238229801568,845.902587890625,8678821
2025-09-26,846.7374895737396,849.0458566598143,837.8968429308584,841.7769165039062,6959545
2025-09-29,842.8574336077328,858.0338893192718,840.8437427101278,855.3325805664062,22641712
2025-09-30,854.5467671830805,862.0612811008727,852.2383400675699,857.0025024414062,12831593
2025-10-01,856.8551164386336,860.9316608640574,847.5233226519999,848.80029296875,10832384
2025-10-03,849.8317681995126,857.5427529354124,848.5056351862063,851.9436645507812,8019442
2025-10-06,852.6312903204407,859.8020253564342,847.5233489405293,858.5741577148438,7820352
2025-10-07,858.67240059065,861.4719147583033,847.7197975329713,849.3897094726562,9242580
2025-10-08,851.4524964349083,852.434790514772,842.0715999631051,843.0538940429688,7156112
2025-10-09,846.3445463246103,850.4701934075276,842.906517081258,846.835693359375,7020501
2025-10-10,846.8357087276893,868.1023997007326,846.0498854486992,865.0573120117188,13713015
2025-10-13,863.4365156616575,872.3753680081057,860.4896333556451,867.3165893554688,11923143
2025-10-14,867.3656576175208,868.4953197717444,856.6586283491738,861.4227905273438,7681973
2025-10-15,862.552413904726,871.7860023052981,861.5210171041608,870.4107666015625,8269225
2025-10-16,872.5718005367993,876.0589324550273,866.8254042739779,871.2457275390625,8493686
2025-10-17,871.7859901135612,878.9076221454748,867.3656667834078,873.4067993164062,8511854
2025-10-20,878.7602670499772,897.4730173879747,875.273135028841,891.431884765625,13546463
2025-10-21,891.9230028558147,893.8875909678319,890.3513563479894,891.775634765625,1783576
2025-10-23,895.8522005767054,901.7459650541837,888.7796712128369,895.41015625,13382769
2025-10-24,894.8207940870866,897.9149844315482,884.9978533977383,888.4849853515625,5313227
2025-10-27,890.8916307113675,911.5689091709564,889.9584393414725,906.411865234375,9150761
2025-10-28,910.6848024520077,919.2798755091706,901.4512742261386,913.779052734375,22066289
2025-10-29,917.3644435934705,925.3701041834124,913.7790463044942,923.11083984375,12314222
2025-10-30,922.8161933430813,928.1697081157838,916.5294871954993,917.8064575195312,13044473
2025-10-31,918.3467523280527,929.9378103922294,913.7790609093079,920.4095458984375,12078252
2025-11-03,922.1285723673408,936.5192046955284,920.9007047609928,932.8847045898438,11744735
2025-11-04,934.1616585246089,942.314687296863,924.8298648800413,940.644775390625,19154518
2025-11-06,952.4814547462262,954.2004693430785,938.3854990793552,943.739013671875,23088096
2025-11-07,941.7744580906816,947.7664280534589,927.2856202739019,938.92578125,13371323
2025-11-10,939.0731232147145,946.1456524515773,932.2952702055394,934.3090209960938,7343249
2025-11-11,936.7156357136287,938.041768729716,928.3170330963064,936.4209594726562,8648917
2025-11-12,940.7430695871906,944.5248778824666,934.5546287610688,940.2028198242188,7043323
2025-11-13,937.3541550706268,946.8824199346525,935.586037662384,937.1085815429688,8894441
2025-11-14,936.0771717973782,951.8920827784771,935.1439804142634,950.7133178710938,11032927
2025-11-17,953.8075386869531,958.7190090200476,951.3518035204058,956.1159057617188,7415026
2025-11-18,958.3260628811324,959.4066223219879,951.6955779628004,955.2318725585938,6594686
2025-11-19,955.2318704792619,967.0193991973044,951.6464731790688,965.3494873046875,8291226
2025-11-20,968.5419358569656,969.131288306733,962.0096564254319,964.1707153320312,6440857
2025-11-21,962.3535354628224,963.2375641743527,953.8566675716402,955.3792114257812,5377241
2025-11-24,958.2769795122267,960.3889357698928,950.9097738987026,953.4146118164062,9901946
2025-11-25,958.276992765206,971.4397576251993,954.1513455736803,966.1844482421875,9140201
2025-11-26,969.1313331127609,981.3118039098479,964.760172340205,966.4791870117188,13943490
2025-11-27,969.2295646138847,971.0467846498851,951.7447422714566,955.624755859375,11909168
2025-11-28,959.5048346119848,965.5950698307025,955.8212318532206,961.6658935546875,8117842
2025-12-01,968.0017293926574,973.6499204475664,952.6779055144807,955.870361328125,8808306
2025-12-02,958.7190050026365,963.0902255716678,947.8155648906452,950.1730346679688,13444314
2025-12-03,953.2672831530164,955.3300766986022,930.7727251822406,934.2107543945312,14051968
2025-12-04,934.2107677926339,935.6842089047472,927.7276508811245,931.31298828125,13622724
2025-12-05,932.049720989894,956.0668234213827,929.9378246743456,954.2987060546875,17347847
2025-12-08,953.6601656790195,955.2809748623741,934.8492703729215,939.466064453125,15386438
2025-12-09,937.8944043562335,946.9315221602762,933.6214489589805,942.3638305664062,9580294
2025-12-10,943.1005538600858,946.8824221676225,938.3364513940754,942.7567749023438,6989178
2025-12-11,945.0651010209991,949.3872189119578,941.479763637212,946.1947631835938,5979035
2025-12-12,948.8960717352387,949.8783658053579,941.0377191742843,946.0965576171875,5681930
2025-12-15,940.3010214625418,951.6956089709226,940.3010214625418,950.1239624023438,4416952
2025-12-16,948.9451629202439,951.8429423827886,941.0868104547513,944.1319580078125,4764786
2025-12-17,948.4540382267455,961.1747585707222,947.2261706250966,958.5716552734375,8013382
2025-12-18,960.5854160531443,964.072548087051,956.2632980687841,960.2415771484375,4926879
2025-12-19,962.5990921488027,964.6127830145067,959.7504153454842,962.94287109375,5376584
2025-12-22,963.7287212154426,965.595103994373,955.3301186192043,957.0491333007812,5959037
2025-12-23,959.0137084154704,960.2415760284049,953.5128854913131,954.691650390625,5123287
2025-12-24,955.9686342202896,959.9960160658125,950.3695458353262,951.7938842773438,4105643
2025-12-26,951.7938380949545,953.8075289200087,947.6681910665071,949.1907348632812,3286321
2025-12-29,949.7801706470483,951.7447588085237,944.4266559161334,947.962890625,5267233
2025-12-30,945.9491873630989,958.915481049936,942.5111581255383,956.2141723632812,15030644
2025-12-31,957.9823092348453,968.1981917309051,956.2632945810017,964.8092651367188,5807630
2026-01-01,965.7915430941249,970.1627637032144,962.9919690176538,967.3140869140625,4328348
2026-01-02,967.0685336904954,991.6258859934536,966.528283930725,981.2626953125,7357435
2026-01-05,982.2940684850213,997.5196265465391,982.2940684850213,987.7457885742188,11259060
2026-01-06,990.1033041483112,1005.869111730934,987.1564219850369,1000.8594360351562,9575742
2026-01-07,1004.5921658085748,1004.5921658085748,986.2232545545625,989.3175048828125,7896720
2026-01-08,988.7771726722618,993.6886429516878,978.2175115714958,980.3294677734375,6854268
2026-01-09,978.3648939690311,990.1524228120314,976.400305828531,982.7852172851562,7809460
2026-01-12,990.1524157511643,999.2386358361825,978.364886992222,997.1758422851562,7617922
2026-01-13,1004.6903698484319,1011.2717521544648,998.0107821164995,1010.2402954101562,11016895
2026-01-14,1011.762899052176,1012.1558406646648,1002.4311053230539,1010.14208984375,7370514
2026-01-15,1010.14208984375,1010.14208984375,1010.14208984375,1010.14208984375,0
2026-01-16,1013.7274769567848,1028.9038723255544,1010.1912422980266,1023.8451538085938,11051580
2026-01-19,1016.6743972572739,1025.1221025667041,1015.6921031536436,1020.0142211914062,5460164
2026-01-20,1021.3402828105476,1033.3733854452475,1014.758960353515,1018.0496215820312,8905718
2026-01-21,1013.7274897970154,1022.1751948968682,1003.9045490044088,1010.4368286132812,7408949
2026-01-22,1016.6743620200224,1036.8113904465058,1015.7412306174947,1029.7879638671875,12001641
2026-01-23,1033.27513930533,1034.3556387828587,1007.4407577235297,1011.271728515625,10917698
2026-01-27,1015.7903012550574,1036.3202718546306,1012.0084929651499,1034.5030517578125,14420630
2026-01-28,1040.6424178822,1046.7325934811859,1025.6624325065334,1044.6697998046875,12171257
2026-01-29,1044.1786063237967,1055.9661352757114,1041.5264602731938,1047.3218994140625,14800724
2026-01-30,1045.1609334664397,1063.3333745088544,1041.6246986507867,1058.078125,9480769
2026-02-02,1001.841784674364,1013.0399614867208,972.4711668650343,1010.4859008789062,14434549
2026-02-03,1067.7536525315768,1070.5041238871402,1021.8805674931078,1045.3572998046875,16129381
2026-02-04,1045.3573226632539,1054.8856472820669,1037.5972952790487,1049.2864990234375,7312276
2026-02-05,1049.2864692879657,1061.8598812478167,1048.5989114079966,1054.49267578125,9551567
2026-02-06,1051.0546673292163,1054.590902041245,1032.3910797785106,1047.5184326171875,7041557
2026-02-09,1100.1693390052355,1129.638160585733,1081.0146049779123,1125.708984375,40852966
2026-02-10,1130.6205046120729,1133.5673869003754,1117.9488867905825,1123.8426513671875,17280036
2026-02-11,1124.43198276359,1166.474217252129,1122.5657199431428,1161.9556884765625,29491859
2026-02-12,1162.0538873261555,1182.3873266556052,1153.9991238982925,1171.2874755859375,33214985
2026-02-13,1167.9476861585035,1179.735215371205,1163.5273627037404,1177.377685546875,18141390
2026-02-16,1172.859149893071,1190.8351798022472,1164.3132392267757,1186.70947265625,14972739
2026-02-17,1184.7448547341048,1203.8013836881914,1182.7802665926308,1191.9156494140625,20107196
2026-02-18,1197.220031881822,1202.4261183830988,1192.5049724948722,1197.3182373046875,10417264
2026-02-19,1201.2474588953376,1203.212047062667,1177.9670171671169,1184.3519287109375,9630899
2026-02-20,1184.8430141192323,1196.4341316671034,1180.5210163030872,1194.5677490234375,9958162
2026-02-23,1200.3633155560203,1209.302167328373,1195.5500507835413,1206.0606689453125,9733835
2026-02-24,1210.1862912839226,1212.8384373028666,1198.1040262888578,1201.640380859375,15788449
2026-02-25,1206.3553078239622,1206.3553078239622,1176.2971336514831,1178.85107421875,19581100
2026-02-26,1179.7352169268681,1193.880275982552,1167.849482270177,1188.084716796875,16196052
2026-02-27,1185.6289359982593,1190.3439954720204,1177.3776418736493,1180.4227294921875,10700355
2026-03-02,1164.0185219818375,1176.1007875153553,1158.5176989399156,1168.831787109375,16270835
2026-03-04,1151.3468160340765,1161.7591088376892,1137.1035525068773,1153.704345703125,13855065
2026-03-05,1160.0893510848653,1162.250350176651,1130.227585974388,1148.79296875,22100665
2026-03-06,1147.8105829193835,1148.5964661130286,1117.8506147730068,1122.7620849609375,20333328
2026-03-09,1095.2579011773867,1095.2579011773867,1045.4556391950514,1079.050048828125,24631198
2026-03-10,1091.426946764578,1100.0711827783487,1084.9438297087236,1092.5074462890625,17491459
2026-03-11,1093.68621097212,1096.1419460785291,1068.735918309216,1071.781005859375,8364878
2026-03-12,1056.0643275370824,1078.5588856550278,1051.545798810298,1065.9854736328125,14614140
2026-03-13,1058.4218838608822,1062.1546493731119,1023.8451797948526,1028.4619140625,15978675
2026-03-16,1030.1318158454478,1054.0016113922836,1017.754933672958,1047.8131103515625,15322269
2026-03-17,1054.8856886705516,1054.8856886705516,1028.4619526297915,1045.8485107421875,16427877
2026-03-18,1048.5989519731277,1056.3590993465684,1042.5087765154108,1050.8582763671875,10749915
2026-03-19,1030.917599515117,1040.936950803617,1022.5681001383867,1030.3282470703125,13431191
2026-03-20,1039.6600314398456,1065.7890288095168,1035.3379137006734,1039.26708984375,17748625
2026-03-23,1020.6035363599531,1027.086653225109,996.2426554714183,1013.6292724609375,16039603
2026-03-24,1036.5166462758839,1040.2494116751225,1001.9399432564919,1012.5487670898438,30416734
2026-03-25,1024.5326936323975,1046.6343097462316,1024.5326936323975,1041.821044921875,16205333
2026-03-27,1032.6857904923231,1036.6149667218629,995.0638801309044,1001.4487915039062,20445349
2026-03-30,987.2055421466002,991.5276600442548,958.522543259506,962.058837890625,21438137
2026-04-01,990.1524604010582,1012.745224874495,980.7715636649391,999.7789306640625,17424479
2026-04-02,982.2941115339542,1007.833758433837,960.5854356508436,1000.3683471679688,20777629
2026-04-06,1001.939983603395,1017.3619530344956,987.2546747939996,1014.4642333984375,23576634
2026-04-07,1006.8514108515341,1015.3973212044529,994.0815880797585,1012.1558227539062,15021291
2026-04-08,1054.9838445577764,1058.7166100346876,1040.6914176944629,1042.656005859375,28533742
2026-04-09,1041.329937682068,1045.504687551959,1019.9159985301128,1022.5189819335938,24772948
2026-04-10,1030.4265520507975,1050.5144192344412,1027.6270377357864,1047.8131103515625,17861336
2026-04-13,1023.5503875880017,1048.353312047308,1011.7628591320939,1044.7188720703125,17763348
2026-04-15,1056.9483994035816,1068.7359280214653,1049.2864578383803,1052.528076171875,16195810
2026-04-16,1058.9129934902317,1064.9541259228224,1043.1962885775752,1048.255126953125,20313165
2026-04-17,1048.1077725199245,1062.9895516597985,1041.2317140310404,1061.1231689453125,16823879
2026-04-20,1061.1723665018162,1101.102525826513,1056.8010858019393,1088.2344970703125,31179584
2026-04-21,1093.6863001427537,1095.012373226544,1086.3681369836245,1092.1636962890625,16963734
2026-04-22,1090.3464592751195,1098.057444036852,1080.6217236295247,1083.76513671875,12412659
2026-04-23,1075.6119646643676,1082.3898174645885,1063.038553095583,1074.875244140625,13669001
2026-04-24,1072.0266364810311,1086.4172689530212,1070.749726103037,1081.60400390625,13774745
2026-04-27,1091.2796075968854,1095.0615358962568,1083.8633589162316,1092.1636962890625,11624385
2026-04-28,1082.7827735553876,1090.8375367592364,1069.8655828843748,1071.9775390625,10727835
2026-04-29,1074.6297819435,1085.4350174109393,1065.0524141428152,1067.655517578125,10611104
2026-04-30,1055.9661789414106,1058.6183251016832,1044.1786495020647,1049.5321044921875,14269539
2026-05-01,1049.5321044921875,1049.5321044921875,1049.5321044921875,1049.5321044921875,0
2026-05-04,1044.7679726198023,1069.816471974203,1044.7679726198023,1049.4830322265625,11693211
2026-05-05,1041.8211028311687,1049.581250235382,1030.8194568287804,1041.133544921875,12194631
2026-05-06,1053.019301365762,1081.6040364042549,1042.4104768585712,1076.5943603515625,14384779
2026-05-07,1086.4172785832332,1088.381866790436,1066.8696019397742,1072.6651611328125,16105163
2026-05-08,1070.7005210892246,1075.6119913694504,993.0010852378409,1001.2523193359375,48065909
2026-05-11,989.1701581334676,989.1701581334676,953.9057759818752,956.3615112304688,46927396
2026-05-12,959.6031354409057,964.0234589147167,945.3598709141811,957.3438110351562,25787092
2026-05-13,960.6836091187947,963.8269621620207,944.1810805849492,952.9234619140625,17584580
2026-05-14,956.2632817330172,969.5242517416415,946.5385464115705,962.5499877929688,16487142
2026-05-15,971.2000122070312,972.5,957.0,963.2000122070312,26972493
2026-05-18,952.0,954.9000244140625,933.9000244140625,939.4000244140625,16554877
2026-05-19,942.0,956.5999755859375,939.5,948.7999877929688,17280869
2026-05-20,941.0999755859375,955.0,935.0,950.9000244140625,11928460
2026-05-21,957.0,960.9000244140625,946.5,950.9000244140625,11756520
2026-05-22,950.9000244140625,958.5999755859375,947.7000122070312,949.2000122070312,7807192
2026-05-25,959.9000244140625,972.5,957.5,969.5999755859375,10934747
2026-05-26,969.9000244140625,978.7999877929688,962.0999755859375,968.5,16269800
2026-05-27,969.7999877929688,975.9000244140625,966.5999755859375,967.7999877929688,8111259
2026-05-28,967.7999877929688,967.7999877929688,967.7999877929688,967.7999877929688,0
2026-05-29,967.7999877929688,973.7000122070312,960.2999877929688,964.4000244140625,22292535
2026-06-01,966.25,970.25,950.0999755859375,954.0999755859375,11118975
2026-06-02,950.9500122070312,961.2999877929688,939.9000244140625,956.6500244140625,15911760
2026-06-03,953.75,974.0,937.2000122070312,970.4500122070312,27947005
2026-06-04,969.9000244140625,985.7999877929688,961.0999755859375,979.25,18875883
2026-06-05,980.0,992.5999755859375,970.5999755859375,977.7000122070312,20955539
2026-06-08,966.0,988.6500244140625,965.1500244140625,981.9500122070312,12895416
2026-06-09,985.0,1009.0,983.0,1002.7000122070312,22142480
2026-06-10,1002.7000122070312,1012.4000244140625,999.5,1003.25,19122317
2026-06-11,998.0999755859375,1009.4000244140625,993.0,1000.7000122070312,13773978
2026-06-12,1018.0,1018.7000122070312,1004.3499755859375,1017.1500244140625,11081119
2026-06-15,1034.0,1034.0,1018.5,1020.8499755859375,12463437
2026-06-16,1023.7999877929688,1026.550048828125,1007.4000244140625,1015.2999877929688,9693677
2026-06-17,1017.0,1028.0999755859375,1013.4500122070312,1026.5,8190062
2026-06-18,1027.9000244140625,1045.699951171875,1024.449951171875,1042.699951171875,11048009
2026-06-19,1042.0,1042.0,1029.300048828125,1035.0999755859375,9099878
2026-06-22,1038.0,1043.0,1033.5999755859375,1040.75,6209440
2026-06-23,1041.0,1045.5,1022.3499755859375,1024.199951171875,10411004
2026-06-24,1024.0,1044.5,1020.5,1034.5999755859375,11724076
2026-06-25,1040.0,1055.4000244140625,1038.550048828125,1045.4000244140625,16002360
2026-06-26,1045.4000244140625,1045.4000244140625,1045.4000244140625,1045.4000244140625,0
2026-06-29,1044.449951171875,1046.4000244140625,1030.8499755859375,1036.0999755859375,16818246
2026-06-30,1040.0,1044.0,1025.050048828125,1026.9000244140625,11161643
2026-07-01,1031.0,1049.9000244140625,1025.5,1047.4000244140625,6295315
2026-07-02,1050.9000244140625,1059.800048828125,1045.0,1051.5999755859375,14682790
2026-07-03,1055.0,1057.0,1034.5,1040.0,10441493
2026-07-06,1041.9000244140625,1048.4000244140625,1036.5,1037.699951171875,8761017
2026-07-07,1039.300048828125,1049.5999755859375,1035.5,1038.0999755859375,11053574
2026-07-08,1029.5999755859375,1038.300048828125,1011.7000122070312,1016.9000244140625,14141694
2026-07-09,1019.7999877929688,1031.699951171875,1019.2999877929688,1022.0999755859375,7661699
2026-07-10,1029.5,1047.800048828125,1023.5,1036.0,8792150
2026-07-13,1023.5,1042.9000244140625,1022.0999755859375,1037.0,8381510
2026-07-14,1033.300048828125,1033.699951171875,1011.4000244140625,1015.4000244140625,11562326
2026-07-15,1015.5,1036.0,1013.7000122070312,1030.0999755859375,14275394
2026-07-16,1030.0999755859375,1036.0,1027.300048828125,1031.199951171875,7708316
2026-07-17,1030.5999755859375,1048.0,1028.300048828125,1044.300048828125,8452780
2026-07-20,1041.5999755859375,1065.0,1038.300048828125,1060.0,16540411
2026-07-21,1056.199951171875,1067.0,1042.800048828125,1044.4000244140625,10514887
2026-07-22,1044.4000244140625,1044.4000244140625,1019.2000122070312,1025.0,11227214
2026-07-23,1022.0,1023.0999755859375,1006.5,1012.5999755859375,8910230
2026-07-24,1006.0,1017.7999877929688,1000.7999877929688,1015.0,13797053
2026-07-27,1020.2999877929688,1023.7000122070312,1015.9000244140625,1020.5999755859375,6093002
2026-07-28,1018.0,1022.0,1008.2999877929688,1013.2000122070312,9873370
2026-07-29,1020.0,1020.2000122070312,1012.0,1013.7000122070312,4792964
2026-07-30,1013.5,1028.300048828125,1007.5999755859375,1025.300048828125,6847458
2026-07-31,1028.0999755859375,1034.300048828125,1023.5,1027.4000244140625,10921417
2026-08-03,1035.0,1051.5,1031.5999755859375,1045.0,10507450
2026-08-04,1047.5999755859375,1047.5999755859375,1030.9000244140625,1042.699951171875,8544184
2026-08-05,1043.0,1055.0,1040.300048828125,1055.0,8707119
2026-08-06,1052.5,1088.0999755859375,1052.5,1085.0,13822265
2026-08-07,1080.0999755859375,1124.5,1075.699951171875,1097.199951171875,29410622
2026-08-10,1108.0,1113.300048828125,1068.5999755859375,1071.0,16623448
2026-08-11,1071.0,1071.0,1060.4000244140625,1066.0,9456913
2026-08-12,1066.0,1085.5,1066.0,1082.0,17673922
2026-08-13,1083.0,1086.800048828125,1073.0,1083.0,9502483
2026-08-14,1082.0,1082.0,1065.0999755859375,1067.699951171875,6273501
2026-08-17,1064.199951171875,1068.800048828125,1052.4000244140625,1061.199951171875,7039473
2026-08-18,1059.5999755859375,1067.699951171875,1053.0,1053.0,5583771
2026-08-19,1053.199951171875,1054.800048828125,1041.4000244140625,1048.5999755859375,7182636
2026-08-20,1052.9000244140625,1052.9000244140625,1045.699951171875,1048.0,5879949
2026-08-21,1052.699951171875,1054.699951171875,1040.0999755859375,1048.699951171875,6534213
2026-08-24,1047.9000244140625,1047.9000244140625,1032.0999755859375,1039.5,8868193
2026-08-25,1036.0,1048.0,1031.300048828125,1048.0,9982723
2026-08-26,1051.4000244140625,1062.300048828125,1051.199951171875,1052.0,5858099
2026-08-27,1052.0,1054.4000244140625,1042.9000244140625,1042.9000244140625,4788716
2026-08-28,1046.0,1051.199951171875,1040.5,1047.5,4969272
2026-08-31,1041.199951171875,1060.0,1034.5,1060.0,5138732
2026-09-01,1051.300048828125,1051.300048828125,1027.0999755859375,1034.5,7605132
2026-09-02,1026.0,1035.300048828125,1017.2999877929688,1020.9000244140625,13843678
2026-09-03,1028.9000244140625,1036.0,1021.0999755859375,1023.4000244140625,7371804
2026-09-04,1026.0,1029.199951171875,1016.0999755859375,1016.0999755859375,6724566
2026-09-07,1020.7999877929688,1021.7000122070312,1000.5999755859375,1005.9000244140625,10220001
2026-09-08,1004.9000244140625,1011.2000122070312,1002.0999755859375,1008.0,7084768
2026-09-09,999.0,1012.2000122070312,992.4000244140625,1000.5,7091386
2026-09-10,1002.0,1011.9000244140625,1001.0,1009.7000122070312,5504031
2026-09-11,1000.0,1001.9000244140625,993.0,995.7000122070312,7771109
2026-09-14,995.7000122070312,995.7000122070312,995.7000122070312,995.7000122070312,0
2026-09-15,994.0,999.7999877929688,968.0,968.0,10004115
2026-09-16,976.0,991.4000244140625,973.2000122070312,991.4000244140625,8609956
2026-09-17,991.2000122070312,1000.9000244140625,985.2000122070312,988.7000122070312,8624398
2026-09-18,992.0,996.2000122070312,985.0999755859375,996.2000122070312,5699456
2026-09-21,993.5999755859375,997.5,989.0999755859375,996.0,3590054
2026-09-22,999.0999755859375,1000.0999755859375,981.2999877929688,987.0,6126235
2026-09-23,987.0,996.4000244140625,986.4000244140625,994.0999755859375,4522248
2026-09-24,982.2999877929688,992.0,975.7999877929688,978.5,13724672
2026-09-25,980.7999877929688,985.7000122070312,977.0,983.0,3759097
2026-09-28,980.0999755859375,982.5,956.0999755859375,962.0,9846646
2026-09-29,960.9000244140625,968.0999755859375,953.0,964.7000122070312,26781498
2026-09-30,964.7000122070312,972.7999877929688,959.5,959.5,8010571
2026-10-01,953.0999755859375,965.4000244140625,945.7999877929688,954.0999755859375,7390452
