Date,open,high,low,close,volume
2016-10-03,963.2160894111278,966.2236441131374,943.9911209588286,948.158447265625,1818880
2016-10-04,951.4214361801368,953.4068596135395,942.772150396681,945.5831298828125,1780718
2016-10-05,946.7039698234895,949.6132376495419,934.1625395137678,938.1923217773438,1176354
2016-10-06,941.5928650381427,944.5021323654304,932.8452904046985,939.1356811523438,2267572
2016-10-07,938.8410148405286,938.8410148405286,927.125140433454,930.8994140625,1816512
2016-10-10,931.7244831665932,938.4080212342423,925.886273680082,935.8132934570312,1202142
2016-10-13,929.1300495825037,931.7247781812911,912.4604564748205,915.6056518554688,5173334
2016-10-14,910.1406715672947,938.4474224756511,900.7050879311759,930.2698974609375,7741214
2016-10-17,931.3315707882462,934.044359225446,921.6994105345619,928.7957763671875,2728346
2016-10-18,934.1231312210623,949.7311458245956,925.7883817385683,943.6373291015625,2128632
2016-10-19,943.9517453031651,947.4900900377459,931.8820774608439,941.6322021484375,1985058
2016-10-20,942.3396133541771,947.2343994174137,938.0543239475714,944.010498046875,1265854
2016-10-21,943.558392601342,956.0998178428455,942.8703812734035,954.8220825195312,1259660
2016-10-24,957.2074172057283,959.8485682993769,947.0961095425391,957.0103149414062,1253190
2016-10-25,948.0617949764307,951.8461965630975,938.6008872510943,945.479736328125,1772466
2016-10-26,945.538967915059,947.1748781207209,935.2501917974863,944.612548828125,1437130
2016-10-27,938.0885014757678,957.7199063323297,932.49081639396,953.2260131835938,2941602
2016-10-28,950.0327768490316,952.0432581513422,941.3602784711567,945.5782470703125,1752102
2016-11-01,945.972373509071,945.972373509071,920.132253270999,926.3804321289062,2934776
2016-11-02,922.8325578716741,924.0151711453242,904.6991543423717,908.2667236328125,2325076
2016-11-03,904.3050400575046,920.4674230750974,900.5600976509892,914.3375244140625,1463310
2016-11-04,914.5545019014903,920.9208665108637,904.3051842077667,918.71337890625,1183752
2016-11-07,921.6105748254929,924.3700060643201,890.9218151499017,897.623291015625,2048052
2016-11-08,898.963788999111,909.4299395411905,890.9023248214523,900.0478515625,1933634
2016-11-09,859.3656996529813,896.815122344281,844.7210428549645,855.3645629882812,4500226
2016-11-10,869.1422042732153,874.1485827706906,843.9131132710397,849.6881713867188,2172426
2016-11-11,846.3765089691743,846.3765089691743,822.3891346399917,828.282470703125,2398424
2016-11-15,834.4915165720612,850.5159881831493,808.8682225669315,836.22607421875,6290324
2016-11-16,845.607927970269,870.7580926202312,842.8090381310265,863.1500244140625,4019958
2016-11-17,861.3367673367893,870.6400313294972,839.7146136510494,842.4937744140625,2504688
2016-11-18,844.3857703164258,847.539405312939,829.4848257096402,837.7237548828125,2140534
2016-11-21,838.1574335713216,843.5974739130426,829.8003189658666,840.798583984375,1793366
2016-11-22,840.4438515442038,858.3604237840661,836.5215366823054,841.62646484375,1318860
2016-11-23,847.1455269852736,852.6446608786737,838.5518490640047,850.04296875,1275808
2016-11-24,849.4713179545847,870.2459740394835,842.4150952415641,862.6968994140625,3026234
2016-11-25,871.9802852487,909.5282609132294,864.17501751584,906.8082885742188,4276148
2016-11-28,904.3049269856346,914.3374100877577,887.708882636409,899.81103515625,1924296
2016-11-29,896.8151154083912,903.5165909960583,887.9652448364712,890.8429565429688,1442296
2016-11-30,892.8730257465083,904.6006074312584,883.9246045159874,897.22900390625,3445832
2016-12-01,897.6034519561938,902.7281093454912,888.5564798902732,892.261962890625,1123052
2016-12-02,890.113672984204,895.1595093335307,869.2996581940589,875.8632202148438,1998032
2016-12-05,878.6819979012394,882.1707468874282,855.4239279702509,861.731201171875,2249526
2016-12-06,863.3077397838169,868.8068725766416,855.3841918947525,860.2921142578125,1593444
2016-12-07,860.2327814924046,861.1197413501933,845.8245921098429,849.3330688476562,2065706
2016-12-08,851.6783950251463,866.8552606620211,851.4812928740181,865.5740966796875,3239546
2016-12-09,869.2208740317784,875.0944822577297,856.7246113268434,865.3773803710938,1588718
2016-12-12,865.1998770226911,874.1877570132797,852.6641572653949,870.482177734375,1311758
2016-12-13,874.3457489096446,874.3457489096446,860.5485887600335,867.3683471679688,2147534
2016-12-14,872.7686585758316,876.9866269728977,862.9135472549664,870.2457885742188,1870366
2016-12-15,868.0382247617351,895.671996026565,868.0382247617351,890.6261596679688,4295410
2016-12-16,897.603411097043,902.7280682530647,887.7483011816165,899.8306274414062,1987230
2016-12-19,898.7861136467245,905.7635129122974,891.4145099453416,902.2944946289062,1334210
2016-12-20,903.5167057286789,924.4095440374135,901.5654127198087,922.16259765625,2922760
2016-12-21,923.9363261423857,923.9363261423857,908.8777367536674,912.0313720703125,2034902
2016-12-22,909.0353771167115,916.525260969798,901.2301104847063,909.7055053710938,1868300
2016-12-23,906.6704879547267,913.6676188943773,898.3133705314135,901.9794921875,1118954
2016-12-26,893.2674582737914,907.3011779329694,893.2674582737914,903.950439453125,897408
2016-12-27,899.3773442476478,918.4962577677052,899.3773442476478,915.8944702148438,1294692
2016-12-28,917.1955757302925,926.3411007307486,907.912040660586,911.95263671875,1350418
2016-12-29,907.8528006512907,930.2829941812771,907.8528006512907,927.050537109375,1963516
2016-12-30,928.3119192283584,937.654640664092,924.6655284648631,932.51025390625,1405748
2017-01-02,932.9241262221321,936.2748634593787,927.326347020983,930.8545532226562,823132
2017-01-03,930.815275827104,934.9346931621716,923.7393250590227,933.57470703125,1475324
2017-01-04,934.1465416265199,941.6956168168932,929.6526480666928,938.009765625,1420066
2017-01-05,939.7834766237224,942.1289740222317,914.7120332978001,920.2308959960938,2216404
2017-01-06,914.9485477409768,918.2401934644068,889.7589213514015,899.3380126953125,3009896
2017-01-09,896.8150150143786,911.12465406265,889.7193357747044,908.128662109375,1854578
2017-01-10,908.24699372838,918.4174871251638,903.319438423864,912.7212524414062,1533914
2017-01-11,912.5834564679939,918.3388809102879,898.865120033944,916.2889404296875,1931296
2017-01-12,916.2888033500066,930.3225205463018,908.2470709062201,924.1532592773438,2570374
2017-01-13,925.5921691350815,929.5144846751001,882.170581809541,886.6842041015625,10235580
2017-01-16,886.9599771744114,896.3814246576484,878.2874796198172,890.3304443359375,3364808
2017-01-17,888.8917021015745,901.8610880940482,888.0639303837578,898.2935180664062,3009956
2017-01-18,897.9978342107476,905.8819240633441,893.050548579977,904.73876953125,3136574
2017-01-19,904.6993155377444,904.7584077154299,899.9491321272865,903.1224975585938,2251676
2017-01-20,901.5455404210369,906.6701980622584,892.8730428743545,900.8951416015625,2037246
2017-01-23,895.4195960031933,914.5930398911205,893.3639058585767,911.90478515625,2318546
2017-01-24,910.8377948437452,918.349044019974,905.3031901875765,916.5108032226562,2282638
2017-01-25,918.1907823667899,932.9760420540268,916.3920168808506,930.208740234375,4111648
2017-01-27,927.0660021317302,940.3885659808715,927.0660021317302,932.1064453125,2871658
2017-01-30,925.4648978113053,929.7937296961057,916.4315943972002,922.2626953125,2577956
2017-01-31,917.1627877490855,921.9265189455147,869.7431189528943,881.504150390625,4666804
2017-02-01,877.6299331803104,885.5167234118073,852.1510114053344,857.0332641601562,4864152
2017-02-02,857.88325410217,877.2345789355063,851.1428789761808,872.74755859375,6009482
2017-02-03,873.5581883757441,886.7226591047648,866.1655577791082,882.5914916992188,2153372
2017-02-06,892.6524911114617,892.8501555249053,875.6335658107993,885.8330688476562,2408910
2017-02-07,887.1177446045099,890.5176105742919,880.0018268670406,887.35498046875,1814638
2017-02-08,887.4736374982475,902.3776113607113,887.1376659076813,897.77197265625,2212584
2017-02-09,899.3730911533819,920.3255192110212,897.4754934600905,916.0955200195312,4033202
2017-02-10,913.6051721833112,958.4552207227181,913.6051721833112,947.97900390625,5782160
2017-02-13,947.20761413353,960.2534619074894,941.8114157060763,954.42236328125,3819812
2017-02-14,956.5571934261941,956.5571934261941,947.9983643973214,951.2598266601562,2033328
2017-02-15,947.6032278816145,959.8584219009429,938.9455649065501,954.2052001953125,1924972
2017-02-16,972.5090385143243,979.6249583083315,962.8630525110058,967.666259765625,4175680
2017-02-17,977.2527222101567,978.6759443925162,949.5797082317138,951.912109375,2723324
2017-02-20,958.6725837497881,1010.065340816787,951.9915639374162,989.1919555664062,3973948
2017-02-21,993.8566712325538,998.5610456682547,970.5915311536552,974.6239624023438,5501112
2017-02-22,974.8412984156545,976.4621851836254,948.8484285064143,953.33544921875,4505496
2017-02-23,954.7192691511141,985.6537547871699,954.7192691511141,981.1272583007812,4853352
2017-02-27,980.0600282851418,989.1130225389682,976.4822820219475,984.309814453125,2139892
2017-02-28,984.1711933242326,984.3688577535004,968.5557034120787,974.9797973632812,2354828
2017-03-01,980.3759780866607,989.0732128006596,976.4622610716942,980.2376708984375,1130374
2017-03-02,983.0644669166863,992.2756506260675,976.4822785975608,988.8955688476562,1544942
2017-03-03,985.1596492002597,988.2036625210235,978.5971506514148,985.9700927734375,1013970
2017-03-06,980.4157114983569,981.997027162064,970.3546098911908,977.4507446289062,1400694
2017-03-07,981.561926764727,990.2987326330104,978.4586533164721,988.2430419921875,1511672
2017-03-08,989.1126849628633,996.2286035597184,985.238443312522,993.14501953125,1791510
2017-03-09,993.9162462152462,997.8102749993799,989.9234817089549,996.130126953125,858468
2017-03-10,996.0708018001618,1007.9108838454814,993.8371354559611,1005.0249633789062,1171420
2017-03-14,1010.7766541467611,1022.7748248306314,1008.5035136389581,1015.0066528320312,3402294
2017-03-15,1016.7860537394715,1016.8453144752988,985.8911350753087,987.6503295898438,3022496
2017-03-16,990.6939292957721,998.9958337312115,990.6939292957721,996.5842895507812,1571818
2017-03-17,1006.5073016968196,1006.5073016968196,992.176630178159,998.5018920898438,2593152
2017-03-20,998.5811791455013,998.5811791455013,974.8812270133726,980.4158325195312,3487540
2017-03-21,981.2065482548122,985.1598381349686,974.4859554585464,983.0645751953125,3373700
2017-03-22,980.4750468187491,986.7410492192118,976.4427108727072,980.0006713867188,1888716
2017-03-23,981.2062311202457,982.4120034471503,967.4487674806626,972.6473999023438,2620638
2017-03-24,976.383223082639,976.383223082639,958.0004313684333,959.5421752929688,5099814
2017-03-27,959.4432169905018,964.6022771612703,951.1610978893509,953.5528564453125,2181270
2017-03-28,952.742481594884,965.9464259284987,952.742481594884,960.6292724609375,1153158
2017-03-29,963.0212751678254,968.8721626452502,958.9098928949604,966.421142578125,1717764
2017-03-30,966.5397301686806,974.4858808255693,962.6260120934123,964.9979858398438,2986086
2017-03-31,963.9700750799788,964.9387082221804,954.719416237068,961.3609619140625,1867044
2017-04-03,962.6257937455579,962.6257937455579,952.0309607781683,953.4146118164062,1196888
2017-04-05,956.6561075430374,956.6561075430374,946.8124592039873,949.2832641601562,2905568
2017-04-06,948.7891131827594,952.7424011543542,945.8439329470851,948.8088989257812,1720704
2017-04-07,946.7732020042139,961.9341048543283,945.6860474626134,960.2737426757812,2277012
2017-04-10,961.439660955723,968.160250691022,950.7657831408362,957.585205078125,2543264
2017-04-11,955.6286536536237,965.8281594773924,951.161417386005,956.4193115234375,1557784
2017-04-12,957.6840340982818,959.858342534831,942.0685462357917,946.1206665039062,1050538
2017-04-13,948.7888951211713,952.3468534778757,917.5777130619073,920.5821533203125,2500472
2017-04-17,921.2741775882369,922.262499567505,907.3388376805564,915.1268920898438,2270882
2017-04-18,921.1161814537513,922.7765432502018,910.0667598678044,912.7352294921875,1730620
2017-04-19,894.8267329934064,928.5087272316775,890.5967341640193,908.920166015625,5626812
2017-04-20,911.3515959576531,921.9068567033635,905.6785884861009,919.3372192382812,1268842
2017-04-21,920.7604157923895,923.3497424140706,909.6516370723115,913.52587890625,1161154
2017-04-24,909.2563935771964,924.931144538399,902.3381384086742,920.3651733398438,2000020
2017-04-25,920.325538155013,926.8286782602017,910.3236992146813,913.8026123046875,3148710
2017-04-26,925.0694839395663,926.6310135515974,910.4621026309516,913.3480224609375,2187438
2017-04-27,911.6481311030697,920.2465337533365,900.4207336410367,910.303955078125,5773186
2017-04-28,906.8844302361274,908.7622423737131,896.6058795882899,898.6417846679688,2540510
2017-05-02,906.8844979385741,910.0471291432422,901.3498933304049,905.2636108398438,2382696
2017-05-03,907.2797665784622,927.0462102947685,896.8035514088198,924.002197265625,3514406
2017-05-04,929.003350554508,929.0231363073902,912.7356010506214,921.1561279296875,2708208
2017-05-05,912.4191064947614,922.1046646009667,910.2447975321439,917.3607177734375,1682474
2017-05-08,917.558301036773,927.994944527539,916.2536964714681,926.0380859375,1071782
2017-05-09,926.630895527558,933.3712706821108,922.1241859399943,930.03076171875,1790270
2017-05-10,930.9995245305098,931.4541141420971,915.5816980096224,922.0848388671875,1206388
2017-05-11,927.9552575170609,932.9759136815912,918.2499167389475,928.80517578125,2071302
2017-05-12,926.3741950202011,936.8898854459813,917.1827984489464,933.2330932617188,2314446
2017-05-15,938.9454755169704,940.0721046923146,925.7019606601197,934.9921875,1817604
2017-05-16,940.8822561020836,962.6253334489805,938.2928339512496,960.3126220703125,3601026
2017-05-17,962.0326809957608,972.8053913130545,957.8817283964365,970.670654296875,2876198
2017-05-18,968.5558454122556,1016.7859732246211,965.492046309421,1002.6331787109375,5138594
2017-05-19,1002.6335596476868,1004.3532796941624,982.7880598027945,991.1492309570312,1786044
2017-05-22,992.2753888976226,1009.5710256562963,992.2753888976226,1000.7156982421875,1663940
2017-05-23,1001.4472839337806,1013.6826957198178,993.8569873431619,996.9010009765625,2748596
2017-05-24,1002.0798525607898,1015.9954124475615,1000.0438505368373,1011.7060546875,2534548
2017-05-25,1018.7626270631631,1042.6998124775766,1015.2046667823837,1037.580322265625,4094094
2017-05-26,1037.7380909656654,1038.469487845626,1013.8799594870411,1019.2564697265625,1362550
2017-05-29,1019.5529987064443,1026.471252865949,1013.6230665697259,1017.1217651367188,1749290
2017-05-30,1012.0415805604698,1018.3470546986912,998.2050745762446,1008.523193359375,927634
2017-05-31,1001.3679957690986,1016.9834856360071,999.391351482148,1006.7445068359375,2502730
2017-06-01,1000.1821618261442,1013.623345028551,1000.1821618261442,1009.511962890625,1080064
2017-06-02,1010.5596301946157,1024.6333794454292,1009.077146629538,1013.9791870117188,1355648
2017-06-05,1014.0182245478741,1035.7217339055587,1012.1008415403597,1029.416259765625,1500188
2017-06-06,1040.1103830309225,1070.926252879125,1039.7150541130088,1065.8067626953125,5946720
2017-06-07,1066.2017971046475,1067.387783530793,1018.5844613980773,1033.8836669921875,4927776
2017-06-08,1027.0645412865445,1029.8120579964389,994.4499051602396,996.8614501953125,3330714
2017-06-09,996.2285074447796,1007.0604772130521,982.7873291697309,991.0892333984375,3148034
2017-06-12,987.1362664613576,993.4219573851501,976.6204790813424,983.2620239257812,1626506
2017-06-13,985.380813383473,991.8168082411074,978.185334827326,980.0042114257812,1175414
2017-06-14,981.3828250990641,989.7775458025592,981.3828250990641,987.458984375,1489142
2017-06-15,986.9795797757757,987.2593843579874,961.3956619525073,963.8740844726562,2997198
2017-06-16,965.373084055829,973.3880648479918,954.0002532894179,959.2769165039062,2450426
2017-06-19,966.1528509793725,977.9255314017098,961.455802505003,972.0691528320312,1644742
2017-06-20,971.7890773531362,978.9845538617155,951.5218380396169,977.3855590820312,1670958
2017-06-21,975.3869800800613,976.2464008811012,958.2777135334449,961.9154663085938,1657818
2017-06-22,962.9944779732634,971.7889480917407,953.4005105712882,957.3380737304688,5775882
2017-06-23,959.1573033594156,964.9736683530542,941.0087455211509,944.0867919921875,1424756
2017-06-27,939.6493219188646,953.2806938674314,932.054096710519,936.55126953125,1974330
2017-06-28,939.3694835292422,942.6074872179521,933.4132666047151,939.4295043945312,1789726
2017-06-29,943.0074602709723,948.2242018571624,928.6565167639119,932.7139282226562,2471826
2017-06-30,929.1760735853313,950.2028995463709,928.6564782202045,944.3466186523438,1753848
2017-07-03,942.367559786224,952.6211726444445,936.6512313705906,948.8435668945312,1475956
2017-07-04,948.724051716544,951.5822172166414,939.4298901067209,946.1456909179688,1215134
2017-07-05,943.7267967715404,945.4057218749172,937.4107474827402,941.8079833984375,815856
2017-07-06,943.0074020091383,944.166634470037,935.4521888648374,938.4302978515625,1026788
2017-07-07,939.409391837048,941.9877512871542,929.6155492413001,932.1939086914062,1232090
2017-07-10,961.7952767593903,977.3454606083596,950.9820559784254,973.3679809570312,783608
2017-07-11,969.7904903096645,1005.2881996635596,969.7904903096645,989.697998046875,3537504
2017-07-12,992.3761940442877,992.6960125381867,971.42940022508,975.1669921875,2646450
2017-07-13,977.3855202818155,988.1787346162159,970.0301836252181,977.9451293945312,3131960
2017-07-14,952.6011532384823,969.3905986585478,949.4031636346602,958.3775024414062,4508432
2017-07-17,958.4773764112945,968.2313026166834,952.2812719624814,957.5779418945312,2211822
2017-07-18,957.8575472197132,976.5858077447018,957.8575472197132,962.7345581054688,1908002
2017-07-19,965.5931375118827,983.3819574743246,965.4332770445674,979.224609375,3915576
2017-07-20,979.0843788020582,982.1424169297001,971.58909163148,977.2655029296875,1182504
2017-07-21,973.348011864855,999.3716897026692,973.2081583852316,995.8538818359375,2148416
2017-07-24,994.9719107556841,1018.2226645122633,994.9719107556841,1014.4945068359375,2271402
2017-07-25,1012.5106652734717,1034.258147641515,1009.5641930304727,1030.8507080078125,2678832
2017-07-26,1026.2402190923317,1032.253345376076,1021.0288429797536,1024.63671875,1459826
2017-07-27,1019.1045023055669,1036.181818076944,988.7582814947266,994.8515625,4255304
2017-07-28,994.5712574563718,999.401822637911,978.9371264443611,995.8941650390625,1382752
2017-07-31,990.562412769305,1009.8044183593197,987.3554118376358,998.900634765625,2019662
2017-08-01,1002.1878993336234,1010.5060588980924,998.5800228960223,1002.8493041992188,1747460
2017-08-02,1002.1879072526186,1005.3949085558271,986.9546510623788,991.6849975585938,1251024
2017-08-03,994.1703067838918,1002.9895595053619,988.738429283733,997.9585571289062,1882548
2017-08-04,998.4996948595992,1013.5325107513653,997.3772250323684,1011.3276977539062,1387890
2017-08-07,1008.8022406774402,1010.2053035991056,994.6513293506628,1003.57080078125,1885520
2017-08-08,1006.9985803452877,1013.6531483283438,1000.7048587921156,1003.4107666015625,1073958
2017-08-09,1002.187668138249,1011.3477025729884,999.5018247616164,1006.9981689453125,992946
2017-08-10,1005.7953416768261,1010.4455306707091,996.7155623755989,1006.7774658203125,1526172
2017-08-11,1002.1478640063415,1016.218622543372,995.3731123373541,1000.6045532226562,1394736
2017-08-14,1003.3901548811024,1006.156153315525,987.3551544035778,989.9207153320312,786504
2017-08-16,995.7738083506699,1019.7461603479074,988.2373364429563,999.1211547851562,1373340
2017-08-17,1002.4684320642406,1004.1922147213762,986.9947105513559,996.4352416992188,1752374
2017-08-18,991.7653604492779,1022.1917525293159,990.7230456597653,1007.72021484375,2837356
2017-08-21,1004.3930455813473,1021.831120808962,999.9032618783411,1013.7334594726562,2304834
2017-08-22,1011.4081258098146,1018.0225665850273,998.9809946563844,1001.2058715820312,1131326
2017-08-23,1004.1921848764714,1008.9225309101496,991.4242730385637,997.9585571289062,1562272
2017-08-24,1001.2657940584062,1009.3835154525111,996.6356667263061,1000.8248901367188,1623908
2017-08-28,1004.0320230366297,1004.3526448872701,986.5538259003428,997.0968627929688,2036796
2017-08-29,994.9723442834725,1000.5845976355952,987.7365266376422,990.5026245117188,1312602
2017-08-30,994.5710146012707,998.178890107684,986.1927650732212,995.994140625,970782
2017-08-31,996.1746985344814,1003.9516369123018,988.8186007474419,1000.7246704101562,1784664
2017-09-01,994.1703040037592,1001.4061195403477,976.7522995015448,984.7296752929688,1702330
2017-09-04,983.3868014095372,986.5536757269327,977.3335479164007,984.6294555664062,1062544
2017-09-05,986.1528358480009,998.1790899437082,976.9527710387661,995.9141845703125,1165994
2017-09-06,989.4198822813407,992.1058238649782,982.144038045414,983.4268188476562,1228764
2017-09-07,985.3513601354429,989.5204235690027,982.5652967342704,986.1932373046875,870636
2017-09-08,983.6474966211536,991.7652192117101,983.1664659675489,990.4022827148438,1021134
2017-09-11,990.6427600871206,995.3530436178012,982.1442255461745,983.9281005859375,732764
2017-09-12,991.7246222295026,1000.98487386697,984.9498738851203,997.557373046875,1396460
2017-09-13,1002.1876857082693,1014.8753426613795,992.245964292065,997.8582153320312,1278980
2017-09-14,994.9719257664054,1001.225616019098,990.9230484032032,996.9562377929688,1081510
2017-09-15,1001.7865438385876,1009.0022932539915,996.1742942932733,1004.6127319335938,2944072
2017-09-18,1004.1724368362078,1009.7846903301868,997.8787149919467,1001.8073120117188,726600
2017-09-19,1004.192112945859,1004.192112945859,998.780299163516,1001.4862060546875,782754
2017-09-20,1007.8002340706946,1007.8002340706946,991.8855085004437,999.6023559570312,1334642
2017-09-21,998.600232383609,1018.6239299689905,994.1705416462403,1012.1697998046875,2438740
2017-09-22,1010.1650446873728,1012.9711701633231,998.9806694383265,1003.630859375,2435396
2017-09-25,1000.8047853385168,1015.8175387824542,999.2814403314769,1006.4971923828125,1599558
2017-09-26,1006.1971054933394,1012.7714219350346,988.5585904966434,992.026123046875,1449230
2017-09-27,998.1789132464146,1007.0783201278869,991.6646934310515,1000.1832885742188,2010356
2017-09-28,1000.0633479326618,1007.8002589135803,982.9459963628078,992.7473754882812,4332866
2017-09-29,993.7697226281015,995.7740988334829,970.7193962662153,976.5120239257812,1985014
2017-10-03,978.1351472865634,983.8676802237369,972.9438348288357,981.5225219726562,1923006
2017-10-04,981.9840260103822,983.7478379165387,972.1224559688698,979.0576171875,1300778
2017-10-05,978.536614108506,979.5187390263502,971.882044934226,973.9666748046875,1684686
2017-10-06,974.1264941159377,984.1483716274186,973.3448072440217,980.801025390625,1389188
2017-10-09,978.5565224205857,989.3400272092689,978.5565224205857,983.7879638671875,1773616
2017-10-10,984.1487581812053,990.1418237130465,982.6454759640242,985.8524780273438,1222010
2017-10-11,986.1525949393415,1007.9802212167663,984.8497510639136,1002.3279418945312,1527746
2017-10-12,1007.3992244448751,1024.2359802851795,1004.9939736105459,1021.510009765625,5006356
2017-10-13,1021.510038931598,1045.8632043245084,1011.4080047129654,1025.67919921875,4066320
2017-10-16,1024.2557391922871,1038.2663015641288,1024.2557391922871,1036.0213623046875,1218590
2017-10-17,1036.2619559083666,1048.2681435218008,1033.275456499164,1040.09033203125,1443016
2017-10-18,1040.270876118034,1047.747157524835,1034.2577496664846,1036.903564453125,1514144
2017-10-19,1039.0679272017019,1040.5912716689493,1030.6495527915029,1035.82080078125,86822
2017-10-23,1035.8610650263706,1053.9004411587957,1021.2090632826139,1037.4244384765625,1886088
2017-10-24,1050.2927765467432,1050.6535249937806,1029.8682094928388,1033.6163330078125,1339020
2017-10-25,1036.4702659424818,1050.740071814484,1027.0240564215787,1028.99365234375,1105106
2017-10-26,1019.025096648757,1032.7119745533532,1012.1111958103238,1020.532470703125,3007552
2017-10-27,1020.1906943907929,1042.3591014702472,1017.0955728254619,1038.8017578125,1409270
2017-10-30,1039.4851456543072,1053.152003717821,1037.75667044842,1051.62451171875,1137252
2017-10-31,1045.6352695746052,1061.191350425162,1045.6352695746052,1054.7598876953125,1592634
2017-11-01,1054.7599740894007,1055.9056177365267,1036.6112279665986,1046.2584228515625,741882
2017-11-02,1048.5294769729778,1074.8582792508118,1047.8260356907456,1055.6241455078125,1468422
2017-11-03,1058.1367371500698,1059.8652129916495,1046.2385858124796,1053.192626953125,666886
2017-11-06,1053.1518388788224,1073.973715473232,1049.8356164854065,1071.46142578125,1377000
2017-11-07,1073.2503462723973,1112.6430556112343,1071.6625985334558,1089.34912109375,2696892
2017-11-08,1094.5545767217493,1109.0253680408764,1092.6452362004757,1099.378173828125,1402252
2017-11-09,1105.408068792628,1105.408068792628,1093.0677147064716,1099.9412841796875,1152432
2017-11-10,1094.232721444424,1095.7602131222602,1082.6360517317214,1088.8262939453125,1356566
2017-11-13,1086.1333986872844,1116.421509940075,1086.1333986872844,1109.0052490234375,1496996
2017-11-14,1108.0408204630837,1108.0408204630837,1088.3243432054423,1091.1783447265625,1657252
2017-11-15,1087.7212983158693,1107.4176558980857,1085.8521934325042,1087.43994140625,6670834
2017-11-16,1089.3287641425393,1110.632979825032,1080.063420525061,1104.060791015625,1653482
2017-11-17,1104.6440249707807,1104.6440249707807,1086.756518197238,1088.2437744140625,1325464
2017-11-20,1091.339021654821,1096.122383637,1083.4203014196232,1086.6962890625,1014498
2017-11-21,1085.711335297029,1085.711335297029,1071.6425101450868,1074.4361572265625,1527740
2017-11-22,1074.4566112917537,1089.2087643672141,1074.2153921020124,1077.5316162109375,1822624
2017-11-23,1077.6719693327507,1082.4955663607227,1072.8483723047786,1077.7724609375,793470
2017-11-24,1078.07394289668,1086.4750018548762,1074.4964809984242,1080.505859375,2287512
2017-11-27,1080.4856484386034,1083.6611436419103,1070.114896024986,1079.6214599609375,1856786
2017-11-28,1079.68150327271,1086.2737114692943,1073.250042344801,1079.400146484375,911716
2017-11-29,1076.265150468663,1082.49563033132,1065.2110732929812,1068.487060546875,1447532
2017-11-30,1066.6780525823413,1072.0242251014456,1054.3578222026688,1059.9853515625,4299962
2017-12-01,1059.1814391574667,1072.4463300463458,1053.7548928847434,1057.1514892578125,1031144
2017-12-04,1053.9558197628553,1068.6275922347638,1046.2983408043622,1058.1162109375,1259104
2017-12-05,1057.573986682801,1065.8946745904327,1056.4283427676526,1059.4029541015625,1167914
2017-12-06,1059.583092040541,1063.2007884852926,1050.2776121066158,1058.497802734375,1407518
2017-12-07,1058.0959996672912,1063.5828008669496,1051.1419624680605,1052.04638671875,1326300
2017-12-08,1052.3483902203357,1063.2014866817372,1043.907092972579,1045.7159423828125,1385548
2017-12-11,1048.4691234616223,1074.3154850831065,1048.4691234616223,1069.6728515625,1008002
2017-12-12,1069.6328059531752,1070.0347724341798,1048.0873633167907,1049.9967041015625,1882246
2017-12-13,1049.695013609477,1065.793787493924,1045.5146023203206,1056.5284423828125,2961458
2017-12-14,1057.9757961176697,1057.9757961176697,1017.4174167444463,1028.14990234375,5504150
2017-12-15,1030.541378590299,1038.8620636092812,1019.7285214687885,1023.2457275390625,2718138
2017-12-18,1019.7887536462622,1040.6708884344177,1002.6449259938114,1037.2742919921875,2180664
2017-12-19,1035.4654388819415,1044.2283259655837,1030.9231989676553,1035.18408203125,1801952
2017-12-20,1037.877251566552,1042.1983903947244,1025.275565589863,1040.6708984375,1577570
2017-12-21,1039.8869455916376,1048.3282389265523,1037.0932990913934,1043.384033203125,1293648
2017-12-22,1046.7204778708558,1070.79822533847,1041.1733220705423,1063.904541015625,3665664
2017-12-26,1079.681759839781,1081.1891338529601,1057.814826743127,1064.9898681640625,2175786
2017-12-27,1064.9899441043506,1068.6277599428204,1049.3333711983196,1053.11181640625,739284
2017-12-28,1048.650027364265,1066.617906903605,1047.3837742458916,1055.9456787109375,2605088
2017-12-29,1054.3978717653017,1088.8865028096188,1052.5689054193015,1085.7913818359375,2609542
2018-01-01,1078.1947780880776,1083.2193594103608,1059.1817427372873,1063.442626953125,1351760
2018-01-02,1069.2305821583045,1073.0894987018266,1053.2323004370921,1057.6539306640625,1920290
2018-01-03,1057.9757658973845,1072.8485255243613,1057.6541730889912,1060.6488037109375,1257120
2018-01-04,1065.2111842515108,1070.0347820669892,1061.1915194052785,1068.065185546875,913082
2018-01-05,1065.2109544081081,1085.108291103656,1065.2109544081081,1080.968017578125,1153706
2018-01-08,1085.309378817508,1096.1022168947281,1078.0137272477698,1091.09765625,1242220
2018-01-09,1091.3388004070632,1093.7505988610014,1075.8832116086749,1088.927001953125,2149396
2018-01-10,1089.7311443432466,1131.9376254041247,1083.1589530377987,1128.1591796875,3365850
2018-01-11,1129.52572369913,1134.3090851962022,1118.351036769785,1121.6873779296875,2520744
2018-01-12,1127.5159337509112,1127.5159337509112,1101.6092147221207,1115.9996337890625,3360314
2018-01-15,1116.3209439806606,1128.7216466249279,1099.3982174910507,1103.8399658203125,1457214
2018-01-16,1107.8192534744553,1150.2869588242747,1105.6285565083092,1145.94580078125,4267752
2018-01-17,1153.6438627992115,1175.7520204486739,1150.488386498338,1161.2611083984375,4280806
2018-01-18,1164.4968849941356,1178.9676781801174,1152.8599751010115,1173.0185546875,2209478
2018-01-19,1177.982529710965,1198.6636791966005,1167.1695758022163,1189.5390625,1820000
2018-01-22,1193.0444405439532,1263.031526348871,1177.3305826644482,1255.6580810546875,4367110
2018-01-23,1255.0743563961764,1266.1144121765592,1245.0416979591917,1249.8565673828125,3239610
2018-01-24,1245.0213663415097,1313.1349335816687,1242.0598684040574,1279.1083984375,5621538
2018-01-25,1279.2692224022849,1281.2032553886938,1241.3947950303748,1257.53173828125,3833844
2018-01-29,1261.7023889694435,1299.41570266415,1257.9149840984423,1288.87939453125,3141060
2018-01-30,1281.2837048943657,1290.8732063846696,1266.657710853376,1270.344482421875,1574758
2018-01-31,1263.958661216584,1269.196615502786,1248.4865894418776,1254.0267333984375,3043214
2018-02-01,1258.720607020727,1285.3132959014465,1244.5378592914815,1264.603271484375,2400630
2018-02-02,1257.1086701219676,1285.3130313106017,1250.4403336242824,1270.6668701171875,2456490
2018-02-05,1253.079593841633,1284.5073135585612,1239.7228523095441,1250.3397216796875,2757742
2018-02-06,1212.7874913169103,1239.8434918503494,1202.7145055086303,1207.6502685546875,2657306
2018-02-07,1219.6375034957784,1221.2491817296677,1187.5852329454972,1190.6474609375,2180324
2018-02-08,1200.599259784033,1219.8789952741538,1192.2386809970478,1198.363037109375,2755004
2018-02-09,1188.6125016564542,1206.3409593082795,1167.1167074060097,1197.3558349609375,2102458
2018-02-12,1200.0151221486055,1218.1666646261858,1190.8487038625692,1195.5830078125,1974562
2018-02-14,1196.6708410425554,1198.4638130329413,1165.4445817224214,1173.220947265625,2847532
2018-02-15,1181.339952376668,1185.7922330682807,1170.5216215041403,1178.8822021484375,2465236
2018-02-16,1177.7337203308236,1208.5973939505293,1177.7337203308236,1181.7830810546875,2515756
2018-02-19,1186.5979016316069,1189.9421530825043,1166.5324912952385,1177.9754638671875,1568224
2018-02-20,1179.7480480356992,1202.7346203530906,1179.7077167465686,1186.4969482421875,1889068
2018-02-21,1198.2828193711696,1233.9815331627271,1192.6621109581486,1225.80224609375,3089228
2018-02-22,1229.7103822359238,1240.5892093395837,1217.8242563263693,1228.985107421875,3463010
2018-02-23,1228.9044620234652,1244.6183223575358,1205.5754625674135,1239.2998046875,3362500
2018-02-26,1238.9774395601555,1245.0010662998234,1217.3003511877062,1221.531005859375,1363882
2018-02-27,1225.2784069306133,1240.4080563907553,1221.6521308167114,1225.8223876953125,1717800
2018-02-28,1222.8605716577117,1234.5250704516168,1217.400993253774,1222.8807373046875,2706864
2018-03-01,1228.501618656308,1233.4172171352113,1216.8169525556084,1223.9486083984375,1718124
2018-03-05,1228.501699241021,1254.5504086162466,1222.0348208355592,1251.40771484375,2858168
2018-03-06,1257.9149969723128,1259.9295949815573,1220.9067921948727,1226.0037841796875,1906764
2018-03-07,1236.9628476742953,1244.6183180670678,1216.212493714938,1219.818603515625,1917772
2018-03-08,1230.8790762357946,1230.8790762357946,1203.722333891599,1210.350341796875,1951826
2018-03-09,1210.7730505322236,1234.222944848762,1199.5718691929312,1222.498046875,1872436
2018-03-12,1226.0843211664164,1242.5636931680299,1223.0624242197362,1229.77099609375,2091340
2018-03-13,1178.4988746884005,1184.4621012847372,1157.1844784817883,1163.147705078125,88067154
2018-03-14,1165.626159654249,1177.7540781555906,1158.4139386413417,1163.1884765625,3668668
2018-03-15,1166.451570111715,1169.4936310132648,1150.5765863634886,1156.2576904296875,2348906
2018-03-16,1155.895533670743,1157.1848564553843,1130.1892487316688,1138.5296630859375,7197482
2018-03-19,1139.8594440768777,1147.5149157762276,1136.2331680087646,1140.665283203125,3489940
2018-03-20,1136.2327360537279,1157.668028989169,1135.8298166437796,1154.3037109375,4024984
2018-03-21,1157.3866335667785,1162.1411048597663,1148.3209419200414,1151.0406494140625,3907678
2018-03-22,1152.3295908877024,1158.7763028123807,1137.2604411113734,1140.80615234375,2326094
2018-03-23,1128.9805596257934,1141.9143163053066,1127.3890471045522,1135.4876708984375,3654122
2018-03-26,1135.830253192115,1139.2147381888835,1120.740935163884,1135.0244140625,2964210
2018-03-27,1138.2474250866692,1153.5583639019944,1137.4617518475784,1147.3936767578125,2494574
2018-03-28,1142.6391010878285,1158.393289168113,1138.247318921711,1147.977783203125,6865654
2018-04-02,1144.291550392241,1174.107597832039,1144.291550392241,1172.3548583984375,1662988
2018-04-03,1165.283520602136,1180.5137989455511,1165.283520602136,1172.9993896484375,1937290
2018-04-04,1180.3323295555824,1182.1656326747377,1165.2430162560809,1172.858154296875,2841820
2018-04-05,1179.1642828654856,1194.1528711398532,1176.6662012145969,1191.81591796875,1809424
2018-04-06,1190.224303109398,1192.6418203127348,1179.1641815779385,1188.7335205078125,1129018
2018-04-09,1184.4622159351454,1194.0517179396231,1174.510125795175,1178.0960693359375,1235866
2018-04-10,1178.8217752076837,1191.5339074113165,1178.8217752076837,1183.6165771484375,1184532
2018-04-11,1188.8542624220727,1218.831432522288,1186.8396650129448,1214.459716796875,3124416
2018-04-12,1212.7878810125826,1269.1966196643307,1211.9618762370897,1264.865234375,6114360
2018-04-13,1269.196347034438,1305.7814550608525,1261.9841277750857,1270.5260009765625,8179118
2018-04-16,1255.4969508940067,1289.3220175576748,1253.3816238746892,1284.3660888671875,6270274
2018-04-17,1284.366264206858,1287.3075961376364,1268.0681906211194,1275.8848876953125,3301724
2018-04-18,1275.6431423233691,1286.7032629707203,1267.5243537120962,1272.863037109375,2433066
2018-04-19,1281.2435233620704,1296.2724385637407,1275.5422524759103,1285.7763671875,4820952
2018-04-20,1309.4886263954877,1378.9318548997987,1305.459430621963,1370.9136962890625,18465662
2018-04-23,1379.59598476704,1433.546851482617,1365.7154315216721,1373.4111328125,15185910
2018-04-24,1373.955538664091,1387.3122811659587,1346.7584715497726,1364.1444091796875,8314336
2018-04-25,1363.882318555377,1403.3684240851928,1355.8440953177512,1398.231201171875,8196574
2018-04-26,1396.9220226880914,1434.393539304761,1396.9220226880914,1426.032958984375,12135034
2018-04-27,1420.2909491896528,1427.9464181356395,1377.9844102776206,1390.857666015625,4501330
2018-04-30,1390.857921222546,1429.9612776086399,1385.076085531732,1423.1519775390625,3458558
2018-05-02,1422.5075749167631,1423.1925185278608,1398.6547554926885,1410.1177978515625,3158046
2018-05-03,1414.166976622289,1420.6942532908868,1398.2918882249064,1402.9053955078125,3761550
2018-05-04,1406.994880464205,1409.0094779448239,1398.130651549482,1402.4620361328125,2347244
2018-05-07,1406.1887934744916,1406.1887934744916,1374.3178276043036,1378.3671875,3484426
2018-05-08,1383.9077563279477,1404.7790086558111,1368.596813454315,1386.5267333984375,2992820
2018-05-09,1386.1234759555898,1408.1027516861852,1386.1234759555898,1405.9068603515625,2615050
2018-05-10,1411.4065984630272,1414.7105181171426,1386.1234042158683,1390.57568359375,3858678
2018-05-11,1391.7644079854076,1404.1743472851444,1387.0502698792282,1392.8724365234375,2627876
2018-05-14,1392.8925331885268,1398.5334054664092,1374.2776743453162,1383.444091796875,2433894
2018-05-15,1390.072399503362,1408.5261339299948,1383.5047913913234,1403.126953125,1952890
2018-05-16,1402.139790311008,1413.8446222608684,1400.2460882052103,1407.760498046875,1648450
2018-05-17,1415.4361373875943,1423.5750921861388,1400.5482804894532,1406.9144287109375,2968048
2018-05-18,1402.4822718033292,1417.3499626049904,1393.2956871592442,1411.0443115234375,1874996
2018-05-21,1421.7823145254151,1447.2871438330287,1417.4912603090493,1433.084228515625,3446178
2018-05-22,1433.5873385296625,1440.4168032257546,1407.679599387774,1413.803955078125,1857416
2018-05-23,1420.2911494398197,1428.3495389401876,1402.5626925390106,1408.243896484375,1507298
2018-05-24,1414.2473203437087,1456.5538641146743,1411.1650257879994,1452.0008544921875,2962316
2018-05-25,1460.583367098017,1480.6487803391285,1439.4502563982257,1444.7889404296875,3769772
2018-05-28,1457.1584304833448,1457.1584304833448,1404.5774336139748,1411.0443115234375,3716798
2018-05-29,1422.2656574498953,1427.9468623616433,1405.3833679225202,1419.68701171875,3525312
2018-05-30,1413.8646509715174,1423.5145530484958,1403.1671188767016,1415.8994140625,3779106
2018-05-31,1408.951942418684,1429.3062186321035,1402.53282203613,1414.680419921875,5049371
2018-06-01,1425.2029999513818,1428.0469055955266,1394.5701131166174,1407.692626953125,1603856
2018-06-04,1417.8898037329125,1421.1399809334464,1391.5633485710807,1417.2803955078125,1681483
2018-06-05,1417.0776034936955,1423.496724860795,1390.3855365910883,1398.8765869140625,2449568
2018-06-06,1400.0141598733114,1409.6834591667098,1393.6762731599752,1402.2486572265625,2236512
2018-06-07,1401.6392856303858,1421.1403539521998,1400.6642718893202,1410.211669921875,2414762
2018-06-08,1409.7647884402186,1427.884571505572,1409.7647884402186,1419.5965576171875,2582138
2018-06-11,1419.5966324205249,1432.5161112305666,1416.265219441224,1421.709228515625,2179378
2018-06-12,1427.6407764741105,1450.392023907961,1424.3905982692747,1447.141845703125,4608875
2018-06-13,1475.5807631211535,1488.297103962435,1460.9549626056355,1482.162353515625,5370983
2018-06-14,1486.9563393179687,1488.8252312227344,1449.5792947230907,1452.4638671875,3819998
2018-06-15,1462.579992025841,1500.8508153130065,1453.3169655721665,1495.1224365234375,9183574
2018-06-18,1517.7923654758781,1517.7923654758781,1480.577889183967,1486.143798828125,4674987
2018-06-19,1480.5779670377028,1494.2693219005848,1479.643521033695,1482.4874267578125,3245034
2018-06-20,1488.5816174810827,1492.075598725525,1477.6935006598103,1480.82177734375,3107695
2018-06-21,1488.5814415683185,1488.5814415683185,1476.880781578742,1478.302734375,2910659
2018-06-22,1484.5190631491603,1484.5190631491603,1462.2147523680098,1470.5433349609375,2949458
2018-06-25,1472.249375476694,1480.7404256887664,1467.4553431670417,1478.2215576171875,2083217
2018-06-26,1481.2686072199185,1512.1452978805642,1479.6435182377793,1504.8323974609375,4679712
2018-06-27,1511.3328527608653,1531.76836789243,1504.2230879965332,1509.707763671875,4081208
2018-06-28,1515.3951687792533,1520.2704347377924,1483.9497430216916,1497.275390625,4888125
2018-06-29,1499.0634183252218,1517.3456701903492,1496.9508223916532,1501.379150390625,3506276
2018-07-02,1504.8324950800325,1509.5452931089815,1495.9757397153203,1504.3043212890625,2650290
2018-07-03,1511.2920669117902,1527.5023888111675,1508.935767268261,1522.7490234375,3242233
2018-07-04,1527.5025660286801,1527.5025660286801,1509.017176951682,1516.330078125,2700614
2018-07-05,1521.8956567302141,1533.6775504956108,1513.0389029587166,1527.8272705078125,2472571
2018-07-06,1529.899244272381,1560.897833791912,1528.9242306415454,1554.3568115234375,3713781
2018-07-09,1563.3356883028246,1563.6607259549537,1524.739822817178,1530.0213623046875,6151747
2018-07-10,1542.2095853092208,1542.94089525568,1520.0677458994862,1523.602294921875,5303302
2018-07-11,1543.8343949979226,1623.4637480030785,1539.0810299876762,1608.7567138671875,22903802
2018-07-12,1612.088278011324,1617.6948548640974,1592.9934823796377,1601.8095703125,6921701
2018-07-13,1604.7750667609578,1623.3823519295172,1603.9625224233573,1609.7315673828125,4148185
2018-07-16,1616.9634297168438,1621.8386963391056,1606.7659573569247,1616.3133544921875,2582159
2018-07-17,1619.4071399562956,1635.6907713284052,1612.8936874074518,1630.1136474609375,3315492
2018-07-18,1632.4342574853924,1637.889234949955,1622.704826229409,1628.56689453125,2013869
2018-07-19,1630.072878862382,1636.8712750003253,1603.9376707045237,1613.2193603515625,1746318
2018-07-20,1616.069328401062,1628.3634525906377,1615.3365449699124,1625.59521484375,1934995
2018-07-23,1629.1779016614744,1636.464789552613,1616.9651737629626,1632.9638671875,2086201
2018-07-24,1640.5759782967655,1640.5759782967655,1615.4584949829537,1627.549072265625,2038423
2018-07-25,1629.9104751396849,1629.9918734376972,1602.6353863483948,1613.3011474609375,1535492
2018-07-26,1607.9680427469734,1616.1506082515234,1591.8065565419402,1599.6226806640625,3503036
2018-07-27,1596.488530404491,1599.5824613245584,1579.7571522888877,1582.5660400390625,2033977
2018-07-30,1581.955019606516,1591.4809056000822,1572.6326790349274,1583.2576904296875,1579251
2018-07-31,1581.1406154150864,1585.2115232817575,1569.742073388407,1579.675048828125,2204803
2018-08-01,1587.6135390186473,1613.3417598087367,1587.4914912756656,1609.2301025390625,2425180
2018-08-02,1612.0796830181614,1616.1505913086114,1583.5833249850123,1586.3515625,1509287
2018-08-03,1592.9462860702379,1613.7486655180658,1592.9462860702379,1611.6317138671875,1505131
2018-08-06,1625.9206990042946,1627.5083134121062,1605.7697038614021,1608.45654296875,1532249
2018-08-07,1610.6137563653144,1611.3872884000896,1596.2027839924112,1601.7799072265625,1353521
2018-08-08,1605.5664606683765,1610.6958456070229,1597.4246429165084,1607.19482421875,1315062
2018-08-09,1612.0797607252437,1612.7311458380782,1600.68121696254,1607.4796142578125,2060297
2018-08-10,1612.8531561280483,1625.5137209825768,1605.6070186999639,1622.7454833984375,2784105
2018-08-13,1626.5722885285422,1631.8237208952037,1620.2216313241638,1628.485595703125,3559575
2018-08-14,1621.8498244266373,1648.3921259730055,1614.033700571942,1631.253662109375,3311765
2018-08-16,1628.6079285420794,1644.688019430219,1624.2927251563667,1635.2841796875,2152065
2018-08-17,1639.6398427129798,1646.1940453370053,1631.620172620249,1638.7442626953125,1213731
2018-08-20,1647.9038931682044,1647.9038931682044,1631.3759635756294,1636.464599609375,1587032
2018-08-21,1636.6272801415007,1647.9036762303183,1631.6200430659871,1642.733642578125,1376866
2018-08-23,1646.9266654732005,1659.3021866787462,1644.8912113678537,1656.9410400390625,3046791
2018-08-24,1656.9412354068522,1665.8158362300385,1653.6031101579708,1663.373291015625,1570533
2018-08-27,1663.3733414352455,1676.4002496403184,1656.859887332709,1669.8052978515625,1532702
2018-08-28,1673.1431292146028,1686.9842159283003,1670.700584500421,1684.7044677734375,1987983
2018-08-29,1687.3917100236222,1690.7299347741377,1665.4902006408854,1686.984619140625,1525867
2018-08-30,1683.7277672457153,1697.5688562414489,1681.6923129816369,1695.451904296875,2408020
2018-08-31,1695.370618370859,1703.2681412209804,1688.6128704074154,1692.1951904296875,2504554
2018-09-03,1697.405738296394,1701.6394426091713,1667.7694105573682,1671.4332275390625,1439711
2018-09-04,1677.051239951212,1713.648661818168,1674.7307429635962,1708.8856201171875,4420803
2018-09-05,1709.781722958248,1715.6845408113184,1689.4679274809278,1692.887451171875,1681106
2018-09-06,1689.427092444393,1694.7192736978334,1677.4586607492724,1689.67138671875,2238097
2018-09-07,1692.928258887209,1696.7548735976457,1681.611012586305,1693.3760986328125,1312182
2018-09-10,1697.080326396514,1704.4079620006005,1688.8164613085069,1694.108642578125,1530539
2018-09-11,1700.8256790599228,1700.8256790599228,1662.7219333308021,1666.0194091796875,3679745
2018-09-12,1670.9859743998063,1684.4605231833932,1660.9307503960515,1664.146728515625,2307661
2018-09-14,1664.1873097933565,1686.6180542375603,1643.1407338008978,1681.6107177734375,3642038
2018-09-17,1685.3558451445774,1691.706501127618,1672.7767796785301,1688.734619140625,1033857
2018-09-18,1687.7984613393019,1692.5207543869633,1675.260144175502,1685.966552734375,1456507
2018-09-19,1686.9027522700253,1700.8253369314675,1682.791294271435,1691.787841796875,1301268
2018-09-21,1691.0554191060608,1726.8794145035893,1669.1945605864996,1712.34619140625,4508530
2018-09-24,1721.9944374981885,1799.748796259927,1708.2753952119647,1789.9378662109375,3032226
2018-09-25,1795.1890645910823,1800.888336217327,1753.5845009843872,1777.5213623046875,2868778
2018-09-26,1780.6149979154904,1790.3851762305273,1738.3590562128702,1744.098876953125,1970951
2018-09-27,1743.8954751365973,1799.0970269159445,1738.9290866824708,1782.1214599609375,3311802
2018-09-28,1773.2879145524562,1783.0580958998528,1757.6964129955088,1777.9287109375,2904371
2018-10-01,1783.790882156553,1853.037086177231,1783.3432411723709,1836.4278564453125,3772208
2018-10-03,1832.1532812031903,1835.979895776447,1755.0503071532685,1760.953125,3902322
2018-10-04,1755.8644848410672,1755.9050349096938,1674.2427623916349,1681.12255859375,4762419
2018-10-05,1669.072499545426,1726.065219042099,1645.3798317464348,1711.9390869140625,3417624
2018-10-08,1711.9391380925622,1727.8564306970902,1667.5662337293368,1691.5032958984375,2010154
2018-10-09,1693.7833700290003,1716.010376549115,1671.6782125072473,1703.105712890625,1867130
2018-10-10,1709.7814364359579,1714.6257774175638,1651.9745402516946,1663.861572265625,2749573
2018-10-11,1616.150842337274,1638.947932304752,1580.3268438169516,1612.0391845703125,4700256
2018-10-12,1610.4517097797645,1610.4517097797645,1549.3880706324023,1561.8450927734375,9373289
2018-10-15,1579.512344912157,1592.172908875049,1563.2287124903821,1587.2470703125,2638151
2018-10-16,1594.1676803008268,1605.4848251814656,1575.441502238049,1597.668701171875,2815425
2018-10-17,1603.9380841465183,1619.407537749962,1563.2289957164037,1570.88232421875,2779207
2018-10-19,1570.5563703005448,1570.5563703005448,1522.5604027827146,1557.6922607421875,3428776
2018-10-22,1558.3435707753792,1559.9719339632322,1536.319918904706,1549.3875732421875,1778496
2018-10-23,1540.4130274277982,1548.5719947340895,1498.8022941657125,1504.22802734375,2752811
2018-10-24,1511.0814094293075,1528.9903008087215,1477.6703823190026,1508.1849365234375,2735913
2018-10-25,1504.5134971688647,1531.3565182036489,1489.0522947237578,1511.8565673828125,2507233
2018-10-26,1512.5909405843697,1512.5909405843697,1461.3525870190524,1467.8797607421875,2285970
2018-10-29,1475.7118483743905,1532.2126767366153,1455.8447900176336,1526.542236328125,2609483
2018-10-30,1523.2792124467908,1557.8732541164093,1505.329484180144,1545.961181640625,2404883
2018-10-31,1550.203721344748,1586.021606194119,1530.173417632877,1581.3302001953125,2769190
2018-11-01,1585.8175517292075,1586.3886395483983,1551.2643483459342,1579.3719482421875,2769759
2018-11-02,1578.1073466450555,1594.751659132017,1554.283203004635,1561.177490234375,1818635
2018-11-05,1558.3628465440224,1572.5186357280909,1537.7614528920662,1542.7384033203125,1713366
2018-11-06,1545.3082621903886,1580.7997666282356,1542.860572229158,1576.8834228515625,1398710
2018-11-07,1582.839552226376,1590.1826223140242,1580.39186219716,1584.59375,144530
2018-11-09,1599.9729488804658,1600.7480106743246,1554.2827473826046,1557.70947265625,2570479
2018-11-12,1557.1391432644643,1587.8168450043918,1557.1391432644643,1562.320068359375,2552008
2018-11-13,1562.442381006756,1582.0239043196345,1552.6516193503169,1578.719482421875,1418432
2018-11-14,1570.6008862616782,1574.5987993460578,1525.7265752256303,1534.4158935546875,2422318
2018-11-15,1520.8313366101377,1549.3877190035685,1515.6095781959875,1528.052001953125,1829123
2018-11-16,1541.2286795746134,1550.0404027057475,1525.9306183030285,1539.2705078125,1829729
2018-11-19,1549.3878329431045,1556.2005504671822,1521.076257298332,1552.20263671875,1740628
2018-11-20,1551.8353076022395,1551.8353076022395,1529.1533426576807,1532.457763671875,1190182
2018-11-21,1526.5424372186724,1526.5832718846616,1467.4307723131203,1478.404541015625,3840461
2018-11-22,1484.9319058404233,1507.450633504146,1476.7321046535349,1478.853515625,3194219
2018-11-26,1484.1161473151506,1517.567913142485,1455.96771021654,1506.2269287109375,4333177
2018-11-27,1512.6724033847622,1548.4902865773565,1497.4559107992152,1542.2486572265625,3344839
2018-11-28,1541.228738313286,1622.8184015379172,1535.9254102036848,1618.6573486328125,5313249
2018-11-29,1629.345718271277,1629.345718271277,1584.9201825667328,1599.6063232421875,4035441
2018-11-30,1604.0526604474946,1624.4500747461657,1599.0348766106715,1605.888427734375,5268901
2018-12-03,1618.739130683768,1623.6345111193036,1605.9295917161578,1617.4337158203125,1610576
2018-12-04,1617.9229298842224,1647.62158553115,1608.132170853153,1640.6456298828125,3270615
2018-12-05,1636.6888586956522,1646.4796195652175,1619.555027173913,1637.30078125,2501539
2018-12-06,1630.1614501367847,1645.663485948896,1615.148932378336,1625.837158203125,2321216
2018-12-07,1619.5958032700817,1634.9754363270672,1609.7642080804528,1627.8770751953125,1680420
2018-12-10,1611.3959488696046,1640.768229456595,1599.1574986250255,1612.0487060546875,2010786
2018-12-11,1607.3161944580077,1639.952056274414,1599.9731255493164,1631.7930908203125,2942014
2018-12-12,1632.6907293386212,1649.7429888559395,1619.5139788208407,1645.5003662109375,2219993
2018-12-13,1651.375070183042,1656.0256419550258,1610.9881798796523,1617.596923828125,3748429
2018-12-14,1617.9231173288495,1630.9366295432937,1611.5999180553756,1623.430419921875,2473761
2018-12-17,1630.9776192598706,1635.7914300514778,1619.5550646477454,1627.1429443359375,1227921
2018-12-18,1625.1845482063384,1633.4250844071225,1612.5381502001892,1621.880126953125,1768742
2018-12-19,1619.3916249401511,1619.3916249401511,1599.1981839227888,1606.0516357421875,2498833
2018-12-20,1594.099004341643,1611.3144047063581,1587.7349702747035,1594.302978515625,1940277
2018-12-21,1589.3664938571424,1590.9982869719854,1539.2296902422884,1546.7767333984375,3729956
2018-12-24,1554.9358818330802,1581.942041140307,1554.2831246716796,1565.2977294921875,1864116
2018-12-26,1567.9901550378777,1567.9901550378777,1525.9306446827238,1541.391845703125,2446614
2018-12-27,1557.5465719724075,1584.2263503125955,1527.4399682365136,1557.5057373046875,4968201
2018-12-28,1562.4420361588989,1566.5215192820292,1544.4923104171255,1546.9808349609375,2239130
2018-12-31,1556.7310643514716,1557.546961135723,1538.903739534936,1544.533447265625,1879740
2019-01-01,1546.9399005808282,1558.3624525893365,1537.965038288429,1552.488037109375,1094883
2019-01-02,1554.2829205529385,1578.3110340004785,1550.2034378218286,1569.2138671875,2100463
2019-01-03,1565.7053433510725,1586.8778171444567,1544.5736046235995,1550.1624755859375,2611668
2019-01-04,1550.2035784354694,1551.1826145410423,1502.0656778419468,1531.3155517578125,4280862
2019-01-07,1543.5131631721638,1557.383404792139,1534.7014404219508,1548.4901123046875,1856423
2019-01-08,1554.6096404560724,1555.425537181451,1536.5783427445551,1544.9412841796875,1691756
2019-01-09,1556.2416688658432,1565.7060523898017,1523.0346073713142,1539.5565185546875,2414376
2019-01-10,1542.0447046674803,1554.283154704524,1527.4401343705897,1540.8616943359375,3053461
2019-01-11,1525.7265202392712,1529.8060029137077,1497.1701415182154,1503.3302001953125,9209862
2019-01-14,1509.4091352554547,1510.2250320853225,1476.7732620607421,1479.4249267578125,3615370
2019-01-15,1476.7728977248441,1525.1963427115534,1475.1411044676897,1523.9317626953125,7711653
2019-01-16,1525.7267166784081,1529.8061998780831,1506.9610939599038,1525.84912109375,2359280
2019-01-17,1535.5383047389935,1551.8912153325928,1530.0601196142356,1548.865966796875,2625816
2019-01-18,1537.9909872913672,1556.9603205225972,1533.9027603182376,1554.0577392578125,1683728
2019-01-21,1555.1615861274604,1579.6909486846757,1549.8059687117088,1560.6397705078125,2409803
2019-01-22,1559.3316726202504,1568.448439670701,1545.3499548951518,1555.0799560546875,2457093
2019-01-23,1554.3440203216223,1558.5139922078865,1528.9970110475717,1533.5758056640625,2578169
2019-01-24,1541.098140273713,1557.818949326779,1533.0851751674113,1554.793701171875,1962927
2019-01-25,1555.161672617446,1582.143972930998,1554.3440271533989,1570.533447265625,2327080
2019-01-28,1580.5087472901016,1604.2204667269423,1574.3764060564358,1598.4969482421875,2769033
2019-01-29,1604.2202594792193,1626.3376072620838,1583.492968749217,1621.1864013671875,2557626
2019-01-30,1618.6109618931932,1626.7056720554667,1598.2107472217701,1620.082763671875,2429575
2019-01-31,1624.661409701514,1651.4392965498907,1623.0261189016132,1646.819580078125,4094319
2019-02-01,1643.0584877941712,1663.7040348540381,1633.73730995163,1659.779296875,3064163
2019-02-04,1659.7792002576514,1680.6291574608508,1654.0966047871448,1676.37744140625,1590764
2019-02-05,1676.173168784152,1680.261396025089,1658.1849689240296,1671.717041015625,1111404
2019-02-06,1676.091676169794,1706.3038415176336,1668.8556322069148,1696.451171875,1789812
2019-02-07,1696.4099994983333,1715.379335156047,1690.0732468794095,1703.07373046875,1339945
2019-02-08,1696.6145664934445,1708.4704273195432,1676.9910727123156,1685.4945068359375,1684474
2019-02-11,1684.3499210463433,1713.7851623850174,1675.2739751187164,1689.1739501953125,1778730
2019-02-12,1692.5261645528678,1692.5261645528678,1650.0085990665157,1677.4815673828125,2422903
2019-02-14,1684.3903711832547,1696.6141294448032,1662.3139463663827,1671.7576904296875,1724085
2019-02-15,1675.3553020207369,1677.808238041265,1644.2438569029491,1659.57470703125,1930065
2019-02-18,1666.034566150645,1669.5913043597725,1604.7520716081435,1611.007080078125,2942184
2019-02-19,1610.7616179878623,1611.5792634792267,1546.9852696614394,1557.451171875,4408554
2019-02-20,1565.7912033764403,1581.1629793963493,1538.2365887032615,1565.5867919921875,4645778
2019-02-21,1565.587074152073,1586.2326276824763,1551.114785462787,1565.1373291015625,4683919
2019-02-22,1567.589737776911,1578.0556389333071,1557.696248292795,1574.4989013671875,2271955
2019-02-25,1580.0999906286602,1627.1146087198103,1578.46469956462,1623.1490478515625,2934880
2019-02-26,1622.2089066362973,1672.2079561552082,1612.6015706216922,1666.93408203125,6453309
2019-02-27,1667.996559421626,1696.573225258215,1653.278942720847,1682.7960205078125,4732082
2019-02-28,1684.3497134675602,1693.6300696496637,1616.9757049668094,1621.7589111328125,8454295
2019-03-01,1631.2436292047876,1639.3791616790497,1619.2241809512225,1631.52978515625,4148548
2019-03-05,1639.3793874871326,1641.0146786467208,1616.1582330589306,1625.5611572265625,2449622
2019-03-06,1626.5424215882074,1647.5558734495419,1623.0674278104602,1634.964111328125,2635047
2019-03-07,1639.3793952860112,1654.9555835792883,1635.4546565602284,1646.1658935546875,2539884
2019-03-08,1655.7321871304682,1662.2733513265391,1643.5084264631585,1653.8515625,2031071
2019-03-11,1658.9208707075254,1662.273197084902,1638.2753231293682,1647.39208984375,3111689
2019-03-12,1646.779137985546,1655.5688280648194,1637.7441143055407,1645.4708251953125,2658550
2019-03-13,1645.9203978912499,1648.2915898125057,1617.793372619982,1635.6998291015625,1833163
2019-03-14,1639.3381426053572,1641.668511897274,1619.7555747479191,1624.988525390625,1905495
2019-03-15,1634.3915244138334,1691.6675288064687,1627.93210533969,1667.955810546875,5184318
2019-03-18,1670.449748708238,1688.110971274051,1644.2850928302823,1653.933349609375,2349915
2019-03-19,1659.8203572578184,1659.8203572578184,1631.2845094788747,1653.933349609375,2373993
2019-03-20,1658.185149470325,1671.9216344196216,1635.2910744283283,1647.5966796875,3091165
2019-03-22,1647.555732295575,1648.3733778202873,1621.6364090862883,1639.9107666015625,3148149
2019-03-25,1641.6684303788043,1641.6684303788043,1616.6484019561065,1622.412841796875,2429205
2019-03-26,1622.2086598531241,1631.1618380869872,1600.990799211097,1621.1048583984375,2316539
2019-03-27,1630.3852063611043,1633.6557885203042,1603.4029035477058,1609.044677734375,2266166
2019-03-28,1618.9377704443511,1647.2282791981524,1613.0507639304606,1635.5360107421875,4054489
2019-04-01,1643.4673892647463,1667.9558310861632,1642.0365096969786,1661.16943359375,2095740
2019-04-02,1665.6251918630844,1705.6080663036748,1665.5434472965414,1700.1298828125,3719663
2019-04-03,1704.7904210178149,1708.5516691809428,1682.795842676357,1700.1298828125,2939886
2019-04-04,1699.1896546687344,1700.4570449229268,1641.341344250117,1647.1466064453125,4397518
2019-04-05,1658.7166919844026,1679.7709654295575,1650.6629031477835,1674.783447265625,3152103
2019-04-08,1683.532191133666,1696.6145199622908,1662.0280731975147,1693.1395263671875,2194294
2019-04-09,1692.526091471432,1715.4201642063113,1682.4280902562516,1710.10546875,2690970
2019-04-10,1703.1555157532778,1705.19962943037,1664.726178623943,1668.201171875,3313062
2019-04-11,1672.0849443149023,1680.2613988103299,1646.4517794337846,1651.2349853515625,3422442
2019-04-12,1666.3612727404056,1667.1789181146648,1641.014266138368,1647.1466064453125,3198471
2019-04-15,1692.5262073107713,1733.2449936716205,1668.814487498205,1727.9302978515625,9189201
2019-04-16,1733.4082628280619,1762.8025752854173,1729.7697806910292,1743.0565185546875,5771952
2019-04-18,1757.8558711056694,1762.0259427441108,1728.6659684979934,1757.9786376953125,3413728
2019-04-22,1756.3025127695337,1779.1965864927865,1754.3402434414472,1767.2998046875,2007135
2019-04-23,1768.5672585570435,1770.611372355653,1744.8964606932418,1762.0670166015625,2163524
2019-04-24,1764.4786852577836,1794.73156354997,1762.9252389233916,1785.2877197265625,3003071
2019-04-25,1778.379023037087,1802.9083888720813,1772.6964265427448,1794.73193359375,4211526
2019-04-26,1801.27287511611,1834.7554154171667,1793.2189878144995,1830.3402099609375,2716958
2019-04-30,1830.3399650099072,1853.5610121736086,1823.4309020026442,1848.1646728515625,3488395
2019-05-02,1843.7910815053274,1847.3886427917578,1807.896514578338,1811.4122314453125,2457699
2019-05-03,1786.5551763538124,1787.413743937021,1737.4964529756755,1743.219970703125,3780886
2019-05-06,1725.23166968262,1770.2021634421196,1724.0052016709972,1764.3560791015625,2891422
2019-05-07,1766.1551125542162,1786.0239371198295,1748.780146561119,1759.5321044921875,2201698
2019-05-08,1758.7554644585655,1772.6554379108184,1741.911887368231,1760.2681884765625,1824895
2019-05-09,1753.849679983683,1785.8197003854289,1746.5727145396402,1776.3758544921875,2264162
2019-05-10,1778.3789336640057,1792.278906938621,1738.191737838825,1746.3272705078125,2039633
2019-05-13,1744.037981916104,1771.8379309949355,1734.7576249489418,1740.56298828125,1701744
2019-05-14,1745.6730357027425,1765.9506827862879,1694.4476281098177,1710.800537109375,2456110
2019-05-15,1714.6025020162517,1736.6789290808388,1704.3819339307947,1713.294189453125,2346876
2019-05-16,1713.7852233995259,1736.6793008113516,1698.2908787895535,1724.210205078125,1946529
2019-05-17,1727.358314236497,1745.6734973108937,1708.879442332444,1713.3355712890625,1947908
2019-05-20,1737.4968670355659,1759.0826306178296,1676.1734481990165,1752.9912109375,2625116
2019-05-21,1756.3434503606209,1756.874840085661,1719.1405802342913,1725.027587890625,1863157
2019-05-22,1725.2320306401616,1735.0028545862774,1696.6144377148507,1702.133544921875,2595795
2019-05-23,1715.419970834583,1729.606197724698,1676.1729934275,1679.4844970703125,2541294
2019-05-24,1692.5259178876877,1692.5259178876877,1661.6598051339388,1674.5377197265625,2274208
2019-05-27,1680.09797705659,1691.6675807836489,1668.0785285799034,1680.384033203125,2329820
2019-05-28,1684.349659998493,1715.0113649741938,1672.0849780082128,1695.59228515625,5872979
2019-05-29,1700.7024665436822,1736.4335313253391,1698.3313746837057,1723.2286376953125,3281320
2019-05-30,1735.8611758630318,1763.2932188253735,1728.8293456086205,1754.912353515625,4971725
2019-05-31,1766.114044473817,1802.867164873382,1759.7772926938762,1795.9990234375,4265370
2019-06-03,1799.6375761734957,1837.7806553114497,1787.0866390812103,1833.4063720703125,3682419
2019-06-04,1833.159516160742,1833.159516160742,1792.7706599143946,1799.447265625,2408658
2019-06-06,1812.5524704514455,1812.5524704514455,1773.8121493458439,1785.434326171875,3735467
2019-06-07,1791.946074212036,1804.9694575928625,1765.6521897720036,1798.3341064453125,2659446
2019-06-10,1810.6563396894717,1842.926318524719,1801.424645309568,1839.3406982421875,2080593
2019-06-11,1843.8748084658966,1866.0886377261588,1838.9292345495824,1856.898193359375,3048937
2019-06-12,1850.4686522408913,1868.5199140557002,1829.0378348875445,1863.5743408203125,2404448
2019-06-13,1866.1299654254171,1883.4394748220311,1848.8617093935995,1857.9698486328125,3320916
2019-06-14,1860.5659154645352,1865.3879299960927,1841.4018186500264,1858.2991943359375,2131408
2019-06-17,1859.5358102050827,1864.4813841683942,1847.5427530968686,1853.9307861328125,1489497
2019-06-18,1849.6449813557854,1862.8331808663436,1839.094381500148,1855.291259765625,1877447
2019-06-19,1858.7110740502671,1876.020578509272,1848.9434874683386,1862.7498779296875,1652817
2019-06-20,1838.1050777328462,1882.6152455344486,1823.2683551323119,1877.62841796875,2199377
2019-06-21,1883.4396630265949,1889.621631285982,1847.9963783394423,1854.4669189453125,3871804
2019-06-24,1858.010684977964,1879.3179448026533,1855.249527160256,1875.6087646484375,1382424
2019-06-25,1871.0755439632362,1874.7434711921023,1855.0024280569442,1869.26220703125,1386077
2019-06-26,1866.9539522200478,1868.4376644822362,1854.5900187616367,1858.0518798828125,1762224
2019-06-27,1858.7111745097923,1866.1295339645985,1847.4188231424296,1856.6917724609375,2813464
2019-06-28,1862.8332129913244,1864.4404845872007,1831.9233698554065,1835.79736328125,2372928
2019-07-01,1842.22637265939,1858.7116198420244,1818.8174021544203,1845.976806640625,2769940
2019-07-02,1850.3860742091238,1860.3597270104447,1826.935855602314,1856.3209228515625,1771746
2019-07-03,1856.4032110189423,1861.8434218118277,1839.7531555039411,1844.41015625,1656881
2019-07-04,1841.4019499898432,1856.2386711625456,1838.187407563455,1848.53173828125,984140
2019-07-05,1852.1175693770854,1854.5903565191109,1763.921494644843,1782.9620361328125,4088470
2019-07-08,1771.3397743747278,1804.1454558597507,1757.409821278156,1793.1002197265625,2788062
2019-07-09,1791.9463699740518,1792.2759944235584,1734.7013893405117,1758.440185546875,3977224
2019-07-10,1714.4655605026273,1753.9065915114388,1707.2945188380916,1737.709716796875,6343581
2019-07-11,1754.029798961803,1754.8540610853752,1719.4520431251199,1733.0523681640625,2400346
2019-07-12,1732.6816458045178,1747.2297930955792,1725.2632860272515,1737.215087890625,1560725
2019-07-15,1751.5573181486818,1775.1312994896568,1729.3022369298515,1768.6195068359375,2900415
2019-07-16,1756.4744317760267,1761.8446499352667,1734.993559139067,1739.95068359375,2735399
2019-07-17,1741.6033705647067,1755.6485590370025,1728.4670690877024,1749.24560546875,1802969
2019-07-18,1748.3774831218857,1748.3774831218857,1701.9457982865074,1706.861572265625,3072096
2019-07-19,1715.9914229580236,1732.5151728179949,1704.0117043095445,1715.9500732421875,1953177
2019-07-22,1715.99112431513,1749.4103622496114,1709.2164283927636,1743.172607421875,1920167
2019-07-23,1758.0442190277176,1759.7792933796163,1736.9764387548632,1745.2796630859375,3538588
2019-07-24,1743.2556101518626,1752.1784754170487,1715.578329137603,1732.3499755859375,2413196
2019-07-25,1742.3467489256132,1763.9103234923664,1728.838704239993,1758.0443115234375,2544464
2019-07-26,1759.6142161939722,1759.6142161939722,1730.862850226117,1742.4708251953125,1720592
2019-07-29,1743.9164169504468,1769.6934236768266,1737.7200114053599,1759.7791748046875,1647090
2019-07-30,1759.7794382082138,1805.2197523403509,1751.8893069586277,1800.386474609375,2851672
2019-07-31,1794.272390732485,1827.2785352697506,1773.9481010886807,1822.3214111328125,3000677
2019-08-01,1817.6126506735832,1832.070933122123,1789.7288202371135,1801.1302490234375,2375236
2019-08-02,1795.3051958676876,1825.8741292533778,1789.1087904516694,1821.9910888671875,2500816
2019-08-05,1817.52988634572,1860.7808846943183,1813.9774412928086,1857.765380859375,3039682
2019-08-06,1844.710992422417,1860.5323980945782,1827.0718133761573,1829.922119140625,2885467
2019-08-07,1842.3980523016523,1849.4206457745508,1823.6022874183059,1828.724609375,2165362
2019-08-08,1841.4890576010587,1884.533502815061,1833.227183410725,1865.6138916015625,2073298
2019-08-09,1867.184054587507,1873.7108562198293,1851.7757358813724,1855.823974609375,1744550
2019-08-13,1854.7905887336224,1855.8233229144316,1812.9029307011733,1817.15771484375,1647281
2019-08-14,1801.997431334502,1832.3598184953228,1790.6785025111826,1821.2474365234375,1945002
2019-08-16,1851.8166331563189,1851.8166331563189,1770.7264084655935,1788.7786865234375,3755507
2019-08-19,1801.0887667320417,1806.0458917780932,1782.6647449696968,1787.0435791015625,974884
2019-08-20,1794.4791403927775,1821.7433262274744,1789.935109420328,1806.6654052734375,1843611
2019-08-21,1805.1783252025102,1819.2648623205198,1802.9476593092436,1806.2110595703125,1214408
2019-08-22,1806.8719844336115,1847.0659238896485,1792.8267975404376,1830.8314208984375,2131601
2019-08-23,1829.96360490099,1867.1006854219686,1829.0960678544661,1857.021240234375,2826425
2019-08-26,1856.4433008266546,1885.3598631448267,1838.2671759409463,1880.650634765625,2345475
2019-08-27,1875.445343501984,1879.4524329579065,1841.5716610863094,1847.76806640625,3432106
2019-08-28,1850.6599238026126,1860.69802083194,1830.8314246190132,1850.040283203125,1294621
2019-08-29,1835.9534394375457,1857.4343099596622,1835.9534394375457,1845.248046875,1670652
2019-08-30,1851.4856197331653,1872.1403008993095,1832.4833130603129,1866.852783203125,2583625
2019-09-03,1875.445666135433,1897.0917387690245,1848.1401283203354,1860.243896484375,2545060
2019-09-04,1871.314570490145,1875.4455077318448,1844.8765721432642,1855.1212158203125,2228092
2019-09-05,1852.4775364675604,1861.937342819114,1823.6436739554688,1830.253173828125,2055943
2019-09-06,1830.8313424345847,1845.289622440273,1811.4986372807732,1815.546875,1890550
2019-09-09,1817.6122704579398,1819.9669852179413,1800.9233254067346,1803.4432373046875,1703945
2019-09-11,1806.045662910936,1813.4813495377423,1773.452610204617,1779.607666015625,2627440
2019-09-12,1780.4339932392181,1788.6958679178224,1751.8066781602242,1762.753662109375,2118859
2019-09-13,1763.9101373955696,1782.8710982971168,1747.8408324569657,1769.652099609375,2291174
2019-09-16,1784.5232578510463,1795.6354369411913,1756.8046329804356,1776.302734375,2597948
2019-09-17,1780.3920636188143,1781.714043819168,1739.619846383704,1753.7061767578125,2796530
2019-09-18,1756.8044773855142,1770.477916633772,1745.8574963873957,1766.8427734375,1454663
2019-09-19,1763.9103969214782,1764.5713872943002,1727.5581451816445,1736.6048583984375,1652691
2019-09-20,1739.0420319659286,1759.2836262268831,1699.4677303993353,1706.448974609375,6941979
2019-09-23,1734.1677210203522,1734.1677210203522,1631.7204616556435,1665.428955078125,6323401
2019-09-24,1664.7675729732368,1702.7721925051321,1663.1151982109807,1689.3052978515625,4620978
2019-09-25,1706.0771161514144,1728.3841777185273,1701.9875285386286,1725.451171875,4002232
2019-09-26,1733.2584702443908,1740.7768562861295,1704.4246105924467,1724.7489013671875,4234281
2019-09-27,1722.6008476025263,1722.7660447527187,1694.840868368865,1698.7652587890625,2046795
2019-09-30,1703.4748445923617,1738.2985684053685,1701.946316974838,1734.41552734375,2620039
2019-10-01,1731.6476573478951,1731.6476573478951,1685.1746102833129,1701.9049072265625,3342877
2019-10-03,1710.2081603226247,1719.4200704555144,1690.5036082112404,1702.15283203125,2317618
2019-10-04,1702.4420894229931,1725.0381971381744,1697.7740088976423,1717.93310546875,2163251
2019-10-07,1718.4697054944102,1730.4494221913662,1686.24839851639,1691.7838134765625,2177916
2019-10-09,1701.9462241623326,1701.9462241623326,1665.1808809704762,1668.9813232421875,2066920
2019-10-10,1675.508022859782,1684.63743383834,1649.9788124000559,1656.05126953125,2881452
2019-10-11,1595.3681868855128,1648.2441910080777,1590.4110614990225,1641.5107421875,12593069
2019-10-14,1648.2443410957408,1679.4329244924145,1625.937274825272,1669.7252197265625,3510704
2019-10-15,1678.8129385300824,1691.2057505763182,1671.1293547202313,1683.1917724609375,2261310
2019-10-16,1683.7697232820426,1698.641094733994,1665.5936026185466,1690.709716796875,3034082
2019-10-17,1701.3536634197528,1721.6279871149236,1688.9356814046778,1715.67236328125,3818774
2019-10-18,1721.2059681216333,1743.507646390046,1710.646422304936,1737.974609375,3087901
2019-10-22,1757.1084437147176,1783.7184994728973,1723.3601761521732,1732.9481201171875,5552505
2019-10-23,1740.2128013133424,1760.3604931842062,1733.8770750949684,1748.7449951171875,2348134
2019-10-24,1760.4872566098554,1773.158709992364,1741.3111650725464,1758.7977294921875,2798671
2019-10-25,1768.9350510897834,1799.3465419394645,1752.9268214601893,1795.0804443359375,3954245
2019-10-27,1798.501754865359,1798.501754865359,1781.4375709147666,1787.266357421875,224405
2019-10-29,1792.1662584679202,1859.9162685650256,1792.1662584679202,1854.1297607421875,5064173
2019-10-30,1879.599147122575,1909.1658752795593,1838.923859311632,1903.0836181640625,5195136
2019-10-31,1900.7185887226635,1930.2430428859223,1889.7366590989325,1917.318115234375,4879261
2019-11-01,1912.544652034424,1921.837050962153,1854.255967851396,1859.239990234375,4172620
2019-11-04,1864.393592931734,1883.1473069001258,1842.345176599516,1853.369384765625,2646411
2019-11-05,1855.945904256652,1867.7725964094027,1832.2925199511508,1860.0430908203125,2693475
2019-11-06,1858.4799181088647,1867.6034062278034,1840.7398825269163,1848.76513671875,2540719
2019-11-07,1862.281388773386,1862.281388773386,1837.5297736122297,1846.104248046875,1915598
2019-11-08,1849.694597490534,1849.694597490534,1794.2780187465435,1799.3043212890625,2788759
2019-11-11,1803.57027187641,1806.949326249949,1766.4006737674817,1774.8060302734375,2983768
2019-11-13,1789.2088671924816,1844.794339725522,1789.2088671924816,1840.401611328125,3823365
2019-11-14,1847.9201474968086,1858.4796911967903,1813.4537556118505,1855.7764892578125,2995915
2019-11-15,1855.100937770833,1868.1947740802354,1832.0811287752706,1836.896240234375,2724180
2019-11-18,1840.2329686034113,1848.1315908665597,1815.1858100214924,1818.438232421875,1611089
2019-11-19,1818.776134062004,1820.1699115846911,1778.227478959832,1781.4376220703125,2975313
2019-11-20,1792.5459451827005,1803.570150583197,1769.3572273519933,1781.2261962890625,2894129
2019-11-21,1784.1412914958937,1796.474926480926,1780.2552952016563,1789.29443359375,2052574
2019-11-22,1771.4696103425028,1779.9172479693148,1740.6357330046385,1750.0970458984375,3742049
2019-11-25,1752.5043006634987,1761.2897592713534,1733.6237524284957,1758.3753662109375,2737010
2019-11-26,1765.429273822161,1772.2294557394196,1719.1361877694555,1728.9354248046875,6561580
2019-11-27,1733.4548297070753,1750.096630634892,1728.8509095411132,1735.3978271484375,2907521
2019-11-28,1746.1688875585185,1769.2730515410706,1740.2132620880952,1754.8699951171875,2924429
2019-11-29,1761.3319846394436,1761.3319846394436,1728.2172950493582,1734.5107421875,2064271
2019-12-02,1740.2131967725916,1746.7178359200682,1703.0435945114295,1707.3096923828125,3809860
2019-12-03,1712.9271953882007,1741.9026295528477,1697.9749201751813,1732.6102294921875,4664774
2019-12-04,1734.299593611867,1758.797736921533,1727.9638668938499,1755.841064453125,3334301
2019-12-05,1759.6428228377881,1796.6435148974879,1747.2671168778966,1791.997314453125,3902721
2019-12-06,1794.278252700021,1797.6573077898515,1774.8486859334953,1793.9404296875,1829461
2019-12-09,1797.6149354840888,1797.6149354840888,1734.7223171220257,1740.5933837890625,2244747
2019-12-10,1740.2128220738982,1740.9309535503162,1692.2724931162797,1700.3822021484375,4520045
2019-12-11,1710.9846151224929,1730.0762563111857,1695.2297496838241,1724.9232177734375,4943024
2019-12-12,1732.6952807159098,1760.1921800796717,1676.0115417421691,1707.183349609375,7137306
2019-12-13,1708.9565910601802,1754.9116437855296,1695.4403748184784,1749.7164306640625,5711133
2019-12-16,1770.6243516368872,1804.41489269866,1757.3616055183604,1796.600830078125,5574177
2019-12-17,1796.3903311029378,1832.292794809439,1790.0546022135552,1828.8714599609375,6059673
2019-12-18,1836.5161007236768,1861.3943479604175,1818.7760647921232,1831.236328125,8251081
2019-12-19,1841.416016262547,1889.3140784106442,1831.0676605905012,1883.0206298828125,6251505
2019-12-20,1875.3750972817347,1897.930243014335,1865.4491254830589,1877.8248291015625,5548338
2019-12-23,1866.9275820056857,1893.917738153427,1866.9275820056857,1885.2589111328125,2247329
2019-12-24,1891.4257110501726,1895.2694267000384,1867.8989621612538,1871.6583251953125,1805896
2019-12-26,1872.3341131023308,1882.9782178260634,1854.4251645713227,1860.1273193359375,1880367
2019-12-27,1865.2386357175346,1880.7822085187086,1838.2061917216283,1857.21337890625,2720261
2019-12-30,1864.3936268358773,1879.5993745853316,1839.135272792967,1844.2882080078125,2288830
2019-12-31,1849.1874528973021,1855.9455614506044,1822.5351210419956,1826.1253662109375,1909289
2020-01-01,1831.4479304476324,1844.8795924595238,1819.621237169834,1831.110107421875,1354908
2020-01-02,1841.5428644445603,1841.5428644445603,1815.5663767498638,1822.70458984375,2380752
2020-01-03,1828.0685473107976,1877.9096028982917,1828.0685473107976,1859.029052734375,4655761
2020-01-06,1862.70394554869,1880.4017036924106,1848.2584038826742,1858.8602294921875,3023209
2020-01-07,1858.9023072303519,1870.8556297088255,1844.7947963173629,1863.421875,2429317
2020-01-08,1862.7039447019456,1909.1659478577762,1860.2119330536327,1905.1533203125,5197454
2020-01-09,1899.662699085378,1902.3659021449025,1866.928100046108,1870.6029052734375,3734173
2020-01-10,1882.133797949221,1887.202380888043,1865.2385214864812,1869.927001953125,1915807
2020-01-13,1873.5587543368276,1874.4878704140888,1845.5547214136905,1850.3277587890625,2843893
2020-01-14,1854.2565970740293,1883.6544194512728,1854.2565970740293,1864.3092041015625,2948452
2020-01-15,1869.4620905582071,1884.6678373408765,1853.5804915591907,1881.2042236328125,2620681
2020-01-16,1881.246668804794,1899.8737515028422,1871.151782827388,1891.2572021484375,3117214
2020-01-17,1892.904409490734,1903.7174269484844,1869.4622149740017,1874.6153564453125,3281059
2020-01-20,1854.171767292639,1894.12913165127,1821.4794532687185,1833.4329833984375,5817599
2020-01-21,1833.0948474072118,1847.1180065421472,1823.0422424339051,1834.024169921875,1902980
2020-01-22,1842.4299035163817,1866.9280544572232,1836.2630863416605,1864.3092041015625,1773686
2020-01-23,1870.9975104338787,1877.7285895007549,1848.8990324458719,1855.0374755859375,2069866
2020-01-24,1855.0382436254795,1855.0382436254795,1837.3002936530816,1848.645751953125,1319430
2020-01-27,1853.9797688839938,1857.1548267861479,1833.0667621770376,1836.6651611328125,1549101
2020-01-28,1840.6863801114412,1852.3706312258857,1822.0593790247567,1848.9415283203125,1743024
2020-01-29,1850.0001583525982,1851.6511469003092,1820.3662885391698,1824.2611083984375,2306761
2020-01-30,1828.8330241962835,1833.0664339745156,1799.1991557486585,1810.0791015625,2098567
2020-01-31,1811.3909454288346,1815.582185672112,1753.9860852256354,1760.2938232421875,3287223
2020-02-03,1822.0593104377228,1858.212583480451,1772.274377156367,1780.1485595703125,4728073
2020-02-04,1802.5856168247205,1809.1050255765638,1766.6863899014625,1784.5936279296875,3509339
2020-02-05,1790.7324537044988,1826.039052229969,1781.6729975264705,1817.4453125,2439322
2020-02-06,1816.1326935522836,1840.8557639361402,1791.155577254012,1802.0355224609375,2640065
2020-02-07,1811.0524786063434,1821.2126608145136,1794.1188415927263,1808.9781494140625,2083442
2020-02-10,1812.6608287915303,1834.759304576094,1794.118581632092,1830.4835205078125,2383032
2020-02-11,1831.3729800349784,1841.3638679623577,1818.3341612427819,1823.2447509765625,1335820
2020-02-12,1821.297476112163,1849.9999091818245,1820.36604335969,1837.9346923828125,1620407
2020-02-13,1839.7972008558224,1860.1599397631626,1838.1462126653737,1855.8841552734375,1645948
2020-02-14,1852.5400645147372,1872.8604308531073,1838.146471691725,1849.3226318359375,1500115
2020-02-17,1860.1178886830219,1877.0939033046884,1854.4027854591577,1865.4520263671875,1774724
2020-02-18,1862.6580275677402,1880.4807250384322,1850.8892304325136,1876.03564453125,2486223
2020-02-19,1876.035163067945,1888.1003784910379,1854.6564480200082,1859.609619140625,1760463
2020-02-20,1866.5103445928028,1874.8924131503295,1821.4245310978756,1826.1236572265625,2317278
2020-02-24,1825.4463483876807,1844.8776584815464,1783.7048854430448,1791.02880859375,3092877
2020-02-25,1791.1557028802288,1842.9302225273934,1787.3456340251303,1825.5732421875,2674567
2020-02-26,1823.7529652461767,1832.1350340739677,1788.9966290002187,1798.013916015625,2686842
2020-02-27,1794.9234784968644,1794.9234784968644,1766.3479607749568,1782.68896484375,2349001
2020-02-28,1750.9380654978945,1752.2080882726752,1684.8968812092892,1693.49072265625,4298076
2020-03-02,1722.998236009918,1739.0428219763135,1681.256763201042,1694.465087890625,2667076
2020-03-03,1710.2973451115222,1744.1646192721464,1703.5238902793974,1724.0135498046875,2757585
2020-03-04,1740.7777913593766,1773.3326654249663,1714.530655400164,1763.8074951171875,3237002
2020-03-05,1765.9245586589109,1818.4612166906686,1764.5276160801952,1799.2415771484375,3937056
2020-03-06,1776.3385993898473,1798.0559071132902,1753.9862802509888,1791.9598388671875,2595027
2020-03-09,1756.8649194977118,1761.0135780696148,1638.3294550496732,1669.9530029296875,4940975
2020-03-11,1636.636200655932,1682.6110716385983,1625.629335364402,1654.1624755859375,6796449
2020-03-12,1612.0824021004496,1615.807823280451,1488.7631577604227,1498.5,8728786
2020-03-13,1429.1145277232897,1540.961196063312,1275.1454310842842,1529.3616943359375,8029720
2020-03-16,1485.9265682750029,1559.7995557861104,1418.9116827157602,1436.31103515625,7844271
2020-03-17,1464.7595531431411,1465.6062349657673,1374.291621066486,1403.7984619140625,5713248
2020-03-18,1419.716677487302,1450.8322466537759,1378.1868764823919,1400.7509765625,7258778
2020-03-19,1330.218453737501,1437.4666269722372,1319.173852491675,1395.5908203125,5135111
2020-03-20,1390.175175606175,1594.0106768146877,1387.616570988495,1532.9879150390625,8547498
2020-03-23,1381.6460740177313,1492.5189071179195,1379.727121137151,1424.0335693359375,7003490
2020-03-24,1409.833468435624,1509.5763379336815,1392.6054726215373,1452.5621337890625,6350865
2020-03-25,1449.8757188534498,1543.6912065439672,1432.818357455174,1492.7750244140625,2765520
2020-03-26,1562.1132011050556,1562.49705421843,1469.1079966725633,1527.444091796875,4556067
2020-03-27,1552.2200766155968,1577.8061218345351,1492.8604725296366,1556.0579833984375,4331250
2020-03-30,1506.1651976132011,1624.7138739825302,1504.0757122276236,1516.8260498046875,8513547
2020-03-31,1567.0599369510269,1582.0703953517955,1518.105285027599,1557.4224853515625,3927593
2020-04-01,1557.2521594152715,1564.8000226102438,1451.5817623559803,1457.338623046875,4941878
2020-04-03,1483.9904536909853,1483.9904536909853,1407.2323267759343,1410.8143310546875,5735369
2020-04-07,1458.4047489148656,1523.0947866924141,1454.1404075437695,1514.01171875,5427577
2020-04-08,1501.0479244002204,1540.2798587879533,1450.7287042072585,1454.52392578125,6285615
2020-04-09,1492.9028775308734,1517.0817707011477,1476.4851671169138,1506.29296875,5307397
2020-04-13,1501.9007222982093,1524.0752928716072,1489.107700813557,1500.408203125,2990438
2020-04-15,1522.3694549782053,1545.3968921123296,1473.5854446194899,1479.85400390625,4761399
2020-04-16,1458.3618740414963,1505.2270420759608,1428.5968584332818,1463.564453125,6245533
2020-04-17,1535.162820120313,1579.4692832014955,1495.0780131505048,1540.4505615234375,9895823
2020-04-20,1560.7486357074638,1560.7486357074638,1537.2947627665046,1551.068603515625,3244282
2020-04-21,1505.3122506775458,1530.5571265241565,1473.5002277586523,1481.986328125,5122541
2020-04-22,1481.9863175377566,1526.633943038729,1466.2082572326076,1509.150146484375,3829836
2020-04-23,1518.1048968246705,1620.4490471724012,1501.7724553430412,1601.899169921875,5934366
2020-04-24,1569.8742209031711,1579.4689867279417,1541.8149445790734,1550.9832763671875,2987102
2020-04-27,1562.710293037946,1599.1277200042246,1556.4843141374452,1566.3775634765625,3374741
2020-04-28,1590.5993047760842,1593.1579095558848,1562.9663523322579,1585.5247802734375,2678505
2020-04-29,1598.2748910789992,1631.1529994524578,1577.8487408118829,1625.2681884765625,4241510
2020-04-30,1688.678914924604,1733.0280581448462,1656.4404576320915,1718.0601806640625,5915544
2020-05-04,1676.7386921893083,1676.7386921893083,1632.0910677741979,1646.419189453125,3729348
2020-05-05,1667.4423175582585,1686.1201488300956,1643.4767459765271,1648.3807373046875,2905528
2020-05-06,1654.3939134012574,1666.2486990778864,1614.9913368229436,1623.52001953125,3517431
2020-05-07,1628.9783586468518,1649.8309457300752,1606.2493989463712,1613.3282470703125,3166754
2020-05-08,1653.7967140002902,1654.1378821039598,1608.7226502287158,1614.8206787109375,2686530
2020-05-11,1628.1253119564062,1664.286942640589,1628.1253119564062,1650.5557861328125,2449841
2020-05-12,1648.9353471376187,1668.6365811195578,1629.1914281030593,1662.66650390625,3256595
2020-05-13,1700.6192406201708,1700.6192406201708,1642.3257182644215,1662.7945556640625,2656665
2020-05-14,1628.9783202069862,1640.1508732042284,1612.8590898290329,1622.453857421875,2263146
2020-05-15,1634.0952752037724,1635.2893113625353,1590.769534196382,1614.39404296875,3173682
2020-05-18,1626.4194013748595,1665.6086473518733,1596.6542850584005,1659.340087890625,3727694
2020-05-19,1623.008076755361,1677.1225188056428,1623.008076755361,1661.9415283203125,3198693
2020-05-20,1663.0929034695375,1674.0949234990817,1647.4853745776397,1666.1632080078125,2778505
2020-05-21,1659.6814789929567,1704.0306243720079,1655.545089140157,1698.2310791015625,3400908
2020-05-22,1686.2056152333294,1733.0280979537613,1672.6876757440032,1723.0921630859375,3663418
2020-05-26,1718.5294356569457,1726.2052495134778,1641.771297091623,1657.1229248046875,4575317
2020-05-27,1670.7685151738392,1714.264785859835,1655.6301072390074,1710.25634765625,3482160
2020-05-28,1695.9279646921239,1717.6760980085178,1681.258677197167,1709.4033203125,3475681
2020-05-29,1690.3843718062415,1707.9961167845202,1673.6681798696861,1682.1541748046875,7237735
2020-06-01,1697.2076471970115,1756.908418706454,1689.6170997116913,1744.32861328125,3747773
2020-06-02,1757.0790866911973,1774.818787528131,1739.893875135914,1745.94921875,2443886
2020-06-03,1755.102020573786,1765.2809038518594,1727.8582317532432,1750.226318359375,3699799
2020-06-04,1750.7386102194132,1796.287324519735,1750.7386102194132,1789.0594482421875,4048593
2020-06-05,1789.1025651671957,1794.5768820372575,1745.2217826722788,1752.02197265625,3573289
2020-06-08,1777.683351391746,1792.0108847182523,1763.869126672349,1772.1234130859375,2957841
2020-06-09,1764.7243180165835,1792.4383856143374,1762.2864156344256,1772.3798828125,2909439
2020-06-10,1776.6571087445461,1823.6599344250149,1773.6204850048164,1803.7724609375,5168397
2020-06-11,1796.2878024497072,1800.5646781698256,1763.6125137143674,1768.6163330078125,2269513
2020-06-12,1720.330319056604,1752.834572095224,1720.1592858069725,1744.5374755859375,2842642
2020-06-15,1744.1957047195453,1761.2176935981672,1711.563117051139,1736.3262939453125,2399022
2020-06-16,1766.3491818281955,1774.0047454746089,1737.266435008748,1749.926025390625,2146528
2020-06-17,1750.0974900536958,1761.0891438440908,1733.4604857880236,1751.63720703125,2703527
2020-06-18,1749.2423198450656,1761.3886061675973,1732.3058487716403,1743.3402099609375,1944389
2020-06-19,1746.6760698899416,1787.7340774093918,1738.1223183233894,1748.9000244140625,5681758
2020-06-22,1753.5192692262176,1755.4438635461001,1727.1309635456812,1734.658203125,3196138
2020-06-23,1733.8460207766032,1748.387403289283,1719.3046382639232,1740.9456787109375,4205944
2020-06-24,1739.8331331902984,1765.7082326391708,1737.780211854973,1746.84716796875,2560937
2020-06-25,1740.688338885259,1762.0727165128421,1718.6624299288485,1724.521728515625,3043931
2020-06-26,1732.13505077309,1823.6602114806062,1727.8153635714548,1812.412109375,6300722
2020-06-29,1803.1306899643346,1819.89612526333,1788.8459677257608,1797.698974609375,3076341
2020-06-30,1796.2881864377803,1806.4670692948478,1774.9466137986192,1781.0196533203125,3071725
2020-07-01,1778.9230972398168,1808.219686897441,1778.7520640300654,1789.487060546875,2503466
2020-07-02,1797.9980329767266,1851.886651472223,1794.576533389711,1845.171875,3758699
2020-07-03,1850.7321331363928,1886.101974790466,1847.8239415152402,1881.525634765625,4185208
2020-07-06,1886.102098560884,1941.6158591082508,1886.102098560884,1935.8848876953125,5190366
2020-07-07,1945.978463588638,1969.6723134448691,1909.325554928536,1941.615966796875,5630055
2020-07-08,1941.701574629531,1945.46514172604,1888.326249238523,1897.9918212890625,2793358
2020-07-09,1906.6309313482375,1919.8892442400713,1874.169490905235,1885.5460205078125,3443998
2020-07-10,1886.315873858284,1924.4656855279877,1861.2961530509585,1900.94287109375,9610320
2020-07-13,1898.9324951171875,1920.2740595459536,1890.3787451391822,1898.9324951171875,2963503
2020-07-14,1890.3790977537085,1915.1849773169924,1851.8872156727507,1857.83203125,2976738
2020-07-15,1868.9947474626927,1933.1478852474534,1865.6588678306166,1910.822509765625,5569321
2020-07-16,1923.7679832143556,2000.067159019203,1903.2787377014963,1915.8380126953125,8582118
2020-07-17,1917.766975802372,1923.6822216008097,1877.5170581121818,1886.6900634765625,4509135
2020-07-20,1886.9038476891508,1909.1076756706116,1878.1594918906717,1892.819091796875,2952646
2020-07-21,1911.7659029351626,1919.181413412517,1887.0328836546387,1907.5223388671875,2665286
2020-07-22,1912.6225009418738,1912.6225009418738,1872.5011085466026,1878.287841796875,2861534
2020-07-23,1878.2881227588935,1878.2881227588935,1854.3267989095082,1861.3565673828125,2265766
2020-07-24,1847.0398101782225,1854.3268087331146,1821.8354518378844,1849.52587890625,3665100
2020-07-27,1856.0415333331932,1898.9062338720662,1854.755592317027,1891.87646484375,4248480
2020-07-28,1898.9059270864338,1988.9217836751814,1898.9059270864338,1980.134521484375,8092319
2020-07-29,1964.9179386960923,2007.7826406746285,1925.5253194378784,1951.244140625,6090431
2020-07-30,1959.687890760965,2021.4988598916634,1947.9859136509042,1954.2012939453125,7098496
2020-07-31,1974.4763423339818,2001.6098195779987,1935.2980533555435,1955.8302001953125,4723290
2020-08-03,1963.5891772132006,1975.0770434275782,1912.3658561017912,1932.4693603515625,4012337
2020-08-04,1937.4413152447512,1945.757024248175,1907.5218417344079,1928.654052734375,2927928
2020-08-05,1937.484555228618,1971.7763172680627,1931.4834968717153,1937.055908203125,3800641
2020-08-06,1950.3435815590008,1988.493159308177,1942.0707793177683,1978.7200927734375,4748047
2020-08-07,1978.6342344205134,1995.7801116685248,1960.6310633101014,1967.78955078125,3165491
2020-08-10,1987.2075922513695,1993.208650554113,1951.2441489971313,1957.0308837890625,2929353
2020-08-11,1957.2018841416204,1982.0634061039977,1950.857993292014,1954.544189453125,2774423
2020-08-12,1961.7883885832493,1968.6894363654374,1925.953465195776,1935.2122802734375,3415751
2020-08-13,1948.6295323365994,1971.7764735478129,1929.340414660588,1932.7266845703125,2695682
2020-08-14,1952.058296001479,1955.7447017933775,1914.4231758592866,1922.1815185546875,2270405
2020-08-17,1940.0566455787405,1946.0577045796467,1918.8386155398214,1931.8265380859375,2625630
2020-08-18,1939.8846228642929,1962.3456805368155,1927.4538616726006,1945.8427734375,3493374
2020-08-19,1951.5008890400852,1958.5735631209118,1931.0543475226857,1934.5693359375,2843005
2020-08-20,1934.9123001636165,1951.672437490306,1920.3812106600128,1931.3546142578125,2895164
2020-08-21,1937.4843712440008,1946.9146049093479,1921.238692380574,1927.7113037109375,1975294
2020-08-24,1929.4255832141398,1937.4411549681524,1911.7652465439025,1927.2823486328125,2167966
2020-08-25,1924.624954032781,1928.911423863589,1914.8089799802879,1922.6102294921875,1663419
2020-08-26,1922.053106517466,1937.3985850661563,1900.1492034301464,1931.9119873046875,2618149
2020-08-27,1942.6277613224509,1960.9310677716903,1921.838386559843,1927.539306640625,3579393
2020-08-28,1944.6855584164484,1954.5873456330023,1916.137836647037,1919.095458984375,2941136
2020-08-31,1920.3383888027467,1951.372386976022,1910.0508617198748,1935.126708984375,6018154
2020-09-01,1945.1998495823848,1952.915494644633,1921.4528505286294,1925.7822265625,3610908
2020-09-02,1926.3399750098458,1944.9861229655485,1921.7533675396896,1941.8997802734375,2084137
2020-09-03,1944.342532641267,1992.3509902373478,1944.342532641267,1971.3472900390625,4654146
2020-09-04,1950.343982751862,1992.565715125721,1940.0135474886533,1962.1746826171875,5231303
2020-09-07,1962.3458654934739,2009.0683861004613,1957.5022383616697,1994.9659423828125,4620401
2020-09-08,2002.596290863209,2049.3188235087787,1994.9664564081954,2013.09814453125,7453998
2020-09-09,1993.2078696533501,2022.3558557041947,1988.921401116461,1995.4796142578125,3866535
2020-09-10,2001.7811337827634,2013.3546007232633,1992.608131475159,1998.48046875,2308813
2020-09-11,1998.3093963378444,2042.9315906499935,1997.6235192815964,2035.3017578125,4145424
2020-09-14,2043.8745872710974,2148.164312433573,2041.9456758860927,2135.862060546875,7512131
2020-09-15,2135.862060546875,2175.812042285307,2112.886750156821,2135.862060546875,7318770
2020-09-16,2133.7616194198476,2149.75027630151,2123.774229163415,2145.806640625,3074003
2020-09-17,2126.0888144315936,2139.591192990988,2100.884458174163,2109.75732421875,4828176
2020-09-18,2130.3750307679584,2143.5772711821996,2088.7104695849566,2100.283935546875,4183256
2020-09-21,2113.229830472152,2147.4357793020663,2102.213518224011,2113.487060546875,4598809
2020-09-22,2130.3751648804437,2190.385732905245,2107.228231499449,2162.909423828125,7499613
2020-09-23,2151.8079803694095,2160.25241014795,2065.2212847449828,2115.330078125,7502280
2020-09-24,2100.3704478725613,2100.3704478725613,1974.0053870961883,1999.424072265625,8424708
2020-09-25,2030.071707777899,2091.7968610549296,2016.4408201493188,2076.622802734375,8228267
2020-09-28,2091.7976217847936,2095.2267982139488,2028.3578578454187,2080.052734375,4347166
2020-09-29,2087.3823574313583,2152.70811767689,2080.052451949216,2133.290283203125,6995811
2020-09-30,2133.804189485565,2147.520889779566,2108.9426702026876,2136.63330078125,3917166
2020-10-01,2151.807574285382,2177.526389914291,2136.6335149243773,2163.338134765625,2610337
2020-10-05,2246.1099163337003,2338.7834664490993,2231.578827246479,2319.665771484375,17412105
2020-10-06,2345.5561166791226,2345.5561166791226,2271.91465419209,2326.952880859375,9846367
2020-10-07,2350.700587545513,2374.7048240339427,2317.2661152937712,2345.513916015625,9656101
2020-10-08,2400.423152898631,2473.2931414687678,2400.423152898631,2422.45556640625,19839329
2020-10-09,2408.9961710118773,2426.013540851065,2383.2773506807894,2411.525146484375,7739245
2020-10-12,2413.710840706438,2446.7166540139137,2401.06575638734,2426.1416015625,4623203
2020-10-13,2439.001849614284,2447.4889779543214,2410.8825597164855,2423.184814453125,4209878
2020-10-14,2446.817520356493,2446.817520356493,2399.938880486718,2418.9228515625,4395936
2020-10-15,2420.1278198971663,2434.5487167250844,2347.8080984914877,2359.51708984375,6629355
2020-10-16,2367.695818503154,2386.249100433378,2351.5099360198424,2379.060302734375,5273773
2020-10-19,2388.2730712233697,2388.2730712233697,2330.245179453124,2334.5068359375,3331194
2020-10-20,2346.086603605473,2376.1336470387982,2340.016869619995,2358.139892578125,3406273
2020-10-21,2358.140251375242,2366.7497448085214,2292.7511907880266,2303.3837890625,4570143
2020-10-22,2290.985571742331,2313.0688322406895,2271.269921286172,2299.72412109375,5262294
2020-10-23,2314.059191346406,2326.28462736434,2298.8204332723008,2313.1982421875,3499091
2020-10-26,2315.9102255316757,2333.129209286543,2299.1648058686023,2314.403564453125,2672752
2020-10-27,2324.3474370965296,2340.1888171708038,2259.2167188339877,2264.42529296875,3537502
2020-10-28,2281.515485593776,2286.6380915323266,2243.6337190405206,2257.5810546875,3569445
2020-10-29,2245.3548410908907,2285.8194413712863,2238.682486789336,2266.5771484375,3105968
2020-10-30,2269.5487308664437,2302.480044450789,2257.0649649325087,2294.301025390625,3427003
2020-11-02,2290.1247211167292,2294.300408538687,2238.5108620158076,2242.42822265625,2571196
2020-11-03,2241.9113317918805,2294.429223972873,2239.3715741265737,2267.3955078125,2879269
2020-11-04,2247.077180702257,2343.3744228871915,2247.077180702257,2284.22705078125,4893928
2020-11-05,2311.648598302624,2333.172328268198,2296.151512727411,2312.251220703125,2816502
2020-11-06,2323.701828135349,2335.9703539044963,2308.4630697448365,2330.976806640625,3884421
2020-11-09,2351.3381380831197,2362.4442972401707,2320.343970918161,2347.4638671875,3646592
2020-11-10,2322.151702374554,2335.88379748692,2271.4849776230476,2281.170654296875,4760020
2020-11-11,2296.968915619634,2318.3635830276367,2275.832574958379,2314.058837890625,3242441
2020-11-12,2312.5090853617908,2335.754709079128,2291.6310714675155,2299.637939453125,2437505
2020-11-13,2286.465225572201,2294.342824565467,2269.461483425895,2287.412353515625,2548093
2020-11-14,2305.5782422783477,2315.0917703945433,2290.167339858533,2299.03515625,298819
2020-11-17,2320.257931651249,2320.257931651249,2281.5583098576017,2295.33349609375,2827273
2020-11-18,2290.9853035080814,2293.7402982870026,2244.537146702465,2261.41162109375,2893762
2020-11-19,2270.3227512517196,2304.0288240618443,2265.0279984231297,2270.236572265625,4167501
2020-11-20,2285.8196173152487,2303.8995464917534,2262.1866090730578,2290.339599609375,2711471
2020-11-23,2315.9529249736165,2350.390886683261,2294.4291989050885,2345.4404296875,3706418
2020-11-24,2354.179226542401,2361.5834731674927,2328.867406094811,2343.546630859375,3120516
2020-11-25,2349.529393263606,2352.9300991559758,2314.4026384199747,2325.68115234375,3302249
2020-11-26,2312.5091741629126,2351.2087923546983,2307.34347980514,2342.298095703125,2341099
2020-11-27,2328.8666413504707,2339.8006497168144,2297.9155722035734,2307.04150390625,6086808
2020-12-01,2306.4830581110723,2355.470986727733,2259.518234131527,2347.636474609375,3605017
2020-12-02,2340.9203775972933,2371.6562154705816,2326.671629325139,2367.222412109375,2509032
2020-12-03,2388.1858636877114,2388.1858636877114,2325.250630640494,2332.69775390625,2852548
2020-12-04,2333.8605983467037,2358.010259908781,2323.7013580772364,2348.281494140625,2686527
2020-12-07,2337.4765194002043,2362.4440402335767,2329.857036724004,2357.02001953125,1996400
2020-12-08,2359.000581353689,2415.4358380300796,2352.5003734796765,2408.3330078125,4277818
2020-12-09,2423.571510280042,2445.095235948603,2404.7596899686655,2419.95556640625,3659996
2020-12-10,2426.154073486651,2434.1609405370345,2393.6532515299014,2397.14013671875,2127801
2020-12-11,2404.3721070391607,2417.2863413773157,2380.13647800827,2396.53759765625,1795408
2020-12-14,2412.3793692485433,2414.101267442154,2372.9909480696992,2408.67724609375,2483658
2020-12-15,2398.6043641810156,2406.094579848288,2371.9149401718228,2377.55419921875,2365509
2020-12-16,2392.577447502868,2427.70421133273,2376.6068003361715,2422.8828125,2565149
2020-12-17,2420.127639390992,2456.890119658406,2414.9619453901573,2443.54541015625,2863460
2020-12-18,2469.20120225391,2495.029666712633,2450.4324760420554,2463.174560546875,6076692
2020-12-21,2463.175223744721,2485.1294244456963,2397.743096165343,2428.00537109375,2705195
2020-12-22,2439.929873973292,2482.6759148936776,2426.714220536492,2473.076416015625,2881737
2020-12-23,2476.1326515629303,2513.110372629727,2467.006507208422,2504.28564453125,2790988
2020-12-24,2504.5008298439716,2515.1336348727555,2482.288301930581,2504.80224609375,1807144
2020-12-28,2505.3618805246047,2539.541517749589,2498.474287725912,2522.064208984375,2108994
2020-12-29,2513.9715085682906,2541.521881264929,2513.9715085682906,2523.011474609375,1994151
2020-12-30,2526.369466293153,2537.8201336792667,2498.4747938844084,2504.759765625,2637968
2020-12-31,2496.7522367724437,2501.056982008258,2449.4000391784834,2464.681884765625,4040956
2021-01-01,2479.533664518057,2531.1906158621828,2478.672715328988,2521.074462890625,2681440
2021-01-04,2539.799673675922,2626.540289649769,2532.008042807982,2616.8115234375,5113293
2021-01-05,2616.9404503021897,2681.210203815193,2616.9404503021897,2662.9150390625,5801309
2021-01-06,2668.942064225586,2680.564876440762,2614.8744216601654,2627.18603515625,3726716
2021-01-07,2647.418187574669,2652.4548233256423,2583.062249518992,2611.086181640625,3717827
2021-01-08,2660.3327913201115,2693.0488580094852,2634.5043176179747,2686.93603515625,5879039
2021-01-11,2780.8650884473204,2780.8650884473204,2709.0189411264223,2734.76123046875,9508039
2021-01-12,2734.7611812322,2763.6460598148933,2711.9891241174187,2733.3837890625,3611458
2021-01-13,2733.5128524415877,2735.2347503013934,2691.5415921088234,2719.694580078125,3572801
2021-01-14,2721.4631268941703,2817.641617749543,2691.61751993429,2804.0126953125,6931542
2021-01-15,2790.4698156163918,2824.1107191122305,2768.9051338882896,2789.046630859375,4131692
2021-01-18,2803.4098490423976,2809.232315651947,2749.4117781745367,2779.041748046875,4160906
2021-01-19,2788.7455273267615,2828.4245543162547,2787.8829397835116,2812.63916015625,2975735
2021-01-20,2820.6607181001477,2870.6476143956615,2818.1592989480555,2854.129150390625,3453446
2021-01-21,2850.851694185324,2854.431348081658,2813.8467745856074,2823.982177734375,2778546
2021-01-22,2796.4223664998394,2868.103472870908,2796.4223664998394,2849.212890625,3052459
2021-01-25,2854.258273383143,2880.8691764700407,2828.1218354412636,2839.03369140625,2272887
2021-01-27,2846.5386578880207,2852.1023049644546,2783.5697724256493,2812.94091796875,2786662
2021-01-28,2786.157216463153,2824.9736482714634,2746.3057219251455,2757.3037109375,3083938
2021-01-29,2768.948610007639,2774.8142462015344,2674.0208284781415,2683.811279296875,5445659
2021-02-01,2674.020968399952,2730.089149995435,2625.8024164648887,2707.9638671875,3985846
2021-02-02,2737.852699851867,2780.9820744557087,2717.150600042023,2763.255859375,2881837
2021-02-03,2771.4939536086663,2791.3334683715048,2728.062583792948,2760.323486328125,2505866
2021-02-04,2774.1238997219257,2792.928344786841,2739.577236594088,2750.31640625,2057261
2021-02-05,2759.3738955726767,2765.3258749331653,2699.035949619647,2724.0078125,2366135
2021-02-08,2751.2226474927297,2782.707089139848,2721.5926846096877,2772.4423828125,2526592
2021-02-09,2755.9669210922166,2799.786405962383,2729.2267099642486,2740.35400390625,2658751
2021-02-10,2747.3414151555307,2777.014343377286,2723.4477815441405,2771.752685546875,2127983
2021-02-11,2773.2186091965013,2776.927777293114,2747.3841575839447,2765.455322265625,1165882
2021-02-12,2746.65132017741,2799.527980758585,2744.7536696268116,2752.344482421875,2777404
2021-02-15,2768.043350559288,2768.043350559288,2701.2359892808677,2708.3955078125,2630853
2021-02-16,2717.150376031372,2732.3749597743044,2674.021004983255,2681.61181640625,3435770
2021-02-17,2678.420672557879,2702.3574769525526,2627.053542089694,2650.81787109375,3678426
2021-02-18,2643.8308883736727,2672.209935042803,2614.502911145384,2637.232177734375,4189909
2021-02-19,2637.792580814729,2662.9369222580963,2601.6932096230908,2649.739501953125,3725028
2021-02-22,2670.570824384041,2670.570824384041,2538.7242445051543,2551.921875,5366696
2021-02-23,2561.8845121926547,2611.914580107528,2560.159337436969,2570.682861328125,3832829
2021-02-24,2563.6098964027583,2590.6520971446007,2519.7472404187038,2542.994140625,3774549
2021-02-25,2565.335097001332,2613.553651608383,2560.5476944966717,2583.708251953125,4224073
2021-02-26,2553.2591174413137,2563.9121577933784,2484.2521142672244,2496.587158203125,5553153
2021-03-01,2523.9311176442743,2557.572031379109,2503.0565414965754,2522.37841796875,3265871
2021-03-02,2553.258494998786,2609.3266714092324,2542.9074470460882,2593.239501953125,3306469
2021-03-03,2617.952528053705,2642.9675604469694,2585.0878667758557,2638.740966796875,3509857
2021-03-04,2607.6015285026997,2658.0197164010424,2601.606588608952,2630.632568359375,3916760
2021-03-05,2601.6501701271904,2642.2779138838096,2584.8297143482514,2594.706298828125,3203686
2021-03-08,2601.564272611618,2616.2282622118823,2584.312520140719,2593.7578125,2003125
2021-03-09,2593.7573332178704,2645.469409575345,2580.9480357307766,2631.711181640625,1942397
2021-03-10,2652.4561674575993,2668.155215500938,2639.5173568846353,2648.962646484375,3053778
2021-03-12,2652.456425813767,2688.685098946833,2623.430442171593,2637.749267578125,2938317
2021-03-15,2623.128518944657,2673.1585926371235,2623.128518944657,2644.822509765625,3097083
2021-03-16,2639.5178810504785,2709.387472019462,2639.5178810504785,2682.6904296875,4894756
2021-03-17,2678.334122051727,2721.46349599781,2661.3411908354997,2685.191650390625,3838390
2021-03-18,2696.404981132121,2714.0880224400876,2576.5916781654355,2619.24658203125,3656306
2021-03-19,2613.639742015504,2673.158270794075,2592.075057675442,2631.06396484375,5776626
2021-03-22,2629.7705068209143,2708.050323567808,2603.8497099558917,2699.596923828125,2821646
2021-03-23,2708.5245224357504,2733.5395578340426,2693.7312322907105,2710.767333984375,3305973
2021-03-24,2683.6821812436565,2719.134611643029,2683.6390097502326,2692.221923828125,2207104
2021-03-25,2684.5450561980792,2700.6324411114897,2630.8921502042517,2643.70166015625,3179786
2021-03-26,2665.9563777077424,2689.5482336543882,2624.897332824754,2645.3837890625,3697370
2021-03-30,2659.357110741005,2750.3169153067583,2640.2938438418096,2724.525634765625,4694008
2021-03-31,2721.4633767178425,2764.5927487735926,2701.6238655721972,2741.173583984375,3530069
2021-04-01,2752.601988163642,2773.21773718281,2712.836635595626,2730.08837890625,4285076
2021-04-05,2735.265106696293,2814.6231608798503,2718.0133557868244,2793.834716796875,5317862
2021-04-06,2824.9740487941745,2824.9740487941745,2786.157611482499,2816.08935546875,2291562
2021-04-07,2811.1726516221984,2827.1736918038127,2790.298076321503,2821.86865234375,2491268
2021-04-08,2820.6603156080578,2876.728487019227,2817.253138079282,2861.50390625,2578118
2021-04-09,2893.11810666952,2893.4200964931333,2853.4390867211605,2865.73095703125,2911129
2021-04-12,2865.7309281284092,2879.403022361947,2771.665732059278,2800.43310546875,3791828
2021-04-13,2772.3563503735863,2772.3563503735863,2650.7746788688587,2677.514892578125,8654596
2021-04-15,2726.035064495398,2792.411124320326,2663.195486735529,2776.625732421875,6062760
2021-04-16,2785.29510739162,2800.8216827812294,2745.271130624356,2756.096435546875,3224657
2021-04-19,2733.539444524105,2750.7911923595366,2704.297816180099,2727.328857421875,2679106
2021-04-20,2781.8445825285053,2782.1465723791703,2696.750413101551,2712.449462890625,3141893
2021-04-22,2715.425797353421,2715.425797353421,2678.5501770113437,2690.23828125,1988980
2021-04-23,2678.3341765783284,2690.4104015290845,2666.301123120927,2682.2158203125,1615309
2021-04-26,2675.7889274647837,2719.7377074827195,2663.712705484207,2674.710693359375,2490260
2021-04-27,2679.1965065440913,2705.1604719295583,2676.6087443033857,2701.623779296875,1471417
2021-04-28,2717.107083656132,2718.012842526371,2684.371934605543,2694.809326171875,1639037
2021-04-29,2713.3549037740027,2723.490305328415,2678.765066147004,2687.17529296875,1621395
2021-04-30,2673.157926775423,2701.6664779226376,2605.0135330305834,2618.512939453125,3072305
2021-05-03,2609.2405865604173,2635.20455198065,2591.212593829746,2619.677978515625,1545831
2021-05-04,2641.9328335166438,2665.3951695899764,2617.952860746142,2630.676025390625,1990777
2021-05-05,2648.1430714400576,2673.503054401822,2632.961450376518,2670.3115234375,1939289
2021-05-06,2678.7648644721144,2703.3486025617794,2651.593364478274,2683.897216796875,1791671
2021-05-07,2702.4862453182805,2725.6468005693077,2684.1994350905716,2702.39990234375,1912540
2021-05-10,2713.6561885318547,2729.398405098987,2695.5850286185123,2713.26806640625,2137153
2021-05-11,2695.586239275944,2698.2603450623756,2666.387564895037,2693.51611328125,2415625
2021-05-12,2691.272698807051,2691.272698807051,2648.6609653129904,2663.324951171875,1978558
2021-05-14,2672.7274040510943,2672.7274040510943,2622.266034634606,2632.185791015625,2043935
2021-05-17,2635.204569921207,2652.628793698723,2618.8154089298805,2647.927734375,2890462
2021-05-18,2674.021289586993,2694.7233898934733,2655.044364306053,2664.3603515625,2098538
2021-05-19,2660.2195595772832,2689.5475313754764,2645.641916655821,2658.494384765625,1986041
2021-05-20,2645.6415437990545,2664.3596457490344,2632.7027345351144,2639.51708984375,2329027
2021-05-21,2640.3802280410546,2663.8425649498754,2635.291046239091,2657.20068359375,1685566
2021-05-24,2658.0634765625,2678.334283539368,2649.8688950186597,2658.0634765625,1652260
2021-05-25,2680.166336441775,2711.588079551741,2671.5850346966977,2699.236083984375,1841613
2021-05-26,2704.437746111683,2743.4440597575244,2690.395515523739,2737.809814453125,1923753
2021-05-27,2740.799651958414,2789.1675125409974,2740.669715590691,2756.445556640625,5959785
2021-05-28,2764.680144221278,2772.0480016365095,2718.0025158298026,2724.893798828125,1763701
2021-05-31,2730.441604627184,2748.0812088490416,2711.892022501999,2738.372802734375,1652799
2021-06-01,2746.5637729704818,2747.7338350327705,2714.838563347407,2733.04150390625,1377441
2021-06-02,2731.1787015358336,2738.633114164246,2700.1035884291955,2712.62890625,2240078
2021-06-03,2734.3852614934635,2734.3852614934635,2706.733999336833,2722.856689453125,1281706
2021-06-04,2711.3724471918486,2736.379915185439,2708.7720260468436,2725.024658203125,1836060
2021-06-07,2726.107503558531,2765.5038319928763,2716.2259902615097,2759.219482421875,2559821
2021-06-08,2772.0480711734235,2800.6526947971643,2762.6865156629224,2773.91162109375,2574057
2021-06-09,2775.5156913705473,2791.11821555689,2761.8201000379795,2773.998779296875,1710925
2021-06-10,2782.4506404175527,2794.585939160807,2767.71492051503,2788.344970703125,1874324
2021-06-11,2783.7932334575407,2868.263508106389,2783.3164474250875,2837.751953125,3452954
2021-06-14,2842.259844276386,2868.003967055523,2834.7620491899106,2839.962890625,1847360
2021-06-15,2858.7290139704332,2858.7290139704332,2818.4658777931895,2828.174072265625,1304985
2021-06-16,2827.6103771033627,2855.8681501125543,2819.722351048015,2838.228759765625,1635552
2021-06-17,2830.5574910607484,2891.7107506550374,2825.7900538533268,2875.84814453125,2273413
2021-06-18,2904.5827872718105,2910.737200128449,2838.792236575542,2858.1220703125,3380431
2021-06-21,2830.1245314068024,2848.3274763254985,2818.5959573004056,2837.145751953125,1130569
2021-06-22,2863.9290539698554,2883.9089887562627,2847.4597282962995,2861.501953125,1708688
2021-06-23,2885.5996382580515,2885.5996382580515,2822.6693842675513,2827.00341796875,1467104
2021-06-24,2846.593547120891,2932.4074208008446,2841.8261096942265,2924.259521484375,4155204
2021-06-25,2925.6901556692537,2946.840160583379,2903.8032801990967,2930.5009765625,2722861
2021-06-28,2939.7750517145705,2939.7750517145705,2889.0668575452346,2892.3173828125,1355238
2021-06-29,2896.8683252020114,2917.9317727636685,2883.432819803857,2895.87158203125,1497322
2021-06-30,2900.335598187766,2931.5406434760985,2893.8345470860304,2900.118896484375,1693146
2021-07-01,2910.737371467249,2914.2045988305217,2888.50386064937,2896.43505859375,990310
2021-07-02,2887.3332807186644,2894.874457109893,2856.3015567820694,2882.5224609375,1682274
2021-07-05,2896.8682253733346,2924.6060420136537,2862.1959545729355,2878.665283203125,1972858
2021-07-06,2871.730503194004,2884.732603268834,2822.4092882259065,2827.783447265625,2159420
2021-07-07,2838.7921619597746,2845.4665317412073,2809.8409005907183,2838.748779296875,2640710
2021-07-08,2858.7288592275495,2858.7288592275495,2801.4328444405023,2824.489990234375,2485811
2021-07-09,2817.121893840014,2844.859709410131,2774.648363748272,2780.845947265625,6365067
2021-07-12,2804.120394943381,2804.987201866084,2763.683936648412,2767.80126953125,1892226
2021-07-13,2785.9177257097294,2785.9177257097294,2752.1122523734884,2762.99072265625,1809339
2021-07-14,2762.5134715755094,2792.8517117716633,2760.7798578500147,2786.39404296875,2044279
2021-07-15,2803.81100346406,2807.5029716150634,2774.6226527775943,2782.3974609375,2232968
2021-07-16,2791.128631647144,2797.079301954626,2772.885960852065,2775.318359375,1256526
2021-07-19,2762.461177532685,2779.66144992292,2758.9863835986816,2766.457275390625,1597058
2021-07-20,2766.4574129478538,2792.865763325552,2741.74277019569,2784.873779296875,1811945
2021-07-22,2771.1482833453642,2801.509254252244,2771.1482833453642,2794.03857421875,2859334
2021-07-23,2805.8958957992936,2815.9294049643454,2785.611702864252,2790.997802734375,1776193
2021-07-26,2779.8360332178754,2800.9019781571046,2771.8875243942566,2777.707763671875,1259611
2021-07-27,2779.834541693746,2788.5215246365387,2746.0855281271774,2765.023193359375,1121367
2021-07-28,2769.4107846512215,2783.7008323872246,2721.111063799001,2777.924072265625,1660654
2021-07-29,2780.0524335681666,2801.943593815388,2771.4089257268242,2776.186767578125,1731997
2021-07-30,2796.341029337804,2800.250173367633,2747.129334329476,2751.5595703125,2999943
2021-08-02,2762.461109566621,2801.4655856823283,2751.168029558959,2796.687744140625,2608669
2021-08-03,2805.0274846803595,2858.018093712723,2796.297022250731,2853.587646484375,3804735
2021-08-04,2866.705324099397,2871.2225143143883,2832.99977665973,2844.07568359375,2929598
2021-08-05,2844.9873983899706,2879.73533608023,2834.128667861765,2852.76220703125,2534521
2021-08-06,2842.858519270203,2887.5530021116124,2836.299805022387,2875.217529296875,2292362
2021-08-09,2887.4669563649913,2898.8469919313166,2875.39213164299,2886.424560546875,1510489
2021-08-10,2880.2570387080414,2910.053229734612,2880.2570387080414,2896.154052734375,2040777
2021-08-11,2910.1398117937256,2918.8267963065427,2890.246702093207,2905.101318359375,1929707
2021-08-12,2889.2909279259434,2925.7762613513464,2889.2909279259434,2911.659912109375,1310205
2021-08-13,2919.4785717498116,3023.0708709928867,2916.6553015398326,3008.650390625,4363584
2021-08-16,3005.6966863671473,3035.536563448586,2985.28227245685,3016.9462890625,2083489
2021-08-17,3024.8947012069034,3093.261221010651,3008.302477384328,3086.52880859375,4336019
2021-08-18,3104.598410915286,3122.9713004918467,3072.239389790579,3093.044677734375,2631309
2021-08-20,3045.657435208597,3105.5976414348925,3040.4452433628317,3092.1328125,2836148
2021-08-23,3109.9407441812386,3190.729707647399,3094.2172159201127,3159.803955078125,3744176
2021-08-24,3176.8302851679027,3185.8213991107027,3122.4496764479563,3138.78125,2511141
2021-08-25,3136.0018846668745,3212.2301853260205,3133.4392662639175,3178.568115234375,2123263
2021-08-26,3179.436550700011,3203.4127144407685,3168.9252138816178,3189.730712890625,1902533
2021-08-27,3184.6492617603117,3239.8116262234266,3171.705736665024,3231.689208984375,3944728
2021-08-30,3227.2150924852535,3249.2366854199036,3203.4128372022465,3215.31396484375,2033114
2021-08-31,3222.349945144956,3304.6158580161027,3217.1812317850963,3289.283203125,3207480
2021-09-01,3297.5794411765964,3315.5614573561893,3220.2652761964287,3227.17138671875,2643336
2021-09-02,3243.7199945174543,3352.437520105116,3233.2956131746023,3332.978759765625,3403717
2021-09-03,3322.771899500522,3350.483297959247,3305.0070568599826,3337.583251953125,1746812
2021-09-06,3344.2287575634564,3368.4655743015705,3313.216261819144,3346.226806640625,1723693
2021-09-07,3356.651184145082,3361.819898080558,3308.221240170939,3314.86669921875,1585039
2021-09-08,3309.741068553439,3314.0845607693886,3262.831352621186,3278.59814453125,4147175
2021-09-09,3292.1065069900405,3308.6117777077047,3270.649697473994,3293.583251953125,1441148
2021-09-13,3272.3868587098586,3346.5736169166,3272.3868587098586,3340.449462890625,1691473
2021-09-14,3344.445383569817,3384.883336759516,3322.771400771243,3375.675048828125,1991188
2021-09-15,3372.374842019018,3457.420348161301,3358.388710048138,3435.31201171875,2461369
2021-09-16,3413.984978155691,3458.9401238604128,3381.0613910627826,3390.790771484375,2946666
2021-09-17,3405.2985386578143,3427.016003827826,3305.398198875761,3325.248046875,6477148
2021-09-20,3308.872135186797,3362.7314348406644,3307.873216881882,3321.46826171875,2002008
2021-09-21,3351.4385106205073,3363.2094166504107,3319.861238160691,3355.738525390625,1568129
2021-09-22,3355.3478304693117,3385.1877076595533,3346.6173684546684,3355.043701171875,1744067
2021-09-23,3361.8629496086937,3369.681235538016,3331.458504327995,3361.21142578125,2003869
2021-09-24,3379.2368053039554,3426.49391383993,3348.8323610402954,3362.9921875,2320754
2021-09-27,3387.923821277569,3391.3986149404177,3303.573120278085,3333.15234375,1673362
2021-09-28,3344.4895176156074,3344.4895176156074,3258.705533235207,3282.942138671875,2253075
2021-09-29,3266.13272711656,3306.2665561909757,3233.4261006959136,3294.017822265625,2489161
2021-09-30,3305.3973338425376,3305.3973338425376,3257.7058776440495,3279.814208984375,2252412
2021-10-01,3285.2001457205783,3309.740875307835,3235.9015119479486,3240.418701171875,1578374
2021-10-04,3235.728229979652,3286.8510096871387,3220.6562261020495,3277.860107421875,1356860
2021-10-05,3261.0941015516205,3335.802171006452,3250.322325208248,3329.98193359375,1877966
2021-10-06,3332.327365878328,3350.9609058383885,3296.7107282346856,3310.52294921875,1678154
2021-10-07,3327.1148157722537,3387.0550043592734,3318.4713092552415,3381.755859375,1647233
2021-10-08,3409.6415124864593,3466.019958648897,3387.9240506234883,3418.89306640625,2934339
2021-10-11,3261.963133084061,3264.1348795108815,3179.4367688648904,3201.675537109375,11845402
2021-10-12,3219.3970767689025,3220.265775386487,3153.897285836865,3173.225830078125,5752877
2021-10-13,3170.749655733795,3192.857991053429,3166.4061630547076,3175.266845703125,3545655
2021-10-14,3155.0742541878826,3194.2406932053873,3140.4520744563747,3143.28076171875,6442299
2021-10-18,3136.317378890244,3179.1828641899947,3134.5766485227414,3174.352294921875,3590107
2021-10-19,3193.370156269083,3211.7349483513485,3155.248115175907,3163.037841796875,3135441
2021-10-20,3143.759632251714,3159.426208492171,3114.4283625664993,3141.01806640625,2933693
2021-10-21,3136.883919403963,3139.7995159026163,3056.0704096897393,3074.565673828125,4871211
2021-10-22,3098.5005871767303,3099.8932567069073,3033.2231871659847,3045.27783203125,2691670
2021-10-25,3048.889302622197,3058.9420632036517,3002.7599469159522,3040.14208984375,2595594
2021-10-26,3041.491294437399,3071.518894854652,3024.51917246243,3031.134033203125,3878763
2021-10-27,3031.482455875242,3056.070276540897,3031.482455875242,3037.357421875,2510813
2021-10-28,3061.9452338402966,3061.9452338402966,2972.297604765382,2978.08544921875,2424942
2021-10-29,2959.2853297841493,3012.3340478217433,2947.0130950983553,2957.283447265625,3960501
2021-11-01,2992.2720488052664,3034.9635051049436,2970.512918427399,3025.737548828125,2020718
2021-11-02,3041.056233416435,3058.115477593055,3019.9498757574916,3032.526611328125,3087414
2021-11-03,3049.9337809315916,3063.5984724746827,3016.7294325728367,3039.532958984375,1537639
2021-11-04,3057.5502310791953,3057.811383209604,3050.6308683269517,3053.8076171875,328991
2021-11-08,3088.0559025051743,3088.0559025051743,3029.9154613914975,3048.671875,2526082
2021-11-09,3053.2416288846557,3076.7414931890703,3042.7972447493607,3051.23974609375,1782692
2021-11-10,3044.5377312978912,3063.4246152630417,3029.045186907905,3032.61376953125,1516489
2021-11-11,3028.871591142207,3055.0261139031104,2990.5755135530526,3036.008544921875,1284514
2021-11-12,3051.500550347196,3076.001247008398,3033.832093367419,3068.951416015625,1747259
2021-11-15,3070.6491463666757,3106.856432182133,3070.6491463666757,3092.66943359375,1809157
2021-11-16,3106.3333856890645,3112.0343202233034,3082.8335253882506,3095.36669921875,2013204
2021-11-17,3090.3192548089405,3100.9812302018886,3051.8489368672776,3065.339599609375,1632914
2021-11-18,3059.4645310524397,3064.425783307155,3004.152985656586,3025.128662109375,2136598
2021-11-22,3027.4781040762873,3060.160358511019,2994.3173187941384,3010.07080078125,3167936
2021-11-23,2998.408553382316,3029.6981444091452,2966.0310056960593,3015.1630859375,2153461
2021-11-24,3022.082427881749,3040.229629838049,2980.130861868933,2996.928955078125,2161746
2021-11-25,2997.4516518175155,3014.075717816251,2988.878679162161,2999.1923828125,1849619
2021-11-26,2981.0014741153645,3037.5752247190135,2969.599602458624,3000.01904296875,1941251
2021-11-29,3000.27942498904,3071.823617064497,2964.855602539076,3048.01904296875,2981745
2021-11-30,3038.44554802296,3101.764629552227,3038.44554802296,3071.64990234375,5588446
2021-12-01,3076.7417261351993,3124.611823712975,3076.7417261351993,3113.993408203125,2102118
2021-12-02,3123.9157134690877,3175.09324578432,3110.7733223205696,3170.654296875,3152938
2021-12-03,3173.7436764559898,3190.715800719207,3160.16610454034,3168.521484375,2486263
2021-12-06,3168.5217700801913,3183.7967257927357,3065.4270279502502,3077.960205078125,1849642
2021-12-07,3100.675940729781,3131.5739044900356,3067.4280334916934,3119.823974609375,1484458
2021-12-08,3134.185164806538,3173.7432216529896,3134.185164806538,3156.7275390625,1428660
2021-12-09,3142.019137696736,3163.560681646319,3103.7230595641445,3134.838623046875,1567957
2021-12-10,3120.259759230678,3169.8705838544292,3111.6432273189575,3165.3447265625,1510718
2021-12-13,3176.8329434595285,3187.277325739395,3134.7942622847636,3141.713623046875,1883864
2021-12-14,3137.6668751812713,3163.777833920644,3113.0354949388247,3154.02978515625,1747007
2021-12-15,3150.7223405880436,3153.3334364504094,3096.8901625623257,3107.5087890625,1603233
2021-12-16,3117.6488424111026,3140.669964592238,3107.2044576794074,3117.30078125,2072320
2021-12-17,3135.4911377231397,3178.0085695838147,3110.4245734298493,3119.694091796875,4333992
2021-12-20,3123.7410571799337,3138.5372672585236,3055.112668377628,3095.80224609375,2312310
2021-12-21,3118.2140657139958,3169.173995034654,3104.0706300032657,3140.5390625,2340989
2021-12-22,3154.203647877505,3165.344365511799,3138.7546647787667,3160.07861328125,1224328
2021-12-23,3175.092635394332,3194.67585477382,3159.4260598907417,3187.886962890625,1792861
2021-12-24,3207.296161626964,3224.7034677959027,3172.307518725703,3195.02392578125,2209923
2021-12-27,3195.111506294972,3220.352103865812,3179.5320500323537,3216.957763671875,1534135
2021-12-28,3229.055696705625,3242.111177959152,3214.999380219284,3226.052978515625,1456218
2021-12-29,3213.606172974233,3237.715248491065,3207.296024757275,3215.738525390625,1456923
2021-12-30,3204.1199854702945,3255.1668349305323,3202.9449070974224,3249.72705078125,1966475
2021-12-31,3257.6033077203024,3272.573548475662,3247.5941067076774,3253.730224609375,1207141
2022-01-03,3263.870148330577,3333.4993781616295,3259.5183214661365,3322.83740234375,2346158
2022-01-04,3334.4573201187422,3384.981866916701,3317.5721020854744,3381.15234375,2488606
2022-01-05,3363.9615450450983,3368.313371105959,3318.1802498882444,3360.4365234375,1733031
2022-01-06,3317.8325190610126,3337.8509209336266,3283.0179071086413,3313.872314453125,1810293
2022-01-07,3324.7956415940866,3363.874960866469,3304.2549343090877,3353.952880859375,2460591
2022-01-10,3462.3134841433975,3462.3134841433975,3360.480734609768,3376.88720703125,3937092
2022-01-11,3356.1288711399575,3416.1840817490493,3356.1288711399575,3408.263671875,1906106
2022-01-12,3416.1840637185605,3419.6655251847706,3339.200289545301,3359.523193359375,3203744
2022-01-13,3410.09159730068,3414.443424249762,3356.9993085218794,3392.59716796875,6684507
2022-01-14,3375.146889163992,3461.443542213752,3359.6543409952205,3453.74072265625,3348123
2022-01-17,3475.1077846169696,3518.8872054066355,3448.6487622565855,3498.12890625,3442604
2022-01-18,3511.0097459064323,3517.7550763790796,3464.053584662884,3473.279541015625,2389041
2022-01-19,3498.0413840088618,3498.0413840088618,3409.544075814221,3413.162353515625,3102539
2022-01-20,3409.1087002694794,3417.82764835201,3322.791114252426,3336.34912109375,6176776
2022-01-21,3319.3032369219345,3358.1461897142185,3288.0023012626775,3342.408447265625,3112358
2022-01-24,3348.0759503995805,3356.4896498685425,3260.973747148441,3288.220458984375,3258414
2022-01-25,3286.607137805823,3321.3956518901114,3245.36647509271,3286.955810546875,3330501
2022-01-27,3253.0391101339314,3255.131572257952,3160.7055469917223,3181.76171875,5718297
2022-01-28,3178.928199480695,3251.9930207471753,3178.928199480695,3217.335205078125,3143862
2022-01-31,3268.733112101142,3276.580164117389,3244.668734105354,3257.616455078125,2739393
2022-02-01,3287.0428712143316,3320.1748683247147,3257.7471254655034,3313.766357421875,2105169
2022-02-02,3337.525533494624,3369.0010163346046,3313.7664036563433,3362.2001953125,1984212
2022-02-03,3357.666371624586,3385.1310537087656,3327.193695504169,3334.6484375,1960538
2022-02-04,3326.5400477247117,3334.7357731436837,3286.1712786456783,3326.191162109375,2307366
2022-02-07,3305.3533631582427,3340.9267154692593,3274.967742611031,3294.890625,1919149
2022-02-08,3305.832756080194,3312.9386135210448,3244.3205356543667,3263.89453125,2946443
2022-02-09,3269.604935671538,3293.974348552429,3266.2046316844016,3278.803466796875,1638721
2022-02-10,3304.3066986400545,3304.3066986400545,3276.580403583315,3287.348388671875,2112459
2022-02-11,3271.7845107689277,3271.7845107689277,3217.291097864715,3221.60693359375,3851488
2022-02-14,3246.9362814383157,3307.314997198145,3234.7297540644877,3255.437255859375,5951745
2022-02-15,3300.993431710489,3343.7162732725105,3267.861432131778,3328.7197265625,3931683
2022-02-16,3351.5632877458197,3360.3695095219214,3318.431288543338,3324.621826171875,3256906
2022-02-17,3334.9971738861013,3343.7161207459344,3294.8900183308697,3299.423828125,3134372
2022-02-18,3286.171253915909,3327.1066691225346,3276.2317390898334,3307.88134765625,3688883
2022-02-21,3321.919043560008,3337.438812898183,3230.8496782327734,3242.92529296875,7465922
2022-02-22,3182.4154755643576,3198.022304668423,3112.6639034971936,3126.962890625,5408531
2022-02-23,3148.412181820984,3158.787644989509,3100.152718590323,3107.2587890625,2426203
2022-02-24,3028.9617852607425,3037.550032060359,2956.6818093824854,2965.880126953125,5039136
2022-02-25,3023.7307009115602,3077.788170189679,3018.4993329169033,3069.72314453125,2549723
2022-02-28,3042.9123451891032,3107.2145759792743,3013.1806523150753,3098.887939453125,3288942
2022-03-02,3097.405756821156,3114.3640652601866,3056.8626554299713,3091.869140625,2761341
2022-03-03,3106.4303788627763,3120.1627215451904,3077.8758250310893,3090.34375,1928039
2022-03-04,3052.939424780361,3104.9914980604067,3040.3405883905943,3072.8623046875,2370257
2022-03-07,3008.0367797732265,3093.4824622131614,2991.950364784815,3038.4658203125,3054130
2022-03-08,3016.7559553338515,3146.6682782658586,3016.7559553338515,3138.777587890625,3300992
2022-03-09,3143.180008844603,3185.9028439162776,3136.2484894008503,3167.244384765625,2719654
2022-03-10,3212.0604115144542,3212.0604115144542,3151.899670907913,3157.08740234375,2005441
2022-03-11,3141.654931943972,3173.566366707418,3132.5873111877163,3138.080078125,1623423
2022-03-14,3121.383132034038,3180.9772219494284,3121.383132034038,3176.3125,1765688
2022-03-15,3190.2626259339454,3190.2626259339454,3126.0910925046414,3133.502197265625,3651133
2022-03-16,3174.1327209416286,3198.109825687102,3152.9892740297114,3187.559814453125,3090475
2022-03-17,3223.0459941926397,3234.7292978853975,3191.3961743923683,3202.251220703125,3600452
2022-03-21,3222.5226847081344,3238.173151385832,3151.8992167802776,3162.100341796875,2413831
2022-03-22,3173.6969241757306,3235.6014520923454,3160.6185027848965,3226.8388671875,2907611
2022-03-23,3232.9855258355424,3251.9928727405686,3217.291421341195,3236.82177734375,1596195
2022-03-24,3226.010330100435,3276.7545581252484,3221.6508566813804,3269.474365234375,1879046
2022-03-25,3278.2369399463614,3295.3261619554955,3201.5974776294693,3232.506103515625,1690133
2022-03-28,3221.651100344847,3237.3452058404378,3192.181015230141,3232.72412109375,1760990
2022-03-29,3221.433123484478,3245.1922553919017,3218.163518176117,3230.67529296875,2689063
2022-03-30,3259.1422326604416,3259.1422326604416,3231.4159399540727,3253.5185546875,1583455
2022-03-31,3260.8866548924902,3273.6598289695526,3243.623094734776,3260.843017578125,2168110
2022-04-01,3267.8615064848686,3280.9399276687727,3250.4672488832616,3277.234375,1387014
2022-04-04,3280.067982512089,3295.7620876915726,3258.3578888264396,3287.348388671875,1472994
2022-04-05,3288.7871089041378,3344.239702036937,3288.7871089041378,3326.104248046875,2314947
2022-04-06,3321.3089461528684,3321.3089461528684,3253.1702389534807,3274.270263671875,2051729
2022-04-07,3265.6819935656586,3265.6819935656586,3207.7009890076247,3212.191162109375,2494829
2022-04-08,3217.291851009464,3230.370273168039,3175.87684750731,3213.4990234375,2296773
2022-04-11,3217.2915409273724,3236.778473211479,3187.734394843684,3222.87158203125,2291660
2022-04-12,3211.1880563374766,3260.014157655668,3180.9769912928095,3218.25048828125,4483476
2022-04-13,3232.1133680019534,3234.598352823879,3187.254432214075,3192.83447265625,1621672
2022-04-18,3147.5398627614222,3147.5398627614222,3071.249076614158,3076.088134765625,3820792
2022-04-19,3095.225914643108,3107.040129369162,2998.5763104441376,3027.130859375,3170014
2022-04-20,3051.631609318995,3111.9230458257116,3034.1937144086005,3101.1552734375,2640370
2022-04-21,3121.3829461849764,3177.184205558116,3110.3969880999252,3163.800537109375,2280996
2022-04-22,3122.3426223823985,3153.6435612476985,3113.972346971566,3149.763671875,1581465
2022-04-25,3102.2011041167375,3124.8703645740266,3080.4910129016785,3093.656494140625,1960694
2022-04-26,3117.153786482466,3128.2704422488705,3067.4557959973617,3091.999755859375,1943469
2022-04-27,3091.7386978183854,3111.3126918404437,3057.124519775637,3104.991455078125,1727648
2022-04-28,3128.358047755058,3142.657035068176,3084.806951954192,3125.132080078125,1703660
2022-04-29,3136.204479943015,3159.091710301231,3083.760111525277,3092.34814453125,2051115
2022-05-02,3068.9819792014673,3093.4386673907866,3045.3101239380358,3088.599609375,1324161
2022-05-04,3085.1991513609432,3091.2587764725636,3021.376506953671,3033.975341796875,2305825
2022-05-05,3062.181404468486,3080.403918216015,3038.8582216741816,3063.314697265625,1612262
2022-05-06,3015.8839027648073,3029.398271221834,2985.803534263684,2992.865966796875,2010812
2022-05-09,2962.6983211124834,3013.2682159401834,2918.1009903888535,3003.7646484375,2481830
2022-05-10,2994.08677114572,3020.941173809357,2983.6240334480644,2998.228271484375,1622685
2022-05-11,2994.959101078798,3006.686045379023,2948.8793686280005,2974.905517578125,1841769
2022-05-12,2945.2603983861713,3007.7752079636566,2920.934620561456,2971.98388671875,2807195
2022-05-13,2994.958765119826,2999.230964675181,2948.8790378380136,2977.43359375,2187823
2022-05-16,2977.520446813198,2990.5988675166236,2935.32082782278,2944.214111328125,1195813
2022-05-17,2938.2851908443163,3022.858978236571,2921.1959692768205,3009.431884765625,1754076
2022-05-18,3021.114884769775,3047.2717235989503,3001.9768402660748,3006.990234375,1866781
2022-05-19,2961.826327355389,2968.8014850294667,2816.2199109090097,2844.076904296875,4642963
2022-05-20,2885.971624824438,2889.371929206205,2851.139472106869,2871.1494140625,3065125
2022-05-23,2881.437492653417,2911.1689726105033,2848.479832187359,2896.216064453125,2293690
2022-05-24,2890.4616510569685,2898.9192000018056,2855.9783857074317,2866.789794921875,1711510
2022-05-25,2890.358139211959,2890.358139211959,2768.5239108215023,2780.46142578125,3548046
2022-05-26,2800.9572278964383,2845.2845046149496,2791.78459666296,2832.512939453125,2813186
2022-05-27,2855.554057865002,2878.1126466259984,2834.4876314487365,2862.6640625,3103153
2022-05-30,2894.001175549496,2972.6492762308844,2884.6530318120685,2962.6865234375,2094624
2022-05-31,2944.165004523289,2969.839714625581,2918.5781569271903,2953.118408203125,4840965
2022-06-01,2973.8774984812158,2973.8774984812158,2931.7885726124696,2945.086669921875,1493835
2022-06-02,2944.911151142661,3012.499275922984,2937.274613670097,3004.599365234375,2657939
2022-06-03,3036.550107803173,3052.262281379866,3011.7970965329273,3019.653076171875,1913622
2022-06-06,3000.211072077612,3030.932952569922,2964.3541629834826,3011.578125,1084210
2022-06-07,2985.3321578943005,3000.9564672739875,2945.788676454605,2951.669677734375,2308256
2022-06-08,2966.987037508978,2996.6556349491925,2937.450233831093,2988.053466796875,2185707
2022-06-09,2971.244130502211,3016.888058060886,2943.243422200155,3008.1982421875,1279197
2022-06-10,2968.610913701711,2978.2663601980794,2942.2778778025236,2949.212158203125,1527582
2022-06-13,2887.8562958417688,2890.4895994549984,2802.2299971584944,2826.0615234375,3030921
2022-06-14,2800.07974578441,2843.0025125943066,2786.649853360226,2818.117919921875,2611493
2022-06-15,2825.0956872779684,2838.7010882886284,2809.73475065303,2814.386962890625,1404536
2022-06-16,2843.967780896921,2848.225040609445,2750.090553952072,2757.946533203125,2032028
2022-06-17,2714.058324390178,2737.5386155213027,2654.2385282186283,2711.337158203125,5240434
2022-06-20,2715.813756717515,2755.0938684218168,2693.869560234665,2731.964599609375,1502769
2022-06-21,2747.413640178998,2841.9931353001757,2743.375821953139,2819.3466796875,2964461
2022-06-22,2808.769360580185,2853.2284323936533,2793.9351690902718,2829.001953125,3336315
2022-06-23,2829.0019403695915,2912.433820057707,2829.0019403695915,2904.3583984375,3692578
2022-06-24,2930.8670987174446,2936.1337062623097,2876.884371382577,2890.57763671875,2132118
2022-06-27,2940.5223579770245,2951.845477755388,2902.3394557167258,2909.537109375,2037686
2022-06-28,2902.778403463079,2922.9670648721058,2872.5832738577947,2912.5654296875,1400046
2022-06-29,2871.178449917376,2925.600053064694,2871.178449917376,2888.294921875,2133994
2022-06-30,2872.0563477532055,2906.20143071572,2857.134294601676,2867.75537109375,2719603
2022-07-01,2861.5230910289315,2925.6001418403152,2854.544879724983,2909.88818359375,1502879
2022-07-04,2907.166743052194,2912.3894182241925,2830.8448812294623,2839.62255859375,2622535
2022-07-05,2857.134615129158,2872.0566699547176,2814.9578231889177,2823.1650390625,2170627
2022-07-06,2825.095706381955,2868.9840970357063,2810.8319794194863,2862.181396484375,2182144
2022-07-07,2871.1785207492608,2913.6623972444418,2865.955845113616,2885.968994140625,1989921
2022-07-08,2896.634052528085,2901.022892001612,2852.7456577928106,2866.30712890625,2136916
2022-07-11,2814.255085372196,2830.8010937637823,2726.3467278233516,2733.193359375,6974600
2022-07-12,2734.158196719882,2752.85468935842,2703.743635264015,2707.649658203125,3734815
2022-07-13,2724.591243315508,2729.8578501002676,2664.0252652907757,2667.31689453125,3863530
2022-07-14,2689.539151729887,2690.419236530846,2611.21160444456,2639.154296875,4764908
2022-07-15,2656.580186606266,2665.688935952516,2598.8905812888142,2635.502197265625,4574806
2022-07-18,2660.496215840236,2707.9767454259254,2652.8395214403786,2696.1396484375,3202795
2022-07-19,2666.7008823385627,2709.736941355733,2666.7008823385627,2705.6005859375,1865074
2022-07-20,2735.127166256878,2791.584511599696,2726.5463407687453,2785.2919921875,3402251
2022-07-21,2787.228784035556,2802.1902268295585,2767.0308792365477,2796.293701171875,2420640
2022-07-22,2803.070211178946,2813.6312292430425,2766.5466903739457,2790.7490234375,2075886
2022-07-25,2785.4681525136675,2804.3459268777215,2771.474891342548,2787.00830078125,1797504
2022-07-26,2785.204284119927,2788.9005972546584,2725.1825445833438,2742.256103515625,2639367
2022-07-27,2741.4639092816847,2811.078696744049,2737.0634856712804,2806.458251953125,1389808
2022-07-28,2830.3528264453307,2872.5968984818282,2817.7235231303016,2869.5166015625,2106333
2022-07-29,2895.4792244226105,2919.5055843641176,2882.277951362933,2905.9521484375,2430257
2022-08-01,2928.042964841693,2928.042964841693,2878.758201982921,2903.224609375,1306913
2022-08-02,2895.4792807916037,2915.6331387759437,2879.3296371550764,2897.0634765625,1269114
2022-08-03,2886.678646457179,2947.4045082271623,2884.0824388181722,2939.043701171875,2895824
2022-08-04,2948.284247964706,2981.6393778391775,2910.748715052076,2952.640625,2150567
2022-08-05,2958.141372288894,2972.0467569139196,2952.684888790702,2961.52978515625,1106933
2022-08-08,2961.485243869679,2973.7183361972407,2935.9627856015595,2969.802001953125,1068836
2022-08-10,2979.0875141786073,2979.0875141786073,2935.0832672926604,2952.02490234375,1878359
2022-08-11,2992.2884233473337,3017.5468150068145,2970.3303498018386,3012.09033203125,1449248
2022-08-12,3009.0100251572753,3009.0100251572753,2975.7868229198702,2993.652587890625,1472354
2022-08-16,3001.969610403311,3005.3580232327295,2981.2876151396117,2985.864013671875,839942
2022-08-17,2979.1752345613872,3008.0858922168222,2966.854046980335,2993.256591796875,1622326
2022-08-18,2983.486873267098,2985.247042513863,2958.844503812384,2975.7861328125,1430659
2022-08-19,2980.847420528017,3011.2103481950435,2966.986083984375,2979.747314453125,1398410
2022-08-22,2961.4859074119317,2978.2956161902903,2945.996326081157,2952.2890625,1536532
2022-08-23,2921.8371838740786,2941.1550002452464,2877.876995674506,2890.726318359375,1849256
2022-08-24,2897.2389058456506,2911.320261402616,2860.4513214801914,2864.98388671875,1691923
2022-08-25,2883.158259068392,2885.0503557407283,2829.2530565751263,2832.289306640625,1946930
2022-08-26,2846.458193615582,2866.436074774527,2831.0567102540363,2835.80908203125,1457962
2022-08-29,2750.264984792601,2765.842442693576,2711.5412538067208,2756.90966796875,2539173
2022-08-30,2776.667312913455,2839.59337087647,2765.314305884084,2826.083984375,3431525
2022-09-01,2807.4706096920486,2807.4706096920486,2746.7447563789606,2756.16162109375,3546935
2022-09-02,2783.707937331414,2783.707937331414,2746.1283631926813,2755.01708984375,2052900
2022-09-05,2749.0773745303613,2770.4634826160527,2739.0444916578144,2757.658203125,2147912
2022-09-06,2759.506009846509,2764.214549676102,2733.8516227618284,2752.0693359375,1936453
2022-09-07,2730.023159097114,2782.7401547857316,2730.023159097114,2771.915283203125,1291534
2022-09-08,2789.868906651418,2801.7500518374727,2781.156152794095,2789.560791015625,1346113
2022-09-09,2811.8710957340245,2845.754362458832,2788.548847209157,2831.804931640625,1561185
2022-09-12,2851.3869871393563,2877.701654619494,2838.273808049508,2854.0712890625,1785928
2022-09-13,2872.1128147669933,2872.1128147669933,2838.273595799271,2842.10205078125,1972678
2022-09-14,2759.065876894723,2764.698333727928,2740.408121912217,2746.216552734375,5090269
2022-09-15,2754.6651513933716,2761.485807918387,2728.2626100062143,2732.091064453125,2138023
2022-09-16,2707.140883675961,2723.2905259336594,2640.2544379154365,2647.9111328125,5322221
2022-09-19,2671.93739753417,2677.2179062249493,2629.5173540244687,2665.600830078125,2072220
2022-09-20,2684.2589485371036,2710.617448353941,2666.6572505139093,2675.72216796875,1544295
2022-09-21,2664.896863274496,2676.6899140420137,2638.626245172588,2641.310546875,2253818
2022-09-22,2631.4541848678914,2666.6135381108675,2622.0373182160147,2646.767578125,2017983
2022-09-23,2643.774604512334,2660.0561724828663,2621.7724856332366,2624.456787109375,2652374
2022-09-26,2604.9196514115106,2663.005260925755,2575.2167829099085,2635.326416015625,2925489
2022-09-27,2648.527334337031,2662.2567443196413,2619.1325854860343,2655.612060546875,2227447
2022-09-28,2622.652760305555,2684.214650414333,2622.652760305555,2671.62939453125,2739767
2022-09-29,2687.779187014094,2689.407429965768,2631.453755459116,2637.87841796875,2493902
2022-09-30,2632.2019134840502,2657.5922330079447,2596.3384551119543,2644.259033203125,2817353
2022-10-03,2635.8539282558045,2658.4720642332236,2617.372147790572,2627.009033203125,1763331
2022-10-04,2666.6124941578328,2726.5022987280186,2660.4959486942544,2720.4736328125,2145875
2022-10-06,2737.9443040294004,2749.385408482111,2721.6186850874424,2729.9794921875,1790816
2022-10-07,2725.9748289925205,2732.663560045022,2691.387665003336,2697.3720703125,1939879
2022-10-10,2649.0558418974288,2752.0257865824783,2644.655416910888,2744.589111328125,3064063
2022-10-11,2728.2628948012457,2767.8667110161023,2687.2070246042927,2701.46435546875,4730645
2022-10-12,2714.973422007187,2736.9755412651284,2694.8636139240957,2728.9228515625,1665247
2022-10-13,2728.923464967713,2737.0642509230306,2686.3274384554156,2731.167724609375,2054781
2022-10-14,2767.867116880432,2772.2675415495582,2702.7408317773634,2727.51513671875,2245977
2022-10-17,2711.1916708463527,2760.3833914958127,2710.1328786877903,2745.692138671875,1517005
2022-10-18,2779.4417007596876,2784.162426006963,2760.515069405285,2774.76513671875,1793722
2022-10-19,2787.3829499859935,2787.3829499859935,2745.911915275851,2754.603271484375,1194289
2022-10-20,2739.735936783408,2788.2658809132267,2739.735936783408,2785.883544921875,1587601
2022-10-21,2786.3238071017186,2788.6178199060605,2759.147004269776,2768.323486328125,1021913
2022-10-24,2797.17735486645,2804.147932217598,2783.853595389088,2789.765380859375,260949
2022-10-25,2806.3537912248353,2809.6626504347373,2780.456366973794,2790.118408203125,2069643
2022-10-27,2788.882786261024,2800.618249230053,2765.6326663428144,2785.970947265625,2438421
2022-10-28,2779.4419971424763,2804.589329497575,2775.0301844485994,2791.13330078125,1355739
2022-10-31,2822.6775315995496,2822.6775315995496,2803.9714903854647,2817.515625,1919414
2022-11-01,2836.354077010689,2878.7957967468583,2826.603928917729,2876.23681640625,2991060
2022-11-02,2885.325394187665,2885.325394187665,2843.0161551154115,2860.3544921875,1405955
2022-11-03,2848.3107244829384,2848.3107244829384,2819.1485965425713,2829.516357421875,1422652
2022-11-04,2838.560227097683,2841.2514758680345,2793.692006783395,2838.9130859375,1464013
2022-11-07,2849.148593513063,2861.325239443402,2819.2365900807545,2853.295654296875,1474498
2022-11-09,2867.501904513535,2867.501904513535,2825.0160177906464,2837.72216796875,1162267
2022-11-10,2797.0887887002486,2845.618720365395,2797.0887887002486,2828.544921875,1573092
2022-11-11,2884.972741372326,2948.502846331555,2872.1343229110385,2925.8701171875,3265394
2022-11-14,2932.973191741774,2955.0322560599284,2919.7377531508814,2943.120361328125,1342074
2022-11-15,2930.326031678355,2947.0467589345967,2904.737517701037,2940.5615234375,1400708
2022-11-16,2946.1199747492524,2971.7084864646695,2930.72279268046,2960.635009765625,1748235
2022-11-17,2947.090720002706,2964.7379698230816,2927.4581545775386,2955.031982421875,1417986
2022-11-18,2955.9145275229503,2967.164649978448,2930.3260137026023,2950.135009765625,1164540
2022-11-21,2931.6494426143504,2941.531859652826,2887.9724983225788,2897.2373046875,1304194
2022-11-22,2894.1492638662367,2928.517243290538,2872.310790000173,2924.98779296875,1149739
2022-11-23,2938.267096023946,2938.267096023946,2903.8549588633055,2919.119873046875,1150011
2022-11-24,2926.134459885213,2993.811616370863,2919.1197215276015,2982.517333984375,1296591
2022-11-25,2985.0322780039132,3002.9884406892334,2954.1495911194506,2990.89990234375,1588981
2022-11-28,2970.0322052062625,3015.0326931639333,2969.6351851613313,2995.84130859375,2195437
2022-11-29,2985.0323478503824,3025.6210229911208,2985.0323478503824,2997.6943359375,1576028
2022-11-30,2985.033298684105,3013.18058532935,2977.9743964111303,2991.915771484375,3410702
2022-12-01,3022.0921088695895,3070.6220551434076,3017.6802955719695,3066.78369140625,2180856
2022-12-02,3051.2976005146584,3060.8269424071414,3011.5029688165296,3034.57666015625,2411749
2022-12-05,3029.1508470416434,3034.5772909373013,3006.2094191292977,3022.885986328125,1475065
2022-12-06,3000.0768878174986,3007.047465925803,2971.797124472303,2987.106201171875,1166999
2022-12-07,2972.061936190009,2994.473859666086,2959.4441081486752,2982.9150390625,1167505
2022-12-08,2964.7384302352993,2982.915186541277,2946.605835144837,2956.400146484375,1285619
2022-12-09,2977.1796968244453,2977.1796968244453,2890.928753775441,2905.3994140625,1797896
2022-12-12,2872.5314962917028,2908.2671822385046,2855.413747710101,2899.840576171875,1527610
2022-12-13,2891.6785277132994,2943.958509197416,2883.3844058485947,2940.120361328125,1378016
2022-12-14,2954.8555977030205,2979.7381772420185,2947.8848046662138,2969.458740234375,1213311
2022-12-15,2963.679209913898,2968.929223708033,2910.86972808808,2916.29638671875,1415694
2022-12-16,2889.7372933102192,2904.737456359463,2845.7955961171497,2859.0751953125,2703680
2022-12-19,2847.383797855332,2863.7075041646976,2818.7070165010405,2825.368896484375,2120965
2022-12-20,2822.5898507779443,2866.796306586051,2791.486566749887,2862.34033203125,1529971
2022-12-21,2866.7956690407614,2896.8401542703996,2858.854406799651,2884.0458984375,1432566
2022-12-22,2906.5018913277986,2906.5018913277986,2863.3544539726518,2876.23681640625,1384101
2022-12-23,2838.5600510219747,2882.545906087743,2838.5600510219747,2848.574951171875,1360281
2022-12-26,2848.575232221792,2887.09027146601,2845.6633927147495,2870.237060546875,870157
2022-12-27,2884.619664842959,2888.678618824853,2851.3546391063023,2876.060791015625,835883
2022-12-28,2867.501582014755,2881.884133279231,2846.5013122623786,2873.94287109375,910795
2022-12-29,2851.00155026507,2886.6489089761594,2848.2661403561187,2884.222412109375,1037927
2022-12-30,2899.487022349278,2910.9135724032853,2864.324794362259,2873.589599609375,1163131
2023-01-02,2877.3842299429016,2882.546136946802,2854.6192334296225,2877.78125,709547
2023-01-03,2869.443216210816,2929.4438738683607,2863.5314297904347,2921.8115234375,1245178
2023-01-04,2917.708404852759,2935.929322035629,2899.6199713139727,2924.72314453125,1231668
2023-01-05,2938.443570763314,2944.70843071638,2895.869579901462,2921.590576171875,1826057
2023-01-06,2911.795886870426,2913.163591658966,2823.5596478743523,2833.7509765625,2488376
2023-01-09,2849.148823161941,2935.6203575905165,2842.2221906134705,2929.399658203125,2885060
2023-01-10,2898.5609212000154,2910.0316341301827,2850.119304301601,2899.796142578125,3864655
2023-01-11,2903.061052704587,2955.473300937228,2886.3401103867363,2937.1201171875,2720512
2023-01-12,2937.384743237744,2955.9143556162335,2925.5170107746744,2942.10546875,2250391
2023-01-13,2949.6495136518442,2981.502886054615,2916.208061086269,2977.576416015625,1742837
2023-01-16,2993.323430799437,3025.8105105428135,2976.2226370534986,3008.709716796875,1843607
2023-01-17,3005.0547061748994,3051.8000456677064,2996.932936698751,3048.731689453125,1688475
2023-01-18,3050.1760059457965,3076.3009900989787,3043.182259186601,3059.2001953125,2421189
2023-01-19,3050.1760655484736,3056.4929982286035,3033.030105416692,3043.949462890625,1585044
2023-01-20,3036.6398008661617,3063.3964349074176,3028.157150767711,3034.92529296875,1529349
2023-01-23,3057.395670541336,3085.3706604429835,3028.1573821258276,3081.670654296875,1067916
2023-01-24,3090.7845565408666,3115.104700447892,3083.8359754698736,3100.98193359375,1387863
2023-01-25,3091.055812758132,3099.80923290407,3072.736663184384,3095.071533203125,874110
2023-01-27,3091.687653887394,3109.736034820771,3052.2519856113963,3078.196533203125,1785879
2023-01-30,3086.272646280671,3120.970609015345,3055.1843591556817,3098.590576171875,1953798
2023-01-31,3112.4430679566062,3112.4430679566062,3024.0060077479234,3030.95458984375,2820375
2023-02-01,3034.83473656795,3085.3701945661082,3027.615385425356,3075.759521484375,2205161
2023-02-02,3092.5895219474696,3130.4911151548795,3086.362919761668,3122.730224609375,1813847
2023-02-03,3162.0761001103447,3162.0761001103447,3115.9624021902155,3142.49365234375,1804469
2023-02-06,3134.2363491995434,3134.2363491995434,3101.4787169293004,3122.324462890625,1138714
2023-02-07,3130.4011068970385,3152.149492409252,3123.632964557196,3133.695068359375,1455647
2023-02-08,3138.6579789733587,3194.4724536099607,3138.6579789733587,3176.604736328125,1986946
2023-02-09,3172.0024612292277,3201.42140575325,3163.249041886129,3195.330078125,1655427
2023-02-10,3176.514554888765,3196.6837056013396,3165.820802706398,3192.35205078125,1187821
2023-02-13,3202.6851807113194,3202.6851807113194,3134.462212995343,3142.583984375,1087939
2023-02-14,3162.978405332995,3180.8915095356965,3153.9542158741274,3158.556640625,1579818
2023-02-15,3146.7347657674286,3181.929103554905,3122.50472970228,3177.10107421875,1429449
2023-02-16,3183.012093754283,3226.147763863208,3182.831654026723,3210.851806640625,1618931
2023-02-17,3182.0648709651223,3193.5707139463975,3149.442510168604,3159.50439453125,1061369
2023-02-20,3160.2708844264075,3178.3192618360385,3135.950739930351,3147.00537109375,1296082
2023-02-21,3153.0520648453344,3166.498020154709,3108.607927983963,3114.248046875,1139541
2023-02-22,3081.7153719826138,3110.6379417299486,3063.7121590290617,3069.623046875,1218430
2023-02-23,3087.175351151494,3115.5112191854573,3075.443904333321,3080.677978515625,1441570
2023-02-24,3088.5287523343754,3098.861404900383,3052.2515558298396,3068.63037109375,977592
2023-02-27,3059.2004305919913,3059.2004305919913,2992.4214241424907,3006.724853515625,1128022
2023-02-28,3003.701626574845,3061.0052327901076,2977.892355176233,2989.578857421875,4116217
2023-03-01,2998.737959955803,3058.297606467113,2991.518608863523,3055.319580078125,1669307
2023-03-02,3033.030315791083,3041.0617569146098,2994.2262980645087,2997.339599609375,1556538
2023-03-03,3026.7127943672813,3030.322469733253,3006.047491023933,3016.01904296875,1043190
2023-03-06,3033.842774917041,3072.6919623976023,3031.225847575624,3042.822021484375,1334132
2023-03-08,3035.737990382138,3064.6154028946908,3005.822883984284,3059.561767578125,1844590
2023-03-09,3054.68820151513,3054.68820151513,3005.8223026074047,3011.23681640625,1648500
2023-03-10,2989.623891239265,3011.5978825619827,2968.9585837527675,3005.957763671875,1024404
2023-03-13,3007.7623794090946,3040.9714410429538,2952.7148231102783,2961.69384765625,1901233
2023-03-14,2959.9343338825,2981.9532694589166,2896.2234640568317,2901.23193359375,2670334
2023-03-15,2932.8617458363906,2942.2018705999863,2880.521443910695,2886.748046875,1780522
2023-03-16,2894.9597355769233,2905.608322308614,2862.47265625,2874.2041015625,1901060
2023-03-17,2843.0708376396906,2907.0522516200167,2837.205114597425,2869.060546875,6739966
2023-03-20,2860.3520931076205,2860.3520931076205,2793.031772654829,2836.573486328125,2289468
2023-03-21,2836.5736038648693,2848.7110949967246,2795.197605797223,2803.003662109375,1815297
2023-03-22,2824.616642779389,2836.7541342993322,2803.003751733395,2825.29345703125,1123939
2023-03-23,2810.9453098106806,2839.326568206747,2798.401771807873,2819.743896484375,1372218
2023-03-24,2841.6271470449155,2860.668276380488,2802.9134594440998,2815.99853515625,1329577
2023-03-27,2829.083479625092,2845.1014163917093,2802.9133294148437,2817.622802734375,1524217
2023-03-28,2821.8643516283278,2842.2139451414596,2806.6585026044622,2811.847412109375,1303530
2023-03-29,2823.6691670035793,2842.619966782127,2801.1990211073035,2832.60302734375,1740616
2023-03-31,2878.671402631456,2899.472204338833,2844.424646148771,2893.06494140625,2382581
2023-04-03,2910.256278083939,2910.256278083939,2864.052466678619,2887.740966796875,1521830
2023-04-05,2874.6555889687143,2945.8114118907883,2874.6555889687143,2923.656982421875,2655065
2023-04-06,2910.3018332264883,2939.4951816029347,2901.2776414955533,2906.42138671875,1703464
2023-04-10,2905.78896386189,2952.7147483714607,2901.276869197508,2944.953857421875,2203187
2023-04-11,2945.4954794330633,2953.572085045166,2880.656589162442,2900.194091796875,2348779
2023-04-12,2912.9630768697316,2942.742900903807,2886.8380934850798,2925.326171875,2417727
2023-04-13,2896.7647832987404,2914.8131620108825,2869.6922152305283,2877.6787109375,4174070
2023-04-17,2828.2710691965544,2854.7117658395036,2770.6515362079326,2833.14404296875,5505048
2023-04-18,2847.08654077672,2848.8012689229336,2807.064393679631,2825.248046875,2617302
2023-04-19,2825.248469834299,2833.59584613262,2771.7801405720834,2788.114013671875,3298034
2023-04-20,2788.474235136009,2809.229868601423,2777.645208980141,2801.830078125,2419999
2023-04-21,2806.5235197896136,2855.6601978009526,2798.221307781645,2852.41162109375,1929184
2023-04-24,2843.612955225027,2870.5500335589504,2821.0974221009633,2865.000244140625,1640676
2023-04-25,2872.3996967152325,2879.7994885025946,2840.3638219953486,2866.082763671875,2024090
2023-04-26,2870.5944053958196,2895.3205941340657,2870.5944053958196,2886.07080078125,2000029
2023-04-27,2874.2041193174095,2887.018423289877,2861.2543203233117,2876.8662109375,2434446
2023-04-28,2888.1013760571154,2912.3314117884297,2884.356425727405,2905.112060546875,2931312
2023-05-02,2919.3251374002,2919.3251374002,2896.7646649318835,2905.247314453125,2321159
2023-05-03,2902.1789705386695,2902.1789705386695,2863.5102353696716,2869.6015625,2468285
2023-05-04,2869.828245186373,2909.8054586178505,2867.8881320910946,2906.42138671875,1953253
2023-05-05,2905.78922896011,2927.44728532503,2896.8102038222487,2915.445068359375,1710027
2023-05-08,2928.349442012585,2937.238356642924,2915.9863466752167,2933.403076171875,928235
2023-05-09,2935.208375084693,2976.1781130132586,2929.2523210554996,2962.867431640625,1107375
2023-05-10,2968.9582531273554,2983.848165339088,2947.345364010718,2966.070556640625,1559987
2023-05-11,2986.1043045039883,2986.7359537053417,2952.714803365684,2961.874267578125,1719623
2023-05-12,2959.1671272317485,2968.9584613481547,2941.8858917917887,2954.79052734375,1027479
2023-05-15,2963.5436844116543,2970.7630356526083,2931.372538570999,2937.418701171875,1150390
2023-05-16,2938.456879642463,2964.446592461722,2933.2679700818376,2940.216552734375,986306
2023-05-17,2938.2308468250335,2959.9340659758723,2886.161319057114,2895.591552734375,1588815
2023-05-18,2911.1579797346926,2913.865236223911,2883.2281610176747,2887.60498046875,1369364
2023-05-19,2896.764912019686,2918.8741769245094,2890.4931442019483,2908.361083984375,1152449
2023-05-22,2914.8129497334676,2985.6076660126437,2903.1266694318583,2976.80908203125,1333243
2023-05-23,2983.397162487744,3003.2052151323046,2969.048788762343,2975.320556640625,1687418
2023-05-24,2956.324611866416,2993.5042301988665,2956.324611866416,2981.005859375,1016555
2023-05-25,2972.5681528543437,2983.3971807335947,2948.293170151878,2972.116943359375,1374917
2023-05-26,2972.1169557498865,3012.861085188572,2969.860908265637,3004.0625,1791115
2023-05-29,3032.8499743215725,3042.95702357488,2988.811880806644,2996.34716796875,1210372
2023-05-30,2991.5187038651916,3002.302565838326,2979.200773799653,2992.6015625,1344224
2023-05-31,2986.104986035112,3002.9801801822705,2946.5338179331306,2968.5078125,5815424
2023-06-01,2990.61667880025,3014.0795736852247,2975.7267647386316,2999.640869140625,1177314
2023-06-02,3001.67173277282,3010.3799895452375,2975.682016885602,2983.036865234375,2030661
2023-06-05,2991.518798732182,3002.347826057909,2964.491395428479,2967.965576171875,1861468
2023-06-06,2959.9340095974917,2967.920505036819,2906.3304147456515,2916.888671875,2022849
2023-06-07,2935.5691423655453,2958.896762718088,2924.740113866195,2955.33203125,1567196
2023-06-08,2942.788464510879,2950.910235802077,2917.520731604928,2920.634033203125,1759366
2023-06-09,2928.350108285909,2932.8622039843463,2892.569277524169,2896.1337890625,1775689
2023-06-12,2901.2771305591828,2936.8323515906563,2897.6674545025,2930.064208984375,2324605
2023-06-13,2941.885742306206,2946.3978370029945,2922.9349445796934,2927.17626953125,1371928
2023-06-14,2927.175971235423,2938.1404924215467,2911.0679269996626,2933.808837890625,1658544
2023-06-15,2950.4011606002655,2952.3557023297635,2918.308810597265,2924.036376953125,2273810
2023-06-16,2906.490065201059,2908.671889511213,2869.2157165388,2886.398193359375,4156189
2023-06-19,2900.1257053530403,2922.7629614182097,2886.488750625675,2918.671875,1468186
2023-06-20,2921.9448612962487,2938.76377229002,2910.171667991738,2934.39990234375,1528452
2023-06-21,2954.6738371268343,2965.0378350347974,2930.990945518115,2962.128662109375,1645987
2023-06-22,2963.7648075039565,2970.719565585934,2936.5819000456095,2944.218505859375,1529603
2023-06-23,2943.1277797551047,2954.1281240159633,2917.535626765662,2924.08154296875,1119505
2023-06-26,2913.762857251765,2921.8540288219324,2884.670685198081,2899.8076171875,1978803
2023-06-27,2911.035472947951,2917.9902315635795,2893.1256488765357,2906.80810546875,863542
2023-06-28,2916.4902067752564,2937.354704231224,2903.2168146828576,2923.26318359375,1575872
2023-06-30,2927.39956983638,3009.221296943608,2922.035789841607,3002.175537109375,2672406
2023-07-03,3013.130740028882,3017.221826572155,2971.719808516399,2974.947265625,1687264
2023-07-04,2991.0393151357075,3013.767577408775,2979.4934022921266,3008.176513671875,1656681
2023-07-05,3018.312834894104,3026.495008241709,3004.6758793147633,3018.267333984375,1453008
2023-07-06,3006.085556247414,3025.9954257931986,3001.948968002728,3020.94970703125,1848238
2023-07-07,3001.948608480936,3051.859779118901,3001.948608480936,3026.722412109375,1789326
2023-07-10,3022.631527699752,3022.631527699752,2968.492763863689,2974.62939453125,1407431
2023-07-11,2995.5850124032454,2995.5850124032454,2964.492793539697,2975.03857421875,1110172
2023-07-12,2982.810819949394,2990.265643534798,2954.764285186682,2963.673583984375,1515240
2023-07-13,2985.5842369007783,3061.4511244735218,2975.3565198894707,3036.99560546875,4585146
2023-07-14,3059.223633971811,3204.548209497131,3047.4049393977743,3195.27490234375,6306101
2023-07-17,3191.0480210359347,3227.322238817573,3161.0922157709083,3174.410888671875,2743228
2023-07-18,3160.1368301745892,3203.775083295527,3150.136397167708,3179.09228515625,2600090
2023-07-19,3181.9564387643286,3197.275374973218,3132.545112140107,3154.72802734375,2405370
2023-07-20,3147.4818530276434,3170.9982338938335,3131.940826772371,3156.779052734375,1715404
2023-07-21,3102.773187280526,3130.892661714448,3061.7559309462104,3070.187255859375,3770223
2023-07-24,3081.762606135278,3111.3405552900845,3073.6503948838067,3094.295654296875,1680132
2023-07-25,3096.802519593953,3105.279462829651,3081.0336204622276,3098.306396484375,1272980
2023-07-26,3099.3998108666033,3118.0854444919646,3085.408283992545,3088.416259765625,1066803
2023-07-27,3094.4780014441108,3109.699914070163,3085.454295510359,3096.25537109375,1701769
2023-07-28,3085.4090385149057,3093.3389965593196,3036.1883330260416,3058.4287109375,2599831
2023-07-31,3066.6317666989726,3123.3722948817326,3063.4415361987367,3118.632568359375,2743678
2023-08-01,3112.753742203544,3153.7709950290664,3112.753742203544,3146.524658203125,1956167
2023-08-02,3130.9375831694133,3141.374149337502,3111.477311631999,3136.133056640625,1914899
2023-08-03,3117.3111535491207,3129.3884555329005,3069.913440103345,3099.03564453125,2026351
2023-08-04,3100.2203533858487,3163.7970883064404,3100.2203533858487,3138.776611328125,2248493
2023-08-07,3148.2563099923013,3179.292741496562,3136.680374620139,3175.6923828125,1853889
2023-08-08,3175.692417693925,3181.070146163837,3150.6719384869994,3163.432861328125,1634225
2023-08-09,3158.2368139229097,3160.1510411495938,3121.913896104317,3156.04931640625,1794589
2023-08-10,3144.6555504345674,3158.2367274218736,3126.4712824103544,3137.454833984375,1096701
2023-08-11,3133.80930927876,3159.8322990598804,3111.8422029571116,3143.562255859375,1679974
2023-08-14,3136.178979187144,3149.213394617888,3109.1076379281085,3144.519287109375,1190425
2023-08-16,3144.656278735975,3159.2401919127215,3131.1661145409134,3152.312744140625,1328445
2023-08-17,3149.2130144806674,3154.4997262763704,3111.112505717872,3131.666748046875,1843241
2023-08-18,3108.196040036422,3108.196040036422,3059.431087502126,3069.093017578125,2526749
2023-08-21,3076.293965445594,3107.96839960833,3073.5594819207536,3100.585205078125,1375579
2023-08-22,3099.0808101413627,3109.1072480565263,3067.224126908382,3082.810546875,1222012
2023-08-23,3088.143265662933,3100.9041882483175,3077.2053320183186,3097.486083984375,1330046
2023-08-24,3106.373291177773,3110.9763829614676,3079.1196943322775,3087.91552734375,1152881
2023-08-25,3076.2936734488317,3086.137857710432,3053.734186510207,3082.0361328125,1158046
2023-08-28,3093.6121942799687,3093.6121942799687,3062.712621128665,3076.795166015625,1037485
2023-08-29,3081.8082530524075,3089.555955621917,3067.1787231057706,3077.341796875,944517
2023-08-30,3097.2581115677926,3106.464294438142,3083.6313141767887,3090.83203125,1188200
2023-08-31,3099.9925997056025,3114.941019553153,3047.7183044022304,3059.70458984375,3417652
2023-09-01,3068.0906309950083,3089.0550054789314,3059.7049257080084,3080.122314453125,1277950
2023-09-04,3079.0285628462316,3129.0241274875875,3071.782225743971,3115.944091796875,1828332
2023-09-05,3117.310934204945,3141.9212836855104,3103.775152977507,3125.83349609375,1501842
2023-09-06,3130.0721774776193,3139.0958842003674,3097.3496132666887,3126.3349609375,1314818
2023-09-07,3127.155409983017,3153.771005173287,3119.4077066466084,3149.44140625,1885092
2023-09-08,3149.4410000920693,3158.3280704200915,3131.0288578677555,3137.2724609375,1518917
2023-09-11,3155.5937353709564,3177.1961089834826,3140.098329969077,3172.593017578125,1783604
2023-09-12,3182.938880368982,3272.174105327243,3174.7354296463814,3263.879638671875,4476016
2023-09-13,3255.037551940574,3271.2165766015924,3231.247460468154,3252.0751953125,1754929
2023-09-14,3254.0805198711637,3279.2832501865755,3231.7945270329637,3244.965576171875,2604721
2023-09-15,3252.0753624763356,3288.079391037457,3247.153159229306,3279.830322265625,2952897
2023-09-18,3263.195239519824,3298.971391083146,3258.8200223380063,3286.985107421875,1395753
2023-09-20,3263.1500568604156,3304.167306178493,3263.1500568604156,3286.89453125,1649396
2023-09-21,3270.9433138676945,3285.937352425598,3215.7522827621383,3267.98095703125,2004073
2023-09-22,3266.796010717758,3312.1428582437647,3249.52323591542,3284.706787109375,1989083
2023-09-25,3283.658719154224,3299.6098718496296,3243.689598958607,3260.55224609375,1238778
2023-09-26,3251.847786603666,3276.7770270409974,3223.0444721045315,3268.345703125,1726062
2023-09-27,3272.264954709884,3294.1408207023737,3241.000651722388,3271.626953125,1541134
2023-09-28,3281.380300372871,3283.932529557507,3215.160311935428,3223.728271484375,1755753
2023-09-29,3224.1377902043046,3252.6219888175337,3195.2890828619466,3216.299072265625,2243791
2023-10-03,3221.403759691803,3221.403759691803,3172.0920416447743,3202.85498046875,1948148
2023-10-04,3177.7430606044213,3233.982222159653,3169.539610773689,3224.639404296875,1788138
2023-10-05,3239.451432181438,3303.2560467713934,3236.8992030912727,3271.6728515625,2990768
2023-10-06,3273.176885530309,3313.2370259636054,3258.638592157678,3300.88623046875,2075691
2023-10-09,3322.4429058385053,3353.388098061812,3309.636364246382,3316.3359375,4233074
2023-10-10,3317.885219860744,3325.1315558006227,3282.610431250672,3307.721923828125,1848148
2023-10-11,3326.954825968897,3326.954825968897,3285.937574689828,3290.40380859375,2426417
2023-10-12,3258.592598284596,3271.0344082830998,3224.9585427168286,3229.0146484375,4241281
2023-10-13,3217.575179804026,3260.4154159090654,3213.017707877958,3254.809814453125,2890357
2023-10-16,3250.389000692715,3258.27333816753,3207.640002736549,3212.15185546875,1671104
2023-10-17,3217.5754919446927,3221.3581049971613,3193.284253235353,3196.65673828125,1672065
2023-10-18,3200.2568789933416,3210.9213191020513,3175.646529881174,3178.60888671875,1408245
2023-10-19,3170.613253198206,3177.3301625630156,3154.5293497866223,3157.956298828125,1514545
2023-10-20,3153.158141056141,3198.0284103099434,3147.3553086674356,3193.5048828125,1481211
2023-10-23,3173.811234327899,3179.2486146541296,3108.288023694424,3116.37548828125,1106272
2023-10-25,3098.418674622007,3129.946603916937,3086.2643847938266,3098.05322265625,1518537
2023-10-26,3077.9024700555783,3083.065649974906,3043.1303207181386,3049.298828125,1984471
2023-10-27,3061.4075190461313,3072.3737549352513,3049.5274301662507,3062.275634765625,1108851
2023-10-30,3061.407257455826,3091.427414880595,3046.5571476248833,3087.497802734375,910972
2023-10-31,3106.186535395408,3106.186535395408,3061.4534729540014,3078.54248046875,999811
2023-11-01,3065.9762828845664,3081.146329295186,3025.7667578631294,3043.723876953125,1563475
2023-11-02,3055.193202126613,3085.1218868690776,3055.193202126613,3070.637451171875,1245384
2023-11-03,3090.6511449014615,3096.0427888794384,3056.198928091265,3062.230224609375,1402598
2023-11-06,3084.253541799562,3100.063241613325,3069.631895379179,3089.05126953125,1099852
2023-11-07,3086.99533768145,3110.8925036423684,3076.0291020236123,3080.095703125,1191144
2023-11-08,3081.009254460664,3108.8817673622384,3079.273023228274,3090.2392578125,992899
2023-11-09,3098.0531123476367,3099.3324172908847,3054.14243153224,3059.0771484375,2112352
2023-11-10,3050.441034374945,3059.076899811592,3036.139325479398,3046.282958984375,1338557
2023-11-13,3066.8905352612105,3066.8905352612105,3040.388799408238,3044.546875,1030990
2023-11-15,3091.6559037281313,3118.9800168000415,3066.936137613749,3111.029541015625,2059802
2023-11-16,3134.5612355569488,3225.3068746335257,3120.0765776114918,3196.5205078125,3951984
2023-11-17,3196.5207753389523,3220.8748683172735,3191.6773098626118,3200.724365234375,2021292
2023-11-20,3190.4893941274177,3229.4651366518156,3190.4893941274177,3216.397216796875,1475621
2023-11-21,3216.396992381275,3234.171387970376,3199.39923794906,3207.806640625,1807236
2023-11-22,3198.485265113703,3228.3224741290987,3181.2135339255397,3226.037841796875,1798051
2023-11-23,3225.9012058072935,3238.695148266586,3198.4856148230956,3206.02490234375,2729804
2023-11-24,3193.230799217134,3202.643529603171,3155.5343635105573,3159.28125,1989733
2023-11-28,3159.2806979209345,3181.3501544527285,3137.256755543617,3171.206298828125,1689195
2023-11-29,3181.12233920591,3214.9349006970383,3176.370348158616,3211.051025390625,1441634
2023-11-30,3197.982587796699,3213.7008135539186,3181.1220458782195,3187.153564453125,3266235
2023-12-01,3198.4852942750963,3213.9750570070746,3189.3925021316686,3209.131591796875,1172141
2023-12-04,3239.2888137345485,3242.167584431117,3196.657662284584,3209.86279296875,1625213
2023-12-05,3233.21185109275,3233.21185109275,3201.0442707403495,3227.36328125,1377656
2023-12-06,3228.2771864947563,3301.6138895051217,3221.4688031800893,3293.61767578125,1896572
2023-12-07,3294.440005254403,3317.788993602691,3282.285715953096,3303.487060546875,1967653
2023-12-08,3320.027581556413,3330.993816342727,3291.7438789584367,3314.270263671875,1641155
2023-12-11,3310.797891464415,3338.304955567598,3303.5785421234236,3329.074951171875,1102503
2023-12-12,3325.4651621953826,3379.7936756866497,3318.2000758331174,3355.759521484375,2236866
2023-12-13,3329.6692134701866,3335.5635208236113,3256.0583081354866,3283.9765625,3850968
2023-12-14,3317.2856435659382,3361.150577695736,3315.0924861028857,3351.32666015625,3290396
2023-12-15,3350.8243262846063,3560.325100013102,3350.8243262846063,3528.385986328125,8531230
2023-12-18,3525.736106571666,3590.5281905815186,3500.1937384877283,3526.7412109375,2521612
2023-12-19,3513.7645660221524,3522.9945699903956,3463.5026541544753,3487.445556640625,2004435
2023-12-20,3497.543727025331,3562.929950670811,3442.0728971992326,3454.409912109375,2586083
2023-12-21,3432.6598710163985,3478.7637040633026,3420.871258140413,3461.2177734375,1517562
2023-12-22,3472.6410167486597,3514.6325128426206,3437.9146065811733,3494.573486328125,2413058
2023-12-26,3490.7813789656334,3503.712309330165,3463.639767096589,3468.57470703125,1285231
2023-12-27,3471.7275030067567,3489.273435762688,3443.3980603657433,3482.87646484375,1293976
2023-12-28,3494.5737504650037,3507.3676920200533,3465.4219300223085,3472.5498046875,1682889
2023-12-29,3465.330070230173,3493.294057192247,3441.021494734587,3466.609375,1574996
2024-01-01,3463.5025264784085,3501.884348671573,3447.9670270192705,3482.784912109375,825907
2024-01-02,3482.785206409597,3482.785206409597,3442.7126637044803,3457.28857421875,1344068
2024-01-03,3442.4837365673884,3446.916012198502,3369.4212447573177,3373.71630859375,1803075
2024-01-04,3382.8553778250566,3398.619342238505,3336.477337594187,3350.916259765625,3598144
2024-01-05,3358.409607550091,3424.8924099852666,3358.2726188503784,3415.890869140625,1963127
2024-01-08,3415.890793989658,3417.5815111616193,3356.0334267910252,3361.42529296875,1067805
2024-01-09,3390.3484295340677,3429.0959253055153,3365.491675951761,3372.025634765625,1370944
2024-01-10,3372.11752875156,3407.986258562806,3370.289822773917,3393.181884765625,1292227
2024-01-11,3403.188605468219,3447.9674029085904,3387.6531043154373,3413.74365234375,1777909
2024-01-12,3516.5062216937445,3568.824304124089,3492.3805925763054,3548.308349609375,6813450
2024-01-15,3618.8580075065834,3623.4272726675763,3550.319030091686,3567.49951171875,2801505
2024-01-16,3563.1121185441093,3563.1121185441093,3523.405258433656,3528.659912109375,1432672
2024-01-17,3490.0047645318223,3573.119654011733,3484.1104570374932,3549.95361328125,3458696
2024-01-18,3562.1987751054894,3572.0684315207345,3529.300069127091,3566.402587890625,2239110
2024-01-19,3630.2658185854475,3647.3359347309056,3602.705290319906,3628.471435546875,2941975
2024-01-23,3588.855683640575,3620.05103164089,3536.1731226435436,3550.4365234375,2618854
2024-01-24,3570.4516563375996,3573.8103676439687,3501.9874154730123,3535.29931640625,2657709
2024-01-25,3533.5503710597345,3552.9670901927334,3477.232988921668,3506.31201171875,2205154
2024-01-29,3497.570151432114,3515.2383200453005,3479.211818227295,3497.754150390625,1646747
2024-01-30,3503.689267668841,3540.8202098796714,3484.8708260966287,3497.33984375,1411621
2024-01-31,3507.140432085803,3528.12148113154,3493.5671947757637,3511.511474609375,2459358
2024-02-01,3515.2384129880293,3593.3649569612444,3501.481176697016,3546.663818359375,2363107
2024-02-02,3565.896668660393,3666.522537605696,3563.089954213246,3649.86669921875,2826510
2024-02-05,3665.233944757109,3701.1225020871434,3646.001448771063,3656.307861328125,1691523
2024-02-06,3678.1173222023467,3818.818793148955,3671.675785736143,3806.02783203125,4474396
2024-02-07,3821.6711389111997,3823.511577697095,3748.927750966108,3757.623779296875,2124267
2024-02-08,3763.697529491343,3826.272451742055,3760.062707616723,3804.279296875,2345173
2024-02-09,3806.533398655103,3850.8881536905233,3772.8995591447865,3803.9111328125,2100596
2024-02-12,3800.5065922172184,3827.745179692485,3778.007045373113,3791.94873046875,1013716
2024-02-13,3796.3195851121786,3837.3151826933213,3755.875759751269,3818.45068359375,1257415
2024-02-14,3779.341123293365,3786.6107667795436,3726.428507128435,3772.99169921875,1391283
2024-02-15,3798.665989794075,3815.505826442883,3757.2561134518432,3775.8447265625,1091582
2024-02-16,3785.092771105926,3817.024566750078,3772.9919748251077,3798.94189453125,1307556
2024-02-19,3794.110954472966,3798.942107006786,3731.49019516973,3776.396728515625,772291
2024-02-20,3756.4287327978755,3771.060135405331,3690.08080599692,3709.083251953125,1193648
2024-02-21,3692.8406262355356,3739.1737650742916,3663.0256061355944,3673.055908203125,1885939
2024-02-22,3654.1912461332404,3768.25239610325,3654.1912461332404,3761.02880859375,2982052
2024-02-23,3800.5065425299695,3800.5065425299695,3723.5761023123614,3728.821533203125,2538072
2024-02-26,3714.0058645493514,3726.888937419443,3665.0041766684662,3681.84423828125,1379284
2024-02-27,3679.957687485479,3794.985122078048,3679.957687485479,3776.94873046875,2960475
2024-02-28,3768.850434938022,3823.4192623037893,3762.776897402796,3790.337646484375,1939225
2024-02-29,3771.979635234801,3807.9603066412583,3740.278119193048,3768.390869140625,3772719
2024-03-01,3779.5255936695676,3809.708612609149,3760.752981650241,3767.70068359375,2043265
2024-03-04,3777.5002903159743,3789.3710296213494,3750.721818368421,3755.138916015625,1749271
2024-03-05,3737.9313106921068,3739.7717495452293,3662.473317714078,3692.012451171875,2070859
2024-03-06,3675.4024369976914,3747.1334961978687,3642.6425356235145,3740.0478515625,1744204
2024-03-07,3740.692545932794,3794.985500474008,3715.57050678028,3780.814208984375,2688905
2024-03-11,3762.7773878887397,3821.6714335783654,3762.7773878887397,3793.466796875,2304068
2024-03-12,3793.4665484724137,3892.482246169564,3792.2699936521494,3857.789794921875,4039801
2024-03-13,3869.5225200161185,3902.650417928266,3802.2543930015554,3817.990234375,2837260
2024-03-14,3822.085250968969,3887.9267659375214,3760.016275886559,3871.9150390625,2919608
2024-03-15,3858.1119847979994,3900.8100755188275,3843.756472149597,3882.6357421875,3373143
2024-03-18,3878.9554465113024,3915.3041186273567,3789.326152475134,3821.211669921875,1526904
2024-03-19,3728.0389511805306,3734.2504323086932,3650.1424666014186,3659.98876953125,8931209
2024-03-20,3667.9952590888574,3697.4422857548993,3644.253548906764,3654.099853515625,1817913
2024-03-21,3671.721682393882,3688.6075746001366,3633.0264093675964,3655.98583984375,3829582
2024-03-22,3586.095269718309,3623.824267937054,3547.4460520308135,3598.88623046875,5852485
2024-03-26,3565.850574289269,3631.8302677248153,3562.5837501208753,3568.151123046875,3440925
2024-03-27,3578.273237663649,3584.254663932085,3523.888179726998,3534.470703125,1968575
2024-03-28,3542.9369266623094,3602.65907796181,3534.1027302458065,3567.046630859375,4311783
2024-04-01,3586.73930579266,3619.499208082045,3577.8592779642013,3604.26953125,1569676
2024-04-02,3579.653557681035,3597.920003104046,3564.0098274803727,3573.9482421875,2142666
2024-04-03,3543.7651451703696,3663.3936751293795,3543.7651451703696,3632.38232421875,3973090
2024-04-04,3658.7004031789797,3707.241978924869,3621.2935725878497,3683.91455078125,3394637
2024-04-05,3660.632928826098,3682.7181953650183,3644.529088641468,3661.783203125,1636819
2024-04-08,3665.2341685019233,3710.9229755652163,3644.0691205793664,3655.617919921875,2302538
2024-04-09,3666.1543123632814,3695.463391899339,3611.9074203697137,3631.692138671875,1876992
2024-04-10,3640.7559988262524,3671.8594599447097,3605.419663202159,3666.752197265625,2101965
2024-04-12,3654.191918795021,3693.163307517169,3630.7263197194047,3682.16650390625,4354821
2024-04-15,3682.165963982411,3739.95578953719,3606.386028171306,3626.768798828125,4200329
2024-04-16,3590.6965366993572,3615.2663527431537,3554.670032660961,3563.826171875,3051420
2024-04-18,3567.5069887926393,3621.983938050233,3542.84506135503,3553.8876953125,3476284
2024-04-19,3531.8022379238537,3545.191475811575,3497.6620065717075,3520.943603515625,2957749
2024-04-22,3530.8823684558647,3568.6113695261515,3507.8768799983727,3556.280517578125,1728883
2024-04-23,3567.7368242988855,3584.254718312047,3552.599259445536,3565.57421875,1807586
2024-04-24,3579.653877353025,3587.0156333989953,3519.3334438187635,3525.406982421875,1317312
2024-04-25,3507.1403866301107,3564.6080473941747,3506.9563876693583,3544.869384765625,2856271
2024-04-26,3547.583950815871,3567.5068368634634,3499.1805421614235,3516.480712890625,2039178
2024-04-29,3531.8023275934233,3568.42710744999,3514.502156616341,3561.433349609375,1110693
2024-04-30,3563.089785398555,3572.0619252249066,3506.036178297648,3515.83642578125,2203078
2024-05-02,3476.63503445836,3562.261496663186,3476.63503445836,3555.083740234375,2491044
2024-05-03,3579.791498256479,3582.966434995953,3494.6253703944135,3536.771240234375,2962234
2024-05-06,3545.605583246127,3625.6186204477826,3545.605583246127,3608.2265625,2053831
2024-05-07,3617.198604098228,3669.8351109068294,3601.278762922236,3661.507080078125,2062112
2024-05-08,3644.9892925462136,3666.4304509643703,3624.3764664424393,3659.666748046875,1247685
2024-05-09,3645.9096138402,3654.191589237616,3598.1042563399305,3644.253173828125,1726486
2024-05-10,3646.4619361248674,3656.5843507790987,3575.098867879944,3583.24267578125,1672489
2024-05-13,3574.5928311660427,3639.4683092448704,3561.2496477313903,3632.8427734375,931326
2024-05-14,3621.9836417268198,3631.001836986879,3582.322094809196,3589.9599609375,1058317
2024-05-15,3592.9972050666793,3613.656088871118,3566.3108383239633,3570.81982421875,1115021
2024-05-16,3606.6908950730917,3623.745907431527,3562.569994938758,3615.82080078125,2599399
2024-05-17,3632.5515570276343,3633.4784647992665,3550.0567653523444,3553.857177734375,2765804
2024-05-21,3550.612631851505,3563.7282849398875,3531.564633863161,3540.97265625,1908117
2024-05-22,3554.691612227725,3560.4847863024115,3538.517115470372,3551.910888671875,1311168
2024-05-23,3560.2067218121256,3619.575215874568,3545.886040544983,3608.869384765625,2095742
2024-05-24,3594.780437128097,3599.92482105189,3563.311960285678,3568.1318359375,1309452
2024-05-27,3573.2294672441094,3622.6800874842297,3560.5772666527496,3565.860595703125,1841538
2024-05-28,3576.0102759178876,3587.1331694666214,3550.056857637509,3559.233154296875,1801993
2024-05-29,3567.5751439944142,3567.5751439944142,3522.2494455944416,3525.632568359375,1568095
2024-05-30,3500.930454720642,3517.0585585131757,3443.879239356087,3463.02001953125,2919230
2024-05-31,3466.635356473782,3475.7190986563346,3386.6895544695403,3402.63232421875,10956800
2024-06-03,3459.961773430714,3477.3412961491067,3425.851518249575,3432.200927734375,2156773
2024-06-04,3429.559028800051,3471.2698818530243,3328.989527550103,3443.462646484375,3395997
2024-06-05,3444.389229413079,3507.2336206771465,3429.5587052821297,3472.613525390625,2799670
2024-06-06,3504.6383361596722,3559.233114194575,3468.0254786409455,3550.427490234375,4328036
2024-06-07,3556.8228029187662,3628.843482718929,3556.8228029187662,3609.33203125,4552445
2024-06-10,3610.305978999996,3620.409183775903,3561.0870829656333,3576.6591796875,1734661
2024-06-11,3563.9601245439753,3596.355503563825,3560.252493725204,3570.541259765625,1419898
2024-06-12,3591.211490093849,3608.9155195936296,3547.693214139478,3551.586181640625,2177001
2024-06-13,3574.897910867656,3605.6712033854537,3570.448708339529,3594.687255859375,1932323
2024-06-14,3604.7441367037127,3604.7441367037127,3548.2027655700213,3551.956787109375,1860730
2024-06-18,3546.395689059985,3561.179823442644,3517.661546809407,3536.24609375,1774045
2024-06-19,3547.8786522964565,3553.625661858595,3515.714995969622,3523.825439453125,1509050
2024-06-20,3518.542084048452,3531.4724028758133,3503.757949581445,3510.431640625,2846526
2024-06-21,3547.2763639841855,3594.363328315842,3520.4424268191765,3532.214111328125,4642195
2024-06-24,3530.360367833718,3575.083672788881,3514.1858706790554,3537.822021484375,1702154
2024-06-25,3538.007033326123,3566.41666656242,3515.668465075754,3557.88916015625,1338808
2024-06-26,3563.496840516408,3584.3058742192884,3560.252663395376,3574.017333984375,1639845
2024-06-27,3550.9837890347926,3653.8705550444147,3539.0267689087714,3646.59423828125,4526556
2024-06-28,3631.439292021709,3670.554754499888,3612.947527343435,3618.786865234375,2731571
2024-07-01,3600.1098911444064,3709.206893822337,3600.1098911444064,3687.424560546875,2658723
2024-07-02,3701.699052905465,3729.320724102144,3691.4566765329196,3723.75927734375,2307449
2024-07-03,3726.168849447938,3731.823076777617,3665.919850638457,3675.420654296875,1821198
2024-07-04,3707.4921862442698,3751.5203059355035,3691.039573096493,3727.0498046875,2518001
2024-07-05,3716.900368316538,3732.4260743437953,3696.508396221036,3718.56884765625,1668616
2024-07-08,3728.023114490228,3736.5970115088844,3687.285562563459,3701.328125,1758882
2024-07-09,3693.727708193667,3714.0732898340816,3684.551411180989,3694.191162109375,1305801
2024-07-10,3692.522156827311,3710.6896382538157,3616.793843045769,3623.421142578125,2669716
2024-07-11,3643.674675535382,3689.0931591530957,3610.8622289094983,3636.908203125,4872189
2024-07-12,3689.0927313615903,3892.966265730662,3681.028679444162,3878.1357421875,13509164
2024-07-15,3926.103726954822,3930.089249638286,3853.20206311634,3864.46435546875,4848030
2024-07-16,3867.0591058147356,3887.9606943936283,3841.939815447988,3873.037841796875,2029521
2024-07-18,3855.936610046835,4008.8764034741735,3855.936610046835,4000.116943359375,5613364
2024-07-19,4011.12633936727,4049.543087779747,3981.2571303488753,3997.1904296875,3903354
2024-07-22,3994.913772248666,4013.494981754784,3962.442927179601,3983.20751953125,1896386
2024-07-23,3979.1666292711343,4052.2838814085662,3963.6511354841136,3997.14404296875,2365208
2024-07-24,3983.3479333442947,4031.2875583843847,3965.324245668946,4000.767822265625,1809793
2024-07-25,3990.315092493855,4034.909999231854,3970.990814364529,4015.8642578125,2810342
2024-07-26,4041.4133370768022,4108.723954458355,4029.3818216621617,4076.578369140625,3552210
2024-07-29,4101.803173878207,4116.668145742772,4060.924501250656,4070.30810546875,1746803
2024-07-30,4079.598360858332,4086.008788693186,4020.3240184773604,4055.675048828125,1797906
2024-07-31,4041.413477513075,4100.873353963842,4036.768174665359,4074.255859375,2330091
2024-08-01,4087.3087768878186,4105.796990579302,4055.395457172885,4085.172119140625,2202244
2024-08-02,4055.34909195336,4086.008088524829,3967.088344247617,3979.21240234375,2811282
2024-08-05,3938.2880347144414,3938.2880347144414,3818.903743027533,3860.293212890625,2787771
2024-08-06,3875.0653422807904,3956.172148090316,3865.6350146384816,3875.297607421875,2203067
2024-08-07,3928.06833926144,3943.8160983795406,3883.7519658026845,3902.472900390625,1237666
2024-08-08,3884.402501608471,3931.7845938309133,3864.8922283404063,3876.5517578125,2441283
2024-08-09,3917.848430860645,3951.898410084894,3907.210505857532,3928.764892578125,1302536
2024-08-12,3929.9262611677764,3938.2878064043034,3889.372857499192,3898.012939453125,936912
2024-08-13,3914.1324330562766,3933.642706280625,3886.2606141643496,3899.22119140625,1495593
2024-08-14,3910.4158901229916,4000.7207578523953,3891.044886752686,3990.54736328125,3226545
2024-08-16,4041.413561593398,4112.951226936545,4018.280043659057,4102.77783203125,3457058
2024-08-19,4107.376754658791,4175.430440991918,4078.901139092339,4171.48193359375,2055210
2024-08-20,4185.418293173432,4241.161933038117,4180.772989851375,4202.419921875,2212298
2024-08-21,4197.495611851862,4236.516155388334,4173.8508391327405,4228.619140625,1896990
2024-08-22,4236.516374666815,4237.39916370202,4178.171549911448,4182.630859375,1829872
2024-08-23,4180.773068059991,4186.347432150737,4138.965337379391,4147.23388671875,1809253
2024-08-26,4170.552295527457,4229.222371308714,4166.836053784951,4183.04833984375,1844164
2024-08-27,4185.418705944727,4190.064009724909,4168.509618727682,4178.12548828125,930697
2024-08-28,4179.611593409034,4238.83920976465,4141.101848062617,4186.3935546875,1848058
2024-08-29,4143.61019488178,4232.8000107357375,4143.61019488178,4191.7353515625,2133641
2024-08-30,4180.772468175268,4266.47830377286,4169.437748026632,4230.70947265625,3637222
2024-09-02,4251.3811612563195,4262.5298880777955,4191.921284875112,4200.3291015625,1216500
2024-09-03,4200.329136859027,4232.706988670382,4176.9633540945715,4192.24658203125,1717263
2024-09-04,4159.358459046624,4168.695337572208,4121.963766080883,4161.4951171875,1265505
2024-09-05,4163.120774045665,4179.843865751271,4138.1754048562225,4158.42919921875,1688793
2024-09-06,4156.570844055927,4198.378570967705,4125.029055295338,4140.5908203125,1649179
2024-09-09,4138.965417739988,4171.714807408975,4116.203430594168,4133.90185546875,1184938
2024-09-10,4127.305445435125,4217.88885396822,4125.447324234446,4188.06591796875,1385591
2024-09-11,4200.701434505407,4226.622135770557,4154.062408672436,4161.587890625,1325919
2024-09-12,4190.295114701829,4211.05970757852,4116.945606864631,4197.216796875,2742216
2024-09-13,4208.644488913913,4224.43851900476,4185.417974074432,4201.76953125,1458786
2024-09-16,4205.857591838961,4223.556015887551,4175.616848928026,4193.0830078125,1155120
2024-09-17,4193.0829242332575,4214.033060161901,4149.184809090063,4186.02197265625,1699364
2024-09-18,4178.031319677868,4178.031319677868,4014.4704009082216,4037.836181640625,2961779
2024-09-19,4078.621993722427,4108.491652642897,3978.0511914620456,3991.38330078125,2927551
2024-09-20,4010.6620715019503,4023.4833814320996,3927.604135103798,3980.93212890625,5447908
2024-09-23,3994.960476501186,4003.693555186361,3951.294629432452,3965.695068359375,1702319
2024-09-24,3950.0401935138225,3986.598816855598,3939.216728843565,3968.296142578125,3012026
2024-09-25,3950.6913284717216,3985.2988392847856,3939.2173381849816,3971.502197265625,2713073
2024-09-26,3957.7977213162494,4010.5681761433375,3957.7977213162494,3987.9921875,3964251
2024-09-27,4027.478305443043,4067.4279172386723,3995.0074511426765,4003.044189453125,3012477
2024-09-30,3982.7896922279247,3993.799150781273,3957.8443250356186,3965.695068359375,2503416
2024-10-01,3953.66354966123,3991.011966244493,3941.9577493270317,3983.71875,1823365
2024-10-03,3960.2137504333123,3975.4502533375357,3911.345072809307,3932.481201171875,3350119
2024-10-04,3925.281241847147,3993.102669221074,3924.398452773479,3950.59814453125,2965463
2024-10-07,3970.712392814344,3992.406050657443,3929.369192103598,3969.737060546875,1472619
2024-10-08,3969.5045134149964,3975.8219442019727,3905.724592296589,3951.527099609375,1541867
2024-10-09,3957.7979865079874,3990.315106115447,3945.441662514293,3951.248291015625,1082504
2024-10-10,3951.526804113441,3989.246753361262,3900.7537355297673,3927.510498046875,2378875
2024-10-11,3849.098041297021,3941.028768538948,3820.7154216048507,3854.8583984375,5759183
2024-10-14,3846.3109301040067,3869.908978898292,3829.773832682932,3843.198486328125,2137590
2024-10-15,3837.995705676313,3874.1365268299264,3804.5032516700458,3824.756591796875,2759474
2024-10-16,3795.212679191423,3823.0844981328532,3778.675354588552,3804.456787109375,2359151
2024-10-17,3821.0402585925135,3836.974010815032,3802.5985417542856,3817.510009765625,2522659
2024-10-18,3809.128022883925,3861.4219511234783,3799.814751434331,3839.908203125,2361000
2024-10-21,3848.8023072058913,3855.647652061206,3790.5011421772856,3799.6748046875,1595450
2024-10-22,3786.7759141091938,3808.941544128123,3731.222344636917,3739.743896484375,1928049
2024-10-23,3724.9359293106554,3831.0603786284396,3720.7913418501003,3787.0087890625,1966476
2024-10-24,3729.033775833075,3798.8833095961822,3729.033775833075,3769.9189453125,2676744
2024-10-25,3778.440830569176,3810.990668738502,3755.762923689694,3778.906494140625,1759676
2024-10-28,3789.5234771784344,3850.106352412569,3772.8062006829505,3809.919677734375,1532534
2024-10-29,3814.5762988806255,3821.7008604425628,3781.281354135695,3795.390869140625,1445885
2024-10-30,3795.158047833668,3824.960515939356,3781.2347527404995,3804.145263671875,1935002
2024-10-31,3790.501362953683,3798.23142349314,3688.055380171151,3695.925048828125,3740372
2024-11-01,3715.855640568731,3724.3305810268316,3703.003280699814,3710.593505859375,154895
2024-11-04,3693.923144215517,3717.7649842744486,3644.5161904410857,3691.920654296875,2269192
2024-11-05,3670.45333173397,3712.2698276535116,3670.45333173397,3698.6259765625,967590
2024-11-06,3728.6612931693503,3864.8210432401042,3702.258078759821,3855.3681640625,3792017
2024-11-07,3883.3551713111415,3916.975719116069,3804.518188145807,3865.845947265625,3724349
2024-11-08,3869.6642401156896,3883.401315336317,3834.879080725745,3862.213623046875,1648039
2024-11-11,3844.7044805818127,3943.51791603856,3834.8787074290326,3910.363037109375,1406487
2024-11-12,3926.4751190486577,3928.3377732797053,3878.3721644817633,3909.15234375,1587640
2024-11-13,3891.1780687289943,3908.5472291817673,3847.358853332509,3865.333740234375,1098813
2024-11-14,3851.0378338185446,3874.3210129831064,3833.761896778277,3861.189208984375,1825432
2024-11-18,3923.681030197514,3923.681030197514,3716.181309069103,3743.46923828125,3313944
2024-11-19,3743.8418634756777,3848.383334503383,3738.440347986104,3762.142578125,1776233
2024-11-21,3767.1252292109634,3811.4098822098795,3747.660582048356,3793.156005859375,2384347
2024-11-22,3791.4328432690386,3962.750655117127,3775.6002816538157,3953.111328125,3096553
2024-11-25,3986.079860138673,4030.8767831616365,3960.189149488993,4018.76953125,4052167
2024-11-26,4024.310731522724,4066.7329532289605,4014.0197491006056,4053.78759765625,2060669
2024-11-27,4059.6086406624336,4076.7913536382084,4027.1049595017485,4035.021240234375,1558993
2024-11-28,4022.4020594566896,4041.913545627335,3942.3079225932315,3953.390625,2558544
2024-11-29,3930.201000354305,4003.4966369290128,3907.523090835983,3977.55908203125,2017425
2024-12-02,3976.766970418375,3993.7173066183545,3939.560268502564,3982.960205078125,1670944
2024-12-03,4018.0715527591838,4027.9900963818563,3972.529744122267,4007.26806640625,2010905
2024-12-04,4017.3253190443206,4085.685083284233,3994.507807998168,4055.3701171875,3302642
2024-12-05,4098.584762623309,4180.728007626903,4060.5867928833363,4157.4912109375,3746747
2024-12-06,4147.199797372343,4158.375723168091,4109.713879599103,4140.21484375,1842087
2024-12-09,4126.19916212064,4162.474087112963,4112.322021739467,4146.40869140625,2066639
2024-12-10,4122.192918450329,4185.197099178053,4109.107955973627,4128.1533203125,2087828
2024-12-11,4127.501556345011,4143.147667667823,4104.357990003328,4123.40380859375,1635256
2024-12-12,4125.825217645854,4177.00182096417,4122.05352499162,4149.015625,1914642
2024-12-13,4130.389630221359,4186.222421425734,4092.624040484277,4166.66455078125,1967048
2024-12-16,4152.788043789598,4167.689279201268,4095.0457565693796,4111.99609375,1646224
2024-12-17,4107.152673369455,4128.52681305927,4021.470576782156,4031.24951171875,3225027
2024-12-18,4015.60360927398,4062.449184824082,3995.021187516033,4049.27099609375,1575404
2024-12-19,3987.9426274375915,4064.3114493548924,3969.3160855065425,3978.5361328125,3015763
2024-12-20,4031.7151268140337,4081.0754644719555,3867.3358891418975,3883.913330078125,4116989
2024-12-23,3911.6202111793405,3927.4063874513017,3832.31779942793,3872.7373046875,2195338
2024-12-24,3872.737372652853,3928.337783494026,3872.737372652853,3892.481689453125,1181886
2024-12-26,3892.4818540644487,3911.5276763317006,3858.628020945553,3882.796142578125,1208464
2024-12-27,3877.1150885157394,3893.832593461187,3862.446685286308,3878.838134765625,858100
2024-12-30,3865.938955213331,3910.921874141445,3829.617196780828,3873.203125,1527169
2024-12-31,3851.0376939335874,3855.6479451405453,3755.1576110916253,3813.598388671875,1555429
2025-01-01,3813.22564967337,3850.1062943866386,3804.890317466962,3830.036376953125,763161
2025-01-02,3837.0677703855595,3895.741379495824,3815.6008619680624,3888.9892578125,1720835
2025-01-03,3892.900907869697,3892.900907869697,3811.269950829448,3818.347900390625,1791953
2025-01-06,3823.563603014824,3864.681605615779,3787.148620607623,3813.78466796875,2085593
2025-01-07,3832.3649188830605,3856.0205380436832,3736.0655531105435,3751.665283203125,2669054
2025-01-08,3757.8118581960475,3842.655853224678,3741.839688389106,3826.264404296875,2181277
2025-01-09,3819.3726136468736,3853.5988861539504,3748.8711943929684,3761.49072265625,2392472
2025-01-10,3911.5737991914198,4001.9125274108405,3883.633986340052,3972.71533203125,7894300
2025-01-13,3953.4836967820274,4026.0808290149944,3937.092248220012,3996.41796875,4003771
2025-01-14,4006.5691894349775,4017.6518909895462,3929.315424489214,3942.35400390625,3441709
2025-01-15,3928.3375519824303,3964.1472594568622,3918.512233366976,3957.767578125,1653474
2025-01-16,3967.4533641062476,3999.1184848526354,3903.9835145012657,3917.44091796875,2637705
2025-01-17,3945.5159044693314,3946.1800146177866,3888.7502327632087,3911.75048828125,1761466
2025-01-20,3932.142300220547,3932.142300220547,3858.446917151911,3867.64697265625,1287799
2025-01-21,3884.2452782424407,3899.136119079718,3822.3105229606576,3827.859130859375,1971591
2025-01-22,3841.2800960022514,3948.5987300115466,3835.7789572073584,3942.386474609375,2409223
2025-01-23,3953.1984717808796,3975.3452017162494,3926.6887142484056,3931.810791015625,1822998
2025-01-24,3892.4966488174464,3962.682991900412,3892.4966488174464,3938.35498046875,1910099
2025-01-27,3890.599675788401,3942.148791419916,3832.7908361324735,3855.648681640625,1551782
2025-01-28,3861.007499214359,3890.5995312485556,3820.6977771085412,3832.079345703125,2468272
2025-01-29,3845.0734688360117,3896.148353343233,3845.0734688360117,3888.512939453125,1217089
2025-01-30,3888.6080671418995,3917.0619915773636,3849.3417440444105,3888.750244140625,1531251
2025-01-31,3898.1871578608666,3915.6865044368305,3874.7126731511203,3900.46337890625,1492943
2025-02-01,3901.032960408717,3922.7526963272944,3846.970505085766,3863.236572265625,437172
2025-02-03,3823.1639848038094,3866.8882740010763,3792.6234860032378,3858.968505859375,1265713
2025-02-04,3873.2426631324765,3906.5813140143973,3856.5023649775358,3895.38916015625,2547132
2025-02-05,3936.126163727403,3936.126163727403,3865.939817675396,3880.26171875,1693912
2025-02-06,3893.824170580454,3926.166886912974,3842.7495210483457,3872.341552734375,2284536
2025-02-07,3879.2179810962175,3879.2179810962175,3801.4439286634815,3821.740966796875,1548940
2025-02-10,3831.7954500743167,3843.1770207181016,3807.4674354466847,3828.902587890625,1339511
2025-02-11,3811.3082763326493,3831.795194749814,3751.1757413949294,3759.28515625,1810908
2025-02-12,3766.445947952812,3814.4855628593755,3737.090798282343,3746.575439453125,1678002
2025-02-13,3763.5057059907817,3779.1078947757164,3701.144188811121,3708.636962890625,2277310
2025-02-14,3722.721744594235,3744.536419785488,3699.010141125482,3732.064208984375,1681975
2025-02-17,3657.751558260601,3731.2575211194617,3657.4669727378136,3703.27783203125,1799806
2025-02-18,3697.492313192335,3722.1523795147264,3665.33947318774,3673.591064453125,2149879
2025-02-19,3672.6428039185434,3675.251080308744,3573.955063643061,3589.083251953125,4366672
2025-02-20,3567.647585834546,3592.781883594646,3557.973298668796,3584.625,2888572
2025-02-21,3581.495307989525,3620.2873962692524,3580.451904877241,3590.885009765625,1833931
2025-02-24,3550.2436192378755,3569.2603724469545,3480.863556771993,3486.175048828125,2508516
2025-02-25,3438.1822449152423,3469.4815591448155,3434.6255046618817,3442.497802734375,4101954
2025-02-27,3425.567980413952,3450.512634279707,3415.134874592875,3426.374267578125,3823856
2025-02-28,3400.1963006835795,3414.470731581497,3278.8403664103434,3303.737548828125,7085018
2025-03-03,3305.397532195103,3341.6762855972443,3297.0035319217445,3313.03271484375,4990439
2025-03-04,3294.964557324782,3367.9962990962294,3285.764501101665,3350.02294921875,2797737
2025-03-05,3339.400041837824,3414.8029405590255,3339.400041837824,3364.249755859375,2501894
2025-03-06,3373.6874145294305,3423.434319269728,3353.864603873821,3415.989013671875,2786513
2025-03-07,3414.470997652364,3438.1826018027277,3390.190222378938,3425.09375,2051315
2025-03-10,3420.635765390215,3435.4318979249574,3397.9675660982793,3404.654052734375,1004626
2025-03-11,3374.6354690920352,3403.8007419067008,3355.3341308822914,3391.0439453125,1995450
2025-03-12,3381.2743716748964,3385.305343927244,3307.1519980581174,3325.504638671875,3174167
2025-03-13,3321.805675922365,3342.6718849425615,3304.5436765901054,3330.104736328125,1693004
2025-03-17,3309.1915231821918,3348.505317121511,3298.1420081114443,3317.443115234375,2690906
2025-03-18,3317.443115234375,3317.443115234375,3317.443115234375,3317.443115234375,0
2025-03-19,3364.2022912119846,3364.2022912119846,3284.294187734508,3316.8740234375,3051244
2025-03-20,3331.0056885181716,3394.505309303915,3331.0056885181716,3379.51953125,2845192
2025-03-21,3295.9124851987917,3429.883028661908,3286.4278449536155,3393.69921875,4161925
2025-03-24,3414.470721860925,3461.6568103088644,3382.792113898217,3441.9287109375,1834751
2025-03-25,3457.1517113972473,3518.8018790902024,3450.5124625687754,3469.24462890625,3135390
2025-03-26,3459.7601257453803,3490.822326860632,3438.9888533482517,3448.426025390625,1734499
2025-03-27,3428.5556939598323,3474.2241497420814,3424.4297823215356,3463.0322265625,2528474
2025-03-28,3462.8424183134416,3472.279589767322,3406.7880975546004,3420.3037109375,2051919
2025-04-01,3388.577422151902,3399.2951120927096,3343.335733852344,3367.80615234375,2618493
2025-04-02,3361.3570398330285,3380.421262394588,3348.126010889205,3361.3095703125,1764313
2025-04-03,3311.0882917953854,3321.52139726939,3221.1263760619972,3227.765625,4537821
2025-04-04,3189.305917649939,3224.4463321821277,3125.6638750891457,3129.36279296875,5317367
2025-04-07,2940.2386292720134,3121.7745604042666,2898.5536795332505,3105.31884765625,6623955
2025-04-08,3131.8762339649347,3176.4065815025783,3087.535532954112,3123.2451171875,5557558
2025-04-09,3092.5147195117684,3101.4776590955953,3046.5142098890965,3079.28369140625,2990265
2025-04-11,3120.020055994998,3128.9355257101774,3040.7758359181594,3064.961669921875,7108961
2025-04-15,3143.5895512500647,3143.5895512500647,3071.696152437833,3080.80126953125,3512160
2025-04-16,3080.801013758816,3109.1602290119804,3062.5905495252055,3105.081787109375,2384391
2025-04-17,3078.240292358944,3133.3461501914685,3052.1575291360596,3128.88818359375,2932346
2025-04-21,3120.5415959625134,3181.148354821814,3114.85081178573,3150.418212890625,2432946
2025-04-22,3151.3669464223676,3162.0844056249766,3125.189244347029,3143.58935546875,2710498
2025-04-23,3191.5816342442954,3244.6006837766467,3165.3092254984945,3237.10791015625,3543923
2025-04-24,3225.821178130507,3236.6335756939984,3213.111620905439,3226.29541015625,2252175
2025-04-25,3243.7474467195657,3298.568721809185,3229.5204842339535,3270.304443359375,2742991
2025-04-28,3257.9741879514845,3279.5992157727555,3229.520264912607,3266.0361328125,1593296
2025-04-29,3276.943382576269,3314.881945616226,3253.6110736832507,3293.54150390625,1578332
2025-04-30,3293.06738873724,3329.014085869881,3192.53019311335,3275.71044921875,2809332
2025-05-02,3293.0674491310842,3311.562499608635,3243.7473145242825,3254.180419921875,1721761
2025-05-05,3272.2013429677813,3323.892639545098,3268.786779377753,3276.27978515625,1284443
2025-05-06,3281.68603515625,3294.0160693923863,3259.871359200009,3281.68603515625,1324763
2025-05-07,3244.3163408615387,3281.211501134211,3244.3163408615387,3267.5537109375,1477128
2025-05-08,3270.304189784248,3297.809648457028,3251.9987864937443,3271.15771484375,2543591
2025-05-09,3223.8293642770673,3268.5968219353003,3222.975839240067,3263.0009765625,2531757
2025-05-12,3324.3666713915923,3443.3989159735165,3321.7109255991563,3433.8193359375,2228678
2025-05-13,3433.8195935429753,3436.285693012091,3329.5834737286627,3333.8515625,3062887
2025-05-14,3339.5422865093847,3377.4808526725133,3327.7814236222675,3365.814697265625,2119499
2025-05-15,3380.3262508294533,3414.4709604337913,3332.997982084671,3395.40673828125,3548330
2025-05-16,3408.6851728219754,3408.6851728219754,3363.3487722739774,3377.765380859375,1666727
2025-05-19,3367.0473541083206,3367.0473541083206,3323.1334225866804,3337.455322265625,2537377
2025-05-20,3349.785509814958,3374.635222590325,3313.93352100354,3318.011962890625,2038374
2025-05-21,3327.212262398612,3354.7177229486574,3318.012206388427,3344.094970703125,1440153
2025-05-22,3314.881923566922,3317.5376692737764,3273.4340900331863,3297.8095703125,2034383
2025-05-23,3297.809582057325,3352.820498295267,3286.9971842477944,3333.471923828125,1274331
2025-05-26,3339.54242872468,3362.3055693919314,3329.2042616284266,3355.00244140625,967470
2025-05-27,3349.9752588067204,3357.5629717372003,3303.5954561426133,3318.391357421875,2467680
2025-05-28,3338.5939127547476,3347.1300903725864,3312.985379901231,3317.443115234375,1222933
2025-05-29,3324.0819895701998,3350.449337105284,3306.819989757275,3317.822265625,3188072
2025-05-30,3310.1398835450454,3325.979188538535,3275.141649033021,3284.91064453125,3404365
2025-06-02,3272.201121116267,3281.6857620470387,3242.41944121709,3272.011474609375,1877585
2025-06-03,3268.407343175387,3294.490106360913,3225.252225904789,3229.7099609375,2848125
2025-06-04,3242.9150002967904,3248.465034332547,3224.7340073768614,3235.1640625,2544807
2025-06-05,3262.0528233362247,3262.0528233362247,3218.7054627680072,3225.78662109375,3584683
2025-06-06,3225.7868448606714,3244.7331673196672,3213.9212139850256,3238.322021484375,2070390
2025-06-09,3253.4410779830223,3285.975488762853,3244.7332451805223,3274.39697265625,1718678
2025-06-10,3291.7168496023487,3335.5426613582063,3275.6409764041855,3313.629638671875,2419874
2025-06-11,3320.423693236899,3338.604687522634,3300.424692969312,3322.24169921875,2847013
2025-06-12,3322.241373890929,3324.920724772973,3275.6406661399797,3286.16650390625,4060134
2025-06-13,3246.933943792306,3301.76403815699,3246.933943792306,3297.1708984375,2178493
2025-06-16,3291.7166438153617,3357.742355566309,3278.511454741814,3345.58984375,1934088
2025-06-17,3358.6994089523137,3368.2683531373627,3337.743514633776,3363.77099609375,2111940
2025-06-18,3367.4074309500347,3385.492643029953,3294.6834510545355,3302.62548828125,2696327
2025-06-19,3301.2855030665887,3302.242397415304,3265.8804121641356,3276.40625,2672768
2025-06-20,3277.3633274014865,3297.7452248908758,3263.871022884297,3287.60205078125,2351248
2025-06-23,3267.794095345199,3277.363038523369,3224.733851043432,3247.316650390625,3123421
2025-06-24,3286.549557502439,3293.726265410323,3236.2168192617623,3244.254638671875,3403048
2025-06-25,3260.4262751214173,3301.2856185170967,3253.440899408153,3296.309814453125,1757699
2025-06-26,3296.3101365520456,3302.625499921456,3268.0817495194324,3293.439453125,2879106
2025-06-27,3306.0700253129785,3316.978527608251,3283.104560593004,3292.769287109375,1778433
2025-06-30,3291.6210940950255,3315.5434551196317,3282.1479325760038,3312.7685546875,1468351
2025-07-01,3306.0700701470973,3334.776901436363,3266.35895353028,3281.860595703125,2375183
2025-07-02,3336.882278295821,3339.4658465866687,3272.5790179988544,3275.73681640625,3090585
2025-07-03,3282.147566666478,3287.219153361651,3251.144283681705,3254.206298828125,2531870
2025-07-04,3261.095807453449,3279.276799337726,3243.967492756551,3272.38720703125,1109320
2025-07-07,3270.952315509477,3278.416138875185,3261.4789203702617,3264.63671875,1639174
2025-07-08,3258.2253086430815,3277.363195918518,3247.125240576613,3259.37353515625,2325242
2025-07-09,3263.0097947012437,3266.837372173034,3221.8633368794976,3237.939208984375,2034938
2025-07-10,3234.3032521090518,3252.484246721499,3211.3377852301705,3236.217041015625,3035012
2025-07-11,3157.655913683438,3191.2430024482833,3120.528595780786,3125.21728515625,7635550
2025-07-14,3125.217020314649,3130.9583865491522,3062.0619917351123,3083.783447265625,3924009
2025-07-15,3067.8031684457687,3118.901231329378,3067.8031684457687,3112.107421875,2590889
2025-07-16,3098.377660261314,3115.5641051149655,3092.23284636304,3104.234619140625,2540733
2025-07-17,3095.593117992358,3112.7795615982277,3076.3902829424,3081.286865234375,2947640
2025-07-18,3096.4574198500977,3100.1060057073505,3059.972030096825,3062.75634765625,3432645
2025-07-21,3062.8523807267275,3070.1495522628406,3026.3669918654064,3032.31982421875,3844346
2025-07-22,3033.6640625,3053.3469689942053,3028.8633535989743,3033.6640625,3198036
2025-07-23,3033.6639547012974,3055.171036049811,3031.743671209123,3052.38671875,1922875
2025-07-24,3038.944885626984,3047.2019644087272,3014.8452328363246,3022.5263671875,2934778
2025-07-25,3014.8450484057557,3031.0713499661365,3001.0191011832776,3010.8125,2568917
2025-07-28,2986.041003699968,2993.72213811463,2947.539223682625,2956.564697265625,3374473
2025-07-29,2938.0339265993125,2951.4759118844077,2919.9832137631183,2934.193359375,4785312
2025-07-30,2938.0337293982366,2946.6750050729374,2925.7438682234083,2931.888916015625,2880121
2025-07-31,2920.4631457840833,2937.841805411508,2894.827407662822,2915.758544921875,2968371
2025-08-01,2909.133629601001,2915.7587488570334,2880.4254827204045,2883.305908203125,2053847
2025-08-04,2889.1627911176092,2956.6605722928375,2872.360309577052,2951.85986328125,2519252
2025-08-05,2951.859809051624,2954.836342347973,2920.751308991888,2941.7783203125,1927996
2025-08-06,2940.9142942671037,2944.562879940478,2905.3890481398157,2911.43798828125,1487081
2025-08-07,2895.7876067904904,2929.9687479023937,2890.890789951502,2925.552001953125,2543076
2025-08-08,2926.6083584758467,2937.841970823321,2904.4289887975438,2915.37451171875,2762140
2025-08-11,2915.3743566889298,2928.3362704951187,2900.8763567070323,2919.59912109375,1884215
2025-08-12,2919.7909498577897,2972.982707005533,2906.2528579377536,2914.4140625,3358232
2025-08-13,2915.0864995163706,2923.0554886191444,2907.8854362960733,2915.182373046875,2148166
2025-08-14,2913.0700372499637,2934.0970475783347,2898.7640190971856,2901.83642578125,3342174
2025-08-18,2925.072254664491,2927.472609378642,2883.6900456286708,2891.17919921875,2945609
2025-08-19,2891.1790271854784,2904.429031301108,2891.083153648401,2895.979736328125,2650784
2025-08-20,2890.8905988262018,2979.7037075526887,2890.8905988262018,2975.09521484375,4952358
2025-08-21,3005.2435803513467,3005.2435803513467,2960.213027495864,2978.935791015625,3230726
2025-08-22,2962.997485687316,2972.3108139224278,2928.4323821601793,2932.27294921875,1593791
2025-08-25,2964.245782645686,3026.366909314735,2954.4523833109183,3015.42138671875,3448370
2025-08-26,3004.283667485289,3035.968346624635,2995.6423913563763,3031.359619140625,5522097
2025-08-28,3019.645945976872,3021.086158669707,2963.4776509563167,2970.390625,3116051
2025-08-29,2969.7184911417403,2990.841610057071,2954.548204311535,2961.749267578125,2271789
2025-09-01,2966.8380558481663,3006.2999761800884,2966.8380558481663,2988.537353515625,1246862
2025-09-02,2996.6989010802117,3029.2476168924754,2979.4163473229805,2987.4814453125,2185229
2025-09-03,3005.1478080455095,3016.669509959856,2964.9179592917676,2974.039306640625,1799774
2025-09-04,2991.8017155695825,2993.7219990840686,2967.6061901689773,2972.310791015625,1481391
2025-09-05,2973.655507694055,2979.704214005019,2907.885788971954,2926.800537109375,2802055
2025-09-08,2928.432609909376,2942.7386295513115,2895.7877873726816,2898.668212890625,2626187
2025-09-09,2911.2459361835313,2938.0337976334035,2909.997705008497,2927.856201171875,2489301
2025-09-10,2934.5773210773896,2998.2347696750494,2931.696895660388,2986.041015625,2079428
2025-09-11,3013.885194748687,3013.885194748687,2986.137189714118,2999.675048828125,2263446
2025-09-12,3018.685897890405,3023.198517586115,2996.6026359147436,3008.50830078125,1447167
2025-09-15,3009.0844623500607,3009.0844623500607,2972.5990732086116,2987.865234375,1732539
2025-09-16,3003.3236516831826,3024.4467719955323,2985.1770648150605,3020.318115234375,2573429
2025-09-17,3026.366894691811,3055.5551110798156,3017.1494398273812,3046.337890625,2418271
2025-09-18,3058.0517436415034,3075.334296666793,3035.392302577828,3050.08251953125,2633138
2025-09-19,3043.6495079786732,3053.730996885227,3018.685821162444,3042.88134765625,4901694
2025-09-22,2971.6388949892716,2983.0644887376598,2942.8346407567424,2951.283935546875,3634901
2025-09-23,2947.6353061603577,2957.9087764692863,2930.352753876681,2940.338134765625,3177741
2025-09-24,2928.4322252766387,2935.1532172690772,2912.1098161521463,2914.4140625,1625714
2025-09-25,2901.5486952997107,2908.8458671854296,2833.378623371756,2839.5234375,4974361
2025-09-26,2823.7769658283983,2837.0269692313786,2776.057966398974,2783.547119140625,3934636
2025-09-29,2799.7732301976002,2812.5431618400235,2778.6501125486475,2780.66650390625,3110035
2025-09-30,2794.9727356006983,2799.101392157332,2770.105157137798,2773.2734375,2253458
2025-10-01,2775.7699233020426,2808.222762784315,2752.342557318892,2798.045166015625,1952902
2025-10-03,2807.4548247704774,2807.4548247704774,2775.866251046319,2786.235595703125,2899519
2025-10-06,2786.3316788238635,2874.28076699856,2780.1868646812827,2869.287841796875,2112774
2025-10-07,2875.624650921264,2884.745997894136,2837.699050349848,2855.173583984375,3062943
2025-10-08,2856.4219038307547,2921.711547346886,2849.7009111158586,2906.541259765625,4121889
2025-10-09,2913.069893498166,2943.794427641851,2899.6279098103037,2939.665771484375,3211304
2025-10-10,2928.432687835625,2947.635525132908,2887.0504796961263,2907.59765625,8817365
2025-10-13,2906.349233459963,2914.5104387736105,2878.6971026918,2887.33837890625,2866865
2025-10-14,2900.5884226064827,2906.5412549765147,2837.699133735008,2842.307861328125,3611416
2025-10-15,2863.220385125294,2871.6047262713414,2843.9459294866183,2862.06396484375,4282226
2025-10-16,2862.160371154854,2867.0754517571395,2836.332787245134,2862.931396484375,3251495
2025-10-17,2862.256586509825,2880.3746213869317,2848.1861401528254,2854.739501953125,4374683
2025-10-20,2877.1943748710046,2913.333979311689,2870.4483153754104,2905.81689453125,3133039
2025-10-21,2921.1404673344027,2921.815026282457,2887.3137006926995,2897.62548828125,310644
2025-10-23,2944.1731825516827,2985.613263353556,2925.958915568601,2961.712890625,5564758
2025-10-24,2968.2662739630537,2977.9035021252716,2947.3535359078196,2952.07568359375,2684318
2025-10-27,2955.2558763824863,2981.9509500743798,2949.184375870237,2972.98828125,1946312
2025-10-28,2964.4112497423184,2978.0960660621163,2929.9099274122086,2946.9677734375,3470737
2025-10-29,2946.96788369373,2964.4113606511696,2935.596142774,2946.678955078125,2895420
2025-10-30,2938.487165302022,2952.653842834952,2922.778437237614,2925.187744140625,2241536
2025-10-31,2924.898585437403,2956.1231088421955,2915.357824198127,2947.064208984375,1868085
2025-11-03,2936.367047373489,2947.06446508497,2900.80576844531,2907.359130859375,2194877
2025-11-04,2910.0574685167057,2919.4055326440953,2868.039060214524,2881.723876953125,2670720
2025-11-06,2881.627605776501,2914.2977142131544,2881.531139384038,2901.6728515625,2542721
2025-11-07,2892.1323165785257,2895.0234851722394,2853.101540563387,2883.26611328125,1830520
2025-11-10,2884.422275161144,2937.3305615709287,2883.4585523829414,2915.4541015625,1556656
2025-11-11,2934.5361772818296,2944.8479650680415,2908.5156594537148,2936.463623046875,2806868
2025-11-12,2948.991669923252,3022.619995280987,2946.1969680097523,3018.18701171875,4460315
2025-11-13,3018.186949242595,3018.2831803470704,2989.4679642954256,2993.03369140625,1740435
2025-11-14,2977.9034333434784,3000.1655239975616,2965.6642009169345,2993.322998046875,2210794
2025-11-17,2993.322838009285,3010.187986001932,2974.6267109195564,2989.66064453125,2232853
2025-11-18,2989.4682629851,2992.3594315179676,2966.338914722159,2975.10888671875,2548350
2025-11-19,2984.6493140956795,3040.545232796858,2971.639057156612,3033.510009765625,3151053
2025-11-20,3033.79944214396,3049.7008686990343,3024.2586803244717,3030.715576171875,2700767
2025-11-21,3030.715536432949,3055.0013041600305,3021.463703354114,3036.30517578125,4177037
2025-11-24,3043.4366842823783,3063.578397230728,3017.4161679823073,3027.24609375,6703764
2025-11-25,3031.197695489111,3035.534448554938,3001.9968444557608,3006.04443359375,2737920
2025-11-26,3005.658898650244,3062.711244826224,3003.9241504478728,3048.158935546875,2508527
2025-11-27,3064.6384631299097,3064.6384631299097,3011.6337098367826,3022.81298828125,2836233
2025-11-28,3026.089482694223,3033.12470593688,3011.6336412163846,3023.68017578125,1616690
2025-12-01,3024.0660011073596,3039.5820339484353,3008.9355985975626,3019.729248046875,1747647
2025-12-02,3017.416350282513,3029.9447477765,3007.2007935969305,3021.94580078125,2512003
2025-12-03,3026.089757763365,3095.3813367654693,3025.126034910574,3064.638671875,3952112
2025-12-04,3078.13047294951,3132.0989471151875,3071.769808666434,3112.053466796875,5025905
2025-12-05,3112.824571063191,3152.915532717371,3105.5001838412545,3120.72705078125,5244013
2025-12-08,3125.353065437683,3141.6398867746047,3092.2010949656524,3119.0888671875,2544725
2025-12-09,3112.824602659864,3116.390329915732,3065.794883587669,3091.911865234375,2734893
2025-12-10,3108.005961204973,3108.005961204973,3062.8074569989867,3073.504638671875,1386849
2025-12-11,3088.7315521574005,3092.0081155406747,3038.7144333046613,3076.106689453125,1914362
2025-12-12,3081.696263178982,3106.078496384854,3070.131589906683,3103.669189453125,1146554
2025-12-15,3094.6101270221197,3120.7268716204835,3081.310706400481,3113.01708984375,1562190
2025-12-16,3103.187500999765,3103.187500999765,3075.3360054304358,3088.828125,1734623
2025-12-17,3084.3949307247763,3119.4743477745933,3084.3949307247763,3101.0673828125,1376350
2025-12-18,3110.897128527372,3168.5277977297296,3104.1510690788923,3161.78173828125,2307422
2025-12-19,3179.3215200364916,3197.5357868591873,3159.854366515901,3162.938232421875,3902511
2025-12-22,3189.9226061933546,3207.8479451634685,3171.6118722000997,3204.281982421875,2632816
2025-12-23,3199.463369445318,3199.463369445318,3174.0211805268714,3189.922607421875,2365420
2025-12-24,3184.2368148202168,3206.4024407323423,3176.5270318942603,3198.59619140625,1367708
2025-12-26,3192.9103071634727,3199.559900795541,3153.108505919085,3161.010986328125,1176664
2025-12-29,3161.010777477703,3168.7205598617948,3125.2565675579217,3133.544677734375,2079473
2025-12-30,3132.0992469072426,3148.9643966982817,3121.9801570326194,3129.015380859375,2807593
2025-12-31,3122.461816571668,3128.2441532690227,3082.4673210816295,3089.887939453125,3362634
2026-01-01,3098.368779137981,3116.775978595714,3082.1781891606697,3110.31884765625,1255735
2026-01-02,3116.6795578205924,3136.243177859361,3102.7055771191704,3132.773681640625,1184324
2026-01-05,3122.94369701057,3129.207895137578,3075.2394189664337,3099.428955078125,2341703
2026-01-06,3093.550169667909,3144.8201752673103,3088.7315556964636,3137.688720703125,2912325
2026-01-07,3125.2565425983025,3180.8635358265738,3106.271250685878,3176.044921875,1989442
2026-01-08,3167.6606296336045,3167.6606296336045,3066.566193971062,3087.671630859375,4159336
2026-01-09,3075.239584998998,3112.5356118812538,3075.239584998998,3091.43017578125,1938673
2026-01-12,3086.804068110982,3134.026484388671,3059.145271347969,3122.076416015625,2228342
2026-01-13,3127.2804209827063,3161.0107182814413,3094.0319850739534,3149.446044921875,5645341
2026-01-14,3141.7363480080267,3141.7363480080267,3067.529691935444,3076.68505859375,3539511
2026-01-15,3076.68505859375,3076.68505859375,3076.68505859375,3076.68505859375,0
2026-01-16,3159.0110444402844,3161.464149941515,3111.519017760894,3146.54931640625,4293470
2026-01-19,3128.2002715520307,3159.600023336744,3092.973770842994,3104.258056640625,3387562
2026-01-20,3092.4832014713097,3100.7255406282875,3033.118044759914,3044.10791015625,4499273
2026-01-21,3041.8509292683366,3079.6287553253787,3024.188569033875,3064.027099609375,2015150
2026-01-22,3090.9130188550284,3100.7254411371077,3063.7326570458863,3091.305419921875,2269827
2026-01-23,3130.457047950816,3134.578217290946,3092.875423666008,3103.178466796875,2068857
2026-01-27,3115.4440572399217,3115.4440572399217,3071.2881572160486,3098.762939453125,4279874
2026-01-28,3116.425451779539,3145.0776781720924,3111.1268393421374,3140.073486328125,2751234
2026-01-29,3140.07335254898,3140.07335254898,3066.9708064954257,3085.41796875,2457641
2026-01-30,3082.081828102924,3082.081828102924,3034.000959087629,3065.302490234375,3022068
2026-02-02,3138.0126916764966,3138.0126916764966,3075.2131881532646,3110.1455078125,2636272
2026-02-03,3287.1613923698505,3287.1613923698505,3126.53209104895,3164.800537109375,4366060
2026-02-04,3061.475843095512,3061.475843095512,2929.9893806035893,2942.84375,10852595
2026-02-05,2933.9143670738968,2972.869637012123,2916.5464269268496,2935.38623046875,3521545
2026-02-06,2920.765595757455,2929.0079343210614,2861.302223276454,2886.422119140625,4687389
2026-02-09,2903.5941220720847,2921.15826303242,2882.3991930324937,2892.8984375,2380318
2026-02-10,2894.468444356794,2955.109263473934,2888.2865702537815,2928.61572265625,3547763
2026-02-11,2924.1019081110685,2941.76426862986,2849.723697569715,2855.21875,3363513
2026-02-12,2815.9687988010764,2825.977420921291,2688.603518515395,2698.51416015625,10612156
2026-02-13,2536.5110796879476,2662.110080925881,2536.5110796879476,2641.7001953125,11168735
2026-02-16,2649.3540277067937,2668.7826718221954,2620.898002964758,2655.830322265625,2918730
2026-02-17,2665.0538469624375,2708.228504276998,2644.6439610469733,2666.427490234375,4209118
2026-02-18,2678.7913077273606,2678.7913077273606,2607.4550449905755,2644.349609375,2950820
2026-02-19,2657.2039438116426,2697.140454434555,2616.5806115438327,2627.66845703125,3238849
2026-02-20,2616.972941852777,2651.905259923164,2597.838718993336,2635.812744140625,2293482
2026-02-23,2635.616634548502,2653.2789947204583,2610.3005370564806,2626.0986328125,4699596
2026-02-24,2591.460746119642,2597.8388206557183,2513.255787797201,2525.423095703125,7798833
2026-02-25,2547.3048106742554,2604.4130601353972,2546.3235684513456,2579.980224609375,3621285
2026-02-26,2600.2918170703697,2620.897903167908,2585.5731841435563,2598.034912109375,3464267
2026-02-27,2631.299321894741,2638.168017666852,2576.8403768444346,2587.92822265625,5083717
2026-03-02,2543.37985460111,2574.5834053591284,2531.8993684474203,2564.4765625,3374385
2026-03-04,2575.7609535201655,2585.5733762002424,2531.997452542583,2539.2587890625,3446434
2026-03-05,2551.229777430436,2560.551578540278,2498.6350985020495,2530.427490234375,2960636
2026-03-06,2523.7550365456814,2570.069622274581,2505.7002751879877,2509.625244140625,3998643
2026-03-09,2482.542780637602,2511.9800468111703,2458.0117254929614,2479.991455078125,3653428
2026-03-10,2493.3365235176843,2497.45769299971,2443.39138949283,2465.9599609375,4323710
2026-03-11,2461.0536733182116,2473.711601954393,2413.9540474182472,2418.663818359375,2720664
2026-03-12,2413.6596961153996,2426.513825649523,2390.3060830242093,2396.5859375,2752075
2026-03-13,2391.287343235487,2400.0203033629555,2352.0376535639975,2365.284423828125,2466488
2026-03-16,2364.793830777467,2379.5124645789865,2321.7173916761253,2364.0087890625,3807907
2026-03-17,2374.6061161428333,2374.6061161428333,2315.731584337639,2346.8369140625,2993367
2026-03-18,2364.793804301608,2436.326267951688,2364.793804301608,2395.01611328125,3082388
2026-03-19,2371.6624152761565,2378.5311107279285,2306.115387909886,2311.806640625,2757060
2026-03-20,2341.2440023374425,2362.6351312433567,2319.8528734315287,2345.7578125,4206320
2026-03-23,2320.6378037995523,2361.6537756859007,2303.956686393805,2339.085205078125,3860515
2026-03-24,2359.0045869106293,2389.7172776589064,2334.47353068287,2353.803955078125,3420182
2026-03-25,2355.864368126978,2376.1762738846405,2325.3478785890734,2332.80517578125,5843778
2026-03-27,2358.8080275261386,2376.6668272056972,2340.262645780238,2344.97265625,4979411
2026-03-30,2330.5484146912077,2353.0187649541185,2302.1903717438945,2314.652099609375,6804756
2026-04-01,2383.4374750291136,2425.630892660341,2352.9207445923203,2363.027587890625,4132661
2026-04-02,2341.24390183887,2423.570027038862,2331.1370592120925,2404.730224609375,5378361
2026-04-06,2427.593337237373,2435.4432752720936,2402.2772391631793,2427.4951171875,2572417
2026-04-07,2414.837240451596,2496.182129281132,2402.0810908677395,2492.1591796875,4516550
2026-04-08,2523.755016821873,2531.899375247164,2492.453485493659,2511.195068359375,4769337
2026-04-09,2506.092558435327,2556.135910228672,2483.6222080623565,2540.43603515625,5628261
2026-04-10,2517.671257898199,2517.671257898199,2454.1849361455575,2476.94970703125,10480239
2026-04-13,2443.195026142192,2457.9136601554055,2423.6684008424363,2426.2197265625,3739587
2026-04-15,2454.9697496490417,2510.9987747578325,2446.629190999006,2506.9755859375,5261384
2026-04-16,2523.754997213638,2545.3423261167095,2510.0176060935014,2528.56298828125,3905403
2026-04-17,2521.792618261851,2540.4362212762385,2507.957006516208,2533.076904296875,2718206
2026-04-20,2538.571963483115,2545.3424392975157,2513.15764504414,2531.212646484375,2288558
2026-04-21,2511.9802240950007,2564.9673069470045,2511.9802240950007,2561.532958984375,2719959
2026-04-22,2531.6048516902206,2531.6048516902206,2456.6380441545243,2490.88330078125,5232045
2026-04-23,2481.5614778281533,2511.489364373728,2469.0997500312283,2474.49658203125,2509050
2026-04-24,2441.3307179215667,2458.0118361710306,2343.991534636913,2351.939453125,5107719
2026-04-27,2351.9393059532576,2412.874541687738,2351.9393059532576,2401.6884765625,5853425
2026-04-28,2398.155951805419,2440.349366669426,2381.867235359066,2398.8427734375,4508363
2026-04-29,2405.024637022461,2441.2323784506298,2401.688509360205,2428.280029296875,2835961
2026-04-30,2432.4995485090735,2444.2744555611544,2392.26861608113,2427.4951171875,3970446
2026-05-01,2427.4951171875,2427.4951171875,2427.4951171875,2427.4951171875,0
2026-05-04,2447.2181772447047,2451.4375668418284,2379.512461835769,2385.6943359375,2632358
2026-05-05,2384.4185931895904,2414.24826083551,2366.952433771704,2381.769287109375,3385720
2026-05-06,2396.0951150032492,2424.6493574491965,2361.359238648924,2389.717041015625,3147628
2026-05-07,2392.4647422177254,2393.9366055534624,2353.018852732181,2356.35498046875,5829594
2026-05-08,2353.0188960201936,2361.8500761970836,2330.548544505656,2349.486328125,3792199
2026-05-11,2326.5252955775945,2369.699953108347,2326.5252955775945,2348.014404296875,1975188
2026-05-12,2330.450360002076,2330.450360002076,2240.176072372522,2257.151611328125,6347884
2026-05-13,2262.7446759395275,2265.8846032931383,2226.4387119283556,2230.16748046875,3171843
2026-05-14,2222.513720137884,2222.513720137884,2165.012827845418,2203.8701171875,5633313
2026-05-15,2209.7573207679993,2261.6649346543286,2209.7573207679993,2221.5322265625,3410637
2026-05-18,2221.5322685970373,2249.8900714309348,2209.953563101145,2240.3720703125,3773336
2026-05-19,2256.857213357978,2333.0017090765828,2254.0117066090534,2283.448974609375,10394707
2026-05-20,2280.3085723429836,2298.06915136111,2274.3231388707036,2283.742919921875,2537422
2026-05-21,2287.275643394801,2292.0836345084317,2270.594525446405,2283.546875,3299087
2026-05-22,2287.373954930871,2296.106915322829,2264.805382686245,2273.832763671875,2617262
2026-05-25,2312.3217190072714,2313.415817804508,2280.496215777924,2295.61328125,3298364
2026-05-26,2295.613098349941,2315.205623652634,2260.008270887014,2263.78759765625,3587597
2026-05-27,2262.5943570616037,2283.0821217701528,2248.571147658945,2271.744140625,2653950
2026-05-28,2271.744140625,2271.744140625,2271.744140625,2271.744140625,0
2026-05-29,2278.507085795833,2321.2726050840133,2222.81245602518,2246.58203125,16331582
2026-06-01,2271.5452382799426,2322.267132829976,2267.5670504720965,2284.8720703125,7505095
2026-06-02,2307.34897134468,2443.9996279549005,2303.569644295269,2433.556884765625,11306127
2026-06-03,2379.9508308808004,2379.9508308808004,2212.6680838914085,2229.475830078125,15660062
2026-06-04,2229.4759194813155,2240.8139007540485,2204.5129359355733,2228.77978515625,4867263
2026-06-05,2250.560184151513,2259.4117976453776,2180.0469028924485,2186.9091796875,5019717
2026-06-08,2158.1668832997775,2165.128711955583,2131.6125282744956,2139.668212890625,6536734
2026-06-09,2162.145087858845,2162.145087858845,2121.169801728995,2139.2705078125,4148655
2026-06-10,2139.568864676436,2168.907999188303,2133.1043096144995,2142.154541015625,2848650
2026-06-11,2115.4013888441136,2142.8509821277357,2098.494090484758,2123.95458984375,3079815
2026-06-12,2138.276030955957,2156.177876796519,2126.3414670622496,2149.61376953125,2124656
2026-06-15,2180.046856932239,2180.046856932239,2147.525221086398,2150.21044921875,3337083
2026-06-16,2155.183285992923,2196.954258771743,2148.818282502735,2187.0087890625,3079898
2026-06-17,2196.9542720106556,2218.8343055028395,2188.6994835403766,2210.8779296875,2865010
2026-06-18,2196.9542695909468,2201.927004470057,2170.101501243751,2191.285400390625,3735188
2026-06-19,2093.521413717831,2126.341464384191,2048.6672473500757,2113.412353515625,13286502
2026-06-22,2120.5729308842238,2145.237743488044,2109.434053749718,2116.197021484375,4566101
2026-06-23,2099.4885101234904,2102.4721508294924,2043.7938836114508,2048.368896484375,6392736
2026-06-24,2049.7612582514666,2109.1356624395376,2049.7612582514666,2097.49951171875,4747277
2026-06-25,2121.965363861958,2136.78401555451,2076.61392807904,2083.27734375,4738903
2026-06-26,2083.27734375,2083.27734375,2083.27734375,2083.27734375,0
2026-06-29,2078.6031371123327,2093.521341445675,2059.706744956766,2086.4599609375,3412470
2026-06-30,2078.60311543387,2092.8251853118586,2007.791421498655,2020.422119140625,6848411
2026-07-01,2028.776408877907,2040.8104030555382,1966.0205187179013,1971.788818359375,4658295
2026-07-02,1997.0503819057583,2065.5745732846704,1991.580373389582,2056.82275390625,6040621
2026-07-03,2088.5485393778363,2105.0581154318793,2073.6303355251375,2082.083984375,4028819
2026-07-06,2078.6031065753987,2081.5867473982344,2039.4180542258837,2046.3798828125,2567386
2026-07-07,2038.8212111731864,2111.124724588052,2037.8266642409067,2084.669921875,4769048
2026-07-08,2082.5813599967723,2098.1956989000228,2037.6278854106638,2046.2803955078125,3666985
2026-07-09,2046.280350211656,2053.7394523387943,2005.006651774823,2038.323974609375,3791498
2026-07-10,2093.7200783959847,2121.666943317309,2053.341620075063,2057.717529296875,6714551
2026-07-13,2063.684994131224,2192.8765503750355,2053.8390761022306,2169.604248046875,12382622
2026-07-14,2170.996422535663,2215.850586742918,2167.1177865856457,2188.60009765625,9546290
2026-07-15,2174.10009765625,2202.89990234375,2145.39990234375,2189.199951171875,5426489
2026-07-16,2206.0,2231.39990234375,2187.800048828125,2201.0,5197595
2026-07-17,2224.800048828125,2275.0,2215.10009765625,2269.0,5615138
2026-07-20,2280.10009765625,2283.39990234375,2245.10009765625,2251.10009765625,2202693
2026-07-21,2245.10009765625,2259.89990234375,2218.5,2221.10009765625,2382160
2026-07-22,2216.0,2226.800048828125,2201.0,2208.300048828125,1599665
2026-07-23,2204.0,2250.0,2193.60009765625,2242.89990234375,2503539
2026-07-24,2205.10009765625,2264.300048828125,2205.10009765625,2254.300048828125,3211699
2026-07-27,2286.0,2315.0,2272.39990234375,2295.60009765625,4007292
2026-07-28,2325.0,2417.39990234375,2323.0,2398.0,8248513
2026-07-29,2440.0,2475.5,2415.10009765625,2446.60009765625,7169419
2026-07-30,2440.0,2495.0,2423.0,2431.800048828125,4901582
2026-07-31,2385.0,2391.0,2326.10009765625,2365.60009765625,4343683
2026-08-03,2383.89990234375,2473.699951171875,2383.0,2473.699951171875,3036839
2026-08-04,2463.10009765625,2467.39990234375,2435.10009765625,2460.0,2792792
2026-08-05,2460.0,2460.89990234375,2408.0,2413.0,3014409
2026-08-06,2417.0,2434.5,2368.5,2373.0,2729141
2026-08-07,2375.0,2457.699951171875,2375.0,2452.699951171875,4547979
2026-08-10,2452.699951171875,2472.89990234375,2423.5,2425.699951171875,2322023
2026-08-11,2438.0,2456.60009765625,2428.0,2445.699951171875,1514105
2026-08-12,2445.699951171875,2445.800048828125,2300.10009765625,2349.699951171875,7022647
2026-08-13,2349.699951171875,2375.0,2332.300048828125,2375.0,2123494
2026-08-14,2375.10009765625,2390.0,2333.39990234375,2361.0,2232160
2026-08-17,2351.0,2361.10009765625,2310.60009765625,2313.199951171875,2237636
2026-08-18,2300.0,2307.0,2280.0,2280.0,1797822
2026-08-19,2293.60009765625,2308.199951171875,2258.300048828125,2289.0,3368922
2026-08-20,2319.39990234375,2329.0,2288.10009765625,2298.0,2047848
2026-08-21,2290.10009765625,2307.199951171875,2263.300048828125,2302.0,2066749
2026-08-24,2302.39990234375,2321.60009765625,2279.5,2284.10009765625,1542723
2026-08-25,2305.0,2313.5,2262.0,2296.199951171875,3041609
2026-08-26,2305.10009765625,2306.300048828125,2266.39990234375,2270.0,1660737
2026-08-27,2270.0,2283.60009765625,2243.89990234375,2248.39990234375,1709113
2026-08-28,2272.0,2348.5,2263.300048828125,2342.0,4054069
2026-08-31,2342.0,2399.300048828125,2306.199951171875,2399.300048828125,2905846
2026-09-01,2355.0,2372.0,2325.0,2369.0,2678034
2026-09-02,2347.89990234375,2363.0,2303.5,2348.0,2533005
2026-09-03,2353.60009765625,2353.60009765625,2316.10009765625,2320.10009765625,1892786
2026-09-04,2330.0,2363.89990234375,2302.39990234375,2304.0,2564322
2026-09-07,2290.10009765625,2299.89990234375,2260.10009765625,2270.0,2297551
2026-09-08,2270.0,2274.5,2244.0,2255.5,2148114
2026-09-09,2237.0,2237.0,2193.199951171875,2208.0,3370071
2026-09-10,2199.0,2232.0,2190.60009765625,2204.10009765625,2490912
2026-09-11,2185.5,2232.60009765625,2185.5,2200.800048828125,2634124
2026-09-14,2200.800048828125,2200.800048828125,2200.800048828125,2200.800048828125,0
2026-09-15,2275.5,2323.0,2251.0,2251.0,5406210
2026-09-16,2270.0,2273.89990234375,2172.0,2188.800048828125,2763709
2026-09-17,2171.0,2263.60009765625,2162.5,2190.0,3295917
2026-09-18,2177.199951171875,2177.300048828125,2101.199951171875,2105.0,6875428
2026-09-21,2090.0,2145.0,2075.300048828125,2128.699951171875,2330811
2026-09-22,2135.10009765625,2135.199951171875,2098.199951171875,2105.0,3641623
2026-09-23,2099.0,2104.199951171875,2077.60009765625,2089.60009765625,2228402
2026-09-24,2076.0,2096.89990234375,2067.10009765625,2087.0,1760662
2026-09-25,2054.0,2090.199951171875,2038.0999755859375,2082.0,3342195
2026-09-28,2100.0,2100.0,2051.0,2070.699951171875,2457049
2026-09-29,2065.0,2085.10009765625,2032.4000244140625,2032.4000244140625,4437783
2026-09-30,2069.0,2101.0,2050.60009765625,2050.60009765625,3656425
2026-10-01,2052.60009765625,2093.89990234375,2045.0999755859375,2075.0,3428501
