Date,open,high,low,close,volume
2016-10-03,383.8321109915143,394.0065433671673,381.03535023988087,392.1259765625,1133074
2016-10-04,392.84935947355314,393.6691074748085,386.33964267788764,392.07781982421875,784343
2016-10-05,392.2224367343198,394.2958958435704,386.4360227934027,391.4508972167969,734681
2016-10-06,392.0295581313372,394.34411790195634,381.03537714747813,384.6518859863281,903119
2016-10-07,385.66449770707845,386.67713784336496,378.33503388807725,381.2282409667969,1412940
2016-10-10,381.2282505807032,394.0548199452249,380.9389416380251,389.3292541503906,1317724
2016-10-13,389.1363881779214,389.6667977523893,371.7771440956349,374.38104248046875,4769967
2016-10-14,378.43145067478537,378.43145067478537,366.61752268581336,371.5359802246094,3113531
2016-10-17,371.536025996455,375.15253501004804,366.76222232602197,372.35577392578125,1651931
2016-10-18,376.0205171573419,376.9849196273177,371.2949509407057,376.2134094238281,864701
2016-10-19,377.17775055704175,379.34765576161675,372.21108453059236,374.5738525390625,1428598
2016-10-20,375.0560467575169,379.97450434981226,373.8505438883868,375.73114013671875,1130359
2016-10-21,376.21340519460483,378.9137203076904,363.72438157632246,365.894287109375,997847
2016-10-24,368.06413222392723,368.06413222392723,359.3845115164949,364.1100769042969,1511482
2016-10-25,361.65087881308284,362.1330799848336,354.4178612368212,360.0113830566406,1613924
2016-10-26,358.8541645900086,366.90693109215425,354.2732528624008,362.18133544921875,1874976
2016-10-27,359.722121176603,362.3260196171285,348.2457376741044,356.0574035644531,1476366
2016-10-28,357.2628785655243,363.2903935269401,355.4304904722736,360.25250244140625,1479061
2016-11-01,365.99066294789475,367.53371247239113,357.35925082393396,359.4327392578125,2554087
2016-11-02,358.2754651041279,370.61980313872556,356.0091137454883,364.1583251953125,2464297
2016-11-03,364.013683598504,369.8483061207483,360.49359142942865,363.7725830078125,1629999
2016-11-04,363.77265459236435,364.54416486190803,347.23312727123806,355.9127502441406,5181261
2016-11-07,359.33631646672615,369.8482960483484,354.90005983257424,357.3110656738281,1702175
2016-11-08,358.7576751319681,361.26512713472664,351.81396642144034,357.93792724609375,725837
2016-11-09,322.1586095398742,343.5683545652741,304.26895681500065,336.383544921875,6105180
2016-11-10,342.74856241700365,346.99192653789015,335.1297903358995,336.9139404296875,3548040
2016-11-11,329.8256056456652,330.9829002449818,312.32170877615323,323.0265808105469,2165568
2016-11-15,320.1815853372577,321.7728433540443,290.91196765888697,317.67413330078125,4023810
2016-11-16,321.6282262836105,326.06448356687144,302.0026299779602,308.8981018066406,1715484
2016-11-17,308.560509834057,310.53752266236944,297.325200143066,304.6546630859375,1965715
2016-11-18,307.93367319553425,308.1265654471776,288.35631633397844,292.50323486328125,5298478
2016-11-21,293.178334145697,295.3964479275984,285.6077693020711,293.2747802734375,3322407
2016-11-22,295.10714136201875,300.6042469441939,289.9475825140519,295.97509765625,1945517
2016-11-23,298.00038457031246,302.822397265625,295.3482775878906,301.37579345703125,1250719
2016-11-24,299.9291285655855,303.49742900589706,295.1071168523124,296.6019287109375,2751768
2016-11-25,299.83270038637943,307.8372579681215,295.3964434584679,304.89581298828125,1285140
2016-11-28,305.6673827410201,306.6799935888693,292.93725802710395,295.6375732421875,1676934
2016-11-29,295.1071390128407,304.9922637673558,294.38383720153473,302.6777038574219,1450559
2016-11-30,303.2563615135584,316.85441248391794,300.3631541698687,311.98419189453125,3265106
2016-12-01,311.50196147533757,321.5317401071841,305.95664791966203,313.3343200683594,2650987
2016-12-02,308.6087668073217,316.51687822924947,296.21619012897,302.05084228515625,2033226
2016-12-05,303.59385492961593,316.80617919835373,297.0359305725813,314.2505187988281,2844583
2016-12-06,314.20230575220245,315.6007010741433,309.6213941246939,311.98419189453125,1159353
2016-12-07,313.28606575924493,316.2274807456077,310.19996689550374,312.6592102050781,903190
2016-12-08,313.96117578362697,323.556991015442,312.8039106130962,314.97381591796875,1684964
2016-12-09,314.5880808428701,318.92789172826775,311.21267237644975,314.92559814453125,648772
2016-12-12,313.72011641461285,319.0725678619708,305.908479835662,310.248291015625,819985
2016-12-13,310.53760961489206,316.2275785632049,307.0657546770512,308.6570129394531,894222
2016-12-14,307.54788251803245,313.62363456669027,306.96923526131906,310.68218994140625,1104507
2016-12-15,309.28382570807184,312.2734492575759,302.91876471744683,304.124267578125,1010984
2016-12-16,304.75118508184727,311.3091102035223,303.97967486678954,310.248291015625,1225800
2016-12-19,309.28390906699826,310.05541933328266,304.8476514577877,305.5709533691406,563223
2016-12-20,306.6799527306297,310.9715550366142,304.8475941194274,306.6317443847656,572858
2016-12-21,308.3194580078125,316.22754000228224,301.8579501772158,308.3194580078125,1494083
2016-12-22,307.35502406325196,311.40549605504003,297.42166273776337,298.7718200683594,2326292
2016-12-23,299.83267134340787,304.2689278416061,297.51811169298094,303.11163330078125,966581
2016-12-26,301.8579630555406,303.20812058232326,296.1679945583109,296.89129638671875,672698
2016-12-27,299.9291557131539,305.7155702928289,297.13239455255626,305.0887145996094,722421
2016-12-28,301.6650508300608,306.63174660139333,301.6650508300608,303.0634460449219,949474
2016-12-29,303.73851900704227,311.88770085976114,301.2310671172739,309.5249328613281,1462224
2016-12-30,311.11624478697024,316.32401227352045,310.2482884444165,315.1667175292969,498203
2017-01-02,317.240092618707,324.32842473331584,313.91289349580376,322.0621032714844,656084
2017-01-03,328.86121220573415,341.9770904849351,327.0770619130944,335.7566833496094,2773103
2017-01-04,337.926538806841,349.06540233088487,336.7692737782683,346.8472595214844,2371009
2017-01-05,347.6670578564889,348.6314602361185,342.7968376118491,345.30426025390625,1187872
2017-01-06,346.2204422402445,350.0780516245369,340.04827311162137,342.55572509765625,1089982
2017-01-09,343.2789997318154,344.6291570233856,339.0838439716476,341.97705078125,388058
2017-01-10,342.603945425842,350.51205671273567,341.3984424510854,348.583251953125,680201
2017-01-11,350.56024850910103,352.4408448334275,346.31688412453406,347.90814208984375,1059399
2017-01-12,348.1010671587464,352.77839537612397,346.7026718696744,350.753173828125,1138752
2017-01-13,350.415640236698,353.40529375329,342.36287379774495,345.5936279296875,701469
2017-01-16,345.6418082666275,351.6211148151996,344.33985916300975,349.93341064453125,577654
2017-01-17,349.93335727831874,351.5246150817451,345.5453094450406,347.1365966796875,1393756
2017-01-18,347.47416130924336,357.4557317011667,346.26865834962035,353.9356689453125,865079
2017-01-19,352.1032760898712,361.55440660167596,352.1032760898712,359.4327392578125,1091633
2017-01-20,357.79328770672123,357.79328770672123,345.49715719928,347.8599548339844,829787
2017-01-23,344.1951782396849,351.9586344868572,344.1951782396849,350.9942321777344,768682
2017-01-24,356.34667113827845,356.7324261950791,348.92076121216286,351.3800048828125,883274
2017-01-25,352.9713049477347,364.978127503284,348.8725944394618,358.9023742675781,2920137
2017-01-27,358.7576342654784,362.2776965649036,353.50163027055225,359.5291442871094,386491
2017-01-30,356.82886922538347,360.6864786224146,354.99651064803845,358.2272644042969,361868
2017-01-31,357.6968633329682,357.6968633329682,346.5580267919462,349.1618957519531,788682
2017-02-01,350.80133366637733,358.99875314724113,346.22042278001226,356.7806396484375,931350
2017-02-02,357.7450734277202,380.36029150376123,355.86447702056864,375.44183349609375,1863055
2017-02-03,375.15253372644423,375.15253372644423,364.06190612270615,366.2318115234375,719064
2017-02-06,371.29489432044477,382.8677221953677,369.5107441368162,377.1295166015625,1765785
2017-02-07,379.9263234969947,382.8677389380085,372.88616857315304,379.4441223144531,2246432
2017-02-08,395.4049634516872,416.1878223191582,391.8849007608621,410.44964599609375,12272324
2017-02-09,407.3635479779238,414.2108105697453,403.7470391545558,411.7998046875,1899826
2017-02-10,411.7998142948857,419.90078836198273,408.66550657484265,416.621826171875,1554723
2017-02-13,416.6218082379007,416.6218082379007,407.5564321856356,413.10174560546875,725350
2017-02-14,414.4036946424569,416.47715377406286,405.62762751786755,413.10174560546875,860400
2017-02-15,414.644802363975,416.04316811344535,395.8871648745313,397.76776123046875,1647015
2017-02-16,394.0065874090629,410.8354210043853,394.0065874090629,408.9066162109375,1360235
2017-02-17,408.9066302143685,418.3577622534364,406.3991780107709,416.1396484375,1184805
2017-02-20,416.52540579021735,422.7940216177168,411.26943017820383,418.9846496582031,1216989
2017-02-21,418.50243701910347,442.178504379703,414.78948185944097,441.0212097167969,2381361
2017-02-22,440.9248001192146,441.6963102860884,422.89046301408246,424.3370666503906,2543124
2017-02-23,424.7228050212213,425.8800996572195,415.657428476653,417.53802490234375,3737985
2017-02-27,417.5862181679794,422.9386394459107,410.5943011201322,419.8525695800781,891399
2017-02-28,419.466874185823,424.24064884561915,417.24873080332316,421.63677978515625,995271
2017-03-01,422.50464810341913,426.84445839782063,420.1418507262006,422.5528564453125,602504
2017-03-02,425.3014474456054,430.1234593214059,412.7642165685241,415.12701416015625,1145833
2017-03-03,415.12697667328507,425.3014090399608,413.53568935298773,424.1923522949219,853988
2017-03-06,425.0120798674097,428.19459549386227,420.6722697779449,422.4563903808594,767048
2017-03-07,424.3370384888775,429.0143958221021,419.1292716300316,423.9030456542969,1118365
2017-03-08,423.37263847796225,427.90534136855325,419.7561296071368,425.25323486328125,727813
2017-03-09,426.2657964090765,431.5700088078319,422.45639573202726,426.50689697265625,998661
2017-03-10,425.5425161856933,431.3289300035157,424.57811388272285,429.4483337402344,798924
2017-03-14,434.02931280657185,447.19342985339614,431.4736521887966,445.746826171875,1865638
2017-03-15,448.44707992243826,450.3758845672659,444.10726947157593,445.6020812988281,1372111
2017-03-16,446.5182523031993,453.8477154626711,446.1324972803264,449.21856689453125,885731
2017-03-17,449.3633164851419,451.14743740570117,442.6607079367036,447.0005187988281,1047995
2017-03-20,449.3632930352928,453.26911083489097,445.36099968187756,448.9775085449219,464420
2017-03-21,450.27945981198496,450.27945981198496,443.2393342968392,447.1933898925781,907074
2017-03-22,443.6250569615816,443.6250569615816,426.1693694861966,429.88232421875,2027879
2017-03-23,433.59529137953837,437.8386557249896,430.26809158446923,435.90985107421875,1420121
2017-03-24,436.97069435107045,441.45515922483787,431.0396260063314,432.0040283203125,854519
2017-03-27,430.1234320355602,434.9454436054656,425.06031988715955,432.0040283203125,505757
2017-03-28,433.98106638705167,439.7674806055457,431.90760717833626,437.5011291503906,1419986
2017-03-29,438.8030700683594,440.2978819411575,435.0419067825897,438.8030700683594,502071
2017-03-30,438.80309594932356,445.5539128100824,437.452938463417,441.0212097167969,1328990
2017-03-31,441.0211865385478,450.18300893949873,436.44027533807235,446.2771911621094,942301
2017-04-03,443.1428844482331,444.8305885783406,439.574583943516,442.99822998046875,563933
2017-04-05,460.9843402468861,477.9095903391092,454.23352354870997,474.244873046875,4809506
2017-04-06,472.55716520372425,473.42512145764937,465.85455690436515,470.0497131347656,1996260
2017-04-07,471.5927651082604,474.8235189763309,466.3849981282792,468.12091064453125,1100640
2017-04-10,467.49406317663266,472.55717577421353,465.85456732492577,468.4584655761719,1439403
2017-04-11,469.66395215395477,471.7856491312469,465.1312492621147,469.4228515625,1020639
2017-04-12,467.7351494579027,473.666218147258,456.7409683259619,462.7202453613281,2040706
2017-04-13,460.9843365368754,468.65134721201844,458.1393377501934,466.9154052734375,410747
2017-04-17,467.15645256546026,477.8131152817723,459.39302608333236,464.11859130859375,1888968
2017-04-18,460.4056684142636,467.39758533650627,451.38850070416095,454.4263916015625,921112
2017-04-19,456.45160602426375,457.994655621632,452.3528961665917,455.4389953613281,737073
2017-04-20,457.5124807229345,465.08304525142665,451.72606647408315,462.4309387207031,1055041
2017-04-21,463.877491656205,468.94060357137147,459.5858897841943,462.3344421386719,685339
2017-04-24,459.05551314103286,467.97623477244997,458.3322113871342,465.1794738769531,831740
2017-04-25,466.28857306137974,468.02448565602566,460.16461176884746,466.4332275390625,1815460
2017-04-26,466.96363933437954,472.5571613079842,458.09112575773975,462.7202453613281,1227056
2017-04-27,462.238053512542,466.3367636678965,460.1645942613725,461.2736511230469,986347
2017-04-28,461.5629271034534,464.6007883334528,451.53314949479795,453.5101623535156,681325
2017-05-02,454.66751730242487,469.27820758497506,453.75132326192454,467.83160400390625,1181816
2017-05-03,467.73512724169893,473.0393400248522,463.49176290142094,466.19207763671875,1510792
2017-05-04,465.80631654716814,478.7775394119128,463.3953107679385,475.11279296875,1070973
2017-05-05,478.82579856087756,486.83032682475226,471.9303271868805,473.7144775390625,1348432
2017-05-08,472.6536599026185,477.86142739259896,465.7581880777499,467.30120849609375,635599
2017-05-09,464.74544108244856,467.735093961021,447.77195549782505,450.5205078125,1883022
2017-05-10,451.8225343975938,466.7707719283573,448.78467265661936,465.22772216796875,1731571
2017-05-11,464.9866553956704,485.0944532299156,461.0808370775432,483.310302734375,1951787
2017-05-12,486.7338958217226,488.1322616222136,473.7144636151353,477.3791809082031,1383268
2017-05-15,472.21964209618403,472.5571888315948,455.5837002444595,466.4332275390625,3897357
2017-05-16,468.6994891571036,473.5215003624236,463.6845857310825,470.9176025390625,1308863
2017-05-17,472.5571494307862,472.6535955516087,460.3092278669273,464.600830078125,859054
2017-05-18,461.9487455440874,465.4206000398496,453.31733236738097,454.8603820800781,811219
2017-05-19,458.09112886411066,462.43093955861275,443.9626399338099,454.378173828125,1022479
2017-05-22,457.1267338488695,466.5296571717102,455.39082131560446,464.2633056640625,1725108
2017-05-23,461.6111472915806,468.313754937016,456.11407193221373,461.32183837890625,1651642
2017-05-24,457.36780914949753,461.9005119140853,443.72152194251004,452.4975891113281,1477366
2017-05-25,454.3299699381295,455.0532717276411,444.5894999531283,447.3862609863281,974154
2017-05-26,448.2542094378871,460.9361241380227,446.4218508226266,456.5963134765625,1594613
2017-05-29,455.0050224057068,476.5594210725424,452.30470756586305,453.8959655761719,2314193
2017-05-30,453.26909463086787,454.23349695986974,445.98786881939327,453.0762023925781,1496350
2017-05-31,452.6905069510906,462.9131788707314,450.9063565212808,457.9947204589844,1366115
2017-06-01,459.00732638258404,459.48952757452656,448.7364174492281,453.9442138671875,715073
2017-06-02,455.8730116500961,457.7053702651574,450.3759063736876,454.9568176269531,596655
2017-06-05,492.8096295862085,548.9378614015899,487.023215148797,532.2054443359375,27100101
2017-06-06,527.5280036902445,527.624420365322,502.83933090163646,508.3846435546875,9844354
2017-06-07,509.2044378317335,527.5280823749209,509.2044378317335,517.112548828125,4874204
2017-06-08,515.9552253294411,517.1125198503324,505.44321681980733,510.2652282714844,1883423
2017-06-09,511.08498838351977,511.08498838351977,503.3697703197624,506.74517822265625,1164090
2017-06-12,522.6096573730823,522.6096573730823,495.0277148264499,497.438720703125,4546833
2017-06-13,497.7280811606525,506.1183942525369,493.19540730201527,502.0196838378906,2382953
2017-06-14,501.9714683170366,505.4432935442768,495.7028524783032,503.3216552734375,1167358
2017-06-15,501.48919171369823,505.3468008807267,497.82447477751015,499.2228698730469,855133
2017-06-16,497.63164103008995,502.2607608020656,493.58113915619197,498.0174255371094,667200
2017-06-19,496.90834628790276,499.5604529396092,493.0025282642438,496.8601379394531,782349
2017-06-20,495.70276308359286,511.95291766693975,493.82216689862764,507.95068359375,2299154
2017-06-21,507.6614569086121,510.98859816421356,500.1873381613322,504.4788818359375,1357751
2017-06-22,504.38247680628956,509.9759991934097,498.06565258818523,501.3928527832031,1005512
2017-06-23,502.30890489798855,502.4535887852267,489.578812437787,495.0276794433594,1392507
2017-06-27,491.94165422462197,501.6821240360141,488.4697998106018,497.6316223144531,1386743
2017-06-28,498.01736816550414,498.210201534348,482.7797942616036,489.24127197265625,1545428
2017-06-29,491.84519719140076,500.139033834355,489.62708356479186,491.4594421386719,1911111
2017-06-30,490.83252714125535,506.8897889667125,485.3354226531724,505.78076171875,1156474
2017-07-03,516.9679709732691,517.8841651608501,508.7223410099598,513.4479370117188,1304851
2017-07-04,514.5086437316705,519.8128565536465,507.2756262471578,516.4856567382812,1624088
2017-07-05,520.0538877719769,520.7771894239546,511.3260596106003,512.8690795898438,894627
2017-07-06,513.0620914819751,517.4019024061648,509.300898469363,514.9426879882812,1428440
2017-07-07,514.9426456658563,519.7164490626031,510.1688422691094,513.5442504882812,1724825
2017-07-10,514.026496251128,518.8485084110823,504.5753641901082,517.6430053710938,509531
2017-07-11,517.8841060508615,518.7520917847548,507.56498825463865,509.87957763671875,960330
2017-07-12,513.0620492289712,515.8105723762901,509.44554042331583,511.9047546386719,855127
2017-07-13,506.6970381872467,517.884082342781,506.3112536870763,515.1355590820312,1059461
2017-07-14,518.8485083815968,522.6097014111286,513.1585104881929,514.6533813476562,1131348
2017-07-17,516.4375212122183,519.5718292307798,512.338810726407,514.7498168945312,1312136
2017-07-18,511.13316176797133,517.691084901186,507.9506463068094,508.9632568359375,1387108
2017-07-19,509.9759361273826,516.099926189866,508.7222248812073,514.0746459960938,841355
2017-07-20,512.0976938664044,516.5821887418543,509.59027107607005,510.9403991699219,590904
2017-07-21,512.7727755537442,526.0815171011358,511.4225886284854,523.8634033203125,1146931
2017-07-24,528.4178630837013,530.016803840043,519.018156798963,521.4892578125,1120371
2017-07-25,523.2819916300501,525.8984134173108,518.0007078483771,519.5512084960938,722277
2017-07-26,518.6305268641354,524.250950362387,516.6924457167698,521.2469482421875,817433
2017-07-27,521.2469696382007,522.9912309133191,508.1649213564944,511.1204833984375,1803847
2017-07-28,510.68441935037026,518.436744501799,509.5699989516335,516.64404296875,678345
2017-07-31,517.2739635428528,529.6776738657857,512.4771997877557,527.4004516601562,1113439
2017-08-01,529.5808264048497,532.875588964769,521.4408595777315,522.6521606445312,1346764
2017-08-02,525.12310132954,538.3504694410589,521.8283397785709,535.6856079101562,1469268
2017-08-03,538.592790823735,547.8956167131283,529.7261042090965,540.7731323242188,4333554
2017-08-04,547.5563998879628,597.2681727170002,547.31413972881,592.2776489257812,14943128
2017-08-07,589.1767312553021,599.254777948152,583.4593676062827,595.8146362304688,2467527
2017-08-08,588.4498035687637,596.7350874506703,585.3004221581446,590.5332641601562,1891037
2017-08-09,592.0838018626295,607.9760912336901,587.2385989013968,599.9815063476562,4440491
2017-08-10,597.8012435213923,599.6908256079873,582.9748731965111,591.4539794921875,1378763
2017-08-11,585.3004590809051,598.3825057656604,583.2654976992694,588.2075805664062,1482422
2017-08-14,592.0837686186749,616.9396820724214,592.0837686186749,610.8831787109375,2945005
2017-08-16,613.8872698091263,618.5386532366603,599.6908002113586,608.266845703125,2075867
2017-08-17,610.1078713349967,611.9975121273139,600.0298856852016,602.2586669921875,938044
2017-08-18,602.2587571010268,610.883242445809,597.5104343120036,604.1968383789062,1401428
2017-08-21,604.3421621416808,610.4955459706285,594.0218566349132,596.4444580078125,1009586
2017-08-22,597.9949660806107,607.8307524123821,591.2116814781608,596.056884765625,1367266
2017-08-23,600.7567054416662,600.9989655810374,583.5562355463152,588.692138671875,2030608
2017-08-24,590.1941351829402,595.2331578723433,584.8159719592336,588.0137939453125,1115671
2017-08-28,585.0098798954764,595.8146481665361,581.4728576975143,593.295166015625,1284579
2017-08-29,591.1147380611445,594.7970803379909,580.1161514292071,581.8604125976562,1078030
2017-08-30,589.6127189679262,595.8145428374738,585.3004768047435,592.6651611328125,977962
2017-08-31,591.1146487743614,601.7740932604564,589.1281277674229,597.9948120117188,1816689
2017-09-01,599.7391900224421,600.7566707198855,591.308525830483,594.50634765625,517606
2017-09-04,591.1148244500306,600.8052314082278,587.7231820146616,593.295166015625,539333
2017-09-05,594.0219171488684,622.1240959373141,590.8240948399823,619.0715942382812,3636744
2017-09-06,617.1820195916852,630.8454692301559,615.3892588845779,620.9612426757812,3288264
2017-09-07,622.0272537889296,625.2250762944997,609.768865181101,617.2789306640625,1507721
2017-09-08,625.0311916232095,626.0002322303772,611.4646231228606,613.7903442382812,1688468
2017-09-11,617.2789119995433,618.8293534264088,612.3368281990539,613.3543090820312,738301
2017-09-12,615.2440007735313,620.9128655483299,612.6760191071893,618.151123046875,1102076
2017-09-13,618.247940826013,628.229047790803,608.2668338612231,610.7863159179688,1346590
2017-09-14,610.9800461614807,617.2303693272127,608.8965853910568,613.9356079101562,703116
2017-09-15,610.3986383538082,613.5964601943234,603.3730946856973,612.5789794921875,1067596
2017-09-18,615.4376603517799,630.360909224537,608.5090555609274,626.0971069335938,1409213
2017-09-19,633.8009958432164,633.9463755921778,620.1859871726751,621.68798828125,1232251
2017-09-20,620.1859985464963,625.9033618788152,608.8966516334863,611.2708129882812,1305505
2017-09-21,612.0459918477031,618.4416950081426,596.8321024265765,599.4000244140625,1388073
2017-09-22,598.431068827589,598.431068827589,581.4244164748108,583.6531982421875,982598
2017-09-25,585.0098747714108,592.5199400982334,566.6949821226169,583.5078735351562,1003871
2017-09-26,588.1108379130652,588.1108379130652,569.8443848137654,573.9143676757812,824136
2017-09-27,583.6531974821652,584.3315377962791,567.9062862231443,571.7340087890625,1073002
2017-09-28,572.7029966760149,572.7029966760149,553.3221846057605,557.8282470703125,1802129
2017-09-29,563.8361546742897,568.9721163074007,546.1996660353136,566.4525756835938,3138820
2017-10-03,569.7959111682895,583.1686605196601,569.7959111682895,581.4728393554688,1797702
2017-10-04,584.7675504415375,589.6611935465456,580.1161674817827,582.2965087890625,1262109
2017-10-05,584.23457180033,585.0582326103847,575.9007875752009,577.305908203125,656926
2017-10-06,581.3758990180066,586.2211018448164,576.4822559920373,578.1295776367188,911164
2017-10-09,600.8053074184631,610.8833555882217,593.5859414921458,597.0745239257812,2467158
2017-10-10,600.5629123726002,602.0649134747983,594.7002285666074,596.7836303710938,784162
2017-10-11,600.1752103365488,604.3905720011177,588.7889844554824,591.6961059570312,1166347
2017-10-12,595.9599715309598,607.1039384782868,589.031307553317,604.1483764648438,2285154
2017-10-13,605.6504576342905,613.8873038581169,601.7742947054311,605.7958374023438,1652696
2017-10-16,602.7916327261566,611.4645570522816,602.7916327261566,608.0244750976562,730725
2017-10-17,611.3677803579922,612.3852612290485,604.6813760986817,606.377197265625,707951
2017-10-18,606.4256379527909,607.2977982118473,592.0838479014722,593.925048828125,789926
2017-10-19,594.9909038060013,595.8630639681683,582.3933765267211,588.1591796875,162721
2017-10-23,582.8778963912919,589.1282198275887,576.4822523584321,585.3489379882812,930435
2017-10-24,585.300466094897,592.519829699513,581.521184460241,587.2869873046875,538189
2017-10-25,591.1147235704084,594.2641052943491,571.1040129585383,572.460693359375,1096069
2017-10-26,568.8268433785653,580.0192506994092,564.0785206870337,566.5496215820312,1708870
2017-10-27,567.954747991882,573.7689923698049,565.5321461677474,571.782470703125,1201819
2017-10-30,570.9587769584598,602.743299237026,570.9587769584598,599.1578369140625,1375701
2017-10-31,604.6812416986422,619.7013686959643,602.0648206506469,615.5829467773438,1884635
2017-11-01,620.1858850566656,623.2383861178929,614.85616260696,617.71484375,966894
2017-11-02,615.3892518762941,641.311089218424,615.3892518762941,634.8670043945312,1680690
2017-11-03,643.443007827302,647.3191705250568,631.8145197340375,639.3245849609375,2416963
2017-11-06,703.2328352303483,799.1194226079665,703.2328352303483,759.4371948242188,21820434
2017-11-07,753.9136881258927,755.6579496112123,725.3269865838441,730.462890625,5830428
2017-11-08,734.0966698799778,737.8759517504124,716.0725389876186,720.287841796875,2994196
2017-11-09,717.2838106558584,755.5609115119198,717.2838106558584,753.816650390625,5216016
2017-11-10,745.3376674709189,767.3833430826187,742.8665664045963,757.8382568359375,3225337
2017-11-13,755.8515684942752,766.0749336492892,738.6995403031824,741.412841796875,1082635
2017-11-14,741.31611954819,759.1949319075798,734.1936942146723,750.3281860351562,1514814
2017-11-15,721.9353341592731,754.3981981785156,721.9353341592731,747.1788330078125,1512882
2017-11-16,747.3240350143642,753.574357981367,742.188132265046,744.5137939453125,794968
2017-11-17,754.3012792530119,773.2944526781146,750.5219969914783,761.9566650390625,2404092
2017-11-20,766.6080486468929,768.8368894992966,753.913639556791,759.679443359375,1244897
2017-11-21,764.5730861648434,794.0803863003149,763.8463056646867,790.2042236328125,4969028
2017-11-22,794.6132458632479,801.3965296693975,785.068220165668,787.975341796875,4216518
2017-11-23,789.7681364685161,795.0978600888558,769.8543627707202,780.9498901367188,1689989
2017-11-24,781.9673322311536,806.047967736441,772.08310617799,803.6253662109375,2744733
2017-11-27,812.928245755234,812.928245755234,799.7492570905063,806.8232421875,3544024
2017-11-28,806.2417207124872,807.2107612421897,789.7680317075445,792.7720336914062,1748906
2017-11-29,794.6132343560571,802.8016386611513,787.8299506481395,792.7720336914062,1660305
2017-11-30,786.8609595480551,797.4235256435556,783.0816775865895,793.54736328125,2808579
2017-12-01,795.5823980294115,800.1369010530868,773.778982736279,780.3200073242188,1562677
2017-12-04,780.2230614088285,788.6536672979203,773.294397472505,779.6416015625,1291369
2017-12-05,783.7115521242252,784.9228528230262,762.2472800832554,768.0615234375,1136767
2017-12-06,766.4626076719003,770.7263504533779,746.161197040205,749.6497192382812,1742133
2017-12-07,751.0065464514452,782.0158490146016,749.6498658060867,775.81396484375,2085106
2017-12-08,770.6294963800008,795.9214310437183,770.6294963800008,785.8434448242188,2844071
2017-12-11,787.8300171591652,799.4100642958414,785.8919359361414,795.1947021484375,1788914
2017-12-12,794.8555648972756,805.8541522254445,788.9928810023632,796.9390258789062,2325014
2017-12-13,796.0669281649872,818.1126038993187,786.7156618326441,793.5958862304688,3127944
2017-12-14,794.6132722769909,802.3655968845712,780.1745440371551,790.9793701171875,3020320
2017-12-15,800.6697854678503,810.1179311965178,793.159720914294,807.0654296875,2015120
2017-12-18,804.3037167875673,820.1475073094414,777.1705793537698,814.0910034179688,1698653
2017-12-19,818.8392955923528,844.0343508413482,816.9980948197856,841.4663696289062,3308280
2017-12-20,842.4354057765637,845.0033869754749,834.6346409254515,836.2335815429688,1105619
2017-12-21,836.1852287066936,839.6253113009491,828.4813434506102,831.8729858398438,897152
2017-12-22,832.4059097646992,841.708676250533,827.4638261588901,830.3224487304688,1381784
2017-12-26,830.4677775712648,837.1541812355985,826.1555351585014,828.3358764648438,1467917
2017-12-27,829.8864615320066,833.5688042847748,815.9322520898279,822.7639770507812,735296
2017-12-28,823.5392094451213,829.8379739508242,814.5755830331592,825.3319702148438,980277
2017-12-29,828.0452532836223,837.0088794894427,825.0412508620534,831.582275390625,1245513
2018-01-01,831.1461178334515,835.3614207009645,824.7019743140602,826.0586547851562,472607
2018-01-02,827.6576695227551,831.8730322145561,814.5756195778503,818.9848022460938,1181949
2018-01-03,837.1541109573786,842.4838337032351,826.5915458573751,829.7893676757812,2606556
2018-01-04,837.6386914417311,869.6654704157752,826.6884856963826,865.25634765625,3028931
2018-01-05,867.29146618225,885.6548001165602,865.8379050657434,881.536376953125,4036882
2018-01-08,882.795977545178,901.2077487563288,878.6775550374205,897.428466796875,2112170
2018-01-09,896.3625219350712,909.4445695525019,888.8524575621017,904.06640625,2419079
2018-01-10,903.6303172790558,906.4405585459688,883.6681055099818,889.1915893554688,1605433
2018-01-11,888.5133429368869,889.2885635817917,875.3343553913319,878.8229370117188,1597329
2018-01-12,877.9508710881162,888.9979586871801,864.8203814787671,875.8189697265625,1874518
2018-01-15,880.857907630428,893.3585550602988,869.90776065181,889.821533203125,2195562
2018-01-16,898.300585921014,898.7851061938948,855.275162030982,861.8646850585938,2383484
2018-01-17,865.159433927099,867.8242955711734,835.7975156414979,865.4501342773438,2553841
2018-01-18,869.9561669245597,875.6250305696107,847.9104940785182,858.424560546875,1285534
2018-01-19,851.883630580107,869.7624427967689,851.883630580107,863.851318359375,1483177
2018-01-22,862.4461642750412,883.765058223413,859.6359227781736,881.584716796875,1495629
2018-01-23,882.5052369087953,886.3813990920816,870.4891104823917,877.6600341796875,1747166
2018-01-24,877.66009026847,881.1001725968741,853.7247754279308,859.442138671875,1109233
2018-01-25,854.693859080238,877.2724945488262,849.6063956333318,856.7288208007812,3104669
2018-01-29,859.9266174899612,873.5900657418499,853.2402139608417,868.4541625976562,1151570
2018-01-30,871.4098344087919,883.3774631886578,851.1568604707347,856.77734375,2101888
2018-01-31,855.6628808327426,857.552521900384,832.7935455015471,842.6292724609375,1431670
2018-02-01,850.333220003314,851.883661475584,787.5878342537817,805.2728271484375,6097492
2018-02-02,784.9228111655287,823.4421713430963,759.8731377019801,796.7451171875,8088986
2018-02-05,784.9228669437377,791.4638908349356,770.5810782410348,777.4612426757812,3079541
2018-02-06,741.3160868437483,763.9916613936581,729.3968988451738,758.419677734375,3188895
2018-02-07,760.6968529958202,776.201502228856,755.8516501104965,759.388671875,2686877
2018-02-08,760.7937200915393,783.8569327388151,756.6268575121342,775.959228515625,2219546
2018-02-09,765.6389469755837,779.1086348431543,758.8072226409558,772.1315307617188,1564899
2018-02-12,778.1395747040374,787.6361604242434,771.8892512225739,784.0022583007812,2067452
2018-02-14,788.7990011147148,800.3306072216598,784.0506788011396,788.50830078125,2154852
2018-02-15,797.2297462091349,797.8111469348082,775.2325118561084,789.6227416992188,2225089
2018-02-16,794.6133055878703,801.2997095004254,773.9243120823068,778.3334350585938,1698333
2018-02-19,780.0776614368281,783.9538237296819,765.5420528386263,779.0601806640625,1699508
2018-02-20,779.0601726773714,811.9591116298066,772.9552289578212,806.4840087890625,3881439
2018-02-21,812.0075098075826,815.4475918000912,793.4019201263515,797.4234619140625,2067029
2018-02-22,799.4583549849484,810.1177997180811,788.8473504442231,792.1905517578125,3244314
2018-02-23,796.7451219588821,798.1017431903396,785.1650759944656,788.9927978515625,2446637
2018-02-26,794.5648309444227,797.8595334106211,780.0776625255538,794.3225708007812,2438241
2018-02-27,799.4585337108323,809.8272804620095,793.8865499910295,797.1328125,2089446
2018-02-28,794.4195313259564,800.3307149143419,785.3105844936252,790.882568359375,1583674
2018-03-01,788.799102959497,796.8421286667065,782.9848589573385,785.1167602539062,975986
2018-03-05,784.9229156709815,789.6227391004225,776.2015499413039,783.8569946289062,1262568
2018-03-06,787.3455143299041,797.7142609323425,774.3119059866567,782.6456909179688,1358775
2018-03-07,781.0467556950292,794.7102050582744,775.4263318131818,789.6227416992188,1826249
2018-03-08,794.6133642731386,796.842146026746,783.0333162207799,792.3845825195312,1109489
2018-03-09,794.6132490182289,801.9779335216447,790.2525665541044,793.7410888671875,1061685
2018-03-12,798.4895565907296,805.8542424350447,796.9391150905218,803.431640625,1033715
2018-03-13,810.1179481900044,833.3749227791911,804.3037045427078,825.5741577148438,2754435
2018-03-14,824.6535848452177,840.9818959750623,823.6361040020739,838.2201538085938,1889040
2018-03-15,838.1232907144849,848.6373582200539,833.3749678210064,845.4879760742188,2486538
2018-03-16,851.7866705188637,856.0504727325794,835.4098610452098,852.0289306640625,2538310
2018-03-19,852.4650601206306,864.238868371784,837.2511102920023,842.0963134765625,2536517
2018-03-20,840.1582264398346,852.7557546332807,833.4718224327869,844.7611694335938,1985478
2018-03-21,847.9105893914356,857.3102957543704,842.6777460958289,845.2457275390625,1859947
2018-03-22,845.9724917837553,864.3842642280753,845.2457112925322,860.072021484375,3186401
2018-03-23,847.0384297932076,872.1366069171542,845.827128950267,867.33984375,4132765
2018-03-26,868.6964925401994,920.3947869654618,868.6964925401994,909.9776000976562,5918775
2018-03-27,919.0864992747388,920.1039799985518,903.484911309293,913.2238159179688,2756923
2018-03-28,909.1539102902626,934.1551461485313,889.5792781787882,913.126953125,11431588
2018-04-02,913.9022971517744,919.1351407997888,897.622424568195,914.871337890625,2764385
2018-04-03,915.6465617739359,922.2360265658302,895.9265484575717,903.0974731445312,2454365
2018-04-04,910.6074893395416,910.6074893395416,874.0746458597531,876.3518676757812,2930774
2018-04-05,886.6721526772512,895.3935181134209,874.7045248758363,891.5657958984375,4148653
2018-04-06,893.4554718897823,916.7124472968916,879.9373431052907,911.1889038085938,2819200
2018-04-09,920.5885684805351,941.7136416965585,917.7298868861445,930.9088745117188,5116819
2018-04-10,934.978710177379,938.9033715499163,923.5924842121323,932.459228515625,2434826
2018-04-11,937.0623010144623,951.0165099204662,928.4378156405984,949.6113891601562,3452488
2018-04-12,951.8400945796366,962.2572806491006,941.2775287672654,945.83203125,4379096
2018-04-13,955.5225207746008,964.0016264591832,950.1443569980609,956.5885009765625,3311755
2018-04-16,955.4739489129828,961.1913116164183,943.1671225289106,950.1442260742188,2247785
2018-04-17,954.5050768207241,968.071646440511,943.942509672813,966.7149658203125,2983704
2018-04-18,968.7498389804897,968.7498389804897,944.9114062260611,946.8494873046875,2621345
2018-04-19,948.2062130489865,952.5668956843675,919.8133357188358,923.25341796875,3347181
2018-04-20,920.58858679891,935.5118359694474,917.7299051476358,926.935791015625,2201052
2018-04-23,930.2790135978555,943.0703618639354,919.2319266531623,933.1376953125,2295872
2018-04-24,936.0932428350235,941.2291463133943,924.7070155024028,932.1686401367188,1473491
2018-04-25,931.9746991691189,938.0312022830332,925.530556197699,931.1025390625,1385599
2018-04-26,933.670619671464,942.3435448851703,925.4337745576006,939.48486328125,1859223
2018-04-27,941.9075026679285,947.7217465115577,933.7675376286289,939.9694213867188,1049687
2018-04-30,940.4539057433908,954.4081140927008,938.0313042345207,951.404052734375,1083840
2018-05-02,951.5493564115149,954.9409982527883,930.6665449036394,934.6395874023438,1027474
2018-05-03,934.9303307910357,947.4794180108271,921.5575827443586,929.6490478515625,1585290
2018-05-04,931.2479854448253,936.0931882827276,922.8657608770374,928.437744140625,958663
2018-05-07,932.2170602755467,950.5319513341885,927.6625576114117,938.951904296875,1987395
2018-05-08,948.6423614620223,948.6423614620223,933.1861511788089,938.1282348632812,1979745
2018-05-09,944.7177831237309,964.7768778946194,940.9385008113768,955.1834106445312,4201827
2018-05-10,960.7068790523748,963.0809812171934,935.6571439363017,942.973388671875,3434978
2018-05-11,959.3501723674203,961.1428737787786,922.5266303977618,926.4512329101562,5712581
2018-05-14,930.278957201087,932.2170383619226,888.6586524430339,891.517333984375,3754208
2018-05-15,896.3625751171664,915.2104270392798,881.100185324631,902.1768188476562,3154028
2018-05-16,899.2697029528521,910.4136701769446,887.4958356622229,902.3222045898438,1923381
2018-05-17,906.87663070735,919.6195383800011,898.9789852275569,907.5065307617188,2895005
2018-05-18,907.9910498222062,916.5670355459802,901.4984659185948,910.8497314453125,2574768
2018-05-21,911.4795848045053,915.2588668860753,884.4918271575069,886.9144287109375,1233987
2018-05-22,886.6721322573467,902.0314018191063,876.061126058601,885.8969116210938,2086584
2018-05-23,885.8969535968853,894.4244992908087,879.9857702810918,891.6142578125,1938630
2018-05-24,894.4245416185506,898.1068843486504,885.6547353527005,892.7771606445312,1209456
2018-05-25,894.7635880132046,909.541456728198,886.7690032985361,895.7811279296875,1700500
2018-05-28,899.2697464724913,906.6344319448654,889.094819384171,900.1419067382812,1139544
2018-05-29,900.2387106651944,901.6922715543201,883.7650205884363,886.1876220703125,999806
2018-05-30,877.950805636025,890.5483337522152,869.4232599710978,885.3154907226562,1911011
2018-05-31,890.2576509273595,895.3935545083086,862.5915523871917,872.2334594726562,4903734
2018-06-01,879.4042785644532,884.1041014638544,870.1983935546875,872.136474609375,1392273
2018-06-04,877.9508377951813,879.8404789109362,854.306222037401,857.9401245117188,1529852
2018-06-05,857.6009294835725,859.0060501801968,831.6306532786025,837.20263671875,2948255
2018-06-06,833.471793687031,876.0126995466861,826.8823294576027,871.6035766601562,2854320
2018-06-07,874.1714967806988,878.6291190034416,856.8257056236881,859.6843872070312,2875636
2018-06-08,859.6843903408153,870.1984571729388,853.1433663030455,868.2603759765625,1672490
2018-06-11,869.2294282768822,885.7031186678599,868.2603876656483,875.3828125,2032601
2018-06-12,875.4798002434943,882.7960454319602,873.2025191944034,876.6911010742188,1426736
2018-06-13,878.6290831893517,898.1067746897772,876.9817024164776,889.724609375,2933810
2018-06-14,889.7246463628508,892.8255289518283,875.2859178325544,877.2239990234375,2004165
2018-06-15,882.6021610345847,888.5133441442964,870.6829735595395,875.479736328125,2364375
2018-06-18,876.0126584886222,877.223959177904,864.0934715351972,869.90771484375,1309586
2018-06-19,868.2603961614172,868.6964762698485,858.5699899542586,861.4771118164062,1833168
2018-06-20,864.3842509986104,869.2294541992752,853.2402836370811,860.8472290039062,1850681
2018-06-21,866.3223086301207,867.0975292919558,839.1891714470744,841.514892578125,1274479
2018-06-22,843.7436871491986,854.4515742660949,832.4058999654953,850.381591796875,2183928
2018-06-25,850.8177293848108,857.8917146223399,835.3130782798485,837.2511596679688,1217765
2018-06-26,837.154218564535,847.4260255186641,835.3130177210845,845.1488037109375,1801638
2018-06-27,845.0034792810337,852.2712844354004,840.1582758447893,842.7262573242188,2037781
2018-06-28,841.1272513168517,841.1272513168517,804.3037080564364,810.4570922851562,9824968
2018-06-29,800.4759926872839,854.5000072769443,800.4759926872839,851.3021850585938,4960179
2018-07-02,855.7597974789876,878.8230128885823,843.210768038857,869.6171264648438,3353006
2018-07-03,862.6399971948855,874.8498857087725,856.4381133857555,865.547119140625,2770123
2018-07-04,865.5956119126472,871.5067365697553,855.1784243077651,859.10302734375,1104449
2018-07-05,842.6776265203152,843.792046795028,807.4530266918829,812.0559692382812,6128988
2018-07-06,812.0560037360444,822.2309297971763,787.8299893047782,803.9645385742188,6884175
2018-07-09,809.051949136205,810.4085703690506,792.3360002626928,796.3574829101562,4098360
2018-07-10,797.5204035582944,813.9940935467404,796.9390028639785,807.0654296875,2670508
2018-07-11,807.3561880129623,807.3561880129623,780.659072547967,784.4383544921875,2909483
2018-07-12,791.076283822467,797.7626877362333,779.1086558638707,783.4208984375,2832418
2018-07-13,787.8300785495596,815.9322584732216,774.8934090360248,812.7344360351562,4995028
2018-07-16,813.0250575307006,817.9671408968055,790.8340042926819,805.466552734375,3256321
2018-07-17,805.6604921170241,828.7236498204123,800.4276484808411,818.9848022460938,2849218
2018-07-18,821.7464585797275,829.5956640659614,812.1529326338446,820.002197265625,2660188
2018-07-19,825.5256310662705,847.7166231756657,820.8257491228737,842.9198608398438,3924410
2018-07-20,842.0962989173283,849.460983972311,830.8554513817135,833.7625732421875,2048572
2018-07-23,836.0497171238173,842.8626950282023,822.6184297074917,835.806396484375,1334621
2018-07-24,836.0498055077773,847.6318929314266,828.75018555282,838.6290283203125,2015425
2018-07-25,844.809250445446,848.3130438514111,830.2100122465039,842.765380859375,1453640
2018-07-26,846.7072109829279,846.7072109829279,827.7768525044913,831.6699829101562,1167616
2018-07-27,836.9743867451482,870.6012888145566,829.4314465681634,860.4791259765625,3210162
2018-07-30,859.2138113420547,878.8741304602621,857.267246269053,868.2166748046875,2418684
2018-07-31,869.141310757026,889.5802441566872,862.717669736056,887.9743041992188,2165312
2018-08-01,890.5535080761221,895.9065619498036,881.1126557271025,892.8406982421875,1818993
2018-08-02,890.5535461458899,908.6565780762545,884.9571714023501,896.8798828125,2313020
2018-08-03,905.1528591338226,916.8322508645816,878.0956135051226,894.6414184570312,9358217
2018-08-06,903.8875858639739,914.00968952293,872.791194109324,877.560302734375,3763151
2018-08-07,880.4800951431289,907.0020450078741,874.6890520073673,902.4762573242188,4450696
2018-08-08,904.2767743535061,911.4790888332428,896.3932096267129,910.0191650390625,2163746
2018-08-09,909.824530040353,909.824530040353,885.0058246285091,890.8455200195312,2536080
2018-08-10,890.5535555815295,907.0993593464323,888.6069904327175,895.5172729492188,2105317
2018-08-13,890.5537150778911,899.3132598163621,886.2225949651986,889.2398071289062,1316517
2018-08-14,889.7749752011089,902.2329807458343,889.6289590476199,900.870361328125,1404450
2018-08-16,899.3130672321372,904.1794799336097,892.5000894500755,894.8846435546875,1196749
2018-08-17,900.1890463662781,919.7520016880203,896.9285142096865,916.3941650390625,2697290
2018-08-20,916.8321474951582,918.292071296902,889.7262526712274,897.0745239257812,2529831
2018-08-21,899.9457315374655,903.1575520641451,881.5993198697341,891.8187866210938,2531200
2018-08-23,900.2864164486361,901.6490358677463,882.8646339253071,887.5364379882812,1571386
2018-08-24,888.0230820151133,891.429571168869,858.9219080541038,861.6957397460938,3218302
2018-08-27,870.1145641292512,875.9542591905214,863.3988910470106,867.097412109375,1789147
2018-08-28,871.0877766361981,873.7643033241864,848.2642917250087,864.5667724609375,3563757
2018-08-29,864.2749485871446,871.6718725835408,853.0821986899012,859.2138671875,1863018
2018-08-30,860.8198109919396,867.1948001672725,852.5955611072173,854.8827514648438,1758855
2018-08-31,857.462056649985,870.8933459969812,853.6662303672754,868.0708618164062,1677232
2018-09-03,872.8884911269839,896.7339152389031,867.3408277347149,888.3637084960938,4972521
2018-09-04,892.5001003972516,903.5955452544838,853.6661028013916,857.3646240234375,3880086
2018-09-05,851.7195650680006,858.8245754511888,828.8961360082499,840.81884765625,2990706
2018-09-06,847.7290474123812,859.8950785176105,835.173679550005,843.98193359375,2399973
2018-09-07,847.7290668133189,852.5954793667823,838.0448939510369,844.27392578125,1297983
2018-09-10,840.9161119789974,844.8092421270484,827.2901564608192,834.638427734375,1576682
2018-09-11,837.0229954738426,837.8989735332125,794.003894755808,798.8216552734375,4918816
2018-09-12,795.1718526793247,815.9514116038391,769.0392396670059,804.369384765625,6728840
2018-09-14,815.6107537487076,829.2367090619318,807.0945316779424,820.0878295898438,3329172
2018-09-17,812.4961951783456,815.6107109674641,794.8798062092045,801.449462890625,2843632
2018-09-18,797.1184487466743,821.4018614776626,796.7778235987357,802.86083984375,3331397
2018-09-19,790.7919865713759,807.6297609891757,765.0973062613091,801.5953979492188,5347338
2018-09-21,811.9123528147762,814.2969070539604,758.3818100775865,779.2100219726562,4259892
2018-09-24,780.3779413805748,783.4924574401093,752.6880407864282,769.9638061523438,3244812
2018-09-25,769.8664408885389,792.5439107683358,757.3597847951756,775.5601196289062,3150095
2018-09-26,790.3054138639778,798.0916740990909,780.7186047112754,792.9332885742188,4080359
2018-09-27,811.328338478763,821.1098759741567,793.7119474654083,799.5029907226562,7668506
2018-09-28,801.1087986597008,808.9437702757069,773.1269269009624,784.0763549804688,3145969
2018-10-01,778.6260347522384,792.6413271395595,761.106948970313,788.1155395507812,2445752
2018-10-03,789.8186894411408,791.2786130815126,770.0610680556648,773.2728881835938,3478716
2018-10-04,764.026842109275,776.1928746269386,739.9867499734806,755.9486083984375,4579535
2018-10-05,767.1900194917985,793.9066390923851,763.0535683876562,770.9371337890625,7398167
2018-10-08,770.8397982985178,797.1184277859674,754.0020216559689,791.8140258789062,3961739
2018-10-09,797.0697666237987,799.0163317492469,712.7348088019735,729.4752807617188,8683946
2018-10-10,726.0688312171822,775.0735871494815,720.2291355237463,767.4819946289062,7285084
2018-10-11,743.5878493261528,776.6794551862172,734.3903175812152,758.0897827148438,3766505
2018-10-12,763.0534791212999,788.1155034674396,756.3378061172536,783.638427734375,4322158
2018-10-15,783.6872237077389,790.3055340330347,767.6767117839362,785.6337890625,2234430
2018-10-16,789.3321468397778,797.7510646461508,786.4122991942546,788.9428100585938,2347048
2018-10-17,795.2690682965716,801.303431383876,771.3749959649625,778.7232666015625,2975579
2018-10-19,788.3588980117026,788.3588980117026,761.5936267829103,767.6279907226562,2892515
2018-10-22,772.2023326836489,774.6355388499014,752.5420149794398,754.0992431640625,2766247
2018-10-23,751.2768399870622,765.9733830409327,745.6804652062676,757.4085083007812,2239883
2018-10-24,764.367544648712,773.5650780441892,751.6175650410723,770.4505615234375,2060580
2018-10-25,764.0267258775177,774.7328328643365,757.0190803325289,770.1097412109375,1681346
2018-10-26,768.8932365121688,798.0917138480739,765.6327636381077,785.3417358398438,3738778
2018-10-29,791.2787542340266,812.155677896369,786.0717160829527,807.5812377929688,2473393
2018-10-30,806.8512943274711,818.9200226123669,797.5078049100697,808.3112182617188,1876874
2018-10-31,815.1241414356458,825.2463037895831,796.6317728538222,822.034423828125,2435865
2018-11-01,822.0343478775641,839.8454645474635,812.1069142375875,831.6212158203125,2485725
2018-11-02,837.0230778760942,860.3818614447295,834.9792080756221,847.7291870117188,3078543
2018-11-05,846.755813656851,849.0917155252715,833.6651515533346,840.6241455078125,1903690
2018-11-06,845.7825594880909,854.1527658892524,817.752033148893,823.640380859375,2504504
2018-11-07,832.1566764482774,833.0813068585562,824.9543609839003,827.436279296875,331169
2018-11-09,832.1565322556373,841.8893571942997,821.4504248231086,825.0029296875,3528039
2018-11-12,834.1031279605206,877.4142005325663,820.6718409314282,870.8445434570312,13985301
2018-11-13,865.4429450774882,875.6137606604766,855.6127546605376,873.5211791992188,4432001
2018-11-14,873.0831286966445,873.5211177396333,859.4085202942575,868.3627319335938,2606605
2018-11-15,868.4114611238596,899.3131858542406,865.2482924506709,896.1986694335938,4711756
2018-11-16,896.3933225874536,903.8876108895433,888.3150884558851,896.7339477539062,2769698
2018-11-19,897.3665328430542,902.2329457109666,890.6022070757651,895.9552612304688,2104102
2018-11-20,894.4466572609833,900.4810209101197,884.5678156850578,890.9915161132812,1540046
2018-11-21,892.9867872438466,905.0555152691969,885.2491786778453,901.7949829101562,1855760
2018-11-22,904.179564196654,908.4620315348259,887.4390910626059,891.2835693359375,1617491
2018-11-26,888.7043186257206,895.906633630157,868.7520253183678,891.9161987304688,2116814
2018-11-27,889.5802805240705,893.4734108545916,881.7940198630283,889.8722534179688,1126278
2018-11-28,891.5268121198446,906.12605030958,890.5535295738622,898.2911376953125,2434110
2018-11-29,904.2281921305221,908.9486484065903,888.6070182039937,906.5154418945312,1991914
2018-11-30,905.1040910189533,906.1260257836839,893.4733530283801,902.3302001953125,2738673
2018-12-03,907.6346823207527,914.6909812140688,895.9066387996496,911.23583984375,2044427
2018-12-04,910.0191846487925,915.03161354527,896.8798702180345,899.118408203125,1424621
2018-12-05,896.3932309574292,900.919018588865,877.4628734281977,895.6632690429688,3020688
2018-12-06,888.6070191069857,895.4199973476746,877.9009104430462,881.5507202148438,1425935
2018-12-07,886.6604201850445,896.8312349099898,869.4333068362336,892.1107788085938,2750589
2018-12-10,880.8206934282945,891.5268013042186,874.0077156890701,882.8645629882812,1508069
2018-12-11,874.981064156408,911.9171509925113,870.2606672717404,908.2186889648438,2792386
2018-12-12,912.4524589334379,913.0364047453726,896.3932956562094,905.1041870117188,3256275
2018-12-13,907.1966413973499,935.5678515011422,899.5563971390696,918.9247436523438,4821052
2018-12-14,918.4381391553792,926.2730521183587,903.6442319171176,906.6127319335938,2558651
2018-12-17,906.8561376615893,912.1605401518248,900.6758164014781,910.311279296875,2284630
2018-12-18,907.5859905541391,913.66900657662,905.9313983151336,908.0726318359375,2222788
2018-12-19,908.1700956344604,916.3943466203776,902.7197360840404,904.3743286132812,2237859
2018-12-20,903.2061661215268,908.0725786545091,897.5611394641572,901.9895629882812,1630740
2018-12-21,903.0601092338995,903.0601092338995,873.2776896377351,876.0028686523438,2972085
2018-12-24,876.0516235458107,878.6794983838513,850.6489720551447,856.3426513671875,2554749
2018-12-26,855.5153841676121,875.9543182603536,845.0039442293786,865.3942260742188,3840772
2018-12-27,872.0612121437988,873.813108948018,857.9486144026324,863.934326171875,2160188
2018-12-28,879.8474553724662,901.0163515609078,874.7863740580169,898.0478515625,8067914
2018-12-31,901.2597463507401,914.3990623072574,895.760675540488,906.1261596679688,4917511
2019-01-01,906.8561087641223,909.2406631365321,898.3398855801286,903.206298828125,2064502
2019-01-02,898.6317750364566,911.9657579785057,898.6317750364566,907.245361328125,2672587
2019-01-03,910.9924841944052,919.7033750641206,903.206223645735,906.3207397460938,3292918
2019-01-04,909.0459325290195,913.8150409475381,895.6146447644068,903.6442260742188,2340304
2019-01-07,924.6184357142788,938.2443916090156,909.1432191863322,918.827392578125,5337211
2019-01-08,918.9733640671826,924.6183907826497,913.4742940865373,920.8712768554688,2039160
2019-01-09,923.6452068268425,929.8255277050497,920.0927015003411,927.4896850585938,2115974
2019-01-10,925.00781973225,943.5001893907506,923.2072112544065,940.872314453125,2450895
2019-01-11,939.4610876537514,943.5975389591422,931.2368372950826,933.6700439453125,1535995
2019-01-14,932.404732121002,935.665205073839,923.6451887085917,931.9180908203125,864306
2019-01-15,930.4580803570107,944.7653451471559,929.5821023354803,942.429443359375,1452136
2019-01-16,939.5095995876741,944.4733760554657,933.669904499296,935.5191650390625,1118736
2019-01-17,935.6652559046638,939.217761354472,926.1270977738728,935.8599243164062,1303576
2019-01-18,935.8599468213733,939.2177839401862,928.5603267389366,935.2760009765625,1168989
2019-01-21,934.4486093550216,939.9963321084946,931.431457028207,937.02783203125,1035360
2019-01-22,936.4438259590589,960.0459277137583,933.0859892924483,956.3961181640625,2797244
2019-01-23,961.019232526941,961.019232526941,932.015364443117,936.44384765625,1574247
2019-01-24,934.5459370565057,946.3226324101428,930.360833879851,943.7434692382812,1246903
2019-01-25,946.0307265205618,957.7101182060009,943.2568947570533,951.8704223632812,1985833
2019-01-28,951.870347362707,954.9848634476475,929.6795167897432,933.037353515625,1499181
2019-01-29,929.6795246508913,944.0840948355324,919.7520305356475,940.2882690429688,1411027
2019-01-30,940.2882500992856,948.901836330582,934.3999025382349,943.0134887695312,1468812
2019-01-31,942.3321882390287,973.2825618241459,940.6775960030369,969.1947631835938,2306391
2019-02-01,976.2024472540336,978.1490124529448,958.7806649619948,965.058349609375,3424938
2019-02-04,997.614581568079,1021.9466445331541,982.090713515471,998.3445434570312,9556052
2019-02-05,999.5125759514693,1045.3055724350643,992.7483090165415,1038.2005615234375,7144200
2019-02-06,1037.5192715593762,1043.358967271718,1022.4333909691602,1030.7550048828125,2449722
2019-02-07,1031.4850335919828,1038.5413330343265,1021.9468157877288,1028.565185546875,1293109
2019-02-08,1030.2197194347295,1048.0794328969673,1019.610914433608,1025.1099853515625,2576054
2019-02-11,1030.7061699238586,1035.0859411841582,1017.2748238687132,1028.1756591796875,1057548
2019-02-12,1029.7329917845107,1045.2568017457882,1022.0440354753771,1037.7625732421875,3075801
2019-02-14,1035.5239315745098,1035.5239315745098,1002.9676774853739,1014.4037475585938,2182379
2019-02-15,1007.3474702660687,1023.8932741255113,989.6337154297745,1011.2406005859375,2566210
2019-02-18,1012.3111468276085,1012.8464997485588,994.0134469432065,999.9017944335938,1023065
2019-02-19,1002.9189926055071,1021.752105680193,997.9066823378064,1001.3131713867188,1551617
2019-02-20,1002.4810656563938,1016.4963586856048,1000.047859186354,1005.1575927734375,1506583
2019-02-21,1012.1165837676833,1017.0803011887365,1003.6976656467795,1014.6470947265625,1220939
2019-02-22,1007.834118149205,1016.1070201330468,1002.7730962238302,1013.7711181640625,1298608
2019-02-25,1010.2673151413067,1026.8131189538328,1007.9314131942272,1015.1337280273438,1691809
2019-02-26,1011.2407507944533,1014.0632944573973,988.9039003854253,1010.6080932617188,1906268
2019-02-27,1015.0363923186305,1019.1728431445646,986.8598506940247,989.098388671875,1897310
2019-02-28,990.8016780025048,1006.1795904695261,975.2778087894527,997.8092651367188,5080712
2019-03-01,1004.3303124744815,1008.3207472684921,989.9256828470827,994.0621337890625,1967656
2019-03-05,996.2519675765349,1012.1651130785114,989.0497125432544,1007.347412109375,1577329
2019-03-06,1010.2672964837691,1032.5554908519841,1000.8265031827722,1027.7376708984375,2758056
2019-03-07,1040.4390964761428,1040.4390964761428,1011.2406185581968,1015.42578125,2584721
2019-03-08,1016.8368459264422,1031.2414737990891,1009.2939068922905,1025.06103515625,2179863
2019-03-11,1029.732829037848,1045.8892938980243,1029.3434922972272,1040.633544921875,2837644
2019-03-12,1046.2301014686257,1066.669036422657,1043.358965272458,1057.4228515625,3418782
2019-03-13,1058.347447855287,1064.6737843060944,1036.6431998928028,1049.4906005859375,2024554
2019-03-14,1050.0745322190558,1059.9046618870823,1034.745332563664,1057.325439453125,1193296
2019-03-15,1057.9583005142472,1084.0423245362363,1053.0918869884229,1067.9344482421875,5318660
2019-03-18,1075.4772818034883,1079.273107736342,1062.9219123989321,1070.416259765625,1525276
2019-03-19,1072.5576204209465,1082.2904481924613,1069.2484352168449,1079.4193115234375,1376594
2019-03-20,1081.31686667698,1085.2099967100205,1068.6641940695986,1072.89794921875,1295061
2019-03-22,1074.1146488776624,1094.3589743922564,1064.4791274182267,1073.0927734375,2486418
2019-03-25,1072.557512805954,1076.9372848636915,1061.2674574855703,1070.708251953125,909855
2019-03-26,1075.4773963964121,1090.0766370714766,1059.2722154853057,1085.940185546875,1851505
2019-03-27,1094.942946205532,1094.942946205532,1076.4505764473943,1086.6700439453125,1668427
2019-03-28,1090.0764030471678,1109.1041234989168,1081.7547901253463,1103.9456787109375,2292966
2019-04-01,1109.542264919442,1117.3285264276485,1086.9621540692115,1090.417236328125,1703651
2019-04-02,1094.942848501183,1100.9285598347703,1078.7863822317463,1082.19287109375,1469173
2019-04-03,1087.1565736721234,1097.0840078418983,1068.712917461497,1071.097412109375,1553200
2019-04-04,1082.971492909786,1092.6070143351703,1065.0631882589062,1076.5478515625,2463998
2019-04-05,1092.996434320072,1099.517380661103,1072.0221453364886,1076.8399658203125,4108366
2019-04-08,1079.370264096971,1085.2099589433026,1062.8244620323646,1074.8931884765625,1672293
2019-04-09,1079.370216778553,1080.2947875651316,1062.3377742234359,1069.199462890625,1288739
2019-04-10,1070.0267431813443,1075.477101108441,1054.5515285529375,1070.8052978515625,1612236
2019-04-11,1077.3750206173106,1077.3750206173106,1060.9752341815445,1075.52587890625,1412462
2019-04-12,1077.4238662928371,1078.34843726338,1064.7711921629302,1067.6910400390625,1499571
2019-04-15,1072.557299477555,1072.557299477555,1058.9313446747549,1061.02392578125,1116346
2019-04-16,1063.8952062923292,1094.6996249230283,1063.2139559830907,1090.125244140625,2144260
2019-04-18,1095.8676316718806,1099.322832853379,1083.75030932469,1095.3323974609375,1609911
2019-04-22,1094.9429272108068,1101.755905424563,1089.2005360974301,1093.6776123046875,1307412
2019-04-23,1093.9693293422415,1106.3299673014722,1090.124911695951,1099.37109375,1237289
2019-04-24,1097.862682772179,1121.2214632566934,1095.4781881212784,1118.4476318359375,1809133
2019-04-25,1124.1412958726269,1133.874120945117,1105.0649824923257,1110.807373046875,3579153
2019-04-26,1116.0632846579185,1118.788523888221,1100.78279296875,1107.109130859375,846570
2019-04-30,1109.5421186023327,1130.711014286193,1103.2157819611791,1127.5965576171875,1469889
2019-05-02,1128.034494904129,1129.0077774709143,1105.2596590795722,1107.7415771484375,1517989
2019-05-03,1114.408807867594,1123.9470268471532,1104.7246915149392,1114.45751953125,1146869
2019-05-06,1112.2673032451166,1112.2673032451166,1046.3760058376645,1053.9189453125,4064781
2019-05-07,1068.469698653016,1075.477285933725,1054.065068476221,1057.4715576171875,2605643
2019-05-08,1060.8779857444472,1070.6108113017358,1039.319753373272,1059.6126708984375,3336769
2019-05-09,1070.610834587618,1080.3436603565963,1059.6126939451092,1074.94189453125,4362293
2019-05-10,1078.397302699985,1107.4497694486631,1065.0633763544329,1101.8533935546875,3032624
2019-05-13,1095.2347492025528,1122.0000156169956,1094.0181461837144,1114.1163330078125,2695155
2019-05-14,1109.5421530803476,1131.9276526600388,1092.9476373900993,1123.8980712890625,2894382
2019-05-15,1129.0077646375214,1136.3073838054365,1121.562129324467,1131.9276123046875,2476357
2019-05-16,1131.6356367749895,1163.0727124251935,1128.9591096125048,1154.7510986328125,2948769
2019-05-17,1152.366413140487,1170.8587795675726,1148.4732833663638,1158.6927490234375,3265842
2019-05-20,1181.5649484121245,1204.9237282818865,1172.8054059609638,1198.743408203125,2881354
2019-05-21,1205.8970824862358,1218.2091305365166,1200.3980123031092,1211.15283203125,3218291
2019-05-22,1212.6614370003754,1217.4792572711515,1193.5851213451115,1207.9410400390625,1972398
2019-05-23,1225.6062179781134,1229.0614190246697,1183.755062629248,1187.648193359375,2494025
2019-05-24,1188.378082240306,1197.0889141893454,1162.5373810857166,1187.3074951171875,2423569
2019-05-27,1193.731157328321,1210.2769621995656,1171.3456566201667,1207.7950439453125,1380441
2019-05-28,1209.7904017481462,1211.6396626485646,1190.0327153223343,1198.6463623046875,1811869
2019-05-29,1199.0842293543576,1204.6318929568617,1191.492577131956,1201.6634521484375,918488
2019-05-30,1201.0307044330928,1216.4086167297867,1192.271161207892,1207.454345703125,1081863
2019-05-31,1214.6567209943355,1217.2359437229734,1194.2177857852962,1202.7340087890625,1213810
2019-06-03,1205.8971170679602,1235.0955944788068,1194.7043673938024,1232.4190673828125,1627758
2019-06-04,1233.1491084954678,1242.7359187657921,1210.5689987048315,1214.65673828125,1378780
2019-06-06,1221.4696830585497,1239.6214276084136,1211.3962317449093,1235.5335693359375,2345134
2019-06-07,1240.8864477976645,1240.8864477976645,1220.4962274072032,1235.0467529296875,1381956
2019-06-10,1240.5946456707354,1254.7558357110693,1236.0688579801292,1242.8818359375,1516266
2019-06-11,1243.8552398703819,1253.5880664734366,1232.9545215985281,1250.6195068359375,1782094
2019-06-12,1250.619335515821,1258.1622750998943,1243.4171398633111,1254.4151611328125,1456438
2019-06-13,1248.72154662418,1263.5641059273905,1242.297905376048,1260.8388671875,1734153
2019-06-14,1261.422850246074,1263.2719919762171,1242.9790753138127,1247.65087890625,874483
2019-06-17,1251.6414665658267,1258.016515338231,1215.1433678129351,1222.49169921875,2057502
2019-06-18,1222.4914978984573,1227.3091986168924,1202.003854315513,1223.9027099609375,1845151
2019-06-19,1245.8018237119313,1253.5880851101308,1224.0489796924953,1241.03271484375,1650715
2019-06-20,1240.4486918828845,1273.9782304208065,1232.2245013158963,1271.6910400390625,1693438
2019-06-21,1271.106862224756,1281.812969027568,1253.8310989747642,1257.821533203125,2640376
2019-06-24,1267.2138935080814,1272.469643095472,1256.55649699638,1265.3160400390625,1419605
2019-06-25,1274.0269354809584,1285.5603106385413,1261.4229732150059,1282.9324951171875,1955640
2019-06-26,1277.5306432686893,1287.5555009936938,1271.739659656466,1274.0755615234375,1335984
2019-06-27,1274.124418504887,1297.093867539292,1271.8372278145098,1293.6873779296875,1841074
2019-06-28,1289.5994891832365,1301.3275924386198,1282.7865107498155,1299.040283203125,1345592
2019-07-01,1294.563085411261,1305.0745843889006,1285.8522541835268,1287.847412109375,1554897
2019-07-02,1289.5995033471606,1296.6070908606503,1275.4869050086445,1288.626220703125,1397406
2019-07-03,1294.028103512997,1297.8725227798125,1281.3267163401747,1292.9573974609375,1351543
2019-07-04,1286.4850547800504,1286.4850547800504,1251.6414883733075,1255.875244140625,2901447
2019-07-05,1249.2083872363407,1265.802905350001,1216.3113833523582,1243.95263671875,3015054
2019-07-08,1226.3361244124067,1236.9449289329955,1212.418135159398,1218.98779296875,2308725
2019-07-09,1143.6070565407897,1143.6070565407897,1044.332231207036,1069.5888671875,22143587
2019-07-10,1073.530642620632,1094.9428585205903,1059.272029634561,1071.7786865234375,6366343
2019-07-11,1079.3704315435918,1085.8427847641349,1042.7750285911827,1067.6910400390625,5179244
2019-07-12,1074.5039251615392,1098.835988684219,1060.8779695888386,1071.7786865234375,4845853
2019-07-15,1080.3437891659519,1080.3925008241679,1048.5660854796013,1060.294189453125,2563929
2019-07-16,1062.824497767857,1088.1298429528063,1053.6270255991953,1084.9666748046875,2457767
2019-07-17,1080.5870851338952,1088.130025831745,1075.7693834375461,1080.2464599609375,2538956
2019-07-18,1075.4772050645615,1076.9371288723416,1027.9809696612258,1051.1451416015625,3482208
2019-07-19,1060.8781521170229,1073.530827325758,1049.150047957664,1061.900146484375,3302082
2019-07-22,1058.834187468573,1062.8246224540994,1033.7234483155974,1056.5469970703125,2341863
2019-07-23,1060.878131039865,1080.2464803132946,1057.3743371211506,1069.78369140625,2527679
2019-07-24,1071.5841539177059,1080.3436974102212,1052.3618223646863,1058.3475341796875,1732174
2019-07-25,1064.6738140795771,1071.2920641893893,1055.622238765581,1061.31591796875,1770220
2019-07-26,1056.7903666551208,1082.4849339998375,1054.0651276657507,1076.8399658203125,1128870
2019-07-29,1082.2170534189459,1084.2702012559132,1047.9975249753418,1054.8414306640625,1661014
2019-07-30,1055.9170962466544,1069.213806181588,1048.1932343581595,1055.1348876953125,2335907
2019-07-31,1055.0859395599532,1055.0859395599532,1017.7866267280776,1032.7943115234375,3050699
2019-08-01,1028.6389070909531,1045.5042445674956,1018.1775570911735,1033.7230224609375,2321381
2019-08-02,1038.318628639093,1051.4198480113528,1022.7243429256828,1040.9583740234375,1789229
2019-08-05,1035.8743090865378,1035.8743090865378,1003.7079192244828,1013.6805419921875,1962260
2019-08-06,1004.0987769526761,1046.1399136702662,998.4769970427658,1023.3594360351562,5738839
2019-08-07,999.2104168491578,1017.6889895235557,975.745592970117,1005.5165405273438,8983860
2019-08-08,1012.89827008623,1036.1676024086003,989.0912738047261,1017.884521484375,2553976
2019-08-09,1026.5859931009109,1052.9839186377915,1018.2755350615225,1043.2069091796875,2944544
2019-08-13,1046.1399595803082,1064.2274261711825,1032.5498932450814,1040.1270751953125,3293100
2019-08-14,1030.5945971763497,1066.5251088198756,1027.612680744146,1059.827880859375,1834669
2019-08-16,1051.0285824707582,1060.121249574696,1046.3355698980936,1051.810791015625,1366746
2019-08-19,1080.0662715696058,1080.0662715696058,1056.063783081678,1064.66748046875,1467603
2019-08-20,1066.5739585523384,1071.315784149376,1051.5662732851495,1067.9915771484375,1584464
2019-08-21,1066.1829393081514,1072.5379958010474,1036.6564168804648,1041.544921875,1344715
2019-08-22,1042.033588625696,1046.1398843577083,1024.679398955276,1038.0738525390625,1182766
2019-08-23,1038.6118083809718,1058.7524248852417,1016.8090285863997,1049.56201171875,1925420
2019-08-26,1070.2892720794991,1082.1195500462927,1037.9763245781924,1077.866455078125,2601437
2019-08-27,1083.292840359139,1104.9489440247835,1074.6890227685988,1098.6427001953125,2825727
2019-08-28,1103.824306645649,1106.2685588747138,1082.803737475692,1086.1767578125,1599333
2019-08-29,1086.7146085296765,1090.1365618628784,1072.0980270314471,1077.23095703125,1204392
2019-08-30,1082.3638638157572,1088.1811366181232,1070.5825198534096,1080.457275390625,1454803
2019-09-03,1073.5156829791492,1073.8090410143511,1029.4702058061357,1036.0208740234375,1858383
2019-09-04,1036.3629788923802,1045.1622872037306,1002.6322970322037,1014.0713500976562,2881072
2019-09-05,1013.8757527610892,1029.42121970586,1013.1424771443382,1025.2659912109375,1587469
2019-09-06,1030.4968614895388,1047.0688458206755,1019.2043671181596,1044.8690185546875,1443212
2019-09-09,1041.2517560190865,1067.6007550635406,1034.798952104964,1064.0810546875,1272456
2019-09-11,1071.511310331527,1078.8930002565467,1058.8990635325556,1076.4976806640625,1432923
2019-09-12,1085.9325258605709,1089.745583886199,1059.5835298810396,1061.881103515625,1792647
2019-09-13,1063.8364710021215,1101.3802145694838,1063.8364710021215,1098.349365234375,3428008
2019-09-16,1098.8380047669298,1126.3113746718275,1090.5275475753408,1122.9383544921875,3645849
2019-09-17,1129.2447127983016,1149.9719273198791,1128.3159445400709,1132.4222412109375,3120692
2019-09-18,1137.066264925928,1141.9547699342081,1124.8939351946176,1134.8175048828125,1434623
2019-09-19,1138.043959710444,1141.6125922166464,1122.8406614784421,1127.4847412109375,1255713
2019-09-20,1134.133271348996,1304.6443663593973,1127.2893636770625,1235.374267578125,7588909
2019-09-23,1246.764265744093,1315.007843189439,1246.5687732836689,1282.5482177734375,5902008
2019-09-24,1287.632190299176,1294.7205224021895,1253.412656008765,1263.8251953125,2642955
2019-09-25,1267.2470867217678,1285.5789791944578,1234.640784513328,1240.604736328125,3928117
2019-09-26,1244.6132717325038,1263.7273724665988,1243.635570812054,1259.5721435546875,2277616
2019-09-27,1262.2119662650355,1265.0961364192092,1236.9384197799625,1255.4169921875,1847785
2019-09-30,1261.7230651369578,1266.953741304875,1238.2582425385176,1244.6622314453125,2142791
2019-10-01,1253.4126284533645,1268.860351332734,1239.2848973462173,1252.0438232421875,1454512
2019-10-03,1250.870610945407,1269.0558246243004,1240.4580720277975,1266.611572265625,1449986
2019-10-04,1273.9445518378222,1277.5619982211501,1212.447127883286,1223.00634765625,2383219
2019-10-07,1227.1123577153592,1237.5738288008145,1213.6201571022782,1230.9254150390625,1100794
2019-10-09,1173.2412122376302,1208.6828738573086,1150.8030217928927,1202.8656005859375,8327469
2019-10-10,1203.745404951056,1214.7445410319253,1192.7952016587406,1207.1673583984375,1479753
2019-10-11,1214.353653515407,1221.148628166616,1187.90679201156,1215.8690185546875,2182903
2019-10-14,1212.153619577676,1229.947728159925,1205.994056188607,1221.0994873046875,1241231
2019-10-15,1226.0370344887745,1246.7154341793505,1225.0593335043336,1243.7333984375,1379017
2019-10-16,1246.3732094153472,1249.2084466703923,1228.0413167408683,1246.1287841796875,1223194
2019-10-17,1256.3457953921745,1256.8835786859295,1242.7557275101076,1248.5731201171875,1500556
2019-10-18,1249.5018815966753,1275.8998086726613,1245.6400103748656,1271.597900390625,1135957
2019-10-22,1271.4511166138323,1306.9906406165924,1265.6338438656876,1299.804443359375,2138284
2019-10-23,1302.2487384682574,1335.8816751691272,1297.4580992703266,1318.576416015625,3148288
2019-10-24,1333.5841327337764,1348.2496473899396,1320.531848559444,1343.89892578125,1791699
2019-10-25,1348.1519327293063,1358.955457170023,1301.4667099807034,1305.2308349609375,3934315
2019-10-27,1309.0926610960457,1311.8792043286278,1286.3611136294326,1290.467529296875,470393
2019-10-29,1290.5652690992729,1310.1192883280498,1264.3628355934072,1302.88427734375,2030358
2019-10-30,1316.9630733949423,1316.9630733949423,1282.7435429058382,1286.801025390625,1681593
2019-10-31,1292.5205803842025,1306.208392884489,1290.2230071555907,1301.515380859375,1533763
2019-11-01,1302.1023037662903,1303.6176687820766,1258.3501818581904,1272.8690185546875,2491686
2019-11-04,1281.766039491455,1281.766039491455,1253.5104560937289,1269.838134765625,1706003
2019-11-05,1266.122564750606,1277.12169900037,1249.0128003620841,1255.17236328125,2881634
2019-11-06,1139.0217538783272,1172.2635904722013,1124.356237733971,1130.3201904296875,18294122
2019-11-07,1135.1107872845232,1152.7094041416476,1130.6622002841132,1141.1724853515625,6500446
2019-11-08,1141.172370353553,1146.7941501719508,1128.2667670314866,1130.9554443359375,2796511
2019-11-11,1130.9554666472459,1137.799372648137,1112.2814041430358,1129.9288330078125,2357413
2019-11-13,1129.9289520077184,1140.9770205977122,1124.4538505000382,1133.204345703125,2336007
2019-11-14,1138.0439004154316,1150.0696697828369,1136.0884985246835,1143.0301513671875,2571355
2019-11-15,1146.8433966749496,1148.6033064040441,1130.1247316416716,1132.6177978515625,1506407
2019-11-18,1134.279711198799,1138.5326861998822,1127.0936335282443,1132.9598388671875,1132129
2019-11-19,1132.9600515760458,1141.7593612364967,1127.3870838487949,1137.2618408203125,1109428
2019-11-20,1139.9993376070104,1141.465889070484,1130.6134321104303,1136.9195556640625,920219
2019-11-21,1137.0662309450183,1143.910137752082,1118.4899124687024,1122.6451416015625,1417102
2019-11-22,1122.4006144363518,1125.0403590829203,1098.153584782398,1110.277099609375,2320184
2019-11-25,1124.2582557635938,1140.927984010102,1117.6098420995359,1137.6527099609375,2270744
2019-11-26,1140.8792543922345,1158.3311923572112,1136.2839883506315,1140.0970458984375,4025257
2019-11-27,1143.910080990092,1156.1313425391315,1135.1107726747837,1141.1236572265625,1587451
2019-11-28,1145.8656393624412,1145.8656393624412,1134.4753981731856,1143.42138671875,1031591
2019-11-29,1146.8431917982894,1152.26947970339,1129.2445750443514,1133.8397216796875,1244953
2019-12-02,1134.1331093226463,1135.110810278959,1117.0233425871754,1128.0714111328125,1016807
2019-12-03,1129.2445590623095,1143.9100728163655,1124.4538006996665,1132.3243408203125,1315825
2019-12-04,1128.951095745614,1151.7315727247135,1127.28905208115,1148.456298828125,1388528
2019-12-05,1153.6870563515938,1177.7384745041882,1148.7985518755277,1157.84228515625,3637705
2019-12-06,1163.2687265594004,1163.2687265594004,1142.8347512799803,1145.8656005859375,1026657
2019-12-09,1146.843445258143,1159.5535601672273,1139.8528581884896,1151.7808837890625,1092070
2019-12-10,1148.8963919130142,1165.5173084888847,1146.7454975072071,1153.0028076171875,1641867
2019-12-11,1151.8294544097917,1162.4864185334507,1149.5318810687172,1153.2471923828125,1005638
2019-12-12,1155.7402078235014,1165.4194705847538,1151.242807561701,1161.5086669921875,1065673
2019-12-13,1166.3971784947546,1176.663037986955,1156.2290652233053,1159.699951171875,1624478
2019-12-16,1162.0466039616579,1165.66405002406,1136.9196159462222,1139.6572265625,1239589
2019-12-17,1144.8878789403366,1144.8878789403366,1126.3115598115012,1131.542236328125,1706196
2019-12-18,1138.0439324650274,1141.3192068546168,1124.698290315179,1133.253173828125,1391631
2019-12-19,1133.1554129158085,1136.5773662766414,1127.2892071543806,1133.204345703125,1338696
2019-12-20,1134.1331804449844,1179.5473449743574,1134.1331804449844,1175.098876953125,6754831
2019-12-23,1179.205202538927,1201.5945802637812,1174.3166973303682,1182.1383056640625,3980835
2019-12-24,1179.1563444274514,1194.7506277127088,1173.8767351325534,1177.249755859375,2236779
2019-12-26,1182.9691581894767,1186.6844693549774,1164.0506696125622,1165.9083251953125,1800229
2019-12-27,1169.7704636343478,1172.4591417289423,1158.429154450442,1164.8819580078125,1332568
2019-12-30,1168.3526193349148,1171.2857221449608,1156.717954318748,1167.1304931640625,1109808
2019-12-31,1168.3526785595013,1176.858629400503,1157.793460168779,1161.4598388671875,1753530
2020-01-01,1167.8149265960637,1172.2635139420736,1126.5070588195395,1129.000244140625,3137636
2020-01-02,1131.1999819366356,1134.0353385181425,1114.5790660395546,1129.8311767578125,3286436
2020-01-03,1130.2224642373706,1130.2224642373706,1106.757637990228,1114.285888671875,2695237
2020-01-06,1136.0886117119862,1145.2790253837857,1124.4539454332332,1132.764404296875,4494752
2020-01-07,1144.8386930721483,1147.6740492346812,1126.3602436074589,1134.083984375,2363578
2020-01-08,1119.4675858650849,1130.5156543207868,1112.6236792266084,1117.8055419921875,2370166
2020-01-09,1129.2445783655871,1141.9546905030354,1122.889522296863,1137.506103515625,1764131
2020-01-10,1140.9769750892165,1144.5944207585085,1125.0893351190366,1128.3157958984375,1517311
2020-01-13,1129.2445743775252,1136.5283985681895,1122.8895183312447,1133.1064453125,1135936
2020-01-14,1136.088577801862,1142.590313411948,1131.3467517555612,1141.0748291015625,1324743
2020-01-15,1147.3320730853834,1164.9306903120873,1144.4967164403179,1158.428955078125,2665214
2020-01-16,1158.428777171505,1168.84131463451,1147.9184934974598,1166.29931640625,1644541
2020-01-17,1168.1572042275427,1170.1614196714793,1157.5979856729757,1162.2420654296875,1034774
2020-01-20,1163.4640191876017,1168.3525234699025,1152.807055982536,1161.3619384765625,1139858
2020-01-21,1157.0602564194053,1157.5002934995516,1135.1109156519221,1149.971923828125,925998
2020-01-22,1155.4470091043845,1159.5043724933232,1145.8654922320825,1151.3895263671875,902471
2020-01-23,1149.7763814976643,1179.7429411606029,1148.7986804929892,1177.249755859375,2101116
2020-01-24,1181.9428276165577,1202.5722959787333,1179.1564034833348,1200.47021484375,2841654
2020-01-27,1200.6168269564387,1212.6914104262903,1181.8938289530593,1186.7335205078125,2332864
2020-01-28,1187.9066805659977,1196.2171388251013,1161.8021123620008,1168.3526611328125,1703068
2020-01-29,1171.7745483079234,1180.9649607917545,1155.2513789510767,1159.748779296875,1380266
2020-01-30,1164.4417204186652,1164.9305708470524,1149.9716999990999,1152.9537353515625,1859283
2020-01-31,1159.0645769681712,1168.1572443327887,1153.6872212757842,1161.264404296875,1809101
2020-02-03,1143.9100178012343,1165.712794939652,1136.6261940596635,1159.9443359375,3595537
2020-02-04,1168.352779936456,1259.0834870716683,1158.5757692256907,1247.35107421875,7875930
2020-02-05,1256.101182899836,1268.762361327925,1227.0145822450236,1251.3104248046875,5459816
2020-02-06,1256.2968063257538,1265.3405402454407,1224.1305400792066,1231.2188720703125,2463971
2020-02-07,1235.863189843519,1250.9686249138326,1230.339154460956,1246.5689697265625,2277867
2020-02-10,1242.5602247225142,1246.568774952709,1225.4015244338586,1229.1656494140625,1021943
2020-02-11,1234.8363739957083,1250.3818439037875,1230.4856522462735,1242.3646240234375,1351413
2020-02-12,1248.4750666835816,1260.2074770152897,1237.6226109964016,1240.702392578125,1195516
2020-02-13,1241.6804308054282,1278.8330736169291,1241.6804308054282,1269.15380859375,4458645
2020-02-14,1277.8062631908592,1281.4726419092403,1261.234279123083,1264.6072998046875,1416212
2020-02-17,1264.2163674695541,1292.1296603308742,1259.6211010090917,1286.7034912109375,2347399
2020-02-18,1284.699216515303,1289.4899756672453,1272.233527770577,1281.76611328125,1761012
2020-02-19,1287.6320427415033,1303.177510407349,1282.7924711857613,1299.9510498046875,1445826
2020-02-20,1300.3421475387493,1311.1457898121118,1290.5651389106383,1293.3515625,1513648
2020-02-24,1280.7881474964904,1288.4142620682128,1245.4442369611927,1251.359375,1341317
2020-02-25,1256.345754745906,1258.056731454704,1228.7746349491536,1232.0009765625,1358874
2020-02-26,1227.992381474062,1238.7470918213667,1217.3354173511718,1227.1124267578125,1506693
2020-02-27,1222.1261726902762,1257.3234064637563,1222.1261726902762,1249.404052734375,4569014
2020-02-28,1227.0147293960492,1242.3645870364392,1208.0962393104721,1226.52587890625,2728105
2020-03-02,1246.5687906400235,1265.1451098730906,1200.6168430634893,1216.40673828125,2773593
2020-03-03,1220.3664308522784,1243.6357641151262,1197.6838137115014,1219.1932373046875,2660100
2020-03-04,1224.0326325714216,1237.427206932289,1190.155390797928,1223.054931640625,3007393
2020-03-05,1225.548109458915,1236.9383491045508,1214.5000412673696,1231.0721435546875,1555538
2020-03-06,1201.5944049239154,1219.1440883224363,1192.5017388235133,1214.89111328125,1678642
2020-03-09,1197.6836385099723,1214.1578753006415,1148.7985920401775,1176.6141357421875,2285787
2020-03-11,1171.2368747496178,1186.293494141897,1151.2918696657925,1161.1666259765625,2314388
2020-03-12,1124.3560968155039,1128.2179678435223,1040.9093442823705,1052.739501953125,3608906
2020-03-13,1032.0611405011475,1109.3972648900492,924.9540090513386,1060.1700439453125,4337046
2020-03-16,1026.5369583834681,1026.5369583834681,961.0799343003766,988.7977294921875,3443930
2020-03-17,982.5895149772103,1014.8536483048202,955.9960355723535,978.6787109375,2985146
2020-03-18,1005.0765975964445,1005.0765975964445,900.4625937610168,909.9951782226562,5508541
2020-03-19,860.3279384202599,903.7867563466506,821.0243494131978,883.352783203125,4838552
2020-03-20,885.8948120598392,913.1726925925891,846.6890276072614,884.7216186523438,4407646
2020-03-23,820.9266388779987,822.2953844240966,754.0518690230299,783.089599609375,4960906
2020-03-24,787.2937018014085,838.7207486734562,704.8246493010531,797.9017333984375,5404961
2020-03-25,781.1830697149967,877.6821667322637,767.2997041006298,861.1589965820312,3564854
2020-03-26,875.0424211765103,926.6650235859512,852.8485958777651,907.599853515625,3635282
2020-03-27,938.5929118189349,943.4814165679919,876.0200510310059,916.1546630859375,2999631
2020-03-30,841.8005349283561,937.6152299608519,841.8005349283561,922.6075439453125,2901412
2020-03-31,945.4368876424304,950.0320943775876,903.1513184691779,912.8794555664062,3811918
2020-04-01,908.9685639002582,928.8158807864481,881.8862362835539,915.1769409179688,2935916
2020-04-03,909.2619450252067,909.3108181411876,836.8631967136716,843.5604248046875,4951957
2020-04-07,880.0285792740278,933.6555108483427,872.4025239890773,926.32275390625,4186574
2020-04-08,914.1503133944253,944.8501445802091,873.4779810745481,893.0808715820312,5505995
2020-04-09,910.8750966079555,1020.7197723810327,896.8939255496399,991.2420654296875,8532854
2020-04-13,991.8775722861182,991.8775722861182,922.1675094018208,945.2901000976562,4399110
2020-04-15,967.9239539319034,967.9239539319034,916.3013549903615,930.8201904296875,5502739
2020-04-16,908.2842261491769,976.7232959343679,894.5964121921388,963.2799072265625,6251879
2020-04-17,978.7764358935693,995.0063081100651,934.9754435357254,953.747314453125,5761623
2020-04-20,953.747314453125,960.2979230120785,935.659846162625,953.747314453125,2557331
2020-04-21,936.6374560635824,940.7438117515048,911.6572101670669,915.8124389648438,3717567
2020-04-22,915.8125368117524,933.9488783908223,901.9780438196389,930.1847534179688,2779272
2020-04-23,901.684777804203,914.6393164931764,884.8194349827094,892.2499389648438,7009187
2020-04-24,889.7079393128454,906.2311106268809,873.1847679988098,885.8460083007812,4692972
2020-04-27,893.8142967205571,917.0835693819894,891.7122156289719,907.0621337890625,3816089
2020-04-28,909.6040873816355,919.0389257550504,896.551803103597,912.04833984375,2548149
2020-04-29,911.2173290768337,912.7816268021621,897.5295151207439,904.7645263671875,2514908
2020-04-30,914.3459091333872,957.1203242343678,908.2841515156797,948.4187622070312,4336412
2020-05-04,907.7954133808557,908.2842638996391,866.2431192842629,871.962646484375,4201101
2020-05-05,884.819303046583,888.5834275932078,857.4436782009428,867.1718139648438,5214901
2020-05-06,867.2207389024758,872.0603705188884,842.0449395487681,856.906005859375,3713850
2020-05-07,858.9103267663212,858.9103267663212,827.5261485993224,830.1658935546875,4744629
2020-05-08,837.8896996456099,843.2670547775245,811.7850727976711,814.2781982421875,4751910
2020-05-11,829.5305321035784,832.4147623594599,805.6257276434087,811.100830078125,3704305
2020-05-12,808.5587160790517,832.0235397621198,803.9146363917778,827.5750122070312,5287477
2020-05-13,855.4395436094449,864.2388530386369,836.91209682093,841.2628784179688,3599358
2020-05-14,835.9344417490857,836.9121428505467,822.4910516039981,827.1351318359375,2161536
2020-05-15,827.135000732624,840.6272618593939,823.2241969466542,826.743896484375,2130736
2020-05-18,822.7353254059569,826.157278631056,791.9377463800655,799.074951171875,4634758
2020-05-19,808.8520096702018,825.3263070050143,799.9060814982687,808.3631591796875,3072505
2020-05-20,805.6256149451917,834.9566446155263,800.3460057348784,829.7748413085938,3403474
2020-05-21,834.9565916031538,840.8227971647684,825.081836110754,830.8991088867188,2217516
2020-05-22,826.0595945899047,836.8631786504134,819.2156876245339,830.7036743164062,1955658
2020-05-26,836.9119606071478,876.948823928495,836.0809387215227,872.8424682617188,5625204
2020-05-27,865.1675453661389,870.8870717290054,849.1332268275511,866.0963134765625,3925259
2020-05-28,866.09635877697,883.9394010338992,855.4883273870229,879.3931274414062,3441157
2020-05-29,875.4823518889882,877.9754774457953,855.4883549722392,870.1538696289062,4140081
2020-06-01,878.4642953574455,957.1692210962038,878.4642953574455,937.5174560546875,9822341
2020-06-02,937.5174110448089,962.0576796124263,925.2472170868733,954.3827514648438,4518557
2020-06-03,966.9462969358719,982.5895130642582,957.8536894960743,962.3999633789062,4194237
2020-06-04,948.4677220242594,955.6538602226374,921.3365191085228,949.5921020507812,5293647
2020-06-05,955.2139029824662,972.8125214611605,945.4368927165249,968.8528442382812,3136137
2020-06-08,986.500278141673,1026.5860178877667,983.6160483470668,1002.1434936523438,7033675
2020-06-09,1013.8758291715856,1023.6528381317745,967.1906113866837,974.8655395507812,17283990
2020-06-10,974.8656541867447,986.451446971436,949.2010026483027,955.4583129882812,5971985
2020-06-11,954.23612331636,954.23612331636,927.9359439987469,930.0380249023438,4955842
2020-06-12,889.7567028093814,962.8398459631966,880.9085214928086,955.898193359375,6968318
2020-06-15,958.0980393550815,964.5508416306144,923.9273798787096,927.2515869140625,3823415
2020-06-16,943.4814350362124,948.3699398809596,912.8305335292999,936.6864013671875,2976379
2020-06-17,933.7044540199288,951.1563929819569,924.6607197794216,941.5260620117188,2372940
2020-06-18,936.7353337338255,958.6358606932592,932.3846118861015,954.2362060546875,2118941
2020-06-19,958.1468991813151,972.7635398332435,951.3029927585915,954.0894165039062,2817395
2020-06-22,957.1692305794171,965.968539134284,946.9522437114399,957.6580810546875,1840153
2020-06-23,959.6134599118284,985.5225344789842,959.6134599118284,976.9676513671875,2929867
2020-06-24,987.4778682709158,1003.1210820257027,963.1820257776625,966.1640014648438,3451720
2020-06-25,963.0353643672803,971.8346722650524,951.840677384734,955.8003540039062,2214883
2020-06-26,965.9685941213328,967.8262499027581,940.4506217292791,944.6547241210938,2514103
2020-06-29,943.3836765392335,949.9342252066925,914.1503940782034,936.0997924804688,3422997
2020-06-30,943.4814441810879,950.276477915975,925.2962298520171,928.6692504882812,1947529
2020-07-01,928.8158800059915,946.9033471429503,923.9273753743811,927.0560302734375,3043306
2020-07-02,935.6109310800764,971.8347391508217,931.8467466380424,964.4042358398438,3845200
2020-07-03,969.8793636335325,985.5225791760089,964.3064561616991,981.1229248046875,3073808
2020-07-06,984.5448915614955,997.0594522304299,973.4480092551574,991.5843505859375,2509450
2020-07-07,992.3665577793473,1006.0543723694074,984.5449494421703,993.5886840820312,3538454
2020-07-08,1003.1211315818546,1006.0542343057781,965.0396692814217,969.0482788085938,4272654
2020-07-09,972.8124884974334,980.1452459484191,956.533743086592,969.48828125,3585878
2020-07-10,963.0842847346859,964.990813474248,936.0508899489271,940.401611328125,3691688
2020-07-13,952.2319554316887,952.2319554316887,937.6153127095745,944.8013916015625,2760626
2020-07-14,938.5928832806353,956.0937536197902,933.7043786802153,952.0851440429688,3642970
2020-07-15,957.1693070884581,963.8176621487298,941.9171949105331,946.36572265625,2366530
2020-07-16,946.9033663967156,951.2541475421408,920.798739198294,939.9127807617188,2914310
2020-07-17,938.5929195669352,977.7009578822241,935.1220931012793,975.598876953125,3843594
2020-07-20,977.7009335874504,989.9221952572937,964.0131205172262,979.363037109375,3349775
2020-07-21,981.6117936886109,994.7130108206418,976.9677139873949,992.51318359375,2491480
2020-07-22,997.4994045941465,1042.1802907337465,992.9530712597916,1034.1142578125,7642553
2020-07-23,1044.1357440205018,1058.8501919339603,1027.661505901155,1046.3355712890625,6785686
2020-07-24,1041.055997795739,1042.2291911722018,1009.6717024703897,1034.0164794921875,4407065
2020-07-27,1033.4298274909004,1048.5841910917604,1016.1733831338192,1018.862060546875,2783336
2020-07-28,1021.6973375057023,1031.4254127407419,1005.6142070612971,1029.2255859375,3129955
2020-07-29,1033.2344693046837,1042.962546560244,1013.0937331331794,1017.2489624023438,2332468
2020-07-30,1018.764415832292,1034.114273398713,1016.7600810944681,1018.6177368164062,2297977
2020-07-31,1022.1863995242855,1027.6615012761874,1009.6717789357097,1019.986572265625,1786573
2020-08-03,1027.5928396670115,1074.3596246697325,1023.6669835460297,1057.3802490234375,7646498
2020-08-04,1068.7652728385076,1069.0106388609975,1045.5046218295151,1055.2701416015625,3357481
2020-08-05,1062.9256508999822,1093.7926498105435,1058.0183302587081,1084.95947265625,5465772
2020-08-06,1084.9593696899267,1104.147039499387,1071.0226283144052,1099.386962890625,4499103
2020-08-07,1094.2834360667757,1110.4285936607025,1065.9192172016385,1070.8265380859375,4553672
2020-08-10,1072.7402790682295,1093.9398800178412,1063.9071020219221,1087.0206298828125,5185798
2020-08-11,1054.0923077099208,1067.5383162260055,1029.1630988174559,1046.4859619140625,11189277
2020-08-12,1048.20361146013,1056.938665517156,1029.114183500315,1036.76953125,6260227
2020-08-13,1044.326907845188,1082.7021296173739,1042.3148585473516,1077.3040771484375,5476727
2020-08-14,1077.3041985472228,1098.258435167305,1069.8450946202151,1083.6837158203125,4149195
2020-08-17,1092.3694499335747,1105.3247270232164,1085.499201820785,1103.018310546875,3033448
2020-08-18,1108.023763443242,1130.4503122675212,1104.245150907348,1124.316162109375,4134374
2020-08-19,1137.3696553052187,1137.5168988826483,1123.7764013983024,1127.1134033203125,2570066
2020-08-20,1109.1036937341385,1117.2988960391663,1098.0622212193164,1104.834228515625,2727302
2020-08-21,1116.611662857931,1122.5986897366129,1108.1710955276255,1117.0042724609375,2181243
2020-08-24,1118.869123920569,1125.4940068911515,1103.1656976199297,1105.7666015625,2122417
2020-08-25,1110.0359073610387,1117.887620233619,1102.0860720390772,1115.4339599609375,1465877
2020-08-26,1118.5746887841192,1128.6838178584292,1106.257385091205,1113.1766357421875,2009966
2020-08-27,1118.8691609934258,1127.211606492061,1106.1101267013955,1116.562744140625,1459135
2020-08-28,1126.9661095842903,1126.9661095842903,1110.6247089847698,1113.078369140625,1628956
2020-08-31,1110.035850070813,1131.62805935601,1065.8699674420009,1080.1011962890625,3373546
2020-09-01,1084.5178574347851,1108.7109720621645,1075.341191833402,1099.2889404296875,2043953
2020-09-02,1096.2462823744,1103.803627855191,1082.1622964520739,1100.5157470703125,1919880
2020-09-03,1100.515648699898,1169.5124971173088,1100.515648699898,1163.329345703125,5945052
2020-09-04,1140.0687459193223,1175.8431864868908,1133.5911064156176,1137.7623291015625,3490945
2020-09-07,1142.4242945544115,1154.6434755550697,1127.9968191699495,1146.0556640625,2166322
2020-09-08,1146.055542730074,1152.336936718301,1133.1983874181933,1141.0010986328125,1994062
2020-09-09,1135.4557797855696,1150.079618045459,1127.0152129440112,1139.577880859375,1918422
2020-09-10,1143.405577860413,1144.2397983119204,1117.6421474579788,1133.8363037109375,1841208
2020-09-11,1134.57241197348,1171.8680448930234,1133.5909479492814,1146.1046142578125,5572098
2020-09-14,1146.8406997834793,1169.5124945339783,1146.3008466530027,1165.979248046875,2019325
2020-09-15,1172.6534583775665,1197.3863079632597,1148.4603422100595,1152.77880859375,5204233
2020-09-16,1158.127701439783,1166.9608788236458,1143.111251964162,1159.796142578125,2463561
2020-09-17,1153.1714176051362,1169.4638206368984,1146.3994098620462,1160.4833984375,2019300
2020-09-18,1163.0349721591351,1179.2291299993256,1135.8974655138957,1142.0316162109375,2575064
2020-09-21,1142.0316589900826,1150.0797368906515,1094.3816464751274,1099.1417236328125,2666086
2020-09-22,1099.2398427260812,1106.600823815765,1072.887554386541,1083.97802734375,2000953
2020-09-23,1086.9715448975546,1101.1536539259855,1082.554956227542,1096.49169921875,2068183
2020-09-24,1092.3694315409011,1093.2527731020534,1056.0552635561633,1075.831787109375,2356296
2020-09-25,1077.2059055815898,1094.3324051653894,1061.2079937982755,1088.787109375,2275740
2020-09-28,1098.2582964933795,1122.7457771650654,1087.8056801657647,1117.6422119140625,2509616
2020-09-29,1123.7763886974587,1152.3860910262604,1118.2310925995655,1145.6630859375,3586518
2020-09-30,1151.257425042364,1182.6642772174328,1141.688149770273,1179.0819091796875,3635996
2020-10-01,1181.290206370631,1188.5530649154562,1160.0906050619894,1176.4320068359375,2990243
2020-10-05,1178.7383076548058,1193.4602682000366,1166.666252084668,1172.2115478515625,2151235
2020-10-06,1181.6828635634422,1193.4113125005058,1169.9052934947035,1177.7078857421875,2087249
2020-10-07,1182.6642405435418,1244.4964788458185,1178.1985309653257,1230.7559814453125,9411156
2020-10-08,1233.700469252619,1239.1476433525654,1210.7341835723075,1230.9033203125,3144780
2020-10-09,1230.903128410419,1245.4778451904858,1224.3763686959269,1231.93359375,1873176
2020-10-12,1236.840959134931,1237.9696667642202,1213.0895768319822,1233.4549560546875,2009418
2020-10-13,1234.240235301507,1258.1388623380847,1200.9685781229084,1206.0721435546875,4735253
2020-10-14,1201.655558456916,1225.7995515881278,1195.9631385066211,1200.772216796875,4096708
2020-10-15,1200.2323998334857,1214.6108719972542,1187.5714897416576,1191.104736328125,2727327
2020-10-16,1193.5095337337468,1217.0646734561733,1193.4604126029374,1200.4779052734375,2772602
2020-10-19,1202.3915824233247,1211.7154908884754,1190.614013835766,1206.0230712890625,1606979
2020-10-20,1207.2008619242754,1222.4626768415737,1194.539950874275,1210.635986328125,2841242
2020-10-21,1217.9969267152462,1233.2587411253417,1206.2193577220287,1221.6282958984375,2687516
2020-10-22,1217.1626255461294,1229.7744142124025,1197.386101627399,1206.660888671875,1973416
2020-10-23,1212.1081982256007,1224.6709869885628,1208.3785866156995,1218.6839599609375,1527141
2020-10-26,1226.830241220177,1226.830241220177,1188.0624055976193,1192.9697265625,1425518
2020-10-27,1196.4046200608745,1214.0709721208384,1191.055689165766,1208.9674072265625,1778338
2020-10-28,1208.9674886111216,1217.99691012656,1163.3784107028728,1194.4417724609375,4810354
2020-10-29,1178.738391456777,1178.738391456777,1134.1308957564231,1156.3609619140625,5274120
2020-10-30,1154.594462979461,1165.7831783765582,1137.6150850708484,1144.141845703125,2275592
2020-11-02,1145.8591122641542,1160.0903389261073,1132.609349509922,1146.840576171875,2502801
2020-11-03,1156.164795081175,1182.9588149106107,1153.0241576525668,1177.7078857421875,2079628
2020-11-04,1177.7078839911035,1195.32523774398,1170.5922687518205,1193.116943359375,2043263
2020-11-05,1201.4593053643134,1230.608741293455,1187.8169303743198,1219.0765380859375,2215527
2020-11-06,1219.0764230415552,1242.3861932825366,1216.0339085716246,1230.26513671875,2546487
2020-11-09,1241.9446755427257,1263.8312527258438,1229.2346437735462,1261.23046875,1840061
2020-11-10,1262.1629400186293,1287.6810087903903,1250.7288583189857,1281.203369140625,2898878
2020-11-11,1285.6199999688267,1294.2568131814726,1240.2762813237725,1251.0723876953125,2872916
2020-11-12,1263.0952354933484,1271.9775339427777,1243.5150736925148,1254.4093017578125,3650248
2020-11-13,1272.9588259837865,1279.8290740808463,1254.7526206035307,1264.5672607421875,3107920
2020-11-14,1270.9959554012696,1273.8422251316467,1255.3906529139686,1262.947998046875,288198
2020-11-17,1272.9590609000509,1280.6145295440174,1253.6242641818344,1277.8172607421875,2185705
2020-11-18,1277.8171593806828,1278.847744626727,1243.515036409872,1256.3721923828125,2934467
2020-11-19,1254.851030365027,1320.6581293949464,1246.5085851335095,1268.4932861328125,6942825
2020-11-20,1271.9282015109989,1345.8816085148173,1271.5847130782922,1339.8455810546875,10421957
2020-11-23,1349.5129869100513,1349.5129869100513,1307.3100353194097,1322.620849609375,2995116
2020-11-24,1322.6210648469576,1339.1587118162875,1298.7224367511333,1302.5501708984375,2876893
2020-11-25,1306.3286230632623,1320.0691194741455,1276.246726602197,1282.724365234375,3417818
2020-11-26,1292.5390389001714,1308.291584900986,1283.9022271034787,1302.79541015625,2819881
2020-11-27,1308.2917521825495,1343.0356081225186,1289.202321801066,1335.968994140625,5497388
2020-12-01,1357.3649499180387,1360.7019520644699,1310.2546696605798,1316.2415771484375,2881906
2020-12-02,1322.9643936144998,1366.2470532588131,1318.5969265964584,1363.2535400390625,2969071
2020-12-03,1372.9702356298142,1397.6049620527845,1360.358445151469,1392.2069091796875,3939085
2020-12-04,1392.206900066448,1413.8482325481666,1387.495824212256,1410.51123046875,2229459
2020-12-07,1409.3824775450757,1409.3824775450757,1391.7161233697195,1398.880859375,1430365
2020-12-08,1398.880761403242,1409.0388903811127,1386.1707300437727,1401.3834228515625,1666175
2020-12-09,1403.493578416062,1408.4008986203141,1391.2743990305235,1399.7149658203125,1579066
2020-12-10,1401.530881424484,1418.2157728700136,1389.311700024197,1397.80126953125,2588422
2020-12-11,1401.0398587406837,1422.9755551594435,1396.6232707446534,1415.6636962890625,1398271
2020-12-14,1424.10442811335,1442.2615142057668,1418.2156434347282,1436.3236083984375,2453825
2020-12-15,1433.4283118351063,1448.641005319149,1422.4359618858175,1441.525390625,2035503
2020-12-16,1449.622337508826,1482.0106497212778,1441.966870335563,1476.5634765625,2638988
2020-12-17,1467.4359797104555,1491.8253370821492,1464.638831164951,1474.10986328125,1951230
2020-12-18,1474.1590006519898,1496.7326737645037,1469.3498028534514,1491.1873779296875,3299825
2020-12-21,1486.132930752612,1500.2170367981605,1424.1044459505943,1444.3717041015625,2298069
2020-12-22,1438.8261235998525,1482.0105365864783,1424.3004094903984,1471.0181884765625,3305444
2020-12-23,1476.808828570715,1491.6290307735944,1450.652908893077,1463.215576171875,2847742
2020-12-24,1491.825503188117,1491.825503188117,1458.4557221957512,1468.1722412109375,1947894
2020-12-28,1475.4349157916565,1518.962821311921,1468.417424055729,1514.9388427734375,2497242
2020-12-29,1525.1952315773178,1527.9923803377965,1500.1187755675214,1511.5528564453125,2081338
2020-12-30,1519.3064560069233,1526.8636817991505,1504.8789813826234,1523.8211669921875,1151230
2020-12-31,1520.2877229507528,1541.8799307654183,1515.576647868143,1538.101318359375,2031709
2021-01-01,1533.1450853742679,1543.8430682960147,1527.1090570452777,1529.7099609375,1003018
2021-01-04,1536.9727940389955,1537.9542581475773,1509.491798998707,1522.1527099609375,1383979
2021-01-05,1516.3619879274754,1547.621594590863,1512.9268636829795,1541.8309326171875,1351709
2021-01-06,1548.7503696224849,1591.2968149405117,1532.899700243086,1543.450439453125,3312171
2021-01-07,1540.898738584326,1540.898738584326,1506.5474928197075,1513.76123046875,2820445
2021-01-08,1519.2082867328938,1526.4711449501906,1493.2976108318603,1519.895263671875,3478504
2021-01-11,1531.0840091795874,1542.8615784809688,1517.0490245057224,1534.9117431640625,1425529
2021-01-12,1531.0840165266147,1531.8692357401935,1495.7513084529237,1498.7938232421875,2550741
2021-01-13,1501.6400548854308,1507.5288394143934,1467.2888117998164,1477.888671875,3527208
2021-01-14,1480.0478725051553,1489.7152699920218,1452.6159986533273,1462.3323974609375,2814477
2021-01-15,1462.332220501576,1481.029157389681,1444.028012977677,1449.86767578125,1725346
2021-01-18,1439.8077394467293,1481.0292289196418,1432.937491201244,1475.6802978515625,2302268
2021-01-19,1489.8624891886377,1495.7512737308853,1473.1775996522695,1491.727294921875,2279346
2021-01-20,1491.7273009877072,1512.4361694172944,1491.7273009877072,1502.916015625,1838240
2021-01-21,1504.682474770145,1521.1219972107917,1484.0227289009495,1489.1754150390625,1558030
2021-01-22,1493.7882214259928,1506.2527664149757,1459.4369811172478,1463.55908203125,1364197
2021-01-25,1477.152513058112,1484.7588594285294,1451.3399606780333,1472.048828125,1604484
2021-01-27,1477.1034269502316,1477.1034269502316,1405.4565497626124,1413.9952392578125,2021747
2021-01-28,1393.679023848285,1427.4904142150735,1389.409678969149,1423.2210693359375,1850239
2021-01-29,1429.0117312290795,1442.0161305689046,1389.0170691084854,1393.9735107421875,2435997
2021-02-01,1411.1490734011163,1480.5876556466117,1397.2613329904923,1473.7174072265625,2215933
2021-02-02,1486.9180830066646,1507.5288287117075,1454.5297683273116,1457.915771484375,1974202
2021-02-03,1464.3443263978338,1500.6584953500587,1464.3443263978338,1496.8798828125,1853072
2021-02-04,1501.640102904888,1511.454744100345,1460.5167323343978,1485.5440673828125,2728965
2021-02-05,1490.402366478662,1510.424138400188,1476.6127478627081,1481.470947265625,1344007
2021-02-08,1485.9366610486502,1535.8440870305349,1482.0599257410934,1513.1231689453125,2683198
2021-02-09,1519.306393349371,1555.277075783929,1514.448194084386,1530.98583984375,2364475
2021-02-10,1546.1985946186553,1558.56501853721,1497.7142432542712,1534.1756591796875,2125469
2021-02-11,1523.2321254293918,1546.6891389513291,1483.237467496887,1496.4381103515625,5970196
2021-02-12,1508.2158878330922,1508.2158878330922,1463.3630248014663,1466.503662109375,3284441
2021-02-15,1478.0848709931176,1490.353171715172,1449.3770473035102,1457.228759765625,3156535
2021-02-16,1464.4916396878077,1477.1034290574373,1433.9190098690472,1444.56787109375,3090249
2021-02-17,1442.163254301028,1455.511141005502,1422.6320963502865,1433.330078125,2096959
2021-02-18,1437.9428356237142,1444.6168385294773,1402.5120103387505,1406.4378662109375,2686046
2021-02-19,1407.4194217795248,1418.1174036890245,1386.612432225777,1399.1260986328125,2543997
2021-02-22,1398.5861842900786,1406.5360186392568,1370.1237286097892,1379.2022705078125,1931189
2021-02-23,1388.7718756627269,1410.3149674363453,1374.1971559114702,1397.6541748046875,1871135
2021-02-24,1397.653849397879,1446.6779280038643,1397.653849397879,1424.9384765625,1143204
2021-02-25,1432.9375388370738,1435.8328099137289,1403.9843488400234,1407.861083984375,1967386
2021-02-26,1393.6790554713207,1405.4075038249455,1377.0922878214383,1380.8218994140625,2715597
2021-03-01,1395.1511353846033,1438.8262852436358,1390.3419376183763,1425.2330322265625,1962042
2021-03-02,1441.770687708524,1446.6780079525968,1423.1228707810483,1443.880859375,1293306
2021-03-03,1444.7151850222886,1454.1863377443212,1438.9736438802956,1447.2669677734375,1227772
2021-03-04,1425.085955098712,1460.0751762360446,1423.6628799949808,1443.2430419921875,1822476
2021-03-05,1437.844846160101,1465.325839806847,1435.0966988723767,1446.874267578125,1954113
2021-03-08,1447.6595222469216,1453.7936727649171,1424.1043842578192,1429.747802734375,1060584
2021-03-09,1442.7522979826015,1451.487352863887,1418.2156942754143,1429.8951416015625,941590
2021-03-10,1442.7521738264657,1453.5482785285683,1435.8819253796728,1443.97900390625,1257628
2021-03-12,1452.5668475969646,1479.8515971167694,1451.0946514676434,1455.0205078125,2631081
2021-03-15,1469.1537249205016,1469.1537249205016,1443.7337792174835,1464.540771484375,1482287
2021-03-16,1477.1035176941166,1502.6215851094303,1469.1536821916416,1473.1285400390625,3191850
2021-03-17,1466.552851747432,1471.754659827263,1442.8014665018159,1445.255126953125,1195023
2021-03-18,1458.0630956209898,1465.227831732622,1435.8820301219855,1440.985595703125,1242978
2021-03-19,1423.1229267954611,1443.5864290571667,1405.5056943488719,1438.2864990234375,2360672
2021-03-22,1437.844766491529,1441.427134069226,1421.1598784162006,1433.23193359375,1331121
2021-03-23,1433.2319600428705,1486.7217492714744,1427.0486887778004,1467.6322021484375,2534795
2021-03-24,1458.4555022691059,1480.8329293655952,1449.082473157183,1460.565673828125,1871092
2021-03-25,1456.5909592335165,1470.7240673254994,1420.914760407402,1423.957275390625,1609996
2021-03-26,1432.8393967024215,1484.3662595484363,1429.9931269836882,1477.9376220703125,1922278
2021-03-30,1482.0109688696314,1534.0285724127377,1482.0109688696314,1523.4287109375,3466042
2021-03-31,1521.171209758952,1538.3468312516,1508.2649330758081,1529.170166015625,1431746
2021-04-01,1531.083898437436,1563.766698807899,1522.7905752439483,1530.4459228515625,1343989
2021-04-05,1512.534270209637,1530.1025012087746,1472.196120470277,1506.54736328125,1376233
2021-04-06,1501.1492448204738,1519.3063295077434,1481.0292320589049,1497.223388671875,1400544
2021-04-07,1493.8866256610343,1532.50721773173,1480.0480044877631,1486.034912109375,2592185
2021-04-08,1500.9038291567258,1549.7316633895505,1497.2233391391762,1542.1744384765625,2085919
2021-04-09,1540.8006324881699,1588.0090353500902,1532.360064543634,1562.490966796875,3569146
2021-04-12,1541.880091381607,1543.4995310979255,1474.4044349319026,1482.452392578125,1889829
2021-04-13,1500.2659536956037,1524.5081881133017,1488.5375059801595,1502.2288818359375,1880575
2021-04-15,1516.362011637441,1525.685920446862,1487.4579422512863,1510.0316162109375,1313429
2021-04-16,1501.4437313549151,1530.887652457645,1501.4437313549151,1520.3369140625,1501276
2021-04-19,1496.732832630962,1504.0446926443672,1472.2943512710672,1490.549560546875,1439975
2021-04-20,1495.9475844187095,1531.084048322497,1482.0108416454939,1494.6717529296875,1789104
2021-04-22,1501.640108669247,1501.640108669247,1445.843897220416,1453.401123046875,2200432
2021-04-23,1450.6038737414801,1469.1535683482782,1424.693198719891,1434.360595703125,1726070
2021-04-26,1442.7521586982552,1462.1360737555958,1437.9920820001294,1452.4195556640625,1020499
2021-04-27,1457.4741993682326,1475.680406482046,1454.5298070462763,1467.386962890625,1145908
2021-04-28,1477.10358902177,1486.8201083529427,1464.0500675213127,1480.8822021484375,1037771
2021-04-29,1495.7513748302172,1499.1864993787117,1469.251842598973,1478.8702392578125,1927546
2021-04-30,1472.1960552381556,1488.4393329706652,1443.7335981702179,1464.0008544921875,3691399
2021-05-03,1449.6223790179818,1449.6223790179818,1394.6603930836507,1397.5556640625,3945733
2021-05-04,1407.419505337237,1407.419505337237,1374.0988473982247,1376.89599609375,3194977
2021-05-05,1379.9385201136986,1405.358464182582,1377.3867374235206,1401.92333984375,1819256
2021-05-06,1409.1862633927021,1421.6016889462956,1404.4751875867576,1417.6268310546875,1464006
2021-05-07,1422.1415265396809,1432.201533887529,1413.2102269045815,1419.6878662109375,1190019
2021-05-10,1427.4415141764828,1442.5069652388822,1418.2157270081202,1428.1776123046875,1322561
2021-05-11,1412.4249751624425,1430.9255496537596,1405.456603950749,1408.6463623046875,1582827
2021-05-12,1404.4751829649424,1432.9376429970762,1399.4206186873644,1427.981201171875,1358169
2021-05-14,1441.7707789735362,1450.4077110728765,1406.4380709796305,1428.864501953125,1876873
2021-05-17,1434.9004686774888,1443.537400406532,1411.3453310247803,1441.083740234375,2218758
2021-05-18,1452.5667621711061,1518.4229745215287,1448.8862720642537,1510.718505859375,3075596
2021-05-19,1494.0336880834132,1525.097050016914,1488.6847567980192,1492.9541015625,1504440
2021-05-20,1494.7698862773548,1537.2182103623816,1494.2791542070077,1502.965087890625,3032029
2021-05-21,1523.4285814479522,1524.0665570968204,1505.1243711880359,1509.8353271484375,1158893
2021-05-24,1503.750238089269,1506.5473868003041,1477.5450748512271,1492.5615234375,1126532
2021-05-25,1507.5288934742346,1545.7078718342948,1506.547429350879,1540.064453125,2530758
2021-05-26,1550.713249389282,1584.0830281736085,1547.4253686764694,1553.6085205078125,3839248
2021-05-27,1561.214851301274,1577.1636424701903,1538.2976891831563,1564.6990966796875,2810155
2021-05-28,1565.4351516365628,1582.3654064113155,1541.438403661484,1547.768798828125,1028675
2021-05-31,1541.5366517390323,1578.4396788738254,1539.9172119714174,1566.662109375,1525715
2021-06-01,1578.194134135742,1582.119990190806,1559.8408050013652,1561.90185546875,1111933
2021-06-02,1551.6947837168343,1567.1528437064235,1535.2061384715532,1556.3076171875,1859258
2021-06-03,1571.3240362024526,1670.7463982212626,1559.1048559863912,1659.85205078125,7221910
2021-06-04,1682.0331618229739,1682.0331618229739,1634.6283995800695,1648.368896484375,2952017
2021-06-07,1654.6010882467465,1682.0820807086093,1644.9336916457935,1653.864990234375,1471576
2021-06-08,1654.7485247490877,1694.007089986314,1643.1672000810527,1680.75732421875,1743285
2021-06-09,1683.1617650272149,1707.6493655470915,1664.7103123288787,1698.6689453125,2551140
2021-06-10,1709.1216337379915,1713.489101126473,1690.277450846345,1706.422607421875,1850763
2021-06-11,1704.3615763624812,1710.6919720537405,1692.584006847481,1696.41162109375,761647
2021-06-14,1696.411528191953,1707.7474861523942,1681.2479561948571,1702.6439208984375,887780
2021-06-15,1715.599316139935,1716.531659149566,1687.7257106118325,1691.455322265625,868275
2021-06-16,1692.0440408374482,1696.9513611415011,1674.868419773263,1683.1617431640625,1116772
2021-06-17,1674.3776824315973,1690.081107354754,1669.8629717277145,1679.6776123046875,546515
2021-06-18,1668.5869985872077,1693.0254772640214,1654.7483795171827,1679.5794677734375,2018319
2021-06-21,1667.5075010364262,1715.1576308754982,1659.4104222350427,1710.544677734375,925811
2021-06-22,1717.6602469942723,1737.9766251520807,1715.599196406339,1724.432373046875,2083172
2021-06-23,1724.4324549996063,1752.894914416219,1722.518647892921,1749.5089111328125,1608518
2021-06-24,1751.913432039254,1759.7160237715027,1734.8359326057487,1747.84033203125,1271298
2021-06-25,1751.9134515660614,1758.7837003957322,1709.710494469512,1721.3408203125,1378327
2021-06-28,1735.7190919573957,1735.7190919573957,1687.8727217380444,1696.0189208984375,1339433
2021-06-29,1703.6255172074884,1713.6364036010038,1689.3451659210928,1699.5032958984375,1236704
2021-06-30,1705.7845269097222,1722.8129042956564,1696.1171299333525,1700.386474609375,803926
2021-07-01,1696.9514001225264,1714.0288991344462,1693.7616418516193,1708.0419921875,567971
2021-07-02,1722.469365029852,1735.0811537980337,1707.943649527065,1722.2239990234375,1259675
2021-07-05,1727.3768751158425,1730.223145064776,1710.6919848448372,1717.464111328125,632904
2021-07-06,1717.5622113312104,1741.117350229467,1713.6854759772584,1730.125,960973
2021-07-07,1730.1249838083108,1750.3431205452396,1686.1553436866768,1695.23388671875,2188364
2021-07-08,1697.9328316643048,1713.636256697038,1689.3450210995286,1694.3504638671875,1167637
2021-07-09,1692.0441553143617,1707.6984602203481,1686.1553705510867,1688.7071533203125,831213
2021-07-12,1697.9327086904823,1706.9621295072927,1680.1682343703305,1687.9708251953125,792602
2021-07-13,1697.9329696108814,1702.8402903323001,1685.6155466770665,1692.28955078125,797913
2021-07-14,1694.0069086223743,1696.5586911280682,1673.39616407946,1678.64697265625,891780
2021-07-15,1673.8869891007294,1684.9284600050878,1663.0908842164679,1670.01025390625,943422
2021-07-16,1675.261006498849,1678.3035210843193,1657.3492876334753,1663.925048828125,907734
2021-07-19,1662.9436219711438,1677.5674605662434,1643.854193744998,1649.203125,831260
2021-07-20,1649.2032455932217,1660.0974735982838,1631.6841346355043,1640.419189453125,819793
2021-07-22,1667.5723598811426,1686.9044174527533,1654.9794350251484,1674.213134765625,1146821
2021-07-23,1686.9044108642477,1698.021487829683,1669.5399903632665,1673.426025390625,1053239
2021-07-26,1673.3769116380079,1708.7451386954758,1672.4914509684886,1694.9716796875,1435514
2021-07-27,1704.9575684862407,1714.205486990979,1685.625509717807,1701.071533203125,1075244
2021-07-28,1702.006104117464,1720.8953723794805,1687.8390928734323,1695.6605224609375,1714957
2021-07-29,1710.8603377792153,1727.8804455317645,1699.8416188344052,1711.0079345703125,1346162
2021-07-30,1713.8119236537807,1719.6164771501462,1683.5102641068465,1686.80615234375,1199644
2021-08-02,1700.0384434480034,1747.2617335437812,1697.0869878170174,1742.8837890625,1718511
2021-08-03,1751.1970227632416,1824.9341752061841,1748.3931639087239,1810.4228515625,5956344
2021-08-04,1827.1477834943692,1828.5743924648764,1765.9543170367385,1770.4798583984375,2040687
2021-08-05,1790.5991734133795,1791.730468779433,1734.6689873521257,1770.1849365234375,2301814
2021-08-06,1766.9380358734793,1767.2823483313969,1749.2293027745245,1758.821533203125,877876
2021-08-09,1758.8216755558874,1801.9620964945777,1748.9834897046449,1770.0372314453125,1770502
2021-08-10,1780.7114693854676,1792.517291281946,1764.330867485098,1770.086181640625,862746
2021-08-11,1775.7924917276455,1785.630677277383,1744.851446211736,1760.4449462890625,748179
2021-08-12,1768.9057005484528,1799.9943417893633,1752.1807856934342,1794.0914306640625,889082
2021-08-13,1800.3879656035233,1811.2099697683532,1789.3200067985836,1808.16015625,1194666
2021-08-16,1798.4202312479013,1817.1620218489736,1787.598227668182,1807.4713134765625,461655
2021-08-17,1810.2260311521075,1847.95544642369,1799.0597152506919,1844.1185302734375,1917077
2021-08-18,1857.2527849435533,1860.0566439101262,1829.9025800637235,1849.8741455078125,1029077
2021-08-20,1829.3121976315012,1861.6798512685846,1827.885588706814,1846.4306640625,1070166
2021-08-23,1858.4330772272667,1864.335988007237,1817.9489234422995,1840.0848388671875,1092285
2021-08-24,1852.5303607792835,1856.760828653386,1822.6222523377103,1839.34716796875,1003905
2021-08-25,1829.9024582769887,1839.4454499407418,1790.5497172387738,1793.1568603515625,1280400
2021-08-26,1793.1570215794857,1804.9136059837067,1776.0385536696845,1785.97509765625,1059290
2021-08-27,1794.485204814629,1800.3881166725719,1767.9221014538862,1793.0587158203125,1020589
2021-08-30,1805.3072052581379,1856.4165355924126,1802.1590336466609,1848.0540771484375,1670309
2021-08-31,1848.0538227235993,1893.8506221704617,1845.2008451350569,1890.505615234375,1816071
2021-09-01,1894.0474048724848,1922.3321878930421,1884.0125038040755,1908.0177001953125,1247432
2021-09-02,1926.808593828297,1947.46878298857,1915.3470839179959,1935.2694091796875,1167157
2021-09-03,1938.2210515320721,1991.6424509748033,1938.2210515320721,1986.625,1548784
2021-09-06,1992.2325896588356,1999.9555413577646,1973.6876337691674,1987.9530029296875,679133
2021-09-07,1981.4107544430167,2006.891681411418,1980.1317421642937,2000.98876953125,773091
2021-09-08,2001.0377539226608,2033.5530060486838,1982.4436788258251,2022.6817626953125,796813
2021-09-09,2018.7956199903197,2026.6661682164029,1988.3464845786748,2001.382080078125,653397
2021-09-13,2004.038483843034,2010.3840657612207,1988.4449830859446,1997.791259765625,786459
2021-09-14,2005.9075899854915,2028.1418643581876,1999.168457191084,2022.4356689453125,888765
2021-09-15,2026.6662152049096,2098.4849694330446,2026.6662152049096,2085.5478515625,2795995
2021-09-16,2098.4357247990097,2098.4357247990097,2061.1490978901957,2074.578125,725123
2021-09-17,2079.7428649873063,2115.209566453523,2046.3422782434086,2061.68994140625,1727410
2021-09-20,2054.213167362924,2062.0837158968816,2037.0455814112452,2043.735595703125,411738
2021-09-21,2041.4231307912949,2063.5590442577063,2028.7319698132321,2052.09765625,539788
2021-09-22,2062.870629284028,2076.791564648596,2039.8491328230089,2047.37548828125,1057480
2021-09-23,2056.1810297386364,2079.5467232583937,2042.9979555761633,2070.987548828125,711634
2021-09-24,2070.937991614599,2080.7761768479227,2051.261621147952,2059.03369140625,540771
2021-09-27,2065.035170265967,2073.2501513690218,2043.587877486742,2056.4267578125,507550
2021-09-28,2049.490837650215,2103.4041443939327,2049.343360937821,2094.844970703125,923489
2021-09-29,2094.5498437954743,2132.8202920706085,2075.9065289683335,2112.75048828125,912912
2021-09-30,2115.1110978024726,2149.6432199751143,2101.731311577064,2126.867919921875,1374265
2021-10-01,2122.0965297335356,2139.8052629441077,2088.3022677806675,2128.7373046875,626710
2021-10-04,2125.0479712019865,2139.116623864161,2103.4039640878923,2120.424072265625,870878
2021-10-05,2120.4241984922924,2170.9431376269004,2095.533540791356,2157.169677734375,1329784
2021-10-06,2158.4980380307597,2169.0248491572493,2100.551217771331,2112.89794921875,895210
2021-10-07,2218.51091132331,2345.669463557695,2213.591818393547,2336.91357421875,8361061
2021-10-08,2380.8408036825463,2380.8408036825463,2314.9249632500128,2320.040771484375,1845797
2021-10-11,2338.5369441496264,2367.1661631010365,2319.4017193379577,2324.173095703125,1056932
2021-10-12,2326.7310070139247,2467.2203522196337,2304.7425650576515,2452.266357421875,3517011
2021-10-13,2498.8005490606797,2566.7332655292175,2449.7081012600493,2496.144287109375,4023645
2021-10-14,2533.6280175332213,2542.1871910750633,2491.373057886766,2522.56005859375,1546459
2021-10-18,2577.604760591207,2634.567762087015,2533.824832405593,2546.90966796875,2572741
2021-10-19,2595.313393298389,2595.313393298389,2428.802099964139,2444.690673828125,3546129
2021-10-20,2446.8551369210372,2465.006540575191,2364.1159033213617,2372.3798828125,2868983
2021-10-21,2394.5159030789487,2396.532779169994,2341.537417604888,2356.93408203125,2303014
2021-10-22,2378.282983338902,2454.5781636713796,2359.196998608844,2372.970458984375,3063724
2021-10-25,2366.083414793928,2372.9701440677563,2302.135214394092,2340.651611328125,1446182
2021-10-26,2351.326313898755,2428.5068304320193,2332.6337616125306,2415.028564453125,2567357
2021-10-27,2428.064307199771,2442.18220019976,2412.5199252663906,2420.292236328125,2082690
2021-10-28,2430.0318390677235,2430.0318390677235,2321.811797651752,2336.716552734375,3330380
2021-10-29,2361.1642338985034,2365.0995076216673,2308.5791868107312,2344.98046875,1450019
2021-11-01,2401.943921380231,2401.943921380231,2351.670934020256,2367.36279296875,1276469
2021-11-02,2383.5958447142766,2424.9162275194617,2381.8741620973938,2414.24169921875,1546219
2021-11-03,2422.1609804518876,2431.6547322480706,2367.1163871997737,2378.82373046875,1554405
2021-11-04,2399.5335637513494,2405.2397596654464,2382.8086475628406,2392.40087890625,181506
2021-11-08,2437.803843492779,2507.458243571421,2408.6829590700618,2495.70166015625,3449086
2021-11-09,2488.0278821012853,2502.637683692478,2450.839492751949,2471.45068359375,1097405
2021-11-10,2464.4655550076927,2485.9620871623365,2432.19625738714,2444.395751953125,911235
2021-11-11,2443.805398268563,2501.653979888783,2436.2300430993873,2487.19189453125,1726010
2021-11-12,2506.6222075929695,2520.297189465046,2482.1742203651065,2498.4072265625,1673817
2021-11-15,2509.720984384575,2531.0697977190225,2490.7332393655265,2498.30859375,846885
2021-11-16,2508.8358820434664,2510.0656552807745,2479.370323125497,2490.78271484375,1133767
2021-11-17,2482.0757170601582,2497.915291748695,2450.7904794061496,2458.906982421875,892518
2021-11-18,2451.6758653362767,2479.2227851715156,2416.7503062594556,2438.09912109375,739912
2021-11-22,2452.0696396654453,2452.0696396654453,2314.925408521797,2352.605712890625,1361329
2021-11-23,2341.488121853342,2371.937257584807,2326.7800827393785,2349.0634765625,1247942
2021-11-24,2361.164640699125,2366.329688350654,2326.730989688929,2337.405517578125,614145
2021-11-25,2321.8118537001233,2364.312768407804,2317.04023750102,2359.000244140625,662071
2021-11-26,2339.3240133639383,2346.505937483579,2248.0748343816945,2255.20751953125,1289322
2021-11-29,2252.9442769652655,2296.6257205823695,2195.2924190420104,2286.5908203125,1094276
2021-11-30,2298.593632629108,2351.326404556278,2298.593632629108,2337.06103515625,2675375
2021-12-01,2370.8060421549326,2402.435713159512,2309.4156191659167,2322.008544921875,2177426
2021-12-02,2330.6659890268174,2383.3002779305466,2321.860861631402,2347.8828125,1682636
2021-12-03,2366.0833748606824,2366.5260451256604,2316.941691266971,2330.911865234375,1062389
2021-12-06,2323.140294806065,2341.340940062594,2280.885091098959,2287.673583984375,547641
2021-12-07,2298.6920417162482,2347.2435832272013,2287.7225609614907,2342.029296875,904175
2021-12-08,2346.407478717683,2378.873494146481,2338.6354074637984,2366.625,926476
2021-12-09,2384.7760461428525,2384.7760461428525,2317.7289113836323,2334.748779296875,1250492
2021-12-10,2346.800747257149,2346.800747257149,2259.142655796039,2301.49609375,2288164
2021-12-13,2314.5314469106197,2347.390887992581,2302.2337159383196,2312.46533203125,992852
2021-12-14,2304.7915781623174,2332.8796446952383,2281.229172856967,2316.7451171875,765269
2021-12-15,2316.9910546807287,2329.9281719313776,2279.950143893739,2285.557861328125,567271
2021-12-16,2306.1695692957187,2326.5345688647285,2287.624490253846,2319.106689453125,998086
2021-12-17,2298.2001640594235,2301.446813356599,2220.576975484647,2243.499755859375,1591893
2021-12-20,2223.1348220251225,2226.5289481260256,2169.319993135913,2203.1142578125,1063366
2021-12-21,2214.870665400648,2272.620764050853,2214.870665400648,2250.63232421875,883858
2021-12-22,2268.98092521599,2270.7518467652253,2245.418517368645,2262.536865234375,643034
2021-12-23,2282.4590229554437,2299.7250864472812,2272.6208375116703,2292.19873046875,613686
2021-12-24,2302.233966642607,2304.004647943392,2272.6209311605417,2281.91796875,534065
2021-12-27,2268.832991894918,2306.070619085444,2249.3043383174722,2293.576171875,537545
2021-12-28,2302.2340304776785,2346.358151120649,2289.837819887963,2341.3408203125,871453
2021-12-29,2340.504238553395,2377.348193766254,2331.9943045060563,2363.279541015625,764644
2021-12-30,2355.064735776319,2408.387649587842,2352.014802398938,2397.86083984375,1152684
2021-12-31,2407.699350324659,2493.980195029884,2405.043088095782,2481.583984375,2225749
2022-01-03,2469.384515302742,2504.801982454494,2461.809160644409,2483.010498046875,921729
2022-01-04,2484.141892017065,2552.9599530272044,2483.551504798375,2541.203369140625,1037293
2022-01-05,2534.316634618756,2565.7988288376228,2518.674015442289,2534.464111328125,1244568
2022-01-06,2498.8991692315276,2559.256534611636,2497.3742024091375,2553.89453125,1130508
2022-01-07,2587.442922270433,2643.766537213392,2520.8876899466222,2531.070068359375,4625230
2022-01-10,2543.17119517286,2620.4501977102327,2529.3977341545155,2614.498046875,1894316
2022-01-11,2607.119394684749,2635.4041805704796,2591.6734900825604,2610.415283203125,1123968
2022-01-12,2598.2646135164932,2628.7629864884775,2565.798603578574,2570.66845703125,1293999
2022-01-13,2568.7501963005275,2586.360452010703,2546.122369983058,2576.86669921875,1023670
2022-01-14,2583.5076224794498,2596.2972641748925,2546.9588578642765,2550.795654296875,1166457
2022-01-17,2550.7956890624755,2562.1588419924697,2509.1308750491935,2555.51806640625,1172956
2022-01-18,2555.960530443976,2592.3618159044945,2545.1385266584166,2558.5185546875,1221314
2022-01-19,2555.960412608894,2575.4400665628623,2529.495791556673,2547.007568359375,629040
2022-01-20,2554.976973397022,2567.7666155434067,2508.7374979447077,2522.80615234375,1215237
2022-01-21,2506.769616569367,2520.4445980719547,2464.465419743432,2487.24072265625,1457884
2022-01-24,2479.2228179255835,2481.731603338882,2337.5529426155504,2364.165283203125,1411443
2022-01-25,2347.391198650852,2368.7892533745135,2292.690787970882,2338.044921875,2849686
2022-01-27,2289.345842961795,2322.205287562566,2223.4299978915583,2272.670166015625,2460051
2022-01-28,2275.5721028756,2339.323587258764,2270.653010565017,2278.130126953125,1317407
2022-01-31,2314.9247668727567,2341.487864495181,2298.5442860816133,2322.106689453125,900510
2022-02-01,2340.307569040904,2402.5833300768513,2320.778675129031,2392.449951171875,1246431
2022-02-02,2411.339265105012,2437.8038880136105,2402.2389435210785,2424.12890625,1144427
2022-02-03,2440.3616074938386,2465.99012554806,2377.8891373967376,2434.9013671875,3883564
2022-02-04,2469.3847802225487,2479.222966597937,2390.6792892194394,2431.163330078125,2718069
2022-02-07,2439.870228087867,2457.7264403343256,2349.35891317493,2370.2158203125,1119632
2022-02-08,2379.266735385854,2425.1127768580673,2362.049910398018,2404.108154296875,1524580
2022-02-09,2425.1126305925845,2454.627185934482,2416.307502953598,2444.59228515625,826261
2022-02-10,2459.4971063573003,2463.432380509816,2425.653844721696,2451.5283203125,788689
2022-02-11,2439.870108890367,2439.870108890367,2382.0707665930654,2402.73095703125,1030760
2022-02-14,2341.4880442360823,2383.7922399932886,2313.2032621891126,2359.19677734375,816491
2022-02-15,2382.7593594316168,2459.349731884747,2360.180771081009,2455.5126953125,1293933
2022-02-16,2469.384564087735,2479.1242716708553,2420.4395911541233,2447.789794921875,1008929
2022-02-17,2468.8927362678974,2496.4396566167725,2446.756818130409,2452.8564453125,960885
2022-02-18,2439.1812962190606,2459.054382216161,2420.9806536621495,2448.675048828125,654373
2022-02-21,2447.7406534037837,2447.7406534037837,2372.0358608954098,2414.63525390625,788568
2022-02-22,2338.5366273699356,2417.2421091493193,2338.5366273699356,2410.453857421875,874150
2022-02-23,2412.3228553174517,2484.14160264134,2412.3228553174517,2455.315673828125,2096198
2022-02-24,2363.132297309827,2426.096688245643,2356.2455670512227,2367.657958984375,1875086
2022-02-25,2384.2840007453437,2433.9668322030043,2384.2840007453437,2428.506591796875,1284338
2022-02-28,2390.6791577798126,2522.1664153816687,2390.6791577798126,2505.34326171875,2355891
2022-03-02,2508.737257161217,2562.650560764892,2483.5024078858005,2550.697021484375,3536974
2022-03-03,2577.6044221010975,2597.0840760771252,2518.575313198019,2532.5947265625,2153478
2022-03-04,2523.494471480054,2523.494471480054,2390.678972981104,2401.5009765625,2652474
2022-03-07,2375.7251928269884,2380.7917625185796,2292.2973278773825,2351.03125,1545686
2022-03-08,2361.164667896679,2380.3491308233397,2287.968659267918,2332.8798828125,1467595
2022-03-09,2354.2778898560728,2420.6856447935093,2336.56915520609,2394.27001953125,1581979
2022-03-10,2457.578703395462,2464.2194785147253,2405.288844273145,2427.867431640625,1051744
2022-03-11,2437.902334746391,2457.7754211562687,2409.2241204681595,2453.25,812330
2022-03-14,2449.7081745473733,2503.8181944670946,2434.9508963874496,2497.915283203125,1004492
2022-03-15,2517.5915830275308,2537.2679533520914,2502.0472024331148,2515.57470703125,1571483
2022-03-16,2536.0875614620704,2551.5334649954552,2524.4784542812176,2545.433837890625,757197
2022-03-17,2558.026644404491,2677.609594035184,2558.026644404491,2659.261474609375,3336088
2022-03-21,2695.662929835396,2723.2098502862686,2656.310186334149,2663.44287109375,1889261
2022-03-22,2672.297124675469,2674.805910004942,2603.6265421497055,2668.853759765625,1279904
2022-03-23,2685.8246661898816,2698.565068491485,2634.5186244117726,2646.471923828125,1281815
2022-03-24,2650.4072077286614,2650.4072077286614,2570.2752338403598,2576.12890625,1835380
2022-03-25,2588.42663428354,2591.378089966873,2477.2551368779755,2483.0595703125,2863040
2022-03-28,2495.45562155015,2504.359226999962,2442.8213318781877,2494.865234375,1316800
2022-03-29,2508.7372252420323,2517.591591919357,2484.4369558433878,2497.718505859375,908172
2022-03-30,2514.9355076908296,2524.2325453210515,2469.3846589713885,2482.32177734375,866666
2022-03-31,2484.387801968989,2504.211649743934,2479.173515597963,2495.111328125,910316
2022-04-01,2496.9314740481777,2508.7372966205094,2451.528344148115,2480.05908203125,1208002
2022-04-04,2499.243498987985,2520.543074088386,2468.1547373611393,2476.271240234375,1424995
2022-04-05,2491.0288068129526,2536.0877487498797,2479.272222054205,2507.950439453125,1586304
2022-04-06,2505.785977569301,2523.396234456945,2482.469524755967,2498.948486328125,1349078
2022-04-07,2461.809336166548,2503.277194170606,2412.323212441017,2418.570556640625,2785215
2022-04-08,2428.408739536559,2491.6680834205094,2425.1128511476054,2469.33544921875,1217812
2022-04-11,2462.497663855187,2469.3351542765413,2437.311814605095,2449.560546875,660112
2022-04-12,2439.8699918276375,2467.9088203627534,2400.763204660239,2447.937255859375,1182427
2022-04-13,2451.872631919411,2455.561951616803,2401.599646290333,2421.52197265625,1165453
2022-04-18,2395.598387611448,2459.5465991903984,2371.002921619544,2453.1025390625,1109814
2022-04-19,2468.794028283786,2479.812987548623,2401.5009394924273,2412.913330078125,929834
2022-04-20,2413.356000823199,2464.465323465438,2403.17338335082,2442.526123046875,639190
2022-04-21,2442.526485225148,2484.09282269257,2426.096762003855,2480.206787109375,880723
2022-04-22,2474.303602140649,2485.56827626745,2436.4265887480387,2472.040771484375,878780
2022-04-25,2431.0157770624605,2448.7245119823815,2407.453369470917,2414.1923828125,682383
2022-04-26,2420.1937987206998,2510.8525882349527,2419.2099801033337,2506.966552734375,1232557
2022-04-27,2487.732437253995,2496.7345202207616,2447.9862677944407,2452.02001953125,801135
2022-04-28,2488.962190715002,2490.0444870817337,2436.9182909922774,2472.532470703125,933881
2022-04-29,2480.2067081168766,2491.028712793309,2410.3555870235414,2418.4228515625,1496781
2022-05-02,2395.5980879990598,2397.565725032324,2333.961954008088,2347.93212890625,1287401
2022-05-04,2317.8765276047525,2368.0512741700504,2238.1872242363374,2252.895263671875,2357806
2022-05-05,2271.6369307270943,2271.6369307270943,2215.7067525757825,2225.3974609375,2118580
2022-05-06,2203.7536078098474,2203.7536078098474,2159.924442259363,2173.00927734375,1465638
2022-05-09,2159.4816652421778,2177.5348312759247,2135.870020610828,2147.87255859375,968069
2022-05-10,2144.724413010507,2150.627324238976,2090.614393416205,2102.7646484375,1092429
2022-05-11,2092.778688417908,2103.403976373994,2061.83764428709,2080.48095703125,1472911
2022-05-12,2067.986541428824,2069.8557005519942,2002.611848421193,2015.4014892578125,1362031
2022-05-13,2022.8784729998217,2119.1452169294025,2022.8784729998217,2057.853271484375,2580348
2022-05-16,2083.7276024479793,2117.1774317601753,2062.7722201643846,2075.463623046875,1370151
2022-05-17,2110.2907380588335,2149.6434790948956,2076.8409081781806,2141.133544921875,1256142
2022-05-18,2151.611291617991,2158.793215480797,2126.032007858472,2131.68896484375,1188772
2022-05-19,2090.6145154751484,2121.2113698717844,2021.8456917244948,2077.775634765625,981115
2022-05-20,2105.272976711941,2120.6698793610094,2094.7461674767924,2102.46923828125,1017542
2022-05-23,2125.047942372237,2164.400682045797,2103.403935551779,2116.48876953125,1346294
2022-05-24,2116.83311130382,2129.96718517295,2087.0236010490744,2105.61767578125,1150314
2022-05-25,2125.047942086431,2145.708130412271,2071.9217435342703,2079.201904296875,1125068
2022-05-26,2097.501092788485,2116.0461680385574,2041.9153461925425,2107.2900390625,1382368
2022-05-27,2120.129047384661,2124.998901334837,2089.0402840708757,2114.4228515625,865917
2022-05-30,2128.9834087396266,2223.4299924914767,2128.9834087396266,2219.396240234375,1691435
2022-05-31,2218.412290149594,2262.7826015871788,2141.379491995442,2180.141845703125,7005071
2022-06-01,2218.5108850097263,2267.60333579045,2144.7244919384493,2162.039794921875,2126105
2022-06-02,2141.379750272346,2189.3409090254795,2141.379750272346,2185.011962890625,966727
2022-06-03,2195.5387945448797,2208.623630629976,2162.187438380627,2168.729736328125,1228695
2022-06-06,2168.7293149649245,2173.205736991429,2130.9015432540127,2162.97412109375,1285097
2022-06-07,2138.3792077226994,2144.183642042614,2054.2134689432514,2066.806396484375,3255286
2022-06-08,2071.9709898805154,2098.4848502884824,2062.6247141759955,2094.402099609375,1775344
2022-06-09,2071.9217802948833,2119.145068734653,2068.970324767398,2105.076416015625,1035771
2022-06-10,2073.8896613154975,2130.951141560421,2073.8896613154975,2107.58544921875,927889
2022-06-13,2073.8896071848694,2090.073375104248,2042.6041276912167,2068.380126953125,928411
2022-06-14,2066.018935184497,2082.645372444,2039.111402024041,2067.986572265625,893733
2022-06-15,2069.954491181862,2093.0742300329903,2056.1810297386364,2070.987548828125,783714
2022-06-16,2091.991581381381,2110.290701724106,2009.0066342644513,2027.6007080078125,1265289
2022-06-17,2007.9736324462137,2018.4512037810382,1879.6345524329745,1905.1153564453125,6066708
2022-06-20,1906.6403356862115,1941.5166549856974,1874.6169940844268,1929.956787109375,1967950
2022-06-21,1947.8623367135438,2059.870052631035,1934.679144357698,2044.473388671875,3289922
2022-06-22,2036.5043603838797,2037.4389399508725,1974.5237928939355,1998.3321533203125,1507811
2022-06-23,2006.9896955411925,2014.6635277092146,1964.8330977690514,2008.3670654296875,1632845
2022-06-24,2020.3205748183227,2042.8006839422985,2001.0376357022453,2012.4991455078125,854618
2022-06-27,2048.310219647582,2049.933424177901,1992.2325623373458,2007.2850341796875,1067849
2022-06-28,1987.3135513332927,1989.2811885128306,1928.2844359471553,1936.2042236328125,3397585
2022-06-29,1918.4461754192264,1922.6766432286788,1891.8830745288062,1904.8203125,2375427
2022-06-30,1918.4461809049017,1933.9413231352876,1894.8345356014568,1909.8377685546875,2489709
2022-07-01,1864.3361791527084,1922.7257869187733,1795.5181186251664,1914.7076416015625,4064801
2022-07-04,1922.3813173019507,1934.7774061785458,1896.8020367237261,1930.7437744140625,1023678
2022-07-05,1935.1711281801681,1956.9134945692851,1909.1491750283697,1922.62744140625,1555345
2022-07-06,1926.3166081459099,1992.7243563838306,1909.9360062282165,1980.9677734375,1952701
2022-07-07,2095.5337654230316,2136.4607181383217,2068.527990991164,2093.07421875,5915740
2022-07-08,2112.8201425940124,2126.642330442758,2083.6948181984408,2117.114990234375,2039331
2022-07-11,2125.654894784603,2146.2401767816978,2099.5902957883986,2136.120361328125,1219508
2022-07-12,2104.921619626614,2114.794610337808,2087.5944727205056,2102.947021484375,1096542
2022-07-13,2102.946865589907,2114.5970419734344,2080.683224978637,2084.5830078125,1169721
2022-07-14,2104.9217025178345,2112.8200953978267,2086.163019427854,2100.429443359375,767221
2022-07-15,2107.8834622903237,2165.2948053742525,2105.118976754769,2161.888671875,1742573
2022-07-18,2168.108489245842,2218.7569734730664,2166.183304505698,2209.031982421875,2016386
2022-07-19,2204.145165471944,2224.3847963307007,2188.5457920167446,2212.734619140625,867223
2022-07-20,2251.041550237105,2268.812930896872,2232.381696960261,2242.353271484375,1620332
2022-07-21,2255.9783418280103,2268.8132295495698,2235.2450616624137,2259.53271484375,1117118
2022-07-22,2269.8004403981854,2300.3572967706186,2254.1024824416254,2295.47021484375,1185176
2022-07-25,2309.5884659826215,2318.967805942806,2283.6224555691024,2299.271240234375,1248393
2022-07-26,2305.2937070586268,2305.2937070586268,2257.5085328028354,2264.073974609375,1142159
2022-07-27,2256.077105747115,2281.6480541614765,2237.762660566115,2274.292724609375,1456382
2022-07-28,2291.521023398558,2311.760653290704,2275.7736522514097,2304.99755859375,1126799
2022-07-29,2325.0889973289386,2362.1127074774886,2309.341627487044,2322.176513671875,1239445
2022-08-01,2334.764810175346,2350.8084195215783,2309.292446820752,2346.0693359375,581266
2022-08-02,2339.898619629625,2367.34557991594,2327.113145844249,2354.65869140625,777687
2022-08-03,2364.581368121117,2395.0888141999453,2325.0894037266103,2385.70947265625,1207016
2022-08-04,2399.0872195705933,2399.5808690835006,2340.836577047523,2392.8671875,1015590
2022-08-05,2394.3973106417257,2440.99777180937,2386.647158685116,2401.90087890625,2443597
2022-08-08,2428.7553931288226,2443.2686393432214,2402.2463201659557,2415.87109375,1576547
2022-08-10,2438.5296784662914,2438.5296784662914,2386.400484637216,2402.69091796875,1065998
2022-08-11,2415.1307175088873,2454.425265134526,2415.1307175088873,2440.94873046875,1127878
2022-08-12,2440.60312409538,2461.3364030622097,2430.6313077954155,2440.5537109375,761420
2022-08-16,2429.841738032358,2467.7539243510155,2404.0731369452783,2462.17578125,1035928
2022-08-17,2463.311116392346,2491.103488083215,2449.14327868575,2460.546630859375,863500
2022-08-18,2460.54655426595,2472.0979045207723,2435.962905235436,2447.218017578125,827663
2022-08-19,2467.210803165164,2467.210803165164,2400.025057589934,2409.60205078125,751505
2022-08-22,2409.009935884813,2426.7813206577334,2377.416362955176,2386.89453125,947292
2022-08-23,2376.4284978126075,2470.1724819550086,2369.5174053802484,2448.69873046875,1417877
2022-08-24,2463.3111837085066,2463.3111837085066,2410.046447002211,2429.44677734375,672569
2022-08-25,2441.5903917207675,2469.8272391286832,2425.497370045341,2435.12353515625,732577
2022-08-26,2451.513021951543,2523.5364414283204,2450.0320733356816,2500.729736328125,2398253
2022-08-29,2426.0405568338883,2508.6280248005714,2426.0405568338883,2499.544921875,1149676
2022-08-30,2512.6763063466537,2589.7844654445785,2510.7017080705464,2571.568603515625,1794736
2022-09-01,2560.0169136668096,2613.528471673244,2533.0636025501244,2588.697998046875,1438313
2022-09-02,2597.5839316301613,2611.406119027661,2573.9381663974023,2579.417724609375,800453
2022-09-05,2591.659975453523,2606.4694610275437,2577.6897904779526,2593.980224609375,733481
2022-09-06,2598.274754955307,2613.281651690951,2577.837713667701,2598.225341796875,680071
2022-09-07,2573.8886013470287,2607.851591960772,2567.3723312568104,2604.248046875,438635
2022-09-08,2615.355196035157,2626.1166593160187,2582.774327228377,2593.33837890625,754150
2022-09-09,2618.316959795779,2618.464958230528,2560.0663185333538,2570.383544921875,777186
2022-09-12,2583.5642608414596,2635.792285355033,2576.850578941236,2627.350830078125,808360
2022-09-13,2645.961472605907,2688.415332054435,2638.0630801503676,2671.18701171875,1536444
2022-09-14,2611.4058832771725,2677.554916993456,2611.4058832771725,2666.2998046875,915281
2022-09-15,2679.6776522262585,2682.491550968373,2614.367915702706,2622.414306640625,753648
2022-09-16,2614.3678626515984,2643.6411828246564,2571.1735295734234,2578.627685546875,1425731
2022-09-19,2578.578317413746,2598.5711233590423,2520.1302613273097,2586.526123046875,808421
2022-09-20,2608.6414961215723,2659.339398646541,2601.631817505452,2649.91064453125,844553
2022-09-21,2653.8599377181145,2665.7075267257846,2622.90801501965,2632.781005859375,1052572
2022-09-22,2626.2153353054123,2710.0863369975264,2616.342345323061,2702.829833984375,1352472
2022-09-23,2702.830002590171,2720.6999709491,2633.126592550671,2638.50732421875,1226889
2022-09-26,2632.139100304792,2643.9372749957993,2530.990367257602,2621.7724609375,1371409
2022-09-27,2636.038862403913,2645.5170290240926,2552.710924940677,2567.322998046875,1246270
2022-09-28,2554.6362679315866,2601.0393228466723,2531.928389994417,2544.22021484375,1419969
2022-09-29,2561.8929000153694,2572.950600579137,2485.3772277110133,2499.347412109375,1177076
2022-09-30,2505.764892653324,2603.9023180379327,2490.5605842832456,2573.839111328125,1453944
2022-10-03,2591.6602150831336,2591.6602150831336,2523.141751907914,2541.50537109375,1049142
2022-10-04,2595.6091771599,2595.6091771599,2538.9874807781657,2552.266845703125,1291070
2022-10-06,2565.0521192907895,2586.723283322885,2548.8110995557463,2559.918212890625,1409852
2022-10-07,2655.834456651426,2710.135904649875,2641.0249708336673,2695.820068359375,5284814
2022-10-10,2675.5804481635028,2693.253004892275,2624.240897128631,2646.060302734375,1290447
2022-10-11,2658.796242159965,2659.783541173021,2583.1690413439514,2591.166259765625,1067626
2022-10-12,2596.596436637624,2611.3070956992324,2572.901260029524,2588.056396484375,1131702
2022-10-13,2576.850471671081,2594.6218542343295,2558.0917900765403,2565.64453125,1038687
2022-10-14,2606.4692582678176,2629.7696101743077,2574.6288667605686,2584.55126953125,1326916
2022-10-17,2580.700796636536,2601.434075933411,2569.495097449961,2591.659912109375,1111199
2022-10-18,2604.642938980998,2630.8557774358337,2589.833452965816,2607.5556640625,771852
2022-10-19,2620.637493565155,2642.9997220293026,2606.4696548962866,2610.9619140625,1001916
2022-10-20,2606.4694343174046,2610.418630430007,2548.564442732297,2598.077392578125,1022636
2022-10-21,2616.342324249242,2645.615642895208,2606.5187475038874,2631.79345703125,986521
2022-10-24,2662.7454812742435,2665.6085520424886,2645.122097190267,2649.811767578125,184595
2022-10-25,2663.0910071720646,2663.0910071720646,2628.1898917207136,2636.384521484375,505759
2022-10-27,2665.707200107632,2729.8816327028158,2645.9612208475755,2669.458984375,2117791
2022-10-28,2674.5437088615804,2704.1132671521636,2659.0431620102045,2701.64501953125,1003160
2022-10-31,2715.072330693803,2755.551590896874,2703.4715670990204,2726.42626953125,1144647
2022-11-01,2734.9663700252086,2748.6405582990487,2706.1866991011825,2719.95947265625,890107
2022-11-02,2710.1357450353808,2712.4559940927675,2668.6691871878447,2693.7958984375,1704942
2022-11-03,2670.6438372743246,2743.7039644308124,2670.6438372743246,2728.548828125,1227960
2022-11-04,2739.6558792118017,2746.122735823797,2711.7155105422253,2734.52197265625,1172058
2022-11-07,2736.792943943789,2736.792943943789,2671.9274451037313,2706.729736328125,1825529
2022-11-09,2733.8310618073397,2733.8310618073397,2675.580418020184,2683.57763671875,1184702
2022-11-10,2675.5801709372636,2676.666296204849,2594.6216565398995,2607.45654296875,1198585
2022-11-11,2637.0757221680105,2660.1784231683123,2607.9998137987163,2618.11962890625,833729
2022-11-14,2624.2409557820283,2631.152049345036,2589.8828995751137,2596.399169921875,565428
2022-11-15,2609.3820100308803,2635.249197270376,2587.7602569697315,2622.907958984375,1033296
2022-11-16,2625.2280911191183,2644.1841840730567,2596.5964195725014,2610.71484375,835064
2022-11-17,2604.494550047504,2611.405642485083,2543.2820170289506,2549.205810546875,1265647
2022-11-18,2547.231512161786,2550.5882324673184,2512.6760459115294,2533.2119140625,1038751
2022-11-21,2519.5870852474686,2546.194745482855,2507.3938460012964,2540.666015625,629040
2022-11-22,2547.231446946814,2575.8631182497043,2528.472765748368,2573.0986328125,912070
2022-11-23,2581.737621613695,2599.064768276836,2557.894445796424,2568.705322265625,992873
2022-11-24,2577.837738985775,2585.0450700334886,2559.5727071316055,2577.0478515625,752066
2022-11-25,2586.723443427082,2586.723443427082,2553.1552766039827,2562.435791015625,633047
2022-11-28,2551.5752904795213,2575.3692914087364,2546.2439726061457,2559.32568359375,665149
2022-11-29,2564.1637173198387,2606.469579447633,2562.0905338691673,2580.552978515625,866621
2022-11-30,2580.5527141756534,2631.151787002627,2571.1239606896934,2619.30419921875,1569918
2022-12-01,2628.1901519367625,2631.1520491778633,2596.596581365021,2605.18603515625,539844
2022-12-02,2614.3679449940773,2617.7246654259543,2571.91408486011,2584.650146484375,731396
2022-12-05,2595.6094952986373,2596.5473812939927,2556.3643536333193,2582.428955078125,747114
2022-12-06,2586.5262044101987,2590.6728123805883,2558.388180342803,2583.76171875,706596
2022-12-07,2583.0703484364685,2590.4256775692984,2553.8462024517867,2563.867431640625,712914
2022-12-08,2563.867304616125,2580.7005584215044,2545.997097693861,2550.686767578125,648288
2022-12-09,2564.015582266697,2596.4976239549633,2535.3344972220607,2582.231201171875,935047
2022-12-12,2580.305938209792,2580.305938209792,2538.3457306819882,2551.822265625,726330
2022-12-13,2564.4105238864836,2566.977597900309,2532.4221302362666,2543.18359375,832740
2022-12-14,2542.1468215999453,2563.0280981718333,2538.4936226189507,2558.1904296875,767737
2022-12-15,2552.1679565979957,2555.771501590812,2482.612789122269,2490.6591796875,1225728
2022-12-16,2468.247757025391,2487.9937390815944,2448.501774969188,2451.315673828125,1177053
2022-12-19,2451.660912827804,2493.176885412196,2437.3450768359316,2489.770751953125,572224
2022-12-20,2484.8342264756425,2485.6241139011067,2450.5749986243654,2476.2939453125,597902
2022-12-21,2483.0572816487966,2495.89217018217,2449.4891116384347,2457.97998046875,519326
2022-12-22,2460.1519031850885,2477.3308108130673,2433.69223955318,2451.463623046875,557608
2022-12-23,2436.3083895513873,2473.184105261326,2423.819153060501,2451.512939453125,1310439
2022-12-26,2456.1530884215886,2480.4899123672794,2438.875355913347,2449.587646484375,1076808
2022-12-27,2466.2728837887526,2487.8946353131773,2454.03047269507,2471.75244140625,791283
2022-12-28,2471.0121990432826,2563.028425590734,2465.779465682919,2547.379638671875,2443430
2022-12-29,2522.548818084947,2555.968983969422,2509.9113433128073,2520.821044921875,1583143
2022-12-30,2531.4345182416987,2576.8502701290304,2520.6236429025626,2564.509033203125,1057182
2023-01-02,2573.888684435289,2582.7743760961707,2524.3263191570027,2533.16259765625,697408
2023-01-03,2535.3840938316007,2585.7363480315275,2522.598618669191,2580.405029296875,852511
2023-01-04,2585.538943867702,2592.894273990525,2552.7606617961856,2564.558837890625,832054
2023-01-05,2558.0916822766358,2586.723352977532,2511.342978699083,2529.558837890625,1544601
2023-01-06,2527.4855219160954,2551.5755218809372,2485.031663540161,2505.86376953125,879019
2023-01-09,2497.817225219723,2497.817225219723,2436.456684649331,2453.092529296875,2324487
2023-01-10,2463.3112262848913,2466.964184705086,2424.8065618259293,2436.8515625,948787
2023-01-11,2441.590569825083,2456.9925315419655,2400.1240093994243,2406.442626953125,1000412
2023-01-12,2418.8825991585504,2443.565074660168,2401.111216797385,2415.52587890625,874520
2023-01-13,2425.6949925112795,2425.6949925112795,2369.5177717551755,2386.499267578125,1416869
2023-01-16,2397.1622804195745,2403.875962691318,2361.619511846632,2375.293701171875,737012
2023-01-17,2374.454215229237,2387.1902765582026,2355.695533279401,2377.36669921875,926137
2023-01-18,2387.2889033200745,2398.9884925003994,2382.1549968972363,2393.3115234375,601233
2023-01-19,2362.1128978269894,2381.167817060262,2337.1341844925832,2354.757568359375,1116874
2023-01-20,2359.5951585414546,2366.506251429275,2323.114509291562,2341.18212890625,1229902
2023-01-23,2353.6715223399256,2354.0171734233927,2325.681738892738,2334.666015625,932554
2023-01-24,2342.366933447518,2360.2371421902662,2333.974891747074,2340.63916015625,714000
2023-01-25,2339.8986556415584,2339.8986556415584,2303.9116549051573,2326.6689453125,650664
2023-01-27,2338.318683744947,2338.318683744947,2273.3546071397714,2301.640625,1238620
2023-01-30,2302.3815145760486,2313.093806289211,2258.0024679811854,2305.886474609375,1401847
2023-01-31,2317.190794702082,2356.1396927450796,2305.9848544344927,2346.957763671875,1252600
2023-02-01,2377.958915542774,2379.193039220575,2270.8369803096134,2316.1044921875,1521514
2023-02-02,2311.316613488738,2354.708360861428,2240.7741407811677,2278.78515625,1788381
2023-02-03,2290.632640951688,2438.6286733344846,2290.632640951688,2431.81640625,3693638
2023-02-06,2443.417090863062,2448.4521712716805,2416.513192405101,2426.781005859375,1049075
2023-02-07,2425.102777456608,2428.508911073303,2401.210187937983,2415.822021484375,563195
2023-02-08,2415.920765715263,2448.5016342353297,2415.920765715263,2435.419921875,539085
2023-02-09,2435.666625688227,2444.2066655966723,2420.4623175497877,2431.273193359375,464715
2023-02-10,2420.857270752101,2440.603251753342,2411.0336934119455,2437.147705078125,597337
2023-02-13,2448.5013484649057,2491.893088267044,2444.700151165289,2487.055419921875,1856317
2023-02-14,2496.829806031248,2496.829806031248,2448.5015672564646,2475.059814453125,843477
2023-02-15,2471.6537322819318,2496.138796670024,2451.7597530514972,2492.239013671875,707224
2023-02-16,2497.866606334842,2513.317740112255,2486.1178440095064,2490.363037109375,704946
2023-02-17,2483.0569480479344,2513.515218160582,2464.2982673270953,2468.543701171875,607239
2023-02-20,2468.247360056396,2475.405277400559,2434.9754338507914,2442.7255859375,460090
2023-02-21,2454.375801586898,2454.375801586898,2419.3761016602475,2432.309814453125,750272
2023-02-22,2420.807795879405,2431.5200867154185,2383.7346692866977,2400.6669921875,1098118
2023-02-23,2401.6047635001764,2401.6047635001764,2349.77156716564,2364.08740234375,1602078
2023-02-24,2369.517867315564,2383.09323009706,2347.747873701638,2368.62939453125,1145691
2023-02-27,2368.629111141227,2381.365171738338,2343.4529868131476,2370.5048828125,862629
2023-02-28,2370.603695493969,2394.2000448812114,2333.5799834597233,2342.6630859375,1430349
2023-03-01,2339.89894459184,2365.618135207661,2336.295399173273,2352.141357421875,479935
2023-03-02,2352.0919557471607,2363.8901310239976,2321.8805088178656,2328.989013671875,529609
2023-03-03,2339.8986359467176,2371.4922040270108,2328.3472858253194,2365.667236328125,710845
2023-03-06,2381.9083457997913,2395.5822928721,2362.211778171,2372.923828125,682556
2023-03-08,2365.9632388803716,2370.7023223117585,2342.120064328419,2366.654541015625,858496
2023-03-09,2370.3075296684265,2377.3666212283656,2334.962176630291,2338.1708984375,601071
2023-03-10,2324.9412287669643,2349.722289919251,2308.3051436128576,2345.328857421875,543004
2023-03-13,2342.613783298185,2346.7603910336875,2291.521058280513,2302.38134765625,631722
2023-03-14,2307.268369494287,2361.4712296798393,2299.2713921500495,2325.681640625,1470817
2023-03-15,2349.7718850879346,2383.192056424127,2349.7224719244014,2368.62939453125,1656307
2023-03-16,2382.8462058594546,2450.476189328016,2382.3525563450853,2419.228271484375,2317115
2023-03-17,2435.8146318613667,2442.577726428471,2416.3154766079465,2424.460693359375,1625905
2023-03-20,2430.730310129412,2443.515784876842,2410.5400923576235,2428.706298828125,918922
2023-03-21,2443.5650658229447,2489.5238832487057,2436.7033858662703,2482.119140625,1652107
2023-03-22,2485.9695239348844,2491.9427312252187,2463.311059590698,2476.2939453125,754732
2023-03-23,2478.1203163898845,2495.8916971448716,2462.3729466510595,2487.055419921875,610778
2023-03-24,2484.8344893513113,2487.697560401733,2443.5159244985366,2461.682373046875,838919
2023-03-27,2448.5017395411714,2478.1207121969114,2435.4694397806093,2462.71875,728727
2023-03-28,2471.1105339097994,2475.3065545973554,2462.224843042033,2468.543701171875,599191
2023-03-29,2468.5440274947678,2492.9302674475775,2462.3239948571318,2483.106689453125,710603
2023-03-31,2494.855498868395,2504.53107859117,2468.247835410634,2482.95849609375,848456
2023-04-03,2493.8184248850503,2512.3302809658107,2481.3786022226545,2505.17236328125,701713
2023-04-05,2527.4857633662655,2548.712694582037,2517.711598431678,2540.0244140625,1438377
2023-04-06,2550.193506584454,2551.180805657851,2512.676141795368,2516.082275390625,1192271
2023-04-10,2535.3842171781002,2568.9523882778103,2528.5225362936258,2550.884765625,1497452
2023-04-11,2550.8843065517694,2570.432874411483,2543.282152672933,2547.28076171875,820568
2023-04-12,2547.280853272054,2560.5105635606023,2531.5826544242195,2555.031005859375,553807
2023-04-13,2555.130063747649,2566.928239752121,2544.56601161477,2552.809814453125,481459
2023-04-17,2566.977376890108,2579.071789531225,2549.5022329553917,2572.50634765625,1044487
2023-04-18,2569.98882049987,2574.530251470979,2527.5843748372035,2544.960693359375,674756
2023-04-19,2547.280945185523,2562.9789035599892,2529.460149243818,2536.66748046875,687292
2023-04-20,2544.9114359570667,2585.7363502744256,2537.852343787862,2546.4912109375,995472
2023-04-21,2560.6588897321553,2561.5967756133564,2526.74507125022,2535.68017578125,409932
2023-04-24,2538.44452202417,2602.914953046803,2537.3583967224963,2596.152099609375,1026391
2023-04-25,2601.384803168548,2603.5073995509006,2581.73740892349,2599.755615234375,630987
2023-04-26,2599.558151320227,2614.0219846106716,2592.301407577232,2607.45654296875,631279
2023-04-27,2607.4565246902903,2640.0373900120544,2598.0771846734187,2629.621337890625,620037
2023-04-28,2638.5073494740304,2645.2704445144836,2586.2299119639206,2608.296142578125,1567472
2023-05-02,2623.253506832015,2640.0375902404244,2599.9531534491257,2630.0166015625,726439
2023-05-03,2641.0249311263215,2645.467776804852,2609.5301881766623,2620.341064453125,808211
2023-05-04,2645.66508320871,2660.030331872732,2622.809207764981,2636.483154296875,1936641
2023-05-05,2636.6809156936074,2730.8691478027704,2632.43548160873,2698.189453125,2190777
2023-05-08,2698.2387764251976,2734.8182528893117,2698.189363266825,2716.306396484375,848638
2023-05-09,2718.3303412868677,2754.5641657974643,2703.668854956223,2713.492431640625,893686
2023-05-10,2724.9453272428823,2732.547481578317,2701.44756208261,2710.580078125,522149
2023-05-11,2722.9707523463294,2729.881845626396,2709.1979789461575,2722.82275390625,621067
2023-05-12,2725.7351278763144,2749.134065972376,2721.835345033603,2737.9775390625,705516
2023-05-15,2738.767512481514,2766.5107116734735,2729.141346927551,2744.2470703125,772914
2023-05-16,2749.627959086747,2765.2273328794754,2739.3107318288376,2754.811279296875,548885
2023-05-17,2749.627751376738,2754.564246442046,2715.1216990781923,2727.314697265625,539547
2023-05-18,2746.665721503982,2746.665721503982,2681.6028161056934,2687.27978515625,612441
2023-05-19,2685.4038011063085,2685.4038011063085,2648.972565314023,2667.336181640625,846419
2023-05-22,2667.2870247515016,2699.2754153351684,2666.7933752607673,2678.097900390625,559506
2023-05-23,2685.404092306844,2691.772123183541,2643.295882837384,2649.36767578125,713749
2023-05-24,2641.0248414269554,2687.4278947155785,2636.088346396251,2672.865234375,814553
2023-05-25,2679.974084993402,2685.4536433928492,2647.9362763160375,2673.556640625,651488
2023-05-26,2673.5564418338354,2724.6491681986736,2664.8681618962005,2707.322021484375,811400
2023-05-29,2710.135639226959,2785.960247395801,2710.135639226959,2776.531494140625,1107678
2023-05-30,2793.5625912532755,2805.805002747424,2762.1664340501384,2766.905517578125,1263691
2023-05-31,2766.90563421132,2796.129782999289,2754.6632222011176,2787.39208984375,1394580
2023-06-01,2787.392112295448,2801.6091225534105,2778.9506569998643,2791.34130859375,538550
2023-06-02,2794.0562810427978,2834.535541651545,2790.5513212455426,2825.30419921875,1116501
2023-06-05,2838.484606282306,2838.484606282306,2803.9291415101734,2819.4296875,724102
2023-06-06,2824.613152793461,2856.2561353736046,2821.9969067417924,2844.852783203125,1148132
2023-06-07,2858.230633633516,2873.040118781876,2833.548158386249,2870.02880859375,862821
2023-06-08,2869.9793722570294,2884.739685167527,2834.5848476621773,2840.459228515625,560514
2023-06-09,2853.2946018714692,2882.8641638109243,2826.8843490686795,2839.71923828125,727880
2023-06-12,2848.3078707984014,2848.801520241027,2797.264566638851,2816.368896484375,1112274
2023-06-13,2823.576517359893,2880.938689813573,2818.8376746498975,2875.508544921875,776313
2023-06-14,2882.9131597425676,2891.008963558542,2860.2052821144584,2870.127685546875,617700
2023-06-15,2874.076739780103,2887.5038612648086,2863.167037858924,2871.0654296875,564711
2023-06-16,2874.817619523214,2922.4053887949513,2874.817619523214,2916.77783203125,1022389
2023-06-19,2929.3162212302495,2985.9870891212436,2925.7126761876298,2930.89599609375,1382633
2023-06-20,2934.9440020176894,2948.4207794284694,2910.8540002651157,2936.2275390625,672298
2023-06-21,2936.227084217707,2947.0873726932937,2920.5782994074257,2933.364013671875,509602
2023-06-22,2937.214572669862,2946.8407380760905,2918.2584797701707,2932.52490234375,496441
2023-06-23,2934.74634301977,2943.1383847071265,2894.76073262707,2901.81982421875,869340
2023-06-26,2902.6589283470366,2943.13818551106,2902.6589283470366,2934.844970703125,839713
2023-06-27,2935.239858548249,2951.2340537672944,2903.3500533839815,2937.905517578125,913730
2023-06-28,2956.9606855480783,3005.733162710143,2947.137108106223,2989.640380859375,1525117
2023-06-30,3007.3129474923608,3028.9841137287376,2990.676861856067,3008.94189453125,946112
2023-07-03,3011.360870130278,3015.2112399343123,2987.8631049902815,2999.710693359375,429100
2023-07-04,3002.870010408324,3050.7540135333625,3000.4017628245592,3035.598876953125,1291238
2023-07-05,3035.9445265199156,3074.350362488263,3024.0969381237405,3060.47900390625,643663
2023-07-06,3060.626939375253,3072.3265290916875,3042.2630813230826,3066.945556640625,976956
2023-07-07,3100.118919159013,3169.2298504778446,3086.6915560868633,3104.068115234375,3630808
2023-07-10,3114.9284845260836,3114.9284845260836,2991.762928759165,3006.86865234375,1777220
2023-07-11,3023.9488709725065,3058.6523347784932,3006.1280756235687,3048.384521484375,1141925
2023-07-12,3074.449119406487,3084.3221095137656,3048.4336940578896,3057.17138671875,1300168
2023-07-13,3084.360474727965,3085.0044433692838,3050.0398238125495,3055.43798828125,932018
2023-07-14,3064.2531992000536,3067.918234249884,3013.6884836471727,3026.515380859375,721349
2023-07-17,3040.8279839752254,3043.7499038692963,2991.30309824273,3004.625244140625,866575
2023-07-18,3004.625468965561,3011.063704592535,2935.241050498411,2967.97705078125,1359863
2023-07-19,2981.4972113350664,2988.7276510589872,2956.6851956871433,2967.184326171875,568891
2023-07-20,2973.72191723361,2987.935656900471,2937.816373225043,2960.89501953125,1021556
2023-07-21,2962.331199068159,2976.445792259406,2941.7783703861683,2948.0185546875,599594
2023-07-24,2949.702320196434,2964.4606400466887,2923.206505198027,2950.890869140625,523141
2023-07-25,2951.683382252806,3004.080618048391,2944.50227335303,3000.2177734375,874788
2023-07-26,3015.9666613722397,3015.9666613722397,2966.540917767782,2979.76416015625,588487
2023-07-27,2985.310739945499,2995.3644375193567,2955.2986088043353,2973.573486328125,595544
2023-07-28,2979.56587520558,2981.3983928730227,2923.6523224807997,2958.616943359375,837051
2023-07-31,2921.968429827278,2989.2727051264387,2921.968429827278,2975.5048828125,656048
2023-08-01,2996.1073620693746,2998.732084506703,2959.3102237681956,2973.375244140625,602288
2023-08-02,2977.089784603347,2977.1393578603074,2931.873654198491,2948.860595703125,1152335
2023-08-03,2910.0328816841507,2958.567272525508,2855.6050774619202,2874.523681640625,3319847
2023-08-04,2892.203801755662,2907.903287522946,2870.4624249207027,2876.801513671875,709334
2023-08-07,2892.203996102626,2892.203996102626,2855.0603286879427,2877.0,580359
2023-08-08,2890.272581367672,2904.139550572315,2877.0000075715293,2893.49169921875,474417
2023-08-09,2896.215473786784,2933.8543889727953,2890.4209651153765,2927.812255859375,600081
2023-08-10,2929.8923449777926,2967.0360106088497,2889.2819372211698,2960.152099609375,970990
2023-08-11,2960.1027771142753,3038.3025327498463,2951.6835455246915,2988.57958984375,1823274
2023-08-14,2991.650013941134,2991.650013941134,2959.9540855385285,2982.0419921875,542561
2023-08-16,2976.445903771089,2987.242233116367,2949.752036292767,2982.488037109375,544441
2023-08-17,2989.322268327297,3050.1883078984406,2983.3792817103445,3042.5615234375,1699758
2023-08-18,3041.422542299572,3050.237875704012,3006.1607250403235,3021.4638671875,860782
2023-08-21,3022.0086790749606,3053.2093586524306,3021.0181813105964,3049.04931640625,706621
2023-08-22,3055.6360089411064,3061.628568738729,3011.212329605233,3046.375,714220
2023-08-23,3046.3750091875804,3055.6855914087946,3027.258354044116,3040.828125,602197
2023-08-24,3046.4740345034575,3070.4440328946457,3027.2089006613537,3032.11181640625,618626
2023-08-25,3025.9709063362657,3045.533238709471,3008.6867673630804,3038.054931640625,648003
2023-08-28,3044.790151183712,3050.6835645630713,3011.80652701136,3019.58203125,471698
2023-08-29,3022.949798990473,3060.6382897248614,3015.0753896189253,3050.138916015625,482639
2023-08-30,3050.7330626943663,3081.4384928708355,3037.856591975202,3052.912109375,582766
2023-08-31,3061.4800593213695,3089.312900931246,3052.912108713799,3074.95068359375,1420498
2023-09-01,3082.3795826880487,3095.2064808436453,3070.543182333205,3087.18359375,423739
2023-09-04,3087.331777975905,3095.2557596280712,3056.9731199993334,3070.840087890625,539813
2023-09-05,3090.3531664755515,3127.496834341844,3085.4006774267127,3106.349609375,721199
2023-09-06,3106.349597912397,3150.3278455962577,3091.1951749354735,3145.87060546875,1163154
2023-09-07,3142.8494183769835,3152.7048228060435,3122.0489652455885,3142.6513671875,805295
2023-09-08,3151.764050772945,3174.5455005428316,3142.651519229142,3168.70166015625,700158
2023-09-11,3179.448337232913,3190.938208341788,3156.3203588954993,3182.7666015625,544452
2023-09-12,3185.4903894598174,3190.5417829751623,3147.405798712283,3155.52783203125,591509
2023-09-13,3147.851591604208,3238.9278162379405,3147.851591604208,3232.1923828125,1370306
2023-09-14,3246.40587811736,3271.069174826498,3209.212640051383,3230.35986328125,1264935
2023-09-15,3230.6076723772453,3232.9847703330142,3208.222325707302,3217.731201171875,1397407
2023-09-18,3226.0512671918277,3320.14855622567,3215.9482382070805,3307.767333984375,1423507
2023-09-20,3282.5095031481746,3317.176923972009,3268.6921080696798,3275.229248046875,1201025
2023-09-21,3268.6428573961643,3290.9290586965926,3254.577836495157,3273.10009765625,1091384
2023-09-22,3267.453908447747,3267.453908447747,3230.706346517229,3243.384765625,1019051
2023-09-25,3243.3849615855524,3283.400974934535,3230.360012583251,3252.7451171875,623515
2023-09-26,3262.6996780061672,3276.566646886582,3224.0702646964405,3231.59814453125,1054827
2023-09-27,3215.948191591389,3235.9066248267573,3155.725879118513,3184.004638671875,1464192
2023-09-28,3186.926761717513,3194.256348916703,3111.8965512435107,3127.249267578125,1214383
2023-09-29,3130.022739342277,3146.2668071468256,3113.184276107003,3118.879638671875,697564
2023-10-03,3118.879588841273,3181.9742517094614,3084.8063186877116,3165.878662109375,1007308
2023-10-04,3155.7257983016666,3174.545255353685,3121.058377416369,3136.5595703125,486969
2023-10-05,3143.7407339828555,3200.2982526316937,3134.9254006745005,3185.93603515625,1109881
2023-10-06,3199.30785035572,3288.2545999464774,3190.4925167842775,3278.300048828125,1102120
2023-10-09,3263.3929066004057,3264.6806020466715,3218.1767807912533,3236.451416015625,822467
2023-10-10,3263.690144677892,3267.850186938219,3228.329422733998,3238.13525390625,633934
2023-10-11,3258.4404118288367,3264.680596041,3232.9846679240973,3249.327880859375,546575
2023-10-12,3260.718640601218,3263.7397071469686,3231.598103054401,3253.78515625,429096
2023-10-13,3253.7852413785927,3275.5761927668204,3235.510605510342,3252.547119140625,920545
2023-10-16,3252.7947321116,3297.367132521168,3243.8802520296863,3270.029296875,778014
2023-10-17,3286.421935582764,3296.8221618765424,3272.7036869448416,3277.01220703125,584625
2023-10-18,3277.755012863816,3292.5629054416972,3246.3562834445324,3251.556396484375,324535
2023-10-19,3238.927780634441,3269.58363894021,3208.2223490749097,3253.4384765625,698767
2023-10-20,3241.552480711154,3260.223460694532,3213.1748158873042,3235.163818359375,657550
2023-10-23,3215.353891734557,3243.8307033228257,3179.200722239885,3189.1552734375,566920
2023-10-25,3185.4410108448565,3205.5481650921397,3148.7925912549126,3157.55859375,762466
2023-10-26,3130.3198869955418,3159.5889041651,3062.6688374210016,3071.335693359375,1124281
2023-10-27,3065.689788536253,3108.9249200873046,3057.91428420216,3091.04638671875,1050608
2023-10-30,3075.495519029056,3092.284407556226,3045.7805864780507,3086.836669921875,802316
2023-10-31,3089.957129017953,3175.337993650136,3058.5088228969125,3159.34130859375,1235478
2023-11-01,3163.5014788301623,3182.3702683655747,3138.243785061326,3143.24560546875,756820
2023-11-02,3169.593110651257,3197.822299292995,3149.7831537096868,3171.078857421875,774180
2023-11-03,3174.6936524068333,3256.756484768667,3174.5947477278373,3243.384765625,1355614
2023-11-06,3278.5476911727437,3278.5476911727437,3214.462532401282,3236.005859375,1137606
2023-11-07,3242.8899167053573,3255.2215664056466,3219.316019832473,3239.1259765625,433992
2023-11-08,3257.7471562448354,3292.2165269067405,3241.1067453921146,3280.380126953125,632305
2023-11-09,3289.393588578388,3289.393588578388,3243.5334925199218,3252.547119140625,1317398
2023-11-10,3232.044001959928,3243.830829442957,3192.374515388727,3225.40771484375,1170763
2023-11-13,3243.880385937739,3247.198650389063,3219.712335668522,3233.727783203125,275538
2023-11-15,3244.128090479475,3269.5342636605797,3229.7658716223027,3264.63134765625,747863
2023-11-16,3264.0862437574046,3326.0915006830696,3228.2798462183723,3304.2509765625,1055389
2023-11-17,3307.2722572432003,3334.0156986764337,3295.0890855594644,3307.123779296875,633405
2023-11-20,3306.2813809550985,3322.079771184791,3280.7760647299356,3314.056884765625,497379
2023-11-21,3333.024957732374,3369.4257503613976,3323.219126650403,3362.195068359375,1038863
2023-11-22,3367.69233463163,3402.359755723426,3363.779916901132,3397.2587890625,980779
2023-11-23,3401.270389889733,3409.2439457576775,3364.0278167036013,3376.0126953125,517362
2023-11-24,3373.6354399953943,3386.6110576467527,3350.4083154094874,3364.67138671875,589530
2023-11-28,3385.471830825103,3413.20576859988,3365.0677216975364,3409.689453125,733524
2023-11-29,3440.840588816913,3440.840588816913,3391.464180926476,3396.7138671875,819200
2023-11-30,3398.4967828547733,3466.7419782118523,3389.730781410146,3457.431396484375,1480088
2023-12-01,3465.751770028277,3466.7422678190824,3437.027334094919,3456.342041015625,655263
2023-12-04,3516.2672028373054,3516.2672028373054,3445.0009342312746,3455.25244140625,808838
2023-12-05,3455.2523478146354,3516.2671075929984,3445.941765441138,3511.61181640625,713651
2023-12-06,3516.2669287426534,3539.9893009259395,3488.632138904209,3513.1962890625,474140
2023-12-07,3513.196402706055,3560.8394416156343,3485.6111852257613,3551.33056640625,820214
2023-12-08,3541.029694927149,3612.295964479084,3541.029694927149,3600.11279296875,1562141
2023-12-11,3600.0137616465563,3609.9683127190156,3564.1082170519057,3596.002197265625,620604
2023-12-12,3602.4403731932302,3609.869106434624,3529.3911629861914,3537.463623046875,1075941
2023-12-13,3550.9346393609962,3575.4494600929866,3518.991085073858,3568.119873046875,717618
2023-12-14,3612.345455730765,3612.345455730765,3550.2908656475674,3557.273681640625,992762
2023-12-15,3580.649558956141,3580.649558956141,3550.7365736604092,3566.3369140625,906271
2023-12-18,3566.4852576770027,3632.3533591160945,3559.7498245040447,3585.205810546875,699850
2023-12-19,3576.3406293122366,3593.476288871184,3565.8910714332733,3576.142578125,577926
2023-12-20,3576.1425277236317,3616.80250843649,3507.352507838864,3520.328125,849001
2023-12-21,3490.613206275149,3564.7518175317255,3485.3635198528873,3545.98193359375,816722
2023-12-22,3545.9821562341117,3603.8767048062414,3526.717022213136,3592.88232421875,777099
2023-12-26,3600.45937188686,3630.1743048047706,3589.019074349316,3621.953125,526101
2023-12-27,3633.146013067951,3659.8894542764665,3610.364563149586,3654.194091796875,666625
2023-12-28,3664.742580374032,3701.4901441475185,3645.7250716689723,3679.79833984375,1033648
2023-12-29,3679.798529949203,3679.798529949203,3625.469628057603,3640.525146484375,709614
2024-01-01,3653.946235414736,3662.8607152517466,3632.650533581877,3642.208740234375,286683
2024-01-02,3653.946294013638,3672.6172738111036,3607.888147450441,3663.1083984375,453685
2024-01-03,3672.7656566688925,3674.69707891707,3630.174253422732,3657.957763671875,356757
2024-01-04,3660.8799860802364,3691.585418863918,3651.6187346252414,3684.354736328125,545228
2024-01-05,3684.354423104007,3714.3665532181576,3652.2128195609735,3677.2724609375,963628
2024-01-08,3734.1765111563714,3740.9615174606406,3660.6816265953726,3670.834228515625,1202148
2024-01-09,3701.4407585384592,3718.2792213804414,3650.132923396975,3658.89892578125,572612
2024-01-10,3672.7656347902807,3694.556585158508,3654.936675398095,3679.154296875,556311
2024-01-11,3691.4859710182504,3707.135883846268,3657.5120916197334,3663.455078125,392818
2024-01-12,3664.842026731498,3698.816151181297,3613.286565531839,3690.594970703125,990582
2024-01-15,3704.4615890233013,3739.1290103109523,3700.4995980189983,3723.132568359375,661292
2024-01-16,3723.1324978691723,3821.340251300666,3720.3094826037586,3783.99853515625,1170685
2024-01-17,3782.6616273939253,3818.369122415163,3763.8917419397194,3793.65625,723356
2024-01-18,3755.324004771477,3788.3073887049404,3683.512912856162,3699.212158203125,1293580
2024-01-19,3706.640677117774,3824.8071085052757,3705.154930474563,3774.390869140625,2566367
2024-01-23,3750.024412692166,3821.340249383618,3670.5369697131523,3704.11474609375,1053510
2024-01-24,3728.2338498892705,3744.081815244804,3676.480338025106,3732.04736328125,636988
2024-01-25,3734.572562901581,3760.870326127062,3694.655697642096,3734.37451171875,646135
2024-01-29,3724.8661053994556,3838.178956443314,3724.8165321455444,3829.908203125,699215
2024-01-30,3845.1125021174216,3850.015417917485,3679.6993676883617,3700.252197265625,852445
2024-01-31,3713.3761004254493,3739.129042172865,3618.5359399517934,3662.4150390625,1386754
2024-02-01,3702.480781476151,3702.480781476151,3566.782582690107,3592.981201171875,1408462
2024-02-02,3600.4593204829016,3678.163820589698,3568.2185703631226,3578.073974609375,2320153
2024-02-05,3578.6188241172676,3590.207599514321,3501.310425790575,3518.297607421875,1771614
2024-02-06,3518.2976889771217,3543.95148475931,3498.04205773357,3525.330078125,1069901
2024-02-07,3544.0011275590223,3585.6020351491507,3522.012124768391,3542.515380859375,900220
2024-02-08,3570.546657821848,3575.697198219674,3469.7139294635786,3515.3759765625,1011857
2024-02-09,3515.3757681727784,3563.71186638632,3499.2801792457344,3557.471923828125,838509
2024-02-12,3564.8014732399674,3584.2153262548736,3536.12661117058,3551.18212890625,487283
2024-02-13,3572.7255279700967,3574.4588991023247,3517.4061296789664,3526.12255859375,796060
2024-02-14,3512.3050137565924,3559.700427717898,3470.0108082889847,3551.479248046875,1046318
2024-02-15,3560.889128031419,3597.4879730049715,3537.0676078195906,3587.632568359375,759063
2024-02-16,3613.335940420977,3654.936847629771,3590.0592423398657,3620.66552734375,915502
2024-02-19,3637.058368806731,3674.251609770118,3615.3169903385715,3659.93896484375,528874
2024-02-20,3664.841882074123,3684.602264938994,3630.669707768297,3651.668212890625,744107
2024-02-21,3617.347500594023,3672.2705546589605,3605.4119538661134,3621.606689453125,660426
2024-02-22,3641.069785224039,3641.069785224039,3521.5663265695075,3617.347412109375,1017437
2024-02-23,3637.1080248960684,3701.4903837245665,3620.269561817846,3656.868408203125,897831
2024-02-26,3654.9367236024846,3654.9367236024846,3576.5389228583863,3588.078125,546842
2024-02-27,3595.506902567591,3640.0793021861973,3586.641995896484,3619.13037109375,673959
2024-02-28,3620.2695476352005,3634.136517174706,3548.111684410256,3560.54248046875,538608
2024-02-29,3561.037474900412,3619.2787911684195,3551.2316438693847,3589.9599609375,1692242
2024-03-01,3595.5071627940024,3738.1388518965746,3591.545171430042,3730.11572265625,1533727
2024-03-04,3725.8563206333265,3728.332564933561,3679.69903014866,3696.93359375,787542
2024-03-05,3712.3855062320868,3723.4294592355127,3672.765596880624,3715.109375,733660
2024-03-06,3712.4351459838804,3778.748922084625,3667.5159762237263,3774.539306640625,765602
2024-03-07,3775.8271803445036,3787.9112051195198,3732.294850473705,3750.916015625,838514
2024-03-11,3766.763894385598,3771.8155297698386,3706.4922498282313,3714.51513671875,597848
2024-03-12,3726.252500328067,3730.21449129067,3678.2133599065064,3713.177978515625,564569
2024-03-13,3723.2812070163986,3726.252700397896,3555.8870798587045,3591.247802734375,1027729
2024-03-14,3595.457517463578,3613.3360514992096,3546.130677606921,3605.560546875,1293906
2024-03-15,3600.162016111907,3621.2100926712146,3575.6967707812346,3598.67626953125,1207241
2024-03-18,3584.6114251294002,3585.6019228981563,3531.223692121728,3545.684814453125,785257
2024-03-19,3544.9915159188763,3572.3786825085886,3513.3451605575133,3549.349609375,554444
2024-03-20,3549.3496931632103,3562.721413362891,3516.2671636197083,3556.38232421875,526882
2024-03-21,3572.6759709736743,3602.440478058101,3555.9366549774263,3593.080322265625,767905
2024-03-22,3593.080464682312,3691.486279359179,3586.8402799664063,3671.478271484375,1281102
2024-03-26,3630.1743599923607,3694.5071423735058,3630.1743599923607,3663.058837890625,1158224
2024-03-27,3663.8512770917587,3748.934939407035,3657.7102392385605,3723.67724609375,1315714
2024-03-28,3724.271704405031,3801.8277300178283,3697.0825883314365,3765.674560546875,1590738
2024-04-01,3786.6235921603197,3796.1324679595064,3695.0521170762213,3702.876953125,964052
2024-04-02,3718.3288315134887,3745.5179484197274,3698.618021543039,3720.26025390625,677963
2024-04-03,3709.5132237997923,3716.34756155303,3669.7941672585225,3677.222900390625,801601
2024-04-04,3704.461640475266,3756.2647219401783,3644.0412768204556,3746.805419921875,1177617
2024-04-05,3742.4967879905944,3765.7734862731727,3705.4522670266215,3718.7744140625,623873
2024-04-08,3762.554365078659,3772.112813925454,3684.9985809222967,3713.277099609375,849267
2024-04-09,3719.3192455677668,3725.262232378261,3629.530716567514,3644.38818359375,745285
2024-04-10,3654.9370409658527,3684.998747231641,3646.4682360433644,3675.935546875,567546
2024-04-12,3654.4911609925534,3659.6912743780067,3575.1521914690525,3584.90869140625,1910561
2024-04-15,3572.725563799654,3604.619544588359,3555.887101203426,3566.386474609375,854076
2024-04-16,3554.896630860624,3618.486541733378,3548.953644016053,3611.255859375,1116890
2024-04-18,3611.255948541355,3625.2220646992378,3467.7329094295164,3491.60400390625,1677946
2024-04-19,3491.604014900752,3537.265820001978,3445.1990946025126,3529.193359375,1507940
2024-04-22,3533.105446078708,3580.649337699616,3518.2479799471744,3562.57275390625,668659
2024-04-23,3585.552470941305,3613.33598265896,3570.893055103648,3598.478515625,769991
2024-04-24,3607.393017202758,3610.216032684225,3546.0317263533693,3575.449462890625,652811
2024-04-25,3560.839548455736,3568.2682818669787,3507.3526678947874,3537.166748046875,1889163
2024-04-26,3553.9058725122572,3559.1059856200304,3522.507142682804,3550.736328125,798783
2024-04-29,3550.9344699991184,3579.1140829101373,3539.196974813502,3570.595947265625,703524
2024-04-30,3568.416861119323,3585.1068460520673,3545.982182308717,3555.144287109375,963220
2024-05-02,3550.9345346392756,3563.811005755122,3512.602318989327,3534.541748046875,1435891
2024-05-03,3560.839580489033,3564.8015716773375,3458.8183073901814,3500.320068359375,1681592
2024-05-06,3442.970288401751,3455.648708368761,3226.051274259063,3248.981201171875,6891728
2024-05-07,3298.3573587699175,3300.33835418059,3196.336095120277,3239.81884765625,3111444
2024-05-08,3244.2763145180847,3249.823198784693,3207.6774701071367,3228.874267578125,2054981
2024-05-09,3228.8743314598455,3290.9289215441077,3202.2793689547325,3214.858642578125,1860654
2024-05-10,3227.140807845126,3274.783604407242,3211.936570692766,3258.589111328125,1307103
2024-05-13,3276.0715589463452,3276.5668078592626,3199.8032263571185,3222.733154296875,1294603
2024-05-14,3219.1179247727064,3276.5667985071113,3219.1179247727064,3257.648193359375,620163
2024-05-15,3272.60455179911,3275.031222911932,3229.022650988226,3237.491455078125,657036
2024-05-16,3245.168171750993,3316.1868196133264,3220.4057253679784,3302.220703125,1404971
2024-05-17,3316.1371469875776,3335.9966767558126,3276.5668072174076,3329.211669921875,1194228
2024-05-21,3323.120180807207,3348.1798239774453,3319.158189533517,3344.9111328125,827674
2024-05-22,3352.5876404105265,3370.7633729174086,3328.072818311358,3351.6962890625,626567
2024-05-23,3350.8538848030817,3427.5183138459233,3345.653771620931,3419.247802734375,977789
2024-05-24,3419.297318666323,3422.2192386126876,3371.852332193032,3379.974365234375,878625
2024-05-27,3391.4145907877646,3403.647334252582,3358.084439525443,3371.059814453125,804488
2024-05-28,3371.6543385696514,3390.473795806086,3359.916843512316,3377.0029296875,548576
2024-05-29,3372.991677267334,3385.5213773275655,3339.0671286501693,3348.278564453125,519533
2024-05-30,3333.0252763534345,3333.0252763534345,3223.0800146371694,3240.760498046875,2365535
2024-05-31,3266.6617499654712,3297.1691306215976,3186.1838035783594,3211.0947265625,2524214
2024-06-03,3278.547519721513,3301.2793944925943,3219.1176553156847,3230.211181640625,1378542
2024-06-04,3230.2114279602115,3263.888353691546,3026.6145535938304,3208.1728515625,2934800
2024-06-05,3234.9658842598337,3302.3197361060274,3170.633099132657,3286.125,1396386
2024-06-06,3297.3671696062424,3328.0726013448407,3259.480628832004,3290.0869140625,1825503
2024-06-07,3263.0956011638414,3423.754525253655,3263.0956011638414,3411.32373046875,2084099
2024-06-10,3410.2837983208074,3419.198278188622,3357.7874168770077,3389.681396484375,1655552
2024-06-11,3385.719504925857,3405.62860727733,3369.5743425488854,3378.290771484375,1086157
2024-06-12,3378.9346530168114,3386.412717698484,3338.8194934671656,3350.16064453125,2054168
2024-06-13,3392.405279329008,3444.059882979739,3357.7874307303177,3439.206298828125,1753028
2024-06-14,3456.8371089871866,3501.409507240603,3445.941633858574,3496.506591796875,2346892
2024-06-18,3521.021509120975,3590.5544039730776,3504.3810982777236,3554.896484375,1585048
2024-06-19,3560.8396333155783,3560.8396333155783,3423.1604374794542,3429.4501953125,1862394
2024-06-20,3440.9895167927643,3456.8374823277913,3385.620783933068,3403.301025390625,2377432
2024-06-21,3398.1006821152287,3440.6425133599314,3351.250088803496,3367.44482421875,2707405
2024-06-24,3348.2293631023254,3396.4169847490725,3340.255807381152,3379.92529296875,645002
2024-06-25,3380.1232649830336,3390.870020859161,3352.7358561319547,3370.119140625,1299560
2024-06-26,3369.17822743374,3369.17822743374,3337.9775470973705,3340.701416015625,1485709
2024-06-27,3348.8998650820854,3371.258988810378,3340.0059510547903,3359.43359375,1462935
2024-06-28,3359.433408463666,3398.4871483321635,3345.272630883438,3382.885498046875,1005498
2024-07-01,3360.824510240644,3413.4926648955093,3360.327640857108,3409.96484375,1001832
2024-07-02,3424.4239040870907,3428.398859286263,3364.1040074620505,3378.364013671875,878947
2024-07-03,3399.381624251513,3405.4930206265944,3320.975489931672,3339.210693359375,980605
2024-07-04,3343.9309732633815,3348.800196209364,3309.150116186348,3315.112548828125,741143
2024-07-05,3311.1375185214115,3311.1375185214115,3236.607112192148,3248.8798828125,2001382
2024-07-08,3183.9392416108085,3183.9392416108085,3106.5270830621457,3136.4384765625,5323920
2024-07-09,3150.151835479823,3201.8759859065526,3145.1831417330095,3195.01904296875,2044328
2024-07-10,3197.6030109163034,3232.3341333150493,3170.523628724564,3204.8076171875,1437517
2024-07-11,3226.6201951545236,3238.3463616877943,3209.776370771485,3228.260009765625,1105185
2024-07-12,3245.5510028900635,3248.532219365468,3199.888752397526,3209.62744140625,1496692
2024-07-15,3221.4526148762225,3232.0358355914072,3185.33011402152,3204.012451171875,1243810
2024-07-16,3207.739121645585,3230.64484958445,3203.913372820021,3213.801025390625,501336
2024-07-18,3212.7076626643607,3248.6314642606994,3185.9264517127563,3241.67529296875,1086374
2024-07-19,3241.6259227728287,3258.469748062457,3214.7452378719267,3238.594970703125,1111191
2024-07-22,3229.650909170564,3252.904298671793,3203.0186623817735,3234.072998046875,696255
2024-07-23,3234.719357749115,3468.148511522851,3211.9128575450445,3445.1435546875,7159507
2024-07-24,3448.2735409642346,3530.2569897047388,3440.472594554427,3456.620849609375,3862140
2024-07-25,3393.6179341924253,3432.771145085304,3363.259165936619,3384.4755859375,1476422
2024-07-26,3384.4757802386,3479.7752376807207,3371.755874600109,3472.2724609375,1830745
2024-07-29,3473.117113795065,3477.638673867616,3366.7870619564183,3390.338623046875,2213293
2024-07-30,3403.505728471634,3457.217360300809,3389.2457219490725,3446.53466796875,1316880
2024-07-31,3457.2669712486936,3477.9862793653515,3424.9704607102985,3437.292724609375,1361595
2024-08-01,3453.242543727944,3470.136104373519,3420.946030729049,3446.63427734375,879399
2024-08-02,3393.618001639568,3456.124075108124,3388.6493076400952,3440.671630859375,1168195
2024-08-05,3299.262597352156,3437.342557010321,3295.7347760406847,3354.8125,1932064
2024-08-06,3359.78103865771,3394.959536606987,3300.305918968777,3314.21826171875,976535
2024-08-07,3338.9622674746333,3347.756952634659,3296.281235822024,3305.423583984375,1277139
2024-08-08,3316.106530704322,3338.9127887086374,3263.3389009114157,3275.860107421875,1280733
2024-08-09,3329.025068656079,3329.025068656079,3264.5315158633402,3310.839599609375,1019809
2024-08-12,3310.7898022229747,3324.0563123529555,3274.717277586603,3300.0576171875,874598
2024-08-13,3309.1502285767515,3383.4322044284368,3284.704156870388,3362.364990234375,1314371
2024-08-14,3368.7745591991966,3394.810467447006,3335.8322147580275,3380.848388671875,997803
2024-08-16,3388.649459917492,3428.49848462878,3349.0986053819747,3423.181884765625,1161982
2024-08-19,3414.6852434436632,3482.2594823860104,3414.6852434436632,3443.156005859375,1135205
2024-08-20,3458.2109871364046,3461.29167442837,3432.7711770827814,3453.142822265625,526591
2024-08-21,3453.1427569868856,3559.57227636522,3432.920318571946,3538.107421875,1990034
2024-08-22,3552.5664721322178,3602.303147560944,3531.4495226465156,3581.83203125,1531544
2024-08-23,3588.8378850357876,3600.1666527471625,3521.8102525385157,3547.6474609375,1173387
2024-08-26,3569.5099278049356,3617.2093923190328,3551.672364076756,3607.470703125,1156681
2024-08-27,3607.470521850596,3635.8915484069057,3508.394812600372,3529.014892578125,1169007
2024-08-28,3537.362425569775,3557.53537289096,3497.861306000736,3505.413818359375,727481
2024-08-29,3514.8541368230913,3531.4992617288835,3488.023189213755,3511.077880859375,927472
2024-08-30,3527.7728346801246,3575.4722983603065,3520.3197934800965,3542.827880859375,2116894
2024-09-02,3542.827994625568,3579.397633143757,3529.760425680037,3565.087890625,718800
2024-09-03,3565.087815543951,3612.141203939602,3537.85922582505,3598.477294921875,1112614
2024-09-04,3563.6467161636992,3594.8500166371855,3545.858646533523,3585.111328125,529856
2024-09-05,3593.955781592709,3730.445657944615,3577.8570192097677,3699.54052734375,3437885
2024-09-06,3691.6899879701955,3718.5706716255413,3642.052782337683,3672.36181640625,1408795
2024-09-09,3666.9957678002197,3701.130551175434,3630.873264145304,3661.48046875,923357
2024-09-10,3680.808620180345,3726.520606284096,3643.0465447033325,3704.06201171875,1109078
2024-09-11,3708.533585814884,3720.061052489411,3676.9328872988594,3687.864013671875,831810
2024-09-12,3712.608274494421,3750.370350091527,3687.8642746348096,3740.681396484375,1337327
2024-09-13,3753.3514505076982,3776.058479150094,3716.583114879214,3743.4140625,1003355
2024-09-16,3744.407857560472,3765.276372690188,3712.011875123821,3717.22900390625,386602
2024-09-17,3736.3582386527805,3753.3512683661165,3703.962500886982,3743.811279296875,392339
2024-09-18,3745.4015035289917,3762.295062977119,3684.7834372739453,3702.02490234375,420638
2024-09-19,3726.5204444490078,3771.238689782396,3717.676266305652,3757.276611328125,945257
2024-09-20,3769.251150380584,3795.0883583715927,3716.582995629682,3773.4248046875,1951755
2024-09-23,3773.4251194924323,3805.026063501741,3757.326598615848,3796.181884765625,530107
2024-09-24,3794.0947557722884,3815.857538547131,3757.87302486884,3761.201904296875,1281513
2024-09-25,3776.2074516899124,3779.7352729632357,3686.8206948756024,3713.850341796875,942343
2024-09-26,3714.595551729347,3753.500327838692,3678.2246154140003,3734.023193359375,1863893
2024-09-27,3750.370378610193,3842.788090642717,3727.713084557234,3792.802978515625,2164755
2024-09-30,3762.2949863878966,3839.359476588687,3762.2949863878966,3800.00732421875,1068609
2024-10-01,3800.0073223042573,3813.919665088962,3733.4765601526574,3752.307861328125,774221
2024-10-03,3666.001979564067,3758.3202189389935,3627.196430103121,3651.9404296875,1597560
2024-10-04,3602.303132897351,3730.2967382520783,3602.303132897351,3647.120849609375,1542987
2024-10-07,3716.5334929372552,3724.533139050202,3530.0584983217723,3566.777099609375,2523321
2024-10-08,3566.776993075991,3572.490991184283,3458.2110290184437,3471.4775390625,1360120
2024-10-09,3495.9729955005782,3536.517585869603,3464.7696951438115,3471.57666015625,1063802
2024-10-10,3488.0231241841325,3509.4382434547297,3393.7174108343274,3425.666015625,1488328
2024-10-11,3442.3112095993424,3469.142157249222,3422.734603725351,3452.64599609375,858463
2024-10-14,3452.6460244814966,3502.9293053132096,3430.9329770498134,3475.899658203125,593206
2024-10-15,3501.8856861603062,3507.3512493892836,3455.2296994826183,3486.532470703125,578719
2024-10-16,3486.0356691492907,3488.0231467257727,3418.4614315489052,3449.267333984375,591644
2024-10-17,3465.1674186926057,3465.1674186926057,3358.9368311781277,3382.041259765625,560796
2024-10-18,3373.7432856724404,3400.922139377966,3275.4626136589245,3360.278076171875,1249585
2024-10-21,3396.5493563428595,3398.4376055596886,3314.61564385906,3342.19189453125,714746
2024-10-22,3353.768889126404,3400.0772130092096,3298.4674234344056,3308.951416015625,882086
2024-10-23,3309.150210844666,3314.1189048549436,3261.947617747032,3268.009521484375,877837
2024-10-24,3280.381476324016,3321.969299055836,3258.6681867503307,3310.04443359375,764369
2024-10-25,3311.137814804105,3321.4231088426777,3212.111836445183,3246.09765625,805013
2024-10-28,3249.525801061665,3294.2440460304033,3233.675716089591,3262.494140625,736462
2024-10-29,3265.2271598213556,3277.3507252614095,3206.795266955297,3262.842041015625,702769
2024-10-30,3240.5822495532016,3301.001617539828,3214.844511497293,3287.735107421875,895278
2024-10-31,3270.394478799884,3279.2386573130584,3233.2287437246314,3246.594482421875,1170306
2024-11-01,3283.312950601494,3296.82789514272,3261.7986029185363,3273.077392578125,176636
2024-11-04,3297.225340887599,3297.225340887599,3170.1262453165136,3201.826416015625,1122152
2024-11-05,3185.9267353653936,3238.495423192958,3165.058219631559,3210.02490234375,872402
2024-11-06,3125.3085813578323,3188.8581302210678,3094.502678012175,3157.157958984375,4522923
2024-11-07,3160.089367114235,3166.101535344512,3088.6396448208275,3101.309814453125,1608603
2024-11-08,3101.4588354195275,3172.9085590304935,3086.5527532243036,3166.30029296875,1719882
2024-11-11,3171.6171101420364,3209.826321600075,3138.4758214106737,3186.523193359375,1054929
2024-11-12,3181.6037437743908,3218.7199851368437,3165.0580897378345,3178.423828125,992983
2024-11-13,3155.120740032077,3201.429065891212,3142.4008346679693,3167.890380859375,911537
2024-11-14,3125.358206382933,3175.144373818324,3116.364821879025,3163.76611328125,1161637
2024-11-18,3163.7662697765372,3187.1191323201265,3137.730360909918,3152.437744140625,943251
2024-11-19,3172.0143106216506,3262.4445431613026,3152.4377044074477,3204.509521484375,1174506
2024-11-21,3204.80766239563,3213.7015762231313,3128.637679650474,3158.549072265625,1582159
2024-11-22,3154.9718447676346,3296.2317234504353,3132.413779070443,3287.983642578125,2207527
2024-11-25,3338.962558416016,3348.7509831990396,3277.4004847676256,3288.38134765625,1892510
2024-11-26,3289.2755857907587,3322.8142718996523,3275.06507174666,3306.666015625,721345
2024-11-27,3304.1815698280107,3309.050792991372,3259.612286796201,3271.040283203125,732835
2024-11-28,3271.3882621285984,3284.306867051949,3180.312194463782,3192.237060546875,1701387
2024-11-29,3192.2367981060647,3239.5883529066637,3192.2367981060647,3228.6572265625,1139585
2024-12-02,3228.657376769841,3289.175972936881,3201.876164503094,3286.145263671875,915980
2024-12-03,3269.400722030652,3317.7957541048727,3256.084718870228,3311.883056640625,1162310
2024-12-04,3321.075133517411,3361.8184251015564,3317.100178240909,3343.384521484375,1630076
2024-12-05,3353.8186523065224,3443.7022765763036,3332.602474887402,3419.5048828125,2383630
2024-12-06,3432.32401996727,3477.737833814034,3408.5240246441244,3448.373046875,1278516
2024-12-09,3445.7895387338663,3466.409620328308,3425.3184209254155,3446.485107421875,926422
2024-12-10,3448.2737946059306,3494.9297848895053,3414.5364093165567,3453.98779296875,1063355
2024-12-11,3462.931207769564,3468.8936404395163,3438.6343431619084,3451.354248046875,554702
2024-12-12,3448.7703269964586,3451.354144787603,3390.6366102036927,3424.17529296875,926472
2024-12-13,3398.5868225225695,3495.97322854807,3359.0857037520223,3486.880615234375,1242351
2024-12-16,3483.0544061092105,3489.0168387587555,3407.5302592149737,3416.672607421875,1295227
2024-12-17,3400.6240115967535,3427.8026230290257,3376.3271457265655,3384.77392578125,1005604
2024-12-18,3379.90428489308,3402.561577565156,3368.774459096343,3380.599853515625,646145
2024-12-19,3328.6276689015035,3378.6622732277083,3311.137768517588,3335.832275390625,732634
2024-12-20,3329.0249723580077,3397.5929494006054,3312.280376571641,3335.23583984375,1235769
2024-12-23,3356.9490777229116,3384.97246286296,3315.7584111046335,3375.680908203125,691202
2024-12-24,3364.153712912882,3397.592926182805,3317.298783353421,3332.403564453125,485245
2024-12-26,3343.930945023048,3350.7381526097242,3291.9086236180815,3302.24365234375,637094
2024-12-27,3299.06393279568,3324.0563671812492,3280.431329840628,3288.48046875,568989
2024-12-30,3289.2258399205443,3297.175750676762,3227.1171621375915,3236.955322265625,941859
2024-12-31,3229.651069854022,3255.140372791297,3210.571333594517,3232.78125,616440
2025-01-01,3227.6635818295185,3249.426364231164,3223.738362141259,3233.47705078125,357376
2025-01-02,3243.5635813458825,3379.6560672797646,3230.644976395669,3367.731201171875,1152493
2025-01-03,3373.7433659089947,3460.148909629827,3356.8000701439546,3430.03857421875,1630862
2025-01-06,3468.148275193992,3506.407217484814,3419.653775144524,3448.6708984375,2145936
2025-01-07,3468.148499431283,3554.3056070408834,3463.179805306024,3483.154052734375,2389563
2025-01-08,3465.8131540858853,3492.4951388754093,3370.066562811258,3462.23583984375,1317377
2025-01-09,3464.1238312561322,3484.4954773025356,3439.876700811562,3465.217041015625,826237
2025-01-10,3440.323780180401,3466.160989390306,3407.281964556196,3418.7099609375,570060
2025-01-13,3358.8372865434003,3445.292565812417,3331.5094683836537,3361.570068359375,1282557
2025-01-14,3378.712025018811,3407.5304511145596,3289.2755302389014,3301.697265625,1133561
2025-01-15,3301.2003097614524,3319.5844776514546,3262.4444963717183,3302.69091796875,1169593
2025-01-16,3306.16893885495,3317.9448405061344,3261.4506935142604,3296.132080078125,1170734
2025-01-17,3299.113214444294,3346.912145876464,3264.481564202768,3336.37841796875,559153
2025-01-20,3352.974367564388,3386.3638475238195,3326.5408169776497,3361.0732421875,722342
2025-01-21,3379.65607143241,3391.332502844065,3314.268007004736,3332.354248046875,1016047
2025-01-22,3333.7949983257163,3363.8058617754314,3313.7710157969796,3335.4345703125,598329
2025-01-23,3335.434737319098,3411.505495328064,3304.678568224141,3377.271240234375,713603
2025-01-24,3385.6681189355936,3426.063504436938,3359.2843050601705,3380.848388671875,564244
2025-01-27,3366.7872134702575,3380.6498218628203,3286.5428015789576,3298.567138671875,618309
2025-01-28,3298.5668887290312,3349.744435469127,3278.8908125279136,3305.07568359375,579957
2025-01-29,3318.292512248569,3353.868409380099,3288.3313848362436,3349.64501953125,570137
2025-01-30,3349.545482541319,3368.774424753964,3324.254879408856,3347.3095703125,688608
2025-01-31,3378.712042699305,3505.3640088363204,3371.159530500228,3468.39697265625,1212261
2025-02-01,3504.916783650716,3612.3895389313498,3386.661865234375,3529.76025390625,2186692
2025-02-03,3542.6788045531002,3619.7432966359775,3529.511765517945,3557.883056640625,1543897
2025-02-04,3567.5223319423576,3591.372063409382,3497.9606151635376,3575.174072265625,1279779
2025-02-05,3573.484770880986,3629.134144398599,3450.4598573321464,3469.042724609375,2165947
2025-02-06,3469.0428470030197,3482.309357666964,3376.575641297843,3389.394775390625,1059617
2025-02-07,3393.5185297697026,3432.274342954793,3366.9857523423125,3403.356689453125,740155
2025-02-10,3393.617843187824,3403.555230722781,3290.2690128242707,3306.615966796875,904436
2025-02-11,3313.820637161762,3327.037411362515,3251.1158661647555,3261.251953125,903965
2025-02-12,3262.196012013508,3296.6289640331374,3192.485332958168,3235.06689453125,774619
2025-02-13,3229.8996932584396,3257.4262108473367,3195.0690980861746,3211.26708984375,727243
2025-02-14,3216.0370765843113,3232.6324667939875,3166.499098054817,3193.13134765625,587411
2025-02-17,3175.2439591957736,3218.223163087556,3156.114486943362,3212.956298828125,712614
2025-02-18,3214.5463593343957,3223.6887078873824,3172.3124598013455,3201.677490234375,592636
2025-02-19,3199.8389248352146,3233.278138293735,3171.8155392953954,3190.19970703125,521953
2025-02-20,3189.9016774479605,3198.4974213719756,3168.1883867420183,3171.4677734375,653151
2025-02-21,3171.4677221770353,3185.876935128873,3142.450597030911,3159.989990234375,407794
2025-02-24,3111.3960291023627,3167.9894024443447,3111.3960291023627,3153.133056640625,431232
2025-02-25,3120.339838432762,3191.3921627792406,3116.9114880880966,3178.771728515625,642281
2025-02-27,3178.7717759617603,3207.788900892286,3157.0584857681015,3202.919677734375,604023
2025-02-28,3181.951579033888,3197.801664079753,3040.8406720311355,3057.982666015625,1322618
2025-03-03,3070.653035772226,3082.6773728600265,3038.6049579716905,3062.703125,516171
2025-03-04,3030.9034500509983,3050.7782267726443,2998.1100684602825,3029.412841796875,1186136
2025-03-05,3029.412798677857,3087.9936537086965,3016.692893234648,3067.224609375,579883
2025-03-06,3071.8451713167965,3112.04185517745,3027.92196714869,3101.55810546875,1399483
2025-03-07,3101.5581737477764,3105.0362594446333,3055.3988137670276,3060.069580078125,1020056
2025-03-10,3060.715488176788,3063.6967045613756,3002.184370204185,3007.8486328125,855408
2025-03-11,2996.122383345993,3036.7662018829,2991.1536895095983,3027.32568359375,576260
2025-03-12,3018.3822848157347,3034.6797475168505,2977.2913289508247,3000.0478515625,489535
2025-03-13,3000.4948182215303,3030.406452972341,2981.5145528191442,2991.302734375,785215
2025-03-17,2966.3599529965736,3017.388293081119,2966.3599529965736,2998.457763671875,632348
2025-03-18,2998.457763671875,2998.457763671875,2998.457763671875,2998.457763671875,0
2025-03-19,3068.715249639024,3075.6216860011787,3039.052048449746,3057.038818359375,730983
2025-03-20,3080.590243642106,3184.9328164106287,3060.715467876673,3173.107421875,1542807
2025-03-21,3166.995871367945,3170.026823279377,3135.1962292535436,3142.897705078125,1181974
2025-03-24,3148.363020901833,3156.064496120581,3055.7466190516743,3059.821044921875,1481216
2025-03-25,3065.6843972495903,3080.540744752754,3026.928581530714,3034.580322265625,1174346
2025-03-26,3049.73470629094,3058.479656438445,3015.550187892165,3038.3564453125,1010449
2025-03-27,3028.4686041356067,3078.304505864904,3028.4686041356067,3068.3173828125,1635143
2025-03-28,3074.627919769082,3092.3165193489804,3031.9468858241025,3044.169921875,778417
2025-04-01,3034.5801114786177,3056.442364980934,2963.329088359381,2968.248046875,1068622
2025-04-02,2992.14763611562,3085.5590867283295,2952.547046444041,3079.050048828125,1674921
2025-04-03,3051.771796842342,3131.270899332537,3048.79058049896,3107.9677734375,1115568
2025-04-04,3079.5965018573243,3095.396851530666,3030.9033012793934,3056.939208984375,901801
2025-04-07,2906.6859812046773,3028.915853234823,2906.6859812046773,3003.27734375,1378989
2025-04-08,3129.979078748573,3207.0435719228044,3081.58404726396,3102.750732421875,2830156
2025-04-09,3118.2033549683465,3168.2876928708306,3071.3484255169224,3154.27587890625,1215988
2025-04-11,3201.8266176609322,3222.247999824843,3181.2065362467592,3214.645751953125,814920
2025-04-15,3249.5259260883518,3264.4320083181146,3224.781926631751,3252.904541015625,1121769
2025-04-16,3229.6513111487525,3265.425910287631,3224.7820877552163,3251.613037109375,889943
2025-04-17,3229.6512549305035,3313.9203577354024,3191.094139118467,3306.666015625,1083612
2025-04-21,3293.250433343925,3332.503116541597,3269.4007017807826,3315.212158203125,672129
2025-04-22,3315.212239848132,3337.7700629847413,3299.312418414466,3316.50390625,609213
2025-04-23,3335.981126714822,3352.576516028624,3294.740966822458,3336.279296875,628656
2025-04-24,3335.7826316378287,3373.7434073155578,3323.0627257918186,3361.421142578125,901747
2025-04-25,3361.420838725342,3398.0897020565867,3295.237740026215,3344.129638671875,704325
2025-04-28,3334.987296223998,3376.127984061102,3330.0186023976808,3348.00537109375,384147
2025-04-29,3354.762756041738,3376.7244808163978,3332.999973118952,3357.446044921875,575435
2025-04-30,3352.8747997128708,3387.6556586310544,3333.298193358469,3358.5390625,708818
2025-05-02,3341.0494429933888,3360.32787939833,3303.1878962354126,3321.0751953125,514587
2025-05-05,3336.676836098332,3387.1588174136396,3286.2943257112825,3301.001708984375,565178
2025-05-06,3301.001456047508,3304.479541701773,3225.179140262128,3278.642333984375,650789
2025-05-07,3259.463266446497,3359.8308853218314,3239.7871896693264,3317.994384765625,1047443
2025-05-08,3328.9254237693217,3391.1335681000023,3304.1814253282073,3348.2041015625,1597339
2025-05-09,3345.9184733209445,3507.8978945123063,3333.19856841051,3488.3212890625,2863992
2025-05-12,3515.0530011695228,3562.5537665796564,3508.196300169869,3540.592041015625,956930
2025-05-13,3540.5919665485094,3565.932306614644,3517.9349154025217,3540.89013671875,996541
2025-05-14,3532.7414689267844,3587.3971034671426,3527.772774877661,3565.137451171875,588159
2025-05-15,3574.478444325862,3642.052682361491,3531.6482052320043,3614.029296875,1227751
2025-05-16,3631.121677197808,3633.0096839260373,3590.7757837396916,3610.94873046875,525064
2025-05-19,3594.3532594835547,3626.6497706622154,3588.788225127965,3595.048828125,376760
2025-05-20,3595.0487153034946,3597.334363006812,3552.7155890850377,3558.18115234375,811416
2025-05-21,3547.6475296691715,3600.415157197291,3544.964483421236,3558.081787109375,415016
2025-05-22,3542.6788328354455,3552.6162208658393,3494.085102411624,3518.8291015625,709846
2025-05-23,3508.891591589974,3583.720169380776,3500.9416814419365,3557.28662109375,416717
2025-05-26,3553.6100224313454,3617.2093069491325,3548.044987991232,3587.6953125,525514
2025-05-27,3592.3658362411784,3616.215567934066,3539.8963779944224,3566.926025390625,1019733
2025-05-28,3572.4910618249414,3579.0498350889543,3522.8041207703527,3552.318115234375,449324
2025-05-29,3557.584927196318,3577.4597033259065,3537.809621992183,3565.8330078125,513095
2025-05-30,3557.584925226354,3582.4283953745826,3519.922321526444,3532.741455078125,962944
2025-06-02,3503.028626928362,3519.8227150570397,3454.136485469813,3503.426025390625,726392
2025-06-03,3503.4259811317133,3557.584743285075,3481.5637285193466,3497.76171875,676943
2025-06-04,3484.147810184949,3497.761983638535,3464.1735626498194,3477.88720703125,410354
2025-06-05,3476.7939267990487,3512.866694132487,3452.447325948626,3482.060791015625,608651
2025-06-06,3501.9357121254207,3548.5419672085,3464.3723350223286,3537.61083984375,602422
2025-06-09,3542.48011189299,3557.5848930842412,3499.153003301126,3511.7734375,540262
2025-06-10,3522.804093182995,3522.804093182995,3484.147750390053,3502.13427734375,561695
2025-06-11,3502.929132491507,3526.7788627552786,3483.054357271697,3519.42529296875,505077
2025-06-12,3525.785390862945,3537.511557652593,3423.9271601517125,3431.08203125,811822
2025-06-13,3388.3512881402426,3419.2566632359676,3361.8185095256867,3400.474853515625,821750
2025-06-16,3389.643067637766,3432.0756661362175,3374.9356847849504,3416.573486328125,534665
2025-06-17,3406.5366447147753,3416.07663434688,3374.1406624255987,3384.376220703125,1000345
2025-06-18,3384.674296993919,3458.210966981456,3368.7744764560734,3446.08740234375,972739
2025-06-19,3457.0185976943762,3499.550667001118,3446.0874708572796,3483.451904296875,1022566
2025-06-20,3478.0857598927255,3522.8040053770605,3467.154633218777,3496.966796875,2941214
2025-06-23,3458.409903420396,3506.40753848347,3451.25503221003,3483.750244140625,643325
2025-06-24,3501.0413501564576,3544.6663875136264,3484.147790137469,3503.923095703125,968797
2025-06-25,3527.7727077623576,3642.0526687180395,3527.7727077623576,3629.332763671875,2697912
2025-06-26,3632.11526904136,3677.3303838816832,3621.1841423766664,3671.566650390625,1620497
2025-06-27,3676.833536939239,3685.876657007326,3636.587115791661,3643.2451171875,601285
2025-06-30,3643.2452388562297,3675.3430514892466,3629.134196035887,3667.094970703125,921775
2025-07-01,3675.8399581507147,3703.1677761688666,3644.040315365956,3677.33056640625,947173
2025-07-02,3681.8022308843424,3698.596319454098,3665.902410184167,3684.783447265625,583514
2025-07-03,3678.821155491903,3689.6528117142107,3649.2076897805046,3655.6669921875,528710
2025-07-04,3643.04662888068,3666.9958322419175,3622.277583933235,3663.815673828125,629926
2025-07-07,3652.486799218665,3672.858443725258,3625.0595124966953,3643.145751953125,829472
2025-07-08,3570.0856562336476,3570.0856562336476,3423.765721700407,3430.045166015625,3952270
2025-07-09,3430.045106416105,3450.1789926462607,3409.4128554607373,3420.875244140625,1868271
2025-07-10,3420.8752996231224,3433.733012405282,3402.8343989409673,3408.615478515625,496586
2025-07-11,3396.853860604248,3411.0073696883373,3346.0206602254875,3350.605712890625,856956
2025-07-14,3360.971693038927,3398.8474119996263,3333.063268541569,3393.564697265625,755781
2025-07-15,3406.821243022511,3410.808160802526,3376.6202921704703,3403.8310546875,686088
2025-07-16,3405.824467658351,3411.007412034061,3377.4176788587424,3406.12353515625,669532
2025-07-17,3407.219874166674,3436.7231633934557,3405.326185537628,3422.0712890625,559482
2025-07-18,3432.736185058154,3432.736185058154,3380.906254273304,3391.7705078125,293360
2025-07-21,3379.909579714012,3427.8523638052948,3354.193911123252,3421.772216796875,561799
2025-07-22,3438.716570753606,3478.5857483855316,3419.081049438312,3461.043212890625,1752275
2025-07-23,3461.0431161316833,3470.5120455545466,3432.736098141243,3460.04638671875,584590
2025-07-24,3456.059506048824,3478.386391142719,3446.6903468038554,3473.00390625,630718
2025-07-25,3465.0299831876705,3468.61830635869,3435.726236212185,3451.474609375,624410
2025-07-28,3441.7068440971075,3451.2755443020064,3370.9390520522493,3381.903076171875,603916
2025-07-29,3378.9126754372433,3385.88978125673,3344.6252813183346,3368.14794921875,511042
2025-07-30,3368.9455843699097,3382.4014321181326,3334.3591206780934,3365.45703125,443735
2025-07-31,3329.076365403816,3353.496236946449,3304.656493861183,3336.3525390625,553157
2025-08-01,3329.076291442061,3336.352464939091,3296.1842202990706,3305.15478515625,422977
2025-08-04,3304.1580243689627,3353.994495324754,3297.280688713921,3345.322998046875,450434
2025-08-05,3345.323053090916,3431.739446481727,3337.0501501077033,3407.0205078125,837335
2025-08-06,3425.759143986966,3451.0759748599594,3388.8801540749737,3406.522216796875,635456
2025-08-07,3368.945373525441,3425.758949351166,3366.652847235975,3404.528564453125,509599
2025-08-08,3438.816235602496,3478.3863445205566,3391.969953321262,3448.883056640625,2184271
2025-08-11,3461.6412787114637,3475.894558098457,3391.6709220342127,3456.557861328125,563586
2025-08-12,3456.5579079205527,3522.4418208655648,3448.783613006621,3475.396240234375,929276
2025-08-13,3475.3962587141527,3483.4696211697365,3451.8733466024055,3455.461669921875,360474
2025-08-14,3465.1298366173446,3494.334057359091,3452.770489117713,3477.987548828125,597987
2025-08-18,3484.566088944574,3563.108416734523,3482.0742653683837,3543.173828125,1253006
2025-08-19,3543.373166892668,3565.600282121353,3533.405872471029,3556.430419921875,537433
2025-08-20,3548.356900317281,3591.116497088175,3540.383064586231,3583.242431640625,517031
2025-08-21,3583.2422709000216,3613.1441535500912,3576.4644621642437,3604.47265625,673486
2025-08-22,3604.472646961157,3629.4904093752903,3595.900676620036,3609.1572265625,691835
2025-08-25,3617.828783588623,3657.5984340728096,3603.6752742720814,3639.457763671875,700503
2025-08-26,3650.820639572976,3660.7879339677133,3577.361728552188,3582.24560546875,960778
2025-08-28,3540.4825995873557,3638.9592696478444,3540.4825995873557,3625.802490234375,989246
2025-08-29,3625.802679553231,3630.0886648660667,3591.8143512389356,3616.931884765625,660956
2025-09-01,3619.1244840534064,3641.4511254779923,3598.5917608912955,3606.76513671875,297533
2025-09-02,3602.180277273507,3643.843617472107,3594.3062118570588,3608.7587890625,536300
2025-09-03,3593.2096473714037,3685.805715427277,3578.258705704116,3678.52978515625,791874
2025-09-04,3727.7680476939026,3727.7680476939026,3664.7747967328514,3679.028076171875,635811
2025-09-05,3682.915315982362,3687.89896322997,3648.0297852491053,3653.3125,454120
2025-09-08,3641.0527296363493,3671.5527485518783,3628.0952466127324,3646.036376953125,548987
2025-09-09,3655.8041892599585,3655.8041892599585,3607.3630424567327,3618.2275390625,428367
2025-09-10,3620.121407597503,3636.7667409518913,3596.3991977228993,3608.7587890625,408800
2025-09-11,3608.1605009725913,3632.0820070563877,3568.2913241662645,3572.4775390625,495417
2025-09-12,3578.158903277064,3586.431806260404,3552.2439379532498,3560.2177734375,275049
2025-09-15,3544.3697806402656,3564.802733537658,3503.503874845482,3522.54150390625,362285
2025-09-16,3513.471192223468,3558.623083447279,3490.546415650095,3545.167236328125,724742
2025-09-17,3550.250460707766,3561.0151872242204,3501.709786117043,3511.477783203125,659866
2025-09-18,3518.4549541328097,3534.402625313015,3491.941853458858,3499.816162109375,829442
2025-09-19,3492.5400445342584,3499.8162182954693,3448.6839480846274,3455.8603515625,2337255
2025-09-22,3446.889556441614,3465.628117797587,3428.7491300614606,3446.19189453125,817833
2025-09-23,3453.8668702125237,3453.966640495214,3393.863805491645,3427.951904296875,1144975
2025-09-24,3418.7820473401257,3426.1577480062724,3399.844187602673,3407.120361328125,690454
2025-09-25,3396.853958163756,3408.71494125593,3358.978239146672,3367.450439453125,1139904
2025-09-26,3376.620330576102,3390.873610470201,3292.2971645749917,3316.41796875,7524068
2025-09-29,3316.1188950217547,3406.8212753785265,3316.1188950217547,3390.076171875,1452636
2025-09-30,3440.7100398282037,3463.1364523125994,3344.0272837843636,3355.988037109375,1733728
2025-10-01,3358.978289084472,3403.7313446199823,3340.0404292943817,3397.153076171875,798754
2025-10-03,3368.8457717179963,3447.6871685732563,3366.952083099294,3442.005859375,1655328
2025-10-06,3442.0059196398147,3447.9862964462977,3389.8769198082055,3414.197021484375,1184781
2025-10-07,3413.7983166424383,3434.6298645078646,3399.844104545214,3407.0205078125,996165
2025-10-08,3462.637965399901,3568.291282709167,3448.6837536798093,3553.9384765625,4531362
2025-10-09,3548.15741075332,3550.0510992999293,3514.8665023755325,3538.987548828125,597739
2025-10-10,3537.2930333936433,3560.018513429724,3511.7769055826234,3520.3486328125,825274
2025-10-13,3506.4941364382357,3533.4058310612695,3498.0219362791327,3522.043212890625,606122
2025-10-14,3521.4450542783966,3537.791319491826,3495.031724547749,3525.83056640625,925998
2025-10-15,3521.3453807646406,3550.2505348490877,3499.5171031204873,3537.392822265625,1005045
2025-10-16,3537.39283911406,3640.0559730753866,3528.422274010643,3628.394287109375,1528118
2025-10-17,3623.1113711876196,3702.8497232357654,3621.1179123864163,3662.78125,1123500
2025-10-20,3667.964418391396,3737.635710414741,3664.1767977691916,3724.977294921875,707974
2025-10-21,3724.977087539126,3733.7483549805997,3706.836661017846,3716.803955078125,156306
2025-10-23,3752.6862289816786,3787.571758334762,3726.0736024007547,3759.96240234375,1622402
2025-10-24,3762.6535350740623,3768.6339115536503,3693.9789758369843,3702.75,563296
2025-10-27,3701.853179164865,3741.622586903039,3697.8662613628567,3727.56884765625,856124
2025-10-28,3737.7353326460347,3757.6699210868137,3676.037878758682,3704.84326171875,1482961
2025-10-29,3721.9870331577913,3741.2239600542875,3702.0524443204167,3736.041015625,789557
2025-10-30,3732.751796263028,3761.5571800775697,3707.933330254909,3738.43310546875,544151
2025-10-31,3746.606095098244,3770.6273713006426,3727.2696418130463,3734.446044921875,900994
2025-11-03,3717.800859647688,3749.6962021433246,3655.3059716137295,3712.31884765625,1119367
2025-11-04,3712.318670800743,3814.4834348649333,3702.8497414484523,3801.027587890625,2524600
2025-11-06,3767.6372020024396,3825.148440782567,3749.2974780385443,3762.055419921875,927231
2025-11-07,3753.6831562143093,3779.598122242342,3723.7812723358097,3756.972412109375,728998
2025-11-10,3775.6110703104455,3802.5227648453933,3756.972278689855,3790.56201171875,599567
2025-11-11,3798.037463778186,3807.5063932902954,3739.828562851129,3799.93115234375,668789
2025-11-12,3825.4476296786647,3864.320078234545,3791.758125595138,3838.5048828125,805025
2025-11-13,3847.3755753682763,3855.2496404784156,3804.516210150443,3826.6435546875,668623
2025-11-14,3826.6435637916693,3842.092869895319,3787.5718189592553,3816.67626953125,575050
2025-11-17,3835.4147864927622,3861.628818759101,3809.001457011978,3855.947509765625,504928
2025-11-18,3852.3591862977646,3887.2447157985207,3829.0358153398306,3866.5126953125,849966
2025-11-19,3870.2005607956366,3927.612272623836,3849.7676077214614,3920.236572265625,1578123
2025-11-20,3937.0813827128363,3943.061759496704,3882.2612621940502,3889.636962890625,762391
2025-11-21,3888.2414227641843,3912.16292856945,3869.403334279394,3891.430908203125,383311
2025-11-24,3902.6941103839763,3924.3230904973966,3852.3592738179204,3861.62890625,1258036
2025-11-25,3861.728382425328,3895.6171828362085,3832.424634701013,3842.49169921875,680366
2025-11-26,3832.4245575268214,3901.6972510894,3830.929463421154,3884.9521484375,364592
2025-11-27,3887.842814821566,3914.156373779023,3862.4262149918322,3890.533935546875,542241
2025-11-28,3893.4245835384017,3922.030670486257,3883.7563564062066,3894.919677734375,574817
2025-12-01,3894.919562382681,3897.90975068607,3848.671413960456,3882.161376953125,603073
2025-12-02,3862.3265819678354,3886.8462235411876,3854.851111164027,3873.09130859375,661018
2025-12-03,3857.3429490214967,3867.310243463413,3773.5179054281234,3805.313720703125,770638
2025-12-04,3792.555511736211,3817.4737476871715,3765.6438169091734,3787.970458984375,776693
2025-12-05,3764.6470423054793,3815.480243035577,3764.6470423054793,3800.828369140625,508448
2025-12-08,3783.8839078816613,3812.489993280462,3745.8088930877857,3754.6796875,545864
2025-12-09,3762.6536424081337,3861.329857136188,3738.732135807393,3836.41162109375,1121068
2025-12-10,3818.470440522837,3845.581432309177,3813.088198945881,3833.122314453125,616248
2025-12-11,3817.8722920720056,3843.1893654715554,3764.647038115413,3832.225341796875,669180
2025-12-12,3832.225396672013,3882.0618686341904,3819.3674409004825,3867.509521484375,547866
2025-12-15,3848.6712990350775,3863.721767040758,3837.408208093544,3853.55517578125,332337
2025-12-16,3837.4082057344685,3924.62202859207,3815.480158844557,3916.648193359375,1560827
2025-12-17,3917.14671453145,3922.8280236932565,3877.2775367754043,3895.118896484375,601010
2025-12-18,3887.2447628556924,3911.1662690886506,3877.377238871455,3906.481689453125,516547
2025-12-19,3906.1825441414267,3948.942138344164,3900.2021677023226,3917.246337890625,730780
2025-12-22,3927.1140000415817,3937.8787266796685,3904.2889931650016,3920.934326171875,569521
2025-12-23,3920.9342846674235,3943.360696866818,3903.591046561271,3912.96044921875,445656
2025-12-24,3912.9604398704737,3922.1303019461116,3887.2447719415086,3896.514404296875,399227
2025-12-26,3896.1155354546045,3993.7950186886505,3887.2447409467372,3978.94384765625,1113050
2025-12-29,3996.8849305657486,4018.513910075195,3964.989589473952,3970.6708984375,1242846
2025-12-30,3968.976604250397,3980.438992735801,3941.1679503922314,3961.1025390625,1169570
2025-12-31,3970.970031354128,4048.61515626689,3962.0992368036736,4038.249267578125,1358731
2026-01-01,4050.4094474750787,4054.6954328104425,4022.50102266714,4036.056640625,444679
2026-01-02,4025.7900715381393,4046.7213890678004,3973.162710223706,4038.448486328125,659997
2026-01-05,4038.448510056887,4080.6102128542193,4032.7672010767396,4066.35693359375,629273
2026-01-06,4066.357180715941,4107.0237918666335,4055.1938592912024,4098.35205078125,820331
2026-01-07,4211.182053756641,4297.997288817103,4188.257275712523,4259.224609375,3496340
2026-01-08,4259.224563459027,4289.126447542047,4225.13622093066,4235.103515625,1055725
2026-01-09,4217.162311862731,4265.005325563845,4169.419068443689,4188.0576171875,883117
2026-01-12,4191.247154356343,4228.126142397053,4131.443389966003,4217.76025390625,514767
2026-01-13,4217.760208474048,4253.642466721742,4196.230756188577,4225.33544921875,770707
2026-01-14,4228.026542751453,4268.992220348958,4197.227700184324,4207.693359375,998692
2026-01-15,4207.693359375,4207.693359375,4207.693359375,4207.693359375,0
2026-01-16,4207.693470499,4222.544642310648,4167.425697124466,4183.173828125,686949
2026-01-19,4152.075839006173,4193.639162802954,4115.595445780856,4130.54638671875,365905
2026-01-20,4141.410890199439,4141.410890199439,4051.00757719733,4062.1708984375,586156
2026-01-21,4062.1707923552003,4096.458187413636,4040.242744893094,4065.858642578125,552760
2026-01-22,4085.5939810157674,4114.499134821442,3967.7806096900367,4005.45703125,818966
2026-01-23,4011.935740174026,4050.010755865831,3966.983145385686,4008.646484375,1015415
2026-01-27,4008.6464285094617,4026.786855278177,3942.0648546101957,3983.927490234375,1760501
2026-01-28,3988.911127517355,4012.6333363144477,3951.932368803463,3962.19873046875,809022
2026-01-29,3947.8460300090883,3955.620568339823,3830.5310231322255,3926.81494140625,1145612
2026-01-30,3932.097664845873,3981.934137150637,3897.0128370117495,3964.3916015625,1427639
2026-02-02,3986.9177381580034,3986.9177381580034,3880.566756161068,3940.270751953125,1273196
2026-02-03,4129.450029300954,4129.450029300954,4030.873585991454,4055.29345703125,1043274
2026-02-04,4073.6331995665796,4146.394448298745,4052.9011786566566,4130.44677734375,917279
2026-02-05,4138.719539891277,4138.719539891277,4049.811564116971,4084.19873046875,693637
2026-02-06,4084.198583323033,4140.414025475052,4052.004174273563,4127.45654296875,888701
2026-02-09,4186.46328401321,4255.436670823227,4141.4109176242955,4243.87451171875,1092387
2026-02-10,4285.93653727841,4315.43982566258,4225.734177207915,4255.1376953125,1713633
2026-02-11,4335.773027308057,4364.080045827646,4194.237448025817,4235.203125,3342226
2026-02-12,4218.55747049756,4272.3808588027905,4168.621229566406,4261.8154296875,998509
2026-02-13,4253.343209814334,4257.828492152158,4151.178445452788,4165.53173828125,524758
2026-02-16,4141.41055890807,4182.276463340135,4115.296054572897,4167.42529296875,500349
2026-02-17,4153.471279199037,4231.016633695938,4141.4107558343585,4222.54443359375,464123
2026-02-18,4237.096643046371,4243.973978510509,4200.516479706513,4234.70458984375,387328
2026-02-19,4211.18188086087,4247.0641406741215,4177.293079926131,4184.4697265625,406232
2026-02-20,4186.76194461666,4238.193280220919,4186.46312046324,4222.54443359375,532169
2026-02-23,4256.034710056237,4266.002004459178,4226.2325971283,4258.72607421875,516387
2026-02-24,4226.5314296798915,4285.936601776254,4221.149188028474,4280.45458984375,491126
2026-02-25,4289.923661488439,4334.776487874819,4275.769908266122,4310.85498046875,586295
2026-02-26,4315.838572373869,4337.966161113804,4292.913794737703,4328.3974609375,520985
2026-02-27,4327.400662219876,4337.766551126517,4297.69783270388,4313.3466796875,1146258
2026-03-02,4274.772990574043,4315.838437820091,4179.286505722781,4256.33349609375,770589
2026-03-04,4191.247060748651,4224.437954570289,4070.144440562929,4190.64892578125,1024050
2026-03-05,4224.139244667133,4288.428291689557,4159.551373495063,4261.2177734375,691367
2026-03-06,4236.100014943159,4287.929944537757,4213.175238391702,4230.7177734375,580562
2026-03-09,4146.394356825195,4185.964709183034,4099.249250278276,4145.59716796875,576017
2026-03-10,4161.445028420832,4229.023087280567,4161.445028420832,4206.2978515625,788850
2026-03-11,4178.289896824444,4221.049493326745,4112.705293022249,4126.7587890625,454575
2026-03-12,4086.590462979199,4165.332084095139,4020.60702661123,4116.09375,1071366
2026-03-13,4077.620005949474,4133.6363933228595,4032.7671826134374,4059.878173828125,868825
2026-03-16,4043.7313942292744,4111.508997090401,3989.110571490407,4077.4208984375,1013667
2026-03-17,4077.121826171875,4096.55805049906,4023.2984357273617,4077.121826171875,1126905
2026-03-18,4070.3439664557445,4161.145872456678,4064.4633600951647,4131.94189453125,751307
2026-03-19,4090.9761095476442,4124.566085473674,4004.759015235318,4024.693603515625,567278
2026-03-20,4033.6642475921135,4136.327379255284,4027.6838709903755,4093.169189453125,1019586
2026-03-23,4043.3327314437556,4045.72478475568,3812.4900964992553,3840.498291015625,1533645
2026-03-24,3937.3802406338946,3971.966702524462,3830.431126173528,3886.746337890625,1300547
2026-03-25,3937.081366043934,4083.6005966283537,3927.612436176233,4026.08935546875,1306823
2026-03-27,3986.917766152832,4019.6105405037147,3959.009341789762,3968.478271484375,1040658
2026-03-30,3929.107403218326,3994.2934104401893,3901.29874952784,3938.4765625,1488223
2026-04-01,3986.917833753536,4086.5907795973744,3986.917833753536,4052.20361328125,781974
2026-04-02,3982.930835009521,4095.6610318057337,3931.798566161915,4083.800048828125,1614868
2026-04-06,4091.5742720255826,4243.974103115695,4091.5742720255826,4232.212890625,1678285
2026-04-07,4221.448008238725,4229.621384331442,4155.165500389534,4216.763671875,1274146
2026-04-08,4337.068733542139,4490.266247239322,4295.007042060272,4477.80712890625,3834533
2026-04-09,4460.364368818537,4482.691011562465,4399.663641560751,4425.279296875,1385274
2026-04-10,4415.611175793522,4509.104202301997,4410.62752860897,4490.26611328125,1565192
2026-04-13,4376.738695227283,4481.2955150452835,4376.738695227283,4424.78076171875,850456
2026-04-15,4475.415043264428,4519.171369197922,4432.754730388897,4507.41015625,918513
2026-04-16,4539.105836555689,4539.105836555689,4425.478681226891,4446.80859375,1283713
2026-04-17,4446.80860763948,4516.978262584491,4315.838457109326,4511.09765625,2124034
2026-04-20,4517.277374817795,4534.122004205732,4453.088099309882,4498.23974609375,1646815
2026-04-21,4498.73808672063,4529.636697707301,4450.39671146729,4465.048828125,656106
2026-04-22,4447.108126662484,4477.308835307954,4430.662090201536,4440.03125,596352
2026-04-23,4396.5736146026165,4459.367570104762,4379.130849185354,4441.9248046875,680187
2026-04-24,4460.862435947686,4471.9262296400375,4347.13551391155,4395.57666015625,958536
2026-04-27,4424.282272732981,4449.400048324654,4374.047208233913,4427.2724609375,649222
2026-04-28,4397.868888135784,4460.364015495882,4381.024258799593,4402.5537109375,620778
2026-04-29,4405.444477800803,4457.772774865154,4395.776493972833,4425.279296875,702730
2026-04-30,4423.485027207771,4423.485027207771,4343.746676108938,4370.85791015625,869299
2026-05-01,4370.85791015625,4370.85791015625,4370.85791015625,4370.85791015625,0
2026-05-04,4392.686333602758,4432.854334640852,4338.464350375783,4348.73046875,709160
2026-05-05,4340.756633847013,4382.619269581015,4316.1372224440165,4359.2958984375,850790
2026-05-06,4383.117745600278,4426.57524685031,4283.046206403137,4345.341796875,1459870
2026-05-07,4335.673340752591,4344.743676091845,4247.064189912217,4293.412109375,1377631
2026-05-08,4299.890693872671,4589.938953473262,4199.619617443652,4494.2529296875,4777990
2026-05-11,4336.1714356672355,4365.176358217959,4136.5267337657515,4191.84521484375,5925166
2026-05-12,4146.394386830651,4199.8191810747485,4033.763962380683,4042.036865234375,1978748
2026-05-13,4016.819616977272,4096.557971656722,3972.0665627502894,4077.321044921875,2841521
2026-05-14,4101.541651857563,4133.436993986225,4045.8245734134175,4121.67578125,1127140
2026-05-15,4141.410861180254,4180.283309696747,4128.851972784219,4155.46484375,901617
2026-05-18,4116.592404667953,4169.020471149777,4052.3033550510295,4156.06298828125,851825
2026-05-19,4122.7718541827335,4154.268602329223,4081.6071223236186,4088.584228515625,711398
2026-05-20,4039.744471133866,4103.236331934217,4039.744471133866,4092.9697265625,913576
2026-05-21,4106.525312929425,4122.871578488693,4056.6888406851363,4069.74609375,863060
2026-05-22,4043.9306045995263,4100.345344469957,4040.8408893642713,4066.456787109375,768112
2026-05-25,4106.624950595387,4156.361650952179,4096.9564806185,4145.59716796875,606086
2026-05-26,4138.320744313574,4146.394349879764,4077.6200205187774,4092.47119140625,766717
2026-05-27,4084.8961156102055,4151.477934967971,4077.7199555713896,4124.36669921875,474044
2026-05-28,4124.36669921875,4124.36669921875,4124.36669921875,4124.36669921875,0
2026-05-29,4102.737972358301,4149.6835402843,4045.724852927872,4061.57275390625,2001419
2026-06-01,4086.590555568834,4091.5742025878203,3993.894721015687,4011.437255859375,450200
2026-06-02,4004.2607791244304,4074.6299753506637,3972.963571856102,4064.762451171875,522015
2026-06-03,4043.7312022976257,4090.37794384958,3988.9110849384024,4075.42724609375,959352
2026-06-04,4061.672322312249,4259.821933203119,4039.046613504238,4217.162109375,1761933
2026-06-05,4255.038114520642,4274.972703953861,4209.388099392295,4246.26708984375,1390200
2026-06-08,4183.073988834731,4224.239207403382,4167.027033930725,4178.6884765625,666737
2026-06-09,4177.193341811167,4203.208077712957,4073.8325468327307,4091.474609375,1284964
2026-06-10,4091.4745404929363,4105.6282930748075,4021.8032506621894,4028.880126953125,613629
2026-06-11,4006.951982284827,4056.3896148157537,3949.8393386542043,4012.03515625,767665
2026-06-12,4054.4960073475113,4186.263588783162,4039.445295679552,4170.31591796875,1122271
2026-06-15,4207.195130228091,4282.946570620732,4206.49722491917,4269.49072265625,1076822
2026-06-16,4284.0430909399065,4329.792876901798,4269.490743142001,4323.8125,779706
2026-06-17,4323.812338372832,4380.625916816181,4313.346679185898,4366.17333984375,623868
2026-06-18,4365.674763217696,4395.576645157543,4318.9282517885895,4373.548828125,562833
2026-06-19,4345.740340070183,4427.173329648428,4345.740340070183,4405.4443359375,941346
2026-06-22,4390.891747775549,4400.061852755146,4338.762995819039,4358.19921875,390835
2026-06-23,4360.691477754865,4402.952710396701,4277.065971666899,4291.21923828125,586588
2026-06-24,4287.93018361535,4326.603092410774,4249.755639555354,4309.65869140625,652078
2026-06-25,4320.821917574416,4320.821917574416,4211.181684371836,4277.2646484375,754050
2026-06-26,4277.2646484375,4277.2646484375,4277.2646484375,4277.2646484375,0
2026-06-29,4270.9857208678,4302.183158180815,4252.64599620607,4263.21142578125,569087
2026-06-30,4263.50992478207,4413.916290951847,4261.018101330999,4389.59619140625,1243464
2026-07-01,4454.384013002184,4489.767909279109,4375.742154951739,4384.21435546875,1168751
2026-07-02,4389.596399722663,4482.292236501547,4368.7648520199655,4466.4443359375,820705
2026-07-03,4480.298796026808,4492.957454484628,4436.442701026769,4446.509765625,542120
2026-07-06,4435.44600307642,4475.81354535161,4435.44600307642,4469.7333984375,589165
2026-07-07,4535.1191570791025,4640.672712211398,4490.266330250847,4589.14208984375,3385946
2026-07-08,4575.386820187532,4614.857404177837,4546.78097666898,4571.39990234375,1045703
2026-07-09,4614.7998046875,4679.7998046875,4546.10009765625,4555.7998046875,1777107
2026-07-10,4578.60009765625,4602.7998046875,4560.7001953125,4584.39990234375,652646
2026-07-13,4578.0,4635.0,4524.39990234375,4601.5,770367
2026-07-14,4579.7998046875,4600.0,4554.0,4573.7001953125,631158
2026-07-15,4573.7001953125,4607.0,4565.10009765625,4579.39990234375,619451
2026-07-16,4585.2998046875,4668.7998046875,4580.0,4625.7998046875,1136159
2026-07-17,4626.0,4647.5,4610.10009765625,4638.10009765625,667212
2026-07-20,4638.10009765625,4660.0,4625.2998046875,4643.39990234375,274158
2026-07-21,4644.2001953125,4691.7001953125,4629.2001953125,4688.7001953125,530094
2026-07-22,4685.7001953125,4733.0,4675.0,4711.60009765625,996475
2026-07-23,4700.0,4709.7998046875,4671.60009765625,4697.2998046875,421185
2026-07-24,4605.0,4697.0,4604.10009765625,4677.0,513858
2026-07-27,4686.89990234375,4749.10009765625,4686.89990234375,4740.10009765625,500721
2026-07-28,4750.0,4860.0,4712.89990234375,4849.7001953125,1321587
2026-07-29,4849.7001953125,4866.89990234375,4823.2001953125,4850.2001953125,837059
2026-07-30,4820.89990234375,4869.89990234375,4820.89990234375,4850.0,777361
2026-07-31,4850.0,4886.0,4820.89990234375,4875.2001953125,1003314
2026-08-03,4875.2001953125,5000.0,4851.7998046875,5000.0,505420
2026-08-04,4935.0,4935.0,4862.0,4935.0,1181747
2026-08-05,4910.2001953125,4920.60009765625,4882.2998046875,4912.39990234375,546332
2026-08-06,4883.89990234375,5005.0,4883.89990234375,4998.0,1283840
2026-08-07,4978.10009765625,5003.0,4891.2998046875,4941.0,1166858
2026-08-10,4932.0,5122.2001953125,4886.2001953125,5090.0,3664718
2026-08-11,5090.0,5168.0,5090.0,5128.0,1664853
2026-08-12,5128.0,5128.0,4992.0,5099.0,1105157
2026-08-13,5069.5,5071.5,5010.0,5063.7001953125,533274
2026-08-14,5064.0,5090.5,5046.39990234375,5056.2001953125,587764
2026-08-17,5056.2001953125,5111.0,5037.2001953125,5068.5,565258
2026-08-18,5060.0,5094.89990234375,5042.5,5048.60009765625,354873
2026-08-19,5045.0,5074.7998046875,5038.0,5068.0,412981
2026-08-20,5084.89990234375,5110.0,5060.10009765625,5068.0,614435
2026-08-21,5068.0,5090.39990234375,5011.0,5086.10009765625,352381
2026-08-24,5086.7998046875,5093.39990234375,5050.0,5079.0,256376
2026-08-25,5059.10009765625,5124.7998046875,5052.7001953125,5124.7998046875,347515
2026-08-26,5149.89990234375,5149.89990234375,5091.0,5100.0,377617
2026-08-27,5100.0,5186.7001953125,5069.5,5139.2998046875,1101845
2026-08-28,5155.0,5169.89990234375,5136.0,5169.2001953125,547804
2026-08-31,5159.0,5159.0,5088.0,5102.39990234375,630695
2026-09-01,5104.0,5126.5,5010.5,5050.0,466855
2026-09-02,4972.0,5092.0,4971.5,5074.0,812660
2026-09-03,5057.5,5072.5,4952.0,5027.0,571600
2026-09-04,5010.0,5022.0,4980.0,5020.0,310845
2026-09-07,5010.0,5028.0,4958.5,4995.0,480336
2026-09-08,4975.0,5015.5,4969.0,4987.0,432671
2026-09-09,5010.0,5019.0,4968.0,5005.0,502050
2026-09-10,5000.5,5021.0,4974.5,5021.0,336565
2026-09-11,4964.0,5015.0,4943.0,5009.5,403235
2026-09-14,5009.5,5009.5,5009.5,5009.5,0
2026-09-15,5003.0,5003.0,4856.0,4856.0,504447
2026-09-16,4880.0,4921.5,4845.0,4908.5,376036
2026-09-17,4895.0,4915.5,4838.5,4841.0,489416
2026-09-18,4851.0,4864.5,4772.0,4798.5,1066023
2026-09-21,4816.5,4880.0,4780.0,4875.0,665067
2026-09-22,4876.0,4982.0,4862.5,4928.5,1238174
2026-09-23,4928.5,4951.0,4852.5,4880.0,769737
2026-09-24,4868.0,4912.0,4830.0,4832.5,504126
2026-09-25,4855.0,4884.0,4821.5,4884.0,368677
2026-09-28,4881.0,4881.0,4810.0,4819.5,632938
2026-09-29,4808.0,4818.5,4675.0,4675.0,1188414
2026-09-30,4683.0,4698.0,4587.0,4587.0,927060
2026-10-01,4574.89990234375,4621.7998046875,4491.0,4515.7001953125,694098
