Date,open,high,low,close,volume
2016-10-03,3654.950287594653,3711.638944011381,3634.8595164185513,3705.460693359375,249528
2016-10-04,3709.280940788734,3763.5170893190207,3709.280940788734,3728.805908203125,224189
2016-10-05,3733.8047154012083,3815.1589295488284,3715.4587966441363,3804.21728515625,325419
2016-10-06,3808.1321378926446,3814.4517819793737,3721.9673152445553,3735.408447265625,192924
2016-10-07,3754.084158296021,3754.084158296021,3683.8601928989738,3710.600830078125,117828
2016-10-10,3711.591435039546,3768.232878938419,3711.591435039546,3751.018798828125,202224
2016-10-13,3744.2746232552054,3787.0502937281963,3718.76000997092,3759.5078125,345562
2016-10-14,3762.5739099830257,3827.610081297616,3744.6996076830137,3807.377685546875,214434
2016-10-17,3815.3950568589653,3843.409159922037,3738.332611903022,3785.070068359375,648256
2016-10-18,3801.246185027733,3820.110930362858,3760.592566717524,3794.40771484375,218098
2016-10-19,3783.3248015038753,3820.111056118348,3777.7597935598315,3803.651611328125,269986
2016-10-20,3805.01923124493,3816.762489459368,3767.053930288656,3779.646240234375,199695
2016-10-21,3780.4949272545678,3796.765769942976,3725.787166331223,3754.93310546875,231846
2016-10-24,3768.1860084914447,3789.786281994124,3736.210354412606,3746.067138671875,108882
2016-10-25,3755.027742951386,3802.9914524291567,3739.7473445377086,3789.031494140625,110334
2016-10-26,3754.131775920435,3772.8548987244594,3706.8282857194786,3714.044189453125,268883
2016-10-27,3725.787448042189,3744.652194614555,3690.887666883313,3717.817138671875,355002
2016-10-28,3717.298396219146,3763.328424954037,3669.1932913708392,3756.63134765625,189117
2016-11-01,3757.857269008927,3763.516692606832,3727.673676486767,3751.018798828125,166098
2016-11-02,3734.1823891417043,3739.747627879432,3657.874576853632,3674.947265625,214701
2016-11-03,3667.3069084552467,3709.516780922678,3660.7042468402296,3684.898193359375,246707
2016-11-04,3702.206641248165,3705.8381972003745,3601.516052979823,3635.755615234375,227359
2016-11-07,3664.194214780495,3721.0714750178895,3650.423087161628,3686.643310546875,254951
2016-11-08,3688.2938789119958,3743.7090736913783,3679.5689333509868,3734.2294921875,171969
2016-11-09,3584.0187097718767,3650.3283377782063,3380.798280279467,3551.995849609375,747032
2016-11-10,3706.9227635352263,3706.9227635352263,3599.2523127837326,3623.21044921875,382638
2016-11-11,3584.584844683663,3585.38645823869,3405.9355575364257,3427.81884765625,623318
2016-11-15,3409.8030800407387,3409.8030800407387,3153.714135025231,3173.19189453125,1362707
2016-11-16,3207.006620428752,3270.109099758882,3153.2420976745047,3178.9453125,833115
2016-11-17,3178.7099998668,3212.383528586324,3128.718418266521,3146.49853515625,745885
2016-11-18,3140.6027849276506,3211.864173696026,3089.10193986303,3200.21533203125,683557
2016-11-21,3207.007026161766,3214.5529250468526,3115.5602101046356,3133.717529296875,525360
2016-11-22,3145.9318338725316,3239.1709220962643,3112.6827229680994,3228.465087890625,540794
2016-11-23,3272.090575168928,3277.891393127185,3189.0856830919993,3256.244140625,430852
2016-11-24,3240.9633488069608,3306.0467222259595,3211.6757847119025,3286.0029296875,688901
2016-11-25,3301.3303498538103,3310.715514363317,3255.2061407931506,3298.925048828125,497488
2016-11-28,3281.522497632675,3361.509065045679,3278.221167152159,3305.9052734375,416351
2016-11-29,3287.182277513587,3360.7547933374203,3287.182277513587,3335.523193359375,378409
2016-11-30,3367.2630312460656,3433.384063706852,3353.774920936125,3398.90869140625,5134859
2016-12-01,3414.236208529373,3415.3210696573774,3359.056823250683,3368.017578125,267124
2016-12-02,3348.4925772233096,3394.9470164988725,3327.741355617982,3382.118896484375,266078
2016-12-05,3384.335296407264,3426.073545255096,3349.9071363406906,3379.38330078125,296963
2016-12-06,3395.6544743435775,3412.44414530101,3354.5764415210488,3397.446533203125,234462
2016-12-07,3400.9836525301403,3459.794593305263,3352.8315701290767,3365.51806640625,381973
2016-12-08,3384.3360587209504,3424.8952701270264,3373.300226325117,3389.05224609375,206057
2016-12-09,3400.087432527872,3403.152953737792,3352.501157033466,3366.36669921875,149963
2016-12-12,3373.0167018455927,3373.0639097687394,3246.0098871064015,3265.81787109375,207281
2016-12-13,3271.1473184450883,3280.4852766355802,3165.0803183772796,3175.64453125,366724
2016-12-14,3188.944216602244,3188.944216602244,3114.6170643417436,3126.879150390625,209745
2016-12-15,3103.2503018384323,3123.058282488465,3070.237000755045,3079.19775390625,335980
2016-12-16,3097.590703625035,3097.590703625035,2983.789237153272,2997.27734375,758086
2016-12-19,3008.8326459142736,3008.8326459142736,2924.9789399738665,2931.298583984375,408345
2016-12-20,2939.7876669553257,2989.59064279238,2927.4313964103617,2967.04736328125,317562
2016-12-21,2999.494725626586,3029.1594937590553,2986.761021602699,3011.143798828125,304789
2016-12-22,3002.796265705336,3002.8434736318936,2952.333064758191,2965.25537109375,239905
2016-12-23,2979.5924214580705,2979.5924214580705,2894.1824622468894,2930.73291015625,288590
2016-12-26,2909.8871764025193,2942.9004831040065,2892.9561123078383,2913.42431640625,162679
2016-12-27,2895.7384984054347,2984.402804219803,2876.8737524874837,2977.375732421875,258494
2016-12-28,2968.367980232607,3017.4163230899617,2948.559995617137,2980.158447265625,202414
2016-12-29,2980.1581415191267,3056.0887414217345,2959.7371468260358,3033.6396484375,338530
2016-12-30,3046.6566126978814,3097.2612039505693,3033.451289918386,3065.7099609375,229481
2017-01-02,3112.683319996669,3187.19907220265,3112.683319996669,3179.9833984375,243562
2017-01-03,3183.426086272416,3194.226107975258,3125.416988700341,3137.86767578125,279985
2017-01-04,3140.9800958903115,3169.2772138713053,3100.892512083904,3114.00341796875,223808
2017-01-05,3117.258291505877,3206.0640028250264,3117.258291505877,3190.830810546875,210883
2017-01-06,3188.1424313210064,3202.1965765531513,3124.0022877323,3134.14208984375,228327
2017-01-09,3135.7924558520695,3145.6492397440197,3094.7616326216394,3104.995849609375,138789
2017-01-10,3117.9653544552248,3126.784485163631,3075.8968781758026,3093.299560546875,236655
2017-01-11,3108.1554658160317,3169.2772881438864,3101.6944285618106,3162.76904296875,160310
2017-01-12,3178.7097781506336,3202.2907112229677,3146.686917094914,3162.203125,131166
2017-01-13,3163.2410226052775,3177.342375615695,3122.2101958887897,3131.26513671875,95008
2017-01-16,3127.7750207781205,3155.128903649823,3112.6832233316636,3150.601318359375,104519
2017-01-17,3154.562779877773,3199.6967774520886,3145.6964412418647,3188.3779296875,159811
2017-01-18,3191.9151811666907,3330.618279052564,3191.9151811666907,3302.886962890625,249849
2017-01-19,3306.990018337437,3317.2712129328834,3230.635003930622,3264.96875,282789
2017-01-20,3244.7364738291003,3322.5535549601764,3227.852617430047,3274.58984375,314577
2017-01-23,3308.8296238283824,3366.838724499122,3283.5980231301337,3327.552978515625,389942
2017-01-24,3354.151771831253,3465.925389649589,3334.3909968473035,3449.27734375,425207
2017-01-25,3456.964473040583,3484.0825435999054,3419.2349835667433,3471.490234375,464955
2017-01-27,3471.112979362657,3550.3449060655003,3462.623844358781,3477.055419921875,285354
2017-01-30,3480.5460755545164,3518.2755723084947,3448.2874018863795,3484.224609375,199744
2017-01-31,3494.6943641112844,3523.9347218137,3458.002523494501,3484.7431640625,214723
2017-02-01,3499.5047862788847,3578.170684703436,3461.4922771688507,3565.201171875,289861
2017-02-02,3584.3021034122876,3584.773722110105,3502.0518485694456,3510.30517578125,239504
2017-02-03,3519.2183228600543,3555.061339817621,3505.164179376551,3525.349365234375,203149
2017-02-06,3537.13980667972,3588.0274119753108,3526.5755951802776,3541.714599609375,150193
2017-02-07,3527.8961209356785,3532.4237060546875,3467.481725513935,3486.205078125,146734
2017-02-08,3482.432547671415,3533.320160322071,3471.160906581485,3506.8623046875,289342
2017-02-09,3511.6731184411747,3547.516142481133,3504.2686121514644,3539.451416015625,113533
2017-02-10,3552.9865031469085,3565.4371901353143,3537.894705516706,3548.364501953125,130436
2017-02-13,3556.570487147544,3584.7731889695892,3542.7991311063747,3553.8349609375,156584
2017-02-14,3557.8912629587608,3562.607449680604,3472.0566646212083,3495.307373046875,159971
2017-02-15,3508.842983884853,3548.1759357928568,3456.116107503478,3469.368408203125,280722
2017-02-16,3467.434778078862,3531.4804995120144,3427.8188109369003,3503.419189453125,174604
2017-02-17,3499.410461286263,3534.3102421670155,3470.6889309152343,3507.427978515625,140555
2017-02-20,3514.313862766178,3551.2887218615842,3478.2822410470962,3543.41259765625,219766
2017-02-21,3533.3671611679783,3569.210180955587,3513.55917654851,3555.391845703125,190129
2017-02-22,3561.6641872824434,3589.018070076721,3542.7994405277695,3563.362060546875,272588
2017-02-23,3562.230163407162,3584.301824635317,3546.5723317444194,3571.19091796875,313434
2017-02-27,3565.4370089153927,3567.464877005858,3510.4934359605454,3525.06640625,250820
2017-02-28,3543.648353250232,3569.9648138200537,3510.257842747839,3560.296630859375,363696
2017-03-01,3566.380192789362,3566.380192789362,3508.8427181106654,3519.312744140625,281751
2017-03-02,3532.4238285160573,3631.133523760634,3532.4238285160573,3601.091552734375,1005693
2017-03-03,3598.4502867588735,3642.7824397019053,3567.3706638904264,3585.952392578125,568550
2017-03-06,3598.4973481625348,3612.5986991169416,3574.916416706158,3607.03369140625,207324
2017-03-07,3606.8450933156228,3607.4111278202467,3560.7208805128594,3571.9453125,124913
2017-03-08,3548.4589871874314,3595.620855704011,3548.4589871874314,3587.69775390625,283490
2017-03-09,3574.4451307887,3614.0610993228934,3574.4451307887,3605.85498046875,124471
2017-03-10,3622.0313993321142,3668.2500291673414,3609.769313865625,3633.774658203125,139870
2017-03-14,3678.6256939153764,3782.3345953065564,3678.6256939153764,3771.958984375,527726
2017-03-15,3778.5614623229203,3807.282992404444,3740.8791777812553,3789.40869140625,224115
2017-03-16,3795.5868865391735,3861.5662894671123,3795.5868865391735,3826.289306640625,176654
2017-03-17,3838.740146519425,3842.2772865278894,3790.399233070412,3810.490234375,295372
2017-03-20,3810.490235623482,3812.5653117059505,3763.516970239174,3772.7607421875,556593
2017-03-21,3782.09869945007,3799.737191573716,3747.3405417939994,3780.306640625,341340
2017-03-22,3770.402063201352,3770.4492711173248,3690.1324862713373,3744.887451171875,248260
2017-03-23,3759.6495112479242,3773.8924867776745,3734.842554158727,3748.660888671875,118954
2017-03-24,3749.8402378367564,3782.3819277387483,3720.1754680260915,3748.378173828125,124955
2017-03-27,3758.800566844946,3758.800566844946,3711.1670841283412,3726.96630859375,119797
2017-03-28,3738.992739215163,3767.289858835863,3738.945531292619,3760.97021484375,96646
2017-03-29,3760.9703695429084,3806.339948364745,3755.5467547258527,3772.33642578125,294631
2017-03-30,3773.8923614335363,3781.4382596818414,3746.1140695634713,3762.0546875,324453
2017-03-31,3772.9488205031685,3824.826866785087,3732.6254299840407,3758.564453125,290105
2017-04-03,3800.2085320730926,3828.6000659166043,3783.3246771104955,3798.1806640625,163958
2017-04-05,3807.2831154386627,3857.840729086907,3799.265598031025,3849.58740234375,169401
2017-04-06,3848.4080461920257,3913.3025858821766,3805.490750578855,3877.789794921875,138595
2017-04-07,3857.840943190433,3917.0290896904817,3834.2600083298557,3849.351806640625,124319
2017-04-10,3834.25969913001,3874.4886786450093,3792.757257122207,3828.505859375,146951
2017-04-11,3801.2464016451904,3848.4082676705652,3796.813232295315,3804.359130859375,224440
2017-04-12,3838.03278310136,3838.03278310136,3786.2491446190857,3804.170654296875,112568
2017-04-13,3810.6789312297724,3814.3574648176887,3782.429018377786,3791.201171875,275406
2017-04-17,3793.2291025188565,3811.622231326296,3766.535438757189,3772.80810546875,166286
2017-04-18,3772.949584732907,3833.269570162311,3731.069936455399,3746.7275390625,263758
2017-04-19,3746.067081412823,3779.410613366696,3703.149782607766,3716.16650390625,266518
2017-04-20,3725.787443771643,3792.662878181005,3718.100151665236,3779.316162109375,138135
2017-04-21,3796.435586758505,3805.4907566416914,3738.66230411027,3752.528076171875,173540
2017-04-24,3770.5439952330885,3970.0858972064493,3765.827808612506,3906.46435546875,694285
2017-04-25,3928.583608267772,4024.0863910617963,3874.9604721859555,4001.590087890625,531152
2017-04-26,3997.4397528506734,4032.339533609398,3961.7855664637445,3990.74267578125,217768
2017-04-27,3993.478104861663,4006.8722594464975,3972.9157148749173,3996.591064453125,289892
2017-04-28,3985.177835747571,4027.576539196541,3976.7356771712425,4007.7685546875,174274
2017-05-02,4007.768329977989,4007.768329977989,3916.3682667016983,3967.256103515625,203245
2017-05-03,3976.689069362979,4079.501950900115,3971.02964469121,4057.241455078125,309226
2017-05-04,4052.6666746933847,4107.79908777838,4039.319956911568,4078.74755859375,196089
2017-05-05,4070.0688287137036,4096.479472329923,4040.2154611676715,4084.17041015625,283727
2017-05-08,4089.877222182999,4196.4630446245765,4089.877222182999,4175.00439453125,153494
2017-05-09,4169.109185479358,4195.048213217068,4148.404940931753,4181.27685546875,214276
2017-05-10,4195.472884193249,4206.838710384269,4080.020260550333,4119.63623046875,222094
2017-05-11,4124.776793887217,4195.000996477057,4105.015787838188,4162.03466796875,159351
2017-05-12,4150.66863472369,4169.0617615140645,4125.012396718266,4154.34716796875,207498
2017-05-15,4164.393014839779,4242.681717044015,4164.393014839779,4185.8046875,131348
2017-05-16,4204.1973415334505,4275.788958170241,4191.746425350933,4230.560546875,252094
2017-05-17,4235.088397819973,4235.088397819973,4202.782521069543,4217.2138671875,173787
2017-05-18,4198.067727657429,4198.067727657429,4080.492793566421,4094.641357421875,312920
2017-05-19,4149.301278348188,4166.6567542100665,4089.877322781938,4113.0810546875,118708
2017-05-22,4131.379149764397,4155.007058620929,4018.66229853224,4027.245849609375,153155
2017-05-23,4033.2834237252723,4070.5413038087963,3995.553924906514,4025.12451171875,229419
2017-05-24,4050.025314038021,4050.025314038021,3913.727518898925,3935.375,189988
2017-05-25,3943.67590102521,3949.3353259011133,3895.570789580033,3926.131591796875,399568
2017-05-26,3924.810419252649,3977.537292397075,3906.606123523968,3918.5849609375,235032
2017-05-29,3928.583689833866,3944.7131411536525,3815.3952041723865,3830.77001953125,310173
2017-05-30,3840.8623711011574,3877.695604260064,3822.23343401146,3850.38916015625,268009
2017-05-31,3854.3508928028755,4018.1441994958936,3854.3508928028755,3957.069580078125,443950
2017-06-01,3988.668118261476,4010.6923427716843,3923.3959069265607,3960.040771484375,143799
2017-06-02,3989.894169653032,4012.4374512172412,3960.0877759416517,3999.892578125,187673
2017-06-05,3992.7237215536416,4019.9831889853626,3928.772413145306,3940.987060546875,137269
2017-06-06,3947.448677761617,3956.6452427814916,3877.6491073543625,3888.496337890625,151928
2017-06-07,3897.4566343280203,3926.6969914587485,3869.15951452409,3905.7099609375,137567
2017-06-08,3909.7184130234245,3929.5263953330727,3873.922375052106,3886.373291015625,139961
2017-06-09,3897.4566461084155,3898.5412769244913,3821.5260410716955,3878.544921875,222729
2017-06-12,3877.176969110081,3878.54484743786,3798.4638615180716,3815.8193359375,134143
2017-06-13,3804.076416170983,3901.7959024608795,3802.472958655096,3831.24169921875,171853
2017-06-14,3840.8622182715985,3849.681578985017,3760.7342570977107,3822.79931640625,442763
2017-06-15,3803.4157107884876,3867.2728282620633,3782.381473495335,3814.262939453125,248575
2017-06-16,3818.224897953676,3898.353097268947,3782.3818776665616,3891.136962890625,249460
2017-06-19,3901.2298198404105,3913.8221310285985,3852.27589172865,3864.962158203125,145691
2017-06-20,3889.911018979804,3891.7974937707736,3823.365574671829,3833.128173828125,177824
2017-06-21,3824.827180865644,3829.637783119823,3779.5989992223967,3788.088134765625,215935
2017-06-22,3805.01883754687,3855.434819469266,3765.4028754306164,3827.51513671875,363645
2017-06-23,3837.938052725929,3853.1242649529568,3764.4599611817016,3772.005859375,226036
2017-06-27,3766.346991836628,3787.145422859333,3643.867521589368,3657.7802734375,339043
2017-06-28,3657.8742974769866,3741.162198218183,3622.5501061842147,3733.569091796875,261198
2017-06-29,3772.9496818684793,3772.9496818684793,3716.449852495528,3729.324951171875,877055
2017-06-30,3757.8576117101657,3768.138806737615,3703.1498452746264,3734.37109375,244498
2017-07-03,3744.652256599645,3782.2873345214657,3712.0633602999305,3771.86474609375,218282
2017-07-04,3762.5733991235224,3818.2243970047675,3751.301760015946,3790.917724609375,178852
2017-07-05,3805.9623710668793,3873.3094197950486,3797.6146291437185,3855.90673828125,169732
2017-07-06,3864.2548677345503,3895.570534221176,3836.193784846886,3874.206298828125,151491
2017-07-07,3867.2732490780295,3906.8892189466337,3855.9544005441426,3864.34912109375,145864
2017-07-10,3906.94621164621,3938.1963001312943,3876.7358536706615,3909.9716796875,26229
2017-07-11,3922.1220460234117,3942.9240433745485,3914.557683350271,3925.195068359375,130236
2017-07-12,3942.9235217296077,3970.7224585372155,3924.958162757698,3963.016357421875,161823
2017-07-13,3970.297421469304,3997.718233783569,3957.7213925996202,3970.06103515625,131100
2017-07-14,3979.800128033778,4007.126294593013,3954.6960852458037,3992.943115234375,125584
2017-07-17,3974.126945038921,4133.829455845188,3974.126945038921,4110.99462890625,276947
2017-07-18,4119.031159349579,4211.552846854082,4066.789788548072,4095.014404296875,739090
2017-07-19,4080.9732488729137,4082.8643393496855,3960.038105221778,3976.821533203125,446659
2017-07-20,3996.6305723836786,4003.1552041163386,3909.262281559316,3916.1650390625,292416
2017-07-21,3929.6864948229313,3960.5113657299753,3914.5106765541595,3949.2119140625,122241
2017-07-24,3953.3250157622656,3993.983464860036,3935.4067471225894,3968.926513671875,183331
2017-07-25,3954.2704093513285,3980.7456775153255,3876.7356954424786,3882.12548828125,359976
2017-07-26,3890.824617438989,3898.4836274058284,3845.6748252467437,3852.530029296875,238144
2017-07-27,3872.0084087951377,3886.1915897797353,3811.729889610598,3822.792724609375,291936
2017-07-28,3820.0028938690807,3842.885043252262,3783.173951742194,3805.063232421875,193195
2017-07-31,3823.5966476984095,3848.3698917413917,3783.2219040943132,3835.983154296875,198206
2017-08-01,3855.933617950495,3872.0078875692193,3830.8766682507185,3846.33642578125,243417
2017-08-02,3848.369421094427,3874.8446898390566,3822.3669250059506,3864.869140625,132722
2017-08-03,3873.8988255738204,3913.3282465275165,3848.3691042434584,3861.98486328125,195349
2017-08-04,3867.2801926876555,3895.3630721622244,3841.750470144241,3859.101318359375,171562
2017-08-07,3859.101393672246,3890.6825142816497,3822.2251270565384,3829.4111328125,159843
2017-08-08,3846.383762718355,3863.6872884587247,3805.8199603243647,3835.793701171875,236701
2017-08-09,3837.022648159161,3837.022648159161,3765.2558555800483,3780.148193359375,141670
2017-08-10,3758.5426505713963,3772.725830384873,3673.4435716905346,3694.81298828125,144452
2017-08-11,3698.973668439166,3757.597484247762,3633.069199094519,3708.94921875,252752
2017-08-14,3739.631776081283,3756.6515920027655,3718.829778843916,3744.832275390625,83680
2017-08-16,3754.760629575933,3755.564435471421,3678.266102188159,3726.677978515625,204377
2017-08-17,3736.795115424406,3775.0423775595827,3703.79567599958,3718.735107421875,123889
2017-08-18,3710.3201254678497,3818.67971994149,3710.3201254678497,3795.750244140625,276537
2017-08-21,3807.5220687030724,3837.3540707208294,3782.4651168809933,3789.651123046875,170312
2017-08-22,3764.215938352442,3823.0288113908537,3750.0327584792226,3758.779052734375,106270
2017-08-23,3763.2703469001885,3768.943618779938,3719.2551663972645,3736.36962890625,142515
2017-08-24,3743.41382544972,3744.359370745363,3716.3711376559295,3725.117431640625,287019
2017-08-28,3740.5770848083453,3777.689736622988,3730.081439982232,3767.194091796875,352378
2017-08-29,3729.23052833257,3758.2587218235626,3702.7552608900464,3717.505859375,165202
2017-08-30,3744.359043946772,3805.0630004597397,3739.725964740894,3794.520263671875,415975
2017-08-31,3812.3442491879887,3819.8615194857734,3767.525491409001,3782.5595703125,257768
2017-09-01,3782.181104287648,3809.601917293733,3770.834560974785,3781.802978515625,533261
2017-09-04,3799.2012610067427,3809.365873638854,3775.6099504158406,3782.5595703125,176316
2017-09-05,3801.186494638007,3885.0560800351727,3786.95599267054,3874.70263671875,216938
2017-09-06,3867.2804055007978,3941.9784866828427,3856.0756009850797,3924.24951171875,250105
2017-09-07,3940.0875279442366,3952.2849707895225,3877.255853890903,3892.148193359375,128470
2017-09-08,3849.36197791174,3933.6574741808163,3849.2673310497694,3918.76513671875,149642
2017-09-11,3935.5487683091574,3963.7258331139265,3925.0055690320523,3947.2734375,87309
2017-09-12,3947.6515757360344,4002.4932024169184,3947.6515757360344,3990.4375,182205
2017-09-13,3973.181586692045,3996.773128005704,3946.8480561838614,3956.965576171875,160537
2017-09-14,3966.3732257066454,3994.928878342263,3946.233295564836,3984.906005859375,104714
2017-09-15,3972.755548069125,3996.016054070476,3948.5970510756806,3981.64404296875,148198
2017-09-18,4004.384877538762,4009.112604666907,3971.2907876417476,3979.989990234375,57086
2017-09-19,3985.378547849376,3985.378547849376,3942.923658825366,3956.3505859375,91465
2017-09-20,3958.998285595909,3990.059541937622,3927.8899366646506,3980.414794921875,134462
2017-09-21,3964.8606443542412,4012.894159799439,3924.0129036681606,3939.188720703125,68443
2017-09-22,3922.1218051462906,3934.3668011482337,3771.9691691368685,3781.802978515625,302353
2017-09-25,3772.7256606635574,3781.2355681688136,3679.211324971982,3689.32861328125,300503
2017-09-26,3687.6266136706276,3720.673375231627,3627.111715395007,3701.478759765625,394045
2017-09-27,3739.5370006212925,3744.4066974056605,3567.8261132922253,3591.65380859375,399169
2017-09-28,3591.6537728773374,3675.8546268587634,3571.5136120938682,3658.031005859375,333828
2017-09-29,3666.8245803789405,3703.4644598244495,3635.621586270507,3644.320556640625,135081
2017-10-03,3700.2971121730793,3730.176437828446,3666.824898833641,3682.899169921875,128586
2017-10-04,3683.088100265995,3712.9201014105624,3649.332178364822,3661.624267578125,114881
2017-10-05,3666.9193391760964,3711.265321636349,3644.3206678819593,3682.33154296875,151360
2017-10-06,3697.082189354353,3735.2350352325193,3695.1437752853585,3716.843994140625,186262
2017-10-09,3711.927112717179,3772.7257212616014,3706.6321975809146,3741.853759765625,164124
2017-10-10,3744.35911027012,3775.8931360245583,3742.042570626148,3754.571044921875,191270
2017-10-11,3758.542598714851,3766.8161201585626,3705.7811243674605,3736.03857421875,225285
2017-10-12,3736.983963024905,3748.425153109185,3671.4576297656886,3706.348388671875,183939
2017-10-13,3687.6264410697563,3801.091870025749,3687.6264410697563,3786.90869140625,187181
2017-10-16,3820.002704645845,3825.2978502382102,3768.37584308129,3786.199462890625,297411
2017-10-17,3785.916090216657,3881.6527835082816,3785.8687667820473,3866.712890625,270710
2017-10-18,3867.280198114136,3960.558147718018,3830.5929950532877,3869.3603515625,784453
2017-10-19,3853.6646334755624,3855.9811733613637,3799.2011302112755,3814.660888671875,37888
2017-10-23,3828.5125520469137,3993.9829636567456,3828.5125520469137,3976.064697265625,486553
2017-10-24,3988.3099963833156,4065.8447094471926,3973.2283644702975,3996.91455078125,371685
2017-10-25,4028.0231957814863,4232.639117425963,4028.0231957814863,4217.36865234375,675900
2017-10-26,4217.132028469479,4264.409293362635,4185.314521534794,4239.73046875,510733
2017-10-27,4236.988195622191,4256.844645545883,4168.058040368346,4198.0791015625,187708
2017-10-30,4202.948735081614,4241.716091243222,4188.8126485849,4228.71484375,110319
2017-10-31,4228.715102015343,4231.315351672796,4152.882181873905,4161.39208984375,175650
2017-11-01,4183.092032244236,4212.403933916834,4167.963308800315,4185.2666015625,73374
2017-11-02,4202.759262344378,4206.730736995418,4144.514045409173,4159.59521484375,114975
2017-11-03,4169.854908453545,4179.310361760696,4116.9043699335,4136.85546875,119929
2017-11-06,4146.216122197186,4212.404292905009,4121.679037093685,4186.63818359375,112295
2017-11-07,4190.656904577581,4223.231125888587,4108.158074495363,4135.29541015625,156131
2017-11-08,4141.488130529487,4183.423154052588,4098.938594941856,4132.60009765625,115134
2017-11-09,4168.908673777641,4174.676591679667,4106.266305975924,4125.74462890625,146865
2017-11-10,4113.121653923863,4246.348881364285,4103.666201845877,4208.47998046875,376322
2017-11-13,4231.31494823454,4240.675753770444,4100.829705138145,4111.84521484375,169443
2017-11-14,4120.686605359271,4149.998510996293,4113.122242614234,4123.9013671875,120260
2017-11-15,4118.795128003899,4118.795128003899,4029.913874093805,4072.179931640625,203169
2017-11-16,4080.027923251253,4094.211102590481,4032.0414998201986,4040.40966796875,127671
2017-11-17,4076.2456195950117,4112.365633236916,4010.3409302358154,4034.688720703125,275645
2017-11-20,3999.6571334282035,4009.5853603551527,3943.302533961575,3953.60888671875,214322
2017-11-21,3962.7804931553956,3981.3132740325436,3903.258229727885,3936.683349609375,296266
2017-11-22,3940.1823172799823,4007.8359057774337,3940.1823172799823,4000.03515625,205993
2017-11-23,4004.3847984532363,4027.550660923627,3944.1533713533836,3957.249267578125,273052
2017-11-24,3957.249270433971,4014.785800827107,3957.249270433971,4010.341552734375,277735
2017-11-27,3999.5615949110593,4051.566581506185,3976.2069052189927,4039.369140625,225700
2017-11-28,4039.369350590148,4086.4573198598255,4020.7894785701496,4043.056884765625,165542
2017-11-29,4051.5670663788746,4080.0280729690508,4031.521782525753,4054.261962890625,147547
2017-11-30,4038.42388402559,4038.84956407768,3959.045173227507,3974.883056640625,233153
2017-12-01,3997.7658464610795,4017.1495266532397,3927.5120097585213,3957.060302734375,144542
2017-12-04,3948.597426610792,3969.163038207723,3868.5097807220645,3886.238525390625,236418
2017-12-05,3895.6465605663457,3909.6404460585577,3851.2059323268754,3884.58349609375,123027
2017-12-06,3875.790363235834,3886.1442694245966,3797.6411329293474,3817.544677734375,176862
2017-12-07,3813.383996765885,3893.755343089986,3801.1865553680427,3859.573974609375,178897
2017-12-08,3883.35505288566,3954.3180522163843,3862.742116491734,3938.716552734375,176333
2017-12-11,3960.888438112503,4026.083957668216,3960.888438112503,4009.631103515625,157581
2017-12-12,3999.6560418516874,4027.6442710314086,3939.708570820485,3992.564453125,176379
2017-12-13,3990.8638641196153,4112.177160636057,3953.8929446989046,4041.59228515625,242129
2017-12-14,4067.8780892315676,4079.082894667299,4007.410737337697,4035.777099609375,155066
2017-12-15,4064.899158219303,4091.374426056042,4026.8880532911726,4077.001953125,248023
2017-12-18,4054.0252013074005,4084.755421492238,3973.1810835903666,4075.205322265625,171295
2017-12-19,4083.715032409875,4132.032484000544,4083.715032409875,4123.0498046875,165588
2017-12-20,4122.577655265174,4132.033108602938,4077.900638244238,4097.142578125,98899
2017-12-21,4087.687103352814,4144.703302003736,4071.801664813434,4096.8115234375,77428
2017-12-22,4087.593046218624,4112.933480010121,4033.696954700127,4055.349853515625,98020
2017-12-26,4064.993815696741,4128.156055881024,4049.2505790839914,4103.99755859375,150416
2017-12-27,4078.1368414504273,4101.728381145602,4032.892406922499,4044.75927734375,85346
2017-12-28,4045.9888369944865,4060.739437829544,4018.568019917403,4043.577880859375,135145
2017-12-29,4037.4785561856247,4097.0479119326255,4037.4785561856247,4085.3232421875,172445
2018-01-01,4067.9251262294524,4084.56635395902,4011.9957530422416,4024.287841796875,166780
2018-01-02,4051.661458183818,4066.7901824150763,4012.704808611519,4020.741943359375,141217
2018-01-03,4024.240488677351,4079.082111878311,4014.2176169263607,4067.6884765625,166916
2018-01-04,4067.8306129560033,4113.12214143942,4061.117148846508,4108.8671875,149645
2018-01-05,4122.3885887639,4171.746242584641,4113.169521251389,4156.42822265625,165179
2018-01-08,4160.399663952853,4191.980787245352,4133.168141738357,4184.32177734375,176265
2018-01-09,4191.5084513947795,4234.152644733084,4146.500394364684,4185.7880859375,137512
2018-01-10,4186.875123007348,4186.875123007348,4138.274180720073,4163.42578125,108721
2018-01-11,4179.16872909833,4193.493648886326,4143.001619274226,4166.16748046875,111608
2018-01-12,4172.501905040592,4194.628033299977,4114.634812609939,4165.599609375,77493
2018-01-15,4177.229697209496,4317.217951048757,4163.613937698754,4274.00634765625,318055
2018-01-16,4281.429227152137,4340.998582565252,4265.354956643836,4297.59814453125,315736
2018-01-17,4294.666956567709,4349.413939699413,4253.961414146287,4296.79443359375,325182
2018-01-18,4306.485492609024,4309.55851442283,4132.032408102192,4168.57763671875,626579
2018-01-19,4130.141557957849,4143.7573169094185,4038.423670796239,4065.844482421875,311100
2018-01-22,4089.4832112442264,4107.684957328955,4028.542635130497,4094.2109375,179728
2018-01-23,4108.11069286342,4167.065070715692,4066.79018015297,4136.47705078125,250337
2018-01-24,4127.115430838032,4131.039812701789,4042.3003049225777,4049.77001953125,244058
2018-01-25,4051.66099107891,4151.841684975024,4048.824355612577,4122.52978515625,279951
2018-01-29,4132.032984532961,4172.786079533468,4095.440196537739,4151.60595703125,263874
2018-01-30,4145.176026689764,4145.790538807972,4071.518138765783,4125.603515625,201842
2018-01-31,4125.603328040287,4165.977834262515,4094.211040237406,4143.37939453125,189153
2018-02-01,4143.379841199774,4184.0382924027845,4110.900265167791,4152.3154296875,268309
2018-02-02,4130.142516970005,4130.142516970005,3904.157154892205,3951.860107421875,240012
2018-02-05,3898.341479880805,3952.190006974523,3831.396827374237,3920.60888671875,178020
2018-02-06,3763.2703027185144,3890.6825321886954,3733.5802725681388,3869.785888671875,298939
2018-02-07,3931.4825249426167,3940.8908849103036,3830.4038294825305,3859.290283203125,262748
2018-02-08,3862.552445706687,3954.175690452487,3831.3021282203226,3940.087158203125,188256
2018-02-09,3838.914104678156,3940.9383551709684,3833.2881560387823,3927.13330078125,181041
2018-02-12,3942.923892616482,3992.517928172851,3935.879395469644,3971.57373046875,218964
2018-02-14,3971.289881077116,3977.4830175243783,3928.740346637004,3948.1240234375,152754
2018-02-15,3962.212957806536,3998.805745824469,3933.515565431878,3959.802001953125,122433
2018-02-16,3976.0176424536944,4027.9279825934645,3918.481123588943,3939.472412109375,114025
2018-02-19,3917.4412810025256,3985.4734501969388,3855.3192316410154,3892.431884765625,131776
2018-02-20,3876.7360098510026,3957.1073661527917,3861.890993738585,3915.125244140625,123931
2018-02-21,3938.2907036948523,3945.7133264164772,3895.693612187401,3906.5673828125,170432
2018-02-22,3906.5670378699638,3906.5670378699638,3850.449069454456,3876.640625,196243
2018-02-23,3895.4574375414713,3909.1207521374763,3842.270743961608,3892.24267578125,136480
2018-02-26,3895.6465635059276,3923.067376695654,3895.6465635059276,3915.313720703125,129762
2018-02-27,3922.121493763397,3957.2959599175324,3914.3678384383697,3948.69140625,179366
2018-02-28,3900.3740848692387,3965.5696133404017,3900.3740848692387,3929.307861328125,160018
2018-03-01,3929.3554246827152,3952.379546195737,3906.3313031696935,3927.13330078125,198915
2018-03-05,3892.0533594766966,3909.2620052012494,3853.5221615073583,3872.3857421875,124424
2018-03-06,3883.354944002304,3947.3209977466126,3879.2892834735853,3924.296875,235296
2018-03-07,3933.4680698062493,3943.3962945016738,3870.116540797351,3889.453125,188355
2018-03-08,3881.6998556009416,3908.506157282578,3842.837851304626,3895.552001953125,154031
2018-03-09,3890.9189306056237,3909.4041566440774,3831.302252948039,3857.68310546875,135949
2018-03-12,3857.6828413039616,3957.9106367842733,3853.002207687274,3948.596923828125,102681
2018-03-13,3917.393862936994,3979.894494580279,3916.25902399142,3942.923583984375,138444
2018-03-14,3926.944337735679,4012.8943144797886,3919.048942021702,3999.89306640625,237294
2018-03-15,3999.6565649843337,3999.6565649843337,3929.6862137292887,3961.267333984375,188385
2018-03-16,3915.5033226663677,3939.898208195962,3785.301773198975,3807.04931640625,527458
2018-03-19,3837.9680486388315,3844.114092569887,3744.3590718427627,3756.083740234375,193770
2018-03-20,3752.8693646123725,3781.141077263106,3697.2712537822435,3722.4228515625,155144
2018-03-21,3744.3592324954157,3833.240487004145,3742.89359117208,3781.424560546875,205143
2018-03-22,3781.2358427791933,3793.5279322906035,3699.5408171340796,3711.4072265625,180643
2018-03-23,3641.294753789025,3686.633602308004,3605.4586811914105,3662.805908203125,249194
2018-03-26,3652.6418478045885,3753.8152047072786,3617.8457312239875,3734.904296875,156418
2018-03-27,3734.431315645851,3772.7732253039644,3709.3743641672804,3761.94677734375,106468
2018-03-28,3758.4482847877694,3758.4482847877694,3709.374571301424,3734.904296875,464340
2018-04-02,3898.4830963376394,3898.4830963376394,3709.421368285956,3761.851806640625,303869
2018-04-03,3750.9782362520286,3774.238743163616,3701.337107589757,3736.03857421875,240321
2018-04-04,3736.794827210423,3758.495044524136,3661.71862671469,3669.94482421875,177225
2018-04-05,3720.7205314960847,3763.128327986355,3701.809626634605,3750.599853515625,124669
2018-04-06,3734.9044133355487,3771.9224242331,3706.5853741428855,3734.431640625,214201
2018-04-09,3740.672000140213,3758.4953912355036,3688.997808964218,3704.835693359375,107499
2018-04-10,3729.9869491473364,3732.8709083296394,3695.238161202587,3717.12744140625,115836
2018-04-11,3707.483422025974,3722.5648246150713,3678.1715153483906,3710.9345703125,139653
2018-04-12,3673.4910059395,3687.6268627441464,3654.5327755143912,3661.435302734375,218223
2018-04-13,3673.2549217594214,3693.0167288495004,3652.16921256363,3667.723388671875,304761
2018-04-16,3654.674311754653,3710.367068246323,3654.674311754653,3703.700927734375,180569
2018-04-17,3706.5377496968536,3730.176383304614,3690.038029607843,3703.9375,103447
2018-04-18,3719.775095021203,3790.40728057495,3708.854000975159,3774.94775390625,159338
2018-04-19,3796.5536821743913,3936.778105189921,3789.320352510955,3879.998291015625,449754
2018-04-20,3881.4635156657655,3909.3571024409516,3837.0702093232753,3858.67578125,192832
2018-04-23,3850.3552580361047,3935.9742036001708,3850.3552580361047,3918.056396484375,111251
2018-04-24,3941.032586616951,3946.4223791977197,3872.953328882685,3894.937255859375,378441
2018-04-25,3908.884129323447,3936.0685557187176,3856.8791396977117,3909.640380859375,482116
2018-04-26,3947.6515861375738,3947.6515861375738,3807.4744968813116,3857.3046875,512593
2018-04-27,3855.4611501289774,3898.341723928665,3816.221018251515,3841.13623046875,127581
2018-04-30,3876.688742845789,3903.1640119658346,3855.981161704994,3885.10400390625,177986
2018-05-02,3888.83879296812,3895.5998116823503,3775.5626429041727,3797.782958984375,217139
2018-05-03,3809.4131134347786,3810.31133533892,3764.688772666272,3777.78466796875,146828
2018-05-04,3781.1414289562103,3814.613874811816,3744.3598050280652,3768.80224609375,212463
2018-05-07,3786.909056071477,3829.4585960273366,3753.8149694391423,3813.762451171875,133722
2018-05-08,3825.865371994819,3854.7518272700763,3813.3842201214734,3842.790771484375,202627
2018-05-09,3852.9085330113153,3857.8253230381342,3739.6321452489756,3750.26953125,230272
2018-05-10,3750.978301582831,3798.06650490324,3715.9931245829407,3780.810302734375,263132
2018-05-11,3792.5824273799185,3862.5527838062744,3752.444073139682,3849.882568359375,97087
2018-05-14,3862.55227946231,3928.7404458178453,3834.8950813780325,3883.4013671875,346826
2018-05-15,3886.1911191103068,3914.084705001731,3855.129864177551,3885.529052734375,211226
2018-05-16,3867.2799329895693,3867.2799329895693,3753.9562465267686,3773.4345703125,218521
2018-05-17,3780.290172399254,3800.903106451977,3725.448544085308,3742.279296875,241558
2018-05-18,3716.9858529654216,3726.4413058515365,3641.720355653539,3648.717529296875,382059
2018-05-21,3687.5792703492225,3800.146482156836,3606.4987625500316,3642.476806640625,516801
2018-05-22,3630.8937300023345,3669.708408363357,3517.4283009397614,3551.04248046875,976312
2018-05-23,3545.7952009294863,3545.7952009294863,3489.1098011531685,3499.2744140625,333394
2018-05-24,3498.517391549814,3521.1631539015907,3433.9839288543344,3459.1826171875,398238
2018-05-25,3492.749806077498,3498.517724935397,3462.5870023549796,3481.6396484375,271222
2018-05-28,3490.0077476671227,3541.0198710960326,3484.334475793375,3527.167724609375,369098
2018-05-29,3545.795066152612,3569.4336999269626,3499.4633439548843,3513.69384765625,347743
2018-05-30,3489.0619398544554,3529.4366754824864,3489.0619398544554,3504.80517578125,201412
2018-05-31,3504.2383582485904,3559.930886512025,3485.9419635562604,3540.97265625,733987
2018-06-01,3545.7001653823263,3545.7001653823263,3460.695736755082,3487.312744140625,232438
2018-06-04,3501.1646509056363,3523.0066055085053,3428.546736732832,3509.059814453125,200526
2018-06-05,3507.9733994724434,3507.9733994724434,3438.0503639998765,3476.628662109375,204863
2018-06-06,3465.423469229372,3520.643221530255,3433.605962730243,3495.06640625,200850
2018-06-07,3522.0614424842997,3531.3751556227267,3500.7866741593753,3520.40673828125,149988
2018-06-08,3511.755000475119,3525.985502421689,3465.0451582353107,3512.84228515625,281709
2018-06-11,3524.9927286664415,3621.438345169654,3512.653316856387,3583.711181640625,283522
2018-06-12,3607.1608045941434,3607.1608045941434,3550.8537645960514,3561.11279296875,262627
2018-06-13,3570.379141143546,3626.166315223914,3542.8636798943103,3593.6396484375,239285
2018-06-14,3583.616682497677,3583.616682497677,3541.067144051135,3561.869140625,235397
2018-06-15,3559.977907542875,3585.5076295889994,3471.900458822151,3490.6220703125,588115
2018-06-18,3485.8000602773986,3506.081960725661,3442.730425836605,3469.678466796875,238900
2018-06-19,3453.1315465559037,3460.6959091989615,3415.6878591343566,3449.349365234375,249879
2018-06-20,3454.076658823624,3463.5321109419474,3427.6013928923176,3452.5166015625,222658
2018-06-21,3472.9878094384126,3472.9878094384126,3403.963004077943,3419.942626953125,321887
2018-06-22,3426.6559951658005,3455.684188249245,3368.9777347615195,3442.777587890625,330296
2018-06-25,3454.077048620944,3564.7058508899418,3433.842471142631,3547.68603515625,498922
2018-06-26,3547.685893807954,3653.5396418316614,3545.7948032462227,3630.988525390625,582262
2018-06-27,3640.3493291608274,3647.3462718966525,3545.794801130676,3567.68408203125,394258
2018-06-28,3567.684414217903,3578.8418957335357,3484.9021018964672,3518.75244140625,545895
2018-06-29,3544.8491380274872,3621.816428947403,3512.747922997427,3610.6591796875,320835
2018-07-02,3591.1811404746736,3618.4128919744926,3530.760886610785,3571.6083984375,224587
2018-07-03,3578.8893934301805,3578.8893934301805,3527.2154288727056,3545.653564453125,244401
2018-07-04,3553.3592394474945,3597.799868573102,3531.6116975349632,3584.231201171875,190572
2018-07-05,3590.2354083761707,3747.3376634440597,3586.7842604615944,3721.902587890625,499755
2018-07-06,3697.318450439457,3780.2900491930054,3678.1711584194077,3739.01708984375,327395
2018-07-09,3744.35910902337,3795.985970895275,3678.6437155695507,3686.917236328125,282644
2018-07-10,3707.064683454155,3767.7429800631235,3698.673920163463,3754.280029296875,186488
2018-07-11,3741.0064783162575,3756.365625138811,3717.730617762636,3746.695068359375,236871
2018-07-12,3755.4175075975586,3839.7982594723835,3734.6067954234177,3742.0966796875,558480
2018-07-13,3775.0432217382026,3815.3848535495017,3744.9885497969885,3758.02490234375,237239
2018-07-16,3758.26198664758,3771.108766018913,3635.19877035703,3663.4521484375,284241
2018-07-17,3674.829272481361,3721.760141673267,3640.9822070550035,3693.03271484375,175938
2018-07-18,3703.272179290614,3771.156114181777,3612.2547370960674,3649.5625,798285
2018-07-19,3641.645648388384,3676.914859610805,3586.655945809231,3657.05224609375,342317
2018-07-20,3631.216785363392,3683.362196119263,3631.216785363392,3670.75244140625,196849
2018-07-23,3683.3618764326247,3834.0146029350276,3677.720737870689,3801.542236328125,257170
2018-07-24,3839.7987450906885,4010.4564670947193,3839.7987450906885,3922.093505859375,548782
2018-07-25,3920.3864970805253,3920.3864970805253,3777.508128595661,3834.91552734375,247468
2018-07-26,3835.057664582777,3956.367028542744,3830.269721822624,3927.781494140625,839947
2018-07-27,3958.310327415336,3972.4845819069155,3887.392761096011,3910.573486328125,190337
2018-07-30,3916.120288397022,4029.4180427762603,3910.905747400488,4023.11328125,329539
2018-07-31,4016.4286998030934,4022.781143678202,3954.944894531199,3976.134521484375,251535
2018-08-01,3987.227593565943,4010.408783297979,3937.784357416432,3975.423583984375,159147
2018-08-02,3969.68772893837,4004.7673673359627,3936.504287210918,3966.369384765625,135635
2018-08-03,3982.012938354778,4001.7331982073674,3936.5042190592944,3951.436767578125,205260
2018-08-06,3958.3108416721852,3991.4942858538684,3922.330322019719,3960.96533203125,184759
2018-08-07,3953.569842195103,4047.431572261605,3948.876570516332,3988.365234375,461061
2018-08-08,3993.3906543286134,4038.8993797340677,3973.717611575214,4023.82470703125,297215
2018-08-09,4021.8335136202927,4095.7379709284164,3996.7089053904633,4087.0625,336669
2018-08-10,4091.0439152974313,4108.299488481772,4010.4555647064044,4025.81494140625,287805
2018-08-13,4006.663747557837,4006.663747557837,3958.310730254134,3976.514404296875,155075
2018-08-14,3976.3242587900786,4114.699390453466,3976.3242587900786,4075.969482421875,455836
2018-08-16,4062.6015337605318,4062.6487535037813,3982.060391690562,3994.8125,430146
2018-08-17,4038.8988248301207,4084.9288128813123,3986.2321485691145,4063.26513671875,262047
2018-08-20,4069.1437603277423,4114.5575847824875,4051.2247917024774,4077.4873046875,135703
2018-08-21,4081.5632513993946,4164.995903228232,4081.184104660626,4124.41748046875,271157
2018-08-23,4147.930826420438,4156.368810256729,4080.6158347231008,4121.62109375,189320
2018-08-24,4106.21390672742,4170.6845937875605,4057.860891432316,4091.992431640625,241765
2018-08-27,4105.266013197045,4152.670932518027,4096.4012006962885,4143.9482421875,200121
2018-08-28,4153.6194430043715,4228.519222962679,4124.22839010934,4197.84814453125,301809
2018-08-29,4204.769180767798,4204.769180767798,4148.404545759082,4173.48193359375,177155
2018-08-30,4174.4771880409035,4214.297320200277,4158.359515500205,4196.66259765625,332154
2018-08-31,4196.283485041825,4260.4222487042225,4169.7839497970135,4243.21435546875,299423
2018-09-03,4237.999941945042,4237.999941945042,4128.399671887765,4146.5556640625,150383
2018-09-04,4146.5083680702655,4146.5083680702655,3959.258933362622,3983.103515625,325798
2018-09-05,3980.116877347963,4029.4179915981044,3892.891829059251,3943.56787109375,384529
2018-09-06,3990.54628525584,4050.1815838162593,3915.69372915593,3937.642578125,373709
2018-09-07,3967.1282403320583,4065.1619924189117,3934.6086480071444,4046.674072265625,196079
2018-09-10,4038.8991027208194,4038.8991027208194,3923.231100248533,3939.016845703125,337900
2018-09-11,3939.111680856097,3970.5887317405477,3876.869115799396,3894.408935546875,318329
2018-09-12,3923.2311251501164,3923.5153694907317,3845.4870574211873,3883.742919921875,233072
2018-09-14,3926.9282856660598,3981.4439383253693,3882.889165594272,3971.6787109375,635121
2018-09-17,3940.296893800643,3958.2635433980345,3878.3385716628927,3890.521728515625,210529
2018-09-18,3889.0992697038496,3899.4334487006613,3818.3238234121523,3849.231689453125,268420
2018-09-19,3875.826028572054,3875.826028572054,3835.768873555623,3840.4619140625,322516
2018-09-21,3853.498466103318,3886.919165916955,3707.538764833912,3858.144287109375,551314
2018-09-24,3849.2794568455993,3849.2794568455993,3722.9927978065016,3768.59619140625,421511
2018-09-25,3763.950192572761,3838.849957110103,3744.9882268671045,3819.603515625,248960
2018-09-26,3830.5064324733703,3889.4308765020646,3815.9058122812717,3856.43701171875,283138
2018-09-27,3877.579728886675,3995.0017899953987,3813.251169894837,3906.5439453125,525917
2018-09-28,3935.556086918742,3935.840331236443,3805.714069588533,3849.231689453125,318703
2018-10-01,3839.798516134057,3839.798516134057,3653.9712299211496,3735.697265625,427828
2018-10-03,3749.728958879985,3765.4200328020324,3615.1464449429986,3659.944091796875,500577
2018-10-04,3634.487624243657,3755.607190146739,3581.82071387217,3738.968017578125,535184
2018-10-05,3721.1438408457857,3721.1438408457857,3572.908573655169,3596.8955078125,380282
2018-10-08,3574.3308693027625,3589.9744924707984,3509.433581908625,3563.806884765625,427278
2018-10-09,3582.8634687773706,3665.3005695092274,3549.680028341486,3585.707763671875,215436
2018-10-10,3585.7081651016165,3630.2687901042013,3531.666556055928,3581.915771484375,273039
2018-10-11,3522.185433698323,3545.792990450858,3442.7347442432406,3497.2978515625,241641
2018-10-12,3534.511062189135,3616.99562828636,3512.846919770112,3598.17578125,289631
2018-10-15,3621.735599988571,3621.735599988571,3472.030967121273,3515.927734375,234650
2018-10-16,3549.6803014027855,3616.0471873798674,3514.2687346544253,3557.9287109375,308164
2018-10-17,3589.026412336794,3593.766904229987,3522.1854766427655,3529.770263671875,166654
2018-10-19,3422.634761955457,3460.55869283585,3342.046408834622,3422.255615234375,758353
2018-10-22,3411.257711833628,3411.257711833628,3267.2416714509454,3283.50146484375,709687
2018-10-23,3274.542056590609,3281.2734158482,3091.227152001354,3170.10888671875,809289
2018-10-24,3200.8749459774463,3257.808066967696,3157.499446275844,3207.938232421875,354011
2018-10-25,3168.5444925959205,3213.3421369032685,3107.3921527477946,3173.759033203125,519442
2018-10-26,3177.26731149063,3222.965608072513,3121.1399325097177,3210.9248046875,270475
2018-10-29,3228.227453746391,3275.964298599801,3188.4547739718296,3263.070068359375,278127
2018-10-30,3261.4584252888712,3319.2449752221437,3244.914154861432,3283.880859375,159145
2018-10-31,3289.901632827392,3337.2116530575445,3198.8841813140116,3317.775634765625,371435
2018-11-01,3339.2025609736424,3428.276359257706,3289.901444230136,3414.718505859375,227757
2018-11-02,3403.6727575960695,3666.295975939833,3403.6727575960695,3537.1650390625,444425
2018-11-05,3524.034216284772,3598.412487670534,3468.001741082673,3578.644775390625,229476
2018-11-06,3578.644383853428,3609.931626872984,3518.914192634275,3550.05908203125,277572
2018-11-07,3574.3307238569905,3608.4622639256518,3555.463659573431,3586.27685546875,52687
2018-11-09,3601.6361892474597,3629.4627379502786,3573.71473811846,3619.697509765625,200993
2018-11-12,3623.5369726859285,3687.960440413349,3519.625532940663,3533.42041015625,287420
2018-11-13,3536.406892340095,3649.4676220750966,3531.1449001340347,3631.121826171875,213510
2018-11-14,3638.801795809922,3771.820052617635,3631.5489353653657,3713.7490234375,449597
2018-11-15,3723.940680966531,3729.629270968068,3631.264068858162,3709.861328125,233272
2018-11-16,3746.884986127533,3773.4317421021206,3708.060401808567,3756.7451171875,220575
2018-11-19,3764.32955942824,3836.9539849155312,3747.3112405060842,3822.68505859375,448367
2018-11-20,3823.680682330216,3836.480010178333,3754.469502114469,3770.065673828125,183485
2018-11-21,3774.094827024758,3843.5904781655704,3732.710429140867,3833.919921875,310675
2018-11-22,3839.798114906039,3839.798114906039,3734.559203608614,3745.367431640625,235065
2018-11-26,3786.7048590632558,3792.393449237112,3737.261622056558,3754.327392578125,274495
2018-11-27,3775.3275276022164,3819.8881488471443,3745.2254058037806,3797.1337890625,290501
2018-11-28,3797.323638658316,3830.317509039953,3775.517375611802,3796.091064453125,293918
2018-11-29,3830.2222659668096,3847.4778403661753,3803.7704157332596,3821.21533203125,495678
2018-11-30,3820.836401330537,3869.1894178238013,3779.025170951571,3792.0615234375,637323
2018-12-03,3830.3169255389794,3887.2028204727267,3806.5195669039754,3836.95361328125,356511
2018-12-04,3855.9163517073944,3892.181117001913,3812.5882993356554,3821.452880859375,228182
2018-12-05,3811.639845155036,3820.267401263775,3748.923000382173,3763.0498046875,175670
2018-12-06,3740.2953927726544,3750.534901111859,3625.480591509857,3663.926025390625,271400
2018-12-07,3702.3240241204107,3752.5732362275508,3678.6690167902534,3728.396728515625,188598
2018-12-10,3678.716399219892,3678.716399219892,3566.556321206592,3580.540771484375,291666
2018-12-11,3554.4206383866617,3693.7910928659467,3531.7137296820297,3673.02783203125,324889
2018-12-12,3685.1635253735276,3744.9886261408783,3672.7910266069334,3728.302001953125,183942
2018-12-13,3789.5493189891836,3789.5493189891836,3721.2862339335866,3744.135498046875,213593
2018-12-14,3829.3692896267135,3833.9202080647256,3768.690994371425,3797.181396484375,312029
2018-12-17,3807.468248019033,3812.8251428269336,3759.210132350365,3801.2109375,130496
2018-12-18,3791.4453538938183,3808.6060268530114,3771.535288269469,3800.120361328125,196490
2018-12-19,3801.874157554815,3957.1252531407504,3797.228568503632,3872.554931640625,990102
2018-12-20,3863.5009306148413,3919.438735499817,3795.5223224976444,3830.6494140625,541116
2018-12-21,3820.8363490661254,3868.2412665483353,3750.2030220176325,3777.50830078125,390384
2018-12-24,3744.9883842871945,3802.72747970025,3702.3239596560747,3713.84326171875,322548
2018-12-26,3689.1454768753615,3799.9780782361904,3656.8626826863033,3788.69580078125,224353
2018-12-27,3806.614708698701,3811.8292493955487,3749.728810187637,3775.801513671875,255449
2018-12-28,3779.6887169859365,3813.251303699798,3778.1716671416443,3797.086181640625,196548
2018-12-31,3820.836274405269,3823.4435448158433,3773.4313578493725,3783.81298828125,157905
2019-01-01,3792.393264441897,3805.9985678658086,3760.3949462731684,3801.11572265625,92921
2019-01-02,3792.393265494894,3810.359682296313,3767.6952580594957,3798.1767578125,143828
2019-01-03,3801.8744732655364,3806.614965127463,3674.7818401534046,3697.631103515625,223538
2019-01-04,3724.1302943988326,3724.1302943988326,3653.022918614741,3711.37841796875,220079
2019-01-07,3730.7671241325525,3778.5511898818672,3710.7149359895598,3722.9453125,220371
2019-01-08,3711.8052675725235,3738.778620988091,3640.697886967686,3713.037841796875,271012
2019-01-09,3713.7012281573366,3730.6720959944264,3602.773721469972,3619.12841796875,248627
2019-01-10,3621.7356760483667,3647.3343313502796,3606.613553747213,3620.029052734375,138524
2019-01-11,3620.02923058506,3651.6484045158118,3556.4119674241856,3574.5205078125,248857
2019-01-14,3574.5201667599745,3599.8817963019587,3543.943996564498,3580.588134765625,198557
2019-01-15,3595.188912093299,3645.4381242085274,3575.3262981265216,3628.988525390625,298881
2019-01-16,3643.5419732190235,3705.168366208676,3636.1467597664,3685.25830078125,201711
2019-01-17,3689.9989160307173,3711.5681542988827,3612.2548484267813,3646.81298828125,235993
2019-01-18,3658.711519146596,3658.711519146596,3575.847816250155,3621.688232421875,237908
2019-01-21,3612.2548597114987,3666.7705170431027,3593.292891943984,3649.752197265625,279969
2019-01-22,3650.1787560913417,3685.258396084947,3603.6270331337173,3660.1337890625,220491
2019-01-23,3661.555931038934,3684.357743293827,3641.408840532829,3650.794921875,171340
2019-01-24,3655.867166167301,3677.2468298359245,3574.3781608708955,3593.956298828125,808713
2019-01-25,3602.773737317403,3602.773737317403,3299.429715912662,3328.583740234375,1593195
2019-01-28,3327.8253291714864,3327.8253291714864,3159.4904147310676,3199.310546875,1260559
2019-01-29,3199.8323186733196,3327.7307089860324,3195.091826349359,3232.683837890625,754743
2019-01-30,3242.49645176187,3287.3415513213317,3190.3510409879223,3263.544189453125,303793
2019-01-31,3274.731623117672,3356.268079280995,3253.968362333576,3336.68994140625,621043
2019-02-01,3346.7872252003117,3354.893512507056,3267.1469626176413,3302.8427734375,745604
2019-02-04,3299.429739668112,3315.405058131484,3225.4306164736677,3268.569091796875,320227
2019-02-05,3268.5691878345715,3291.7975983064925,3233.015498336734,3282.07958984375,286515
2019-02-06,3304.027937719408,3351.4328565163196,3262.4065116034517,3328.1572265625,341588
2019-02-07,3327.541027853755,3419.648929607813,3315.9742732516497,3385.23291015625,367134
2019-02-08,3351.5275988765056,3401.72935919099,3332.8026568460073,3373.144287109375,287105
2019-02-11,3380.539574956365,3380.539574956365,3261.5532318339556,3270.370361328125,206491
2019-02-12,3261.458373082308,3316.7325540130046,3237.803365187684,3273.16748046875,266527
2019-02-14,3274.7314183404806,3321.899307183109,3248.800838117666,3313.508544921875,156493
2019-02-15,3308.768529941516,3308.768529941516,3192.294779806895,3260.93701171875,276417
2019-02-18,3272.8355954859844,3279.472284121095,3204.5725123819893,3251.266357421875,270262
2019-02-19,3233.1575404254654,3323.0373115436496,3233.1575404254654,3287.6259765625,213945
2019-02-20,3293.7884492525495,3410.3096395968364,3290.9441543070975,3387.88720703125,243815
2019-02-21,3397.0362390409855,3464.351218938253,3375.2299779475043,3442.781982421875,394248
2019-02-22,3442.545231399621,3474.3065272552776,3417.7525512522675,3437.520263671875,216855
2019-02-25,3432.1157623032327,3531.1445810294194,3429.271467472595,3523.7021484375,445514
2019-02-26,3498.482832182007,3617.943221573588,3485.2569067932313,3591.91796875,700811
2019-02-27,3612.2548370803465,3702.324183411746,3604.3855742122632,3687.24951171875,681050
2019-02-28,3711.8051438161506,3711.8051438161506,3593.292846759441,3627.8984375,718074
2019-03-01,3640.6025641501938,3697.1093153336055,3627.945590745666,3677.05712890625,270365
2019-03-05,3691.800013221743,3772.198798305161,3669.188006818773,3756.55517578125,367903
2019-03-06,3757.3137207568475,3811.355326127309,3731.525492207263,3772.1513671875,349217
2019-03-07,3772.293977102014,3780.826862740215,3697.915703582898,3709.719482421875,382836
2019-03-08,3721.096242223967,3779.261933861212,3683.835932859361,3765.846435546875,253766
2019-03-11,3769.1650791079196,3846.9091456371234,3750.3452338298866,3838.992431640625,389964
2019-03-12,3852.9765607612603,3932.6645000598987,3840.272136221379,3883.173583984375,609648
2019-03-13,3886.2552670976675,3925.1273007524624,3802.8700607100895,3816.712158203125,380923
2019-03-14,3827.378209002978,3850.3695944258457,3727.9227827924074,3758.404052734375,301915
2019-03-15,3782.9122732140568,3782.9122732140568,3702.323916516514,3712.847900390625,339118
2019-03-18,3744.040254547751,3772.483204063181,3714.6966579248624,3764.139892578125,286827
2019-03-19,3764.139699321182,3803.770253238515,3754.5165944835867,3771.534912109375,370780
2019-03-20,3796.8492829340885,3801.6372257277144,3707.9176145258143,3718.72607421875,295550
2019-03-22,3741.0540270492606,3770.4922961143375,3682.0349038133972,3725.78955078125,399902
2019-03-25,3708.0127139427213,3708.0127139427213,3650.178713546274,3670.13623046875,265291
2019-03-26,3668.1920399560727,3740.0104806453137,3631.216209106167,3721.8544921875,336761
2019-03-27,3746.600266756995,3789.7387424114763,3678.621660206326,3699.432373046875,443206
2019-03-28,3716.545625120737,3762.054347060991,3692.3216653774234,3706.069091796875,544435
2019-04-01,3830.316884713827,3930.815298025626,3811.3549199380163,3843.1162109375,740396
2019-04-02,3851.1752394833966,3871.559352641667,3778.740622987779,3817.043701171875,413689
2019-04-03,3816.0960544713744,3862.505424790271,3778.1721185263173,3793.91064453125,253841
2019-04-04,3817.423134314742,3898.5804463100953,3793.910480222574,3868.19384765625,713853
2019-04-05,3890.9955300311503,3987.701559286311,3872.1756856717084,3972.9111328125,738916
2019-04-08,4004.767221380527,4015.6231320968873,3921.3345709350997,3950.58349609375,789953
2019-04-09,3938.4006008983565,3957.978739511529,3894.266807265003,3947.123291015625,262712
2019-04-10,3951.579119221653,3953.5229986509657,3906.165299708406,3916.6416015625,231779
2019-04-11,3925.126920812966,3945.036984904046,3881.3722773148156,3925.26904296875,447838
2019-04-12,3934.7034752523427,3979.0742975968524,3922.2832929528117,3950.252197265625,397313
2019-04-15,3962.86128111981,4014.5326409726954,3942.1929223541138,4005.999755859375,295636
2019-04-16,4010.0769846353473,4062.6015420900394,3987.7966727942467,4034.205810546875,269121
2019-04-18,4057.57674930989,4057.57674930989,4000.975091863282,4038.851806640625,210890
2019-04-22,4015.196645881749,4056.912974670131,3963.051234896272,3986.611572265625,182038
2019-04-23,3993.390111625752,4012.873346866707,3964.9943818531506,3980.353759765625,316043
2019-04-24,3940.5807385285016,4201.971622321753,3897.1580220111837,4166.56005859375,1985862
2019-04-25,4219.510606401125,4443.35666105406,4217.614410195574,4379.26513671875,3326400
2019-04-26,4389.695221295478,4396.900861114705,4325.982829020445,4370.68603515625,1004982
2019-04-30,4367.888997341782,4407.756346860971,4317.9717129575,4377.18017578125,653730
2019-05-02,4375.474200200504,4393.488070147158,4336.69706748202,4376.70654296875,505389
2019-05-03,4380.688450202157,4387.799187866157,4315.743712870948,4329.01708984375,411034
2019-05-06,4266.489478699273,4323.328155746873,4252.742053642621,4284.029296875,488749
2019-05-07,4300.669170529543,4322.2384087569135,4280.711421791129,4296.07080078125,625025
2019-05-08,4294.88589330616,4313.847861930029,4255.065759196037,4273.69580078125,567034
2019-05-09,4260.754295112074,4289.150027937437,4224.062701120216,4245.9638671875,590574
2019-05-10,4274.691582131696,4274.691582131696,4193.060214613728,4204.10546875,234079
2019-05-13,4195.335068213848,4195.335068213848,4095.784744561316,4113.27734375,408316
2019-05-14,4101.473025723747,4228.518191106776,4066.4406102430626,4194.6708984375,617724
2019-05-15,4216.856854562936,4216.856854562936,4099.719035710484,4116.974609375,347949
2019-05-16,4119.48693408311,4290.14462065042,4097.680674132843,4278.57763671875,613573
2019-05-17,4266.442704440068,4274.88068742334,4204.816309820379,4259.6162109375,513496
2019-05-20,4323.565314390234,4558.124743491044,4321.526995613244,4526.4111328125,974132
2019-05-21,4540.443136163722,4540.443136163722,4378.365533129166,4398.939453125,671297
2019-05-22,4420.698421989893,4431.079821300739,4353.667682555572,4406.14501953125,608316
2019-05-23,4456.062007374335,4630.512094471543,4410.837533315534,4440.84521484375,971606
2019-05-24,4474.075931237192,4567.74785922263,4418.327935705556,4550.966796875,782474
2019-05-27,4550.872250357306,4650.375361090064,4505.410747597542,4589.79150390625,609904
2019-05-28,4596.855213328857,4612.498837340391,4506.027569394935,4525.2265625,664517
2019-05-29,4526.221759972556,4526.221759972556,4458.90677359676,4474.88232421875,318406
2019-05-30,4474.076240785281,4523.3773563862205,4462.746280005369,4511.9052734375,767519
2019-05-31,4520.532852995045,4529.065737994406,4418.138233002707,4513.04296875,577772
2019-06-03,4531.909943310855,4543.95097708046,4484.552247326119,4515.12841796875,641635
2019-06-04,4515.128669103597,4533.806392113571,4432.501988986874,4448.4775390625,529891
2019-06-06,4448.951407728713,4454.971924704097,4298.677822619496,4333.947265625,761710
2019-06-07,4322.380950555551,4407.709813365378,4305.362397741886,4335.51220703125,491364
2019-06-10,4346.746467113223,4380.309054391269,4324.3712546149845,4359.2138671875,436601
2019-06-11,4387.79870639416,4387.79870639416,4338.781841633461,4346.79345703125,270476
2019-06-12,4337.549742095045,4357.45980648499,4300.573908228005,4331.9560546875,216496
2019-06-13,4328.0692148418175,4341.769421956928,4307.305952379161,4332.99951171875,265302
2019-06-14,4322.379696198874,4337.454364999525,4247.479938357305,4268.10107421875,296894
2019-06-17,4283.507462912302,4283.507462912302,4203.393168840568,4224.0615234375,282285
2019-06-18,4206.949259506789,4300.573968363918,4206.759454667828,4277.29833984375,259249
2019-06-19,4302.185666684987,4323.328072742475,4202.824691109673,4252.220703125,314850
2019-06-20,4265.494135033478,4351.628955820309,4195.334862752421,4338.544921875,462920
2019-06-21,4338.497818745074,4405.7178955955105,4319.535852754056,4356.65380859375,643439
2019-06-24,4319.062723938782,4399.461291697112,4307.638322170255,4337.36083984375,228331
2019-06-25,4332.809546878635,4386.851153918478,4301.522300697674,4357.50732421875,332939
2019-06-26,4347.221074657948,4393.488092528523,4343.286095851241,4358.78759765625,444326
2019-06-27,4365.992267911263,4415.198472544958,4337.549321540506,4360.44580078125,725123
2019-06-28,4370.733477014497,4384.907732793293,4295.833705933337,4319.39404296875,268574
2019-07-01,4332.619825484062,4337.550122273917,4256.961759346423,4291.70947265625,262438
2019-07-02,4304.366610335754,4318.25615890252,4259.142132800595,4308.25390625,243150
2019-07-03,4313.80003386248,4342.2429827873275,4304.556075461905,4324.41845703125,162479
2019-07-04,4330.723234150222,4421.930475882248,4330.676014410622,4404.24853515625,407225
2019-07-05,4404.248452328481,4462.698618898415,4264.688199869873,4287.34765625,671481
2019-07-08,4289.1969380802675,4289.1969380802675,4118.871161984062,4164.3798828125,326512
2019-07-09,4164.048641654089,4308.965590998852,4125.745554569059,4265.2109375,376199
2019-07-10,4254.5635824827705,4304.9415694960835,4212.407570336248,4259.03125,315481
2019-07-11,4269.867173551639,4332.506879622447,4249.668452359893,4314.5419921875,295305
2019-07-12,4319.009813172531,4390.394573216964,4296.482573497119,4339.96923828125,483370
2019-07-15,4349.616546796824,4377.181861450912,4308.078283547369,4369.57763671875,274936
2019-07-16,4363.019637214,4386.687696859575,4342.725767069813,4373.28515625,220077
2019-07-17,4373.284981445599,4393.86382358069,4363.779699708829,4380.93701171875,300052
2019-07-18,4384.1206594471205,4392.390439735902,4348.666146243617,4374.0927734375,233821
2019-07-19,4424.707958068022,4476.986999463025,4268.0133202618135,4299.19091796875,913097
2019-07-22,4299.334667942808,4373.238243635454,4229.993442462799,4357.31689453125,286422
2019-07-23,4357.3164802269575,4391.345204650646,4297.813321183626,4314.87548828125,321238
2019-07-24,4323.952672267821,4328.182708300707,4210.887160091901,4223.05419921875,225538
2019-07-25,4239.355537953983,4309.694620870709,4223.054073048973,4239.45068359375,403568
2019-07-26,4255.514175351405,4303.040578917984,4206.134056395717,4277.89892578125,225799
2019-07-29,4276.426056231776,4304.94190012752,4132.421044558268,4152.81005859375,381801
2019-07-30,4135.747989050864,4188.977565558988,4088.2215814543247,4103.95263671875,379920
2019-07-31,4084.3241800072683,4146.2509941093485,4002.673907444141,4131.8505859375,688261
2019-08-01,4083.8016488067556,4120.254495637355,3973.2076073885232,4022.35009765625,384975
2019-08-02,4004.4804898720945,4157.515542641977,3976.392564905068,4086.368408203125,470125
2019-08-05,4069.4954869170792,4103.0967457489605,3978.4350868963957,4036.13232421875,315872
2019-08-06,3999.918093996363,4152.857999362555,3996.971363543041,4141.45166015625,412597
2019-08-07,4133.751680486253,4204.47088034085,4107.422329831918,4126.8603515625,714639
2019-08-08,4158.418552524676,4186.12635782193,3923.6854186311857,4023.728515625,1442600
2019-08-09,4135.747892584628,4166.830348077797,4030.904825522154,4069.543701171875,1030872
2019-08-13,4072.822933644092,4073.2981977310146,3954.7198080437615,3974.30078125,413182
2019-08-14,3987.465443981918,4087.270896095887,3987.465443981918,4016.836669921875,578309
2019-08-16,4016.9322618839856,4034.374547564088,3990.3174716963968,3999.82275390625,508138
2019-08-19,4015.9813752900313,4057.8046132812174,3937.4676584179274,3952.4384765625,399066
2019-08-20,3969.405034440472,3970.735680851153,3823.974246540713,3833.527099609375,725830
2019-08-21,3836.3314943406367,3872.4991357381923,3705.1586137115464,3727.40087890625,828459
2019-08-22,3710.6242708030795,3748.2177056011806,3628.261099314271,3648.26953125,673651
2019-08-23,3648.1268962259483,3706.4892295156515,3603.5472205691985,3670.74951171875,783702
2019-08-26,3726.0705896748295,3859.144539306073,3641.4735788378243,3838.613037109375,989976
2019-08-27,3914.2750748118574,4033.0437574501752,3864.942754722176,3931.099609375,1555781
2019-08-28,3931.0993642369035,3977.912874536346,3883.9055034487797,3915.985595703125,547969
2019-08-29,3901.917962899062,3942.7433316201013,3845.3615393198916,3872.3564453125,478219
2019-08-30,3892.412911880552,3914.2750601035686,3817.368758197098,3851.77783203125,580571
2019-09-03,3792.8452088420054,3815.0401354810633,3660.4841549403077,3693.324951171875,673895
2019-09-04,3705.1585220539628,3717.1826096558348,3642.423667652844,3684.72216796875,551384
2019-09-05,3706.1094036014006,3733.1518841271986,3680.920406628988,3696.4140625,381459
2019-09-06,3711.8124349240015,3775.4978211314046,3690.995961212567,3714.236328125,497704
2019-09-09,3720.93756579708,3764.091450715113,3696.1762612302473,3712.3828125,478027
2019-09-11,3745.033107924604,3748.8827931079213,3699.4553323468635,3710.291259765625,690633
2019-09-12,3726.070397148141,3836.2365183612555,3722.838694220529,3804.061279296875,844400
2019-09-13,3806.8176445821214,3847.02503149303,3739.3777191657496,3831.721435546875,628375
2019-09-16,3820.8381935530438,3855.3424139364347,3778.349629042734,3795.316650390625,424731
2019-09-17,3765.04204071122,3778.349434947513,3689.0473607528966,3707.43994140625,708722
2019-09-18,3716.6603376887783,3743.132408322983,3692.8495603144434,3709.721435546875,285674
2019-09-19,3716.564887207386,3734.054511498646,3648.1268637089383,3675.02685546875,277903
2019-09-20,3669.0383844547778,4110.036072298522,3662.0519102500443,4058.422119140625,1753403
2019-09-23,4144.3027394833725,4227.806730396372,4106.186467792926,4173.8642578125,975156
2019-09-24,4182.323675963988,4191.828957045725,4082.6133702415846,4104.38037109375,448502
2019-09-25,4088.2685252428882,4125.291778815681,4044.2119209788316,4066.216552734375,488035
2019-09-26,4073.0135720323133,4201.3348864370655,4073.0135720323133,4178.14208984375,675169
2019-09-27,4120.63483522295,4201.001807762977,4120.63483522295,4177.7138671875,371737
2019-09-30,4166.735430069475,4172.866058366305,4074.9616556525125,4126.48046875,477396
2019-10-01,4151.906800248742,4191.828981020365,3949.4443120497995,4004.19482421875,362440
2019-10-03,4010.2784680416444,4010.2784680416444,3910.4730072347297,3941.650146484375,321369
2019-10-04,3966.7442304636093,3976.3441934040925,3770.7451418037663,3782.67431640625,476329
2019-10-07,3801.1623378761506,3810.4775608105883,3662.385218263768,3678.92431640625,413509
2019-10-09,3676.6427974335334,3860.0947260541825,3676.6427974335334,3843.508056640625,802345
2019-10-10,3847.262764303268,3878.1549297979823,3751.782256132882,3779.585205078125,390651
2019-10-11,3788.8052855140572,3897.070351249013,3768.844193944615,3875.493408203125,624956
2019-10-14,3873.402874552119,3998.967757494532,3851.113032030095,3963.988037109375,467406
2019-10-15,3987.3709959046078,4010.469111623994,3936.660219253094,3998.397216796875,349808
2019-10-16,4023.3951266765744,4085.3697439944467,4017.4543260949167,4073.2978515625,323562
2019-10-17,4059.7058651853517,4068.260618823064,4012.2267968460146,4049.677978515625,335206
2019-10-18,4057.519788751125,4147.154409616525,4045.11511764589,4082.803466796875,539285
2019-10-22,4082.517930343763,4191.733509275802,4008.3767432502095,4039.07861328125,999349
2019-10-23,4064.3159696644984,4086.320603981181,4003.6246531678844,4040.980224609375,432380
2019-10-24,4054.0021284128047,4115.786451589084,4033.8034073744057,4098.2490234375,884456
2019-10-25,4081.3773812210416,4093.7342465546208,3968.454828284196,3988.986328125,587008
2019-10-27,3995.070176781847,4063.508209788816,3965.6038014594014,3982.6181640625,56626
2019-10-29,4010.9436123698897,4010.9436123698897,3879.105179146335,3913.98974609375,775239
2019-10-30,3963.702719556002,3998.8249233085876,3898.353903735984,3918.742919921875,616338
2019-10-31,3918.742202195381,3959.8998813709495,3888.990395567002,3938.22802734375,763791
2019-11-01,3938.0381042945996,3972.0668262317654,3927.3446626645455,3956.81103515625,255083
2019-11-04,3965.603251890539,4084.1342921692144,3965.603251890539,4029.003662109375,875545
2019-11-05,4039.744742535062,4039.744742535062,3929.8162519543894,3942.220458984375,386308
2019-11-06,3954.197211720545,3970.2610450681427,3912.4213127399535,3931.0517578125,417808
2019-11-07,3954.196834229363,4025.7240726369973,3954.196834229363,3980.2412109375,615076
2019-11-08,3963.702150851091,3987.322866805273,3922.116546750435,3942.07763671875,371096
2019-11-11,3928.5328708349357,3973.207694190668,3904.769666922312,3932.38232421875,275634
2019-11-13,3932.3822021930587,3965.9834643078434,3902.0131070101543,3911.99365234375,519389
2019-11-14,3925.680940992172,3927.581997137931,3795.553740639981,3805.343994140625,573058
2019-11-15,3843.7933161262113,3891.4622095762957,3816.370486431076,3875.683349609375,621773
2019-11-18,3874.2571010621778,3940.2236534580516,3868.6966513293346,3922.21142578125,498006
2019-11-19,3925.6814650569536,3925.6814650569536,3883.145328117172,3897.30810546875,561897
2019-11-20,3895.2642288822103,3925.681128668504,3873.402082160812,3910.52001953125,836453
2019-11-21,3906.6708134695564,3906.6708134695564,3862.946517260408,3875.541015625,213325
2019-11-22,3882.7176140213055,3895.122053367935,3830.676195389651,3879.248046875,222219
2019-11-25,3914.274668324402,3924.730477297585,3892.460095106492,3909.949951171875,413582
2019-11-26,3911.851348883312,3944.549425156504,3886.61454745601,3909.3798828125,674879
2019-11-27,3919.645425065715,4039.7447530793374,3919.645425065715,4025.154052734375,640193
2019-11-28,4039.6975056657607,4087.271256383629,4000.012953350873,4082.233642578125,782062
2019-11-29,4088.791977572712,4122.915845288529,4030.0017187462918,4048.39453125,463936
2019-12-02,4058.75524392082,4106.28165192926,4044.4973215182877,4064.696044921875,467324
2019-12-03,4076.719845783049,4083.468688069253,3965.3182317437104,4003.33935546875,312478
2019-12-04,4001.7234124533215,4022.8726632673565,3958.046459391841,3989.509033203125,271645
2019-12-05,3994.261577042924,4058.755001686298,3941.2222945210247,3955.10009765625,483794
2019-12-06,3973.2076701673946,3988.6064118596996,3920.1683850051413,3952.153564453125,227870
2019-12-09,3967.314245559883,3984.614043708841,3917.1265443998414,3946.0703125,234928
2019-12-10,3954.1972747457885,3959.187547748773,3831.769197326727,3838.8505859375,550870
2019-12-11,3850.5894869089757,3862.946352702562,3773.596707733556,3803.20556640625,474277
2019-12-12,3813.7092375480856,3834.2883125310295,3786.2390651055566,3794.603759765625,398279
2019-12-13,3834.4307021808563,3889.086072873816,3801.6374797650806,3880.62646484375,548283
2019-12-16,3880.055979003155,3882.859990684243,3832.5295706371194,3860.33251953125,509129
2019-12-17,3861.2358783024097,3939.9396651921015,3853.2991065135666,3915.74853515625,447766
2019-12-18,3909.8070587580883,3916.128441940392,3850.11407956508,3864.27685546875,819336
2019-12-19,3849.638666925771,3881.576502765273,3824.9249372121735,3838.08984375,375655
2019-12-20,3835.3807075559903,3941.6022178581916,3825.875426992035,3916.603515625,1567317
2019-12-23,3911.423513507791,3961.80150772794,3866.9387476706975,3879.9609375,457733
2019-12-24,3911.423458056268,3919.0276834911283,3872.0241114344067,3894.646728515625,231713
2019-12-26,3894.3141366180353,3920.9289269097862,3848.4511497759995,3861.758544921875,362984
2019-12-27,3884.808404033341,3889.5610446059286,3844.8862232236024,3854.9619140625,417948
2019-12-30,3872.356232336001,3887.6598271701623,3843.507844494144,3851.4921875,326955
2019-12-31,3851.492544822759,3870.5506809091935,3830.628498051093,3845.884521484375,276631
2020-01-01,3859.144331853475,3870.5030969596,3844.886409445149,3863.89697265625,163949
2020-01-02,3868.554006883393,4045.732342075206,3866.8905828006173,4034.80126953125,1458328
2020-01-03,4027.387966237862,4047.349058352801,3978.7685418400665,4010.46875,635983
2020-01-06,3983.6634853585515,3991.9806066892334,3926.6317962338762,3951.440673828125,462841
2020-01-07,3991.790102375021,4043.546543143557,3958.0463547770905,4032.2353515625,524372
2020-01-08,4015.8389007052106,4117.687897969636,3976.81944212591,4105.28369140625,1032268
2020-01-09,4122.440545303776,4182.323818154627,4117.307786170146,4170.91748046875,698429
2020-01-10,4171.012447518056,4243.204778222156,4150.861066152467,4224.71728515625,735887
2020-01-13,4237.026240649753,4269.77211852667,4229.897280077859,4247.625,403937
2020-01-14,4244.107962841265,4280.180689855187,4203.900809895946,4261.50244140625,438651
2020-01-15,4230.848203379399,4301.3775788758685,4191.82920785428,4283.55517578125,416924
2020-01-16,4296.387300746459,4329.560640840924,4213.928982529699,4251.0947265625,467980
2020-01-17,4220.34455184014,4298.667970517754,4193.064211091524,4264.78173828125,360682
2020-01-20,4277.377123105152,4286.3598007137225,4231.7517671253645,4246.62744140625,204026
2020-01-21,4234.602841768575,4296.387170548587,4220.344919742418,4261.740234375,283173
2020-01-22,4282.129906070526,4315.398395906812,4242.207718266983,4255.4677734375,359444
2020-01-23,4248.861006074713,4315.397979324206,4226.095670291457,4302.470703125,401079
2020-01-24,4328.704603068965,4448.186160832664,4232.368495417209,4413.06396484375,2127667
2020-01-27,4396.097485923574,4518.905906816378,4393.341047152581,4445.57275390625,1058884
2020-01-28,4438.966616712577,4482.500621864562,4357.696457027582,4381.03173828125,711517
2020-01-29,4396.192941310268,4423.282995110774,4333.933343979279,4342.203125,595287
2020-01-30,4342.963173405804,4361.498472570044,4243.300202766913,4264.0693359375,422335
2020-01-31,4279.562689175564,4284.3153299089945,4187.076486153018,4197.62744140625,451630
2020-02-03,4054.002574658218,4169.824522986657,4026.579744604858,4154.42578125,537373
2020-02-04,4177.524176877405,4276.283965891431,4162.410406912826,4252.90087890625,387466
2020-02-05,4255.514220736154,4304.561562564956,4180.0423838925335,4250.5712890625,521783
2020-02-06,4258.366251955493,4295.484191782882,4222.24618106837,4244.01318359375,385744
2020-02-07,4254.943811062265,4322.0511864389755,4229.517184882972,4250.5712890625,547874
2020-02-10,4265.020236941554,4270.343287940607,4173.531893325413,4195.39404296875,271700
2020-02-11,4227.663926626851,4295.9116571137465,4213.690978202288,4245.486328125,296451
2020-02-12,4270.4378061484595,4270.4378061484595,4220.297448572549,4233.41455078125,323821
2020-02-13,4220.297796900923,4251.855054139904,4196.581933056153,4230.32568359375,186493
2020-02-14,4247.909824964882,4314.399447235229,4175.717034435464,4214.97412109375,665316
2020-02-17,4224.051691738486,4244.107927288193,4183.369275084375,4229.70751953125,354909
2020-02-18,4214.261966392726,4266.160899504826,4153.90342503321,4254.279296875,510062
2020-02-19,4271.673072399257,4305.892082325018,4234.602478313015,4251.80712890625,384898
2020-02-20,4229.851145951883,4284.9817901013685,4201.335295529736,4209.03466796875,414088
2020-02-24,4196.582342883426,4234.603473962778,4106.282156569966,4177.57177734375,383261
2020-02-25,4179.947493748112,4182.323814097031,4116.49974043198,4129.09423828125,402233
2020-02-26,4106.51856528764,4205.040699021767,4074.010322249102,4126.71728515625,642946
2020-02-27,4118.210762198497,4149.102928660529,4063.840827700378,4107.85009765625,369157
2020-02-28,4058.7551582487836,4091.2156014083594,3992.2181884414267,4010.8486328125,524557
2020-03-02,4044.4971403062555,4102.764328263935,3876.776500371631,3936.802490234375,378937
2020-03-03,3973.113118527888,4114.83697981932,3951.868718357292,4087.176513671875,606056
2020-03-04,4096.823761107322,4111.034342925386,3913.324483196258,3966.36376953125,750952
2020-03-05,3975.156239831034,4020.7342522889326,3946.212934858762,3997.49365234375,450539
2020-03-06,3890.1314508521905,3985.849353424251,3811.6177358376067,3961.65869140625,585749
2020-03-09,3868.6496899851786,3958.521943693399,3797.360076533363,3894.646728515625,588288
2020-03-11,3868.6496621683996,3908.4293590135017,3766.6579428441787,3795.839111328125,775964
2020-03-12,3697.55464391655,3697.55464391655,3433.783072274688,3482.260009765625,992092
2020-03-13,3298.617698362002,3813.0434575671866,2959.9444913035572,3601.455810546875,1378933
2020-03-16,3469.427758616227,3478.9330401466823,3236.5483611200693,3344.005615234375,975878
2020-03-17,3345.85921609504,3398.138266346525,3283.7896791112225,3298.760498046875,563672
2020-03-18,3362.873572534535,3362.873572534535,3108.702428717154,3140.117431640625,790520
2020-03-19,2983.7078450180334,3222.0527772060777,2809.3810761749023,3009.419677734375,790106
2020-03-20,3027.4321972416556,3475.891430674136,2984.991207615544,3397.045166015625,825459
2020-03-23,3060.7005749214436,3127.6176623680053,2887.514396256097,2903.720947265625,883620
2020-03-24,2946.6374748445614,3077.0498998993653,2820.6449131770037,2868.789306640625,1105225
2020-03-25,2821.357577367149,3127.2375790833057,2766.0368860584863,3068.875244140625,874543
2020-03-26,3070.205990988764,3217.537857429401,2997.585731581105,3069.39794921875,931742
2020-03-27,3222.2903606704654,3222.2903606704654,2948.9183776599584,2988.080322265625,471310
2020-03-30,2961.8458547675345,2994.163813388233,2918.121557810119,2933.23486328125,507697
2020-03-31,2984.6583220135635,3116.829304628613,2946.6371968923713,3084.3212890625,637365
2020-04-01,3084.46407996454,3098.674430468969,2951.627760958363,2985.2763671875,390613
2020-04-03,3031.234218953101,3033.1352752208672,2875.347604996278,2891.12646484375,406172
2020-04-07,3027.3843596308384,3180.2293211885626,2927.8641161446817,3117.2568359375,646709
2020-04-08,3080.661798298584,3217.3953683483,3039.076190870147,3095.347412109375,647497
2020-04-09,3137.6937262232072,3222.1006805086727,3097.296275946174,3199.525634765625,501495
2020-04-13,3181.512881923613,3451.605364469028,3127.8080411408246,3294.625732421875,1107263
2020-04-15,3383.8803315888404,3492.240544454326,3356.7902783724694,3422.0439453125,1239945
2020-04-16,3374.375068725125,3389.2983148700764,3303.227941000367,3364.014404296875,617278
2020-04-17,3473.2299184226777,3483.1153185236594,3337.1619042903303,3359.214111328125,775287
2020-04-20,3393.3855175190365,3393.3855175190365,3317.3908378459287,3342.579833984375,391192
2020-04-21,3297.382237237039,3298.332765411509,3209.030689832545,3234.885009765625,533462
2020-04-22,3251.7568623514094,3286.5936268795585,3208.9830947963633,3270.909912109375,944451
2020-04-23,3265.064202701264,3298.3326880271866,3237.4988862883565,3271.907958984375,977203
2020-04-24,3241.3012567454275,3269.817103578965,3129.8993948615857,3144.2998046875,624104
2020-04-27,3170.96190791547,3203.279865010532,3152.2841225958387,3194.392333984375,444246
2020-04-28,3243.2022813696963,3261.2623175203485,3199.002719211522,3226.0927734375,767800
2020-04-29,3193.8695772915294,3282.934014285623,3193.8695772915294,3264.4462890625,393804
2020-04-30,3298.3324144874036,3389.535536711807,3275.662227113254,3359.451416015625,854097
2020-05-04,3261.262239958809,3290.443409158872,3161.504352216939,3181.98828125,519181
2020-05-05,3227.0427809350954,3227.0427809350954,3112.028885060826,3121.866943359375,387071
2020-05-06,3136.743238580859,3221.815517324188,3086.5077275258345,3159.93603515625,374625
2020-05-07,3159.507948277997,3210.8840403930626,3071.1564045322634,3091.925537109375,473677
2020-05-08,3131.0395813111677,3160.5059525985525,3109.2250076899477,3142.255859375,421623
2020-05-11,3189.0220118480574,3279.3221880404767,3165.353953228956,3194.487548828125,483864
2020-05-12,3178.566192805886,3237.0236751197504,3113.5025861389795,3183.651611328125,557262
2020-05-13,3279.322014309214,3402.890669920865,3279.322014309214,3371.238037109375,1225497
2020-05-14,3338.2546632584153,3454.0290314205995,3318.293573301574,3430.93115234375,974733
2020-05-15,3449.466573075393,3449.466573075393,3372.3313083900534,3405.884765625,645207
2020-05-18,3407.072922905075,3411.3029587169112,3118.7779278635094,3144.156982421875,817697
2020-05-19,3203.2794687538476,3320.194416723202,3170.2486196324244,3268.057861328125,1012170
2020-05-20,3279.2746849151786,3421.758999930912,3265.064334877493,3353.938720703125,1042217
2020-05-21,3410.494993732938,3412.3960500282183,3323.3791818267305,3394.811279296875,710536
2020-05-22,3374.374885064809,3486.53720518809,3355.364322332049,3458.92431640625,1021137
2020-05-26,3483.6855603523877,3656.681678219819,3476.4614538142305,3598.699462890625,1409106
2020-05-27,3612.957499854265,3619.6111969074036,3508.399403304944,3542.99853515625,826874
2020-05-28,3544.5193993161215,3631.0174592082553,3532.210106436286,3620.751708984375,603406
2020-05-29,3620.5619444493423,3745.0811397034413,3607.1120631305034,3711.670166015625,1947052
2020-06-01,3711.8123850582124,3759.3387920371906,3612.9574585419373,3626.93017578125,742238
2020-06-02,3647.1766966858127,3663.3356760560655,3583.491307403053,3644.562744140625,734563
2020-06-03,3697.5071332557213,3726.0705521406358,3653.8779816054207,3665.1416015625,493621
2020-06-04,3641.4735182603895,3679.161868400399,3546.94353559668,3615.714111328125,807841
2020-06-05,3623.4132700622226,3734.149798383904,3616.759573081521,3678.1162109375,697747
2020-06-08,3716.564803983482,3716.564803983482,3575.601442882806,3591.28515625,547499
2020-06-09,3616.7600182750493,3645.180720337389,3569.0435461810157,3603.785400390625,478720
2020-06-10,3635.770551456092,3673.649194993672,3592.996780262491,3604.830810546875,475926
2020-06-11,3602.4062134878304,3630.969628196252,3505.547496683749,3521.611328125,475582
2020-06-12,3421.901402773481,3616.7596770980817,3421.901402773481,3601.12353515625,592647
2020-06-15,3542.095557520968,3582.2077988047918,3505.5477967788797,3559.537841796875,440266
2020-06-16,3597.749432833796,3640.8084090501056,3549.652610470756,3592.94921875,622734
2020-06-17,3573.985771367288,3654.7806624753252,3528.360421094514,3620.751708984375,430610
2020-06-18,3611.7217952457927,3689.950309055326,3590.1448524734587,3654.06787109375,348706
2020-06-19,3668.3258401591224,3711.2896670316286,3624.459057937603,3646.558837890625,556284
2020-06-22,3646.5585229604217,3657.1092454989466,3603.119203691942,3636.007568359375,329145
2020-06-23,3656.6820267783155,3758.388545329207,3643.992382339702,3747.74267578125,563658
2020-06-24,3785.7636699458344,3817.3211590112073,3618.137933098998,3632.53857421875,501886
2020-06-25,3626.074751444974,3683.296498374964,3594.6597503818116,3614.24072265625,395771
2020-06-26,3645.2757595039734,3682.3463604480817,3592.9967068904875,3669.609375,373568
2020-06-29,3649.980746720026,3650.0283195429474,3571.1344782611595,3618.660888671875,692124
2020-06-30,3632.9186189775373,3711.194705594494,3632.9186189775373,3700.928955078125,494113
2020-07-01,3695.6535565337767,3739.33027990592,3671.0349695454647,3705.729248046875,331198
2020-07-02,3717.515967655787,3751.734984489233,3689.950648539955,3721.2705078125,294326
2020-07-03,3731.7734475987086,3764.0914040985444,3683.2965128489545,3697.17431640625,257664
2020-07-06,3726.0702444809835,3749.548242721202,3711.337058565306,3736.430908203125,254346
2020-07-07,3745.08114167287,3752.5428809349796,3637.1961900028523,3670.93994140625,452245
2020-07-08,3692.7543478351695,3692.7543478351695,3589.95481962571,3599.3173828125,635619
2020-07-09,3613.908269135084,3667.850745272227,3580.687354472826,3653.3076171875,524030
2020-07-10,3645.322903798131,3654.4954073079184,3595.8478688647656,3610.5810546875,336838
2020-07-13,3631.0174165552603,3647.93686349517,3591.0952355355425,3600.50537109375,302963
2020-07-14,3597.559160842853,3631.778175881823,3558.777564052845,3584.3466796875,351717
2020-07-15,3595.0877349324655,3640.475456776689,3585.3923936421256,3631.635498046875,274206
2020-07-16,3635.7226736579146,3644.3250000000003,3550.222711267606,3627.453125,412522
2020-07-17,3631.017336742713,3677.5932135752764,3623.6031711609426,3671.74755859375,237461
2020-07-20,3671.9851742799615,3697.554287194161,3637.6234444300903,3673.88623046875,277775
2020-07-21,3706.109592869145,3759.339174095273,3659.533709296283,3672.17578125,614199
2020-07-22,3688.0491288578883,3711.812332007746,3648.031801928516,3671.557373046875,433235
2020-07-23,3671.5575547042067,3697.554593061416,3636.7683628090717,3648.031982421875,264268
2020-07-24,3649.0776443350337,3649.125217156038,3550.5554923475142,3595.372802734375,594650
2020-07-27,3602.596579131667,3708.0100506800027,3593.946680753932,3669.133544921875,499750
2020-07-28,3685.1977116704807,4004.5751764941283,3671.082275534062,3931.71728515625,2492211
2020-07-29,3976.1036506637042,4088.095343819388,3961.896221830648,3986.640380859375,1777725
2020-07-30,4004.7572903045652,4023.6368980335737,3936.6752365685,3962.42041015625,595214
2020-07-31,3966.616208678392,4013.3864201403426,3902.300766078487,3925.947998046875,413669
2020-08-03,3946.639820180026,3961.8962195815434,3840.4172324646333,3857.532958984375,490180
2020-08-04,3862.300726461479,3884.660841101421,3798.986526929999,3818.2001953125,600934
2020-08-05,3847.282656343275,3918.987688662149,3828.402815079934,3853.2421875,569833
2020-08-06,3879.7975746935126,3893.957513314144,3815.1010465332597,3841.13232421875,378473
2020-08-07,3838.8915117531374,3882.7536601735655,3797.3654529397436,3818.15234375,348651
2020-08-10,3859.869318032907,3859.869318032907,3776.9126404961326,3783.921142578125,590885
2020-08-11,3808.378751722441,3887.8074287315726,3776.9124275344484,3784.30224609375,823622
2020-08-12,3788.7838052321463,3827.592225564271,3743.539091251029,3813.76611328125,466155
2020-08-13,3837.842561137814,3885.6142552836363,3820.8700028960925,3859.20166015625,545546
2020-08-14,3857.0086424232754,3900.775347003307,3781.0604689478705,3823.730712890625,661653
2020-08-17,3852.2405824431944,3861.728108605973,3799.892158735085,3848.045166015625,315955
2020-08-18,3851.2872454471244,3985.734262433518,3851.2872454471244,3975.197998046875,1154453
2020-08-19,3991.455451523393,4020.0612001009617,3978.2015478001244,4004.661865234375,618695
2020-08-20,3984.733253768552,4002.27801963283,3939.392863296431,3951.645751953125,350925
2020-08-21,3993.267320619259,4007.1888789678537,3947.689011098596,3993.171875,490700
2020-08-24,4020.967429566908,4027.6895945724978,3976.1992446418835,3994.888427734375,379052
2020-08-25,3996.223088709584,4003.851288353983,3949.547855900074,3978.43994140625,373776
2020-08-26,3976.1991708560126,3987.4505793967082,3880.84667275395,3890.048095703125,574774
2020-08-27,3905.6383829139018,3925.2331353428285,3838.7009747655725,3859.05859375,458012
2020-08-28,3873.21843462866,3898.772950426307,3857.9620350831015,3873.742919921875,346506
2020-08-31,3873.742819543738,3896.3890370323575,3702.394433146576,3722.41845703125,680870
2020-09-01,3742.5854524967654,3783.873129652572,3672.501368227081,3730.809326171875,528801
2020-09-02,3716.0776581315267,3857.9145047323404,3715.0764103025645,3758.509521484375,759445
2020-09-03,3783.3010857368185,3795.0294897640224,3746.065888028412,3765.47021484375,284007
2020-09-04,3731.3814818894803,3749.212351758508,3699.676777545821,3734.09912109375,438236
2020-09-07,3742.585414172863,3804.564535681458,3643.41881975911,3669.78369140625,704096
2020-09-08,3675.6482579075227,3682.9903539312786,3635.4570390288836,3646.041259765625,456797
2020-09-09,3633.8840106735456,3681.560263765563,3603.371208694655,3657.3408203125,332412
2020-09-10,3658.6756271149916,3755.9351824878686,3647.2333264828885,3733.52734375,433018
2020-09-11,3733.5273189731797,3760.8934412445096,3697.770129735153,3722.6572265625,348215
2020-09-14,3718.6996208127475,3785.2079867659436,3709.2120940205536,3732.192138671875,472618
2020-09-15,3735.0526524289485,3771.1434318941374,3704.5873442232737,3748.735595703125,312720
2020-09-16,3750.21389873836,3798.700739059406,3737.8657963044043,3790.16650390625,418071
2020-09-17,3771.0006345828533,3836.4123084843864,3760.225755758245,3784.492919921875,447295
2020-09-18,3798.748241558573,3832.598379835389,3766.4238364344465,3816.579345703125,440400
2020-09-21,3816.5794071699306,3817.5329322071693,3671.0713933696015,3698.628173828125,389056
2020-09-22,3699.343082503635,3761.1792703564115,3617.673761372094,3702.680419921875,508999
2020-09-23,3718.7476392976846,3736.1494711995265,3658.7232848581166,3689.331298828125,307971
2020-09-24,3689.187990411448,3689.330926034683,3579.4371767726207,3602.2265625,456036
2020-09-25,3613.85956621238,3699.5813662352084,3585.3015404735743,3679.176025390625,321826
2020-09-28,3709.2125394160744,3766.4240438800753,3690.284973571551,3739.725341796875,248628
2020-09-29,3775.958969999571,3888.4749191056185,3759.9874263764664,3873.31396484375,772188
2020-09-30,3897.7238067615785,3912.0269134945934,3836.126236008134,3861.346923828125,548775
2020-10-01,3898.010016453389,3928.522815016625,3873.3138132339413,3907.306884765625,406483
2020-10-05,3922.8972784560747,3922.8972784560747,3843.7069809936725,3859.05859375,312598
2020-10-06,3866.7344454384906,3955.221609983457,3866.7344454384906,3943.874755859375,351025
2020-10-07,3931.144970614007,4086.7604280164587,3922.8970729498424,4017.534423828125,1037715
2020-10-08,4028.6434842428744,4157.369370721641,4018.1547083075675,4144.02001953125,801790
2020-10-09,4138.298697685715,4171.624584263037,4076.796332247759,4098.58447265625,405756
2020-10-12,4100.157529473421,4158.3225548915325,4049.048495988355,4106.16455078125,488896
2020-10-13,4241.2790271519025,4314.700449159703,4137.774078855471,4179.0615234375,2369441
2020-10-14,4178.20362716559,4251.767988023243,4114.460387602667,4236.36865234375,817554
2020-10-15,4251.76746937005,4265.116817782515,4163.375526146471,4179.58544921875,545465
2020-10-16,4180.206049319638,4287.048337783725,4176.43943938895,4273.79443359375,669844
2020-10-19,4290.8626211766705,4337.58534749615,4257.346309597824,4304.7841796875,636376
2020-10-20,4333.294302817856,4371.4353022925425,4276.559566099259,4333.1513671875,871380
2020-10-21,4334.105167894612,4441.519671380851,4233.651211019961,4413.962890625,2032618
2020-10-22,4457.729148462351,4515.464898042923,4318.133188674164,4400.08837890625,1812783
2020-10-23,4405.285326749712,4426.262875924711,4279.801348567048,4295.20068359375,886850
2020-10-26,4300.398216914492,4333.199387358194,4252.102263538449,4276.94140625,727534
2020-10-27,4286.094862096195,4412.9136867143925,4276.559612124903,4354.701171875,1088244
2020-10-28,4380.397667024612,4380.397667024612,4246.04611025785,4261.58837890625,509919
2020-10-29,4242.327917554053,4400.851439347797,4233.6507474539885,4364.0927734375,927412
2020-10-30,4338.538128116175,4453.914636578165,4329.050369490794,4361.47021484375,934842
2020-11-02,4339.492160761576,4376.250362308554,4309.932886539733,4339.30126953125,489146
2020-11-03,4352.936967752634,4373.819071641489,4305.212763277385,4338.109375,582702
2020-11-04,4338.538908146859,4396.70393526707,4291.863671460119,4320.994140625,495599
2020-11-05,4357.609446681186,4418.777985074358,4333.7713206052495,4403.283203125,584030
2020-11-06,4374.39124781066,4403.235378168464,4329.003366096905,4344.259765625,426088
2020-11-09,4381.447857759378,4433.796292909589,4367.14498118345,4410.2919921875,447725
2020-11-10,4426.26282238172,4562.616890369783,4415.297285445617,4500.20849609375,1235506
2020-11-11,4511.508151484942,4630.269971156959,4504.785986381485,4599.61376953125,811311
2020-11-12,4626.503145600829,4640.329257639413,4561.901829006753,4620.87744140625,668501
2020-11-13,4600.757704175755,4693.249620715662,4591.556281885071,4672.03369140625,428529
2020-11-14,4696.110341390972,4709.459690584774,4656.062293809567,4680.09130859375,47328
2020-11-17,4681.807890481287,4747.601117455464,4668.45854008073,4680.90185546875,708971
2020-11-18,4676.563553012827,4710.413691891806,4634.131688784247,4698.49462890625,437973
2020-11-19,4667.504806167264,4685.621780900089,4539.7324580515515,4555.9423828125,540260
2020-11-20,4584.453420854593,4645.526985336288,4547.408876101507,4636.5634765625,445562
2020-11-23,4647.481103880125,4686.57563101576,4637.326155193063,4662.2607421875,438597
2020-11-24,4672.272545733531,4684.811306488588,4616.9680951921955,4646.71826171875,372131
2020-11-25,4671.318572091549,4699.924319624259,4577.920620161915,4595.84716796875,481744
2020-11-26,4597.8976742109535,4647.385529930179,4568.862650941229,4609.48291015625,486664
2020-11-27,4609.531331888391,4646.957192934041,4548.314832808921,4578.82763671875,920840
2020-12-01,4591.223027445175,4707.743972549442,4581.68777712857,4682.28466796875,752883
2020-12-02,4682.284227568693,4765.0025162850325,4646.3361510208915,4703.833984375,696234
2020-12-03,4729.484616072341,4729.484616072341,4616.206017551791,4666.0751953125,740259
2020-12-04,4758.089518294819,4957.376233590133,4729.579215300864,4854.77685546875,2996248
2020-12-07,4882.048353604272,4935.445757471819,4802.905772872015,4821.49951171875,910850
2020-12-08,4829.461008878851,4993.610238376516,4829.461008878851,4975.2548828125,1652861
2020-12-09,4975.255148601772,5014.588055483056,4878.567805167637,4905.6953125,1625022
2020-12-10,4862.023988466085,4881.094488518904,4719.948763072587,4733.583984375,1333296
2020-12-11,4772.392484655409,4804.478506844161,4725.669761029412,4781.927734375,974421
2020-12-14,4781.927674227027,4843.906796624785,4763.524828735036,4837.947265625,919851
2020-12-15,4834.371806538804,4986.935808323065,4832.4647565165005,4917.185546875,1629308
2020-12-16,4920.188719318404,4982.167840782687,4857.494454144919,4875.373046875,630475
2020-12-17,4914.18102644013,4976.44601063875,4888.340410829981,4931.439453125,834935
2020-12-18,4901.118535070961,4971.679385575873,4877.280409900382,4913.03759765625,549221
2020-12-21,4915.420962128112,4948.794334324908,4639.328007803953,4775.10986328125,597997
2020-12-22,4805.7186729173845,4854.491385203289,4663.881824358579,4787.93505859375,576026
2020-12-23,4767.24339542146,4839.1390829649845,4748.792594667264,4799.9970703125,449498
2020-12-24,4862.023649663635,4886.1955999138745,4778.733153369241,4810.294921875,431767
2020-12-28,4820.450163763761,4920.188971299643,4820.450163763761,4903.16845703125,410405
2020-12-29,4920.188893476466,4932.346336963254,4845.432628212637,4907.5546875,401258
2020-12-30,4917.375627595618,5149.0346990405715,4882.095204657748,5105.8876953125,1002535
2020-12-31,5124.243021621807,5129.010646316282,5016.685594749789,5042.3828125,728164
2021-01-01,5069.797253211876,5100.405500482762,5033.9446181577305,5044.91015625,355623
2021-01-04,5060.309284341258,5136.495832691601,5046.101390495449,5079.6181640625,453783
2021-01-05,5088.008769535317,5123.193744557805,5001.285495296009,5092.96728515625,530958
2021-01-06,5110.893673821302,5214.351129718618,5053.682177472556,5195.1376953125,701452
2021-01-07,5220.5489876890115,5261.264688403678,5134.731744055767,5147.080078125,742403
2021-01-08,5167.152087810027,5352.421813119511,5165.769290294486,5331.87353515625,802681
2021-01-11,5292.063886637694,5431.993684000591,5249.107770513946,5362.3388671875,714576
2021-01-12,5363.386518383179,5431.230185554729,5293.016569004644,5376.9267578125,591436
2021-01-13,5387.416203912368,5410.300803716597,5339.739954320223,5388.13134765625,423240
2021-01-14,5382.647908145204,5410.300129462514,5301.598293939298,5322.90966796875,464204
2021-01-15,5327.3449339292265,5393.853312153956,5173.589005775282,5198.857421875,589866
2021-01-18,5187.175895841069,5207.96255418832,5078.9033205005435,5135.685546875,461596
2021-01-19,5149.130022673931,5277.760441490698,5143.075046303605,5234.947265625,483417
2021-01-20,5257.736085533853,5296.115461203555,5209.964396862102,5289.2978515625,321063
2021-01-21,5338.785993834574,5384.555189709562,5255.257118245052,5285.81787109375,481346
2021-01-22,5318.762781301195,5334.972707310898,5213.922514785433,5277.5703125,680688
2021-01-25,5478.000914640552,5560.766695226931,5079.093653091222,5118.9033203125,3236487
2021-01-27,5129.964478699461,5263.362532527893,5082.622055763711,5153.65966796875,1212604
2021-01-28,5101.3586250161225,5215.734132199262,5091.823375249737,5190.7041015625,576548
2021-01-29,5233.898180034697,5253.636331714868,5042.239674990615,5079.66552734375,745559
2021-02-01,5133.778043031042,5524.008106944574,5015.540955858708,5477.18994140625,1455212
2021-02-02,5516.142756615684,5910.9021518168765,5516.142756615684,5838.95849609375,2251712
2021-02-03,5868.94678283538,5948.089363335029,5759.291400215385,5792.37890625,952770
2021-02-04,5809.827262802379,5921.389677006855,5760.768220064307,5895.45361328125,683257
2021-02-05,5892.784960313553,6101.606951625635,5835.573455844489,6056.88671875,1174059
2021-02-08,6083.34636978475,6183.609427210044,6024.370757303478,6072.18994140625,769441
2021-02-09,6126.207135565074,6178.841900956721,6075.718266977409,6122.01171875,947676
2021-02-10,6141.749941797579,6282.776195518139,6027.326942334507,6095.07470703125,1045511
2021-02-11,6102.0833684892195,6167.399832391323,6073.28672663571,6128.4482421875,390465
2021-02-12,6140.605246090583,6178.841689788581,6071.045880185868,6099.9375,408867
2021-02-15,6135.9332628061475,6163.537997286754,6090.259509258955,6109.94970703125,277851
2021-02-16,6148.329468951593,6245.589023206101,6112.048027349855,6157.673828125,595723
2021-02-17,6157.673367165317,6240.344168328323,6093.930595369412,6120.86767578125,555520
2021-02-18,6190.570408286237,6190.570408286237,6008.161255037595,6031.8564453125,573974
2021-02-19,6021.510870067876,6024.991143486336,5888.0173590925,5919.96044921875,499669
2021-02-22,5926.158350403131,5992.8576157391735,5824.750865400433,5888.11279296875,528408
2021-02-23,5898.506182140753,6052.881800450257,5846.109792428399,5977.12451171875,453805
2021-02-24,6025.324466365908,6150.2362411869135,5921.390241514842,6116.43359375,378560
2021-02-25,6108.281435214784,6167.399987975215,6043.871004692611,6086.63623046875,803072
2021-02-26,6073.9540424736815,6187.4235135968165,5778.361302573078,5830.80517578125,1307673
2021-03-01,5929.780860714314,6092.8336295810395,5883.821236796125,6069.23388671875,609302
2021-03-02,6078.722750123171,6172.978803060417,6018.746112106312,6124.58740234375,438046
2021-03-03,6150.235663963349,6231.285281240385,6132.118690689658,6198.388671875,467421
2021-03-04,6130.212341220579,6512.575873469677,6097.268238081355,6460.65625,1303144
2021-03-05,6379.559388410563,6621.468881400243,6379.559388410563,6493.79150390625,1828811
2021-03-08,6522.111421841132,6529.644176710664,6333.122568382243,6358.248046875,658514
2021-03-09,6431.526066297154,6506.854540609605,6350.476442036923,6386.13818359375,483037
2021-03-10,6438.296085573769,6473.481064081461,6373.360941570259,6449.6904296875,302774
2021-03-12,6453.456910373433,6535.126229840495,6304.75450706174,6329.6416015625,673811
2021-03-15,6355.244164058983,6368.4505785078245,6188.424778048368,6256.5068359375,349036
2021-03-16,6283.729639291287,6391.477962392943,6259.986960327268,6331.3583984375,614224
2021-03-17,6330.452281698722,6360.011555796125,6186.851327965922,6217.22119140625,443282
2021-03-18,6288.49725057007,6328.211472916572,6166.1601817260935,6207.4951171875,345807
2021-03-19,6197.91216587277,6388.617155591933,6072.571125144509,6361.91845703125,654457
2021-03-22,6356.1019249542505,6469.666840579365,6323.109868286977,6415.31591796875,467719
2021-03-23,6421.132368471954,6635.341652354676,6415.363263252698,6616.60498046875,890457
2021-03-24,6570.263416299345,6621.276999170257,6522.110408168859,6539.8935546875,716392
2021-03-25,6538.60669742063,6592.576304722448,6327.5918043458905,6356.67431640625,547365
2021-03-26,6417.032106625096,6469.66687079231,6375.697171969941,6422.22900390625,303751
2021-03-30,6468.713524712582,6555.484298702682,6432.479575134298,6470.2392578125,422141
2021-03-31,6537.605030975435,6537.605030975435,6401.8706696850295,6424.80322265625,647600
2021-04-01,6451.550184179952,6611.456513762479,6418.367700239505,6578.22607421875,531749
2021-04-05,6574.554212167758,6668.95317765066,6421.990227548927,6479.96435546875,540954
2021-04-06,6493.790492899376,6530.69209306398,6395.48244738276,6423.5634765625,508328
2021-04-07,6431.5256126909435,6541.180978956245,6401.346641962552,6445.8759765625,301479
2021-04-08,6482.06349852071,6725.069458451869,6468.523256139566,6647.26171875,635298
2021-04-09,6712.8154324298985,6728.024341129333,6476.198316803606,6508.6181640625,592763
2021-04-12,6448.974883246141,6448.974883246141,6166.445636647303,6206.875,585717
2021-04-13,6245.588194631431,6347.091108090967,6202.298256598524,6297.5078125,551188
2021-04-15,6339.987619176903,6388.617393365204,6096.504921373287,6235.3857421875,490675
2021-04-16,6207.447809998452,6471.0499850316655,6207.447809998452,6403.111328125,636917
2021-04-19,6197.912116200699,6264.134609585291,6116.862496219613,6207.208984375,559506
2021-04-20,6335.219510366719,6377.746814526282,5892.783951545202,5912.6650390625,1272134
2021-04-22,5909.995424739376,5935.693109658308,5692.735126521621,5809.16015625,1795988
2021-04-23,5810.781137677064,5868.9461605517445,5717.1447998631365,5785.89404296875,968454
2021-04-26,5846.824491500494,6000.532909910906,5827.229738708569,5984.2275390625,697792
2021-04-27,5987.183410476546,6050.9741391714015,5945.228310928693,6032.76171875,512910
2021-04-28,6064.418518639635,6107.327140233783,5988.136524694482,6065.18115234375,414435
2021-04-29,6121.629869137309,6147.660912719336,6026.658695806858,6085.8251953125,406869
2021-04-30,6083.4892532947,6125.444351593284,5943.845336472365,5987.1357421875,475175
2021-05-03,5961.437986477158,6083.4891800582645,5864.178441592214,6055.0263671875,402055
2021-05-04,6093.024337094702,6126.397709833092,5992.90421887953,6003.822265625,330346
2021-05-05,6050.068550775004,6102.559915059031,6001.8675833428815,6083.8232421875,215973
2021-05-06,6102.559938504518,6131.070242599543,6020.5567893308635,6107.7568359375,246632
2021-05-07,6159.724213505255,6220.797305537784,6116.815587087535,6180.65380859375,745582
2021-05-10,6283.729342834651,6298.032216907871,6035.8128588988375,6105.515625,872011
2021-05-11,6093.024995055575,6312.288263859483,6017.124308885247,6188.94970703125,1139377
2021-05-12,6164.443117783282,6188.853448677104,6074.907221557944,6091.927734375,392657
2021-05-14,6119.723874085838,6180.749478314803,5966.110892823061,6072.14306640625,405281
2021-05-17,6083.393247574877,6249.640402394094,6036.765974376475,6228.75830078125,357292
2021-05-18,6274.193950626127,6360.011193111895,6257.6027101965465,6343.80126953125,451024
2021-05-19,6321.870396502641,6441.061014837909,6217.030142379597,6256.26806640625,475946
2021-05-20,6293.265152643363,6324.207225879216,6217.650804544686,6268.33056640625,256088
2021-05-21,6300.798282951416,6364.541527666463,6283.7777671559015,6329.1181640625,307027
2021-05-24,6340.941483854479,6362.30035152452,6236.101220002609,6257.41259765625,288501
2021-05-25,6319.010393421407,6328.879470630215,6223.848781367425,6251.88232421875,176134
2021-05-26,6288.401595384723,6310.428114832498,6221.893230167199,6275.05224609375,248015
2021-05-27,6293.265132127336,6412.408269614102,6274.4330129819555,6363.11083984375,1707144
2021-05-28,6411.501855594548,6421.990630194718,6279.534093742815,6291.83447265625,285093
2021-05-31,6325.636783606536,6408.640941058019,6281.965063232785,6396.2451171875,328449
2021-06-01,6410.547969997555,6410.547969997555,6255.123409665917,6294.5517578125,397989
2021-06-02,6294.551985235226,6360.011379554802,6247.829262956638,6287.734375,567704
2021-06-03,6321.870914723954,6345.709040345085,6269.427038357466,6333.02734375,349479
2021-06-04,6321.87045215125,6374.314324680408,6308.187275928243,6354.576171875,205504
2021-06-07,6379.034358163892,6586.902795070061,6353.336674797262,6531.31201171875,617042
2021-06-08,6574.554586724145,6574.554586724145,6412.455343831744,6478.6298828125,218632
2021-06-09,6460.130932855891,6472.145439221374,6371.453120788644,6412.21630859375,345102
2021-06-10,6434.38662409253,6449.452132679448,6370.500449846206,6397.81884765625,198704
2021-06-11,6412.550776180835,6441.01358924162,6340.940958851174,6353.19384765625,193014
2021-06-14,6345.708861765484,6375.172691086358,6274.194486914633,6368.11669921875,160001
2021-06-15,6368.1172553457,6432.5276883509705,6350.810868238104,6358.39111328125,193128
2021-06-16,6360.535998868119,6382.991791958272,6259.8916214111705,6281.25048828125,224100
2021-06-17,6250.356373174066,6436.293748119748,6245.6362381900935,6393.2421875,637296
2021-06-18,6398.152626571519,6415.268586226682,6277.3887807688825,6382.80078125,367329
2021-06-21,6322.824518903702,6474.434999752094,6219.081181137142,6460.60888671875,361652
2021-06-22,6474.43492727696,6617.4636811932405,6437.676723755832,6540.1806640625,542280
2021-06-23,6555.198204676485,6630.526676239877,6466.80625497372,6582.5166015625,438444
2021-06-24,6579.32297868562,6654.174696631537,6568.881692940602,6638.39404296875,278305
2021-06-25,6674.674841222194,6674.674841222194,6569.787093717274,6601.25341796875,183496
2021-06-28,6626.998633982517,6655.556893467905,6539.989479255768,6550.1923828125,127275
2021-06-29,6555.484583729282,6560.252208881086,6483.493443937055,6507.5224609375,235008
2021-06-30,6484.922594234823,6546.949200346943,6436.292826214535,6461.08447265625,283145
2021-07-01,6462.324510498484,6483.49295079776,6379.08196791485,6395.5302734375,274106
2021-07-02,6434.243003709638,6434.243003709638,6374.313871426802,6407.591796875,256489
2021-07-05,6407.688345796288,6474.435099398333,6383.3734569841145,6407.54541015625,134014
2021-07-06,6414.934042978237,6673.720600968273,6414.838597373061,6610.83544921875,681761
2021-07-07,6614.126439994628,6638.441328514755,6494.506537490642,6603.25634765625,382398
2021-07-08,6596.4861233648935,6669.812104674327,6524.971746485396,6581.13427734375,365610
2021-07-09,6569.786601509184,6599.012046756722,6517.342731685816,6578.892578125,170542
2021-07-12,6584.1850002624915,6784.282297296734,6584.1850002624915,6764.0673828125,610763
2021-07-13,6779.562582171025,6827.238830990792,6751.8628678420855,6797.53662109375,372867
2021-07-14,6779.848950422478,6902.520320098807,6736.654452060761,6787.23876953125,379753
2021-07-15,6802.780512789011,6884.449827948882,6771.695507705813,6855.51025390625,292170
2021-07-16,6872.054347807272,7017.94366586118,6848.835922045074,6993.67626953125,436381
2021-07-19,6965.3084202378395,7041.781302541392,6908.287818133024,6972.5078125,365109
2021-07-20,6993.43769279308,7193.392056418524,6989.337721838253,7079.63671875,953888
2021-07-22,7164.786155069588,7195.775714563834,6951.196575786173,7112.34228515625,1163215
2021-07-23,7246.599469256566,7283.930347334344,7122.832104334942,7142.1884765625,813619
2021-07-26,7165.740190942985,7284.93081288149,7074.916937025842,7262.7138671875,369346
2021-07-27,7270.628199499651,7318.304449988173,7207.695548854801,7243.21435546875,297511
2021-07-28,7284.883364476745,7327.839478633386,7160.972606966392,7298.89990234375,289531
2021-07-29,7313.536754839187,7360.164034252363,7281.116904817735,7342.57177734375,227836
2021-07-30,7361.021896006769,7370.748036961003,7239.161590764286,7265.09765625,245105
2021-08-02,7303.280775052445,7395.984500833898,7302.562141519255,7322.4443359375,202451
2021-08-03,7329.103894508714,7538.226253637557,7290.201772159406,7515.22998046875,385216
2021-08-04,7580.146548765121,7580.146548765121,7410.357211268148,7425.8798828125,258018
2021-08-05,7425.880241867207,7502.390856382912,7325.271541816102,7338.68603515625,173662
2021-08-06,7368.389405801931,7397.038836707548,7192.228272924693,7212.8291015625,250068
2021-08-09,7280.237101193655,7298.15521855528,7161.423018468199,7182.16748046875,236944
2021-08-10,7191.126292777731,7229.645237679332,7115.430226537966,7161.56640625,164588
2021-08-11,7152.79887270978,7232.327647851764,7058.610161101428,7140.77392578125,129339
2021-08-12,7145.133856018129,7262.989758430659,7121.993949238478,7156.3447265625,206051
2021-08-13,7199.175393711087,7214.554433254348,7121.179788310021,7148.6796875,207505
2021-08-16,7148.67892109355,7163.291135857947,7025.408944874801,7039.3984375,191968
2021-08-17,7068.479545179848,7116.58027091259,6992.831200235513,7099.18896484375,203995
2021-08-18,7114.472259032604,7401.925683639982,7096.266875474136,7283.54296875,724989
2021-08-20,7278.8957547445725,7306.0120074828865,7124.580893001057,7179.9638671875,358744
2021-08-23,7246.077920379095,7246.077920379095,6983.201676961468,7043.56689453125,310220
2021-08-24,7109.681047134972,7162.09357299587,7062.443056971337,7143.552734375,174447
2021-08-25,7152.7997745626,7174.790149895141,7061.772851778482,7073.6064453125,146150
2021-08-26,7056.980853115291,7108.626552887814,6995.65746213099,7001.50244140625,183243
2021-08-27,7024.020054462332,7277.170412666143,7012.13874030311,7249.19189453125,497367
2021-08-30,7254.36643937505,7419.748074016492,7254.36643937505,7381.6123046875,319952
2021-08-31,7410.54902000878,7531.279454004268,7346.015634931973,7504.8818359375,475968
2021-09-01,7504.45038793053,7598.351835583389,7369.826373693523,7442.12109375,352822
2021-09-02,7478.387762778835,7659.627512929156,7436.467473622273,7620.150390625,393057
2021-09-03,7660.633704062596,7693.690847626092,7542.777800923171,7598.20849609375,198454
2021-09-06,7636.487217642204,7709.1651161344835,7598.256007109913,7620.0068359375,212634
2021-09-07,7620.006455752805,7722.914679372372,7580.6252463839355,7690.576171875,240683
2021-09-08,7693.211414256268,7735.658513903945,7612.964004124999,7658.62109375,198064
2021-09-09,7604.100888274417,7649.135255934309,7569.606479003011,7607.59814453125,159693
2021-09-13,7631.887636035229,7631.887636035229,7574.39695704438,7612.197265625,187063
2021-09-14,7636.679352592074,7639.601608612961,7521.697982164088,7527.87841796875,168408
2021-09-15,7559.06732460512,7597.394450094308,7464.207689019379,7493.767578125,235010
2021-09-16,7530.033198783854,7540.524966558816,7406.715510195715,7440.68310546875,216078
2021-09-17,7483.370768112614,7509.864298322651,7340.362690373714,7389.32568359375,503207
2021-09-20,7362.639470036959,7406.859289471426,7230.075455241621,7259.15625,291081
2021-09-21,7219.872115165098,7366.473367138589,7200.229463756885,7275.1591796875,214916
2021-09-22,7282.057254207099,7349.225628951205,7260.019159100726,7306.6826171875,206063
2021-09-23,7322.540112857268,7375.288093941044,7262.989442072506,7301.029296875,201988
2021-09-24,7313.772885241994,7322.971487879746,7186.335207561241,7206.93603515625,341258
2021-09-27,7228.111884172186,7350.040038548594,7211.295579021342,7304.09521484375,261520
2021-09-28,7310.803174623622,7462.291229597786,7234.244836089277,7270.94287109375,403030
2021-09-29,7234.24417615084,7340.937394095682,7128.844592127451,7152.36767578125,490626
2021-09-30,7176.754081427388,7185.281773078899,7062.730885741159,7086.78125,422904
2021-10-01,7086.780851458351,7188.251814559408,7048.549640391542,7170.5732421875,366658
2021-10-04,7182.502332355701,7291.638713657605,7181.544154349784,7201.28271484375,339796
2021-10-05,7186.335229413686,7248.473168269422,7138.522239259393,7151.8408203125,229310
2021-10-06,7185.233522319088,7223.70427723234,7038.775914650321,7055.06494140625,279814
2021-10-07,7111.597217833943,7146.043904571341,7006.14991456814,7047.01611328125,583113
2021-10-08,7067.521747094707,7095.500735081489,7021.529197764373,7028.955078125,234324
2021-10-11,7090.517488532109,7099.093369125226,7003.994198755387,7023.6845703125,346054
2021-10-12,7008.114333034736,7050.274167687939,6892.174787738427,6946.9345703125,407411
2021-10-13,6959.247032955996,7080.839731409547,6956.372498865556,7042.99169921875,347921
2021-10-14,7128.844979632884,7146.044463468495,7033.027170766851,7086.2060546875,599817
2021-10-18,7215.081235252016,7324.313540805631,6996.041623701367,7089.84716796875,1413642
2021-10-19,7175.795303644387,7175.795303644387,6853.847483905501,6870.232421875,868388
2021-10-20,6803.064592137985,7004.090172800942,6795.638711773327,6831.4267578125,703897
2021-10-21,6899.696258221825,6904.055781049304,6788.6912415261395,6830.85107421875,318247
2021-10-22,6859.357079289222,6930.501799126795,6803.064119148382,6850.58984375,330818
2021-10-25,6850.590383373411,6874.880292298305,6713.9540898285095,6850.78173828125,245401
2021-10-26,6851.1168168646445,6989.909003536413,6850.973183726574,6965.09228515625,372893
2021-10-27,6966.91318152188,7063.689172628153,6931.460590720571,7046.6337890625,364657
2021-10-28,7067.5211245828805,7186.335199887691,7046.441207996543,7135.21630859375,556897
2021-10-29,7152.799621514161,7368.3896971793565,7035.901891597921,7316.69580078125,659277
2021-11-01,7349.225570159146,7484.328673860899,7327.810197383284,7449.93017578125,469658
2021-11-02,7461.332907491394,7488.928249785496,7366.856452717483,7390.76318359375,177655
2021-11-03,7435.365774808494,7571.762514131672,7406.764066373965,7557.96484375,388455
2021-11-04,7566.7316550967735,7601.130151675136,7532.9081588896515,7551.208984375,32611
2021-11-08,7607.933945589368,7923.174533511144,7516.907028104357,7870.5224609375,825196
2021-11-09,7857.059987199211,7909.807501554489,7802.443838507704,7824.48193359375,253056
2021-11-10,7804.35991143864,7845.417932844369,7713.3330002555,7767.75732421875,209152
2021-11-11,7761.24223521114,7801.342080331807,7670.215320106812,7713.9560546875,125814
2021-11-12,7746.869620038846,7774.464961040287,7670.215375189977,7742.79736328125,180509
2021-11-15,7742.078595403528,7830.757786230245,7695.127871248234,7714.099609375,119066
2021-11-16,7780.405374290218,7798.610756323656,7527.733648081997,7552.7421875,277983
2021-11-17,7516.9066354845745,7616.509428716499,7474.746802219906,7529.07568359375,183623
2021-11-18,7568.648434868701,7598.351954489023,7392.391395009763,7442.83984375,196805
2021-11-22,7472.831265452171,7482.029869108667,7234.819910590055,7333.70361328125,383629
2021-11-23,7301.316643842229,7392.056291113917,7225.33331263248,7337.6796875,475377
2021-11-24,7406.716817101862,7443.175307175128,7234.244756677757,7260.40283203125,292766
2021-11-25,7244.113325504586,7315.1626022124865,7203.151213860109,7290.5849609375,173989
2021-11-26,7234.243951975007,7281.194674312329,7061.8678221086275,7085.48681640625,265808
2021-11-29,7046.920766788428,7124.0063813155675,6900.223607556508,7079.25927734375,382413
2021-11-30,7078.347914997702,7204.540140512023,7040.260340774354,7122.85546875,547664
2021-12-01,7293.651626342756,7357.610013896405,6986.076459230823,7016.35498046875,509749
2021-12-02,7052.190452618945,7079.977616087144,6958.289003657443,7016.9296875,239691
2021-12-03,7069.868668576808,7143.21700751249,6991.010338267266,7025.79248046875,401430
2021-12-06,7037.674275371394,7080.552743908604,6899.840266736133,6912.87158203125,173852
2021-12-07,6980.327329187686,7030.104867704705,6932.4184250752105,6994.125,162646
2021-12-08,7022.486631172205,7146.810227896805,6994.699468898499,7113.4658203125,209590
2021-12-09,7164.105124778563,7200.8995344801015,7080.935461040657,7122.95166015625,198582
2021-12-10,7138.4262919081075,7140.1990148278355,7081.222876626121,7129.27587890625,144726
2021-12-13,7199.749716986612,7224.566434390045,7082.947908708716,7104.36328125,220084
2021-12-14,7099.141245850975,7146.954237468258,7030.248336915737,7077.486328125,210516
2021-12-15,7105.848474665528,7105.848474665528,7023.44516171768,7063.06591796875,113049
2021-12-16,7104.69828260168,7128.844556145676,7063.49662723686,7103.6923828125,140591
2021-12-17,7100.866183036286,7100.866183036286,6996.616591333951,7030.48828125,279606
2021-12-20,6965.9546732412255,6965.9546732412255,6740.974646179462,6861.36962890625,285814
2021-12-21,6935.293427283389,7066.56383340909,6879.8150061497945,7020.90673828125,241099
2021-12-22,7013.863058727846,7114.471750144024,7006.629001870159,7068.71875,158971
2021-12-23,7123.861649924404,7123.861649924404,6994.65172013878,7033.6015625,210152
2021-12-24,7054.106745767042,7138.426413469772,6900.702347658524,6922.64453125,270337
2021-12-27,6917.08701341204,6989.908541742739,6872.3399134646925,6942.04736328125,142927
2021-12-28,6970.745073097141,7106.806351499862,6970.745073097141,7096.3623046875,185895
2021-12-29,7076.144135986418,7148.007481984926,7065.31691233344,7110.5908203125,219901
2021-12-30,7110.591689953559,7181.448677057858,7071.45002247386,7087.8349609375,243710
2021-12-31,7138.426803640955,7339.165114427906,7111.071006188611,7273.57763671875,258372
2022-01-03,7282.1529309866455,7425.879633571908,7253.4553122263105,7400.87109375,250533
2022-01-04,7424.922125576744,7447.774766922086,7293.364459082799,7330.39794921875,315188
2022-01-05,7330.541078245741,7444.0851757259215,7277.362197147429,7339.21240234375,400874
2022-01-06,7320.0488780507985,7377.9232061109515,7114.519687917307,7146.61865234375,403448
2022-01-07,7152.8948929031785,7262.989454786913,7127.934074548806,7241.86181640625,543512
2022-01-10,7272.571573632098,7299.017382017383,7207.702730949749,7267.92431640625,213126
2022-01-11,7291.447632755831,7358.232361561552,7244.975997722629,7288.189453125,234296
2022-01-12,7343.285259885607,7405.758660206829,7291.639552993832,7338.39892578125,297378
2022-01-13,7359.765947099911,7396.751715136,7237.933695902591,7288.6689453125,274893
2022-01-14,7314.731457575548,7377.971210811072,7250.437614880688,7340.1708984375,250253
2022-01-17,7315.689755809744,7613.683143374489,7186.431624357759,7540.95751953125,1216949
2022-01-18,7480.496568253686,7563.858064531139,7205.499448349906,7239.89794921875,565178
2022-01-19,7282.057475690478,7282.057475690478,7045.4834019904965,7123.47900390625,439305
2022-01-20,7157.590121590567,7243.39477987994,7085.726766956123,7153.2783203125,249483
2022-01-21,7119.262750484173,7142.881745310409,7005.239565113027,7049.9384765625,207851
2022-01-24,7052.190491370878,7056.981381650341,6792.188782332295,6856.72216796875,319304
2022-01-25,6822.228349856553,6854.71049519741,6707.246973173577,6801.48388671875,467078
2022-01-27,6841.391072375812,6851.260118851481,6659.337248320993,6803.73486328125,418032
2022-01-28,6823.090121930692,6962.50503105112,6797.315225431707,6812.50244140625,511605
2022-01-31,6888.245807829677,6975.104550931097,6867.836803345078,6914.595703125,250406
2022-02-01,6959.4389935323925,7220.350689164363,6932.610008156956,7201.90576171875,731348
2022-02-02,7255.9949683028035,7258.1985906317195,7114.471885866736,7129.802734375,324627
2022-02-03,7148.966786269481,7171.963060612125,7043.567195532362,7066.89892578125,167162
2022-02-04,7079.977652402605,7214.98484685645,7071.497683038979,7128.50927734375,462491
2022-02-07,7128.509210031212,7204.493009834456,7054.585867316231,7156.96728515625,391483
2022-02-08,7163.291715206177,7185.377533147904,7048.16624282375,7110.97509765625,270604
2022-02-09,7125.011507197871,7232.23153030889,7111.070204639248,7190.21533203125,253643
2022-02-10,7200.420309427088,7233.237905497216,7148.295052621586,7161.9013671875,284223
2022-02-11,7148.103797104895,7148.103797104895,6989.046248977331,7017.3125,265177
2022-02-14,6939.604536687973,6939.604536687973,6755.155261808797,6792.6201171875,266661
2022-02-15,6803.064652610549,7012.378850087499,6736.998084086456,6985.40576171875,255775
2022-02-16,6980.327339023249,7013.863571949235,6867.21460339847,6878.66455078125,322839
2022-02-17,6846.182252230164,6922.836497181656,6735.991775112394,6751.27490234375,499955
2022-02-18,6754.197652034066,6769.384868997374,6611.429110375238,6627.3349609375,510600
2022-02-21,6611.428659678058,6623.453607269986,6506.987250416477,6528.49853515625,424346
2022-02-22,6432.248801388519,6486.864946432335,6396.939849134613,6467.27001953125,359236
2022-02-23,6496.44684913059,6578.850157246406,6453.328839069988,6496.638671875,506540
2022-02-24,6347.834147270776,6371.069966730759,6128.69909147164,6150.0185546875,610393
2022-02-25,6276.065646284388,6378.255232281212,6247.3203074464445,6295.46875,376464
2022-02-28,6264.56882822386,6325.892230641469,6170.811001424226,6293.21826171875,557289
2022-03-02,6265.526267964376,6265.526267964376,6076.765192144069,6131.716796875,686927
2022-03-03,6147.670927823336,6167.936301851542,5715.388954829413,5730.576171875,2406110
2022-03-04,5700.920029668275,5911.958751721208,5606.108121538249,5797.2646484375,1336552
2022-03-07,5681.324917766349,5681.324917766349,5446.906751692875,5459.79443359375,1280108
2022-03-08,5395.501026290824,5629.296488982168,5393.776492808577,5589.484375,955847
2022-03-09,5643.668323036908,5805.360857758891,5577.745864913654,5765.6923828125,813790
2022-03-10,5942.620307879669,5999.34463598262,5753.427863432898,5799.42041015625,967482
2022-03-11,5790.270348214842,5864.002341298958,5729.9051269774545,5769.1904296875,533023
2022-03-14,5796.977200948459,5814.128494466793,5706.956186030902,5783.466796875,466938
2022-03-15,5840.909370559009,5913.874530633693,5722.286655155108,5769.42919921875,819263
2022-03-16,5873.6323304618545,6053.003475560757,5825.723420751725,6042.17578125,888929
2022-03-17,6113.511647395977,6198.933130230114,6074.849068036004,6107.0439453125,979987
2022-03-21,6103.5941498523625,6103.5941498523625,5917.755330782959,5932.31982421875,531422
2022-03-22,5902.376766881081,5965.472884819896,5805.69669555408,5951.81884765625,1073804
2022-03-23,6048.498712367724,6048.498712367724,5935.960517498022,5973.28173828125,664235
2022-03-24,5942.620532480501,6112.744865739747,5940.7041762946,6086.20361328125,642226
2022-03-25,6117.967005610125,6123.380618158909,6021.2387418463395,6048.69091796875,321023
2022-03-28,6079.639894364592,6127.5010764218305,5983.869808490454,6093.96484375,325668
2022-03-29,6110.301011104123,6274.149446559479,6109.342833119003,6253.64453125,671879
2022-03-30,6268.880018744142,6389.897721759313,6268.880018744142,6364.8896484375,705385
2022-03-31,6381.466263753086,6418.835210342631,6305.770192456316,6326.17919921875,399272
2022-04-01,6326.849480495467,6409.109157272225,6290.486437409356,6391.57421875,216837
2022-04-04,6354.636421934261,6475.7982157662145,6345.05464204594,6461.8564453125,268314
2022-04-05,6486.865321660627,6530.941511438528,6400.67701993991,6444.84912109375,412049
2022-04-06,6419.793108472353,6507.945491454362,6410.2113277134395,6454.43115234375,297453
2022-04-07,6415.959826215897,6512.256714288582,6415.959826215897,6454.90966796875,234000
2022-04-08,6514.6522242685705,6563.519302285587,6441.687063115232,6551.06298828125,309692
2022-04-11,6548.812110202178,6629.155440558365,6515.611331328595,6571.904296875,359038
2022-04-12,6563.5201421471365,6571.904200722872,6440.681519641911,6492.18359375,385829
2022-04-13,6467.701776561542,6553.937800249029,6414.235629019448,6448.5859375,386535
2022-04-18,6367.572102120762,6410.115113105781,6295.2773825704735,6361.9189453125,240392
2022-04-19,6419.7925058687615,6481.355441466085,6233.953698349512,6310.27294921875,353426
2022-04-20,6311.518627910408,6542.199986597129,6310.273183626546,6522.46142578125,328054
2022-04-21,6544.356077808917,6598.972226628112,6523.276160720806,6560.166015625,181457
2022-04-22,6515.610888770907,6525.1449477302485,6429.470773681145,6462.048828125,237385
2022-04-25,6414.044333973857,6432.297440011976,6282.438475646575,6319.232421875,227496
2022-04-26,6400.629453324722,6414.235768947499,6338.34787930285,6381.65771484375,279555
2022-04-27,6300.020984285851,6352.577146449274,6262.699760284211,6274.58154296875,327597
2022-04-28,6322.059134647243,6357.511724520227,6277.072485488579,6340.216796875,243308
2022-04-29,6340.647279529666,6512.736149389871,6247.512654593293,6352.9599609375,1139560
2022-05-02,6331.258048542889,6448.53896073514,6269.263734985708,6399.671875,329548
2022-05-04,6399.67112711476,6428.03329066177,6229.1154360492665,6249.189453125,228457
2022-05-05,6285.6476677170795,6320.04616427779,6074.848508129006,6089.89208984375,344367
2022-05-06,6036.521982578372,6036.521982578372,5902.377049632187,5940.89599609375,499910
2022-05-09,5916.749664123284,6012.471561068763,5859.258979127754,5964.275390625,355285
2022-05-10,5951.100272024489,6154.809020279737,5941.230757332548,6100.19287109375,359456
2022-05-11,6103.546323709943,6167.312884403449,5950.237839051425,6075.04052734375,217452
2022-05-12,6036.521308116436,6036.521308116436,5823.422617732141,5926.76220703125,323730
2022-05-13,6006.243134994982,6029.62258560915,5885.8958795461895,5937.39794921875,319217
2022-05-16,5935.6249698220945,5935.6249698220945,5577.553692667677,5761.33203125,685657
2022-05-17,5761.332818309985,5869.655128075338,5730.287942919727,5852.31201171875,637179
2022-05-18,5906.209560795569,6016.400037676083,5873.679228520169,5973.04248046875,371945
2022-05-19,5872.6734745633585,5918.091022155304,5796.977405956652,5818.63232421875,259111
2022-05-20,5907.167265600258,5907.167265600258,5810.583112051369,5872.33740234375,374540
2022-05-23,5915.790815264569,5963.69971399525,5653.250050220433,5668.8681640625,528566
2022-05-24,5699.1955219509755,5708.441846889625,5589.675486232021,5622.63671875,458962
2022-05-25,5647.501817756334,5728.946957645932,5536.59270078903,5549.95947265625,571568
2022-05-26,5577.55513735796,5669.540241839383,5468.08328124335,5628.578125,512954
2022-05-27,5658.041022274426,5726.550748454379,5639.883362247629,5699.24267578125,290626
2022-05-30,5749.068407862971,5899.262820018392,5716.058986277004,5847.42529296875,330562
2022-05-31,5854.467852035355,5883.213193371043,5792.234000899438,5828.2138671875,431470
2022-06-01,5825.723290590696,5844.599587738922,5701.160128127408,5725.7373046875,268629
2022-06-02,5716.490000509587,5772.016603263774,5658.999319981499,5756.58984375,320094
2022-06-03,5859.258879726507,5859.258879726507,5375.3789558897315,5441.349609375,2216480
2022-06-06,5442.450921889086,5495.150710745406,5341.842234072475,5347.9267578125,999722
2022-06-07,5327.470161421458,5343.088277088662,5183.743448433469,5322.87109375,1203977
2022-06-08,5348.501881751956,5378.5403878058405,5269.979007397591,5300.4970703125,605175
2022-06-09,5293.934290680151,5303.5160722017445,5217.280038507407,5252.63671875,375314
2022-06-10,5227.7234692540305,5304.186357480201,5182.785012798328,5280.56689453125,493489
2022-06-13,5203.865231765289,5222.070615562663,5113.7964908730155,5132.1455078125,441354
2022-06-14,5126.252541763534,5268.062892451572,5101.339912588609,5201.5654296875,610906
2022-06-15,5213.351015455693,5244.635436156945,5175.119803683029,5226.046875,286759
2022-06-16,5250.816139525706,5256.565208291609,5056.3537013748355,5083.37451171875,732233
2022-06-17,5078.344033024273,5081.170845620781,4941.37228370637,4960.775390625,819352
2022-06-20,4962.404285683681,5123.809570708397,4945.923435532427,5110.2509765625,506142
2022-06-21,5131.043511627913,5205.78140031269,5041.980673801069,5192.27099609375,292408
2022-06-22,5174.161741539253,5200.990728347235,5097.507493516449,5183.69580078125,214821
2022-06-23,5200.990211270567,5268.924938254701,5133.965472674993,5184.0302734375,296712
2022-06-24,5222.070022192898,5279.560701336306,5207.889175148329,5239.6044921875,265862
2022-06-27,5279.561025913572,5348.549845126961,5258.5288306897855,5327.70947265625,226613
2022-06-28,5327.469266604235,5351.4237147454405,5250.815032552376,5339.68603515625,278114
2022-06-29,5310.2222633591855,5411.789127292075,5290.196437533164,5383.3310546875,490615
2022-06-30,5393.584154392076,5412.74771507565,5303.515419179275,5372.79150390625,572821
2022-07-01,5365.796996414564,5461.375255413199,5255.606522381051,5453.662109375,329610
2022-07-04,5442.355822405275,5504.7333117290655,5396.555095310858,5470.28662109375,165959
2022-07-05,5471.675749799445,5521.980097381,5461.950336172419,5490.3125,307970
2022-07-06,5509.523476593113,5600.454474834728,5488.683105181652,5584.30908203125,371948
2022-07-07,5610.132685620003,5626.373991298961,5529.885271030647,5594.658203125,261593
2022-07-08,5606.300175264793,5709.73569037338,5562.798982226549,5594.89794921875,410980
2022-07-11,5576.596463039672,5623.547189274886,5538.844340006293,5609.4140625,189671
2022-07-12,5579.566368406598,5592.453581705006,5490.359903625534,5537.1669921875,171919
2022-07-13,5540.185452815493,5638.87779139038,5529.022772170117,5556.4267578125,263686
2022-07-14,5557.432580736838,5607.210116599826,5444.607117567569,5495.19873046875,285686
2022-07-15,5480.778290261753,5588.094228812332,5462.572907829065,5564.1875,255753
2022-07-18,5588.094220718244,5740.444526118485,5568.355659905637,5732.2041015625,512929
2022-07-19,5744.181642028907,5841.005817119104,5732.44396062286,5831.328125,555572
2022-07-20,5855.425618623234,5888.003669847779,5822.84756739869,5834.345703125,371187
2022-07-21,5868.840931996164,5891.980839813096,5783.563080086342,5874.302734375,328612
2022-07-22,5874.5893530392705,6223.366147119566,5843.975378612531,6188.58447265625,1441549
2022-07-25,6083.471961789997,6177.181580577986,5998.241843790416,6115.9541015625,919050
2022-07-26,6122.2784928649435,6191.794121458704,6043.420628524186,6132.00390625,549442
2022-07-27,6123.045283697747,6277.02469046607,6099.665831788622,6262.029296875,424070
2022-07-28,6285.648167374928,6285.648167374928,6175.4576888310075,6200.60986328125,462464
2022-07-29,6266.196674440601,6302.176070166931,6218.575042059126,6271.0830078125,360851
2022-08-01,6312.429139219733,6385.298391249434,6285.695597897247,6379.2138671875,414339
2022-08-02,6387.116864459717,6450.864105362395,6355.459930514639,6409.71484375,274658
2022-08-03,6422.91686196092,6451.82721542811,6277.449411880057,6362.8798828125,266360
2022-08-04,6406.534923629922,6442.5284111503415,6312.09442686161,6348.76220703125,275815
2022-08-05,6348.762413598674,6552.050596117936,6348.762413598674,6529.115234375,741250
2022-08-08,6509.647991987854,6529.114485082418,6405.570718392785,6435.30029296875,313912
2022-08-10,6480.111547362737,6497.216840557656,6341.534298193968,6356.0859375,271291
2022-08-11,6389.28478829711,6413.232292649103,6334.836954143535,6357.4833984375,303393
2022-08-12,6355.459662770074,6370.059297833093,6278.365383312666,6321.05615234375,269932
2022-08-16,6352.665178155813,6436.408746279203,6321.7789996882475,6414.244140625,270299
2022-08-17,6466.282816697647,6479.53339624006,6354.5441049924375,6369.7705078125,341063
2022-08-18,6369.047637331253,6466.523623020622,6369.047637331253,6460.45263671875,300992
2022-08-19,6480.738165172172,6536.535058388362,6366.060419201095,6406.10107421875,641293
2022-08-22,6413.280542586732,6424.700227143694,6210.956049347072,6232.5908203125,345960
2022-08-23,6210.907749918268,6341.004343593824,6172.4570730078285,6259.47705078125,379309
2022-08-24,6217.750115869885,6296.386375223866,6217.750115869885,6271.95703125,223101
2022-08-25,6292.820532117649,6366.060097269401,6220.159268168428,6239.8662109375,470687
2022-08-26,6271.089612939418,6331.3675126841945,6235.963344684844,6280.43701171875,415698
2022-08-29,6169.469962630869,6341.004741348192,6169.469962630869,6269.9814453125,366457
2022-08-30,6301.34898713806,6447.008892138971,6288.001946368727,6435.30029296875,467147
2022-09-01,6388.224781497362,6514.466665096117,6365.096497479269,6391.59765625,386222
2022-09-02,6398.825119963892,6424.507057397894,6307.275664181276,6338.59521484375,268505
2022-09-05,6336.186435170773,6379.4075120355055,6260.441207403072,6285.0634765625,385312
2022-09-06,6302.457423949754,6317.876280032811,6221.556425220504,6259.57373046875,341220
2022-09-07,6225.362941941491,6551.086266148337,6197.4162661959335,6524.8740234375,918604
2022-09-08,6595.415686320723,6686.965144269359,6533.740262018483,6668.31787109375,879685
2022-09-09,6678.292260479532,6773.69643562924,6518.466081031118,6537.2578125,567059
2022-09-12,6537.257581958927,6649.381669878351,6495.193109417404,6620.0859375,488043
2022-09-13,6648.417549690866,6716.45334158356,6606.015698381053,6645.8154296875,412295
2022-09-14,6543.376778641194,6711.442208861133,6514.5628866412335,6626.01220703125,543948
2022-09-15,6658.055043706963,6673.473900372083,6512.6840416019,6543.42529296875,437578
2022-09-16,6543.425119714615,6571.0828813438275,6216.690107064936,6245.98583984375,831639
2022-09-19,6162.72410418531,6275.426494746925,6017.786949620659,6225.21875,808807
2022-09-20,6256.875570015147,6324.959361766028,6223.38774222125,6249.11767578125,373825
2022-09-21,6263.909915734508,6295.663308833486,6067.84934715357,6084.4248046875,616165
2022-09-22,6071.17440039517,6133.669043689416,6003.7169070574455,6012.775390625,492098
2022-09-23,6032.627403870241,6055.707692140246,5904.602621166098,5916.93798828125,570526
2022-09-26,5897.664635394158,6013.3540552416825,5786.889599635625,5952.73876953125,497458
2022-09-27,5982.516139099108,6046.070924510475,5905.421858956078,5967.91650390625,467962
2022-09-28,5926.622648491141,6049.636112281084,5890.05086197834,5948.7392578125,378895
2022-09-29,5992.152990735552,6035.374066130482,5921.804459322927,5951.58203125,407574
2022-09-30,5948.016904437145,6095.266797913734,5947.823980509655,6027.90576171875,442887
2022-10-03,6058.068923224081,6124.4662831893975,6002.946790848388,6015.8115234375,337932
2022-10-04,6118.297904313427,6150.051296874045,6052.045012097207,6078.44970703125,307268
2022-10-06,6109.721736575013,6135.5965986064875,6030.218259718949,6058.8876953125,495617
2022-10-07,6071.174168627085,6078.112841609676,5910.6252465030575,5978.17919921875,454883
2022-10-10,5932.597335339185,5949.027864342145,5897.711987976177,5926.52587890625,282642
2022-10-11,5956.159303084097,5979.624968180462,5840.4698897827975,5856.033203125,276525
2022-10-12,5863.983708809645,5965.169951936187,5837.771465228881,5953.31689453125,223353
2022-10-13,5947.823373425304,5990.225225082906,5879.4022037050845,5957.21923828125,314360
2022-10-14,6032.626811182776,6032.626811182776,5944.932076387627,5967.0966796875,249291
2022-10-17,5945.896108792005,6053.635172593483,5861.285328071729,6043.70947265625,453912
2022-10-18,6075.992984844605,6209.944297278134,6061.778726870543,6116.2265625,558284
2022-10-19,6117.527647415212,6211.871679496285,6023.087153373848,6166.00048828125,919146
2022-10-20,6109.721491488025,6180.070019702319,6049.00974796062,6073.390625,476962
2022-10-21,6086.207748051653,6187.779363158581,6086.207748051653,6131.78955078125,307899
2022-10-24,6206.089286912839,6209.944000755642,6138.969176234257,6162.33837890625,56532
2022-10-25,6186.815992627948,6238.854631818276,6155.2075259307985,6182.67236328125,313500
2022-10-27,6238.854398301514,6238.854398301514,6140.559194621138,6203.00537109375,248556
2022-10-28,6208.016306518675,6234.999301952163,6173.805723022648,6211.7265625,151834
2022-10-31,6242.805872617104,6486.423612619387,6220.303885216916,6471.05322265625,538107
2022-11-01,6499.000004668263,6601.197924462834,6474.185282543457,6573.15478515625,429855
2022-11-02,6577.154034965371,6625.28996628433,6480.786180910325,6533.64404296875,255634
2022-11-03,6485.604061923936,6537.594703303236,6427.783354052739,6483.86962890625,217701
2022-11-04,6513.502684925358,6707.202054605784,6491.145156524891,6642.68359375,646411
2022-11-07,6673.473507547546,6763.095606638076,6618.543833911414,6720.2119140625,353341
2022-11-09,6745.749863067647,6803.570576179655,6608.90750870256,6652.7548828125,312745
2022-11-10,6644.563468092826,6644.563468092826,6543.377222385829,6554.2666015625,330402
2022-11-11,6591.512774209829,6676.171551813428,6540.919654265305,6565.734375,293195
2022-11-14,6596.379504254616,6646.972626821946,6571.709239903031,6605.43798828125,484476
2022-11-15,6630.10808504397,6745.7495051319465,6617.628260241019,6711.5869140625,625270
2022-11-16,6733.173199094004,6779.4777594672305,6619.314216078431,6660.9453125,307352
2022-11-17,6681.183242478496,6706.8171854626635,6601.294386522609,6622.25439453125,196795
2022-11-18,6649.381470069419,6687.061392509038,6516.393840668031,6566.93896484375,296995
2022-11-21,6562.4572660282965,6626.108509449243,6495.72253392066,6509.50341796875,249498
2022-11-22,6509.744275876963,6665.7637200467,6495.722472351281,6594.49951171875,393509
2022-11-23,6627.409336956666,6653.717569281553,6554.314235586964,6576.189453125,258946
2022-11-24,6596.282780573417,6639.744774439863,6582.8877437153415,6611.02734375,297230
2022-11-25,6653.236037173589,6690.819496827379,6601.197400729879,6624.32568359375,377893
2022-11-28,6624.325809699032,6673.37694976404,6613.725346517959,6641.9609375,239438
2022-11-29,6649.381718764964,6750.567962311387,6644.563326215134,6677.23193359375,336266
2022-11-30,6695.637632802565,6837.298359921445,6654.247456626601,6819.9521484375,489956
2022-12-01,6842.117781976045,7033.889815583542,6779.526671230908,7009.7978515625,1086727
2022-12-02,7010.7612412203425,7033.889525727462,6898.974532769269,6974.189453125,442739
2022-12-05,6996.305996995266,7020.397959794836,6897.528949517026,6937.13623046875,235887
2022-12-06,6924.077652619007,7009.508123570238,6880.664126704674,6979.00732421875,312838
2022-12-07,6991.487278999598,7029.937955728703,6886.446326082857,6902.05810546875,324940
2022-12-08,6937.52147259543,6957.373343664717,6894.155940401126,6918.2958984375,262827
2022-12-09,6939.642064031487,6960.746529867863,6784.296895756775,6820.33837890625,211582
2022-12-12,6831.516730935265,6903.744621083975,6716.983449709145,6887.265625,260579
2022-12-13,6919.163766563975,6979.923508932034,6895.312723233025,6962.8662109375,285708
2022-12-14,6982.717481621506,7014.567336242179,6914.392774654352,6936.12353515625,226179
2022-12-15,6936.12332330757,6955.396891428739,6830.552542142305,6855.51171875,241610
2022-12-16,6849.8747143059445,6904.563468706696,6739.14814972537,6759.33740234375,285180
2022-12-19,6786.994456503808,6855.993928213151,6755.3859912965045,6818.98876953125,251219
2022-12-20,6832.480025733481,6866.25676627413,6751.145660862179,6840.189453125,488123
2022-12-21,6871.509437771628,6893.481119012706,6674.437187575387,6698.240234375,388167
2022-12-22,6727.439320971256,6834.407629899462,6610.834227454923,6757.69873046875,338708
2022-12-23,6717.754633695136,6731.294128010478,6625.385958029747,6658.43994140625,289661
2022-12-26,6659.981455183042,6846.838603753608,6615.025951710973,6817.06103515625,328414
2022-12-27,6842.11747879468,6905.67226528448,6785.260446224415,6849.05615234375,295144
2022-12-28,6848.285289973563,6897.5293589683415,6771.0945424723095,6797.595703125,260015
2022-12-29,6774.707339433134,6779.863113128267,6654.19954032107,6728.595703125,449116
2022-12-30,6745.749443557014,6796.872399335802,6697.806438583162,6706.28662109375,232317
2023-01-02,6726.379115947966,6784.248289171486,6697.661686369639,6763.04736328125,212580
2023-01-03,6774.611347908737,6783.332449456964,6707.249849406638,6739.58154296875,188315
2023-01-04,6745.749499353765,6805.497566348041,6730.186185689485,6750.9052734375,319221
2023-01-05,6760.156549330834,6786.416787941275,6692.74705135824,6752.4951171875,236570
2023-01-06,6752.494739902931,6774.562881778264,6698.528747975635,6728.595703125,160184
2023-01-09,6784.296834683186,6807.425119346879,6748.544267197996,6779.333984375,298470
2023-01-10,6793.885136228627,6793.885136228627,6638.925357785372,6668.94384765625,263888
2023-01-11,6695.6386145175065,6777.551291868397,6670.582972033705,6766.90283203125,295408
2023-01-12,6769.7930786780835,6906.635417832848,6769.7930786780835,6893.529296875,566492
2023-01-13,6914.392657371838,6994.377966160948,6878.73655586344,6985.6083984375,462134
2023-01-16,7005.942698128132,7068.340881030992,6986.910047744634,7020.25341796875,440500
2023-01-17,7015.579023612213,7120.619973278934,6999.052032521579,7109.68212890625,385734
2023-01-18,7105.201517567184,7114.838302481829,7005.942632946349,7018.904296875,447736
2023-01-19,6996.305413626651,6996.305413626651,6925.041205389241,6950.38623046875,412001
2023-01-20,6950.38602347027,7001.123597275234,6890.300580938462,6916.46435546875,353292
2023-01-23,6866.209039549231,6923.981751546064,6581.92389335035,6600.95654296875,998103
2023-01-24,6632.0360787611535,6647.117554636312,6536.246520701129,6562.3623046875,444188
2023-01-25,6558.748109460347,6582.7436108578295,6429.663181558173,6461.56103515625,509299
2023-01-27,6489.410299261667,6552.049394814386,6364.2285701047595,6471.6787109375,635582
2023-01-30,6501.9385727076615,6653.188095294937,6401.282169294413,6637.5283203125,699269
2023-01-31,6673.4735021334545,6841.153558360345,6642.20194710717,6828.19189453125,593220
2023-02-01,6827.662297588466,6976.068789307396,6728.018032972129,6882.013671875,648015
2023-02-02,6842.117302629334,7044.48978622823,6750.615841469377,6907.31005859375,647192
2023-02-03,6923.982003107761,6962.577138682277,6871.991359992155,6928.07763671875,364197
2023-02-06,6896.37211301071,6945.953558987814,6854.452099162287,6868.37744140625,314446
2023-02-07,6895.0711556827455,6943.303072779027,6796.004730970392,6814.94091796875,295067
2023-02-08,6855.608213962189,7028.829408291638,6855.608213962189,6987.005859375,559696
2023-02-09,6986.669117679063,6986.669117679063,6899.938052769943,6918.970703125,334529
2023-02-10,6914.393399778696,6964.4082209933,6887.458396853082,6944.3154296875,407822
2023-02-13,6952.94027540035,6986.669022405064,6895.119566249412,6918.48876953125,323236
2023-02-14,6953.084652512125,6967.298910013725,6866.738967071149,6879.8935546875,328419
2023-02-15,6878.736943408642,6916.320403872769,6791.668499224189,6892.083984375,404971
2023-02-16,6926.583135030666,6932.509663233217,6849.826242614251,6911.2607421875,264069
2023-02-17,6915.356450292343,7124.763586021574,6915.356450292343,7032.78076171875,1063293
2023-02-20,7035.816670785616,7219.879262775762,7035.816670785616,7157.095703125,713498
2023-02-21,7174.393661548253,7213.1337262926945,7055.0904489230215,7073.93017578125,399493
2023-02-22,7060.872385578575,7065.546320423447,6930.775787782327,6944.0263671875,402548
2023-02-23,6978.766141286675,7002.087347093839,6882.687685862441,6916.27197265625,286748
2023-02-24,6950.868357056862,6978.766566478262,6905.62346460286,6954.57861328125,206602
2023-02-27,6957.7583992780665,6972.213576007869,6877.243253111516,6925.61962890625,295092
2023-02-28,6921.187071643628,7019.386288492399,6902.058429609739,6997.55859375,429256
2023-03-01,6964.504062068571,7077.254439163081,6957.7583130116345,7009.94140625,317216
2023-03-02,7009.9421564290415,7063.76369698804,6989.415991749028,7024.44580078125,180178
2023-03-03,7063.763300105709,7083.036869819504,6927.161874759191,6953.85595703125,408754
2023-03-06,6980.887520428968,6991.969823919434,6929.812556516387,6939.06396484375,154817
2023-03-08,6952.892283847201,7018.904260167282,6926.246197260653,7003.29248046875,237790
2023-03-09,7003.05176834802,7036.057757486031,6945.327519410044,6979.87548828125,158808
2023-03-10,6938.485251053284,6979.875431151289,6877.195203893084,6963.92626953125,154319
2023-03-13,6962.576985761132,6994.378375453883,6798.558721006134,6818.603515625,176576
2023-03-14,6822.843804887962,6856.572552510996,6737.076418075105,6807.376953125,210976
2023-03-15,6867.172724932225,6926.920789617294,6824.963796486062,6842.83984375,265536
2023-03-16,6876.4243261535385,6890.108278381468,6819.036989756368,6846.55029296875,459814
2023-03-17,6899.11854401483,7043.429393216074,6899.11854401483,7025.16796875,383505
2023-03-20,7010.760508205635,7019.818991247911,6840.189427799807,6980.11572265625,520041
2023-03-21,6979.923297525267,7092.6736807657,6974.237688548011,7085.68701171875,350524
2023-03-22,7092.673951909843,7178.537802692331,7085.92820222732,7127.99267578125,381601
2023-03-23,7103.274215465569,7193.859994363109,7091.180238522706,7138.88232421875,232908
2023-03-24,7135.075551941808,7161.287795132281,7061.402143039134,7136.66552734375,228994
2023-03-27,7137.966557368884,7211.639965961424,7123.945223593317,7179.59765625,251626
2023-03-28,7212.169993712384,7239.056530124877,7100.7206677557615,7134.20849609375,249783
2023-03-29,7150.301105850215,7323.956149077039,7131.220460943434,7295.7685546875,445346
2023-03-31,7299.961359273471,7366.647631519229,7272.929894058704,7345.30224609375,378456
2023-04-03,7392.281082947352,7455.980323936792,7304.77926607165,7362.9853515625,360584
2023-04-05,7299.864507741136,7419.986936521669,7299.864507741136,7412.56689453125,233489
2023-04-06,7410.68773742916,7449.234877805904,7390.306031064185,7422.107421875,227682
2023-04-10,7422.107142777789,7489.709093562205,7389.486532351389,7416.71044921875,226983
2023-04-11,7434.77907204836,7510.861672157694,7434.77907204836,7460.2685546875,354799
2023-04-12,7468.508279620606,7510.910133079097,7396.232393043633,7403.79736328125,264416
2023-04-13,7425.19021580882,7467.544070552072,7351.372825333289,7377.19921875,292568
2023-04-17,7377.199472608712,7539.820211448426,7367.369764175953,7461.232421875,488286
2023-04-18,7496.454677652594,7496.454677652594,7295.045881196829,7319.4267578125,437232
2023-04-19,7328.774981138618,7356.721657595294,7206.869651077602,7242.9111328125,341302
2023-04-20,7297.551939719394,7323.95663664227,7175.164769607082,7204.267578125,263429
2023-04-21,7227.637024340247,7244.405407323602,7072.677703784845,7091.228515625,388408
2023-04-24,7083.036469551679,7187.113740124683,7043.091810358689,7170.29736328125,513771
2023-04-25,7185.090218451939,7234.768125964038,7155.601563127519,7168.9970703125,285446
2023-04-26,7192.896410760509,7208.315266946491,7034.853134854196,7186.05419921875,230254
2023-04-27,7188.078019154343,7235.298266230166,7166.780629935405,7228.4560546875,205177
2023-04-28,7239.15278132649,7303.719239839386,7217.951854650614,7281.74755859375,457487
2023-05-02,7271.436060538335,7306.610325492235,7169.767979644187,7185.76513671875,544731
2023-05-03,7250.716954153259,7268.063166962238,7164.419733647043,7234.52734375,384431
2023-05-04,7241.755310256072,7255.535725154849,7213.181865118008,7229.75732421875,232203
2023-05-05,7246.8619339414745,7390.353560838087,7232.88859643587,7351.7099609375,319654
2023-05-08,7352.866733425063,7472.362863824107,7343.229948715462,7454.48681640625,295156
2023-05-09,7477.133145011767,7538.8565619051715,7408.278131106482,7435.98388671875,289797
2023-05-10,7478.144687684015,7492.599864271033,7441.524906996902,7461.955078125,234884
2023-05-11,7507.055118457641,7570.4649721897085,7468.604442447935,7550.8544921875,320219
2023-05-12,7555.191434802906,7632.333710412546,7412.422088770334,7423.16748046875,246799
2023-05-15,7448.174369844365,7492.6000410458355,7436.224851026392,7479.060546875,183594
2023-05-16,7487.781865445275,7521.847994167564,7405.869193815565,7419.07177734375,250490
2023-05-17,7436.706502422685,7478.096679533064,7375.0310824207345,7420.7578125,205629
2023-05-18,7463.496849525446,7485.709920655932,7310.946735466904,7327.95556640625,157714
2023-05-19,7359.612454773292,7409.868192733783,7309.597636429626,7402.30322265625,138709
2023-05-22,7376.958271638831,7456.943580136025,7372.1398795606865,7435.4052734375,139603
2023-05-23,7396.232167854562,7470.820786421813,7348.337160256,7376.23583984375,149291
2023-05-24,7372.140456046457,7404.857529033903,7314.367742293363,7375.80224609375,160565
2023-05-25,7366.646775830784,7389.582604610623,7318.462854712766,7344.916015625,257361
2023-05-26,7391.414035443381,7468.50831482219,7356.6251477644655,7441.380859375,252078
2023-05-29,7468.508628333547,7572.2969945225295,7454.053450343224,7555.76953125,210769
2023-05-30,7579.331344603544,7680.517586330609,7555.817683492387,7614.939453125,414785
2023-05-31,7608.241230753806,7639.51278413222,7497.273753270716,7584.197265625,1137662
2023-06-01,7585.113421732986,7611.903495631692,7526.136109717039,7557.9375,184642
2023-06-02,7575.476118959349,7658.786307239367,7542.181217505989,7565.501953125,248325
2023-06-05,7610.169044554642,7637.15204230664,7579.331332838073,7595.7138671875,186015
2023-06-06,7601.495758701733,7825.069163369431,7601.495758701733,7814.99853515625,635244
2023-06-07,7839.62094500406,7875.084125067855,7788.97935824072,7861.3037109375,298650
2023-06-08,7873.25297558211,7915.606831888297,7792.303985380286,7805.93994140625,349085
2023-06-09,7861.689289331517,7919.2210846317475,7813.69828772297,7857.11181640625,325814
2023-06-12,7864.098191401065,7906.981883517645,7808.060382216379,7900.81396484375,195134
2023-06-13,7914.209396660574,8016.166390075815,7913.486637811564,7975.69189453125,249199
2023-06-14,8007.156223962647,8063.049573913383,7976.1255897370675,8054.71337890625,289643
2023-06-15,8075.625844569157,8121.882412652609,8007.20467094572,8030.52587890625,406197
2023-06-16,8061.122526643986,8125.881909016882,8004.168563558156,8030.57373046875,356982
2023-06-19,8054.425210279948,8109.932717560671,7953.142972502899,7968.27197265625,187488
2023-06-20,7967.693273530489,7990.243725269821,7874.505380963908,7944.03515625,343189
2023-06-21,7952.660577611235,8049.269344172202,7928.182768050656,7942.2041015625,373929
2023-06-22,7976.366869147385,7978.294226129177,7849.836071511177,7866.2666015625,226654
2023-06-23,7866.700155550341,7868.482584255983,7767.24835073195,7786.71484375,198255
2023-06-26,7767.2489201236785,7969.621410598365,7767.2489201236785,7870.458984375,241856
2023-06-27,7887.660053093889,7930.205891658395,7871.951812159574,7910.3544921875,236562
2023-06-28,7903.2230347288005,8016.648177586774,7884.817152596328,7960.61083984375,282115
2023-06-30,7998.531480049504,8016.841371389376,7937.530819751437,7993.47216796875,225746
2023-07-03,8078.517285588175,8190.303997401156,8059.532629932503,8156.38232421875,373703
2023-07-04,8189.340072845429,8189.340072845429,8079.480721432817,8106.1748046875,206677
2023-07-05,8123.761775350476,8145.010698099019,8039.728821765923,8072.927734375,195350
2023-07-06,8109.354472427861,8171.945578410331,8075.625725364881,8104.72900390625,275687
2023-07-07,8112.197018515315,8140.577536463947,8023.2007509539435,8033.6572265625,354695
2023-07-10,8046.715035532945,8128.097868631721,8033.223537269776,8048.015625,173234
2023-07-11,8090.369441925488,8136.626007175915,8003.397462470259,8023.49072265625,300378
2023-07-12,8060.206807200748,8069.216824552379,7856.388808668591,7921.9189453125,508967
2023-07-13,7967.693779697747,8046.715416119519,7908.427552381418,7934.9287109375,272841
2023-07-14,7997.568210550964,7997.568210550964,7852.052750881944,7885.34765625,249245
2023-07-17,7908.909182587244,7959.984141363548,7892.478652935204,7951.31103515625,202735
2023-07-18,7926.254909985686,7951.310548606917,7860.724778207081,7879.03466796875,280527
2023-07-19,7869.398383956293,8053.31604347066,7867.230107399361,8026.6708984375,150429
2023-07-20,8046.667084572198,8046.667084572198,7868.434566521761,7925.4365234375,307197
2023-07-21,7944.565223420901,8011.540876383996,7778.812528317991,7824.29833984375,656733
2023-07-24,7902.163351243643,7944.710131577785,7794.616741280907,7921.2919921875,482809
2023-07-25,7945.240137389685,8109.354394007776,7945.240137389685,8088.4423828125,583167
2023-07-26,8110.222011827674,8151.370329621436,8037.078439520316,8048.9794921875,191345
2023-07-27,8085.428173920912,8122.989600401149,7991.524135023603,8023.712890625,216816
2023-07-28,8030.248072209724,8075.409519995648,7962.4822656931865,8041.623046875,204996
2023-07-31,8063.162012112068,8141.5767225192085,8036.587948950967,8052.65869140625,240038
2023-08-01,8080.587943984379,8100.917684828237,8006.626032471253,8017.46875,217562
2023-08-02,8004.109729391199,8049.609627465871,7951.2527791469565,8023.18115234375,134414
2023-08-03,8020.662943870366,8020.662943870366,7822.109526980253,7876.46728515625,390602
2023-08-04,7916.982165612643,7969.113052999179,7888.665740038644,7897.765625,248048
2023-08-07,7926.953159199503,7986.684064249615,7899.556601730529,7914.513671875,195297
2023-08-08,7914.513271820621,7967.273788123631,7877.290296469447,7896.5068359375,166007
2023-08-09,7899.556345353675,7913.061290684531,7827.918211829635,7852.3623046875,222338
2023-08-10,7874.38641003788,7943.120296823309,7818.23760111457,7843.6015625,296178
2023-08-11,7865.673668949649,7894.716156342694,7787.985015173254,7873.3701171875,293096
2023-08-14,7870.319747198561,7882.662803508377,7763.10457180154,7797.2294921875,544313
2023-08-16,7749.455656613639,8001.205434034727,7732.707538269784,7988.52392578125,282782
2023-08-17,7962.5784914568985,7970.323154860008,7889.924056985175,7945.39501953125,248724
2023-08-18,7938.279620818149,7983.199044634788,7905.170997223367,7952.6552734375,265260
2023-08-21,7952.220828048878,8014.710392335062,7943.604511782303,7956.9638671875,216794
2023-08-22,7959.626206622377,8004.061592054446,7930.583718207562,7941.66845703125,193112
2023-08-23,7947.863958420349,7972.066030249065,7886.971167541928,7901.3955078125,208545
2023-08-24,7948.928794927594,8058.322164045462,7903.428898037861,7949.31640625,273837
2023-08-25,7917.949641114243,7928.5985524789885,7803.715864656059,7813.83251953125,191154
2023-08-28,7875.160632763325,7890.2628206326535,7791.567052007638,7858.55810546875,327780
2023-08-29,7899.459276164594,7955.70498516464,7865.818396603328,7937.9892578125,230713
2023-08-30,7967.32223082433,8049.415471292894,7938.327959022287,8002.125,223225
2023-08-31,8024.245333683443,8093.173025081006,7963.449916784253,8032.61962890625,482614
2023-09-01,8035.088015196855,8078.651745399729,7985.715787633597,7998.6884765625,215635
2023-09-04,8020.519009988589,8319.704856022014,8018.195232755733,8308.6201171875,620108
2023-09-05,8308.088224144658,8325.513717972974,8178.5589090995545,8184.99609375,210587
2023-09-06,8214.037621307983,8283.6913733915,8174.588244067583,8264.9111328125,327847
2023-09-07,8264.91126784927,8272.268319677794,8160.938786996349,8224.009765625,203477
2023-09-08,8262.586651817242,8277.107893736078,8131.895474547726,8161.47021484375,125962
2023-09-11,8181.219574684033,8227.397313587682,8157.211310184942,8191.62646484375,131688
2023-09-12,8248.017312539345,8335.047389778834,8127.055176550607,8298.0673828125,335823
2023-09-13,8315.831885397181,8407.799758402156,8253.390540041173,8360.7021484375,321018
2023-09-14,8389.405666590344,8422.320482268175,8328.416449304954,8410.6552734375,311971
2023-09-15,8442.651569900076,8471.64584389089,8384.80861252116,8449.7666015625,357249
2023-09-18,8449.427429227515,8458.720646775979,8332.289400018471,8352.619140625,129308
2023-09-20,8315.832272657683,8348.263050438129,8171.636132820855,8188.19091796875,317399
2023-09-21,8107.79088102334,8168.683674817854,8022.164703107541,8048.20556640625,393954
2023-09-22,8010.885696360196,8045.398228605207,7917.9979565182775,7926.08154296875,524827
2023-09-25,7954.737332992667,8015.678341727184,7895.781177857041,7944.2822265625,467415
2023-09-26,7974.0989058902305,8062.194450437519,7944.282141429841,7966.2578125,515796
2023-09-27,7974.099083560404,8025.359263712857,7943.120429842555,7998.97900390625,541638
2023-09-28,8001.0118819682575,8058.274367375983,7874.386819511178,7894.08740234375,370431
2023-09-29,7938.279936296916,8021.486852268869,7872.450297800795,7991.37890625,320974
2023-10-03,8024.439622373275,8109.630922502222,7958.803787034446,8039.83251953125,454402
2023-10-04,8027.875803208472,8027.875803208472,7788.2752812832405,7861.65625,884369
2023-10-05,7916.013880647154,7946.798727817036,7865.673569800431,7916.44970703125,310506
2023-10-06,7936.342933823443,7976.663961309135,7891.085062128365,7933.87451171875,158491
2023-10-09,7909.285800098571,7938.13448250505,7829.080507029556,7851.24951171875,152525
2023-10-10,7887.745773938982,7925.0656538743515,7846.312014317762,7897.91064453125,187020
2023-10-11,7934.359415674672,8122.215717658141,7918.144026727024,8076.7158203125,439622
2023-10-12,8097.965896107384,8117.375770738075,8037.024883562015,8085.18701171875,177704
2023-10-13,8051.060905019875,8148.353230030936,8041.86411807853,8101.88525390625,285076
2023-10-16,8101.934393933762,8185.141312260098,8009.918298952105,8027.53759765625,363990
2023-10-17,8064.130150762872,8066.066316465337,8015.726008201271,8036.443359375,205234
2023-10-18,8059.193306227612,8083.34621705067,7984.747356811902,8014.080078125,322136
2023-10-19,7986.296033476478,8265.491510198046,7931.841372262067,8246.662109375,837498
2023-10-20,8263.556545590634,8372.320293241213,8142.449739604035,8190.99853515625,539291
2023-10-23,8146.417667520307,8251.551093129137,8037.556555481108,8059.5322265625,217546
2023-10-25,8088.332318982241,8130.443923515542,7924.96833587892,7992.83056640625,255678
2023-10-26,7973.130489333364,7973.130489333364,7895.248033636555,7943.41015625,637430
2023-10-27,7948.928937645545,8006.045830511345,7918.918366817752,7948.1064453125,227682
2023-10-30,7978.939173250816,8147.675831769508,7935.811269613135,8133.44482421875,244073
2023-10-31,8136.446369692862,8182.332930963601,8084.556560094678,8153.43603515625,218908
2023-11-01,8170.620032029903,8175.460446740821,8102.950656213868,8113.93896484375,209234
2023-11-02,8117.85909103031,8202.760149739119,8107.646005598193,8189.01318359375,200590
2023-11-03,8204.502639581206,8257.747199484093,8166.747406195522,8250.5830078125,243686
2023-11-06,8266.460007777736,8373.917211298445,8249.228320976534,8365.15625,194715
2023-11-07,8365.155469177815,8417.480156749201,8308.619054084964,8408.525390625,206360
2023-11-08,8411.671793437126,8440.859869208954,8376.67522062759,8421.20703125,132370
2023-11-09,8407.799810710747,8440.714628622567,8342.696237046925,8351.69921875,128138
2023-11-10,8316.848080982336,8451.315168646863,8314.476088892186,8432.82421875,149939
2023-11-13,8433.066018084766,8445.36085918584,8383.597363301626,8400.4423828125,64412
2023-11-15,8431.033562184468,8534.376406685926,8417.72242296297,8487.0859375,192348
2023-11-16,8509.060024745026,8530.455221418562,8422.320185816254,8494.974609375,233428
2023-11-17,8504.608857897521,8586.508298679,8491.685328456417,8510.369140625,151817
2023-11-20,8519.130274779196,8533.845325241613,8374.982340040571,8385.05078125,174311
2023-11-21,8388.244475894648,8459.011902724656,8388.244475894648,8430.404296875,183507
2023-11-22,8455.235845646968,8494.927243594246,8337.371755401087,8480.3095703125,325320
2023-11-23,8470.725708415648,8487.183118363426,8315.832438318905,8330.595703125,344271
2023-11-24,8362.300322465811,8378.75773222292,8272.316825332797,8283.111328125,197278
2023-11-28,8362.30121433278,8456.689309771244,8314.13908358341,8447.9765625,343335
2023-11-29,8480.309217793892,8509.448133015803,8414.576015036788,8454.025390625,207727
2023-11-30,8496.427120298227,8731.284580647705,8483.745613460584,8716.279296875,1025481
2023-12-01,8813.23321523334,8870.931525268814,8685.640073759045,8745.515625,353015
2023-12-04,8857.95858479951,9042.668614079259,8796.146869444385,9020.3544921875,473570
2023-12-05,9023.500954084213,9099.979505245317,8948.136076445506,9031.9716796875,448461
2023-12-06,9031.971926902077,9049.591225717868,8838.161530715382,8918.9482421875,308912
2023-12-07,8970.256909786232,9081.586452698537,8941.360010935541,9055.98046875,346830
2023-12-08,9078.971757142444,9130.61954757792,9043.008044306216,9113.0966796875,311761
2023-12-11,9113.532520542762,9419.446720297543,9099.979359794132,9362.2333984375,588082
2023-12-12,9392.776947767426,9643.220205088977,9327.527776414929,9548.6865234375,1060266
2023-12-13,9583.97321703249,9722.409082162858,9367.945123463596,9428.3056640625,1501931
2023-12-14,9516.254548063553,9671.14780622125,9464.946156298814,9645.2998046875,710415
2023-12-15,9680.82961146553,9738.43054765375,9584.650947433027,9709.33984375,439516
2023-12-18,9707.935357551365,9707.935357551365,9624.43820711371,9652.125,266562
2023-12-19,9652.124937050696,9729.233117978925,9635.329076939724,9697.3828125,675166
2023-12-20,9706.966868215695,9804.74323738791,9543.50645494011,9571.87109375,501448
2023-12-21,9565.62654815288,9666.307163577221,9511.268318494784,9636.732421875,216730
2023-12-22,9668.24287312152,9679.859866660867,9585.955835551145,9650.8173828125,226940
2023-12-26,9656.62756608817,9733.88039753817,9651.883581407068,9698.884765625,226114
2023-12-27,9778.55734278925,10135.828154713123,9717.37431327332,10103.009765625,658122
2023-12-28,10157.125695977466,10163.854061150994,9998.456531928865,10093.5224609375,421406
2023-12-29,10087.472358892162,10190.040934538823,10030.839507412918,10167.8232421875,243089
2024-01-01,10167.822979661303,10184.232174001338,10082.195857522685,10130.01953125,97677
2024-01-02,10155.093535272401,10155.093535272401,9781.606383471002,9878.99609375,337528
2024-01-03,9879.043873820809,9918.009210151564,9767.568750856308,9788.818359375,179575
2024-01-04,9835.722073435263,9840.126661466233,9681.796895317526,9695.15625,313755
2024-01-05,9777.637941448465,9777.637941448465,9675.989230175981,9696.3671875,163191
2024-01-08,9756.338832438409,9758.274998112638,9608.270373423089,9617.4189453125,176843
2024-01-09,9670.759934284253,9697.237567123046,9555.171410735322,9583.1484375,242925
2024-01-10,9583.005035265767,9590.555893298148,9419.44722959507,9464.1728515625,374333
2024-01-11,9525.839469519033,9627.53639083247,9408.943457335788,9603.818359375,375210
2024-01-12,9661.41878967947,9661.41878967947,9481.451806694253,9495.392578125,376816
2024-01-15,9563.690630138406,9677.730602637846,9506.573741062773,9636.8291015625,273931
2024-01-16,9636.249483109284,9726.135606988835,9564.998010650565,9651.3994140625,146779
2024-01-17,9641.138219562821,9725.457867404402,9511.415102641302,9540.119140625,252817
2024-01-18,9539.488409092346,9616.015169347816,9458.169449648083,9576.517578125,278338
2024-01-19,9679.860450646573,9805.420985804749,9530.775691230674,9771.5380859375,567616
2024-01-23,9680.8296539645,9763.116706023198,9501.734305366157,9517.2236328125,580285
2024-01-24,9550.138401012211,9712.388726961206,9423.900004862713,9671.6328125,272419
2024-01-25,9665.91951325983,9727.490148910641,9565.820315180028,9651.15625,296269
2024-01-29,9680.92533890302,9971.253776034451,9670.664038417102,9946.1318359375,334463
2024-01-30,9961.3304413938,9990.614947416994,9624.679632482535,9645.58984375,368827
2024-01-31,9642.105310676812,9861.03762819257,9587.070178100046,9842.8369140625,341574
2024-02-01,9845.35549845276,9906.634960806303,9584.069529117416,9605.609375,401503
2024-02-02,9680.829017548254,9841.434349106763,9673.37459012605,9776.2333984375,334386
2024-02-05,9729.23329251664,9805.033995657253,9563.158857582275,9599.8486328125,162473
2024-02-06,9661.467735414852,9753.435614659784,9603.672994852759,9728.0234375,250870
2024-02-07,9791.191250786864,9959.25007780412,9758.566665311922,9900.1005859375,250184
2024-02-08,9961.573354051743,9966.413768703858,9632.909199173166,9678.5546875,320905
2024-02-09,9753.240467381058,9753.240467381058,9537.551807226077,9628.3095703125,400823
2024-02-12,9633.393519953284,9697.722821623776,9590.701439641196,9645.8330078125,191687
2024-02-13,9678.699117403765,9685.379267632481,9516.835465958966,9537.9404296875,276453
2024-02-14,9489.196548145099,9511.268648598572,9394.227996341733,9475.4013671875,417802
2024-02-15,9521.96682160331,9525.113090977866,9396.212476752125,9501.0556640625,415090
2024-02-16,9559.867110993224,9630.488949535998,9536.681335832764,9599.7041015625,250550
2024-02-19,9631.408264826923,9631.408264826923,9569.499176171488,9586.150390625,109778
2024-02-20,9586.150808316748,9680.82912811098,9540.45710575337,9660.451171875,320905
2024-02-21,9652.027879773801,9792.157870054612,9603.381717344711,9650.2373046875,322960
2024-02-22,9680.82900558799,9701.062316367052,9489.438827068823,9643.267578125,363840
2024-02-23,9643.268089605626,9707.935841714252,9578.26094122773,9681.701171875,304238
2024-02-26,9679.909047641726,9729.184844978834,9584.94049413837,9613.111328125,162530
2024-02-27,9613.112276576096,9827.010401645703,9566.063821562399,9633.490234375,214186
2024-02-28,9642.105951543728,9671.100224281938,9468.72267750017,9492.0048828125,300668
2024-02-29,9472.691576492292,9617.904017624009,9395.874573291012,9576.6640625,328848
2024-03-01,9584.021344762838,9858.811315970172,9576.664292392954,9812.0048828125,352952
2024-03-04,9832.818175919432,9841.530922161755,9648.108144660879,9659.9189453125,221282
2024-03-05,9659.918655228033,9710.74300678201,9516.254776678079,9524.337890625,310715
2024-03-06,9583.923773601344,9597.815384325144,9227.765715347834,9333.3349609375,534825
2024-03-07,9333.336078967937,9404.926003295608,9263.68232056992,9364.412109375,585012
2024-03-11,9384.643407523756,9511.026435112663,9364.169022385084,9388.37109375,319303
2024-03-12,9418.429773661555,9418.429773661555,9269.78084205273,9308.6005859375,235430
2024-03-13,9317.507723142666,9344.904280270506,9196.787595832364,9287.3515625,415925
2024-03-14,9153.224289672262,9398.149275953287,9152.256206722535,9387.4521484375,347822
2024-03-15,9371.04225091673,9439.679705064806,9239.18917396874,9325.494140625,379648
2024-03-18,9317.797717278014,9365.039972729526,9264.553158893568,9304.5830078125,226448
2024-03-19,9285.221161692107,9300.807862975145,9134.007375265257,9151.529296875,316008
2024-03-20,9230.67004737042,9230.67004737042,9143.542590184963,9181.830078125,171219
2024-03-21,9220.989983082376,9332.029285133205,9201.53189418886,9294.322265625,215837
2024-03-22,9303.276382191365,9440.550344100686,9274.23389608671,9372.736328125,224511
2024-03-26,9323.703569288235,9380.530229041637,9264.554077629226,9294.2744140625,397803
2024-03-27,9322.638605668344,9398.14907412547,9265.56992792878,9316.2978515625,267937
2024-03-28,9371.042043928106,9539.44024576932,9333.819069044772,9437.9853515625,506387
2024-04-01,9437.985559780489,9677.972737786256,9437.985559780489,9636.6845703125,387442
2024-04-02,9574.436289415333,9762.34174711519,9530.77612888175,9717.76171875,307109
2024-04-03,9874.44579379739,9949.666025834718,9663.549307623529,9682.6689453125,481855
2024-04-04,9756.339244967068,9757.210897714687,9584.020492674537,9685.765625,346378
2024-04-05,9681.796874673812,9700.04485878897,9489.342187371622,9510.05859375,280079
2024-04-08,9538.472628101392,9583.052656705424,9488.180532212331,9548.927734375,215228
2024-04-09,9584.019938802092,9674.82591843651,9447.616691010679,9457.3466796875,275924
2024-04-10,9496.893114999604,9543.361093543945,9395.292626999488,9504.4921875,186223
2024-04-12,9477.483723495356,9535.616914693544,9303.277010173093,9344.46875,440963
2024-04-15,9310.924722482654,9310.924722482654,9183.814683849529,9202.837890625,220692
2024-04-16,9147.318320427303,9191.898346108175,9052.542632281666,9161.7421875,547648
2024-04-18,9167.745510586248,9222.73243291212,9042.669004721092,9083.2802734375,584270
2024-04-19,9027.373060018135,9099.979277659033,8954.76684237724,9065.080078125,415558
2024-04-22,9201.628082651068,9283.915130207653,9154.288450075834,9259.955078125,277781
2024-04-23,9235.510925386343,9317.797972415467,9218.085433074293,9229.2666015625,317450
2024-04-24,9272.298256476664,9377.625489647358,9238.22154843493,9350.5673828125,317929
2024-04-25,9313.10218668,9396.211717439008,9254.9198427885,9374.671875,398260
2024-04-26,9416.541975102586,9464.94611808142,9338.998916207858,9391.275390625,265782
2024-04-29,9453.329734602416,9691.47813344647,9432.08012538296,9646.4140625,808505
2024-04-30,9836.012561159429,9855.08398348711,9595.00813262208,9653.5771484375,777837
2024-05-02,9653.576312651156,9724.391949254297,9629.035791265094,9664.806640625,318855
2024-05-03,9663.402723527344,9709.870698956047,9467.220361606936,9502.9912109375,517348
2024-05-06,9559.818158953673,9612.09463293681,9435.081061690156,9464.849609375,238521
2024-05-07,9486.244298460339,9630.488649972798,9322.638289026743,9373.3662109375,214305
2024-05-08,9366.153459230325,9366.153459230325,9198.14286788794,9215.568359375,392065
2024-05-09,9220.021457268966,9254.872441357762,9107.772056937616,9144.607421875,328724
2024-05-10,9160.773981282538,9215.132210146425,9115.516109144863,9188.751953125,205200
2024-05-13,9212.228397656241,9272.29775080321,9126.213667217127,9246.6435546875,215387
2024-05-14,9230.717802222014,9389.919209298432,9225.780958051673,9352.3095703125,171935
2024-05-15,9381.692052220666,9383.773808761347,9254.87318328651,9307.24609375,161067
2024-05-16,9323.21838633527,9415.28363329047,9221.473256201545,9399.212890625,368451
2024-05-17,9429.127819317244,9584.021089449765,9376.125278443771,9574.6787109375,283850
2024-05-21,9512.382628053741,9536.342679961366,9450.473537177366,9476.951171875,346947
2024-05-22,9554.977699098903,9632.424326852492,9508.75174315848,9579.0341796875,280237
2024-05-23,9589.00690730102,9874.30018733487,9540.457170735473,9845.935546875,521622
2024-05-24,9840.562831845229,10038.051746522695,9799.46752302115,9904.552734375,519418
2024-05-27,9949.906992277862,10023.481286474967,9852.808474672725,9899.130859375,389326
2024-05-28,9936.403008904948,10035.001875336118,9822.605051676474,9854.01953125,403774
2024-05-29,9853.100435128918,9853.100435128918,9643.074641839086,9703.4833984375,317883
2024-05-30,9701.15844470775,9705.030776189522,9516.254616453167,9553.8642578125,323424
2024-05-31,9614.999735656926,9758.27601041299,9438.905071160825,9599.0263671875,791072
2024-06-03,9971.25463247054,10184.039081082807,9890.27411353583,10135.876953125,732632
2024-06-04,10140.667230091472,10163.417175667335,9230.621191996159,9601.7353515625,972018
2024-06-05,9671.100264737704,9748.59511427847,9429.127747077686,9717.712890625,361720
2024-06-06,9675.988631415905,9851.695678599695,9614.12775565497,9734.025390625,483566
2024-06-07,9646.945446846288,10169.710177533392,9646.945446846288,10129.1962890625,545284
2024-06-10,10160.029584848748,10559.799589750517,10129.196524008741,10480.70703125,705256
2024-06-11,10555.92715711312,10638.262414238,10480.706930762048,10584.58203125,650137
2024-06-12,10524.513642767935,10745.672378660813,10524.513642767935,10692.2822265625,439143
2024-06-13,10890.93314866818,10938.369213049045,10645.1856708443,10817.1650390625,602322
2024-06-14,10813.485670125507,10911.26204010605,10791.509999872977,10883.9619140625,305318
2024-06-18,10890.933743793972,10909.665771675876,10698.914859010813,10764.1630859375,322724
2024-06-19,10794.12410542866,10820.940190267023,10618.175042095776,10644.603515625,659266
2024-06-20,10657.527718709349,10817.261389756508,10528.288657589374,10555.201171875,445369
2024-06-21,10535.161570283208,10611.591900044072,10272.859334113487,10322.0869140625,586745
2024-06-24,10375.428508671543,10498.859078753709,10256.499902243873,10441.7421875,276148
2024-06-25,10457.183813825235,10656.608901582333,10455.683474331006,10500.021484375,562075
2024-06-26,10559.558185321464,10901.58168960366,10555.008006549037,10787.4443359375,793197
2024-06-27,10910.29447650885,11495.936426329694,10909.32639359168,11342.7373046875,2339734
2024-06-28,11326.473770728322,11403.048751792152,11103.76553794272,11295.4951171875,684790
2024-07-01,11296.559362962313,11647.585844433874,11295.494849929426,11524.6884765625,520339
2024-07-02,11562.78212110365,11692.505229294198,11423.37818394366,11475.6064453125,422173
2024-07-03,11476.864938907776,11519.218566294563,11386.542992325047,11493.1767578125,206171
2024-07-04,11505.665272496737,11555.859992730515,11347.431933330574,11384.703125,227230
2024-07-05,11420.037628352256,11447.143948326153,11249.364809881014,11317.0341796875,425987
2024-07-08,11320.761641832949,11340.897577446414,11161.996043298606,11213.2080078125,149210
2024-07-09,11213.25619621993,11386.301017381767,11117.900029034246,11307.0146484375,530901
2024-07-10,11315.921486280406,11365.099910556402,11103.911322408781,11262.9189453125,202406
2024-07-11,11228.793275659977,11268.484673565146,11131.984988086393,11186.1494140625,366819
2024-07-12,11185.230065261005,11307.208513263677,11103.959314993226,11231.98828125,366274
2024-07-15,11377.782380603747,11518.250837249243,11289.686832932735,11455.955078125,394470
2024-07-16,11527.010892062184,11527.010892062184,11260.643458913935,11286.587890625,556056
2024-07-18,11278.165157514382,11310.93438369881,11108.750659440131,11275.5029296875,731274
2024-07-19,11273.325628514172,11273.325628514172,10870.264682031642,10898.9677734375,514154
2024-07-22,10929.559415907896,11200.719055684593,10872.829191224711,11148.15234375,573833
2024-07-23,11278.117224731277,11360.840095082975,10967.507268537402,11177.291015625,525157
2024-07-24,11171.676419444893,11191.764139176565,10993.210718925955,11087.8408203125,268139
2024-07-25,11053.570364735831,11110.493449211746,10930.623838520954,11076.3203125,254683
2024-07-26,11076.32009399489,11367.664821140066,11031.8847123577,11300.4794921875,333210
2024-07-29,11307.207993307877,11558.909541104113,11300.47962824002,11494.822265625,496437
2024-07-30,11547.603751921557,11547.603751921557,11339.692350248826,11497.4033203125,438108
2024-07-31,11509.575584722686,11603.111175336064,11442.770697997885,11576.0390625,322531
2024-08-01,11576.040089914202,11717.341562721755,11494.530836216833,11670.79296875,250126
2024-08-02,11523.307198790892,11636.222274988446,11393.74011359652,11456.5517578125,273420
2024-08-05,11393.739325362938,11393.739325362938,11054.069748324742,11118.390625,400844
2024-08-06,11150.235186134743,11272.79054390293,10977.040034420734,11028.84765625,368949
2024-08-07,11198.000739832882,11286.570211473661,11131.00184742563,11241.0439453125,230210
2024-08-08,11198.973958795967,11222.54068550053,10934.824246941758,10963.30859375,290349
2024-08-09,11149.30909830811,11149.30909830811,10937.064003053007,11004.5498046875,189230
2024-08-12,10994.472094547507,11081.921292663763,10917.734959588028,11006.9853515625,200411
2024-08-13,11066.534729648789,11066.534729648789,10940.570989379963,10976.1640625,189972
2024-08-14,10906.827949573708,10906.827949573708,10676.128681561771,10714.5947265625,404673
2024-08-16,10751.015507577422,11028.555310082817,10663.566314391484,11000.0224609375,435631
2024-08-19,11023.686864790103,11167.909808124708,10976.699860264827,11019.158203125,244264
2024-08-20,11067.508690560297,11223.320515504392,10982.250597798682,11052.609375,421084
2024-08-21,10978.891228575549,11016.43195170371,10869.38453503572,10907.705078125,456794
2024-08-22,10965.256977352048,11079.584282187272,10911.696663519511,11013.3642578125,305457
2024-08-23,11018.817724603652,11082.116279804646,10911.16167976564,11044.916015625,258730
2024-08-26,11043.162360164662,11063.56415983954,10976.358425052495,11040.337890625,234215
2024-08-27,11090.976670132066,11150.282922144104,10991.014223967071,11004.5498046875,184428
2024-08-28,10984.733828301867,11021.349227329572,10917.539977756403,10940.716796875,201101
2024-08-29,10936.042544430025,10962.043833110532,10824.442704385496,10928.251953125,406261
2024-08-30,10931.22161070878,11063.5161560931,10928.251638059348,11006.060546875,462185
2024-09-02,11028.555434359127,11164.890777477032,11028.555434359127,11125.8408203125,248673
2024-09-03,11135.189402837917,11202.918664994173,11063.613346070364,11160.80078125,181723
2024-09-04,11093.802029130284,11332.827299039714,11083.917336002467,11277.3193359375,198185
2024-09-05,11326.010337049207,11513.276482308225,11212.80330898312,11240.5087890625,406821
2024-09-06,11198.974685574856,11223.32028271741,11023.686386148467,11133.58203125,245248
2024-09-09,11101.59274929071,11216.942383451527,11012.000948156083,11193.47265625,154665
2024-09-10,11237.830868421026,11334.774848021692,11160.508869917883,11238.9501953125,237496
2024-09-11,11267.14288155323,11307.069662723818,11160.217204130526,11186.75390625,141341
2024-09-12,11206.618376113118,11427.8228433357,11142.735912156617,11403.720703125,455934
2024-09-13,11388.870278313161,11454.70039221111,11320.897561678914,11411.2197265625,279660
2024-09-16,11369.393446140328,11489.125278670315,11300.251952806197,11337.890625,257856
2024-09-17,11298.840119981549,11411.852191568556,11272.011462165747,11340.8125,202725
2024-09-18,11377.184084573337,11455.381949837822,11233.885524078814,11326.4482421875,185067
2024-09-19,11326.448100211539,11432.838354911468,11237.927132605892,11323.13671875,227247
2024-09-20,11354.787136222538,11533.873739122628,11276.491311075366,11489.466796875,608787
2024-09-23,11525.20555444754,11683.93884598746,11491.17021983456,11648.9296875,279318
2024-09-24,11635.345074339477,11656.52574437409,11433.033157112292,11453.7763671875,242038
2024-09-25,11501.834040736401,11545.266206117225,11374.263110304051,11506.9951171875,196686
2024-09-26,11525.205088242723,11763.79192783879,11459.763936324976,11749.1845703125,277079
2024-09-27,11749.18470801293,11820.273848807372,11612.605913541416,11639.4345703125,404276
2024-09-30,11611.876834964412,11611.876834964412,11465.851742768204,11493.0703125,405493
2024-10-01,11493.069514658646,11576.52641197659,11345.291739802737,11527.2998046875,324906
2024-10-03,11322.747836832881,11617.719485648868,11309.114301812002,11417.890625,304610
2024-10-04,11393.738869989193,11519.508598684779,11082.115242775813,11150.5263671875,357277
2024-10-07,11191.135714350758,11228.14102240707,10899.134048469634,10936.3828125,374655
2024-10-08,10937.016135771153,11174.62916552168,10937.016135771153,11091.6591796875,447220
2024-10-09,11105.53638980214,11209.687047356374,11036.346391077212,11053.0478515625,286382
2024-10-10,11140.496705578718,11159.047860325001,11056.357941800454,11130.85546875,180542
2024-10-11,11092.584830344997,11168.104685233637,11062.834699752493,11122.3349609375,120279
2024-10-14,11101.543884508766,11130.758601312724,10945.780562549027,11004.501953125,144163
2024-10-15,11101.592776470874,11133.680465090572,10994.472144417208,11118.05078125,182286
2024-10-16,11044.137455941784,11113.278956635892,10938.964468970467,11025.9267578125,276811
2024-10-17,11053.875390753978,11066.486600803339,10647.839314361156,10728.91015625,353330
2024-10-18,10728.909984751625,10848.349867838984,10615.654454099233,10779.548828125,330703
2024-10-21,10760.754352833826,10874.351293890635,10489.447388193117,10584.7841796875,566667
2024-10-22,10469.580617384609,10790.747545370237,10458.86855461917,10541.7900390625,793887
2024-10-23,10538.673014334254,10559.805181699494,10392.64794045076,10471.576171875,351717
2024-10-24,10471.576183173998,10794.83719492148,10437.833757941331,10754.5205078125,341400
2024-10-25,10774.095608628742,10824.052584202002,10663.371641656493,10707.388671875,519646
2024-10-28,10712.062571277196,10906.193979384894,10614.290274317591,10802.23828125,229113
2024-10-29,10784.126204280068,10845.428610893223,10631.284348217543,10821.228515625,266761
2024-10-30,10824.052791165992,10936.04254114207,10723.165014196205,10911.7939453125,239933
2024-10-31,10864.758597525191,10956.395999647175,10753.499213875972,10775.9951171875,423687
2024-11-01,10789.919977007452,10878.87840711882,10788.556243189705,10854.0458984375,19032
2024-11-04,10855.215179461124,10864.709962631461,10643.943890922208,10713.8642578125,276984
2024-11-05,10696.140801740803,10895.189827779715,10686.01265321442,10883.7958984375,274422
2024-11-06,10931.173965910397,11010.93052874317,10821.131858280296,10979.28125,282486
2024-11-07,10947.290116178963,10950.601497912528,10713.13396401921,10761.533203125,326254
2024-11-08,10740.400353745234,10847.764434308427,10673.791372322274,10754.27734375,155894
2024-11-11,10726.66979548487,10819.134560998622,10610.833257379958,10683.2861328125,107472
2024-11-12,10683.334822638964,10784.855961626257,10556.25080692825,10606.8896484375,166347
2024-11-13,10520.511170338632,10588.873795860201,10468.60654853517,10499.9638671875,216900
2024-11-14,10445.235362075895,10548.947609517727,10266.53867282166,10447.669921875,297442
2024-11-18,10353.792827893738,10485.015599953593,10303.446892474785,10352.625,424186
2024-11-19,10404.383560267795,10585.466313578168,10378.918634630409,10487.6455078125,220357
2024-11-21,10278.711607551806,10717.75974712007,10278.711607551806,10668.0947265625,256924
2024-11-22,10711.089311090445,11111.233940779173,10645.502650386501,11077.5390625,328426
2024-11-25,11150.283884095952,11384.001624897965,11137.867629115846,11157.5390625,465057
2024-11-26,11157.539083649248,11196.345586535172,10815.28847611358,10829.9443359375,243711
2024-11-27,10732.122834135924,10896.066651307454,10673.109488713239,10848.30078125,330284
2024-11-28,10881.508869449828,10897.090052724501,10670.772985259893,10709.9208984375,326140
2024-11-29,10629.287959325611,10938.963962171745,10629.287959325611,10908.921875,367574
2024-12-02,10913.35204974358,11471.645078874575,10913.35204974358,11343.6357421875,633694
2024-12-03,11369.150814637724,11622.58848992066,11320.65457360201,11542.1015625,501811
2024-12-04,11555.589492861744,11608.321487087867,11440.531817278023,11458.791015625,306770
2024-12-05,11437.56137949276,11687.785613665546,11415.99080032263,11620.4453125,436371
2024-12-06,11626.483602470118,11643.379066822887,11508.650909958276,11538.3525390625,193324
2024-12-09,11547.993471427619,11578.765925615508,11411.268218365225,11505.5341796875,268177
2024-12-10,11437.561951375737,11498.0360364658,11388.870755329013,11438.3408203125,232758
2024-12-11,11540.786336316027,11749.184638229084,11506.020635002526,11587.04296875,527029
2024-12-12,11631.352231850435,11631.352231850435,11482.260178668977,11546.5810546875,247809
2024-12-13,11491.121839055937,11801.28474632198,11422.954167129334,11767.5908203125,408880
2024-12-16,11734.577667894337,11827.431393771045,11560.263194653417,11629.8916015625,214946
2024-12-17,11618.352105435442,11660.713443672592,11377.37919921748,11466.7275390625,244639
2024-12-18,11466.776188675596,11544.68209908698,11393.739397664924,11456.015625,222900
2024-12-19,11333.362477416971,11452.16899247496,11269.138601413104,11365.3037109375,162249
2024-12-20,11359.508795379003,11440.482629185206,11099.303822563099,11123.794921875,299802
2024-12-23,11218.450646079116,11279.266135137388,11077.246189162322,11172.291015625,149350
2024-12-24,11170.734594920761,11283.74667477051,11062.640135846905,11092.1953125,108000
2024-12-26,11092.194692384752,11490.14821000117,11037.807007903913,11160.6552734375,144283
2024-12-27,11190.794234775825,11252.535049806482,11086.984988493881,11107.970703125,118410
2024-12-30,11120.53412515436,11206.425587969317,10945.489269683383,10992.865234375,164726
2024-12-31,10974.995935244931,11164.891605819266,10901.033815916117,11127.2529296875,241737
2025-01-01,11112.303670414465,11219.32728921406,11009.078344933443,11147.361328125,107951
2025-01-02,11198.97428532524,11519.508786248209,11155.20071302741,11488.8818359375,267609
2025-01-03,11490.147991724822,11551.15843837459,11406.399137814462,11477.48828125,237651
2025-01-06,11493.020404070694,11544.438112378377,11150.47786997853,11202.4794921875,139820
2025-01-07,11213.53409586589,11330.587922899824,11184.514332840823,11314.421875,197212
2025-01-08,11314.421951861039,11325.523925180914,11072.378201689013,11105.0498046875,159583
2025-01-09,11105.049689978176,11133.193581963325,10890.273012354255,10965.0625,196555
2025-01-10,10909.992982698579,10991.79419311044,10553.865380026955,10580.7919921875,228618
2025-01-13,10419.91568654545,10546.512793017499,10316.10643963833,10337.287109375,225902
2025-01-14,10293.318482100274,10452.051775627458,10188.14550233993,10209.326171875,344404
2025-01-15,10264.103662741538,10364.797432015064,10192.771063757116,10246.234375,371459
2025-01-16,10312.795277661811,10524.698981531834,10273.842320994532,10357.7861328125,375910
2025-01-17,10357.786714578982,10443.23976806747,10225.248701474347,10303.0576171875,297759
2025-01-20,10310.263763918803,10373.951277766602,10209.813446045047,10346.34375,332061
2025-01-21,10398.004875946865,10680.949224890534,10363.482627881995,10388.55859375,593842
2025-01-22,10419.915500803623,10515.15528592875,10329.10642412606,10413.8291015625,249552
2025-01-23,10410.177986288501,11268.555293982785,10410.129485291174,11121.9462890625,1510866
2025-01-24,10956.493279748302,11305.804121396672,10928.642295131769,10990.4306640625,545939
2025-01-27,10965.257335666067,11062.639727634682,10858.13670450059,10945.2939453125,414994
2025-01-28,10921.435079276682,11112.888478331539,10776.335317634932,11000.6552734375,436707
2025-01-29,11000.655153216137,11271.963060404038,10966.084405014872,11242.650390625,377755
2025-01-30,11242.650073699813,11308.52963860366,11150.283260453125,11178.9140625,274820
2025-01-31,11187.922685167176,11295.383775551938,11093.948675826648,11186.75390625,361656
2025-02-01,11242.69986548891,11478.462250062232,10515.59387390638,10964.4296875,513602
2025-02-03,10829.165201114374,10987.460085525228,10664.73541634645,10882.1416015625,450593
2025-02-04,10906.92474553248,11245.5720087304,10821.277693828433,11217.6240234375,314752
2025-02-05,11217.574398904777,11328.346866471333,11133.728542315896,11282.431640625,236897
2025-02-06,11274.154861076035,11315.395925093668,11031.185784755027,11176.91796875,308664
2025-02-07,11200.046092151057,11425.876243354222,11174.678168813212,11335.89453125,310549
2025-02-10,11218.450867658983,11309.698353544689,11189.236151857787,11230.4287109375,262455
2025-02-11,11196.052637514631,11214.165380456243,10946.023367732785,11004.404296875,301338
2025-02-12,11004.20955141678,11295.382883794975,10784.709274300965,11178.037109375,347198
2025-02-13,11198.97467472797,11344.951255453292,11123.2113666937,11244.208984375,336128
2025-02-14,11285.645078081827,11285.645078081827,10889.298754259296,10969.005859375,279199
2025-02-17,10925.329743201135,11208.615480789525,10754.326656009836,11189.3330078125,166053
2025-02-18,11150.283118402489,11160.605270845783,10956.492171628506,11012.876953125,268795
2025-02-19,10994.472208415673,11160.022277098637,10937.01659634335,10995.9814453125,157580
2025-02-20,10995.543149427676,11033.42528123454,10950.845201015403,10992.134765625,142187
2025-02-21,10970.125810238998,10994.47140679967,10702.324248071602,10865.1962890625,320240
2025-02-24,10720.48666767265,10877.612770760812,10687.765614610986,10753.5966796875,175294
2025-02-25,10753.597524554985,10764.893502082872,10557.225542762324,10677.15234375,296499
2025-02-27,10517.298353379021,10517.298353379021,9995.71864136512,10174.171875,1722295
2025-02-28,10215.41299921622,10215.41299921622,9784.83636928303,9863.3271484375,1230856
2025-03-03,10049.131474337612,10343.761681459238,10013.976814766265,10070.1171875,835344
2025-03-04,9981.694525897115,10181.133461443847,9971.956287335264,10098.650390625,352922
2025-03-05,10115.985513724223,10231.772603031708,10025.760350393888,10190.2880859375,310832
2025-03-06,10263.908165418989,10264.103120384047,10047.135362270772,10218.8203125,365920
2025-03-07,10226.124884532452,10331.881780816633,10173.246436390362,10305.39453125,302339
2025-03-10,10311.821457659826,10366.939510964981,10202.753178950043,10244.724609375,165649
2025-03-11,10138.480685592385,10233.477017424826,10085.163826737695,10165.9912109375,180753
2025-03-12,10205.674711242758,10273.647430856203,10090.763488348995,10245.017578125,299765
2025-03-13,10244.626926221275,10244.626926221275,10108.388588884227,10178.50390625,219474
2025-03-17,10270.433664190485,10300.475750821322,10174.512010947914,10271.017578125,212061
2025-03-18,10271.017578125,10271.017578125,10271.017578125,10271.017578125,0
2025-03-19,10429.65339656981,10658.599002494198,10419.915158104292,10647.0595703125,269175
2025-03-20,10645.015306508512,10945.780432018608,10532.87910611328,10661.5703125,549251
2025-03-21,10730.564955918902,10774.387028976018,10600.705926492925,10689.4208984375,656565
2025-03-24,10730.517030852627,10787.972640833479,10569.738134696101,10761.9228515625,294688
2025-03-25,10945.781191416148,11178.378661333762,10911.405396201815,11122.23828125,754457
2025-03-26,11083.089415583581,11186.314745348265,11004.209682461513,11103.63671875,401569
2025-03-27,11102.078847936393,11325.522921444905,11052.90074330758,11295.966796875,406112
2025-03-28,11282.23652772549,11392.765537772259,11158.707349319868,11208.2744140625,280960
2025-04-01,11052.901322532312,11262.90682806039,11040.38806575214,11080.8017578125,263144
2025-04-02,11062.6396433704,11062.6396433704,10885.50069332879,10956.4443359375,376468
2025-04-03,10896.115696484641,11345.097018650755,10863.005683643414,11302.7841796875,361884
2025-04-04,11295.383000620488,11309.503446651093,11122.042352796498,11197.66015625,222191
2025-04-07,10906.827962309202,11004.258855826096,10726.719037142335,10898.6474609375,484513
2025-04-08,11021.495273305703,11240.605647407781,10946.559335162816,10975.43359375,602120
2025-04-09,10993.351788129974,11123.99064750772,10887.351434748867,11098.7197265625,230611
2025-04-11,11532.3628761958,11532.3628761958,11154.227252766208,11201.5556640625,351037
2025-04-15,11441.45690425271,11441.45690425271,11277.854490437538,11412.2421875,345260
2025-04-16,11361.603577326297,11517.415403191748,11361.603577326297,11421.0068359375,268150
2025-04-17,11361.603717485663,11609.92881802212,11296.357514599613,11589.478515625,290473
2025-04-21,11506.703039241873,11793.007261782252,11472.61920322516,11621.6142578125,230595
2025-04-22,11621.614363561177,11702.441746850567,11539.813156376735,11645.9599609375,334667
2025-04-23,11724.840637814881,11724.840637814881,11516.442307541427,11636.22265625,267716
2025-04-24,11566.106273998426,11868.965502020108,11559.289506808227,11840.724609375,339743
2025-04-25,11830.986117202823,11981.928816039472,11549.551020662235,11916.6826171875,412558
2025-04-28,11911.813560240218,12016.012714176262,11686.860246602588,11796.90234375,516745
2025-04-29,11881.625956075175,11902.076258925563,11491.122554027299,11558.31640625,516495
2025-04-30,11558.316032017088,11612.85017118576,11198.975007852096,11336.2841796875,630392
2025-05-02,11336.284648837778,11442.43145982681,11180.472816193329,11309.017578125,189474
2025-05-05,11395.686777494377,11421.006197782775,11346.99558463207,11364.5244140625,145699
2025-05-06,11392.765794956786,11421.98051192821,11241.823090604423,11386.9228515625,273048
2025-05-07,11346.022099982978,11393.73947041463,11250.587359119676,11352.8388671875,217460
2025-05-08,11297.331181134334,11432.692704639003,11236.95409870779,11326.5458984375,388912
2025-05-09,11179.498732290565,11255.456998938533,11016.870135749405,11066.53515625,200270
2025-05-12,11286.618590767723,11458.985414802744,11262.272994152607,11428.796875,182795
2025-05-13,11393.739875104515,11440.483423310072,11263.247469697335,11355.7607421875,307678
2025-05-14,11370.36795188271,11433.66650591426,11319.72910865747,11366.47265625,179337
2025-05-15,11366.4722332426,11619.666439946086,11338.231340956443,11582.6611328125,371371
2025-05-16,11637.195120550714,11676.148074929126,11546.629501620906,11593.373046875,209706
2025-05-19,11592.400494593008,11677.123179659338,11569.028719402297,11616.74609375,128237
2025-05-20,11655.698464850764,11666.410527939857,11363.551289693673,11390.818359375,158934
2025-05-21,11390.81842441778,11598.24291996373,11329.467517284469,11360.6298828125,173017
2025-05-22,11360.630136651862,11393.740150765198,11215.530368919895,11374.263671875,175370
2025-05-23,11420.032502753598,11564.158435251895,11355.760127450303,11438.53515625,181463
2025-05-26,11491.122780365087,11572.923993377855,11340.18006587724,11383.0283203125,198003
2025-05-27,11370.368067868401,11415.163968101524,11077.247068516877,11122.04296875,478345
2025-05-28,11155.152794491207,11169.760153017385,10906.827699546182,10943.8330078125,201200
2025-05-29,10954.545981283693,11040.242491760444,10859.11123098004,10974.0224609375,350206
2025-05-30,10970.12574178677,11013.947815322535,10877.612475433485,10916.5654296875,394181
2025-06-02,10887.351625307057,10925.330758883709,10730.565971311133,10901.958984375,314936
2025-06-03,10984.7333342773,10996.419220803125,10712.062648674671,10746.146484375,349615
2025-06-04,10751.015986132512,10765.623344809323,10634.157116718028,10744.19921875,345047
2025-06-05,10749.067704249373,10887.350691566226,10714.983869347332,10866.900390625,191183
2025-06-06,10887.351284449147,11014.922216315232,10828.921850006664,10958.4404296875,143723
2025-06-09,10965.2578125,11021.739602297957,10873.718360068828,10965.2578125,209231
2025-06-10,11111.330779233605,11183.393748353963,11038.293986206216,11092.828125,279918
2025-06-11,11082.115786033997,11216.50348185761,11043.162830722806,11163.9169921875,237747
2025-06-12,11174.628646649795,11203.843362065872,10984.73299644529,11026.607421875,262530
2025-06-13,10820.157120414402,10955.518639605978,10729.591499660326,10930.19921875,181355
2025-06-16,10974.995096373425,11216.503417926273,10903.90595333569,11194.10546875,401104
2025-06-17,11198.97450213586,11207.738916963619,11062.639160370729,11085.037109375,121415
2025-06-18,11085.037596885686,11178.52469249326,11046.084640382529,11107.435546875,156816
2025-06-19,11101.592857240586,11184.367891702468,11055.823132302841,11121.0693359375,157757
2025-06-20,11121.068910641037,11223.32041988949,11072.377715760822,11158.07421875,629895
2025-06-23,11102.56699667411,11189.237329338262,11024.661079672625,11149.310546875,304907
2025-06-24,11256.43074806425,11514.494088166077,11212.608671443184,11275.9072265625,735700
2025-06-25,11330.441233043952,11462.881285273774,11329.467409130497,11425.8759765625,253134
2025-06-26,11384.001873208832,11672.25375981874,11375.237457737585,11638.169921875,506580
2025-06-27,11666.410550297327,11925.447712766365,11605.059643396764,11893.3115234375,501287
2025-06-30,11895.259647885141,11949.793789537336,11703.416328144382,11776.453125,333104
2025-07-01,11788.138140404253,11904.997006727965,11744.316065532863,11890.3896484375,207437
2025-07-02,11890.389438456146,12199.091604876343,11851.43648370281,12110.4736328125,445829
2025-07-03,12110.474058315858,12245.835580839652,12052.044624132925,12073.46875,275755
2025-07-04,12075.41626894091,12213.699261698135,12017.960659274175,12178.6416015625,191516
2025-07-07,12149.42639352977,12172.798166008506,11983.876338472053,12021.85546875,149939
2025-07-08,12021.855892489453,12167.929475630273,11982.902936985234,12119.23828125,219226
2025-07-09,12085.154549061654,12250.704611377567,12052.04453659847,12233.17578125,379924
2025-07-10,12190.327530604576,12335.427291114249,12155.269870347205,12188.3798828125,269323
2025-07-11,12188.3799894958,12306.21268194778,12126.055259603841,12167.9296875,240034
2025-07-14,12167.9295809957,12249.7307882629,12104.631027753227,12188.3798828125,278918
2025-07-15,12216.621500325573,12216.621500325573,12099.762625870486,12174.7470703125,154124
2025-07-16,12176.694316881474,12187.406380020126,12073.468981181744,12127.029296875,156311
2025-07-17,12138.714970363146,12219.542354441777,12106.578781512606,12167.9296875,166142
2025-07-18,12192.275689110258,12229.280998709793,12115.343598100695,12170.8515625,98339
2025-07-21,12231.228196807664,12381.1970775647,12050.096951217996,12247.783203125,512521
2025-07-22,12317.897987647568,12366.589180578421,11973.164341697116,12126.0546875,533617
2025-07-23,12133.845918139246,12187.406233187212,12034.515879323018,12048.1494140625,189617
2025-07-24,12048.149715031697,12074.442961257517,11909.866716362565,11981.9296875,180080
2025-07-25,12000.059001116071,12098.058666294643,11949.099175223215,12004.958984375,290381
2025-07-28,12028.479066297743,12120.598752808415,11965.759279737285,11995.1591796875,214107
2025-07-29,11955.959132845102,12016.718925159561,11879.519394126914,11976.5390625,208446
2025-07-30,11960.859816793436,12133.339237338758,11956.939829962861,12022.599609375,185681
2025-07-31,11956.939650924947,12082.379227625086,11911.859803048335,12003.9794921875,150379
2025-08-01,11937.339971856813,12043.1796169566,11833.460320184797,11870.7001953125,212570
2025-08-04,11914.799664381833,12044.159226456055,11889.31975063994,12011.8193359375,207875
2025-08-05,12083.358916814472,12130.39875687993,12016.719143388407,12051.9990234375,267535
2025-08-06,12051.99921434085,12142.158909227774,11963.799512821037,11981.439453125,192086
2025-08-07,11959.879253811721,12062.778903242255,11882.45951757351,12027.4990234375,202031
2025-08-08,12039.258907789108,12068.658807441829,11892.259409525504,11913.8193359375,201770
2025-08-11,11917.73921671894,12176.458331365251,11917.73921671894,12156.8583984375,218605
2025-08-12,12198.018522289693,12279.358245704976,12149.018688906992,12199.978515625,334100
2025-08-13,12235.25819529738,12266.618088148763,12140.198520091626,12152.9384765625,207359
2025-08-14,12164.698822162713,12179.39877240298,11980.459445818025,12070.619140625,235741
2025-08-18,12375.397685627204,12645.876760796124,12304.837926887485,12509.6572265625,808480
2025-08-19,12531.217518117614,12622.357209146388,12376.378043036471,12605.697265625,351252
2025-08-20,12592.957618219134,12671.357354363689,12509.657898565543,12616.4775390625,290957
2025-08-21,12632.157551324543,12647.837498634177,12534.157880639325,12612.5576171875,155457
2025-08-22,12606.676811104933,12606.676811104933,12311.697821665988,12337.177734375,226948
2025-08-25,12394.997750327226,12476.337473072099,12304.83805764616,12353.837890625,199190
2025-08-26,12329.337909521213,12514.557277210546,12230.35824742268,12357.7578125,290322
2025-08-28,12318.55792190994,12394.997660804847,12222.518249965058,12270.5380859375,283677
2025-08-29,12270.538596624061,12474.377908827382,12270.538596624061,12387.158203125,177858
2025-09-01,12386.178119639795,12594.917413846873,12383.238129580539,12569.4375,214241
2025-09-02,12532.19722788197,12590.997027199528,12433.217565697418,12475.357421875,214101
2025-09-03,12445.957960798221,12514.557729086086,12403.818103135676,12478.2978515625,140022
2025-09-04,12739.957331065727,12835.017012689832,12381.278532360338,12397.9384765625,305040
2025-09-05,12426.358216237799,12483.198025113335,12279.358710525206,12348.9384765625,153774
2025-09-08,12348.937944635138,12488.097470715464,12348.937944635138,12410.677734375,126448
2025-09-09,12444.97813601468,12453.798106344953,12282.298683256318,12320.5185546875,240234
2025-09-10,12372.45794786324,12373.437944532378,12171.558630690015,12228.3984375,175576
2025-09-11,12228.39885706252,12266.618728470232,12112.75924613662,12144.119140625,132660
2025-09-12,12148.038506719888,12229.378228892987,12096.098684127426,12122.55859375,153086
2025-09-15,12122.559004479543,12231.338636613515,12077.479156928528,12186.2587890625,179530
2025-09-16,12247.018705154833,12346.978368108006,12197.038873678248,12326.3984375,189043
2025-09-17,12424.398227616983,12543.95782564264,12361.678438488769,12466.5380859375,264319
2025-09-18,12475.358134535136,12493.978072049367,12310.718687040877,12373.4384765625,190079
2025-09-19,12349.918518710525,12391.078380461506,12234.27890712444,12257.798828125,571670
2025-09-22,12296.018349725173,12451.837821918232,12291.118366322875,12396.9580078125,499548
2025-09-23,12396.957642812324,12443.997482089399,12113.73861049827,12152.9384765625,403638
2025-09-24,12178.418984490134,12198.998915179302,11955.959733707221,11969.6796875,166517
2025-09-25,11965.759419110605,12029.459203078026,11877.559718232642,11898.1396484375,272540
2025-09-26,11897.15933584041,11954.979138213936,11750.159838280602,11828.5595703125,181541
2025-09-29,11857.95945071786,11903.039296563564,11722.719913180747,11800.1396484375,214806
2025-09-30,11800.140130566295,12015.73940211555,11800.140130566295,11977.51953125,279155
2025-10-01,12028.478971973182,12028.478971973182,11829.539650536766,11853.0595703125,129528
2025-10-03,11853.059825686152,11896.179679537347,11742.32020102286,11778.580078125,258411
2025-10-06,11778.580469965134,11857.960203559207,11751.14056205607,11813.8603515625,106362
2025-10-07,11817.779714462871,11965.759210016722,11784.459828046773,11940.279296875,225472
2025-10-08,11906.960102889667,11938.319997810859,11701.160792469353,11751.140625,173973
2025-10-09,11751.139814241666,11966.739076949792,11733.499874565545,11948.119140625,171737
2025-10-10,11936.359205467286,12077.478723167393,11868.739436569318,12035.3388671875,198464
2025-10-13,11980.459355038716,12003.979275244927,11906.959604394306,11928.51953125,87745
2025-10-14,11928.51922865317,12005.938964034667,11785.439717694957,11828.5595703125,129196
2025-10-15,11843.260005739912,12078.459211480715,11843.260005739912,12064.7392578125,142328
2025-10-16,12059.839001368042,12156.858671539943,12022.599127968724,12110.798828125,129372
2025-10-17,12053.958828061845,12142.15852680376,12013.778965301637,12122.55859375,182242
2025-10-20,12171.558817127005,12198.998724283168,11931.45962951057,12099.0390625,393365
2025-10-21,12123.539044617717,12168.618892330305,12025.53937567731,12095.119140625,14465
2025-10-23,12142.158754728025,12166.65867150512,11869.719680166734,11902.0595703125,370812
2025-10-24,11905.979821996534,11930.47973931894,11638.440724835857,11679.6005859375,318840
2025-10-27,11683.520464653559,11807.980043500313,11681.560471285893,11774.66015625,408073
2025-10-28,11784.460511630024,11807.000436101333,11628.64103376315,11692.3408203125,513095
2025-10-29,11701.160663128177,11818.760267782733,11660.980798204539,11758.98046875,394272
2025-10-30,11799.16043334647,11842.280288750726,11710.960729110491,11811.900390625,159943
2025-10-31,11811.900157417263,11859.91999544211,11678.620606980961,11708.0205078125,175191
2025-11-03,11688.420038000131,11744.279847018828,11647.260178723196,11710.9599609375,98394
2025-11-04,11720.76059007213,11720.76059007213,11549.261166722412,11582.5810546875,199364
2025-11-06,11563.961104770151,11745.260494972057,11562.001111362564,11671.7607421875,189652
2025-11-07,11633.540395352456,11711.940128452296,11597.280518793781,11611.98046875,148161
2025-11-10,11613.940962017316,11652.16083354872,11466.941456127297,11493.4013671875,197085
2025-11-11,11514.9611852537,11611.980858218816,11485.561284355179,11588.4609375,125847
2025-11-12,11623.740240191286,11709.9799452024,11594.340340755678,11682.5400390625,184542
2025-11-13,11682.540316712622,11775.640000471343,11668.820363316601,11695.2802734375,174415
2025-11-14,11702.140245691742,11702.140245691742,11550.24076172204,11636.48046875,161315
2025-11-17,11573.761262224858,11617.861114621142,11510.061475430224,11542.4013671875,194379
2025-11-18,11650.200690559066,11650.200690559066,11454.201351888827,11472.8212890625,318116
2025-11-19,11472.821466611707,11518.88131191202,11405.201693724017,11432.6416015625,271396
2025-11-20,11485.56147566047,11537.501301446306,11427.741669596991,11517.9013671875,185397
2025-11-21,11522.800762599647,11552.200662487212,11457.140986184084,11494.380859375,192051
2025-11-24,11503.200734849792,11503.200734849792,11329.741326938018,11352.28125,407297
2025-11-25,11367.961261334198,11414.02110437581,11307.201468385687,11348.361328125,200149
2025-11-26,11357.181810209202,11537.501203865126,11353.261823390594,11523.78125,187481
2025-11-27,11540.440561246449,11551.22052440658,11366.981154033421,11384.62109375,275290
2025-11-28,11387.56184839709,11407.16178273168,11325.82205524313,11367.9619140625,159990
2025-12-01,11387.561817695829,11780.540500044885,11324.842027994235,11428.7216796875,228729
2025-12-02,11467.921483069122,11478.701446862811,11358.161851715187,11432.6416015625,190930
2025-12-03,11465.961240469438,11467.921233843877,11289.561836769908,11359.1416015625,206293
2025-12-04,11348.36185005761,11398.34168203973,11293.482034547833,11375.8017578125,159687
2025-12-05,11397.361374776343,11431.661258535343,11329.741603937171,11365.021484375,226572
2025-12-08,11377.761879535854,11399.321807300694,11260.162273545819,11309.162109375,148186
2025-12-09,11269.961351602198,11294.461267583943,11151.381758250558,11185.681640625,274482
2025-12-10,11196.461708343228,11268.981460327246,11071.022137343847,11090.6220703125,272923
2025-12-11,11113.161927546418,11254.28144408669,11040.642175991,11242.521484375,196507
2025-12-12,11261.14174884242,11503.200926630609,11251.341782130348,11488.5009765625,389481
2025-12-15,11424.801597772159,11567.881116838442,11424.801597772159,11493.4013671875,178073
2025-12-16,11465.96079077843,11465.96079077843,11279.761427509378,11297.4013671875,179690
2025-12-17,11274.862224294573,11359.141941920765,11265.062257128737,11309.162109375,205337
2025-12-18,11314.061910364497,11333.661844379852,11183.722349162377,11231.7421875,103462
2025-12-19,11272.90196904426,11298.381883083654,11213.122170721066,11266.0419921875,152956
2025-12-22,11266.0414099083,11317.001235353257,11202.341628102102,11301.3212890625,170807
2025-12-23,11318.961790633297,11514.96112899924,11299.361856796702,11444.4013671875,161830
2025-12-24,11480.660827906511,11554.160577124863,11437.540975031745,11528.6806640625,182050
2025-12-26,11530.64114714712,11617.860853257616,11508.101223096093,11558.0810546875,193121
2025-12-29,11542.400539108186,11583.560398391814,11496.34069657651,11562.98046875,197600
2025-12-30,11573.760981217962,11574.740977914085,11417.941506534335,11470.861328125,236323
2025-12-31,11447.34158870078,11558.081217116429,11446.361591989138,11548.28125,172267
2026-01-01,11556.120792107806,11676.660383138103,11548.280818707462,11662.9404296875,71887
2026-01-02,11664.900455461067,11730.56023287146,11584.54072788417,11660.98046875,206244
2026-01-05,11692.340246348738,11871.679636599498,11622.760482918115,11845.2197265625,302803
2026-01-06,11857.960224682993,11980.459813780959,11824.640336448347,11959.8798828125,225766
2026-01-07,11985.359143202662,12004.959076388603,11836.399650989515,11940.279296875,246825
2026-01-08,11921.659350003109,11944.19927314738,11793.2797877466,11822.6796875,229175
2026-01-09,11816.800304790253,11823.660281746093,11614.92098294693,11698.220703125,263833
2026-01-12,11632.56075384361,11881.479914035377,11550.241031575468,11856.0,275484
2026-01-13,11808.960058236986,11954.979564351284,11697.240436109267,11803.080078125,290750
2026-01-14,11832.479975010201,12076.499149581803,11703.120412586699,12009.859375,408660
2026-01-15,12009.859375,12009.859375,12009.859375,12009.859375,0
2026-01-16,11563.960378292131,12156.858346840161,11563.960378292131,12130.3984375,454481
2026-01-19,12102.959356829919,12147.059208737395,11988.299741870476,12051.01953125,257602
2026-01-20,11980.459726575456,12150.979153358618,11755.060484275878,11817.7802734375,298026
2026-01-21,11817.780408452394,12034.35968287548,11744.280654688904,11986.33984375,209393
2026-01-22,12047.09894803904,12151.958590717002,11921.659375489704,12116.6787109375,286236
2026-01-23,12127.459081723335,12302.87848985493,12037.299385923858,12121.5791015625,356421
2026-01-27,12293.077885455557,12568.456942041415,12249.958033178767,12337.177734375,926373
2026-01-28,12387.15761337824,12534.157110372444,12309.737878294625,12511.6171875,456847
2026-01-29,12502.798029182148,12502.798029182148,12302.878700294144,12462.6181640625,285262
2026-01-30,12395.978273446117,12470.45802273712,12285.238646210808,12440.078125,296876
2026-02-02,12132.359298651276,12347.95857536398,11947.139920020816,12284.2587890625,259656
2026-02-03,12543.957505957109,12692.917001340349,12323.458252922706,12338.158203125,296810
2026-02-04,12347.958568005231,12582.177782112632,12333.258617329035,12549.837890625,159977
2026-02-05,12506.718083004678,12577.277846519513,12477.318181540162,12517.498046875,172331
2026-02-06,12470.457568121414,12519.457401394975,12369.517911577877,12467.517578125,124704
2026-02-09,12552.777856654875,12809.536994639384,12467.518142896659,12786.9970703125,235298
2026-02-10,12798.756948343796,12847.756783521221,12708.597251617331,12762.4970703125,167157
2026-02-11,12825.216758547425,12825.216758547425,12648.817353294997,12709.5771484375,92473
2026-02-12,12709.577151360667,12809.536814360034,12641.957379331683,12768.376953125,179716
2026-02-13,12751.717104089523,12764.457061233174,12615.497562322813,12703.697265625,178236
2026-02-16,12639.017192871432,12737.016860956037,12603.737312360974,12721.3369140625,81768
2026-02-17,12695.85743902351,12747.797264902958,12581.197823402841,12724.27734375,136174
2026-02-18,12726.237209664947,12833.056850497649,12726.237209664947,12790.9169921875,161603
2026-02-19,12778.177087002114,12797.777021179585,12384.21841003495,12434.1982421875,195303
2026-02-20,12396.958079719812,12581.197456714857,12326.398318317455,12510.6376953125,120589
2026-02-23,12573.35701261584,12736.036456426767,12503.777250503934,12716.4365234375,134369
2026-02-24,12712.516795970776,12749.756669409482,12641.957035771124,12700.7568359375,332450
2026-02-25,12701.73698425878,12799.736652372805,12608.637299550455,12780.13671875,201537
2026-02-26,12827.176289270841,12827.176289270841,12573.357154201613,12678.216796875,209041
2026-02-27,12637.05724595971,12639.017239328607,12387.158091425415,12423.41796875,272915
2026-03-02,12127.458574672675,12369.517747839878,12078.458742047735,12270.5380859375,237506
2026-03-04,11931.459107544319,12249.958015959259,11650.200071497893,11864.8193359375,394665
2026-03-05,11864.819819450378,12083.359079360962,11789.360074996948,12042.19921875,284992
2026-03-06,11916.760135980647,11963.799978622676,11709.000830978352,11747.220703125,296585
2026-03-09,11530.641059638117,11571.800920636315,11102.38250591877,11150.40234375,590742
2026-03-10,11373.841020585744,11523.7805067265,11300.34127247753,11420.880859375,460885
2026-03-11,11416.961051156812,11429.701007694584,11201.361786671447,11232.7216796875,231139
2026-03-12,11172.94256942409,11176.862556291708,10837.783692242876,10867.18359375,535730
2026-03-13,10779.963248280896,10779.963248280896,10361.50467491581,10403.64453125,723904
2026-03-16,10456.564813165882,10927.943226955273,10438.924872525115,10876.9833984375,728077
2026-03-17,10868.163639932023,10936.763410427537,10771.14396451694,10893.6435546875,332933
2026-03-18,10901.48287147406,11061.222327429676,10893.642898175625,11022.0224609375,211865
2026-03-19,10858.363698822128,10909.32352845559,10562.404688258564,10597.6845703125,283817
2026-03-20,10701.564225552176,10754.484048645567,10635.904445047414,10715.2841796875,365914
2026-03-23,10659.423875530032,10659.423875530032,10118.465708821142,10154.7255859375,644386
2026-03-24,10436.964945543305,10649.624231288177,10262.525531429997,10548.6845703125,369647
2026-03-25,10584.94415010822,11011.242706287932,10584.94415010822,10979.8828125,456437
2026-03-27,10950.482984355202,10950.482984355202,10750.563660137512,10827.9833984375,418469
2026-03-30,10765.263659151058,10770.163642609934,10473.224645002036,10530.064453125,632265
2026-04-01,10585.924279308907,10889.723254182612,10430.10480509949,10499.6845703125,431636
2026-04-02,10426.184389528895,10449.704309196975,10157.66530665166,10407.564453125,333524
2026-04-06,10398.744434262324,10756.44321086262,10329.164672238703,10735.86328125,374420
2026-04-07,10703.524186531296,10734.88408160262,10549.664701337613,10717.244140625,263658
2026-04-08,11171.962043086918,11540.440791174697,11121.98221289416,11370.9013671875,612764
2026-04-09,11196.462029564389,11330.721574251507,11162.162145885199,11219.001953125,330553
2026-04-10,11269.961935213349,11410.101461886,11246.442014652903,11357.181640625,420339
2026-04-13,11138.642325791167,11291.521808707183,11056.322604221006,11271.921875,220442
2026-04-15,11603.160558973272,11710.960192544813,11476.740988693917,11549.2607421875,274811
2026-04-16,11603.160382842889,11621.780319268059,11475.760817828566,11589.4404296875,308549
2026-04-17,11583.56045518362,11691.360087169254,11502.220732867187,11648.240234375,165109
2026-04-20,11730.559939811561,11820.719631913706,11579.640455205797,11678.6201171875,335624
2026-04-21,11563.960487789684,11823.659600439198,11563.960487789684,11798.1796875,320111
2026-04-22,11772.700205644376,11977.519513309378,11760.940245395666,11949.099609375,312307
2026-04-23,11862.859348834194,11968.698986147212,11697.239916372155,11923.619140625,227223
2026-04-24,11958.899316552759,12001.039173195533,11714.880146691115,11758.0,349586
2026-04-27,11904.999303314946,11995.158995108244,11631.580237985274,11769.759765625,567601
2026-04-28,12036.319562785606,12036.319562785606,11554.161182644708,11580.62109375,509322
2026-04-29,11632.560658618904,11818.76002889166,11580.620834279664,11596.30078125,361932
2026-04-30,11541.420571483768,11541.420571483768,11254.28155242588,11354.2412109375,719688
2026-05-01,11354.2412109375,11354.2412109375,11354.2412109375,11354.2412109375,0
2026-05-04,11436.561074773559,11562.0006478302,11358.161341613157,11522.80078125,461238
2026-05-05,11437.541166888923,11747.220115456905,11391.4813232728,11723.7001953125,350047
2026-05-06,11781.51984651503,11898.13944905498,11703.120113715062,11851.099609375,355092
2026-05-07,12024.559631096401,12029.459614646155,11877.56012460378,11903.0400390625,227651
2026-05-08,11848.159491860617,11867.759424849635,11639.42020552759,11710.9599609375,258727
2026-05-11,11564.940840689786,11698.220389400387,11537.500933602309,11628.640625,198930
2026-05-12,11628.640434538089,11628.640434538089,11272.901644909121,11285.6416015625,343980
2026-05-13,11269.962193116522,11418.921693408149,11202.342419957822,11341.501953125,453482
2026-05-14,11367.961399888813,11533.580837525124,11318.961566268601,11458.12109375,220410
2026-05-15,11451.261019165007,11495.360869046259,11233.701759750833,11257.2216796875,284388
2026-05-18,11218.021593426309,11366.98108344123,11027.902244328317,11329.7412109375,233668
2026-05-19,11309.161972271399,11324.841919546645,11120.02260826374,11140.6025390625,347784
2026-05-20,11073.96258744467,11201.362157034742,10986.74288210993,11180.7822265625,168245
2026-05-21,11254.281411710715,11286.621300824827,11145.501784690523,11244.4814453125,244967
2026-05-22,11300.342155963675,11416.961765412958,11280.74222160245,11337.58203125,340427
2026-05-25,11456.161524736695,11560.041175859202,11381.681774875276,11491.44140625,229618
2026-05-26,11456.160751614525,11513.98055352601,11348.361120932095,11390.5009765625,210716
2026-05-27,11407.161801426555,11514.961440443472,11368.941929411465,11455.181640625,243628
2026-05-28,11455.181640625,11455.181640625,11455.181640625,11455.181640625,0
2026-05-29,11367.961877830518,11543.381289566005,11111.202738865724,11252.322265625,1776975
2026-06-01,11276.821341750969,11338.561130099826,10986.74233617538,11007.322265625,497866
2026-06-02,10919.1231619808,10976.942966913206,10852.483386804468,10941.6630859375,413041
2026-06-03,10956.363098622873,11014.18290388394,10799.563626728448,10878.943359375,412934
2026-06-04,10838.763228039466,10926.96292881013,10741.743557191734,10777.0234375,541327
2026-06-05,10877.963006251719,10898.542936263546,10629.043852775329,10693.7236328125,424664
2026-06-08,10542.804574962367,10677.06412383482,10534.96460130558,10579.064453125,285585
2026-06-09,10594.744469278423,10763.303903994534,10556.524597453257,10692.744140625,257371
2026-06-10,10705.483360151504,10737.82324946723,10597.68372909908,10648.6435546875,470400
2026-06-11,10582.004363421918,10719.203901380713,10491.844667048996,10613.3642578125,236130
2026-06-12,10730.96360198626,10930.882923886278,10626.103957656349,10894.623046875,192524
2026-06-15,11017.122351715125,11333.66127002183,11017.122351715125,11236.6416015625,404414
2026-06-16,11255.262269314864,11280.742183899294,11140.602653684926,11163.142578125,234423
2026-06-17,11152.361929707422,11191.561795892685,11087.682150501736,11145.501953125,177587
2026-06-18,11162.162436604603,11230.762205749672,11010.262947783382,11201.3623046875,321556
2026-06-19,11084.742257174688,11246.441706598598,11073.962293879762,11139.6220703125,403613
2026-06-22,11143.541978655061,11189.601821500615,11088.662165902912,11173.921875,226862
2026-06-23,11130.802095424848,11194.501878503084,11040.642402452573,11080.822265625,324599
2026-06-24,11080.822710332595,11249.382143089048,11049.462815866278,11201.3623046875,233046
2026-06-25,11257.221647302584,11440.481022948581,11221.941767499076,11259.181640625,402451
2026-06-26,11259.181640625,11259.181640625,11259.181640625,11259.181640625,0
2026-06-29,11227.821783890922,11308.181510370721,11086.70226421908,11109.2421875,230886
2026-06-30,11090.622129584888,11149.421928805097,10994.582457525215,11027.90234375,331714
2026-07-01,11073.962317099118,11255.261700166671,11072.002323768658,11226.841796875,119013
2026-07-02,11300.342203888913,11336.602082610958,11214.10249233378,11305.2421875,137631
2026-07-03,11345.421462566243,11509.080906657853,11345.421462566243,11488.5009765625,157877
2026-07-06,11488.501004701167,11515.940911562178,11395.401320708452,11427.7412109375,158010
2026-07-07,11421.861425454304,11514.961111032868,11375.801581010173,11415.9814453125,152287
2026-07-08,11324.841670428521,11367.96152448692,11062.202559345547,11125.90234375,213785
2026-07-09,11130.802000682,11377.761157590952,11130.802000682,11293.4814453125,161622
2026-07-10,11352.281631585689,11490.461164566834,11352.281631585689,11476.7412109375,135130
2026-07-13,11367.961896929824,11406.181768824674,11304.262110438407,11339.5419921875,121301
2026-07-14,11232.722104597522,11312.101836797174,11127.862458358477,11266.0419921875,404659
2026-07-15,11273.881727798002,11617.860560070003,11273.881727798002,11575.720703125,379635
2026-07-16,11622.7607208659,11638.440667875499,11471.8412308985,11535.541015625,260149
2026-07-17,11534.56075506177,11565.920648363552,11429.701111833936,11492.4208984375,247044
2026-07-20,11532.6008398618,11760.94006451236,11418.921225872678,11664.900390625,456048
2026-07-21,11828.560157348169,11883.439972494109,11687.44063268718,11852.080078125,830840
2026-07-22,11839.33996289506,11928.519661316004,11618.840708557555,11655.1005859375,283753
2026-07-23,11557.101160000106,11728.60058364125,11524.761268684919,11669.80078125,415137
2026-07-24,11514.961331554428,11660.980841205628,11456.16152901032,11609.041015625,229015
2026-07-27,11666.860741168279,11759.960427889066,11516.921245712692,11643.3408203125,250956
2026-07-28,11656.080051987496,11807.979531393756,11585.520293811685,11716.83984375,406573
2026-07-29,11808.959826637774,11848.159693282214,11740.360060010002,11758.0,282068
2026-07-30,11800.0,11861.0,11730.0,11847.0,291418
2026-07-31,11850.0,12009.0,11799.0,11903.0,390471
2026-08-03,11940.0,12054.0,11905.0,12054.0,159579
2026-08-04,11920.0,12050.0,11905.0,12050.0,126569
2026-08-05,12049.0,12239.0,11970.0,12190.0,215254
2026-08-06,12190.0,12204.0,12011.0,12075.0,208304
2026-08-07,12051.0,12105.0,11970.0,12105.0,171352
2026-08-10,12040.0,12124.0,11921.0,12038.0,138801
2026-08-11,12036.0,12061.0,11720.0,11780.0,184916
2026-08-12,11790.0,11891.0,11650.0,11891.0,328113
2026-08-13,11875.0,11905.0,11570.0,11706.0,309798
2026-08-14,11657.0,11698.0,11587.0,11619.0,198920
2026-08-17,11610.0,11709.0,11541.0,11681.0,194270
2026-08-18,11626.0,11674.0,11499.0,11499.0,210406
2026-08-19,11499.0,11499.0,11396.0,11450.0,251888
2026-08-20,11500.0,11643.0,11422.0,11575.0,209955
2026-08-21,11549.0,11620.0,11526.0,11570.0,133753
2026-08-24,11566.0,11606.0,11484.0,11504.0,297744
2026-08-25,11505.0,11554.0,11445.0,11540.0,225470
2026-08-26,11580.0,11820.0,11580.0,11717.0,207929
2026-08-27,11674.0,11815.0,11674.0,11717.0,319993
2026-08-28,11705.0,11746.0,11523.0,11589.0,235738
2026-08-31,11550.0,11560.0,11415.0,11450.0,381057
2026-09-01,11450.0,11550.0,11390.0,11400.0,168152
2026-09-02,11350.0,11398.0,11180.0,11393.0,228820
2026-09-03,11450.0,11450.0,11275.0,11275.0,247711
2026-09-04,11357.0,11434.0,11292.0,11408.0,280870
2026-09-07,11370.0,11370.0,11175.0,11175.0,214788
2026-09-08,11175.0,11215.0,10995.0,11009.0,338272
2026-09-09,10975.0,10998.0,10860.0,10900.0,325637
2026-09-10,10896.0,10979.0,10858.0,10979.0,270894
2026-09-11,10859.0,11060.0,10790.0,11000.0,223277
2026-09-14,11000.0,11000.0,11000.0,11000.0,0
2026-09-15,11045.0,11045.0,10697.0,10697.0,335172
2026-09-16,10777.0,10880.0,10639.0,10700.0,236781
2026-09-17,10740.0,10841.0,10703.0,10764.0,180788
2026-09-18,10890.0,11060.0,10819.0,11014.0,458848
2026-09-21,11014.0,11146.0,10983.0,11100.0,152231
2026-09-22,11100.0,11142.0,11000.0,11000.0,320797
2026-09-23,11050.0,11198.0,11044.0,11155.0,218031
2026-09-24,11098.0,11192.0,11056.0,11056.0,304695
2026-09-25,11100.0,11184.0,11027.0,11155.0,191155
2026-09-28,11155.0,11155.0,10978.0,11025.0,331811
2026-09-29,11010.0,11027.0,10826.0,10829.0,514924
2026-09-30,10829.0,10971.0,10800.0,10956.0,257558
2026-10-01,10810.0,10879.0,10612.0,10710.0,570684
